#key	synopsis
007 - The World Is Not Enough (USA)	The World Is Not Enough is a first-person shooter video game developed by Eurocom and based on the 1999 James Bond film of the same name. It was published by Electronic Arts and released for the Nintendo 64 on October 17, 2000, shortly before the release of its PlayStation counterpart. The game features a single-player campaign in which players assume the role of MI6 agent James Bond as he fights to stop a terrorist from triggering a nuclear meltdown in the waters of Istanbul. It includes a split-screen multiplayer mode where up to four players can compete in different types of deathmatch and objective-based games.
1080 Snowboarding (Japan, USA) (En,Ja)	1080° Snowboarding is a snowboard racing game. The player will find 6 downhill slopes and a half-pipe as courses, several characters to choose from, and be able to perform more than 25 tricks. After choosing a character and a board among the available eight, the player can compete in a variety of events: Match Race: Race head-to-head against a computer controlled opponent. Time Attack: Try to beat the best time down a slope. Trick Attack: Try to get the best trick score on a slope. Contest: Race for the best time down a slalom route. 2P Vs.: Race against a friend. Practice: Practice tricks in a half-pipe or jump slope.
40 Winks (USA) (Piko Interactive)	40 Winks is a game in which you play as Ruff or Tumble, two children who must battle ghosts, goblins and other monsters in their dream-world. They must try to capture 40 winks scattered around the world in order to stop an evil old man named Nitekap. Nitekap wants to turn the winks into hood-winks, the things responsible for nightmares. You also have to find the 12 dream keys to unlock the boss level. A unique aspect of the game allows the players to temporarily morph into different costumes with special abilities. The costumes include a Prehistoric Man, Jester, Super Hero, and Ninja.
64 de Hakken!! Tamagotchi - Minna de Tamagotchi World (Japan)	Tamagotchi 64: Minna de Tamagotchi World is a Nintendo 64 game released only in Japan in 1997. It is a virtual board game based on the tamagotchi toy.
64 Hanafuda - Tenshi no Yakusoku (Japan)	64 Hanafuda: Tenshi no Yakusoku (translates to &quot;64 Hanafuda: Promise of an Angel&quot;) is a card game for the Nintendo 64. It was released in 1999 only in Japan.
64 Oozumou (Japan)	64 Ōzumō is a sumo wrestling game. As in the original sport, the goal of the relatively short matches (measured in seconds) is to push your opponent out of the ring. The game uses 3D zones, the analog stick for movement, and C-button combinations for moves. Besides exhibition matches and various tournaments, there's also a career mode that offers decisions and mini-games between matches that influence your sumo wrestler's stats, such as diet choices or fishing. The game has a comedic style, and some of the eight zones feature unusual locations like the Moon or Egypt.
64 Oozumou 2 (Japan)	64 Ōzumō 2 is the sequel to the original 64 Ōzumō, bringing back the exciting world of traditional Japanese sumo wrestling to gaming enthusiasts. Players once again take control of their choice of a sumo wrestler and compete against others in a variety of matches, including one-on-one matches, tag team matches, and battle royales. Players must use their skills and strategic thinking to push their opponents out of the ring or make them touch the ground with any body part other than their feet.
64 Trump Collection - Alice no Wakuwaku Trump World (Japan)	64 Trump Collection: Alice no Waku Waku Trump World is a unique card game that takes players on a journey through a whimsical and colorful world inspired by Lewis Carroll's classic novel, Alice in Wonderland. Players use a set of cards to play various games against the computer or other players. The game features over 30 different card games, each with its own set of rules and challenges. These games include traditional card games like Poker and Blackjack, as well as unique and creative games that are exclusive to this title. The game includes various modes such as Story, Free Play, and Training, each with its own unique challenges and objectives. In Story mode, players take on the role of Alice as she navigates her way through the magical world of Wonderland, playing card games with various characters she meets along the way. In Free Play mode, players can play any of the available card games against any opponent of their choice. The Training mode allows players to practice their skills and learn the game's rules and mechanics.
AeroFighters Assault (USA)	In AeroFighters Assault a terrorist organisation named Phutta Morgana has melted the Antarctic and is using the water to flood Earth's cities. The player takes part in the Project Blue unit which has to stop these terrorist acts. Regarding gameplay, the game is a mix between a regular shooter like Star Fox 64 and a simulation like Pilotwings 64: the player observes the action from behind the aircraft and uses the analog stick to dodge and the other buttons to shoot enemies. Each of the eight planes (six regular and two bonus) features four different weapons: two have unlimited ammo, air mines and the special weapon are restricted to respectively ten and two uses per round. Before every of the eight regular and four bonus missions the player can choose between one of four characters and his aircraft (the other ones become his wingmen).
AeroGauge (USA)	In the tradition of F-Zero and Wipeout, AeroGauge is a sci-fi racer that pits you and a friend in a fast-paced race to the finish through futuristic tracks, riding and competing with crafts that act more like planes than racing machines as they skim many metres above the ground. Play solo through the grand prix, or beat down your best times in the time trial mode. Each track features a number of twists and turns, whether it be racing upside down or vertically, with a number of obstacles in your path. There's no weapons, though, it's just you and the open road ahead.
AI Shougi 3 (Japan)	Shogi, also known as Japanese Chess, is a two-player game that is played on a 9x9 board. In AI Shogi 3, players can challenge the computer or play against a friend in a game of Shogi. The game features several modes, including Practice, Free Play, and Tournament modes. In Practice mode, players can hone their skills by playing against the computer at various difficulty levels. In Free Play mode, players can choose their opponent and play a casual game of Shogi. The Tournament mode allows players to compete in a series of matches against the computer to become the Shogi champion. AI Shogi 3 includes a variety of game features, such as multiple move options, capturing pieces, and promoting pawns to powerful pieces, allowing players to execute various strategies and tactics to outsmart their opponents. The game also features an extensive library of tutorials and guides that help players learn the game's rules and strategies.
Aidyn Chronicles - The First Mage (USA)	Aidyn Chronicles: The First Mage follows the story of Alaron, poisoned by mysterious goblins while out on patrol in the grounds of King Loyd's kingdom. Without an ordinary cure for his illness, Alaron must set out on a journey with a selection of companions in search of the antidote. Little does Alaron know that the journey is even more dangerous then firstly thought, with a mysterious evil force brewing in the distance.
Airboarder 64 (Europe)	Air Boarder 64 is a futuristic racing game for the Nintendo 64. It is very similar to the Tony Hawk's Pro Skater series, although the game features hover boards instead of the usual skateboards. Various game modes are available in which you either have to win the race challenges or get a high score by performing different tricks.
All Star Tennis 99 (USA)	Play as 8 world class ATP / WTA tour players (including Mark Philippoussis, Richard Krajicek, Conchita Martinez & Jana Novotna) as well as 4 fictional players through a range of tournaments on grass, clay, hard court and rebound ace surfaces. Lob, volley, smash and serve past computer controlled players in singles or doubles, 4 player multiplayer doubles, and 8 player multiplayer singles and doubles tournaments.
All-Star Baseball 2000 (USA)	Second in the All-Star Baseball series includes a wide range of improvements and new features over ASB '99. * Motion captured technology allows for a realistic representation of player movements, swings, throws and catches. * Improved roster management includes the ability to sign players from the minor league, as well as create new players with new stats to create. * Play a 162 game inter-league season or the complete 1999 MLB scheduled season And all 30 teams and their respective players, home stadiums, home and away jerseys and true to life player faces, sizes and play styles.
All-Star Baseball 2001 (USA)	The last All-Star Baseball on the N64 once again includes some new features as well as improvements to previous play modes and options. For 2001, a new team is included, The Coopertown Legends, featuring a selection of some of the finest players to every grace the MLB, including Yogi Berra, Willie Stargell and Reggie Jackson. Along with the legends team, you can choose from every player, team and stadium in the 2000 MLB season. Each player includes realistic facial expressions and looks, plus motion captured player movements, batting stances and reactions to key events during play.
All-Star Baseball 99 (USA)	All-Star Baseball is a baseball video game series developed and published by Acclaim Entertainment. The series began in 1998 with the release of All-Star Baseball '99. All 30 Major League Baseball teams feature in the first All-Star Baseball title. Game modes include Training, Season, Playoff, World Series, plus an All-Star Match, Home Run Derby and MLB trivia. 100 different batting styles are featured, as well as motions such as sliding catches, base collisions, kneeling throws and broken bats. It's also possible to sign up and trade players from all around the league and creating your own team from the entire 700-player roster. And if a player fitting your demands doesn't exist, you can use the Create a Player mode for further versatility.
Armorines - Project S.W.A.R.M. (USA)	Simply put, you have two Armorines to play as, each with their own selection of weapons. You must fight to the death against bugs of all sizes, as you attempt to destroy the enemies chance of eliminating human civilization as we know it (in the not to distant future, of course). This game uses the Turok 2 engine, and has similar themes and elements to the movie Starship Troopers.
Army Men - Air Combat (USA)	Choosing a chopper among the Huey, Chinook, Super Stallion, or Apache, the player will have to rescue or provide air support to fellow Army Men, while shooting down anything that moves (including enemy helicopters and troops, as well as hordes of insects) across 16 different missions.
Army Men - Sarge's Heroes (USA)	In Army Men: Sarge's Heroes you play as Sarge, the protagonist from many of the Army Men games. Tan Army is invading the Green Army base; Sarge rescues Colonel Grimm and they evacuate the base in a helicopter. Sarge discovers portals that lead from the &quot;plastic world&quot; to the &quot;real world&quot; and that the Tan Army is trying to acquire &quot;Weapons of Mass Destruction&quot; from the &quot;real world&quot; , for example toys and ordinary objects like magnifying glass. To avoid the destruction of the Green Army, Sarge has to rescue commandos of his own unit, Bravo Company, to destroy vehicles & portals and finally stop the evil general Plastro.
Army Men - Sarge's Heroes 2 (USA)	Sarge's Heroes 2 starts where Sarge's Heroes left off. It is announced that the capture of Field Marshal Tannenberg will end the war. Since General Plastro has disappeared, it is suggested that he has become a victim of plastrification and been trapped in the real world. The game introduces Bridgette Bleu, a spy for the Blue Nation. She has developed a serum that reverses plastrification. Your job as Sarge and sometimes Vikki is to destroy the serum, eliminate Tan soldiers, and capture Plastro and Tannenburg.
Asteroids Hyper 64 (USA)	An updated version of the classic arcade blast 'em up features full 3D environments, all new weapons and defense systems and a 2 player split-screen mode. The gameplay, however, is exactly the same. Pilot a spacecraft and destroy the on-coming asteroids, each of different sizes. Alien ships and black holes are also out there, along with ship upgrades that update your ships weapons and defense systems.
Automobili Lamborghini (USA)	Automobili Lamborghini is one of the earlier racing games for the Nintendo 64, developed by Titus. 8 cars are included in this game, among them the Lamborghini Diablo, Porsche 959, Ferrari F50 and some hidden ones. The courses are quite detailed and the effects are decent, including special effects like lens flares. Races take you through six circuits in exotic areas around the world. There are 4 modes in Single Player including Arcade Mode, Championship Mode, Single Race and Time Trials. The game also includes 4 player support.
Bakuretsu Muteki Bangaioh (Japan)	Ever wanted to just unleash the ultimate weapon? Blow up 500 enemies at once? Cause the ultimate amount of mayhem ever? In true Treasure fashion...you just got that power! As the pilots of the Bangaioh mech, you've got to stop a mad group from taking over the world by giving them a little dose of insane destruction. Wanna just be crazy and let them kill you? Go ahead...just hit that trigger before it happens... The Nintendo 64 version was only released in Japan. The Dreamcast version exists in the U.S. and Europe.
Bakushou Jinsei 64 - Mezase! Resort Ou (Japan)	Bakushō Jinsei 64: Mezase! Resort Ō is a board game based on the Japanese board game Jinsei Game. It is an adaption of the Western Game of Life, but the game has more similarities to Monopoly. It is primarily aimed at multiple players and focuses on the financial success of the participants. After choosing one of the playing boards, the players throw their dices in turns. Then the player moves forward on the board by a distance depending on the result of the dice throw. Each field represents a business or lot which can be bought if the player has enough money at hand. If another player lands on the same field, a rent has to be payed up. This all influences the stock value of the player's company.
Banjo-Kazooie (USA)	Banjo-Kazooie's fairy tale back story is reminiscent of Snow White's. A gnarled, ugly witch named Gruntilda asks her magical cauldron who is the fairest of them all. Of course, the pot's answer doesn't please the hag-- he singles out Banjo's sister, Tooty. When Tooty turns up missing, Banjo and his birdie buddy Kazooie set out to find her. The worlds in Banjo-Kazooie are gigantic, and chock full of crazy items to collect. Musical Notes, Puzzle Pieces (&quot;Jiggies&quot;), Mumbo Tokens, and Jinjoes are just some of the swag that Banjo must stuff in his backpack to complete his adventure. While some of the necessary items are simply stashed off the beaten path, others will require puzzle solving skills to turn up.
Banjo-Tooie (USA)	After two years under the rock, Gruntilda is finally set free from her death bed by her two sisters. As nothing but a skeleton, Grunty and her sisters plan a way of curing her looks by sucking the life out of the land so as to restore her body to its old self. On hearing this news, our two champs Banjo and Kazooie with the aid of Mumbo set out to stop the evil plan and seek revenge for the passing away of Bottles the mole. In this sequel to Banjo-Kazooie, you can play as the two main characters (as well as Mumbo) just like before, although they can now separate, helping them get to even harder areas of the land. You must collect jiggies to open new areas (much like the original) as well as learn 40 new moves to help you get along. And much like another Rareware title, Donkey Kong 64, you can play four-player minigames that range from first-person shooters, bumper cars, battle for points, etc..
Bass Rush - ECOGEAR PowerWorm Championship (Japan)	Bass Rush: ECOGEAR Powerworm Championship is a fishing game that allows players to compete in a thrilling fishing tournament. Players can choose their character from a diverse group of experienced fishermen and head out to various fishing locations to compete against other fishermen. The game features a variety of fishing modes, including Tournament, Practice, and Time Attack. In Tournament mode, players compete against other fishermen to catch the biggest fish and win the championship. Practice mode allows players to hone their fishing skills, while Time Attack mode challenges players to catch as many fish as possible within a set time limit. The game features a range of fishing equipment and lures, including the ECOGEAR Powerworm, a special lure designed to attract large bass. Players can choose the right bait, rod, and line for each fishing location to maximize their chances of catching big fish.
Bassmasters 2000 (USA)	BassMasters 2000 is a fishing simulation game which counts a total of 4 modes and has a wide variety of customizable options. You can create and save up to 7 anglers through the “Create Angler” option and customize stats such as sex, hair, face, clothes, etc. Other customizable options include “Lake Conditions” (lake location, season, weather, time, etc.), “Boat” (boat model, engine, etc.) and “Tackle” (rod/reel, line, lure, etc.). These are the following modes: 1. Exhibition 2. Tournament 3. Speed Fishing 4. Casting Game
Batman Beyond - Return of the Joker (USA)	Based off the movie, Batman Beyond puts the player on the streets of Gotham (Beyond) to take out the ever-grinning Joker, but before that an obvious long line of his evil minions - some of which are genetically engineered. Scroll around, punch, kick, play with bat-weapons, and avoid being on the receiving end of those attacks. There are multiple 'bat suits' that you can choose from, each with their own special abilities and purposes. Mostly a 3-D beat-the-living-sunshine-out-of-whatever-moves type.
BattleTanx (USA)	Mission based tank shooter game set in the post-apocalyptic future; fight through single-player campaign levels based in U.S. cities against multitudes of gangs with their own tanks and heavy firepower. The game has a large multiplayer component, allowing up to 4 players at once, with or without teams, AI opponents, and in several gameplay styles, including a standard deathmatch and a capture-the-flag style game.
BattleTanx - Global Assault (USA)	The year is 2006. The world has become a post-apocalyptic wasteland. While Griffin and Madison struggle to rebuild society, they realize their young son possesses telekinetic powers that are the key to the future. But the evil QueenLord, Cassandra, plans to use the boy's powers for her own wicked scheme. With only armored tanks at your command, you must defeat the QueenLord and the sinister gangs under her control. Combat will lead you to foreign soil, where it's all-out global warfare!
Battlezone - Rise of the Black Dogs (USA)	Exploit secret alien technology as you beat the Americans and Soviets at their own game in this action-packed, cold war thriller! Battlezone: Rise of the Black Dogs features advanced space-based tank combat, sniper capability and death-match intensity. With three modes of play, Battlezone gives you the power to define your combat experience - the only remaining question is how long you'll be around to use it.
Beetle Adventure Racing! (USA) (En,Fr,De)	Take control of a collection of the latest Volkswagen Beetle &quot;2.0&quot; models (from street type to off-road designs) and race across varying road types that will test your speed and endurance (each track taking up to 4 minutes to complete from one end to another). Find shortcuts or use nitro boosts to get to the end first in order to move on to the next track. If the computer AI is to easy for you, battle against a friend in two player race mode. Up to 4 people can also play a special Battle Mode challenge, with added abilities including weapons (from mines and rockets to magical elements) while collecting the flag and finding the exit.
Big Mountain 2000 (USA)	Big Mountain 2000 is a sports game where you can choose to race with either a snowboard or a pair of skis. There are six characters (plus three unlockable) to choose from, each with different skills and three modes in total —two of them are single-player and the other one is a multiplayer one.* Championship: in Championship you can select one of the available players and choose the style you want —ski or snowboard. You can also change each player's equipment which includes ski/snowboard and clothes. The game also lets you choose in which stage you want to compete and the race type you want to play. Race Type includes three options —Free Ride, Slalom and Giant Slalom. In Free Ride you compete against 3 CPU-controlled players, you must finish first and before time, which is increased at every checkpoint, runs out. In Slalom and Giant Slalom you must pass through the flags that are scattered throughout the course and again like in Free Ride finish first. The differences between Slalom and Giant Slalom are the latter's course being wider and presenting less flags. By successfully completing any of the above your character's skills — like cornering, acceleration, etc. — are increased.
Bio F.R.E.A.K.S. (USA)	The future is now... America and her government are in ruins after the Techno-Industrial civil wars. Technology has spiraled out of control, spawning a new breed of citizens: the BIOF.R.E.A.K.S. Choose from 8 F.R.E.A.K.S. Each is armed for battle with his or her own arsenal, including pulse lasers, grenade launchers, stun guns, swords and machine guns. Battle in three story, multi-tiered arenas! Watch out for hazards such as lava pits, meat grinders and spinning blades.
Blast Corps (USA)	Blast Corps is a mix of an action and a puzzle game where destruction is key. At the start of each level the player is given a certain vehicle (ranging from robotic suits, trucks, or bulldozers), and are told to clear the path for the Carrier. Players need to use their heavy-duty equipment to destroy any buildings, structures, or monuments that stand in the path of the Carrier. The difficulty increases as progress is made, though. Smaller vehicles don't affect certain buildings, and sometimes its not even a building that's in the way. The player must use the resources around them to clear the path. Players may need a train flatbed to fill a gap, or a crane to move boxes out of the way. The Carrier is always moving, so once the player is done destroying one obstruction, they must get to the next one quickly. While players pursue their mission they must also find six scientists scattered throughout the globe to form a think-tank to solve the problem. The Carrier has to leave Earth, and it's your job to ensure that it does!
Blues Brothers 2000 (USA)	This platformer with a Blues Brothers theme loosely follows the plot of the film. You have to escape the prison and get the band back together in order to participate to the &quot;Battle of the Bands&quot; competition. You accomplish that by jumping over obstacles, beating a lot of people and collecting coins, notes, wrenches, keys and whatnot in four levels; Prison, Chicago, Graveyard & Swamp. After each level you will free one new band member. Additionally, they throw in some rhythm action, where you have to press the right buttons at the right time in order to proceed. The game features multiplayer, but you only get to play the rhythm mini-game.
Body Harvest (USA)	In 2050 AD, the earth has been taken over by horrible aliens, who long ago planted the humans there to later devour, and the last remains of humanity are working on a desperate plan - to send a genetically engineered soldier back into the past, and help hold back the invasion. But, as the final preparations for this Alpha Command operation are underway, alarms light up in the orbital control-station where the last humans hide - the aliens are back for dinner... You have to explore the world, through ancient ruins and deserted lands, find hidden secrets, drive all kinds of vehicles and stand against the alien invasion to save the earth.
Bomberman 64 (Japan)	Bomberman 64 Arcade Edition is based more on the SNES Bomberman titles, and is fully 2D without any 3D graphics. The main &quot;Bomberman Mode&quot; features standard Bomberman gameplay, but also features multiple exits per room, and thus branching paths. Multiplayer also features &quot;Tandem Mode&quot;, where two players work together. Up to four players can play multi-player mode.
Bomberman 64 (USA)	The evil Altair is using the Omni Cube to drain the energy from Planet Bomber. With the aid of a mysterious helper, you must defeat Altair, and restore peace to Planet Bomber. In the Adventure mode, guide Bomberman through twenty-four areas of perilous conflict. Battle Altair's sinister allies, destroy their bases, and put an end to the insane attack. The multi-player Battle mode offers endless explosive action!
Bomberman 64 - The Second Attack! (USA)	While taking a well earned break from bombing, Bomberman finds himself being sucked into a black hole, created by Rukifellth's gravity generators. It seems the evildoer uses the gravity generators to enslave planets, while hoping to find one of seven powerful stones by which he plans to rule the planet with. Combining puzzle solving with the classic Bomberman bomb-and-run gameplay, the game gives you control on Bomberman with the mission of destroying the gravity generators ending Rukifellth's plans.
Bomberman Hero (USA)	This is another game in Bomberman series. Now you have to prevent the demolishing of Planet Bomber by evil Nitros and to acquire a computer disk from robot Pibot. As always you have to place the bomb in right location to destroy enemies, breaking walls, etc. Here are the five different planets, 71 levels, 20 useful items, several special vehicles and your bombs.
Bottom of the 9th (USA)	Play Exhibition and Season modes as your favorite team from the Major League Baseball. 300 real life players, complete with a full list of stats, are included for this combination of simulation and arcade style baseball. Along with the usual assortment of playing options, you can also play some scenario simulations, where each scenario is based on a real life occurence in the MLB. For example, hit a home run with the last ball of the match, or stop a team from scoring in the final inning to complete each scenario. Traning and support for 2 player multi-player are also available.
Brunswick Circuit Pro Bowling (USA)	Choose from one of the 13 genuine tournament bowlers and go to work! With real lanes, real player animations, real lane conditions and changes, real bowling balls (genuine Brunswick!) and more! Full 3D environment brings the game to life, and all the tournament rules are available, even the Brunswick &quot;Skins&quot; game.
Buck Bumble (USA)	A chemical spill somewhere in rural England has mutated an army of bees into killer, deadly insects. Led by their queen, they are out to destroy everything living thing on the planet, including all insects that dare stop them. Only Buck Bumble, the only bee not to be turned evil by the ways of the queen, can save the world, and his fellow insects, from total destruction. Using Buck's weapons, you must shoot down the many swarms of enemy bees, while staying above ground avoiding the hazards bellow. At times you may have to land on the ground and attack on foot, while certain enemies can only be destroyed by certain weapons. Also included is a handful of two-player split-screen modes, including Buzz Ball, a unique soccer style game where each player controls a Bee while attempting to kick the slightly larger ball into the others goal.
Bug's Life, A (USA)	Based on the Disney/Pixar 3D animated film, you must guide Flik as he sets out to find a group of warrior insects to help his colony of ants to fight off the hungry grasshoppers. Travel through the 3D insect world, using the many elements of nature to fight the enemy, to get to the end of each stage, in turn saving fellow ants and knocking the grasshoppers quest for ant domination on the head.
Bust-A-Move '99 (USA)	Play against the clock, the computer AI, or your friends, as you attempt to clear the playing field of all the coloured bubbles. Simply put, aim your bubble shooter at the bubbles above, and with three or more of the same colour connected, the bubbles will pop. Along with a conversion of the arcade hit Bust-A-Move 3, '99 also includes Challenge mode (which rates your performance after each round), Contest mode (win as many rounds in a row as possible) and Edit mode, where you can create your own Bust-A-Move puzzles. And of course, 2 and 4 player (N64 only) modes are included to challenge your friends.
Bust-A-Move 2 - Arcade Edition (USA)	Bub and Bob are back with some bubble-bursting puzzle action! Like Tetris in reverse, you shoot bubbles at an array of different-colored bubbles stuck in an ever descending ceiling, that you have to match up three by three to make them disappear. This edition contains both puzzle challenges, multiplayer and normal stage by stage progression.
California Speed (USA)	California Speed has you racing through, of course, California, with a range of different and unique tracks based on the real life maps of the US state, with short-cuts and branching elements adding elements of strategy when racing to the finish line. Cars include the usual collection of fast cars, as well as F1 racers and golf-carts, and you can customize your car's paint job to suit your style. Split screen two player racing is supported.
Carmageddon 64 (USA)	In Carmageddon, the player races a vehicle against a number of other computer controlled competitors in various settings, including city, mine and industrial areas. The player has a certain amount of time to complete each race, but more time may be gained by collecting bonuses, damaging the competitors' cars or by running over pedestrians.
Carnivale - Cenzo's Adventure (USA) (Proto) (2000-07-21)	In Carnivalé for Nintendo 64, you must escape the grasp of a wicked group of carnival masters! The masters of Carnivale have captured an unfortunate group of kids and are holding them in separate areas of the park. Playing as each of the five kids (at different points), you'll challenge the wicked masters to a duel for your freedom. The duels come in the form of races through each of the bizarre sections of the Carnivale, which you must win in order to gain your freedom. Each of the five events takes the form of a top-down race through brightly colored and spooky locations filled with traps and other obstacles. You can also hook up with a friend for head-to-head racing through the strange park. Can you win your freedom from this terrifying carnival of evil?
Castlevania (USA)	Konami's long-running series of Castlevania games makes its debut on the N64. The traditional 2D graphics have been left behind; this is the first Castlevania game in 3D. However, the goal of the game remains the same: kick some vampire butt as you battle the evil Count Dracula and his minions in this platformer. The player can either choose to be Reinhardt Schneider (for the traditional whip action) or Carrie Fernandez (who uses magical powers). Both characters have their own story line. A nice feature is the presence of an in-game clock which changes the time of the day (either day or night). Reinhardt & Carrie both appear again in the second Castlevania game for the N64: Castlevania: Legacy of Darkness, which has new layouts for the levels of this game.
Castlevania - Legacy of Darkness (USA)	Set in the year 1844, the game stars the man-beast Cornell in his quest to prevent his adoptive sister, Ada, from being used as a sacrifice to resurrect Dracula. The game opens as Cornell arrives at his village, which has been burned to the ground by Dracula's minions. He finds Ada's pendant in a doorway and follows her scent to Dracula's castle. During the course of the game, Cornell comes upon a grand estate owned by the Oldrey family: J.A. Oldrey, the master of the Villa, Mary, his wife, and Henry, their son. Gilles de Rais and Actrise have turned Oldrey Senior into a vampire. At Mary's request, Cornell guides Henry to safety. Later in life, Henry returns to Castlevania to save kidnapped children.
Centre Court Tennis (Europe)	Centre Court Tennis is a tennis game that does not take itself too seriously. After creating your Lego-like character, you are set to go! The basic game features a multiplayer mode (up to 4 players), a tournament mode and an exhibition mode. You also have four mini-games, &quot;Tennis Court Bingo&quot;, &quot;Burning Barrels&quot;, &quot;Run and Gun&quot; & Knock'em Down&quot;, where your goal is to hit certain objects in the tennis field. You can win special prices for getting enough points. Additionally, you have a special challenge mode where you have to play against your opponent in odd conditions - your tennis field might be rotating, made from ice or about to explode, to name a few. Beat your foe and you will be rewarded with a piece clothing or item of your choosing from your opponent's dressing room. Lose and you lose an item that your opponent picked. Keep on losing and you have to play your games wearing nothing but your underwear, which makes the game like a sort of family-friendly strip tennis.
Chameleon Twist (USA)	Davy the chameleon is minding his own business, when a rabbit catches his eye. Following the rabbit into its hole, he soon finds himself transformed into a super, alien chameleon, with an extra long tongue. Stuck in an unknown world, he must use his new strength to find his way out back to his home. Using the analog stick, you can control Davy's tongue to catch enemies and throw them back as bullets, grab onto to distant poles and ledges for a quick way through the land, or perform tricks like tongue-pole vault, in which he can reach even higher distances by using his tongue as a pole vault.
Chameleon Twist 2 (USA)	After finding his way back home from his first adventure, Davy decides to relax with his friends. However, while playing on the see-saw, a huge rabbit falls from the sky, sending Davy head long into the sky. So once again, using his long tounge to attack enemies and grab onto distant ledges, Davy must find his way home from the land in the sky. For the second adventure, you can now choose from 4 different Chameleon's, Davy and friends Linda, Fred and Jack. And as well as using his tongue, Davy can also use a parasol to float across large gaps.
Charlie Blast's Territory (USA)	Charlie Blast is a construction worker, but quite different than his more famous colleague. Charlie has a convincing beer belly, he has trouble keeping his jeans up (yup, you will get a nice view of his crack quite frequently) and his chest hair makes David Hasselhoff feel ashamed about himself. He is not trying to save a princess either; his mission is to blow islands up with TNT! With 3D graphics and some platform elements, Charlie Blast's Territory, a remake of Kablooey, is a modernization of one of the classic puzzle genres where your goal is to push crates into the correct spots. Every level is an island. On every island you have at least one bomb and one TNT box. Your goal is to push all of them next to each others and then blow everything up in a huge chain reaction. When you do, you advance a level. You cannot pull the crates but you can climb over them.
Chopper Attack (USA)	In Chopper Attack, you take a chopper and.. well.. attack! You get to choose between eight different attack choppers, each having its own strengths and weaknesses. After the briefing from your XO, you are set to destroy something - tanks, other helicopters, planes, radars, buildings etc. While the mission only requires you to do something specific, destroying everything gives you bonuses and money, which you can then use to buy more heavy-duty missiles between the missions.
Choro Q 64 2 - Hacha Mecha Grand Prix Race (Japan)	As the title suggests, the game features the popular Choro Q toy cars in a fast-paced, action-packed racing experience. Players can choose from a wide range of Choro Q cars, each with their unique characteristics and abilities. The game offers various modes of play, including Grand Prix mode, Time Attack mode, and VS mode, where players can compete against each other. In Grand Prix mode, players compete in a series of races, with each race taking place in a different location and featuring different challenges and obstacles. The races range from simple laps around a track to more complex courses that require players to navigate through obstacles and hazards. Time Attack mode challenges players to complete a set course as quickly as possible, with the best times recorded on a leaderboard. VS mode allows two players to race against each other on split-screen, adding an extra level of excitement and competition.
Chou Kuukan Nighter Pro Yakyuu King (Japan)	Chou Kuukan Nighter Pro Yakyuu King is a baseball game featuring teams from the Japanese professional league, as well as two game modes: Exhibition and Season. The Season mode involves playing an entire season with a team, allowing for player transfers. Each player has unique stats that can be improved.
Chou Kuukan Nighter Pro Yakyuu King 2 (Japan)	Chōkūkan Night: Pro Yakyū King 2 is a baseball simulation game with anime graphics. As the title suggests, the game is the second installment in the Pro Yakyū King series and offers an immersive and realistic baseball experience. Players can choose from a wide range of real-life baseball teams, including all 12 teams from the Japan Professional Baseball League. The game features a variety of modes, including Exhibition mode, League mode, and Tournament mode, allowing players to experience the game in different ways. In Exhibition mode, players can play a single game against a computer opponent or another player. League mode allows players to compete in a full season of games, with the ultimate goal of winning the championship. Tournament mode offers a variety of tournaments and challenges for players to participate in, with various rewards and prizes for successful players.
Clay Fighter - Sculptor's Cut (USA)	Get ready to crumble... with this special edition of the world's funniest fighting game! This &quot;director's cut&quot; contains many extras added to the original Clay Fighter 63 1/3 game. You might lose lives, you might lose limbs, but don't lose your sense of humor! 12 eccentric fighters plus 4 additional clay combatants only found in this version. More snide remarks and barbed wit will have you crying from laughing so hard! Original characters get additional attacks for an all-new experience. Enhanced camera angle stays put to see more details in the environment and improve fight control!
Clay Fighter 63 1-3 (USA)	In this zany beat 'em up, clay animated fighters clash in a fight to the clay death. Characters such as Bad Mr. Frosty (a snowman gone terribly bad), Blob (a green pile of slime), Bonker the nightmare clown and a host more are available to choose from, each with a range of moves that no clay animated character has ever attempted before (such as throwing chickens, clay, and plenty of other objects, including themselves).
Command & Conquer (USA)	Command & Conquer developed ideas from Westwood's previous Dune 2, forming a real time strategy game which has influenced many. The control system of selecting units with the mouse and then directing them is similar to future titles such as Total Annihilation. The game focuses on a war between two organizations, The Brotherhood of Nod and the Global Defense Initiative. You can take control of either side for more than 15 missions. Both have different units and structures, including artillery, tanks and light infantry. In most missions you have to build a base first to build new units and structures. Most important are the special harvesters, which collect Tiberium and deliver it to a refinery, where it's converted into money - money which is needed to create additional units. The game also features FMV mission briefings and victory cutscenes.
Conker's Bad Fur Day (USA)	Conker the Squirrel has had a really bad day. Too much partying, too much booze - and the result is predictable: a terrible hangover. What is less predictable, however, is the fact that Conker has no idea where he is. All he wants is to go home to his girlfriend Berri, but it seems that an unknown force has thrown him into another world. The ruler of said world, the dumb, but vicious Panther King, is having a serious problem: he has been just drinking milk when he discovered that the table in his throne room is missing one of its legs. Unable to solve the problem by himself, the enraged monarch sends for the mad weasel scientist, Professor Von Kriplespac, who suggests a red squirrel as a replacement for the table's lost leg. The Panther King sends his minions after Conker, who has to explore the bizarre world, deal with its eccentric characters, stay alive, and find a way to return home.
Cruis'n Exotica (USA)	The sequel to Cruis'n World both in the arcades and on Nintendo 64, Cruis'n Exotica lets you race against the computer or up to three other opponents in a wide variety of cars and locales. Game mechanics follow &quot;arcade&quot; rules, which include &quot;turbos&quot; to accelerate to (and raise) maximum speed, and any deviation off of the track bumps you right back on it. Cars range from sportcars to more esoteric cars like trucks, minis, and police vehicles. Tracks model real life (Alaska, India, Korea, etc.) and eventually branch out into fantasy worlds (Atlantis, Amazon, Mars).
Cruis'n USA (USA)	Originally an arcade machine, Cruis'n USA was then released for the Nintendo 64. The game asks players to choose from seven vehicles to race in a variety of courses (based on real locations) throughout the USA. Various pre-game options included are the choice of automatic or manual transmission, various controller configurations, as well as background music selection option. Players take control of the vehicle from a third-person perspective, and while avoiding various hazards along the way, must beat the clock as well as the CPU controlled rivals to gain first-place. With fourteen courses to ultimately choose from, Cruis'n USA takes players on a tour across some of the most famous and notorious roads and highways across the continent. Some of the locations include: Golden Gate Park, Redwood Forest, Beverly Hills and the Grand Canyon.
Cruis'n World (USA)	Pack your bags and prepare for a first class trip around the world. Your ticket is courtesy of Midway, who has transformed its arcade mega-hit Cruis'n World into an all-new racer for the N64. Cruis'n USA thrilled racers with a scenic trip across the highways of America, but this time the action will take you all around the world. Each track is packed full of realistic scenery and authentic landmarks, so playing this game could save you a lot of dough on travel expenses. You can catch a glimpse of the Sphinx, the Statue of Liberty, and the Mayan ruins without leaving the security of your living room couch. If you're looking for a realistic racing simulation with real world physics, then this is definitely not the game for you. The graphics are realistic, but the actual game play is twisted to the extreme. Even though blazing across the Great Wall of China may be unbelievable, it certainly is fun. You can leap-frog over a semi truck with a police car, or perform a back flip with a military ATV. Add to this a bonus race that takes place on the moon, and you have a good idea of Midway's over-the-top execution of the Cruis'n concept. Many of us will never get the chance to visit the Egyptian pyramids, let alone the opportunity to drive a screaming ambulance straight through them. Cruis'n World provides fun fantasy racing action, and the best thing about it is that you won't have to worry about your luggage getting left behind in Russia.
Custom Robo (Japan)	Custom Robo is sort of a sci-fi action take on Nintendo's own collect-and-battle style Pokemon titles. In the game's story mode, you slip into the role of a young boy who has just built his very own toy robot who goes by the name of Lei. Together with your cousin, you head down towards Robo Station to take part in a giant Custom Robo battle championship that takes place in the local Holosseum. The ultimate goal is to improve your skills so that you can defeat the champion Custom Robo builder of them all, Mamoru. Gameplay involves robo customization and frantic action battles in confined 3D arenas. Followed by a sequel.
Custom Robo V2 (Japan)	Second and last Custom Robo title developed for the Nintendo 64. It is also the first title of the series to allow up to four players to play, instead of up to two players. Custom Robo takes place in Nintendo's own collect-and-battle style RPG genre simi
CyberTiger (USA)	A step back from the Tiger Woods PGA's simulation style, Cyber Tiger Woods has more of an arcade feel to it, with cartoony-style animations, fast gameplay and elements added to make the game of golf more lively than the real-life counterpart. Although realistic elements are there, including full motion capture of Tiger Woods himself, recreations of five PGA tour courses, and the full range of moves (putting, chipping, driving, etc.), arcade elements —such as 2-player battle mode, zany characters including Little Tiger, and game modes that have you aiming to knock down the opposing character from his platform above a pool of lava turn— are central to gameplay. Game modes include a full practise range, skins tournaments and stroke play. Plus there are hidden characters to unlock, equipment upgrades and power-ups, as well as trick shots you just won't see on the PGA tour.
Dance Dance Revolution - Disney Dancing Museum (Japan)	Dance Dance Revolution: Disney Dancing Museum is a Music video game released for the Nintendo 64 on November 30, 2000 in Japan only. It was sold as part of a bundle pack that featured the game as well as an exclusive N64 controller designed for this mix that featured popular Disney characters. The game featured 22 (20 that must be unlocked) songs from various Disney franchises and other popular musical numbers. The songs where unlocked by players putting together puzzles of famous Disney characters. It shares three songs with the PlayStation Disney incarnation Dance Dance Revolution Disney Mix and several modes of game play including single and dual player, and dance magic (a battle mode). The game also features a unique game play mode where the player both dances on the dance pad and uses the controller to press a single set arrows on the right and left side of the screen using the N64 controller's Z button.
Dark Rift (USA)	The cosmos is controlled by two Prime Elements, known as &quot;Core&quot; and &quot;Dark&quot;. Each is possessed by a tyrant who is in perpetual search of the third element, the Light, which would grant its owner tremendous power. Sonork Nezom, the carrier of Core Element, has organized a fighting tournament, with Core Element itself being the prize. He hopes that the carrier of the Light Element will be among the participants. He plans then to strike and gain possession of all the elements at once. But Lord Demon Demitron, the carrier of the Dark Element, has other plans... In this one-on-one fighting game, the player can take any of the eight playable participants through the tournament mode.
Deadly Arts (USA)	Fight as a range of characters from around the globe in training, one-on-one and tournament modes. Simple defeat each fighter that stands before you to progress through the ranks until you defeat everyone. Each fighter has a set of basic moves and special moves to use. Along with 2 player multiplayer options, you can also create your own fighter and train him/her up to the elite level.
Densha de Go! 64 (Japan)	Densha De Go!! 64 is a train simulation game that puts players in the role of a train operator, tasked with navigating various real-life train routes throughout Japan. The game includes a variety of real-life train routes from across Japan, each with its own unique characteristics and challenges. These routes range from short urban commuter lines to long-distance express trains that travel through scenic countryside. Players must control the train's speed, braking, and acceleration to ensure a smooth and timely arrival at each station. They must also pay attention to traffic signals and other regulations to avoid accidents and delays. The game provides a heads-up display that shows key information such as the train's speed, distance to the next station, and time remaining until the next scheduled stop.
Derby Stallion 64 (Japan)	A combination horse racing business simulation and horse racing game, the player designs their own stable of horses, where they can customize the presentation of horse and jockey. These horses are entered into races, where the results of which determine monetary payout for the stable. The player must use their winnings to enhance their stable, purchase better horses, and compete in higher level races.
Destruction Derby 64 (USA)	Much like other Destruction Derby titles, the aim of the game is to race through to the finish, while taking out the other cars for points and not crashing out yourself. In this addition, up to 4 players can play, with options including a straight out Derby, Capture the Flag, arena battles and much more. There are 12 single player tracks to go through, and plenty of cars to use, including a taxi car (which you must complete the game to unlock).
Dezaemon 3D (Japan)	Dezaemon 3D is more of a game creator than an actual game. While it ships with two games, what really makes the cartridge special is the editor. It is far more than a level editor - you can use it to design your own 3D shooting game! In fact, both games were done with the very same editor. Designing 3D models, doing textures and composing a hit song are no small tasks mind you, so if you are more of the impatient type, you can skip the editor and head straight for the two sample games, Solid Gear and Usagi. Both games are shooters, but that is the only thing they have in common. Solid Gear is a &quot;serious&quot; (and a difficult) shooter, where you are in a middle of a war, shooting enemy warships, tanks and even mechs. Usagi is your typically untypical Japanese weirdness where you must defend yourself against robots, missiles.. and bunnies. A whole lot of bunnies.
Diddy Kong Racing (USA) (En,Fr)	It's an island takeover when the evil space wizard, Wizpig, discovers Tiger Island! After the islands prized racetracks become sealed up, Timber Tiger contacts his friend Diddy Kong to help him reclaim the racetracks and save the island before his parents return. Along for the ride are the Kremling spy Krunch, Bumper Badger, Banjo (prior to meeting Kazooie in Banjo-Kazooie), pre-sweary Conker, Tiptup Turtle, and Pipsy Mouse. Diddy Kong Racing is a racing game with similarities to Mario Kart 64, in that you race with a variety of cheery racers while using weapons. However, the similarities end there. DKR includes an adventure mode, which features bosses, an overworld to explore, many hidden secrets, the addition of hovercrafts and planes, and a unique way of racing called the &quot;Silver Coin Challenge&quot;. In this mode, in addition to coming first, you must also find the eight Silver Coins deviously hidden throughout the courses (some in alternate paths). The game also features a strategic method of using weapons. Each colored balloon on the track matches a specific weapon, and collecting the same type of balloon multiple times in a row powers it up (to a maximum of three times). This gives the player the choice of snatching every balloon available and using it immediately, or storing the existing weapon, and using a more powerful version of it later. Up to four players can compete in the races, but in order to play new tracks, they must first be unlocked in the single player game. There are also four battle modes of play - two standard deathmatch maps, a capture-the-flag style battle where you must nab eggs and hatch three of them in your home nest, and another where you must be the first to return ten bananas to your treasure chest (with the limitation of only being able to hold two at any one time).
Die Hard 64 (USA) (Proto) (Level 1)	Die Hard 64 is a prototype of a game based in the 'Die Hard' universe. It was cancelled midway through development, redesigned for the Gamecube, and eventually released as &quot;Die Hard: Vendetta&quot;.
Dinosaur Planet (USA) (Proto) (2000-12-01)	The story would've followed the adventures of Krystal and Sabre, two anthropomorphic animals, as they traverse Dinosaur Planet to defeat General Scales, the self-proclaimed leader of a tribe known as the Sharpclaw. Overtime, Krystal and Sabre would encounter various other tribes of dinosaurs such as the Thorntail, and the Lightfoot tribes, and eventually come closer to discovering the truth behind the planet's creation
Donald Duck - Goin' Quackers (USA) (En,Fr,De,Es,It)	Keeping Donald content is about as easy as herding cats, but everyone's favorite fusspot really goes off the deep end when malodorous magician Merlock duck-naps Daisy. To add insult to injury, Donald's uppity cousin, Gladstone Gander, vows to rescue Daisy. Thus begins Donald's great race to reach Daisy first and foil Merlock's nefarious plans.
Donkey Kong 64 (USA)	K. Rool has kidnapped the Kongs! Can Donkey Kong rescue his friends, reclaim the Golden Bananas and save his homeland from certain doom? Take out some Kremlings with Chunky's Pineapple Launcher or Lanky's Trombone. Float through the air using Tiny's Ponytail Twirl. Even rocket to the sky with Diddy's Jetbarrel!
Doom 64 (USA)	DOOM 64 picks up where all the other DOOM games left off. After tearing through space, hell, and wherever else in the previous games, the Space Marine thought that the threat of the demons was finally past. Of course, one survived, and it is currently reanimating all of the fallen monsters in a last-ditch attempt to revitalize their evil mission. The player's task is to finally rid the universe of all the crazy hellions, from the dead guy with the pistol to the rocket-spewing Cyberdemon.
Doraemon - Nobita to 3tsu no Seireiseki (Japan)	Based on the animÃ© series of the same name, this is a 3D action game similar to Super Mario 64. Three sacred crystals were broken into pieces and scattered across the world. Controlling Doraemon, a robotic cat-like creature who can enter fantasy world
Doraemon 2 - Nobita to Hikari no Shinden (Japan)	Doraemon 2: Nobita To Hikari No Shinden is an action-adventure and exploration game based on the popular anime and manga series, Doraemon, and follows the adventures of the titular robotic cat and his human friend, Nobita. The gameplay involves exploration and puzzle-solving, as players navigate through various levels to collect items, defeat enemies, and solve challenges. The game features multiple playable characters, including Doraemon, Nobita, and their friends, each with unique abilities and skills. The plot of the game revolves around the discovery of a hidden temple, where a mysterious treasure is said to be hidden. Doraemon and his friends embark on a quest to find the treasure, but they must first overcome a series of obstacles and challenges to reach their goal. Along the way, they must navigate through different environments, including forests, temples, and other mysterious places, battle enemies, and collect items to help them in their journey.
Doraemon 3 - Nobita no Machi SOS! (Japan)	Doraemon 3: Nobita no Machi SOS! is based on the popular anime and manga series, Doraemon, and follows the adventures of the titular robotic cat and his human friend, Nobita. The game focuses on adventure and exploration, as players guide Doraemon and his friends through various challenges and puzzles to save the city of the future. The game is set in various locations, including the city of the future and different time periods that players must travel through to progress through the game. The game's setting is largely influenced by the anime and manga series, which features a mix of futuristic and historical elements. The gameplay involves exploration and puzzle-solving, as players navigate through various levels to collect items, defeat enemies, and solve challenges. The game features multiple playable characters, including Doraemon, Nobita, and their friends, each with unique abilities and skills.
Doubutsu Banchou (Japan) (Proto)	Eat or be eaten! Assume the role of an animal in it's early stages of evolutionary development. As your animal instincts take over, you will boldly traverse hostile environments, savagely stalking your prey to assert your place in the animal chain of power. Will you have what it takes to become the new king of beasts?
Doubutsu no Mori (Japan)	In Dōbutsu no Mori, the player arrives at a new town, which they name, and play as a singular character whose name they also choose. The game has no set goal; instead, it is more of a The Sims type of game, in which the player can do what they want, when they want, without rules, goals or time limit. When the player first arrives, they will be given a house to live in. Unfortunately, they have no money, so they must pay off their home loan by earning &quot;bells&quot;, the game's form of currency. Bells can be earned by performing various tasks for the other citizens of the town, catching and selling fish and insects, selling items, finding money in trees, and more. In addition to paying off the loan, money can be used to buy furniture and clothing. The player's home can see further expansions once the loan is paid.
Dr. Mario 64 (USA)	What does Mario do in his spare time? Kill a virus of course. Dr. Mario 64 continues the Tetris style gameplay from the previous versions, as well as adding a 4 player mode.
Dragon Sword 64 (USA) (Proto) (1999-08-25)	Dragon Sword is an unreleased game. In the game, players would have assume the role from one of the four crusaders battling with monsters on a quest against an evil god to save the land of Avantaria and free its people from enslavement. Its gameplay consists of melee focused fights against multiple enemies in dungeon crawler styled levels.
Dual Heroes (USA)	Battle to be the ultimate hero against as one of eight fighters, each with unique fighting style. Train a robot with your style for use against the opposing fighters in Robot Mode, or select five virtual enemies who will train a fighter and become your rival. Single and 2 player multiplayer options included.
Duck Dodgers Starring Daffy Duck (USA) (En,Fr,Es)	Marvin The Martian has developed an ultimate weapon that will allow him to finally destroy Earth, which will ultimately allow him to take control of the universe. Upon the demonstration of the weapon, a slight snag hinders Marvin from completing his devious deed. The Weapon is out of Atoms, which it runs on, so he sends his minions (All of which are characters from the Looney Tune universe) to gather Atoms to fuel his weapon. Duck Dodgers is informed by his academy of Marvin's deeds and sets out to find the one-hundred Atoms before Marvin can. This ultimately has Dodgers and his sidekick, Cadet, trekking to four different planets, including a large pirate ship, to obtain the upper-hand over Marvin.
Duke Nukem - Zero Hour (USA)	He's all that stands between us and a Time-Spanning Alien invasion. He's Duke Nukem. Gaming's Greatest Action Hero. And this is his finest hour! Zero Hour! Awesome new enemies! Hilarious gags and one-liners! Same blood and guts attitude! Over 30 gut-wrenching levels set in four action-packed time eras! Incredible Teamplay and Deathmatch modes for up to 4 players! Over 20 all-new weapons of high-octane annihilation.
Duke Nukem 64 (USA)	Duke Nukem 3D makes its way to the N64 for the first time, with plenty of new additions: Weapons: New weapons include two sub-machine guns (one in each hand), the Expander (the bad guys just go pop!) a plasma cannon (which is chargeable) and a grenade launcher. Sadly, there are a few missing from the original PC version, including the Ripper Chaingun, the Devastator, and the Freeze-Ray. Presentation: The biggest changes come here, as there are new areas to explore, some improved environments, and the same wise cracks that have made Duke famous. There are also some jokes hidden away based on classic movies (Clockwork Orange, 12 Monkeys, Mars Attacks and Apocalypse Now). However, there have been plenty of restrictions in this version of Duke 3D. Nintendo have replaced some areas (the porn mag shop has turned into a gun store, the bar is now a burger joint, and the nude women aren't nude anymore), and there is an option available to turn the blood off.
Earthworm Jim 3D (USA)	Earthworm Jim gets squashed by a cow, leaving him dazed and confused. In the aftermath, his marbles go missing, so he must travel into his brain to find them and put everything right. All of the laughs are there from the original platform titles, but now in huge 3D worlds.
ECW Hardcore Revolution (USA)	ECW Hardcore Revolution is a wrestling title developed by Acclaim based on the wrestling promotion Extreme Championship Wrestling. Players can use up to 33 ECW wrestlers including Rob Van Dam, Tazz, Sandman, and many others. The game itself runs on a modified WWF Attitude engine and includes several game modes including Tag Matches, Death Match, Barbed Wire Ring Match, and others. Up to 4 players can play simultaneously.
Eikou no Saint Andrews (Japan)	Eikō no St Andrews is a golf game which focuses on the original course at St Andrews also known as the home of golf. Gameplay modes include training, stroke play, match play and tournament. Depending on the type of game, you can play against one or more players in turn or compete in match or tournament against CPU players. Character models include several professional golfers from that time, although a lot of things are adjustable, include character heights, player names and their hand preference.
Excitebike 64 (USA)	Excitebike 64 is an update to the original Excitebike, for the NES. The outrageous jumps and precision timing required in the original have been translated into a modern 3D racing game. There are several game modes to choose from. First, there is a season mode with multiple skill levels. Completing a 5-race season in first place unlocks special tracks and more difficult classes. Second, there is a exhibition mode which allows you and up to 3 other people to choose a single track to race on. Third, there is a time trial mode in which you try to get the best times on the 20 tracks. Finally. there are multiple special tracks. Some of the special tracks include a point-to-point race through the desert, a hill-climb competition, motocross soccer, and a pixel-perfect conversion of the original Excitebike. Excitebike 64 also includes a track editor for building your own competitions.
Extreme-G (USA)	Blazingly fast futuristic motor cycle racing. Blast your opponents off the track with laser cannons, homing missiles and an assortment of other weapons, such as mines, bombs and tripwires - all at 300 MPH. Includes championship and multiplayer modes, with a tournament mode for 16 players, over a host of tracks set in four different worlds.
Extreme-G XG2 (USA)	Get ready for the ride of your life! Extreme-G 2. Feed the speedfreak within. Faster than the original. And ten times more deadly. One false turn and you're toast! Break the sound barrier with 12 razor-sharp handling evolution bikes. Over 40 twisting tracks. Blast your enemies with Rear-Firing Rockets, Ion Sidecannons, Magnetic Mines and more! Intense 4-player action: Battle Mode, Cup Challenge and Head-to-Head.
F-1 World Grand Prix (USA)	The 1997 Formula One World Championship, won by Canadian Jacques Villeneuve in dramatic fashion after a final-race collision with Germany's Michael Schumacher, is recreated in this racing simulation. You have the chance to set up the car to perfect the handling for each of the 17 diverse circuits. Wet racing is incorporated, with gradual weather chances, as well as tyre wear requiring pitstops. In total there are five distinct gameplay modes. A solo player can play through the entire championship, with practice and qualifying as well as the race against 21 other cars. A Challenge mode including key situations allows you to try to alter the course of history. There is also a 2-player head-to-head mode, Time Attack and one-off races of any length.
F-1 World Grand Prix II (Europe) (En,Fr,De,Es)	The second F1 experience from Paradigm, the direct sequel to F-1 World Grand Prix, has more of the same high speed antics around the Formula 1 circuit. Following the 1998 season, you'll experience all the drivers, tracks and teams and compete in a number of different racing modes, from the usual Grand Prix and Training to Challenge mode, where you'll attempt to complete a range of critical events based on the deal.
F-Zero X (USA)	In this futuristic racer, the key to winning is speed!Choose from 30 different hover-car racers, including updated versions of the Blue Falcon and other vehicles from the original F-Zero, and get ready to play one of the fastest racers ever! Race to the finish line on tracks that twist and turn through the air. However, you will have to avoid the other 29 cars on the track or else face the consequences! If you're in a competitive mood, try to win a Grand Prix Cup, get the fastest lap time in a Time Trial, or destroy the competition in a Death Race. You can also challenge three friends in the Versus mode. With five separate play modes, hidden vehicles and courses, and an excellent sound track, F-Zero X still represents one of the best racing titles to date!
F1 Pole Position 64 (USA) (En,Fr,De)	A Formula 1 racing game, officially acknowledged by the FIA F1 World Championship, containing the 16 World championship circuits of the day, ranging from Monza and the old Hockenheim to Monaco and the Hungaroring. Car setup is highly detailed, reflecting real Formula One and the game's simulation basis. You will have to race in the wet, which means further setup modification to cope with the reduced grip. You can also edit the level of car damage, the pit-car radio, and whether the CPU cars can collide. There are also Battle and Time Trial modes, with your best laptimes recorded.
F1 Racing Championship (Europe) (En,Fr,De,Es,It)	F1 Racing Championship is the third Ubi Soft F1 racing simulation game, published with the FIA license by Video System. It features official tracks, drivers and cars of the 1999 F1 season. The game is based on a new engine bringing a real technological step compared to the two first titles (F1 Racing Simulation and Monaco Grand Prix Racing Simulation 2). Available game modes are Single Race, Grand Prix, Championship, Private Trials and Time Attack. The tracks were modelled in 3D from GPS data sampled on the real roads. There are realistic physics, a telemetry system to analyse behaviour of your car and to tune its settings, complex driving AI, recordable replays, strategy management with animated pit sequences, weather simulation, and LAN support for multiplayer games.
Famista 64 (Japan)	Namco's Famista 64 is the first 64-bit version of its Family Stadium series of baseball games. All of Japan's leading teams from the 1997 season are present and uniforms and stadiums are modeled after their real-life counterparts. League and career modes
FIFA - Road to World Cup 98 (USA) (En,Fr,De,Es,It,Nl,Sv)	The late-1997 edition of FIFA was heavily tied in with the qualifying procedure for the 1998 World Cup. In the Road to the World Cup mode, you take a team from first qualification through to the main tournament, using the varying systems in different parts of the world. The game features 16 distinct outdoor stadia. The League play features 189 clubs and 11 leagues. Each team has specific crowd chants incorporated into the ambient sound. The action is faster than in previous versions, and AI has been expanded. Players have distinct facial feature and hair styles. Each match is introduced by Des Lynam and commentated on by John Motson and former Scotland international Andy Gray.
FIFA 99 (USA) (En,Fr,De,Es,It,Nl,Pt,Sv)	This was the third FIFA title in a little over a year. It incorporates 42 national sides, as well as 250 club teams from 12 different leagues, to play a complete true-to-life season, the preset Super League, or a league or cup of your own design. Formations and tactics can be set, and players can be moved between teams. Gameplay can be viewed from multiple angles. Players have more animation than ever before, with new moves including sliding challenges and close-control trapping. Goalkeepers now have a level of human control.
FIFA Soccer 64 (USA) (En,Fr,De)	The FIFA series introduces itself to the Nintendo 64, with all the football/soccer action one can expect from an EA Sports title. Choose your team, whether it be Manchester Utd or Real Madrid, or even a lowly ranked team, and take them through the ranks of the professional sport right up to the crowned kings of their tournament. You can stick with the local leagues (five in all) or take your team onto the International circuit and compete against every team available.
Fighter Destiny 2 (USA)	The sequel to Fighters Destiny (the title now without the s in 'Fighters') has you again taking your created fighter up the ranks by competing in a number of challenging 1 on 1 battles. As with the first title, the aim is to hit a number of targets on the opposition's body to gain points, as well as knockouts, ring-outs, time expiry and so forth. In total there are over 30 moves to be used. The winner is the one with the most points at the end, which will not necessarily be the one with the most energy left.
Fighters Destiny (USA)	Take a collection of fist-fighters, wrestlers and martial arts experts, and combine them into one tournament. But instead of relying on simply depleting the health bar, you must win points depending on how you defeat an opponent (for example, ring-outs are 1 point, special moves 4 points and countering a special move is 2 points). Game modes include the standard VS. mode, simply defeat everyone you see. VS. Battle allows you to defeat the enemy, then acquire their moves for the next round. The Master Challenge has you spinning a wheel to determine who your fight. Spin up a Master, and you get a tough challenge in which you can win new moves. Spin a Joker, and you simply have a challenge, with nothing to gain, but everything to lose.
Fighting Force 64 (USA)	Fighting Force delivers unparalleled action and tons of attack moves in a fully progressive 3D environment. Smash through an anti-tank barricade, pick up a rocket launcher and torch incoming enemies or knock over a vending machine or fuel tanker to find hidden weapons!
Flying Dragon (USA)	Flying Dragon is a side-view battle game reminiscent of 16-bit titles. It features eight characters to choose from with two main modes of play, &quot;SD&quot; (super deformed) and &quot;Virtual&quot; (ala 'Virtua Fighter' style). SD mode is sort of RPG'ish with treasures you gain from winning battles and becoming a stronger fighter. it has the usual circuit, tournament and practice modes plus a 'treasure box' where you check your existing items, buy new items or trade items you already have for something else. Virtual mode is the more familiar format of a battle game with game modes such as circuit, tournament and practice. It also has 2D and 3D &quot;rules&quot; for how the game is played. 2D is 16-bit arcade style and 3D is more realistic.
Forsaken 64 (USA)	Forsaken is a first-person shoot 'em up in which you have complete movement freedom in 3 dimensions, as you accelerate, swerve and strafe your craft, making for gameplay resembling Descent. Each level has a defined exit which must be reached within a tight time limit. The surrounding areas are collapsing around you, with spikes and turbine fans among your hazards. Be very aware of other craft out to take all you have, as they alter their approach based on your weaponry (from the 25 featured in the game) and past encounters.
Fox Sports College Hoops '99 (USA)	Complete college basketball license featuring over 120 college teams. NCAA Tournament, NCAA Sweet 16 and Final Four. Pre-season and Conference tournaments. In-depth player attributes and skill ratings. Three difficulty levels, easy to learn controls, and multiple camera angles. Authentic college basketball look and feel with real logos, uniforms and home courts, and real college offensive and defensive plays.
Freak Boy (Unknown) (Proto)	On New Years Day, the planets align, allowing alien invaders called ZoS to take over the Solar System by extinguishing the Sun. The hero Freak Boy has to save the inhabitants of Earth by defeating the aliens using his super morphing powers, which allow him to take on the shape and properties of objects he absorbs.
Frogger 2 (USA) (Proto 4)	Frogger 2: Swampy's Revenge is a video game released in 2000. The game is part of the Frogger series, and the sequel to the 1997 remake of Frogger, featuring similar 4-way movement gameplay in a 3D world and 6 different environments. Unlike its predecessor, Frogger 2 featured a choice of different characters to play with in the game, several multiplayer modes, and an in-game storyline. A Nintendo 64 port of the game was planned, but it was cancelled. The sequel to the Original classic (and the so-so 1997 release) changes the way you look at frogs! The stage is set for a totally new adventure where Frogger and his female friend Lillie Frog will need to leap over, dive under, hop through and climb above endless new obstacles and challenges to save the Frog Babies from Frogger's new arch enemy, the dastardly Swampy the Crocodile.
Fushigi no Dungeon - Fuurai no Shiren 2 - Oni Shuurai! Shiren Jou! (Japan)	You are in control of Shiren, a Ronin (masterless Samurai) who travels through a fantasized version of feudal Japan on a search for the Land of the Golden Condor. Joining Shiren on the journey is his weasel sidekick Koppa, and together the two collect mys
Gauntlet Legends (USA)	In ages past, a corrupt mage named Garm used a set of Runestones to summon a demon named Skorne (It is not stated what Garm intended to use Skorne for; however, as Gauntlet Legends introduces Garm as a &quot;greedy young mage&quot;, it can be assumed he wanted Skorne for his own personal gain.) However, Skorne crushed Garm and imprisoned his soul in the Underworld. Skorne, fearing the power of the Runestones, scattered them throughout the four realms, so that they could never be used against him. The player(s) must defeat the end bosses of each of the four realms to obtain the four golden keys which allow access to Skorne's temple. While traveling through each realm, he/she/they must also collect the Thirteen Runestones from where they have been scattered. The complete set of Runestones allows him/her/them to pursue Skorne to the Underworld in order to finally destroy him. The players must find 3 rune stones on each kingdom in order to defeat Skorne in the Underworld, and of course 1 from the battle grounds.
Getter Love!! - Cho Renai Party Game Tanjou (Japan)	Getter Love!! is a dating sim where a high school student and his friends are having a competition to see who will get a girlfriend first. Because of that and unlike other dating sim games you will have to face up to three human or CPU players to win the
Gex 3 - Deep Cover Gecko (USA)	Even a lost island hideaway in the wet South Pacific isn't far enough away from the long arm of Rez. While GEX was whiling away the hours living on the fruits of his recent successes, the madman of the Media Dimension was working on his new hobby - secret agent-napping. Agent Xtra was now struggling for her freedom as a hostage in the lair of Rez. As a master of disguise, GEX had his work cut out for him. Another descent into bad TV movies is at hand. To the GEXCaves!
Gex 64 - Enter the Gecko (USA)	The ultimate free-roaming 3D experience! 24 Media Dimension levels, all designed as sarcastic parodies of popular TV and movies! Master of Disguise GEX sports a secret agent suit, kung fu uniform, spacesuit and other costumes on his quest to save TV from the evil Rez! Over 125 slick gecko moves. Whip-cracking tail attacks, flying karate kicks, tongue-grabbing and climbing up walls. All-new N64 exclusive deep sea level with new swim mechanics and scuba gear!
Glover (USA)	A wizard is mixing up a batch of magic potions, when an explosion sends the gloves off his hands flying into the air. One lands safetly outside the castle, but the other lands in an evil potion mixture. It's this evil glove that decides to take over the castle. Meanwhile, 7 crystals, which used to sit on top of the castle and gave the surrounding lands its life force, also fly off in all directions. Thankfully, though, the good Glove changes the crystals into rubber balls, so that they would land safetly. You must control the good glove (name Glover) and find the 7 crystals, putting them back into the castle to restore the life back into the land. But be careful, the bad glove is out to stop you and take the kingdom, and the wizards power, for his own.
Glover 2 (USA) (Proto 2)	Hasbro Interactive had planned to release a sequel to Glover which had a boxing glove character and was to be released in 2000 named Glover 2 but the idea was scrapped, though gameplay videos and pictures about the game surfaced on nesworld.com, which discovered a work-in-progress version of the game. Just when you thought it was safe to go back... Unique glove & ball gameplay. Real world dynamics. Full environmental interaction. Progressive intergrated plot. Amusing original characters. Fun multiplayer game.
Goemon - Mononoke Sugoroku (Japan)	The game is based on the Ganbare Goemon series and despite the series' relative popularity in the west for the system, the game was released only in Japan. The game is based on the Japanese board game Sugoroku, populated with Konami's array of Ganbare Goemon characters. Up to four players control two dice, and take it in turns to control Goemon, Ebisumaru, Sasuke, or Yae over prerendered boards that resemble previous locations in the Ganbare Goemon series.
Goemon's Great Adventure (USA)	Goemon and his friends return in this side-scrolling sequel to Mystical Ninja Starring Goemon. Bismaru, who looks like Goemon's friend Ebisumaru dressed up as a nun, has swiped a freshly-invented Ghost Returning Machine! With it, he's using planning nothing less than world domination. All Ebisumaru wanted to do with it was meet his ancestor, James Dean! Help Goemon and his friends retrieve the Machine, and bust some ghosts on the way. Mystical Ninja 2 reverts back to the traditional side-scrolling 2D platforming style of the SNES games. However, due to to the Nintendo 64's 3D capabilities, you'll encounter massive bosses and detailed worlds as you make your way through Japan. To attack, you can either hurl coins, or use each character's specific weapon, such as Goemon's trademark pipe. Two players can also play simultaneously and work together to beat foes, and you can even ride piggy-back onto your friend.
Golden Nugget 64 (USA)	Real-time 3D casino play on the Nintendo 64, set inside the famous Golden Nugget casino in Las Vegas. Features include a fast and simple interface, 15 classic games of chance and 4-player simultaneous play. Try your hand at Black Jack, Craps, 5-Card Draw, 7-Card Stud, Texas Hold 'em, Mini Baccarat, Big Six, Roulette, Video Poker, and an array Slot Machines.
GoldenEye 007 (USA)	In this 3D action game, you control James Bond from a first-person perspective, using a variety of weapons (from knuckles to grenade launcher) to eliminate your foes. However, many parts require you to be careful, to stay unnoticed or to snipe guards from distance, since they will react to your presence and alarm their comrades. The game is divided into missions, and in some of them you'll have to perform other tasks besides killing your enemies: disarm bombs, take pictures of important evidence, or avoid killing scientists. The game features a multiplayer mode with a variety of options, and three difficulty levels.
GT 64 - Championship Edition (USA)	GT 64, short for Grand Tour 64, is a 3D racing game for the Nintendo 64. It features cars and drivers from the All-Japan GT Championship season of 1997 as it is an officially licensed game. There are three stages with each a long and a short version counting six tracks in total situated in Japan, the USA and Europe. All of them are located in urban settings. You can opt to race three, six, twelve or 24 laps on each track. There are fourteen cars available to race in and they can be manually tweaked to improve performance. The Japanese re-release of the game includes two new tracks based on the 1998 season.
Hamster Monogatari 64 (Japan)	Hamster Monogatari 64 is a virtual pet simulation game and is a part of the &quot;Hamster Monogatari&quot; series; the only one that was released on the Nintendo 64 platform. In the game, players take care of and raise their own hamsters. There are ten different types of hamsters to choose from, each with its own unique personality and appearance. Players must feed, play with, and take care of their hamsters to keep them healthy and happy. If you neglect their needs, they may become ill or injured. In that case, you can take them to the hospital to get treated.
Harukanaru Augusta - Masters '98 (Japan)	Japan-only golf game. Once again featuring the August golf course, but this time with a full 3D dynamic camera. As with all golf games from T&E it plays a very good game of golf, though the menu interface is not as straightforward as other games in the series. The engine was later used for one additional golf game on N64.
Harvest Moon 64 (USA)	In Harvest Moon 64, your objective is to restore a run-down farm that you've inherited from your grandfather, who has died recently. In the village many people help you out on your long journey. During this time you can attend festivals, race in horse races, farm, tend to your livestock, add to your house, get married, or maybe even have a child. There are 5 beautiful women to be chosen from, each having their own jobs and personalities. At the end the player's parents come by and rate them after 2 and a half years of performance. The option then exists either to keep going or stop there. The real question is if you're up for the challenge.
Heiwa Pachinko World 64 (Japan)	Heiwa Pachinko World 64 is a virtual pachinko game. The game is set in a bright and colorful pachinko parlor where players can experience the thrill of playing one of Japan's most popular pastimes. The game's objective is to gather basic knowledge about all the machines, combine that with knowledge about how the parlors operate, and which machines are paying out the most, then use that knowledge to exploit the game and win as much as possible. In the game, players control a small ball that they shoot into a pachinko machine, a vertical pinball-like device. The ball bounces around the machine, hitting various pins and bumpers, and eventually falls into a scoring pocket. Players earn points based on where the ball lands, and can potentially win more balls to continue playing.
Hercules - The Legendary Journeys (USA)	Ares, Hercules' brother, forms a plan to dethrone Zeus with the help of Hera. Zeus mysteriously disappears, and a struggle for power corrupts the immortal realm. The Gods, unaware of the true nature of the disturbance, flee to the mortal realm in a search to find the reason for the turmoil. Hercules, a man whose strength is like nothing ever seen, is the only one who can save the world, both mortal and immortal, and his father from certain doom. Take control of the legendary hero as you travel around the land in search of Zeus, and to stop Ares from completing his plan. Based on the TV series of the same name, you can also take control of fellow heroes Iolaus and Serena, each with abilities that aid Hercules' task.
Hexen (USA)	While you were battling the evil forces of D'Sparil, the other Serpent Riders were busy sowing the seeds of destruction in other dimensions. One such dimension is the decaying world where Hexen takes place. Only three humans - a warrior, a mage and a cleric - have escaped the leader's vicious spell. Now these three brave souls have sworn to crush the evil regime that threatens to destroy the world forever. Become one of three heroes. Wield superhuman powers and lethal weapons. Walk. Run. Fly. Track down powerful artifacts and cast wicked spells.
Hey You, Pikachu! (USA)	For the first time ever, you can actually talk to your favorite Pokemon. Tag along with Pikachu as it goes through its daily routines, taking field trips, going fishing and having picnics, becoming better friends with each passing day. Pikachu will hear and react to the words you say. The more you speak the closer friends you'll be!
Hot Wheels - Turbo Racing (USA)	Hot Wheels Turbo Racing is a racing video game for the Nintendo 64 released in 1999. It features vehicles based on the Hot Wheels series of toys. It also features Kyle Petty's 1999 NASCAR stock car, as it was sponsored by Hot Wheels. It also features music from artists like Primus and Mix Master Mike. The focus of the game is racing one of a selection of cars through various themed tracks. Secret tracks can be accessed by winning and new cars can be used by finding the 'new car' bonuses hidden in each stage.
Hybrid Heaven (USA)	Aliens are trying to take over the US by eventually replacing the President with a clone. To do this, they begin by replacing advisors and Secret Service operatives with clones. One of these clones is scheduled to meet with a collaborator named Diaz in a Manhattan Subway, to get weapons for the Presidential Replacement. The clone arrives at the meeting, and sees Diaz with two Men in Black. As the clone approaches, Diaz starts hearing voices, and shoots the clone. He gets taken down an elevator, where, in his struggles to escape the Men in Black, he falls off the elevator. His fall is slowed by the anti-gravity device that powers the elevator, and he begins his journey into the underground facility. Two styles of gameplay: Overworld and Battle.
Hydro Thunder (USA)	Port of Midway's arcade boat-racer. The premise is non-existent, you simply rev up the engines and go on 13 water courses set in Antarctica, the far east, the Greek isles, etc. on different types of futuristic boats. Races use the usual arcade checkpoint system and scattered across the courses you'll find an assortment of power-ups and upgrades like nitro boosters. Graphics are entirely 3D with reflective water effects and realistic bouncing and bucking in the boats. Multiplayer competitions are supported for 2 players on the PlayStation version.
Ide Yosuke no Mahjong Juku (Japan)	Ide Yōsuke no Mahjong Juku, also known as Yosuke Ide Mahjong Cram School, is a mahjong video game and features interactive replays of the games of the 1997 Autumn Seta Haisou Datsu Mahjong Japan Series. Yosuke Ide, a former Japanese Mahjong Champion, oversaw the game's development as a pro-Mahjong player, and the game's story mode competition spans over two years. The game is based on the teachings of the professional Japanese mahjong player, who serves as the game's instructor and guide.
Iggy's Reckin' Balls (USA)	It's a race to the top of the tower, as you control a collection of ball like characters up spiral platforms, with the aim to be the first to the very top. A whole range of items are on offer to aid your progress, including jumps, grappling hooks, conveyor belts, springs and more. And as well as competing against the other characters, there are also enemy characters that litter the platforms, attempting to stop you from getting to the top.
In-Fisherman - Bass Hunter 64 (USA)	Go fishing in the great outdoors with Bass Hunter 64! Reel in a record-setting bass in tournament mode. 3D rendered environments, complete with native wildlife, and geographically accurate landscapes. Fish Pennsylvania's Lake Arthur and Florida's Butler Chain Lakes. Driving, underwater and positional cameras are throughout your adventure. Lure, strike, and fish-fighting animations designed to simulate bass fishing's most exciting moments. Fish behavior based on scientific research and practical experience of experts at In-Fisherman.
Indiana Jones and the Infernal Machine (USA)	The year is 1947. Dr. Jones Jr is on a retirement from adventuring, living the life of a scholar and an archaeologist. But soon he meets his old flame ...and new enemies. Soviets are tracking parts of a mysterious, powerful machine from ancient Babylon, hoping to use it as a weapon. They must be stopped from unleashing unspeakable danger from another world. Are you ready to lead Indy into adventures in lost temples, under mountains and through unexplored mines, for tales of missing artifacts, snake encounters and other things? Indiana Jones and the Infernal Machine combined action and adventure in a way the older Indy games did not do. The gameplay is inspired by Tomb Raider, as Indy moves through 3D representations of 17 locations around the world. The game engine is modified from Jedi Knight. Puzzles based around switches & items; precise jumping must be negotiated on regular basis. You must use ladders, ropes and dinghies as well as moving on foot. You will also find yourself aboard a jeep and a mine cart. Replacements for your standard whip can be collected en route (from Soviet army arsenal), including grenades, sub-machine guns and bazookas. The valuable treasures you find can be used to buy extra ammo (between the levels). After each level you get your score (Indy Quotient) - you must reach all the treasure items cleverly hidden in secret places to get all the points.
Indy Racing 2000 (USA)	Indy Racing 2000 is an officially licensed product of that year's Indy Racing League. At this point it purely raced on oval tracks, and featuring Indianapolis-style race cars - open wheel, open cockpit. All 20 drivers and their cars and teams are authentic with fully licensed IRL tracks including night time tracks at Texas and Charlotte. Two player mode is supported and there is a unique draft meter to aid in making sling-shot moves for passing. Top drivers are represented with detailed replicas of their cars. It is a racing simulation rather than a pure action game, letting you choose the angles of the front wing, rear wing, set the tire pressure, gear ratios and transmission type.
International Superstar Soccer '98 (USA)	ISS returns to the N64 with improvements to the six previous game modes found in ISS64. New scenarios and updated player rosters (although not FIFA licensed) are included, along with new stadiums from around the world (including three based on those used in the France World Cup '98), create-a-player options, multiple gaming strategies (offside traps, offensive plays, etc.), multiple weather conditions and under lights nightime play, plus commentary from Tony Gubba and surround sound.
International Superstar Soccer 2000 (USA) (En,Es)	The undisputed king of football returns... Experience the new Career Mode - bring youngsters through the ranks to create individual star players. Smoother animations and gameplay. ISS 2000 is the choice of champions - nothing gets as close to the beautiful game.
International Superstar Soccer 64 (USA)	ISS64 offers all of the style and grace you expect in a game of Soccer, the World Game. There are six game modes to play, including the usual 1-4 player exhibition modes and training. International Cup has you competing against a range of teams from around the world for the International Cup; World League is a series of 70 matches against every team from around the world. You can also play a penalty shoot-out competition with up to 4 players, or attempt to complete certain scenario games (where each game is setup with a specific goal, for example scoring a goal within a givin time limit, or stoping the opposing team from scoring, etc.)
International Track & Field 2000 (USA)	International Track and Field 2000 from Konami is a one-to-four player game (using the Multi Tap) that features 12 different international events, ranging from weightlifting and bicycling to canoeing. The events take place in the USA, Russia, Germany, China, Cuba, Korea, France, Australia, Canada, Great Britain, Japan, and Kenya.
Itoi Shigesato no Bass Tsuri No. 1 Kettei Ban! (Japan)	Itoi Shigesato no Bass Tsuri No. 1 is set on the fictional Akahoshi Lake where the BAC (Bass Angler's Club) catch fish and compete in tournaments. There are several types of fish and there is a size-range within each type. The goal of the player is to catch the most and the largest fish possible as to compete in extra competitions such as quizzes. In order to have the greatest success in fishing, players must determine the most fruitful part of Lake Akahoshi given the weather conditions and the time of the day. The player is also able to select from a number of different lures that can be used to attract different species and different sizes of fish. The most sought-after fish in the game is the &quot;over 80cm bass.&quot;
J.League Dynamite Soccer 64 (Japan)	J.league Dynamite Soccer 64 is backed by the official Japanese soccer league, meaning you play with all seventeen teams that made up the 1997 J-league. You can play alone or make multiplayer matches with up to 4 players.
J.League Eleven Beat 1997 (Japan)	The game does not have licensed players or teams from Japan's J-League., and instead has a cartoon appearance as opposed to other Japanese soccer game
J.League Live 64 (Japan)	Football game based on the FIFA 64 engine that only allows you to play with J-League teams.
J.League Tactics Soccer (Japan)	J-League Tactics Soccer is a soccer/football management game that allows players to take on the role of a coach and lead their favorite J-League team to victory. Players can choose from a variety of J-League teams, each with their own unique attack, speed, defense, and overall ratings. They can also create up to four custom players, choosing their names, faces, nationalities, ages, preferred foot, positions, roles, and stat attributes such as endurance, determination, kick power, pass, speed, and more. The game features different modes, including J-League Mode, where players can guide their chosen team through a season, making strategic decisions on formations, lineups, and strategies during matches. Universal Cup Mode allows players to compete in a global tournament against teams from around the world, while Battle Mode lets them challenge friends in multiplayer matches. During matches, players can order their team to change strategies using the C buttons, and pause to make substitutions or watch replays.
Jangou Simulation Mahjong Dou 64 (Japan)	Enjoy a good mahjong game, but one of the best mahjong games on the Nintendo 64, with 3D graphics providing an unbeatable experience in mahjong games. Mahjong is a board game of Chinese origin that was exported to the rest of the world from the 1920s onwards, mainly to the West. It consists of 144 tiles, commonly known as &quot;stones&quot;.
Jeopardy! (USA)	This version of Jeopardy features the digitized look and voice of the TV show's host, Alex Trebek and even the announcer, Johnny Gilbert, as well. There are 650 different categories to choose from as well as 4,000 new answers. The player answers questions by selecting letters by using the analog or D-pad and will be given suggestion words to help them along. The same rules apply to the game as they do in the TV show, the game is divided into three different rounds: Regular, Double Jeopardy and Final Jeopardy and has three different contestants.
Jeremy McGrath Supercross 2000 (USA)	This edition of the licensed Supercross racing game features 8 indoor and 8 outdoor tracks. You can choose to do a single race on an individual track, or do a championship series on the indoor tracks, the outdoor tracks, or both. Additionally, there is a Time Trial mode, plus the Freestyle mode, where you can ride around in a skate-park like area performing tricks for points. The game features at least 8 real riders (depending on platform), plus the ability to combine outfit, bike and riding number to create a Custom Rider. 125cc and 250cc classes of motorcycle are featured. Races and Freestyle mode can be played with two players, via a split screen. A Track Editor is also featured, allowing you to create your own custom designed tracks.
Jet Force Gemini (USA)	Twins Juno and Vela, and their dog Lupus, are Jet Force Gemini, intergalactic police. Their mission? Stop the evil space bug, Mizar, from his goal of galactic conquest with his seemingly-infinite army of Drones. They'll have to stop along multiple planets along the way, and assisting King Jeff and rescuing his subjects, the Tribals. Jet Force Gemini is a third-person shooter which revels in making gigantic creepy bugs explode into dribbly mucousy bits. The Jet Force team are given progressively more powerful weapons, from the Machine Gun, which rips through both enemies and ammo, the Plasma Shotgun, which you can charge up for some explosive fireworks, and the Tri-Rocket Launcher, which fires three rockets with every shot, sending explosive doom in the direction of your target. There's also the Fish Food, which is used to...er, feed fish.
Jikkyou G1 Stable (Japan)	As a player, you can choose to open a new stable or play the Original Stakes mode, where you can race, register, and edit your horses and jockeys. The game features famous racecourses in Japan, such as Tokyo, Nakayama, Kyoto, and Sapporo, each with different distances and course conditions, providing a realistic racing experience. With a large number of races held annually in Japan, players must strategically plan their racing career, manage their stable's finances, become skilled with the horse breeding system that allows you to create and customize your own bloodlines, and make training decisions to optimize their chances of success. Players can choose to race with their own horse or jockey, participating in various types of horse racing, including flat racing, jump racing, and Ban'ei Racing, where horses must pull sleds up sand slopes. The game also offers options to register and edit horses and jockeys, allowing players to customize their stable and optimize their chances of winning prestigious races.
Jikkyou J.League Perfect Striker (Japan)	Jikkyō J. League: Perfect Striker is a soccer video game and is the third title in the International Superstar Soccer series, and the first soccer game released on the Nintendo 64. The main mode of the game is J League Challenge, where players play 30 matches from April to October, facing each team twice. The team with the most wins and goals at the end of the league wins. After completing the league, players can play a secret game against a new team. The game also features a penalty kick challenge mode, a tournament mode, and a training mode where players can practice various soccer skills. The game also offers various options, including game length, difficulty, sound, and commentary, which players can customize to their liking. Jikkyō J. League: Perfect Striker allows players to create and edit players and teams, trade players and teams between controller paks, and delete registered/created players.
Jikkyou Powerful Pro Yakyuu - Basic Ban 2001 (Japan)	It is a baseball game with animated characters for Nintendo 64. It was released exclusively in Japan in 2001 and is the final title in the Jikkyō Powerful Pro Yakyū series for Nintendo 64, continuing the series that began with Jikkyō Powerful Pro Yakyū 4, Jikkyō Powerful Pro Yakyū 5, Jikkyō Powerful Pro Yakyū 6 and Jikkyō Powerful Pro Yakyū 2000. All games in the series were only released in Japan.
Jikkyou Powerful Pro Yakyuu 2000 (Japan)	The protagonist, who continued playing baseball in high school and college, makes his third bet and starts playing baseball as a member of a professional baseball team. The game is based on &quot;JIKKYYOU PAWAFURU PUROYAKYU '99 OPENING EDITION&quot;, but with the addition of a new special skill acquisition event and a new team, the &quot;Dosukoi Sake Brewery&quot;.
Jikkyou Powerful Pro Yakyuu 4 (Japan)	Jikkyō Powerful Pro Yakyū 4 is a baseball simulation game. It features a variety of game modes, including Exhibition, Season, All-Star Game, and Home Run Derby. Players can choose from a roster of fictional teams, each with their own unique set of players and abilities. Players can control every aspect of their team, from pitching and batting to fielding and base-running. In addition to the core gameplay, Jikkyō Powerful Pro Yakyū 4 also features a variety of mini-games and bonus modes. These include a batting practice mode, a home run derby mode, and a variety of skill challenges that test the player's ability to hit, catch, and throw the ball.
Jikkyou Powerful Pro Yakyuu 5 (Japan)	Jikkyō Powerful Pro Yakyū 5 is a baseball simulation game developed as part of the long-running Jikkyō Powerful Pro Yakyū series, which is a popular baseball franchise in Japan. Players can create and customize their own baseball team, choosing from a wide range of players with unique abilities and stats. The game features a variety of modes, including Exhibition, Pennant Race, and Home Run Derby. Players can also compete against each other in multiplayer mode. The game simulates the various aspects of baseball, including pitching, hitting, fielding, and base running. Players must strategically manage their team and make quick decisions on the field to win games. The game also features commentary from professional baseball announcers.
Jikkyou Powerful Pro Yakyuu 6 (Japan)	Jikkyou Powerful Pro Yakyuu 6 continues the long-running series with it's third entry for the Nintendo 64. The simple to pick up, trickier to master play mechanics combine old school SNK sports titles with the moves needed to build up a whole dome full of dedicated fans.
Jinsei Game 64 (Japan)	The game allows players to experience different phases of life by spinning the roulette wheel as they progress. Players can experience different phases of life, such as getting married, raising children, working, investing and retiring. Players can also customize their own characters.
John Romero's Daikatana (USA)	You play Hiro Miyamoto an average martial arts instructor who gets involved in a mission of time-shattering proportions. You must rescue the girl from the evil corporation, find the sword with the girl, and travel back in time with the sword, the girl and a Superfly to get a vaccine for a virus that has wiped out two-thirds of the world's populace. The sword is the Daikatana, a weapon wielded by your ancestors, and you are… a guy with guns that fires at things a lot. This is a shooter, which means that while there are cutscenes and plotlines happening in the background, most of it is window dressing for miles of action and gallons of blood and flayed flesh.
Ken Griffey Jr.'s Slugfest (USA)	Aiming for further realism, Slugfest removes many arcade elements from the original Ken Griffey N64 title, replaced with more simulation style elements. For the second time around, new inclusions feature updated team rosters and stats, a new behind the pitcher camera perspective, and a new create-a-player mode. Full support is also included for 4 players in home run derby mode, and 2 player exhibition, while the expansion pak allows for higher resolutions for players and stadiums.
Killer Instinct Gold (USA)	An updated conversion of Killer Instinct 2 from the arcades, all of the fighters, moves and stages are available (including the three newest inclusions to the fighter line-up, Maya, Kim Wu and Tusk) plus new game modes such as Team, Team Elimination, 5 speed levels and a complete training mode helping you to learn the many moves, combos and special attacks for each fighter.
Kiratto Kaiketsu! 64 Tanteidan (Japan)	A sugoroku-esque board game in which group of young children pretend to be detectives within the confines of their home. On their turn, players roll a die and advance that many spaces on the board, even over already traveled tiles. Depending on where they land, they can collect clues, manage stats, etc. Should two players land on the same space, they duel with whatever cards they've collected until that point.
Kirby 64 - The Crystal Shards (USA)	The story begins with Dark Matter assaulting a faraway land for their special crystal. A young fairy called Ribbon takes the crystal and escapes to save it. She lands in Dream Land, but pieces of the crystal have shattered and landed all across the world. Kirby volunteers to help and together they go to find all the missing pieces. Kirby will encounter his friends, who have been controlled by Dark Matter. He'll have to battle them to rescue them. From there, they travel together to other different worlds, including Rock Star, Water Star, and Ripple Star, Ribbon's home world, where Dark Matter is lurking. To properly finish the game, players must find all the hidden crystal shards tucked away in the various levels. Only then will Kirby and his friends truly save Ripple Star.
Knife Edge - Nose Gunner (USA)	Battle your way through level after level of intense air and ground attacks, as you take control of a powerful airship, with the simple aim of defeating the enemy. Take out other airships and defense installations through areas from tunnels to martian like landscapes. Unlike most shooters of this type, Knife Edge uses a unique camera perspective that automatically moves through the environment in front of you in order for quick target locks. And you don't control the ship itself, letting you concentrate on moving the target onto enemies ahead. You can play the story mode by yourself or with 3 friends, each controlling a separate ship for the battle ahead. A battle mode for 4 players is also included.
Knockout Kings 2000 (USA)	Play as some of the greatest names in boxing history through a full career, or create your own boxer and fight your way to the heavyweight championship. Famous names include Muhammad Ali, &quot;Sugar&quot; Ray Leonard, Lennox Lewis, Oscar De La Hoya and Evander Holyfield, plus many more from a range of weight divisions.
Kobe Bryant in NBA Courtside (USA)	Fully endorsed and featuring motion captured moves of the man himself, Kobe Bryant, NBA Courtside has all the teams and players from the 1998 NBA Season. Play modes include the usual 82 game regular season, playoffs, exhibition and the ability to create your own player in the create-a-player mode. The players themselves, using the motion captured moves of Kobe, use a range of different basketball moves for the full-on experience, including many different dunk, dribbling and passing techniques, as well as a high range of artificial intelligence.
Last Legion UX (Japan)	In the far-flung future, UNION IV and Light Raid fight for control of the Earth using mechanized battle suits known as Legions. Light Raid attempts a coup by sending eight Legions 4500 years into the past to win the war before it begins, but a single UNION IV Legion is quick to follow. Last Legion UX is a 3D arena fighter with full freedom of movement. Twelve playable mechs can be outfitted with a wide variety of weapons and shields for different capabilities in battle. Go head-to-head against the computer in Story Mode or 1 Player, or fight against a friend in 2 Player.
Legend of Zelda, The - Majora's Mask (USA)	After having fulfilled Princess Zelda's request and saved the land of Hyrule from grave danger, Link departs on his horse Epona. In the Lost Woods, he is ambushed by Skull Kid, an imp who dons a mysterious mask, accompanied by the fairies Tael and Tatl. Skull Kid turns Link into a small plant-like creature known as a Deku Scrub and takes away his horse and his magical ocarina. Shortly afterward, Tatl joins Link and agrees to help him revert to his native form. A meeting with a wandering mask salesman reveals that the Skull Kid is wearing Majora's Mask, an ancient item used in hexing rituals, which calls forth a menacing moon hovering over the land of Termina. Link has exactly three days to find a way to prevent this from happening.
Legend of Zelda, The - Ocarina of Time (USA)	The story follows Link, a boy raised among the Kokiri in the forest village of Hyrule. Summoned by the guardian spirit, the Great Deku Tree, Link learns of an impending danger: Ganondorf, leader of the Gerudo, seeks the Triforce, a sacred relic that grants godlike power. With the aid of Princess Zelda and his fairy companion Navi, Link embarks on a quest to secure the three Spiritual Stones and open the path to the Sacred Realm before Ganondorf can seize control of Hyrule. The adventure spans both Link's childhood and adulthood, with time itself becoming central to his mission.
Legend of Zelda, The - Ocarina of Time - Master Quest (USA) (GameCube)	Master Quest is essentially the same game as Ocarina of Time. While the adventure unfolds in the same way (same enemies, items, characters), the difference lies in the dungeon layouts. Dungeons are remixed, meaning that item placement and room progression have been altered. So, even if you have already played Ocarina of Time, Master Quest offers a new take on a familiar setting.
LEGO Racers (USA) (En,Fr,De,Es,It,Nl,Sv,No,Da,Fi)	For the first time, build your favourite Lego carts on your Nintendo 64 using all of the blocks that are available in real life, thanks to the detailed Creation modes. You can then race your beast against other lego built characters in 12 special themed tracks, based on the Themed Lego kits (including Pirates & Egypt and much more). Race your friend in split screen mode, or go straight on for the ultimate Lego racing trophy.
Lode Runner 3-D (USA)	The Emperor Monk of Pandora has begun raiding the Out-Sector Colonies, stealing vital gold supplies from the free systems. The Federated Hegemonies have no choice but to ask the Lode Runners to stop the raids and put an end to the Emperor's rule. Unable to use the full fleet on the Emperor's defenses, which would cause mass casualties, they decide that a lone Lod Runner should enter the enemy base to recover any gold found and destroy the Emperor. From an isometric style perspective, you must guide Lode Runner through each of the levels, dodging defensive blocks and enemies by either placing bombs and blowing holes in the ground to finding another way around. By finding all of the gold on the level, you can then progress to the next level.
Mace - The Dark Age (USA)	Live by the sword. Kill for the mace! Forged in the fires of the Dark Ages, Mace is the hottest 3D fighting game ever! Each medieval character wields a weapon unique to their land of origin. Their only desire - inflict serious pain! Sixteen player-selectable characters, two amazing bosses and six hidden characters. Tons of tasty combos and reversals with simple four-button controls. Become immersed in battle with complete 3D character movement. Behold the interactive multi-level arenas, but beware of the deadly boundaries!
Madden Football 64 (USA)	In terms of features, the first of Electronic Arts' Madden series to appear on the Nintendo 64 is closest to Madden Football '98. Madden Football 64 was the most graphically advanced Madden game at the time of release. Visual features include 5000 frames of animation and a HelmetCam view from the player's eyes. AI adjusts during the game to your playing style. You can create, deaft and trade a full roster of players. The game does not have an NFL license, so all the teams are named by just the city name with no logos. It does have a players license though, so all the real players are here.
Madden NFL 2000 (USA)	John Madden brings the best football back to PC, bigger than ever! All 31 NFL teams (including the new Cleveland Browns), all-star and classic teams, player-specific animations, and much more. Graphics are better than ever. Improved running and rush interface gives you the ultimate control over strategy and execution. Even a franchise mode to keep you busy for a while.
Madden NFL 2001 (USA)	Think you got game? Take your skills online against the best through EA SPORTS -sponsored tournaments. Check the online ranking to see how good you really are. The exclusive NFL coaches club license brings in real coaches complete with their own signature styles and plays to add even more strategy to your game. Historical All-Madden team rosters let you match-up today's stars with the legends of the game for all-time braggings rights. Throw in an improved front end and enhanced AI and you've got the ultimate in PC football.
Madden NFL 2002 (USA)	John Madden brings the best football back with updated stats and players, bigger than ever! All 32 NFL teams including the expansion Houston Texans. Hard to believe but they make many improvements on the previous version. There are new player faces and on-field animations and expanded motion capture. EA Sports added a new game within the game called Two Minute Drill. The controls are basically the same with Easy Play using simplified controls and Normal Play with the full features encompassing nearly everything one could do on the real gridiron. You can create a player or a whole team. Trade players and manage teams through out the season.
Madden NFL 99 (USA)	As with all yearly updates to the football series, Madden NFL 99 features improved graphics and AI over its predecessors. Force feedback, 8-button controllers and online support are available. The team roster includes nearly 100 successful vintage NFL teams as well as the full up to date roster at the time. There is more commentary integrated than before. This version features a new Franchise mode, which allows you to control a team through a number of seasons, taking into account free agents, retirement, drafts, and salary caps. Each team can have different playbooks. Also added is a one-button mode, which simplifies controls for beginners. Tying in with this is the arcade mode, which removes some of the more complex rules and adds to the force of impacts.
Magical Tetris Challenge (USA)	Magical Tetris Challenge mixes the well known Tetris brand with the characters and worlds of Disney. The original Tetris is on offer through the usual endurance challenge or the new story mode, where you choose one of the many well known Disney characters (Mickey, Minnie, Donald, and Goofy) and take on the bad guys in a game of Tetris to save the day. A 2-player mode is also included.
Mahjong 64 (Japan)	Mahjong 64 is a video game adaptation of the traditional Chinese tile game, Mahjong. The game includes various modes, such as single-player against AI opponents and local multiplayer for competitive play with friends. Additionally, there are different rule sets for various regional variations of Mahjong.
Mahjong Hourouki Classic (Japan)	A mahjong game based on the manga of the same name, itself an adaptation of the novel Mahjong Hourouki.
Mahjong Master (Japan)	In Mahjong Master, players take on the role of a skilled Mahjong player competing against other opponents in various tournaments. The game features three different modes: &quot;Vs. Computer&quot;, &quot;Vs. Human&quot;, and &quot;Tutorial&quot;, each with its own unique challenges and gameplay mechanics. In &quot;Vs. Computer&quot; mode, players can select from a variety of computer opponents, each with their own skill levels and playing styles. As players progress through the game, they will face increasingly difficult opponents, testing their skills and strategic thinking. In &quot;Vs. Human&quot; mode, players can challenge their friends or family members to a game of mahjong using a split-screen display. This mode allows for up to four players to compete against each other, making it perfect for multiplayer gaming sessions. Finally, the &quot;Tutorial&quot; mode is designed for beginners who are new to the game of Mahjong. This mode provides a step-by-step guide to the rules and gameplay mechanics of mahjong, allowing new players to learn the game at their own pace.
Major League Baseball Featuring Ken Griffey Jr. (USA)	The full Major League Baseball is on display in this mainly arcade style baseball title. All teams and players are available for exhibition, season and world series modes. Up to two players can play through these modes, with a further two for 4 player home run derby, where the winner is determined by the amount of balls you can whack out of the park. Ken Griffey Jr. supplies his motion captured moves and voice to the game, along with team stats tracking through-out the season.
Mario Golf (USA)	Forget buying expensive golf gear--Mario brings the game to you. Mario Golf features four complete 18-hole courses, 11 golfers, and precise play control. Create your own golfer and build up his or her experience and skill levels by competing in various tournaments and head-to-head matches. The more you play, the stronger and more accurate your golfer becomes. There are many different modes of play in Mario Golf, including a wide variety of minigames designed to challenge even the most level-headed swingers.
Mario Kart 64 (USA)	Mario Kart 64 races eight familiar faces, including Mario, Bowser and Yoshi, on four progressively tougher four-track circuits. Wide curves and gentle banks mark the Mushroom Cup tracks. Your commute gets notably tougher on the Flower Cup, though. The player will have to dodge semis rumbling on Toad's Turnpike and bounding boulders on fogbound Choco Mountain! Star Cup tracks range from the icy surfaces of Sherbet Land to the lava lakes of Bowser's Castle. The true test of karting competence, though, comes on the four tracks in Special Cup. Zip through the dark caves and green hillsides of Donkey Kong's Jungle Parkway, cling to the sheer cliffs of Yoshi Valley and hustle over haunted Banshee Boardwalk before tackling the longest track in the game: neon-lit Rainbow Road.
Mario no Photopie (Japan)	Mario no Photopi is a Mario-themed art game for Nintendo 64. It allows players to edit photos and add Mario-themed artwork, borders, etc. The game has a specialized cartridge: there are two slots on the top that allow players to insert SmartMedia cards from their cameras. This is for importing digital images for the purpose of editing. It is the only game to use this type of cartridge. Special video game-themed SmartMedia cards were also released for use with the game. There is also a minigame included in the form of a slide puzzle.
Mario Party (USA)	Mario has battled Bowser, saved the Mushroom Kingdom, and raced through countless adventures, but now it's time to party! In Mario Party, Nintendo brings the most exciting bash to the N64, where Mario and friends compete in a board game-style showdown packed with mini-games. Players roll dice to move across themed boards, each filled with surprises and over fifty mini-games. Competitions range from free-for-all challenges to two-on-two and three-against-one battles, testing skills in racing, puzzles, and quick reflexes. Winning games earns coins and stars, determining the ultimate party champion. Game boards feature animated elements, hazards, and special challenges. Mario, Luigi, Peach, Yoshi, Wario, Donkey Kong, and Bowser all join the fun, each with their own board. While Mario Party offers solo play, the real fun comes with friends, ensuring an unforgettable multiplayer experience full of laughter, strategy, and late-night excitement.
Mario Party 2 (USA)	Mario and a range of well known Nintendo characters, including Yoshi, Bowser, Luigi, and Wario return for some more party action. The second edition includes 5 new boards, each with a specific theme, such as Space Land, Western Land, Horror Land, and Mystery Land. Each board includes unique attributes in relation to the theme, but the main goal is the same: complete the board game over a certain amount of moves and be the player to have the most coins and/or stars at the end. The single player story mode allows one person and 3 CPU controlled players to play each board. Once you play a specific mini-game (64 in all), they become available to purchase using the coins you collected in your games to play anytime. Multiplayer allows 2 to 4 people to play the game.
Mario Party 3 (USA)	The series continues with a set of 70 new mini-games. Play in the new single-player Story mode, or bring in some friends for Party mode. Four player games and a new two player mode are also available for play. In Battle Royale mode (four player), you race around different boards to earn the most stars and coins. At the end of each round, you face it off in one of the mini-games, which can be chicken chases, snowball fights, or various other competitions. Duel mode allows play between just two people. You still race around the board, but mini-games are only played when you land on a specific square. Another play change is the addition of another character for your team, allowing tag team-style action in the game. Story mode is essentially the same as a Battle Royale, except your opponents are played by the computer.
Mario Tennis (USA)	Choose your favourite Nintendo character and take to the world of tennis. Game types include ring shot (where you must shoot the ball through golden hoops that are suspended above the play area, gaining bonus points as you play), bomb tennis (simply put Tennis with Bombs) and Piranha Challenge (much like the tennis machines which chuck balls at you, but in this case they are replaced with Piranha plants). Of course, there is your normal tournament mode, with up to 4 players in on the action, and some crazy arenas, especially Bowser's Castle, which is suspended above a lava pit!
Mega Man 64 (USA)	Mega Man blasts his way onto the Nintendo® 64 System for the first time ever! This epic adventure combines the best of classic Mega Man action with enormous bosses, a riveting storyline and all the depth of the hottest RPG. Explore vast 3-D worlds in your quest to find the treasure of all treasures, the Mother Lode. You'll love the stunning 3-D graphics, powerful weapons and non-stop action ...unless of course, you're a boos.
Mia Hamm Soccer 64 (USA) (En,Es)	Feel the excitement as you take the winning shot with soccer champion Mia Hamm! Be a part of Mia Hamm's All-Star team or take Mia on, as you play for the World Cup in front of thousands of animated fans. Learn the art of a corner kick, a penalty kick or how to beat a goalkeeper one-on-one, and get tips from Mia that you can take with you onto the real field!
Mickey's Speedway USA (USA)	Mickey's Speedway USA is a kart racer from Rare based on the Diddy Kong Racing game engine. Players compete in circuits of four races, grand prix style, and the player with the most points at the end of all four races wins the gold trophy. There are six initial racers, but only three sets of stats shared between them. Minnie and Daisy are lightweight and good for beginners, Mickey and Donald are both all-around characters, while Pete and Goofy are the slow but fast heavyweights.
Micro Machines 64 Turbo (USA)	With a quirky mix of toy car racers and sophisticated gameplay, Micro Machines 64 Turbo guarantees to be a refreshing addition to the stable of standard racing games. The wide variety of vehicles featured includes Formula 1 racers, speed boats, monster trucks, tanks, and ice cream trucks. Choose from 25 whimsical tracks, which run the gamut from a kitchen table to a chemistry lab, each including the appropriate props to match the d¿cor. Such detail rich touches keep this game interesting, even to the most jaded gamer. Belying the kiddie car appearance, the game requires you to plan strategically if you want to emerge the winner, making good use of the weapons at your disposal.
Midway's Greatest Arcade Hits - Volume 1 (USA)	Midway's Greatest Arcade Hits: Volume 1 contains the four Williams-produced games Defender, Sinistar, Robotron: 2084, and Joust plus the two extra games: Spy Hunter and Tapper.
Mike Piazza's Strike Zone (USA)	Mike Piazza's Strike Zone is a baseball simulator released exclusively for the Nintendo 64. Showcasing then-New York Mets catcher Mike Piazza on the cover and in the aforementioned title, it features the ability to play exhibition games as well a season mode that offers season lengths of 15, 81, or 162 games. A World Series mode, All-Star Game mode, and Home Run Derby mode are also among the offerings. The game has many customizable features (including the ability to change team names and logos).
Milo's Astro Lanes (USA)	Futuristic space bowling simulation, with nuclear balls, lots of power-ups and wacky characters. Robots, aliens and funky courses, and a multiplayer mode where you can ruin your friends' opportunities with different special weapons.
Mini Racers (USA) (Ja) (Proto)	Mini Racers has several game modes in single and multiplayer, including a track editor to create your own course and a random track generator. Radio-controlled cars could get a turbo boost by pressing the Z button. N64 Magazine played an early version and expressed their frustration with the poor camera, although when they played Spaceworld in 1999, they noted that the angle and distance of view were now configurable and could even be played in a top-down view.
Mischief Makers (USA)	It is a 2D side-scrolling platform game in which the protagonist uses her hands to grab, shake, and throw objects. There are 5 &quot;worlds&quot; in the game, each with about 10 levels. You are Marina Liteyears, assistant to professor Theo. The professor has been kidnapped, and some of King Aster's troops have defected. It is up to Marina, with some help from the troops still loyal to the king, to save the professor and defeat the evil empire.
Mission - Impossible (USA)	Prepare to enter into the most demanding and dangerous Mission Impossible ever. Your mission, should you decide to accept it, will be to guide your team through a spectacular series of authorized worldwide missions encompassing over 20 levels of gameplay. Razor-sharp reflexes, the ability to make quick decisions, strategic thinking and an extremely high level of accuracy will prove essential. As always, should you, or any member of IM Force be caught or killed, the Secretary will disavow any knowledge of your actions. As usual, Ethan Hunt will be your point man. This game will not self-destruct in five seconds, but you may...
Monaco Grand Prix (USA)	Innovative 4-point physics engine calculates and monitors all 4 tires independently, creating the most precise simulation of Grand Prix style racing you will ever experience. 16 international courses, and all tracks to scale with realistic dimensions, scenery and environments. Up to 22 racers competing on each track. Arcade, Amateur, Expert and Pro modes. Indestructible cars or real-life damage, dents and shrapnel. Weather effects and multiple road conditions. Start as an inexperienced driver with an entry-level team. As your skill improves, you're invited to race for more prestigious teams.
Monopoly (USA)	This time, a Monopoly game on your computer, as good as it knows to be in your reality. Every move of yours can be in 3D animation, or off if you don't want to see animations. There can be up to 6 players at once, and it can be played over the Internet. Music is in midi format, and the sound quality is at the wav format. Roll, spin, and don't miss to give us a grin.
Monster Truck Madness 64 (USA)	The game features 20 trucks to ride in and 10 tracks to race on. Single player game modes the game offers are exhibition and circuit race. During the races you have to drive to check points to set your time. You can pick up a variety of power-ups such as invisibility, homing missiles, oil slicks, shrink bombs, hover modes, nitro, super jumps and shields. In multi-player the game offers various game modes such as hockey, soccer, police chase, summit rumble (king of the hill) and tag. You can play the tracks during various types of weather and different times of the day.
Morita Shougi 64 (Japan)	Morita Shogi 64 is a Japanese virtual board game for the Nintendo 64. It was released only in Japan in 1998. It has a built-in RJ-42 Modem Connection port with which you were able to connect to (now dead) servers to play against other gamers all around the world.
Mortal Kombat 4 (USA)	A NEW DIMENSION OF KOMBAT Shao Kahn has been defeated at the hands of Earth's warriors, and now Shinnok has escaped to his confines in the Netherealm. The war has resumed once again. This time, the battle CAN be won by mortals! REAL WEAPON KOMBAT! Characters can pull out weapons that can be thrown, dropped or even picked up by your opponent and used against you. INTERACTIVE BACKGROUNDS: Objects in the background can be picked up and thrown at your opponents. SECRETS AND KODES: Mortal Kombat 4 is packed with hidden characters, kodes and other features that aren't even in the arcade game! 3D FATALITIES: Watch as brand new and classic fatalities take on a completely different meaning in 3 dimensions! 3D GAMEPLAY: Characters can now move in 3D to dodge projectiles or pick up weapons. Enter the sinister 3D realm of Mortal Kombat 4. Shinnok is ready... are you?
Mortal Kombat Mythologies - Sub-Zero (USA)	In a surprising twist of fate, Midway made a Mortal Kombat game that focuses on perhaps the series strongest point when compared to other fighting games: it's storyline. The game casts you in the shoes of Sub-Zero, and chronicles a series of events that ocurred prior to Mortal Kombat 1. In a storyline that is reminiscent of Looking Glass's Thief, the Lin Kuei assassin/thief is sent to steal an important document; this mission proves to be a test from a mysterious character (which turns out to be MK4's Quan Chi) and who charges you upon retrieval of this object to recover an ancient medallion of untold power. However once you retrieve the medallion, Quan Chi reveals that he actually tricked you, and the medallion is the key to awakening the demonic Shinnok (yup, the same baddie from MK4). You must now become a reluctant hero, as you pursue Quan Chi trough hell itself hoping you get to Shinnok before him.
Mortal Kombat Trilogy (USA)	All the characters from the first three Mortal Kombat games return for the ultimate battle. You can play as Kano, Reptile, Mileena, Kung Lao, Shang Tsung, Sindel, Sketor, Stryker, Nightwolf, Sheeva, Kitana, Scorpion, Sonya, Smoke (Cyber Ninja), Rain, Jade, Baraka, Johnny Cage, Ermac, Noob Saibot, Sub-Zero (Unmasked), Sub-Zero (Classic), Jax, Rayden, Cyrax, Liu Kang, Smoke (Human), Kabal, Goro, Kintaro, Motaro, or Shao Kahn. This game is one-on-one martial arts fighting. The player can choose from over thirty different characters, all with their own fighting style and their own special moves. Trilogy differs from the other games in that you can play combinations of people that otherwise isn't possible, such as old Liu Kang vs. new Liu Kang, etc. Mortal Kombat Trilogy also allows you to challenge a friend to a fight through a Windows IPX network connection.
MRC - Multi-Racing Championship (USA)	Sit down, strap in and hang on for the most extreme racing challenge the world has to offer. Race over a variety of terrains, battle the elements and secure your place among rally racing's most elite drivers. MRC's fully customizable settings let you equip your vehicle to exploit road conditions and weather to your advantage! Choose from 8 high-performance, fully customizable vehicles, plus two secret vehicles. Navigate through three challenging courses. Enjoy multiple viewing perspectives from a racer's bird's-eye perspective to behind-the-vehicle views. Speed through highly detailed backgrounds, amazing graphics and impressive sound effects for a realistic racing experience.
Ms. Pac-Man - Maze Madness (USA)	Ms. Pac-Man Maze Madness is a combination of classic Pac-Man (or in this case, Ms. Pac-Man) action, maze exploration and Sokoban-like puzzle elements. Players take on the role of Ms. Pac-Man and have to save Pac-Land once again. Although the game is in full 3D, players can only move along designated paths. The four Wonders, mystical regions separated from the rest of Pac-Land by force fields, contains four Gems of Virtue: Generosity, Truth, Wisdom and Courage, each holding enough power to help keep Pac-Land safe from evil. However, an unknown enemy has transformed the Enchanted Castle into a haunted house, in turn starting a chain reaction of evil all around Pac-Land and the four Wonders. It is up to Ms. Pac-Man to enter the 3D designed worlds of the four Wonders and put the evil to rest for good.
Mystical Ninja Starring Goemon (USA)	Mystical Ninja Starring Goemon is an action-based RPG similar in style to The Legend of Zelda: The Ocarina of Time. It is also the first localized Goemon game since The Legend of the Mystical Ninja for the SNES. Players control Goemon and his friends as they make their way through Ancient Japan to stop the Peach Mountain Shoguns. You can talk to characters, whack enemies with your pipe (or hurl coins at them), visit a deranged fortune teller who shrieks out &quot;PLASMA!&quot; at random intervals for no reason, and more. Each member of the Goemon team can also learn a special ability to access new areas as players progress through the game. Goemon earns the &quot;Sudden Impact&quot; power, which lets him move blocks he normally couldn't, Ebisumaru can shrink to small sizes so he can pass through tiny cracks, Sasuke earns an extra high jump, and Yae gets the ability to transform into a Mermaid so that she can swim underwater.
Nagano Winter Olympics '98 (USA)	The official game of the XVIII Olympic Winter Games held in Nagano, Japan, including 12 events such as Downhill, Giant Slalom, K-90 and K-120 Ski Jumping, Freestyle Aerials, Snowboard Halfpipe (only in the N64 version) and Slalom (in their Olympic debut), 500m and 1500m Speed Skating, Bobsleigh, Luge and Curling. Up to four players can choose one of 16 nations and compete in Olympic (play for the medals) or Championship mode (for the points, in a Decathlon-style competition).
Namco Museum 64 (USA)	No this isn't the 64th edition of Namco Museum, but it is a conversion of the series from the Playstation to the N64. Included in this version of the series are Pac-Man, Ms Pac-Man, Dig Dug, Pole Position, Galaga and Galaxian. And as usual you can dig into past info, sketches and pics for each title in the museum.
NASCAR 2000 (USA)	This NASCAR stock car racing simulation is a sequel of sorts to NASCAR Revolution. The game features 18 real world tracks plus several fantasy road courses, and 30 active NASCAR drivers plus some &quot;legend&quot; drivers. Game modes include quick races, full weekend events, a full or abridged championship series, a Race Against the King mode where you race against Richard Petty in a series of events, and multiplayer support for up to 4 players. Updated physics and AI help the game aim for more realism.
NASCAR 99 (USA)	Race to Win with NASCAR Cars, Drivers, and Tracks! Race on the high banks, Night racing under the lights, Step in and take the wheel, head to racing, celebrate victory Earnhardt style.
NBA Courtside 2 featuring Kobe Bryant (USA)	Step onto the hardwood in the shoes of one of the most exciting and creative players in the NBA today. NBA Courtside 2 delivers unparalleled graphics, incredibly fluid player animations, an extremely wide range of one-player controls and all-new two-player controls. Create a rookie, and depending on how well you play, their skill ratings will increase or decrease. Quick Play, Season Play, Arcade Play, 3-Point Contest, Tournament Mode and four different Season modes.
NBA Hangtime (USA)	NBA Hang Time is a 2-on-2 arcade basketball action game following in the footsteps of NBA Jam. All NBA teams, each featuring 4 players to choose from, are included along with fast paced, over-the-top basketball, disregarding the normal rules of the game but including fouls and out of bounds. You can also create your own player, with a collection of body parts and clothing to choose from.
NBA in the Zone '98 (USA)	This fully licensed NBA title features all teams and players from the NBA for the 97/98 season, allowing Exhibition, Season, Playoff and All-Star modes for 1-4 players. Full teams stats, info and schedules are included, along with a complete list of options to create the game you want (from the length of each match, rules, control schemes, difficulty and more).
NBA in the Zone '99 (USA)	Konami's second attempt of NBA basketball features all the options from the '98 title plus new motion captured moves, an icon passing system, on the fly play calling and up-to-date rosters and stats for the 98/99 NBA season. A new three point contest is included to go with the Exhibition, Season, Playoff and All-Star modes. All this and the voice of Chicago Bull public announcer Ray Clay.
NBA in the Zone 2000 (USA)	The third in the In the Zone titles features all the usual options you come to expect from an NBA simulation title, including Season, Exhibition, Playoff, All-Star, Slam Dunk and three point shoot-out contests. Fully licensed, the game features all the latest players, stats and teams from the NBA 99/2000 season, plus the icon-passing and on the fly play calling for a complete basketball game. Commentary again features the voice of Ray Clay.
NBA Jam 2000 (USA)	All-new 2-on-2 JAM mode featuring 50 dunks and awesome special effects! Custom 2-on-2 JAM mode courts, including street court. Authentic 5-on-5 simulation mode with actual team play styles like the Jazz Pick-and-Roll. Jaw-dropping ultra high-res graphics! Unique signature moves like the crossover dribble. Create your own JAM player. All 29 teams and over 300 NBA superstars! Over 800 all-new motion captured moves by the &quot;X-Man&quot; Xavier McDaniel!
NBA Jam 99 (USA)	NBA Jam returns, this time removed of its flashy jams and flaming basketballs, replaced with a full simulation of basketball complete with all teams and players of the 99 season, full create-a-player and create-a-team modes, season, exhibition and shoot out modes. Total team management is also included, with the ability to trade, release and sign new players as well as scouting reports. 4 player multiplayer is also supported.
NBA Live 2000 (USA) (En,Fr,De,Es)	Like its predecessors in the long-running series, NBA Live 2000 strives for realistic basketball simulation rather than arcade-like gameplay. New moves have been added in this installments, and opponent AI has been tweaked to make victory more dependent on executing the right moves at the right times. As in the previous NBA Live games, it is possible to edit and create basketball players, as well as create and build an own team.
NBA Live 99 (USA) (En,Fr,De,Es,It)	Play through the 98/99 NBA season or multiple seasons to build up your team over time. Or just jump straight to the playoffs. Trade, release or pick up free agents to add to your team. Have a bit of fun with the 3 point shootout mode. And a host of new player animations, including facial animations, and player moves.
NBA Showtime - NBA on NBC (USA)	The NBA like you've never seen it before! NBA Showtime: NBA on NBC brings you the top players from each team in a heart-pounding, pulse-racing above-the-rim match-up! You'll see the intensity on their faces and hear it in their voices, you'll feel the power of every pass and every shot! This is what the NBA is all about! Go for rebounds and 3-pointers in all 28 arenas around the league. Choose from over 130 real NBA players plus hidden characters!
Neon Genesis Evangelion (Japan)	Neon Genesis Evangelion is a game adaptation of Yoshiyuki Sadamoto’s manga of the same name which also got an anime release. It is the only Evangelion game that was released on N64. It covers the major battles from the entire Evangelion saga and features original footage from the anime. In Story Mode you take control of bio-mechanical mechas called Evas to fight against monstrous beings called Angels. To see every mission through, combo attacks (punches and kicks), blocking and grappling techniques are available at your disposal. Depending on the damage the Eva you control takes and if certain parameters are met during that time you will be given a time limit in which you must end the battle with the Angel. The Simulation Mode: almost plays like a shooter. It’s a 1st-person perspective mode where you must eliminate as many Angels as possible within the time limit. When the time limit ends you get a rank depending on how many enemies you destroyed and how many bullets you used.
New Tetris, The (USA)	With special new moves, additional ways to score, and room for up to 4 players simultaneously, this already habit-forming classic will have you absolutely addicted! Perform a Spin Move to place that hard-to-fit piece. Can't use the shape you're given? Use the Hold Piece instead. Form Multi- and Mono-Squares, then clear them to make you score soar! You can even dump Garbage on your friends as you compete in multi-player mode.
NFL Blitz (USA)	NFL Blitz gives the National Football League the same over-the-top treatment that Midway had used so effectively with NBA Jam. Features include exaggerated muscle-bound player models, &quot;turbo&quot; buttons, fast action, and some pretty wild rules changes (like 30 yards for a first down!). Blitz is nothing if not a unique football gaming experience. Player taunts (&quot;This is MY HOUSE!&quot;), unpenalized late hits, and amusing running commentary from the announcers (&quot;That was totally uncalled for -- but awfully fun to watch!&quot;) all add to the game's violent charm.
NFL Blitz - Special Edition (USA)	Real Teams, Real Players, Real Attitude! Buckle your chin strap and brace yourself for adrenaline style football like only Blitz can dish out! NFL Blitz Special Edition is completely updated for the NFL 2001-02 season featuring current teams, schedules and uniforms. Prepare yourself to take command of the fastest football video game on earth!
NFL Blitz 2000 (USA)	New edition of Midway's &quot;NFL Jam&quot; action/sports game where the emphasis is on bone-crushing action rather than sport simulation. Additions this year come in the form of a season mode, a simpler passing system based on preset buttons (gone is the &quot;aiming&quot; mechanism) as well as a limited yet functional play-book editor. Also included are new audible calls and voice-overs, smoother animations and new stadiums to play in. Supports multiplayer gameplay of up to 4 players in one single machine! (two on keyboard, two on gamepads).
NFL Blitz 2001 (USA)	No refs... No rules... Just 'classic' gridiron. Late hits, pass interferences, and other penalties are encouraged (though you can't run offside). Cheerleaders in, well, cheerleading uniforms liven up the end of the first and third quarter and there's enough stats to make the mathematically inclined happy. However, the teams features are not entirely based on real life (Indy was at the top), and it is not as addictive as the old-fashioned PC games of the early 1990's, but still a good game for someone who doesn't mind not-so-classic, almost XFL style football.
NFL QB Club 2001 (USA)	The final QC title on N64 follows in the similar footsteps of the previous three titles on the console, with a full on NFL football simulation with all the teams, players and stats. Modes include Exhibition, Season, Practice & Pro Bowl, with the option to play past NFL Super Bowl games our create your own custom simulation. You can also create your own team and players, a full play book, and sign or trade players pre-season. Up to 4 players are supported.
NFL Quarterback Club 2000 (USA)	QC returns for another season. For the third time around, improvements over the previous titles include far more player detail and animations during plays (thanks to 1200 motion captured moves) and more moves and strategies. In terms of gameplay, the usual assortment of options are included, from full team management (trades, drafting, etc.) to create a player and create a team modes. Play with 4 people in Tournament, Season, Playoffs, Pro Bowl and Exhibition games, along with the chance to re-live past Super Bowls.
NFL Quarterback Club 98 (USA)	Acclaim and Iguana come together for a full-on NFL football title. QC98 features full season, exhibition and playoff modes right through the the Super Bowl, with every team, player and stat from the 1998 season. You can also play historic Super Bowl games from past years, where you play as a specific team at a point in one of the many games, and attempt to re-create history. And if that isn't enough, you can also read full profiles on every player in the league.
NFL Quarterback Club 99 (USA)	Plenty of new additions have been made to this, the second Acclaim NFL title on the N64. Updates to every team, from player stats to team records, are included, along with 6 European NFL clubs, while team plays and AI strategy features the mind of New York Jets offensive coordinator Charlie Weis, and all 32 Super Bowls can be re-written to your style. Also included is a create a player mode; weekly, game and season awards; total team management options including trading, drafting and releasing players; 30 play books based on real team designs; Play-by-play from Mike Patrick, color calls from Randy Cross and referee calls from NFL's head of officials, Jerry Markbreit.
NHL 99 (USA)	After the award-winning NHL 98, EA worked to improve what was considered to be one the most complete ice hockey games in the market. Along the usual and almost obligatory NHL roster updates, the International mode first featured in the previous version was expanded, allowing players to choose IIHF rules and rink size.
NHL Blades of Steel '99 (USA)	Non-stop NHL action! The newest all-star in the Konami Sports Series hits the ice! Get ready for a whole new game! NHL Blades of Steel '99 hits the ice with all the NHL players, stats and action. Motion captured animation, adjustable team strategies and fully detailed NHL stadiums with real ice conditions. Updated 98-99 rosters called out by NHL TV announcer Randy Hahn. Trade players and sign free agents. Full season stat tracking and league leaders.
NHL Breakaway 98 (USA)	This ice hockey game has a playbook-based AI system based on the teams' actual playbooks allowing for specific teams to play their actual styles, with variable player size, from big defensemen to small speedy wingers. There is a total team management system to make trades, improve coaching, create draft picks and send players through training camps, or even send injured athletes for therapy. The inclusion of all the marquee players such as Lemieux, Gretzky, Messier, Sakic, Hull, and others is mostly mandatory in sports games. Also, the hints about how to play each team from NHL player Keith Tkachuk are a useful resource.
NHL Breakaway 99 (USA)	NHL Breakaway 99 is the sequel to NHL Breakaway 98. It is the second and last part in Acclaim's NHL series for the Nintendo 64. This new version includes new and updated rosters, teams and schedules. All 27 NHL team feature up to date stats and ratings from the 97-98 season. There are five game modes: exhibition, practice, season, shootout, and playoffs. A wide variety of settings can be set for each game including, injuries, fatigue, fighting and penalty options. Winning a season gains you points that you can invest to decrease injury time, develop your players' skills and trade players. In-game advice is provided by Steve Yzerman.
Nightmare Creatures (USA)	Adam Crowley, a once-respected scientist, now turned to black magic, has released a demonic contagion onto the streets of 1834 London. Based on the long-lost work of the Brotherhood of Hecate, it mutates its victim's bodies into grotesque nightmare creatures, and changes their minds into those of murderous brutes. When Dr. Jean F. began investigating, he was murdered. Now, as either his friend Ignatius Blackward, a priest and expert on the occult, or his daughter Nadia, a biologist and gymnast, fight against the creatures that roam the streets of London, the revived Brotherhood of Hectate, and the man behind it all, Adam Crowley. Gameplay is 3rd-person action, with an emphasis on melee combat. Ignatius and Nadia have different fighting styles and special moves. To keep things moving, an adrenaline meter depletes, killing the hero if it ever runs out. Kill monsters to top it up again. Gather special items to use on enemies, or just kill them using basic weapons.
Nintama Rantarou 64 Game Gallery (Japan)	Nintama Rantarō 64: Game Gallery is a collection of mini-games that are suitable for local play, much like a modern party game. Based on the anime and manga series, Nintama Rantarō.nnnnThe game transports players into the whimsical world of young ninja trainees. Mini-games are offered in both single-player and multiplayer modes. Players can take on various challenges, each designed to test their skills and reflect the nature of the show's characters.
Nuclear Strike 64 (USA)	Nuclear Strike 64 is a helicopter-based game, with strategy elements added to the action gameplay. The plot concerns an elite special force - the player's allies - pursuing a nuclear-armed rogue spy through a fictionalized Asian setting. It retained the earlier game's engine but added several modifications to improve graphical performance and make the game more accessible. The game features 15 playable vehicles, a large increase from previous games. In addition to the main fictionalized Apache, there are secondary helicopters, jets, armor and a hovercraft. The player also commands ground troops in occasional real-time strategy sections.
Nushi Zuri 64 (Japan)	Nushi Tsuri 64 is a fishing-themed role-playing game. It was the first installment of the series for the N64 console and received a Japanese-only release. There are 6 characters from which you can choose from before you start the game. Just like most RPGs you can freely roam the town, visit other towns as well, talk to NPCs and buy stuff which are mostly fishing-related. To fish you need to find a suitable spot and after catching a fish you can keep it to a water tank and feed it. While walking random encounters can occur at any time in which you are transferred at a different screen and have the choice of either throwing stuff like rocks at the enemy to chase them away or run across a path-like bar to reach to safety and end the battle. If you choose to do the latter you are vulnerable as the enemy is able to attack you and have your health depleted.
Nushi Zuri 64 - Shiokaze ni Notte (Japan)	Nushi Tsuri 64: Shiokaze Ninotte (Translates to &quot;Master of Fishing 64, The Sea Ride&quot;) is a fishing game for the Nintendo 64. It was released only in Japan in 2000. The Sequel to Nushi Tsuri 64 which was released 1998. It was compatible with Kawa no Nushi on the Game Boy Colour.
O.D.T. (USA) (En,Fr,Es) (Proto)	This game was never officially released. O.D.T. is an action role-playing game with some platforming and puzzle-solving elements. The player can choose to control any of the four characters. Each of them has his/her own strengths and weaknesses: for example, Maxx has high defense, while the archbishop has access to powerful occult techniques. Defeating enemies rewards the player with experience points, which can be used to increase a particular parameter of a character, increasing his/her combat abilities.
Off Road Challenge (USA)	Like Cruis'n USA, it was also an arcade game ported over to the N64. Gameplay is similar to that of its predecessor, Super Off Road: The Baja. The player races against other off-road vehicles across various landscapes, while collecting nitros and gold along the way. Gold picked up on the course or earned from racing can be used to upgrade the vehicle. Once the player has completed the circuit, they move up to the next difficulty level and go through it again, keeping the upgraded truck.
Ogre Battle 64 - Person of Lordly Caliber (USA)	The Holy Lodis Empire is planning the domination of the entire continent of Zeteginia! It is up to you to raise the flag of revolution and rid the land of the Lodis threat. Make decisions in real-time and take control of numerous characters to prove victorious on the battlefield and regain freedom for all people!
Olympic Hockey 98 (USA)	Olympic Hockey 98 is a hockey game with the official IOC license of the Olympic Winter Games 1998 in Nagano. However, this game is identical to Wayne Gretzky's 3D Hockey; the only changes are swapped teams (14 national teams instead of 26 NHL teams) and the implementation of the Olympic tournament. The license does not cover the athlete's names, i.e. all athletes employed outside the NHL are replaced by generic ones.
Onegai Monsters (Japan)	The player character is a child who starts a journey to become a monster breeder on his tenth birthday. After receiving and hatching an egg, the player walks around the world, completing requests from people and raising monsters. Requests are basic RPG quests—such as collecting an item for a non-playable character—and the monsters fight in Pokémon-style, turn-based battles. Unlike Pokémon, every monster in the game comes from the one baby that the player receives as their first monster. Depending on the food it is fed, the monster gains element points, which determine how it evolves. Monsters level up both through defeating other monsters and when walking around the town. Monsters hatch from eggs that can be bought at the local monster shop.
Pachinko 365 Nichi (Japan)	The 2nd Pachinko game on N64, also uses 5 recreated real machines from Pachinko company Heiwa (Peace Corporation). It has 3 modes: Battle Simulation where players play 365 days a year starting January 1st trying to earn as much money as possible, Pachinko Research mode where players can play freely while measuring machine configurations, stats over playtime, and individually adjust the tightness of each pin, and battle mode where 2 players (or 1 vs a cpu) try to get the most balls within the time limit on a old fashioned less graphically taxing machine.
Paper Mario (USA)	Paper Mario is the follow-up to Super Mario RPG: Legend Of The Seven Stars. Basically, this is an RPG set in the Mario universe. Mario has the ability to gain experience and grow levels by defeating enemies and bosses. Mario also has the ability to recruit teammates to help him out in turn-based battles. As well, Mario can collect badges that will help his combat abilities, star pieces that he can trade for badges, and more items that he can use throughout the game. The Star Spirits will also aid him in his quest.
Paperboy (USA)	Paperboy returns with a new retro-3D look, but with the same objectives. As the paperboy, you must deliver, to your list of subscribers, their paper. The more papers you deliver in the least amount of time, the better the chances of signing more subscribers. For each street, you have a maximum of subscribers that you need to sign-up before you can move onto the next, and more challenging street (aka, the next level). Each street also includes objects that will get in your way (such as dogs, fire hydrants, etc.) as well as bonus objectives (collecting three coins by knocking down people and items on the street will take you to the bonus levels, ranging from obstacle courses to catching fire flies. You can win extra subscribers by completing the bonus levels).
Parlor! Pro 64 - Pachinko Jikki Simulation Game (Japan)	This may be seen as the hardest of all the Pachinko games on the N64. The main menu has a career mode, quick play, options menu and a mix of quick play and career mode. The game has 3 tables which are available from the start.
PD Ultraman Battle Collection 64 (Japan)	PD Ultraman Battle Collection 64 is a role playing game based on the Japanese super hero Ultraman. This is one of the few Nintendo 64 games to make use of the transfer pak, the game can be connected with any Game Boy game to create a character in PD Ultraman Battle Collection 64 from the Game Boy game's data, similarly to Monster Rancher.
Penny Racers (USA)	Penny Racers is a racing game with cartoonish, made-of-paper-like cars. There are thirteen cars which you can choose from and nine tracks in total – all available right from the start. It features two playable modes, Race Series and Time Trial, and a mode that allows you to create your own track. The game also supports up to four human players.
Perfect Dark (USA)	Joanna Dark is an agent for the Carrington Institute, a secret organization funded by anonymous sources and dedicated to protecting the world. Through their highly trained operatives and special devices (gadgets), Carrington keeps an eye on terrorists, world powers, and strange happenings. The speed in which the dataDyne corporation has established itself through the development of new technologies is starting to worry the institute. So when Carrington receives a message from Dr. Caroll, a scientist wishing to escape dataDyne, they send their best agent, Joanna, to infiltrate the company headquarters... Perfect Dark is a first person game similar to Rare's earlier Goldeneye: 007 though with more of an emphasis on stealth. Joanna can pick up and use a variety of firearms. In addition she carries quite a few spy gadgets such as IR scanners, night vision, probes, and a deadly laptop. The Xbox 360 port has redone graphics to support a 1080p full HD resolution at 60 frames per second. It also incorporates full multiplayer support over Xbox LIVE.
PGA European Tour (USA)	European Tour is best thought of as a remake of the original game, rather than a sequel as such. It features 5 courses from across Europe, and 60 top European pros, rather than the US-leaned lineup of the original. The graphics are much more detailed and colorful, as you'd expect considering the intervening years of advances in programming skill. The control system is the standard three-click method used in most golf games, but you can now define intended draw/fade levels in advance of playing the shot, so that a perfect aim leads to a measured effect, and an imperfect one exaggerating the effect. As well as the Stroke Play games of the original (where you count the total score across the whole round of 18 holes, and compare this to your opponent), there are also Match Play (where the aim is to win as many individual holes as possible) and Skins (the same, but with money) modes as well.
Pilotwings 64 (USA)	PilotWings 64 is the update to the original PilotWings for SNES. The gameplay is somewhere between a flight simulation and an action/arcade experience. Players start with a limited number of craft and earn access to other craft and bonuses upon successful completion of set criteria.
Pokemon Puzzle League (USA)	Discover the most frantic, frenzied, fun-filled Pokémon challenge ever--Pokémon Puzzle League! Line up three or more blocks of the same type to clear them off the screen. Create chains and combos to send garbage to your opponent. Collect badges from other Pokémon trainers to earn the right to enter the ultimate competition... a battle against the mysterious Puzzle Master!
Pokemon Snap (USA)	The Professor has asked you to capture the Wild Pokemon of Pokémon island...on film! Tour the island in your ZERO-ONE vehicle and snap pictures of Pokémon in their natural habitat. Wild Pokémon are often camera-shy, so you'll have to use special items to bring them out in the open. Only the best shots will do for the Professor's Pokémon Report, so sharpen your photography skills and get ready to SNAP!
Pokemon Stadium (Japan)	The first Pokémon Stadium features only 42 playable Pokémon. The game focuses mainly on battling. Upon start-up, the game asks if the player if they want to use the Pokémon in their Game Boy Game Pak. If not, only Battle Mode can be accessed. The modes of the game are: Battle Mode, as the name suggests, involves Pokémon battles. There are two types: Free Battle and Tournament. Organize Mode, where players transfer Pokémon and items between their Game Boy party, PC boxes, and Stadium storage boxes. List Mode, where players can look at a list of their Pokémon to see their stats. Register Mode, where the player registers a team of their Pokémon for battle. Party Mode, where the player examines their current team. GB Mode, where the Game Boy Pokémon game currently in the Nintendo 64 Transfer Pak can be played on the Nintendo 64. The game is only compatible with Pokémon Red, Green, Blue, and Yellow Versions.
Pokemon Stadium (USA)	At long last, all of your favorite Pokémon are ready to go head-to-head on the N64®! Whether you're battle a friend, a Gym Leader or a tournament contestant, you're about to witness some of the most spectacular battle scenes in Pokémon history! Select a team from a huge stable of &quot;rental&quot; battlers, or use the included N64 Transfer Pak? to upload your own team from Pokémon Red, Blue or Yellow! This Stadium is packed and ready to rock!
Pokemon Stadium 2 (USA)	Hundreds of Pokémon in Three-mendous 3-D! What's sweeter than victory in a Pokémon battle! Victory in a 3-D arena on the N64?! Set your strategy and stand back while your Pokémon battle it out. You can even set the Pokémon you've trained--fully rendered in 3-D and ready for battle!
Polaris SnoCross (USA)	As the title implies, Polaris SnoCross is a game based on the sport of snowmobile racing. It has 3 available modes (Single Event, Instant Action, and Tournament) and supports up to 4 players. 1. In Single Event, the player can select any of the 5 sleds available for racing. The player can also select the rider suit and the race’s difficulty. Tricks and stunts can also be performed while in-game. The current mode supports up to 4 human players. 2. Instant Action instantly lets you in on the game by randomly selecting the sled, track, time of day and weather conditions. In Tournament, the player can select to play in a new one or continue from a previously saved game. There are 7 events in the Tournament mode and each one consists of a 3 day race (3 races basically). Only one is available at first but each time the player successfully complete an event another of higher difficulty is unlocked.
Power League 64 (Japan)	This was a Japanese-only baseball game. Here's a brief rundown on some of the game's features. Players play in full polygons, and the game has the newest player's statistics, uniforms, and playing fields! Batter's Box The batter uses a &quot;Pitching Scope&quot;
Power Rangers - Lightspeed Rescue (USA)	POWER RANGERS RESCUE READY! The Power Rangers are saving the world on Nintendo 64! Rescue innocent people from the battlings. Drive cool Power Rangers vehicles! Fight huge monsters in awesome environments. Battle against your friends in the Megazord Arena!
Powerpuff Girls, The - Chemical X-Traction (USA)	Your turn to fight: Powerpuff Girls style! Terror in Townsville, destruction and disaster! Mojo Jojo has stolen a pie full of Chemical X from the Powerpuff Girls and given a taste to every villain in town. It's up to you to take control and fight each of the Townsville villains and win back all the Chemical X before it's too late! Battle the villains in exciting arenas including Mojo Jojo's volcano lair, Townsville city dump and Fuzzy's country shack. Activate laser eyes and knock your opponent flat! Play as one of the Powerpuff Girls, OR your favorite villain!
Premier Manager 64 (Europe)	Think you can manage a club better than the professionals? The team, the tactics, the sponsorship deals, the finances, the board of directors... Premier Manager 64 gives you everything you need to take on the toughest challenge of all. This is not just a game; this is total football management.
Pro Mahjong Kiwame 64 (Japan)	Pro Mahjong Kiwame 64 is a mahjong simulation game for the Nintendo 64. It was released only in Japan in 1997.
Pro Mahjong Tsuwamono 64 - Jansou Battle ni Chousen (Japan)	Pro Mahjong Tsuwamono 64 - Jansou Battle ni Chousen is 4-player Classic Mahjong game.
Puyo Puyo Sun 64 (Japan)	Puyo Puyo SUN is the third installment of the Puyo Puyo games series, and the sequel to Puyo Puyo Tsu, made in 1996 by Compile. After the highly acclaimed success of its predecessor, Compile took a slightly more retro approach, so players had a more origi
Puyo Puyoon Party (Japan)	With the advent of the Puyo Puyo Circus, Arle and Carbuncle have come to visit and take part in festivities. Arle makes her way to one of the tents to watch a show, led by Satan as the ringmaster. As part of one of the acts, Satan requests a volunteer to come down to the stage. With Carbuncle as said volunteer, he performed a disappearing act, making him vanish before the crowd. After Arle leaves the tent after the show has concluded, she realizes Carbuncle is nowhere to be found. Thus, Arle begins to explore the circus grounds in search of her friend.
Quake (USA)	An enemy with the codename ''Quake'', which is believed to come from another dimension, is using teleporter gates to invade Earth. The player takes the role of a nameless soldier who arrives at his base only to find out Quake has overrun it and killed everyone. Somewhere in the base there must be a teleporter to Quake's realm. The mission is clear: take the fight to the enemy, overcoming countless hordes of monsters, and exact revenge. id Software's followup to Doom and Doom II, &quot;Quake&quot; is a first-person shooter. Its main technological innovation is the use of a true 3D engine - the levels themselves as well as the enemies are polygonal. This not only allows for more natural level designs and character animations, but also for more realistic lighting and the inclusion of simulated physics that have an effect on gameplay: grenades can bounce off walls and around corners, for example.
Quake II (USA)	Authentic Nintendo 64 effects and newer, fiercer levels pack stunning graphic detail into an already vicious version of Quake II! Featuring Two-, Three-, and Four-player Deathmatch, fully customizable controls and save game features, this masterpiece takes gaming to an undefined level! Eerie environments of light and shadow loom within newly designed, mission-based levels not found in the PC version. Incredible engine speed and fluidity intensify each level to a fast-paced, high-action gameplay experience!
Quest 64 (USA)	You play the young hero Brian in his quest to save the land of Celtland. Brian's father, Lord Bartholomy, has mysteriously disappeared. The Eletale Book has also been stolen, which preserves harmony in Celtland. Brian must find his father and bring back the Eletale Book. Quest 64 is the very first RPG made for the Nintendo 64. It features colorful graphics in a fully 3D world.
Rakugakids (Europe)	Twinkle Town is the perfect picture of chaos. The local Kids have made their Graffiti heroes miraculously come to life with some magic crayons. Now their wild cartoon characters are ready to unleash a fast, funny and furious fighting game, where fun comes first. Rakuga Kids takes graffiti drawings and lets you control them in this crazy fight of fantasy.
Rally Challenge 2000 (USA)	A racing game for the N64 and features 9 courses in different countries around the world, licensed cars including Subaru Impreza, Mitsubishi Lancer Evolution, Toyota Corolla, etc. and with each car having its own strengths and weaknesses, car damage, various weather conditions and 4 modes. 1. Arcade - you must simply select one of the 3 difficulty settings, one of the available cars and compete with the other 8 CPU players for the first place. Each difficulty setting has 3 races and the place you manage to get at the end of each race is carried on to the next one. Car damage does not apply in this mode. 2. Championship - you race in a total of 9 rounds with 3 laps per round. In each round you get points depending on what position you finished in and in the end these points are accumulated to decide your final ranking. In this mode you can see the damage inflicted on the car, not on the car itself but on an icon on the left part of the screen. Effects from the damage include lesser top speed, slower acceleration and bad steering. It is also possible to customize certain options like tires, steering, etc., to get the best possible performance depending on the weather condition on each course. 3. Practice - mode where you can learn the controls and get acquainted with the various courses of the game. 4. Vs Race - allows up to 4 players to play simultaneously in any of the game’s courses.
Rampage - World Tour (USA)	A wild smash-'em-up romp with universal appeal! Simple enough for any player. Plenty of depth and challenge to appeal to serious gamers as well. Bring a friend or two on a non-stop RAMPAGE while you inflict some major damage and destruction. Demolish buildings, swat down aircraft, eat people and rack up points, while destroying entire cities! More than 130 standard levels, 14 bonus levels, 4 grudge match levels and many hidden levels! Special bosses and some tasty humans give Lizzy, George or Ralph a major health boost.
Rampage 2 - Universal Tour (USA)	Your 3 favorite human-munching badly-behaved mutants have been captured! Unfortunately, for the humans inhabiting Earth, brand new mutants have been sent to rescue George, Lizzy, and Ralph. You'll meet Ruby the Lobster, Boris the Rhino, and Curtis the Rat as they destroy cities in North America, Asia, and Europe! Get ready for destruction, mayhem, alien exterminators and the best buffet in town - the people of Earth! Hope you're hungry!
Rat Attack! (USA)	RAT ATTACK! Nuke 'em! The mutant rat invasion is on! And the little rodents have a freakish plot: create bazillions of bizarre and deadly rats bent on trashing everything they can sink their teeth into! YOU gotta stop 'em! Become one of the SCRATCH CATS, an elite squad of eight cat commandos dedicated to protecting the world from its biggest threat yet! Over 50 action-packed levels, 15 specifically designed for multi-player. Six Scratch Cat characters to choose from, plus two hidden &quot;super&quot; cats!
Rayman 2 - The Great Escape (USA) (En,Fr,De,Es,It)	Enter a massive 3-D action adventure of amazing beauty and challenge. The pirate terror has enslaved the world and only Rayman's speed, agility, and magical powers can save all. Race and battle across 45 intricately designed areas - rainforests, jungles, narrow canyon passes, even into the mighty pirate ship itself.
Razor Freestyle Scooter (USA)	Razor Freestyle Scooter is an extreme-sports style action game modeled around small, nimble scooters. In contrast to most games of this type, there is a story. A crazed giant robot has kidnapped your skating buddies. By completing skating challenges at the robot's sky fortress, you must rescue your friends. You skate around 3 large areas and attempt to perform wild tricks, collect scooter wheels, and earn bonus time. By completing an objective on all 3 areas, you unlock a sky fortress level in which you can rescue a new skater to control. Gameplay is based heavily on the Tony Hawk series of games. Tricks consist of button and direction presses, and can be strung together with grinds to create high-scoring combos.
Re-Volt (USA)	For years, the Toy-Volt company has been producing toys and games for children all over the world. Within months of introducing their first products, Toy-Volt shot to the top! No one could put their finger on exactly what it was that made the toys so popular. Sure, they employed the best designers and marketers in the world, but there was something else about Toy-Volt toys, something almost.... magic. Now, their newest R/C cars really start to live! Re-Volt is a racing game where you take control over one of more than 28 R/C cars and drive on one of the 13 tracks. The tracks are varied, and include a toy shop, a supermarket, a luxury liner and more. It is possible to play a &quot;reversed&quot; (backwards) or &quot;mirror&quot; (reversed left and right) variety of each track. There are also 4 levels of realism to choose from.
Ready 2 Rumble Boxing (USA)	Ready 2 Rumble is a cartoon style boxing beat 'em up with plenty of strange looking characters to choose from and beat the hell out of. You can train your character up to the best of his/her ability and then fight the best in the world for the championship belt.
Ready 2 Rumble Boxing - Round 2 (USA)	Ready 2 Rumble: Round 2 is a cartoon style boxing beat 'em up with plenty of strange looking characters to choose from and beat the hell out of. You can train your character up to the best of his/her ability and then fight the best in the world for the championship belt. Round 2 adds some new play modes and characters into the mix of previous fighters. In this round, there are now 3 levels to the RUMBLE combo gauge (much like a Street Fighter game). Once you reach the third level, you can hit your enemy for six, out of the ring and into the crowd.
Resident Evil 2 (USA)	Ready or not, the terror of Resident Evil 2 is here. In chapter one, the case of the disastrous T-virus outbreak--a mutagenic toxin designed for biological weapons--was eventually closed but the experiments were far from over. Control the destiny of Leon Kennedy or Claire Redfield as their nightmare begins when a biotech terror runs rampant in Raccoon City. Relentless zombies and hideous monsters are all out for a taste of your blood. If the suspense doesn't kill you, something else will.
Riqa (Europe) (Proto) (2000-02-14)	Few details are know about the Riqa project, another famous unseen for the Nintendo 64. Developed by Bits Studios, it was presented for the first time at E3 1999 in playable form. Defined as the “N64 Tomb Rider” as stated by Nintendo, Riqa would have dealt Third-Person Shooter Action mixed with exploration, with Riqa (the woman character controlled by the player) up against both humans and monsters. With impressive graphics for its time, an immersive storyline, complicated levels full of action, including shootings and puzzles to solve, Riqa was going to be a new killer application for the N64. Unfortunately, the game has never seen light on the 64-bit, for the continuing delayed release dates, which led to the cancellation of the title. Many think that the general concept of Riqa, has then evolved in Rogue Ops, another game developed by Bits Studios and released in 2003, published by Kemko. The title was just a discrete Action Game, released on the Game Cube, Xbox and PS2.
Road Rash 64 (USA)	First version of Road Rash for any Nintendo system. The game was originally supposed to be a port of Road Rash 3D but ended up being an original product. Like other Road Rash titles, it featured motorcycle racing and combat, although RR64 had more of an emphasis on combat than on racing.
Roadsters (USA) (En,Fr,Es)	Roadsters is a car racing game that features both licensed cars from manufacturers like Mitsubishi, Alfa Romeo, Lotus, etc., and unlicensed cars from imaginary manufacturers that are based and bear great resemblance to their equivalent, real car models. The game has 8 racers and 34 cars from which you can choose from and 4 modes in total: Roadster Trophy – The player starts by selecting one of the available racers and is given a sum of money that must be used to acquire a car. There are 3 divisions in which the player can compete on with the 3rd being of the easiest difficulty and requiring less money to participate; the 1st being the most difficult one and needing a higher amount of money in order to participate. More money can be earned by winning the races and that in turn allows to buy new cars or upgrade the ones that are already in possession.
Robot Poncots 64 - 7tsu no Umi no Caramel (Japan)	The story takes place in a futuristic world where robots have taken control of the oceans. Players take on the role of a young hero who must navigate through seven levels filled with challenges and puzzles to save the world from the robots' grip. Each level features varied and beautifully designed underwater landscapes, offering a fully immersive experience in this fantastical universe. The gameplay in Robot Poncots 64 - 7tsu no Umi no Caramel is based on exploration and puzzle-solving. Players must use their character's special abilities to progress through the levels. These abilities include swimming, jumping, and interacting with the environment. The puzzles are cleverly designed, offering a constant challenge and a sense of satisfaction when players manage to solve them.
Robotech - Crystal Dreams (USA) (Proto 2)	Robotech: Crystal Dreams is a canceled Robotech video game, developed by GameTek. It takes place between the first and second story arcs of the animated series. It follows the adventures of Kyle Bartley, a disgraced Robotech Defense Force veritech mecha pilot turned mercenary who fights to protect the Earth and the SDF-3 from new Zentraedi enemies. It is primarily a space fighter simulation game with some resource management elements. The protagonist works as a mercenary and obtains credits based on the type of missions completed. Between levels, the player returns to the base to interact with a variety of characters, buy upgrades, and modify his mecha. The player gets wartime reports of events through space, and can rush to the aid of those that need his help the most and receive more credits for it. The mecha can be transformed into three different forms: &quot;Fighter mode&quot;, &quot;Guardian mode&quot;, and &quot;Battloid mode&quot;
Robotron 64 (USA)	The retro shooter returns with the same addictive gameplay of the original arcade game, but now with the added power of the Nintendo 64. The aim of the game is simple. Shoot all the enemies on each grid while saving the humans from certain death. Power-ups and items can be picked up to increase your shooting and speed ability, and the further you go in the game, the more enemies attack and the more difficult it gets to save the humans. Options include the ability to plug in a second N64 controller for added control of the character on the game screen (i.e. two analog sticks). The brand new 3D engine, while sporting similar styled graphics that hark back to the 80's classic, also boasts fuller textures and greater mobility for the character.
Rocket - Robot on Wheels (USA)	Whoopie World, the greatest amusement park ever, is ready to open, but second-banana park mascot, Jojo the Raccoon, has gone nuts. He's taken over the park! Can Rocket, the most advanced amusement park robot ever, save the day? Rocket's a one wheel wonder with double-jump booster rockets and 7 cool cars to drive. He's got a tractor beam that can pick up almost anything, swing from ledges, trees, even toss freeze & smash objects. Rocket's got the moves & he's got the tools to make things right.
RR64 - Ridge Racer 64 (USA)	Ridge Racer makes its first appearance on a Nintendo console, including all of the fast, pick up and play action previously seen in the series on Playstation and in arcades. RR64 includes three tracks, each with three variations, making a total of nine tracks to get through. 25 cars are on offer, each with different power and speed abilities. Single player and multiplayer modes are included. Beat the clock and get to the finish line first to win.
Rugrats - Scavenger Hunt (USA)	Rugrats: Scavenger Hunt is a party game based on the Daytime Emmy-award winning animated television series Rugrats. The game features three distinct board games that are represented in 3D similar to Mario Party. On each board the objective is to find a missing item. In Angelica's Temple of Gloom you have to beat Angelica in reaching various pieces of an Aztec statue. The Pirate Treasure hunt requires the Rugrats to travel underwater to find buried treasure. The Reptar Rally lets them collect candy on Candy Island. The game can be played with up to four players (or NPC players). each turn you can move as many paces as you got on the spinner (a replacement for dice). Some tiles have special actions attached to them that let you move further or gain or lose cookies. Each Rugrat also has limited energy, when they move a lot they get tired and have to take a nap to regain energy. You can collect Toy Cards to open doors or use against friends to gain an edge.
Rugrats in Paris - The Movie (USA)	Tommy Pickle's father has been sent to Europe for maintenance work at EuroReptarland. The Rugrats join him on his travel to Europe. There are 16 levels and hidden bonus level to play through. The game consists of various mini-games that have to be completed in order to earn enough tickets to beat the game. Most tickets, however, can just be collected by running around the park and picking them up. Tickets can be used to buy prizes. There are ten mini games including whack-a-ninja, bumper cars and mini-golf.
Rush 2 - Extreme Racing USA (USA)	Performance... Adrenaline... Speed! These are the ingredients in the next generation of Rush Mania! Feel the Rush once again as you blast through some of the hottest spots in America! You want death-defying jumps and treacherous shortcuts? You'll find 'em, along with much more, in 8 new venues! Time to polish your speed demon driving skills! You'll be smokin' the radar guns in places like Las Vegas, New York City, Hawaii, Los Angeles and Seattle. And of course, there's that garden spot known as Alcatraz Island. Yeah, we're talkin' about The Rock.
S.C.A.R.S. (USA)	In the world of 3000 AD, the world is run by 9 different supercomputers, who are horribly bored, so they created this virtual reality simulation to race each other. The cars are based on the attributes of extinct Terran animals. Race nine different cars (some need to be unlocked) on nine different tracks. You can race, or you can shoot your opponents with the nine different weapons. Plenty of multiplayer options (including split screen on PC).
Saikyou Habu Shougi (Japan)	This title showcases the fascinating world of shogi, a Japanese chess-like game. In Saikyou Habu Shougi, players can participate in shogi matches against computer-controlled opponents or challenge their friends in multiplayer games. The game offers various game modes to suit players' preferences, providing a variety of options to test their strategic skills.
San Francisco Rush - Extreme Racing (USA) (En,Fr,De)	Put the pedal to the metal, smoke the tires, and pour on the speed with San Francisco Rush! Hit the road in one of eight unique race cars ranked in four distinct performance classes. Burn rubber through the 3D modeled hills and landmarks of San Francisco. Choose from six accurately detailed tracks that can be adjusted with the games &quot;Mirror&quot; or &quot;Backwards&quot; options for a total of 24 incredible tracks! Spectacular hidden shortcuts on each track!
San Francisco Rush 2049 (USA)	Unlike the previous San Francisco Rush titles, this racing game is set in the future. The same rules apply though, get to the finish before everyone else while avoiding massive crashes and taking as many shortcuts as possible. Along with the usual race style, you now have the ability to fly, allowing you even more speed, stunts and shortcuts to the finish line. While the tracks themselves include moving ramps and switches to other shortcuts. Modes include time trials, stunt mode including unique track designs to get the most out of your stunts, and a four player 'Battlematch' mode that adds weapons to the action.
Scooby-Doo! - Classic Creep Capers (USA)	Like wow! Scooby and the gang face off against some all-time classic villains, including The Witch Doctor, The Black Knight, and The Snow Ghost. Help guide Scooby and the gang through three classic episodes and one all-new episode. It's your job to search for clues and unmask the ghoulish villains!
SD Hiryuu no Ken Densetsu (Japan)	S.D. Hiryu no Ken Densetsu was released in Japan only, and added more characters, items and a new gameplay mode to the original game &quot;Flying Dragon&quot;. It also removed the more realistic &quot;Virtual mode&quot;, favoring the super deformed &quot;Quest mode&quot;. Flying Dra
Sesame Street - Elmo's Letter Adventure (USA)	Preschoolers are in for a wonderful alphabet-packed good time. Join Elmo and his Sesame Street pals in wonderful 3D action adventures as he swims, drives, and blasts off into a vibrantly colored world of video game fun! Helps children ages 3 - 6 with letter recognition and basic spelling skills. Three skill levels easily adjustable by parent or child. Features voices from the beloved TV show.
Sesame Street - Elmo's Number Journey (USA)	Preschoolers are in for a wonderful number-packed good time. Explore magical worlds with Elmo and his Sesame Street friends as he snowboards, jetskis, and drives off on an exciting video game adventure! Helps children ages 3 - 6 with number recognition and basic math skills. Three skill levels easily adjustable by parent or child. Features voices from the beloved TV show.
Shadow Man (USA)	You're the Shadow Man, a person who can switch between the world of the dead and of the living. In Shadow Man your mission is to prevent 5 serial killers from bringing the total armageddon. In the world of the living, you're mortal and have conventional weapons. When you die, you are transported to the world of the dead and you become Shadow Man once again. Which means you're not really mortal. In the world of the dead you can't use normal weapons, your gun shoots ghosts which kill the zombies and the other ugly creatures which live there. You also have different voodoo powers and weapons. And you're carrying a large inventory around.
Shadowgate 64 - Trials of the Four Towers (USA) (En,Es)	An ancient evil stirs. Reaching from beyond the grave, it warps the minds of men who would release it. Soon, very soon, the dreaded Warlock Lord will again be unleashed upon the land. This time there is no one to stop it. No one except for an unfortunate Halfling, caught in the middle of the cataclysmic events events unfolding within the ruins of Castle Shadowgate... This all-new adventure catapults you back into the world of the award-wining computer and NES masterpiece. A magical world now surrounding you in full 3D splendor. A world of wonder, which beckons you to unravel its mysteries.
Shin Nihon Pro Wrestling Toukon Road - Brave Spirits (Japan)	Wrestling game based on the Japanese Championship. It was followed on N64 by Shin Nihon Pro Wrestling Toukon Road 2 - The Next Generation.
Shin Nihon Pro Wrestling Toukon Road 2 - The Next Generation (Japan)	Are you ready to face your greatest challenge? New Japan Pro Wrestling brings the burning spirit to the wrestling ring, and the young lions are hungry to crush the competition. Legends and young blood fire up the ring!
SimCity 2000 (Japan)	SimCity 2000 is the successor to the ground breaking city simulation game Sim City. You are once again the mayor, but this time you can fully customize the terrain before building your city. The graphics are isometric, whereas the original had graphics displayed in a top-down fashion. This title adds numerous features over the original such as the ability of building &quot;light&quot; zones, subways, hospitals, colleges, zoos, and arcos which are actually cities in cities. You can now give names to places, and your city is surrounded by neighboring towns with which you can make trade. Finally, instead of the poll in the first game you now have the option of reading several newspapers to get an idea of your progress.
SimCopter 64 (USA) (Proto) (E3 1997)	SimCopter (1996), the first game to use the Simlish language, had the particularity of allowing users to import their cities created in SimCity 2000 (1993) and fly over them freely or carry out various rescue missions, helping police, firefighters or ambulance drivers, etc. These elements might have made the game unsuitable for a Nintendo 64 port, but the Maxis studio had started working on one, developing it in-house. A first version was presented at E3 in June 1997 and this prototype, of which so far only a very poor quality video remained, was unearthed in 2022.
Snowboard Kids (USA)	A racing game where you control one of five cutesy snowboarders competing against each other. Being a snowboarding game, each track is a downhill slalom with a ski lift at the bottom which takes you back to the start for however many laps a track has. The tracks are varied, the first few taking place on snowy mountainsides, while the latter taking you to wackier locales such as grassy countryside, a desert and a theme park. The money collected on the course or won at the end of the race can be spent to buy better boards, which differ in stats, or to collect items/weapons while racing. There are also stunts that can be performed while racing which earn money as well, and certain parts of each course encourage the player to do so. Other modes include stunt mode, shoot mode and speed mode, all focusing on a particular part of the gameplay from the main game, and a multiplayer mode where up to 4 players can race each other. There are also unlockables for dedicated players.
Snowboard Kids 2 (USA)	The Sequel to the famous snowboard simulation Snowboard Kids is a fun family sports game. It combines a trick-oriented snowboard simulator with shooting/arcade elements. Player can choose from various characters with different look and skills. There are different gaming modes, including a story mode with very light and entertaining plot. The storyline is actually quite basic, sometimes similar to the Kirby series concepts. Hence, there is no rush for saving the world, just some funny little fellas entertaining themselves. Winning a race or performing tricks provides the player with some credit which can be spent on improved equipment. Shooting elements are based on but not limited to throwing strange objects (like parachutes or snow-men) against other snowboard kids in order to slow them down. There are great power-ups during the gameplay. Courses are rarely covered with snow - most of the races are held in freakish regions like jungles, space stations, castles etc.
South Park (USA)	A comet is heading toward South Park, causing many of the enemies from early seasons of the shows (including cows, aliens, and clones) to rise up and attack. The player takes control of Kyle, Cartman, Kenny and Stan to fight through the town in a first-person perspective. Features new dialogue from the original voice actors on the show. Single player takes the form of a &quot;Story&quot; mode divided into five episodes and fifteen linear levels. The player will face weak minions (which change based on the episode), plus occasional sub-bosses which will try to escape into town. The final level is devoted to a unique boss fight. Players use quirky weapons ranging from infinite yellow snowballs to cow launchers and toxic Terrance and Phillip dolls. Every weapon has a secondary fire, and players switch between the four main characters when they switch weapons - each of the four kids shares a single life bar because of this.
South Park - Chef's Luv Shack (USA)	Chef hosts South Park: Chef's Luv Shack, which mixes South Park trivia with over 20 mini games in the mold of Mario Party. Most of the mini games are parodies of classic arcade games. The player chooses a South Park character (Kyle, Kenny, Stan, or Cartman) and answers the questions based on episodes from the cartoon series. If the player gets it right, they then spin a wheel, and get either cash, lose it all, or play a mini game (either by themselves, against the AI, or against other players if playing in multiplayer mode). The person who has the highest score (or the most correct answers) after a chosen amount of rounds wins.
South Park Rally (USA)	Choose your character from the cast of the popular 'mature' cartoon South Park, and tear through the streets in this racing game. Your character's vehicle may be a little cart, trike, or box, for example. Weapons include rockets, Salty Balls, Cheesy Poofs, the beloved Cow and even an Anal probe. All of the voices are also included, making it feel more like the real cartoon than a rally game. You can also play an all-on-all 4 player mode.
Space Invaders (USA)	In 1978, Earth successfully repulsed an invasion from outer space thanks to &quot;the Tank.&quot; The Tank was based on alien technology found when a scout ship had crashed years earlier. Now, over 20 years later, a new Tank has been created based on the technology recovered during the 1978 invasion. And none too soon, because the Invaders are back! Space Invaders is yet another classic arcade game remake by Activision. (See Battlezone and Asteroids.) But this time, Activision licensed a game from Taito instead of Atari. The game stays close to its roots while adding many power-ups and enemies.
SpaceStation Silicon Valley (USA)	A Wild Cyberspace Adventure to Save the Next Millennium Silicon Valley was intended to be the most technologically advanced amusement park civilization has ever known. Shortly after take-off, it disappeared. Now, in the year 3000, it's back and on a collision course with Earth! It's up to you to conquer the 30 levels in four incredibly lavish environments, take control of the totally original, wacky and - at times - life threatening characters and unlock the mysteries of the Valley. It's all great fun but remember, the fate of the world is in your hands!
Spider-Man (USA)	Spider-Man is the first 3D game to star the popular web-slinger. It is loosely based on Spider-Man: The Animated Series and Spider-Man Unlimited and features some of the voice cast from each and similar character designs. Peter Parker is attending a demonstration of the reformed Dr. Otto Octavius's new invention when an imposter Spider-Man steals the device. Spider-Man must work to clear his name and uncover the sinister motives behind the device's theft. This game features appearances not only by most major Spider-Man characters, but cameos by numerous other characters from the Marvel Universe, such as the Human Torch, Punisher, Daredevil and Captain America.
Star Fox 64 (USA)	The Lylat system has been invaded! Join Fox McCloud and his Star Fox team as they fight to save the galaxy from the clutches of the evil Andross. Travel to many different 3-D worlds. Battle the enemy in the air and on the ground and listen in as Fox McCloud interacts with a cast of characters.
Star Soldier - Vanishing Earth (USA)	In the year 2098 mankind had been critically attacked by a military force from Zeograd, a hostile planet in a far off galaxy. Commander Parker Deehan of Special Interception Airforce (SIA) decided to deploy and pilot the F98 Star Soldier fighter craft into the front line of battle against Zeograd. Losing the battle meant the extinction of mankind and the total annihilation of Earth!
Star Wars - Rogue Squadron (USA)	Fly against the evil Empire! As Luke Skywalker, co-founder of the Rebel Alliance's elite Rogue Squadron, you must combat the evil Galactic Empire! Engage in intense, fast-paced planetary air-to-ground and air-to-air missions - dogfights, search and destroy, reconnaissance, bombing runs, rescue assignments and more! Pilot X-wings, Y-wings, A-wings, V-wings and Snowspeeders with powerful weapons in over 15 missions battling TIE fighters, TIE bombers, Imperial shuttles, AT-AT walkers, AT-STs and other challenging foes.
Star Wars - Shadows of the Empire (USA)	A long time ago in a galaxy far, far away... As Luke Skywalker and the Rebel Alliance struggle to defeat Darth Vader and the Empire, a new threat arises. Dark Prince Xizor, head of the Black Sun crime syndicate, aspires to take Darth Vader's place at the Emperor's side. To do that, he must eliminate young Skywalker. As Dash Rendar, it's up to you to protect Luke and help the Alliance defeat the evil Xizor. Watch out for infamous bounty hunters and deadly stormtroopers! May the Force be with you!
Star Wars Episode I - Battle for Naboo (USA)	Attention defenders of Naboo! The Trade Federation must be stopped! Storm through more than 15 missions over land, sea and space as your freedom fighters rally against the droid armies. Take control of 7 vehicles: the Naboo starfighter, Gian speeder, and new craft like the heavy STAP, Trade Federation gunboat and more. More than 15 missions: escape from Theed, search & destroy, sabotage, reconnaissance, convoy. Battle against Trade Federation droid starfighters, AATs, destroyer droids, battle droids. Change vehicles mid-mission through specially designated hangars.
Star Wars Episode I - Racer (USA)	Join Jedi-to-be Anakin Skywalker in the Star Wars race of your life! Relive all the thrills and excitement of the Podracer sequence from Star Wars: Episode I. Hang on tight - with afterburners on, Podracers max out at a simulated 600 mph! Race in furious competition against more than 21 opponents! Take on over 21 tracks in 8 unique worlds. Avoid hazards such as methane lakes, meteor showers and Tusken Raiders! Featuring spectacular 3D environments!
StarCraft 64 (USA)	In the distant future, a small group of human exiles have been doomed to fight for survival on the edge of the galaxy. Through military strength, espionage, and deceit, a unified Terran government has maintained an uneasy peace. But as resources and fuel run short, the Confederate nations find themselves looking towards the rich worlds of their alien neighbors, the enigmatic Protoss. To further complicate matters, it seems that a previously unknown species-- the Zerg-- has entered Protoss space and is destroying everything in its path. The time for war has come. The N64 port of StarCraft is a real-time strategy game featuring three distinct races - Terrans, Protoss and Zerg. Controls have been adjusted for the gamepad, with several Hot-Key menus available, and resource gathering has been automated to limit the required number of options. However, it lacks the cutscenes and map editor of the original game.
Starshot - Space Circus Fever (USA) (En,Fr,Es)	Take a ride through the cosmos with Starshot, the star juggler of the Space Circus. Your courage and skill will be challenged as you battle to overcome Wolfgang von Ravel, the evil boss of your crooked competitor - the Virtua Circus. Only you can save the Space Circus from extinction! Total freedom of movement in a world of rich 3D graphics! Starshot can walk, run, talk, jump, swim and fly, while shooting stars that he can control! Featuring more than 300 &quot;cosmical&quot; characters from a variety of planets!
Stunt Racer 64 (USA)	This futuristic racer has you flying along specially built tracks, jumping through rings, pulling off aerial stunts and getting up to insane speeds. The main aim of the game, as with all racers, is to get to the finish line first. But by getting some air and landing through rings, or pulling off stunts, you'll also pick up coins that will go towards upgrading your car. The cars themselves are a mix of the future and the past, with a hot rod style outside with a powerful new age engine inside. That power will go towards getting you over the line, with the use of speed boosts as well as shortcuts on the tracks helping you greatly. A 4 player split screen mode is also included, while you can compete in practice, quick race and the competitive League mode, as well as stunt modes that will test your stunt making skills on half pipes and large open tracks.
Super B-Daman - Battle Phoenix 64 (Japan)	Super B-Daman: Battle Phoenix 64 is based on the Japanese manga series Super B-Daman, itself based on the toy line B-Daman. Those toys are shaped like humans and kick marbles around. The goals vary, e.g. hitting opponents or a certain object, and are aimed at two or more players. This is also the content of this game adaption. It basically consists of various mini games which all have the goal to hit various things with the marbles. To do so, a crosshair has to moved over the screen to mark the goal. Examples for the mini games are a billiard or a &quot;Whack a mole&quot; variant. Besides this there is also a battle mode available in which up to four opponents walk over one of four areas and try to shoot the others over the edge. Those battles are either the scenario for three additional single-player tournaments or multiplayer. The usable characters, some unlockable through single-player successes, have different abilities like fire power or fire speed.
Super Bowling (USA)	Super Bowling is a third-person bowling game. Players may bowl in several different environments, which range from ice ponds to neon-lit Chinese temples. Players can face-off against characters in their home stages, much like a fighting game. If the player wins they can then play on these stages in other play modes. Multi-player modes are also available, with a number of different variations.
Super Mario 64 (USA)	Mario is super in a whole new way! Combining the finest 3-D graphics ever developed for a video game and an explosive sound track, Super Mario 64 becomes a new standard for video games. It's packed with bruising battles, daunting obstacle courses and underwater adventures. Retrieve the Power Stars from their hidden locations and confront your arch nemesis - Bowser, King of the Koopas!
Super Robot Spirits (Japan)	Super Robot Spirits is a 3D fighting game developed and published by Banpresto for the Nintendo 64. Released exclusively in Japan on July 17, 1998, it is a spin-off of the Super Robot Wars series. The game pits players in one-on-one battles featuring iconic mecha from various anime series, including Mobile Fighter G Gundam, Invincible Steel Man Daitarn 3, Aura Battler Dunbine, Chōdenji Machine Voltes V, Combat Mecha Xabungle, Dancouga – Super Beast Machine God, and Banpresto's original R-1 unit. Unlockable characters include the Master Gundam, Devil Gundam, and Judecca. Gameplay is presented in a 2.5D style: characters and environments are rendered in 3D, but combat occurs on a 2D plane. Each mecha can punch, kick, block, and use weapons such as energy swords and turret guns. Players build up “spirit skills” during combat, which power devastating super attacks unique to each robot.
Super Robot Taisen 64 (Japan)	Le concept de base reste inchangé dans cet opus de la série sur N64 : il s'agit d'un jeu de stratégie au tour par tour dans lequel le joueur commande des robots et des pilotes issus de diverses séries japonaises, telles que Dancouga et différentes séries Gundam, ainsi que des créations originales de Banpresto. Les nouveautés sont Six God Combination Godmars, Giant Robo et Mobile Suit Gundam: The 08th MS Team. Au début du jeu, le joueur a le choix entre quatre paires de protagonistes/rivaux, ce qui influe sur l'intrigue et les niveaux joués. Avec les différentes variantes incluses, il y a plus de 100 missions.
Super Smash Bros. (USA)	Super Smash Brothers takes familiar Nintendo characters such as Mario, Kirby and Donkey Kong, and puts them into battle! There are 8 fully-interactive landscapes, with one for each character and noticeable links to their games. Controls are analogue-based, with different moves executed depending on the direction and how firmly the stick is pressed. Items like baseball bats, Bob-ombs, and healing items drop into the arenas at random, aiding any nearby characters than can make use of them. The game uses a fixed viewpoint which scrolls, although characters are rendered in 3D. The one-player mode has 14 stages to work through. Up to 4 human players can do battle at once, with team play as well as all-against-all action. Hidden characters are thrown in for good measure, as are bonus rounds, and a battle to the end with a giant hand (yeah, you read right!). Playable characters include: Captain Falcon* (F-Zero), Donkey Kong, Fox (Star Fox), Kirby, Jigglypuff* (Pokémon), Link (Legend of Zelda), Luigi* (Mario), Mario, Ness* (Mother/EarthBound), Pikachu (Pokémon), Samus (Metroid) and Yoshi (Mario) *character must be unlocked first
Supercross 2000 (USA)	This is a Supercross motorcycle simulation game, officially licensed by the AMA. It features racing through 16 real stadium tracks, with professional commentary, and a freestyle tricks mode with special tracks. The bikes have realistic physics and AI. 2 players can race split-screen and replay mode lets you fly anywhere.
Superman - The New Superman Aventures (USA) (En,Fr,Es)	Lois Lane and Jimmy Olsen have disappeared - they've been kidnapped by the malevolent powers of Lex Luthor and Braniac, who have brought them into a virtual reality version of Metropolis. Superman must come to the rescue! The Man of Steel must work through this virtual dimension and find a way to conquer the evil masterminds that created it. Experience the incredible powers of Superman first-hand as you battle to rescue Lois Lane from the clutches of Metallo, then attempt to free Jimmy Olsen from the steel grip of Darkseid. Race into outer space to face Braniac's evil alien technology. Above all else, destroy Luthor's deadly dream of a virtual reality Metropolis!
Susume! Taisen Puzzle Dama - Toukon! Marutama Chou (Japan)	Susume! Taisen Puzzle Dama: Tōkon! Marutama Chō is a collection of three games: A falling block puzzle with similarities to Puyo Puyo. Blocks fall down in pairs of two which can be rotated. Matching three or more blocks cause them to disappear. The second puzzle game is a tile matching game with similarities to Tetris Attack. Blocks rise from the bottom of the screen and the player's job is to arrange them so three or more of the same colour are next to each other which causes them to disappear. To do so, the player controls a cursor which is used to swap two blocks. The third game is a bowling variant. Here the player just sets the speed and direction of the bowling ball. If an ideal angle is met, the player character performs a special attack which clears all pins. Especially the two puzzle games, which are either played against an AI or human opponent, are presented in a colourful anime style.
Sydney 2000 (USA) (Proto)	Experience the Sydney 2000 Olympic Games. Train your mind and body for competition in the Virtual Gym. 4 modes of play: Olympic, Arcade, Head-to-Head, or Coaching. Compete in intense multiplayer action for up to 4 players. TV-style presentation with Olympic champion commentators Dwight Stones and Marty Liquori. 32 countries represented in 12 events of power, stamina, accuracy and skill.
Tarzan (USA)	This arcade platform game puts you in the role of Tarzan, a soon-to-be king of the jungle, leading you to a bunch of quest levels where you can collect coins, map pieces, 'TARZAN' letters and other stuff, as well as call your monkey friend from time to time that'll give you a brief explanation of things flyin' around. After each completed level, there will be a brief animations that they've probably taken from Disney's cartoon.
Taz Express (Europe) (En,Fr,De,Es,It,Nl)	Tazmania inspired Taz the Tasmanian Devil, is a well known Warner Brothers character which this game expands on. This 3D puzzle game see's Taz delivering crates across 25 levels and 5 game worlds including Mars, the Bushlands, Monument Valley and the Wild West. Spin, run, jump onto skyscrapers, jump with various springy devices, swim, and fly with a jetpack through levels to complete tasks and puzzles in the bright coloured cartoon environments. Complete the game four times to unlock all the secrets and discover what is in the crate Taz is delivering.
Tetris 64 (Japan) (En)	Tetris 64 is a falling block puzzle which offers the traditional Tetris experience: Blocks enter the screen from the top of the screen and can be moved and rotated as long as they are falling. The goal is to create full lines which then disappear, reward points and cause the game to become more difficult over time. The game is lost when the appearing stone can't be moved anymore because the screen is full. B-Type is similar but the screen gets filled with random block combinations from the ground. In addition to this standard mode, the game features two unique variants: In &quot;Giga Tetris&quot; the player occasionally has to deal with huge blocks which break up when touching the ground. &quot;Bio Tetris&quot; makes use of the bio sensor accessory which was included with the game: it is clipped into the user's ear and measures the heart rate. It can be set if the game slows down or speeds up when the heart rate rises.
Tetrisphere (USA)	Tetrisphere adds a new dimension to the classic Tetris gameplay. As usual, you drop pieces into the playing field to eliminate the blocks and clear the field. This time, however, the playing field is a sphere, and you must turn the sphere around to find a place to drop the pieces, and eventually get to the core to win. As you clear the field, certain moves may reveal magic items to help get to the core (rockets, dynamite, etc.).
Tigger's Honey Hunt (USA)	Winnie the Pooh plans a party and therefore he needs honey. His friend Tigger promises to help him and starts searching for honey pots. Tigger's Honey Hunt is a platform action game in which the player guides Tigger through nine levels. In six levels the goal is to collect a predetermined minimum amount of honey pots in order to get access to the next level. In the other three levels there are mini-games like Rock-Paper-Scissors, to play against other characters from Winnie the Pooh's world. Tigger is able to jump horizontally and vertically (even higher after he has learned special skills), use spider webs to jump to higher areas or to cross water or chasms with the help of turtles or levitating leaves. Beginning with three lives, Tigger needs to avoid being touched by dangerous creatures like bees or falling into chasms. When there are no lives left, Tigger restarts at the last checkpoint that has been passed. Additionally you can find secret areas with even more honey pots, collect pictures which you can later look at in your photo album and meet other characters who talk to you or need your help (e.g. finding Eeyore's lost tail).
Tom and Jerry in Fists of Furry (USA)	One-on-one fighting! Tag team tournaments! Just choose your character and then select the location. All the environments are modeled after scenes from your favorite Tom & Jerry episodes. An &quot;All-Star&quot; line-up of characters such as Tom, Jerry, Butch, Spike, Tuffy, and Duckling help to make this the ultimate Tom & Jerry experience! Weapons include shovels, bombs, red-hot pokers, tennis rackets, furniture and an assortment of fruit, plus there are countless other tricks, traps and surprises to be found. It doesn't get any better than this. So go to your corner, wait for the bell and come out fighting. Just keep an eye out behind you, because no one fights fair in this game!
Tom Clancy's Rainbow Six (USA)	You have been recruited by John Clark to be a member of Rainbow, the most elite counter-terror team in the world, with members from all over the world, even Russia and Israel. You start out rescuing hostages from the terrorists, but as you go on, you discover there are bigger things at stake... Such as the entire world... Rainbow Six re-invented first-person shooter genre with realistic weapons and tactics. You must use existing intelligence like floor plan layouts to plan your assault. You can use up to four teams, with a variety of equipment from simple body armor to biosuits, breaching kit and more. There are many different weapons available, from pistols to machine guns to shotguns to grenades. You can switch between different teams as needed, or leave them under AI control. Coordinate different teams with go codes. Engage variety of terrorists or perform stealth missions.
Tommy Thunder (USA) (Proto) (1997-10-01)	Tommy Thunder was a third person shooter in development for the Nintendo 64 (and later for the PSX too) from Player 1 Studios, but it was never released.
Tonic Trouble (Europe) (En,Fr,De,Es,It)	In the tradition of Rayman (a platform jumper) comes another whacky adventure from Ubisoft! Ed, the friendly alien space janitor, accidentally dropped a can of &quot;tonic&quot; on Earth, causing a great ecological disaster. Everything started mutating! Ed is ordered to clean up the place and retrieve the tonic, but someone got hold of it first... And he declared himself Master of Earth! Can Ed survive attack of the killer vegetables, find the six items he needs to fix Earth, and retrieve the Tonic can from Grogh the Hellish, and finally get out from Tonic Trouble?
Tony Hawk's Pro Skater (USA)	Each game area contains a plethora of objects like ramps, rails, and half-pipes which can be used to perform tricks. Each trick you perform earns you more points for your score. The game is divided into two types of levels. In the first, you skate around locations like a mall, a city street, or a warehouse. In each of these areas, there are 5 goals for the you to complete. Some goals involve obtaining a high score, others smashing objects, and some collecting objects. For every goal you complete, you earn a video tape. By collecting enough video tapes, you unlock levels and skateboards for you to use. There are 6 levels like this. The second type of level is a competition. You get to make 3 timed runs through a skate park, and attempt to get the highest score possible. If you do well enough, you will beat the scores of the computer controlled skaters and win a medal. There are 3 levels like this.
Tony Hawk's Pro Skater 2 (USA)	The sequel to Tony Hawk's Pro Skater adds many new tricks, while retaining those from the original, and a complete roster of the greatest skaters worldwide. Among the new tricks is the &quot;manual&quot;, which allows the player character to balance on two wheels. There are also more options for scoring high-trick combos. Trick combinations can also be edited and customized. It is possible to visit some of the most popular skate parks in the world, or create own areas and share them with other players. Players can also create their own skaters, with a choice of clothing and official skateboards.
Tony Hawk's Pro Skater 3 (USA)	Tony Hawk returns with an all new line-up of skaters, an all new line-up of parks to crash through, and a whole new level of graphics. The line-up of street and vert riders include Elissa Steamer, Jamie Thomas, Steve Caballero, Rune Glifberg, Geoff Rowley, Andrew Reynolds, Rodney Mullen, Eric Koston, Chad Muska, Bucky Lasek and Bam Margera from MTV's Jackass (and Tony Hawk, of course). The create a skater mode returns, allowing for even further levels of options for your character, like adding glasses and tatoos to changing the colour of the knee and elbow pads or even the hair. And the levels themselves that you must skate through are now more interactive, with cars and humans blocking paths and making noise as you race around to make as many points as possible. Use items around the streets or the park to jump from or over to increase your score, and pull of as many wild and wacky tricks as you can.
Toon Panic (Japan) (Proto)	Toon Panic was a multiplayer brawler / arcade fighting game in development at Bottom Up. It was meant to be similar to Power Stone or Rakugaki ShowTime, but it was later cancelled because of bankruptcy of the studio. There is a nice intro with cool music, no main game, a multiplayer mode but without IA and some debug features.” The Final Fantasy 8 images in the characters select screen were just placeholders.. a weird choice from the developers.
Top Gear Hyper-Bike (USA)	Race along both street and dirt circuits with a collection of top flight dirt-bikes and street bikes. Dirt-bike racing allows you to pull off tricks during racing to increase the amount of turbo boost available to use, while alternating between the different bikes available for each circuit. Compete for points to improve your bikes overall performance or purchase a better overall motorbike. Trick attack mode allows you to simply concentrate on pulling off as many crazy tricks as possible, while you can create your own special track, with jumps and sharp turns, with the track editor.
Top Gear Overdrive (USA)	Race across six open tracks with many of the modern day high speed racing cars. The better you do in each race, the more money you have to spend to buy the faster cars, or to improve the car you have. Shortcuts litter the tracks, while nitro boosts help you to really fly down the main straights. Up to 4 players can compete together against the computer controlled racers in the championship modes, as well as against each other seperatly
Top Gear Rally (USA)	Top Gear Rally has you racing around a collection of high speed tracks, both on-road and off, with varying weather conditions and shortcuts to improve your times. The cars available to race vary in speed, braking, acceleration and top speed rankings, and the more you complete in Championship mode, the better cars that are unlocked for you to race. You can also edit the cars paint scheme, including text and icons. Single player and split screen multiplayer is supported.
Top Gear Rally 2 (USA)	The second rally racer from Kemco on the N64 provides a vastly different style of rally racing to the original Top Gear Rally. Along with the new option to join a rally racing team, who supports you through-out each championship cup you take part in. Money raised by each vistory or top place in the cups goes towards improving your car, or reparing any problems. If you take a wrong turn and damage a part of your car (which can be anything from tyres to a full engine), the repairs come out of your pocket, so driving carefully is important. New sponsership deals and bigger team call ups will also come into play the better you race, allowing the chance to drive the more powerful rally cars and play for big money. Much like the real rally championship, you don't race against other cars in the cups. Instead, you must race the clock. Whoever clocks the best time for each stage will win the points and move on to the next stage and the bigger cup challenges. You can also take part in the usual arcade rally style against 4 other cars, with the first to get to the finish taking the points. 2 players can play as part of one team during a championship campaign, as well up to four players split screen in the arcade mode.
Toy Story 2 - Buzz Lightyear to the Rescue! (USA)	The Countdown to Adventure is On! As space hero Buzz Lightyear, you've got your hands full. Your best buddy, Woody, has been kidnapped by a greedy toy collector and it's going to be an all-out race against time to save him. It's all up to you... Buzz Lightyear to the rescue! Spin, spring, somersault and bounce through 15 colorful, action-packed levels. Unlock special toy accessories to complete your missions, like cool rocket jet boots! Enjoy fast and fun 3D gameplay with your favorite characters from the movie!
Transformers - Beast Wars Transmetals (USA)	Now, experience a Transformers battle you've never seen before! Take command of the Heroic Maximals and Evil Predicons as they struggle for supremacy! More powerful than ever, these cybertronian warriors can convert into 3 modes: beast, vehicle, and robot. Run, blast and transform your way to victory! Crush the competition with the awesome Ultra Blast attack!
Triple Play 2000 (USA)	This iteration of Sculptured's baseball lineage has real players and teams up to date at the time of production. You can play single matches, a full season, the playoffs, or an all-out action Home Run Derby. Team selection and transfers come under player control. Jim Hughson and Buck Martinez provide the commentary. This was the first version to support Internet play on the PC.
Tsumi to Batsu - Hoshi no Keishousha (Japan)	Rogue mutants, named Lufian were originally bred to manage food production in the overpopulated and resource scarce Earth, but they've revolted against their human masters. The army has been soundly defeated, and now it's up to two teenage heroes, 14-year-old Saki Amamiya and 15-year-old Airan Jo to save the day. As the story advances, the heroes find out the Lufian's true intention and that the mutants could jeopardize the future of Earth!
Turok - Dinosaur Hunter (USA)	Turok: Dinosaur Hunter is a first-person shooter with platforming and light puzzle-solving elements. Much of the game is set in outdoor environments, and requires the player to explore them by finding various paths, jumping, swimming, and climbing. The game's most notable enemies are dinosaurs of various sizes, though the levels also include human and demonic enemies, as well as wildlife. The player gradually gains access to thirteen weapons (plus the Chronoscepter, assembling which is the game's main objective); these include a knife, a bow, as well as high-tech firearms such as a rocket launcher and an atomic fusion cannon.
Turok - Rage Wars (USA)	If you enjoyed the multiplayer modes in Turok 2, then this is for you. Instead of the usual Turok single player missions, you must control your character and complete certain missions (from getting the most frags in a time limit, finding an item, or lasting the distance). Before a match you also get to choose which weapons to use, and you can unlock heaps of more weapons and character skins as you complete the objectives. Multiplayer is the main aim of this game, and there are plenty of 4 player game modes to choose from (frag and tag, capture the flag, Bloodlust, etc.) as well as a 2 player co-op Trial mode (much like the single player missions) time trials and frag fests.
Turok 2 - Seeds of Evil (USA)	Turok 2: Seeds of Evil is the sequel to Turok: Dinosaur Hunter. Having defeated the Campaigner, Turok throws the Chronocepter into a waiting volcano to destroy it. Unfortunately the blast awakens an even deadlier force - The Primagen - who lays in wait for his freedom from a wrecked space craft, buried at the core of the Lost Land. Once again a Turok is tasked with restoring peace to the land and stopping the Primagen from merging Earth with the nether world.
Turok 3 - Shadow of Oblivion (USA)	Older than time itself, a savage cosmic entity called Oblivion exists only to devour everything in its path. Two new Turok warriors, Danielle and Joseph Fireseed must face this evil. The heritage of Turok and all humankind depends on them. Join the legacy. Over 24 upgradable weapons to battle 40 new and original enemies! Intense multiplayer action - over 8 modes and 48 maps!
Twisted Edge - Extreme Snowboarding (USA)	This is it! The fast-paced, intense snowboarding action you've been waiting for! TWISTED EDGE: EXTREME SNOWBOARDING! The sickest tricks, the biggest air and runs you've only dreamed about 'til now. No more searching for the best ride ever, grab your controller and prepare to get twisted! Loaded with riders, boards, and secrets - each with their own unique qualities. There's lots available, but only if you aren't slackin' off in your ridin' skills! Performance is everything and it pays off in TWISTED EDGE!
Utchan Nanchan no Hono no Challenger - Denryuu Ira Ira Bou (Japan)	Ucchan Nanchan no Honō no Challenge: Denryū IraIra Bō follows the same playing principle as the mechanical wire loop game. In this variant, the player has to guide a ball through six courses which basically consist of narrow ways with curves and obstacles. Later levels introduce moving obstacles and parts in which the screen slightly tilts. The player is not allowed to touch anything and has to solve the coruse within a time limit. This all is commentated by an enthusiastic announcer. Multiplayer is a simple split-screen race.
V-Rally Edition 99 (USA)	Racing insanity! Over 40 original tracks, 11 official World Rally Championship cars, tracks in 8 worldwide locations, realistic race physics and smooth car handling, diverse terrain such as jungles, canyons, deserts, mountains and more, unstable weather patterns like rain, fog, snow and cloudy. Adjust car performance characteristics to suit varied road conditions. Bonus and hidden cars and tracks to unlock!
Viewpoint 2064 (Japan) (Proto) (2000-04-13)	Viewpoint 2064 was a 3D vertical shmup being developed by Racdym to be published by the series owners Sammy Corporation. It was a sequel to the original Viewpoint which released in 1992.
Vigilante 8 (USA)	The game takes place in the Western United States during a time of world-wide oil shortage in 1976. An organization known as OMAR (Oil Monopoly Alliance Regime) was making money off the shortage everywhere except in the United States. OMAR hires the best terrorist that $100 million could buy: Sid Burn. His job, aided by five hired Coyotes, is to destroy all gas refineries in the southwest of the U.S. so OMAR can bring the country to its knees. When gas prices went wild, six civilians who called themselves Vigilantes, led by the truck driver Convoy, began fighting against the Coyotes in different areas to keep OMAR from succeeding. Players can choose from eight characters with different agendas, and select vehicles ranging from classic 1970's muscle cars to a school bus, each stacked high with various kinds of weapons.
Vigilante 8 - 2nd Offense (USA)	More drivin' & blastin' fun in this sequel to Vigilante 8. The Coyotes gang returns with a shocking new leader to seek revenge on OMAR, and the Vigilantes gang. New cars, weapons and landscapes add new excitement to the game. There are 18 charcters with storylines to walk through, which in turn affects the other characters in the game, and how well you do in the single player missions will determine what happens in the later levels.
Virtual Chess 64 (USA) (En,Fr,Es)	Virtual Chess 64 is probably the only chess game that was created for the Nintendo 64 console. It features both 2D and 3D graphics that the player can choose according to his/her own preference. It also features mini cut scenes when a pawn loses to another where cartoon - like characters that represent the pawn that attacks and the pawn that loses fight each other. The AI of the game though is extremely high even in the easy levels.
Virtual Pool 64 (USA)	The ultra-real physics make Virtual Pool 64 as close to real pool as it gets! Choose from 9 types of pool including favorites like 9-Ball, Straight Pool, 8-Ball and One Pocket. Three levels of difficulty: Amateur, Professional and Championship. Master trick shots, learn a new game or challenge hundreds of computer opponents in exciting tournament play.
Virtual Pro Wrestling 2 - Oudou Keishou (Japan)	The third title in Virtual Pro Wrestling trilogy features a total of 98 wrestlers representing 11 wrestling organizations, and five different fighting locations. There are also unlockable secret moves, hidden wrestlers, and exclusive cosmetic features for editing a wrestler.
Virtual Pro Wrestling 64 (Japan)	In this sequel to Virtual Pro Wrestling, wrestlers worldwide gather once again to fight it all out. The game has many similarities to WCW vs. nWo: World Tour. The new roster contains a total of 78 real-life wrestlers from seven different organizations, plus 16 unlockable legends. In addition, the player has the ability to customize a wrestler cosmetically and statistically.
Waialae Country Club - True Golf Classics (USA)	Get a grip on golf reality with Waialae Country Club True Golf Classics. This golf simulation is tucked into a beautiful Hawaiian setting, but don't let the scenery fool you. The course is designed with all of the challenging hazards of the real golf course. Enjoy the six game modes and save all your statistics to the Game Pak memory. Create up to ten golfers and fill each golf bag with customized clubs. Don't be stuck in the rough with an average golf game, when you can hit the fairway with the best!
War Gods (USA)	War Gods is a one-on-one fighting game that takes place in 3D environments. The fighter under your control can perform many different moves, and string those moves together to perform &quot;combos.&quot; Furthermore, the fighters all have special &quot;finishing moves&quot; that eliminate your opponent in some gruesome manner at the end of a match. There are 10 different fighters to choose from, all based on different ancient civilizations.
Wave Race 64 - Kawasaki Jet Ski (USA)	Wave Race 64 is sure to provide some of the most exciting racing you've ever experienced. Feel the pounding and crashing of the waves as you accelerate into straight-aways, whip around the marker buoys and go airborne on the jump ramps. Don't race alone - challenge a friend! Take control in three different modes of play - Championship, Time Trials and Stunt Mode. Nine challenging courses set in exotic locales - race conditions change and the wave action responds to the way both you and your opponents race!
Wayne Gretzky's 3D Hockey '98 (USA)	Take on &quot;The Great One&quot; again in this hot sequel to the smash hit voted &quot;Best Sports Game&quot; of '96! With more great features, such as new hidden teams and improved, hard-hitting AI, Gretzky '98 packs a wallop! Includes all 26 teams, each with 17 available players on their actual NHL teams, and you can make player trades or line manipulations to create a powerhouse team of your own. Play 3-on-3, 4-on-4 or 5-on-5 games on either arcade or regulation size hockey rinks, plus exhibition games, full 82 game seasons or a best-of-seven playoff series with full statistic saving capability.
Wayne Gretzky's 3D Hockey (USA)	Ported from the arcade version, this Midway title comes with all official NHL hockey teams and players with the ability to play a full season with complete stats. It also lets you play either three-on-three, four-on-four or five-on-five teams in either arcade style arenas or official regulation arenas. Carrying the NHLPA and NHL licenses, 26 teams are included with their real names, logos and uniforms. The game has several different camera angles in a full 3D environment. As apparent through the title, it is personally endorsed by player Wayne Gretzky.
WCW Backstage Assault (USA)	Moving away from the usual in-ring wrestling action, WCW Backstage Assault is just that, one-on-one battles in locker rooms, bathrooms, outdoor arenas and much more. Each wrestler has his/her usual set of moves, plus the ability to use the surroundings and any items (chairs, tables, etc.) they can find. You can create your own wrestler, modify an existing wrestler, or choose from a large collection of WCW talent, competing for special championship belts, or hardcore matches where every win opens up hidden secrets.
WCW Mayhem (USA)	In WCW Mayhem you can wrestle as more than 50 of your favorite WCW wrestlers in all 12 of the company's pay-per-view sets and their three major television programs, &quot;Nitro&quot;, &quot;Thunder&quot; and &quot;Saturday Night&quot;. Fights can occur in the ring, or you can take the match out to the backstage area. The game also includes a create a wrestler mode to bring your own grapplers to the ring and a feature to unlock pay-per view events with the use of special codes (this feature was dropped after only three months). Running commentary by WCW's main announcer Tony Schiavone and (PlayStation version only) Bobby &quot;The Brain&quot; Heenan lend an air of authenticity to the presentation of the game.
WCW Nitro (USA)	Take control of your favourite WCW wrestler and battle it out in the ring. The 16 wrestlers (to start) in the game include such greats as Kevin Nash, Buff Bagwell and Hollywood Hulk Hogan. Based on WCW's flagship television program, &quot;WCW Monday Nitro&quot;, this arcade-style game puts you (or a partner) in a button-mashing brawl featuring many of WCW's most popular stars and their signature maneuvers. There are single and tag match options for one or two players and a single-player tournament mode, where the player must battle through a series of matches to become a champion. As you progress, you can unlock new characters to take to the ring, including more WCW wrestlers and personnel, as well as fictional characters and THQ staff members.
WCW vs. nWo - World Tour (USA)	More than 40 wrestlers from the WCW/NWO series are up to take the world wrestling title in a range of different play modes including Exhibition, League Challenge, Tournament and WCW vs NWO. You can play four player battle royal, two-on-two tag teams, or the simple one-on-one wrestling match. Each wrestler also has a collection of different moves, and players can be thrown out of the ring, and objects can be picked up out of the crowd for deadly use.
WCW-nWo Revenge (USA)	WCW/NWO Revenge is the much anticipated sequel to THQ's smash &quot;WCW Vs NWO: World Tour&quot;. With greatly improved graphics, animation, roster, control and much anticipated 40 man 'battle royal', Revenge is a definite step up over it's predecessor. Take control of one of 50 WCW wrestlers (and 10+ fictional wrestlers) such as Sting or Hollywood Hogan and battle through for any of the 5 different title belts with full statistical tracking of wins/losses/draws and new replay mode you can gloat in your victory or powerful move over and over again.
Wetrix (USA) (En,Fr,De,Es,It,Nl)	The idea for this game is that you must build barriers on the arena to stop the water from leaking out. As you go along, rain starts to fall onto the arena, so you better keep the walls as high as possible. Too much on the screen, though, will start and earthquake. Ice blocks fall to freeze the water. Bombs drop, leaving holes in your walls and fireballs dry up the water. Simply go as long as possible to get as high a score as you can. There is a practice mode available, and you can play against a friend.
Wheel of Fortune (USA)	This game is an interactive version of the popular U.S. quiz show Wheel of Fortune complete with hostess Vanna White. The game is played by trying to find a hidden word with only a few guesses allowed for the letters which is very similar to the pen and paper game Hangman. The other round which features the Wheel of Fortune involves you spinning the wheel which has various prizes both good and bad and whatever the pointer stops on when it stops revolving is what the player wins. This can be cash, a free spin or if you're very unlucky Bankruptcy which means you lose all the money you've earned up to that point. Up to 3 Players can play together in multiplayer mode
Wildwaters (USA) (1999-06-15) (Proto)	Wildwaters is an unreleased game for the Nintendo 64. The water-based arcade racer will offer six different characters to choose from as well as three different kayak types, each with their own respective strengths and weaknesses. Wildwaters will send up to two players down six perilous river courses, highlighted by realistic water physics and eye-popping graphics. Ubi Soft is promising five different gameplay modes, including Arcade, Time Trial, Championship, Finals and Versus Battle.
WinBack - Covert Operations (USA)	The first blast wiped out your Space Center. In just 3 hours, the hi-tech weapons satellite will strike again... It's your job to make sure that doesn't happen. Featuring intense third-person shooting action, precision laser-sighting aiming mechanism, immense 3D environments, battle heavily-armed boss characters and &quot;smart&quot; enemies, 4-player Deathmatch, along with Lethal Tag, Cube Hunt, and Quick Draw.
Wipeout 64 (USA)	WipEout 64 is a follow-up to WipEout XL, taking place one year later (2098). Like other installments in the series, it is a futuristic racing game in which players control hovercrafts and use weapons to damage the opponents' vehicles, trying to finish the race in the first position. The gameplay is similar to its predecessor in many aspects, such selection of hovercrafts, handling system, visuals, etc. The main differences include: - Split-screen multiplayer gameplay (up to four players) is introduced - Challenge mode includes: Race, Time Trial, Weapon, and Super Combo Challenges - Each team has a special weapon of its own - New racing tracks - The Piranha vehicle is now capable of using weapons
Wonder Project J2 - Koruro no Mori no Jozet (Japan)	The game takes place 15 years after the events of the first game and focuses on the protagonist Josette - a female robot built by Doctor Geppetto who built the main character of the previous game as well. The game plays as a raising simulator, with the player guiding Josette through the text driven game through yes or no questions in a branching but limited story line. Choices made in the early game effect the outcome of the second half as Josette and by proxy the player come into conflict with the Silliconian Army.
World Cup 98 (USA) (En,Fr,De,Es,It,Nl,Sv,Da)	The licensed game of the 1998 Football World Cup held in France from June 10 to July 12 and the first World Cup licensed game distributed and developed by Electronic Arts features a tweaked FIFA 98 engine, with all 10 stadiums accurately designed and all 32 teams (plus 8 teams that failed to qualify but still deemed too important to leave out) featuring real names and close &quot;look-a-like&quot; kits. Changes done to the 3D engine feature include on the fly in-game management with better player positioning AI (including the goalkeeper), and faster gameplay. An editor to change all player information is included, which affects simulated data: the team with higher ratings has a better chance of progressing through the next stage regardless if it is Brazil or China.
World Driver Championship (USA)	Develop a racing career as you compete for job offers with each of the 15 World Driver Teams, with 10 tracks including Sydney, Kyoto, and Rome, 20 challenging events spread across two different levels of competition, and over 30 highly detailed, exotic cars with realistic physics and handling.
Worms Armageddon (USA) (En,Fr,Es)	Worms Armageddon expands on Worms 2 by improving quite a few facets of gameplay and including play over the Internet through Team 17's WORMNET. For those who've never played Worms, it's at heart similar to the old game Artillery, which you control an artillery piece. In essence, you give it a shot angle and shot power, and try to hit your enemy, despite wind effects and the enemy firing back at you. Worms puts you in command of a team of Worms, but not only can you move around the landscape, you can use many types of weapons to try to dispatch the enemy, from bazookas to mini-guns to exploding sheep. Everything is presented in a humorous cartoonish style, from the landscapes to the worms themselves and their cries of triumph or despair, depending on how you do.
WWF Attitude (USA)	WWF Attitude was the third wrestling game by Acclaim for the Sony Playstation. It was also the second WWF 3D wrestling game for the system. This game was the followup to the commercial success WWF War Zone. At the time it was the wrestling game to have featured the most modes. The 20 or so game modes included specialty matches like royal rumble, survivor series, tornado matches and more. Also featured was a new career mode compared to that of WWF War Zone, realistic entrances and a first ever Create a PPV mode. The game featured over 40 of the then current WWF Superstars, including hidden ones. The Create A Wrestler feature was one of the most advanced of it's time.
WWF No Mercy (USA)	The last wrestling title made by the team of THQ and AKI allows players to compete for 7 different WWF Titles with each belt getting its own unique story. Stories can be replayed, allowing players to defend their title in a storyline. Upon successful completion of a story mode, players will unlock the title they were competing for in Exhibition mode where titles can be won and defended as the players see fit. A maximum of 4 players can compete in a range of modes, including caged and ladder contests and pay per view events. You can also create your own event and compete for WWF titles unlocked in Championship mode. Certain matches will take you outside the ring to 4 different backstage locations.
WWF War Zone (USA)	One of the first wrestling games for the Nintendo 64, and one of the many for the Playstation. The Playstation version has better, CD quality music, but has less features. One of the main attractions was that WWF's Steve Austin did a lot of voice acting for it, although the other wrestlers don't have nearly as much speech. Features include custom player made wrestlers, as well as the real wrestlers, many different game types (single player, multiplayer, royal rumbles, cage matches, etc.), but the career mode is where the action is, and you can build up your wrestlers strengths, and earn him belts.
WWF WrestleMania 2000 (USA)	Wrestlemania 2K features more than 50 real WWF stars as well as the option for 16 custom wrestlers. All the wrestlers come with their real-life theme music, entrance videos (made into slide shows) and entrance performances. A great improvement over the previous game is the &quot;road to Wrestlemania&quot; mode, an enhanced tournament where players can challenge for any number of belts and be challenged by other wrestlers in a 12 month journey that finally leads to Wrestlemania 2000 itself.
X'treme Roller (USA) (Proto)	This roller skating game, blending racing, acrobatics, and combat, immersed players in a near-future setting with manga-inspired characters. The goal was to cross the finish line first, performing spectacular tricks and battling rivals to impress the crowd. Successful performances earned credits to acquire new equipment. Each character had their own story and skating style, and mastering all the maneuvers was essential to defeating the final boss. The game featured around ten levels, each with different objectives: winning the race, chaining together tricks, or beating the clock.
Xena - Warrior Princess - The Talisman of Fate (USA)	Xena shall choose the defenders of the world. We have seen them in the memories of her exploits. So come together, Earth's greatest heroes and villains. Choose your weapons wisely and let the battles begin! Just remember, each victory only brings you closer to challenging the embodiment of darkness... Despair himself! Each of Xena's 10 characters possess their own unique weapons, attitudes and fighting techniques. Exclusive multi-player feature includes a roster mode, plus team and single battles.
Yakouchuu II - Satsujin Kouro (Japan)	Yakouchuu II: Satsujin Kouro (Translates to &quot;Phosphorescent Animalcule II: Murder Course&quot;) is an adventure game for the Nintendo 64 released only in Japan in 1999.
Yoshi's Story (USA) (En,Ja)	Reclaim the Super Happy Tree to restore happiness! Baby Bowser has taken the Super Happy Tree and put a spell on Yoshi Island. It's up to a few remaining Yoshis to restore everything to its rightful place as they run, ground-pound, flutter-jump, throw eggs, and traverse a colorful and crafted storybook-looking world. Complete a course in Story Mode, and then best your high score in Trial Mode!
Zool - Majuu Tsukai Densetsu (Japan)	Zool: Majou Tsukai Densetsu (Translated &quot;Zool: Legend of the Monster Trainer&quot;) is a role playing game for the Nintendo 64. It was released in 1999 in Japan only. This game is unrelated to the Amiga game Zool. The gameplay is similar to Pokemon. It shares
