#name	crc	size	key
'89 Dennou Kyuusei Uranai (Japan)	3577ab04	262160	'89 Dennou Kyuusei Uranai (Japan)
10-Yard Fight (Japan) (En)	44aa3eeb	24592	10-Yard Fight (USA, Europe)
10-Yard Fight (Japan) (En) (Rev 1)	83146ecf	24592	10-Yard Fight (USA, Europe)
10-Yard Fight (USA) (Retro-Bit Generations)	525662b1	40976	10-Yard Fight (USA, Europe)
10-Yard Fight (USA, Europe)	c986cda2	40976	10-Yard Fight (USA, Europe)
100 Man Dollar Kid - Maboroshi no Teiou Hen (Japan)	fccb5cea	262160	Casino Kid (USA)
1942 (Japan, USA) (En)	74d7bae1	40976	1942 (Japan, USA) (En)
1943 (Japan) (FamicomBox)	e081d937	131088	1943 - The Battle of Midway (USA)
1943 - The Battle of Midway (Japan) (Beta)	6bc1bb33	131088	1943 - The Battle of Midway (USA)
1943 - The Battle of Midway (USA)	46f660c9	131088	1943 - The Battle of Midway (USA)
1943 - The Battle of Midway (USA) (Beta 1)	2a7cf274	131088	1943 - The Battle of Midway (USA)
1943 - The Battle of Midway (USA) (Beta 2)	00c08491	131088	1943 - The Battle of Midway (USA)
1943 - The Battle of Midway (USA) (Retro-Bit Generations)	5564b222	131088	1943 - The Battle of Midway (USA)
1943 - The Battle of Valhalla (Japan)	1a724434	131088	1943 - The Battle of Midway (USA)
1999 - Hore, Mitakotoka! Seikimatsu (Japan)	0cc5efb8	393232	1999 - Hore, Mitakotoka! Seikimatsu (Japan)
2010 Street Fighter (Japan)	a311678a	262160	Street Fighter 2010 - The Final Fight (USA)
2010 Street Fighter (Japan) (Beta)	27f5c9a6	262160	Street Fighter 2010 - The Final Fight (USA)
3-D WorldRunner (USA)	426a7b5a	131088	3-D WorldRunner (USA)
4 Nin Uchi Mahjong (Japan)	f7566468	24592	4 Nin Uchi Mahjong (Japan)
4 Nin Uchi Mahjong (Japan) (Rev 1)	aaf96070	24592	4 Nin Uchi Mahjong (Japan)
720 Degrees (USA)	1e693a66	131088	720 Degrees (USA)
8 Eyes (Japan)	436cd34b	262160	8 Eyes (World) (Digital)
8 Eyes (USA)	89d3518c	262160	8 Eyes (World) (Digital)
8 Eyes (USA, Europe) (Pixel Heart)	22c0543e	524304	8 Eyes (World) (Digital)
8 Eyes (World) (Digital)	a1c16875	262160	8 Eyes (World) (Digital)
A Ressha de Ikou (Japan)	e3e40b00	147472	A Ressha de Ikou (Japan)
ASO - Armored Scrum Object (Japan) (En)	142a80b3	65552	Alpha Mission (USA)
ASO - Armored Scrum Object (Japan) (En) (Sample)	14eea3f9	65552	Alpha Mission (USA)
Aa Yakyuu Jinsei Icchokusen (Japan)	d56e626b	524304	Aa Yakyuu Jinsei Icchokusen (Japan)
Abadox (Japan) (En)	e8549ce8	262160	Abadox - The Deadly Inner War (USA)
Abadox - The Deadly Inner War (USA)	4dad1c95	262160	Abadox - The Deadly Inner War (USA)
Abarenbou Tengu (Japan)	77c3aff0	262160	Zombie Nation (USA)
Aces - Iron Eagle III (Japan)	ff6ad30c	524304	Ultimate Air Combat (USA)
Action in New York (Europe)	02b76e2c	262160	S.C.A.T. - Special Cybernetic Attack Team (USA)
Addams Family, The (Europe) (En,Fr,De)	8707e956	262160	Addams Family, The (USA)
Addams Family, The (USA)	99c84528	262160	Addams Family, The (USA)
Addams Family, The (USA) (Beta) (1991-08-02)	cff2e0e7	262160	Addams Family, The (USA)
Addams Family, The - Pugsley's Scavenger Hunt (Europe)	ae452956	262160	Addams Family, The - Pugsley's Scavenger Hunt (USA)
Addams Family, The - Pugsley's Scavenger Hunt (Europe) (Beta 1)	2915d501	262160	Addams Family, The - Pugsley's Scavenger Hunt (USA)
Addams Family, The - Pugsley's Scavenger Hunt (Europe) (Beta 2)	fb3ff1cb	262160	Addams Family, The - Pugsley's Scavenger Hunt (USA)
Addams Family, The - Pugsley's Scavenger Hunt (Europe) (Beta 3)	f085eedf	262160	Addams Family, The - Pugsley's Scavenger Hunt (USA)
Addams Family, The - Pugsley's Scavenger Hunt (Europe) (Beta 4)	74068f9a	262160	Addams Family, The - Pugsley's Scavenger Hunt (USA)
Addams Family, The - Pugsley's Scavenger Hunt (USA)	faa79dd5	262160	Addams Family, The - Pugsley's Scavenger Hunt (USA)
Addams Family, The - Pugsley's Scavenger Hunt (USA) (Beta 1)	c46352b5	262160	Addams Family, The - Pugsley's Scavenger Hunt (USA)
Addams Family, The - Pugsley's Scavenger Hunt (USA) (Beta 2)	c886db3d	262160	Addams Family, The - Pugsley's Scavenger Hunt (USA)
Addams Family, The - Pugsley's Scavenger Hunt (USA) (Beta 3)	b1e58f31	262160	Addams Family, The - Pugsley's Scavenger Hunt (USA)
Addams Family, The - Pugsley's Scavenger Hunt (USA) (Beta 4)	1ac80aed	262160	Addams Family, The - Pugsley's Scavenger Hunt (USA)
Advanced Dungeons & Dragons - DragonStrike (USA)	af14702d	524304	Advanced Dungeons & Dragons - DragonStrike (USA)
Advanced Dungeons & Dragons - Dragons of Flame (Japan)	da38e889	262160	Advanced Dungeons & Dragons - Dragons of Flame (Japan)
Advanced Dungeons & Dragons - Heroes of the Lance (Japan)	226939f9	262160	Advanced Dungeons & Dragons - Heroes of the Lance (USA)
Advanced Dungeons & Dragons - Heroes of the Lance (USA)	8d5b6370	262160	Advanced Dungeons & Dragons - Heroes of the Lance (USA)
Advanced Dungeons & Dragons - Heroes of the Lance (USA) (Beta)	fe01291c	262160	Advanced Dungeons & Dragons - Heroes of the Lance (USA)
Advanced Dungeons & Dragons - Hillsfar (Japan)	63ab8c35	262160	Advanced Dungeons & Dragons - Hillsfar (USA)
Advanced Dungeons & Dragons - Hillsfar (USA)	127e8c11	262160	Advanced Dungeons & Dragons - Hillsfar (USA)
Advanced Dungeons & Dragons - Hillsfar (USA) (Beta)	0dfb881f	262160	Advanced Dungeons & Dragons - Hillsfar (USA)
Advanced Dungeons & Dragons - Pool of Radiance (Japan)	f2d65be7	655376	Advanced Dungeons & Dragons - Pool of Radiance (USA)
Advanced Dungeons & Dragons - Pool of Radiance (USA)	1d3073d7	655376	Advanced Dungeons & Dragons - Pool of Radiance (USA)
Advanced Dungeons & Dragons - Pool of Radiance (USA) (Beta)	a2809c64	655376	Advanced Dungeons & Dragons - Pool of Radiance (USA)
Adventure Island (USA)	995b3fff	65552	Adventure Island (USA)
Adventure Island 3 (USA)	04063067	262160	Adventure Island 3 (USA)
Adventure Island Classic (Europe)	cb55d991	65552	Adventure Island (USA)
Adventure Island II (USA)	cca56a6f	262160	Adventure Island II (USA)
Adventure Island II (USA) (Beta)	371528bf	262160	Adventure Island II (USA)
Adventure Island III (Europe) (Proto)	71c39b3b	262160	Adventure Island 3 (USA)
Adventure Island Part II, The (Europe)	011c6315	262160	Adventure Island II (USA)
Adventures in the Magic Kingdom (Europe)	5301f57e	262160	Adventures in the Magic Kingdom (USA)
Adventures in the Magic Kingdom (USA)	a124ab1f	262160	Adventures in the Magic Kingdom (USA)
Adventures in the Magic Kingdom (USA) (Beta 1)	b322289f	262160	Adventures in the Magic Kingdom (USA)
Adventures in the Magic Kingdom (USA) (Beta 2)	c06e8258	262160	Adventures in the Magic Kingdom (USA)
Adventures of Bayou Billy, The (Europe)	ed805bc0	262160	Adventures of Bayou Billy, The (USA)
Adventures of Bayou Billy, The (USA)	f280923f	262160	Adventures of Bayou Billy, The (USA)
Adventures of Bayou Billy, The (USA) (Virtual Console)	168680b5	262160	Adventures of Bayou Billy, The (USA)
Adventures of Dino Riki (USA)	fa221e26	65552	Adventures of Dino Riki (USA)
Adventures of Dr. Franken, The (USA) (Proto)	efd4aeea	131088	Adventures of Dr. Franken, The (USA) (Proto)
Adventures of Gilligan's Island, The (USA)	f1b93468	131088	Adventures of Gilligan's Island, The (USA)
Adventures of Lolo (Europe)	bf879b71	65552	Adventures of Lolo (USA)
Adventures of Lolo (Europe) (Virtual Console)	72a477e0	65552	Adventures of Lolo (USA)
Adventures of Lolo (Japan) (En)	c42f6e40	65552	Adventures of Lolo (Japan) (En)
Adventures of Lolo (USA)	3d59cddd	65552	Adventures of Lolo (USA)
Adventures of Lolo (USA) (Virtual Console)	6601b119	65552	Adventures of Lolo (USA)
Adventures of Lolo 2 (Europe)	444e95bd	65552	Adventures of Lolo 2 (USA)
Adventures of Lolo 2 (Europe) (Virtual Console)	ae30b974	65552	Adventures of Lolo 2 (USA)
Adventures of Lolo 2 (USA)	f4cc279a	65552	Adventures of Lolo 2 (USA)
Adventures of Lolo 2 (USA) (Virtual Console)	1eb20b53	65552	Adventures of Lolo 2 (USA)
Adventures of Lolo 3 (Europe)	0f4e9cb2	262160	Adventures of Lolo 3 (USA)
Adventures of Lolo 3 (USA)	7140eca3	262160	Adventures of Lolo 3 (USA)
Adventures of Lolo II (Japan)	1620f77d	262160	Adventures of Lolo II (Japan)
Adventures of Rad Gravity, The (Europe)	9b66afd9	262160	Adventures of Rad Gravity, The (USA)
Adventures of Rad Gravity, The (USA)	2477bdef	262160	Adventures of Rad Gravity, The (USA)
Adventures of Rad Gravity, The (USA) (Beta)	a8a97f1f	262160	Adventures of Rad Gravity, The (USA)
Adventures of Rad Gravity, The (World) (Evercade)	32917b5a	262160	Adventures of Rad Gravity, The (USA)
Adventures of Rocky and Bullwinkle and Friends, The (USA)	99c5174d	262160	Adventures of Rocky and Bullwinkle and Friends, The (USA)
Adventures of Tom Sawyer (USA)	921c135b	262160	Adventures of Tom Sawyer (USA)
After Burner (Japan) (En)	a4ac4a21	393232	After Burner (Japan) (En)
Ai Sensei no Oshiete - Watashi no Hoshi (Japan)	8a756713	393232	Ai Sensei no Oshiete - Watashi no Hoshi (Japan)
Aigina no Yogen - Balubalouk no Densetsu Yori (Japan)	933b98b8	131088	Aigina no Yogen - Balubalouk no Densetsu Yori (Japan)
Air Fortress (Europe)	d61c4f3b	163856	Air Fortress (USA)
Air Fortress (Japan) (En)	6da461e2	262160	Air Fortress (USA)
Air Fortress (USA)	c572cabe	163856	Air Fortress (USA)
Air Fortress (USA) (Beta) (1989-03-03)	6c122916	163856	Air Fortress (USA)
Airwolf (Europe) (Acclaim)	23380680	163856	Airwolf (USA) (Acclaim)
Airwolf (Japan) (Kyugo)	07135006	262160	Airwolf (Japan) (Kyugo)
Airwolf (USA) (Acclaim)	a1c13577	163856	Airwolf (USA) (Acclaim)
Akagawa Jirou no Yuurei Ressha (Japan)	d20ffb7b	262160	Akagawa Jirou no Yuurei Ressha (Japan)
Akira (Japan)	9dbd5dfb	393232	Akira (Japan)
Akuma no Shoutaijou (Japan)	69460c52	262160	Uninvited (USA)
Akuma-kun - Makai no Wana (Japan)	bc08186b	262160	Akuma-kun - Makai no Wana (Japan)
Akumajou Densetsu (Japan)	2ead04c5	393232	Castlevania III - Dracula's Curse (World) (Konami Collector's Series)
Akumajou Densetsu (Japan) (Virtual Console)	d337615e	393232	Castlevania III - Dracula's Curse (World) (Konami Collector's Series)
Akumajou Densetsu (World) (Ja) (Castlevania Anniversary Collection)	3f992cc6	393232	Castlevania III - Dracula's Curse (World) (Konami Collector's Series)
Akumajou Dracula (Japan) (En)	04379750	131088	Castlevania (World) (Konami Collector's Series)
Akumajou Dracula (World) (Castlevania Anniversary Collection)	2301821e	131088	Castlevania (World) (Konami Collector's Series)
Akumajou Special - Boku Dracula-kun (Japan)	c3945386	262160	Akumajou Special - Boku Dracula-kun (Japan)
Akumajou Special - Boku Dracula-kun (World) (Ja) (Castlevania Anniversary Collection)	80ee60d0	262160	Akumajou Special - Boku Dracula-kun (Japan)
Al Unser Jr. Turbo Racing (USA)	67e7c022	262160	Al Unser Jr. Turbo Racing (USA)
Aladdin (Europe)	6d551c0a	262160	Aladdin (Europe)
Aladdin (USA) (Proto)	4bac38f5	262160	Aladdin (Europe)
Alex DeMeo's Race America (USA)	542911d0	262160	Alex DeMeo's Race America (USA)
Alfred Chicken (Europe)	6127a283	131088	Alfred Chicken (USA)
Alfred Chicken (USA)	37d927a2	131088	Alfred Chicken (USA)
Alien 3 (Europe)	a2911d53	262160	Alien 3 (USA)
Alien 3 (USA)	6d5af3e9	262160	Alien 3 (USA)
Alien Syndrome (Japan) (En)	a71ab50b	262160	Alien Syndrome (Japan) (En)
All-Pro Basketball (USA)	6fd47acc	262160	All-Pro Basketball (USA)
Alpha Mission (Europe)	4c8f5d3e	65552	Alpha Mission (USA)
Alpha Mission (USA)	2c31447e	65552	Alpha Mission (USA)
Amagon (USA)	467a3680	131088	Amagon (USA)
America Daitouryou Senkyo (Japan)	ae5de60d	262160	America Daitouryou Senkyo (Japan)
America Oudan Ultra Quiz - Shijou Saidai no Tatakai (Japan)	504f4920	524304	America Oudan Ultra Quiz - Shijou Saidai no Tatakai (Japan)
America Oudan Ultra Quiz - Shijou Saidai no Tatakai (Japan) (Rev 1)	a5f45b24	524304	America Oudan Ultra Quiz - Shijou Saidai no Tatakai (Japan)
American Dream (Japan)	c3639ce4	262160	American Dream (Japan)
American Dream (Japan) (Beta)	4ffc1ac3	262160	American Dream (Japan)
American Football - Touchdown Fever (Japan)	4ec66ddb	163856	Touchdown Fever (USA)
American Gladiators (USA)	e5ea652e	262160	American Gladiators (USA)
Ankoku Shinwa - Yamato Takeru Densetsu (Japan)	eb617706	262160	Ankoku Shinwa - Yamato Takeru Densetsu (Japan)
Anticipation (Europe)	ebb47b17	65552	Anticipation (USA)
Anticipation (USA)	d54f3ffc	65552	Anticipation (USA)
Aoki Ookami to Shiroki Mejika - Genchou Hishi (Japan)	b969eee3	786448	Aoki Ookami to Shiroki Mejika - Genchou Hishi (Japan)
Aoki Ookami to Shiroki Mejika - Genghis Khan (Japan)	1bb419b5	262160	Genghis Khan (USA)
Arabian (World) (Evercade)	0c12ed5c	24592	Super Arabian (Japan) (En)
Arabian Dream Scheherazade (Japan)	fbd70fa2	262160	Magic of Scheherazade, The (USA)
Arcadia VI (USA) (Proto)	513dc434	262160	Arcadia VI (USA) (Proto)
Arch Rivals - A Basketbrawl! (Europe)	fc77bff1	131088	Arch Rivals - A Basketbrawl! (USA)
Arch Rivals - A Basketbrawl! (USA)	a0285cc5	131088	Arch Rivals - A Basketbrawl! (USA)
Archon (USA)	57cafd51	131088	Archon (USA)
Archon (USA) (Beta 1)	457e3a75	131088	Archon (USA)
Archon (USA) (Beta 2)	9a0310f9	131088	Archon (USA)
Arctic (Japan) (En)	4b445f62	131088	Arctic (Japan) (En)
Argos no Senshi (Japan) (FamicomBox)	5f661dd3	131088	Rygar (USA)
Argos no Senshi - Hachamecha Daishingeki (Japan)	457c6c32	131088	Rygar (USA)
Argus (Japan) (En)	f8a22d45	49168	Argus (Japan) (En)
Arkanoid (Japan) (En)	b52a3b7b	49168	Arkanoid (USA)
Arkanoid (USA)	757488e0	49168	Arkanoid (USA)
Arkanoid II (Japan) (En)	5bbb7c20	196624	Arkanoid II (Japan) (En)
Arkanoid II (Japan) (En) (Beta 1)	4ac24382	131088	Arkanoid II (Japan) (En)
Arkanoid II (Japan) (En) (Beta 2)	a82282ea	196624	Arkanoid II (Japan) (En)
Arkista's Ring (USA)	e3ed94f8	65552	Arkista's Ring (USA)
Armadillo (Japan)	c8b16293	393232	Armadillo (Japan)
Artelius (Japan)	8470a23d	163856	Artelius (Japan)
Asmik-kun Land (Japan)	aeadf63b	262160	Asmik-kun Land (Japan)
Asterix (Europe) (En,Fr,De,Es,It)	093ab7e4	131088	Asterix (Europe) (En,Fr,De,Es,It)
Astro Fang - Super Machine (Japan)	52f00db0	262160	Astro Fang - Super Machine (Japan)
Astro Robo Sasa (Japan) (En)	57aa8e2f	40976	Astro Robo Sasa (Japan) (En)
Astyanax (Europe)	c9d85c8e	262160	Astyanax (USA)
Astyanax (USA)	bef556d1	262160	Astyanax (USA)
Astyanax (USA) (Beta)	1fd49d38	262160	Astyanax (USA)
Astyanax (World) (Evercade)	84d50713	262160	Astyanax (USA)
Athena (Japan) (En)	2f03e972	131088	Athena (USA)
Athena (USA)	8313fecf	131088	Athena (USA)
Athletic World (Europe)	77cd19f4	65552	Athletic World (USA)
Athletic World (USA)	a9018ba1	65552	Athletic World (USA)
Atlantis no Nazo (Japan) (En)	f250a44c	49168	Atlantis no Nazo (Japan) (En)
Atlantis no Nazo (Japan) (En) (Beta)	5a3aa867	49168	Atlantis no Nazo (Japan) (En)
Atlantis no Nazo (Japan) (En) (Virtual Console, Switch Online)	06f8eea5	49168	Atlantis no Nazo (Japan) (En)
Attack Animal Gakuen (Japan) (En) (Famicom 3D System)	fd43e1a7	131088	Attack Animal Gakuen (Japan) (En) (Famicom 3D System)
Attack of the Killer Tomatoes (Europe)	9e62d810	262160	Attack of the Killer Tomatoes (USA)
Attack of the Killer Tomatoes (USA)	80f6aad9	262160	Attack of the Killer Tomatoes (USA)
Aussie Rules Footy (Australia)	ee4703a9	262160	Aussie Rules Footy (Australia)
B-Wings (Japan) (En)	d0f54d24	40976	B-Wings (Japan) (En)
Babel no Tou (Japan) (En)	9b31d4ce	65552	Babel no Tou (Japan) (En)
Babel no Tou (Japan) (En) (Namcot Collection)	f85a87d6	65552	Babel no Tou (Japan) (En)
Babel no Tou (Japan) (En) (Rev 1) (Namcot Collection)	6c748520	98320	Babel no Tou (Japan) (En)
Back to the Future (USA)	5297e09b	65552	Back to the Future (USA)
Back to the Future Part II & III (USA)	cb23f9e7	262160	Back to the Future Part II & III (USA)
Bad Dudes (USA)	ada49341	262160	Bad Dudes (USA)
Bad Dudes (World) (Evercade)	7c3e4d4a	262160	Bad Dudes (USA)
Bad Dudes vs. Dragon Ninja (Europe)	f372ee5e	262160	Bad Dudes (USA)
Bad News Baseball (USA)	bc43373c	262160	Bad News Baseball (USA)
Bad News Baseball (USA) (Beta)	bceabdb3	262160	Bad News Baseball (USA)
Bad Street Brawler (USA)	4d79c6b5	131088	Bad Street Brawler (USA)
Bad Street Brawler (World) (Evercade)	d2592897	131088	Bad Street Brawler (USA)
Baken Hisshou Gaku - Gate In (Japan)	a8ee263c	262160	Baken Hisshou Gaku - Gate In (Japan)
Bakushou! Star Monomane Shitennou (Japan)	3b47b3a5	131088	Bakushou! Star Monomane Shitennou (Japan)
Bakushou!! Ai no Gekijou (Japan)	676134ce	262160	Bakushou!! Ai no Gekijou (Japan)
Bakushou!! Jinsei Gekijou (Japan)	bb433ac8	393232	Bakushou!! Jinsei Gekijou (Japan)
Bakushou!! Jinsei Gekijou (Japan) (Beta 1)	076bd7c7	98320	Bakushou!! Jinsei Gekijou (Japan)
Bakushou!! Jinsei Gekijou (Japan) (Beta 2) (1988-10-13)	1cce2266	393232	Bakushou!! Jinsei Gekijou (Japan)
Bakushou!! Jinsei Gekijou 2 (Japan)	abbb4a4a	393232	Bakushou!! Jinsei Gekijou 2 (Japan)
Bakushou!! Jinsei Gekijou 3 (Japan)	cb4706ce	524304	Bakushou!! Jinsei Gekijou 3 (Japan)
Ballblazer (Japan) (En)	ec846c33	131088	Ballblazer (Japan) (En)
Balloon Fight (Europe)	743798ac	24592	Balloon Fight (USA)
Balloon Fight (Europe) (Virtual Console)	c1fe334c	24592	Balloon Fight (USA)
Balloon Fight (Japan) (En)	ec80515c	24592	Balloon Fight (USA)
Balloon Fight (Japan) (En) (Animal Crossing)	fee54047	40976	Balloon Fight (USA)
Balloon Fight (USA)	87d538e4	24592	Balloon Fight (USA)
Balloon Fight (USA) (e-Reader)	0ebfbaba	24592	Balloon Fight (USA)
Baltron (Japan) (En)	654749f7	40976	Baltron (Japan) (En)
Baltron (Japan) (En) (Beta)	642aa7c7	40976	Baltron (Japan) (En)
Banana (Japan) (En)	ef2bdc7d	49168	Banana (Japan) (En)
Banana (Japan) (En) (Beta 1)	a6c3ecb9	49168	Banana (Japan) (En)
Banana (Japan) (En) (Beta 2) (1986-06-30)	15c5a46d	49168	Banana (Japan) (En)
Banana Prince (Germany)	f53221e6	262160	Bananan Ouji no Daibouken (Japan)
Bananan Ouji no Daibouken (Japan)	dd547e3a	262160	Bananan Ouji no Daibouken (Japan)
Bandai Golf - Challenge Pebble Beach (USA)	0d284538	65552	Bandai Golf - Challenge Pebble Beach (USA)
Bandit Kings of Ancient China (USA)	a949e7b3	393232	Bandit Kings of Ancient China (USA)
Barbie (Europe)	eb131530	262160	Barbie (USA)
Barbie (USA)	a7f56dd2	262160	Barbie (USA)
Barbie (USA) (Rev 1)	e42b8263	262160	Barbie (USA)
Barcode World (Japan)	8843e42e	393232	Barcode World (Japan)
Bard's Tale II, The - The Destiny Knight (Japan)	8b791247	262160	Bard's Tale II, The - The Destiny Knight (Japan)
Bard's Tale, The (Japan)	3178b68a	262160	Bard's Tale, The (USA)
Bard's Tale, The (Japan) (Beta)	d714b326	262160	Bard's Tale, The (USA)
Bard's Tale, The (USA)	950c9711	131088	Bard's Tale, The (USA)
Bard's Tale, The - Tales of the Unknown (USA) (Beta 1)	405b27c4	131088	Bard's Tale, The (USA)
Bard's Tale, The - Tales of the Unknown (USA) (Beta 2)	f4cdc39b	131088	Bard's Tale, The (USA)
Barker Bill's Trick Shooting (Europe)	b90fdd40	196624	Barker Bill's Trick Shooting (USA)
Barker Bill's Trick Shooting (USA)	f0bb7d1d	196624	Barker Bill's Trick Shooting (USA)
Baseball (Japan) (En)	bf62fa6f	24592	Baseball (USA, Europe)
Baseball (Japan) (En) (Animal Crossing)	d873b611	24592	Baseball (USA, Europe)
Baseball (USA) (e-Reader)	90330b8e	24592	Baseball (USA, Europe)
Baseball (USA, Europe)	c57b6efa	24592	Baseball (USA, Europe)
Baseball (USA, Europe) (Animal Crossing)	0d21c9f9	24592	Baseball (USA, Europe)
Baseball Fighter (Japan)	54bb19ec	393232	Baseball Fighter (Japan)
Baseball Simulator 1.000 (USA)	2340b3a0	262160	Baseball Simulator 1.000 (USA)
Baseball Simulator 1.000 (USA) (Virtual Console)	af689413	262160	Baseball Simulator 1.000 (USA)
Baseball Star - Mezase Sankanou!! (Japan)	92722a17	262160	Baseball Stars (USA)
Baseball Stars (USA)	7cff4e35	262160	Baseball Stars (USA)
Baseball Stars II (USA)	f36dbd81	393232	Baseball Stars II (USA)
Bases Loaded (USA)	24c1aa93	327696	Bases Loaded (USA)
Bases Loaded (USA) (Beta) (1987-12-16)	36c5cd03	196624	Bases Loaded (USA)
Bases Loaded (USA) (Rev 1)	4a0bacad	327696	Bases Loaded (USA)
Bases Loaded (USA) (Rev 2)	fa5f6639	327696	Bases Loaded (USA)
Bases Loaded (World) (Evercade)	cbbc4bbb	327696	Bases Loaded (USA)
Bases Loaded 3 (USA)	1be3ddb3	393232	Bases Loaded 3 (USA)
Bases Loaded 4 (USA)	0dd05476	393232	Bases Loaded 4 (USA)
Bases Loaded II - Second Season (USA)	96655098	393232	Bases Loaded II - Second Season (USA)
Bashi Bazook - Morphoid Masher (USA) (Proto) (1989-05-29)	80e3c1f5	262160	Bio Senshi Dan - Increaser Tono Tatakai (Japan)
Batman (Japan) (En)	84d34ced	262160	Batman - The Video Game (USA)
Batman - Return of the Joker (Europe)	442d979c	393232	Batman - Return of the Joker (USA)
Batman - Return of the Joker (USA)	02fdfd2b	393232	Batman - Return of the Joker (USA)
Batman - Return of the Joker (USA) (Beta)	28cc8c70	393232	Batman - Return of the Joker (USA)
Batman - The Video Game (Europe)	afa0caac	262160	Batman - The Video Game (USA)
Batman - The Video Game (USA)	a87f8344	262160	Batman - The Video Game (USA)
Batman - The Video Game (USA) (Beta 1)	3ad33342	262160	Batman - The Video Game (USA)
Batman - The Video Game (USA) (Beta 2)	7036788d	262160	Batman - The Video Game (USA)
Batman Returns (Europe)	a28657e7	393232	Batman Returns (USA)
Batman Returns (Europe) (Beta)	a39ea1b8	393232	Batman Returns (USA)
Batman Returns (USA)	e61b292f	393232	Batman Returns (USA)
Batsu & Terry - Makyou no Tetsujin Race (Japan) (En)	5d472584	131088	Batsu & Terry - Makyou no Tetsujin Race (Japan) (En)
Battle Baseball (Japan)	9aa9bba2	524304	Battle Baseball (Japan)
Battle Chess (USA)	a3029999	262160	Battle Chess (USA)
Battle Chess (World) (Evercade)	a766c6e8	262160	Battle Chess (USA)
Battle Fleet (Japan)	bdb375aa	262160	Battle Fleet (Japan)
Battle Formula (Japan) (En)	90f46294	262160	Super Spy Hunter (USA)
Battle Rush - Build Up Robot Tournament (Japan) (Datach)	438e20af	262160	Battle Rush - Build Up Robot Tournament (Japan) (Datach)
Battle Stadium - Senbatsu Pro Yakyuu (Japan)	b2b2a2b8	262160	Battle Stadium - Senbatsu Pro Yakyuu (Japan)
Battle Storm (Japan)	ddeb0d39	262160	Battle Storm (Japan)
Battle of Olympus, The (Europe)	be68177d	131088	Battle of Olympus, The (USA)
Battle of Olympus, The (USA)	3ccd7fec	131088	Battle of Olympus, The (USA)
BattleCity (Japan) (En)	b9c34f28	24592	BattleCity (World) (Star Fox - Assault)
BattleCity (World) (Namcot Collection, Namco Museum Archives Vol 2)	806042f8	24592	BattleCity (World) (Star Fox - Assault)
BattleCity (World) (Star Fox - Assault)	c529c1ad	24592	BattleCity (World) (Star Fox - Assault)
Battleship (Europe) (En,Fr,De,Es)	27b7e802	65552	Battleship (USA)
Battleship (USA)	a7048be1	65552	Battleship (USA)
Battletoads (Europe)	7ecc69ef	262160	Battletoads (USA)
Battletoads (Japan)	706edef9	262160	Battletoads (USA)
Battletoads (Japan) (Columbus Circle)	be4a9747	262160	Battletoads (USA)
Battletoads (USA)	cfff05a1	262160	Battletoads (USA)
Battletoads (USA) (Sample)	994db3f6	262160	Battletoads (USA)
Battletoads (USA) (iam8bit)	b1c2afcb	262160	Battletoads (USA)
Battletoads-Double Dragon (Europe)	0f51e752	262160	Battletoads-Double Dragon (USA)
Battletoads-Double Dragon (USA)	26de4e7b	262160	Battletoads-Double Dragon (USA)
Battletoads-Double Dragon (USA, Europe) (Retro-Bit)	834e32f9	1048592	Battletoads-Double Dragon (USA)
Be-Bop-Highschool - Koukousei Gokuraku Densetsu (Japan)	17d50605	262160	Be-Bop-Highschool - Koukousei Gokuraku Densetsu (Japan)
Beauty and the Beast (Europe)	1fbac1f7	393232	Beauty and the Beast (Europe)
Beetlejuice (USA)	8cec72cf	131088	Beetlejuice (USA)
Beetlejuice (USA) (Beta)	a9afaf28	131088	Beetlejuice (USA)
Best Keiba - Derby Stallion (Japan)	2266d2c3	262160	Best Keiba - Derby Stallion (Japan)
Best Keiba - Derby Stallion (Japan) (Rev 1)	002f1af7	262160	Best Keiba - Derby Stallion (Japan)
Best Play Pro Yakyuu '90 (Japan)	673decad	262160	Best Play Pro Yakyuu '90 (Japan)
Best Play Pro Yakyuu (Japan)	d448d36e	163856	Best Play Pro Yakyuu (Japan)
Best Play Pro Yakyuu (Japan) (Rev 1)	0e65b36a	163856	Best Play Pro Yakyuu (Japan)
Best Play Pro Yakyuu II (Japan)	329c50cf	262160	Best Play Pro Yakyuu II (Japan)
Best Play Pro Yakyuu Special (Japan)	7a94a3ef	262160	Best Play Pro Yakyuu Special (Japan)
Best Play Pro Yakyuu Special (Japan) (Rev 1)	013ea539	262160	Best Play Pro Yakyuu Special (Japan)
Best of the Best - Championship Karate (Europe)	210e47c9	262160	Best of the Best - Championship Karate (USA)
Best of the Best - Championship Karate (USA)	fe74daa4	262160	Best of the Best - Championship Karate (USA)
Bigfoot (Europe)	0cb605b5	262160	Bigfoot (USA)
Bigfoot (USA)	38b7af0c	262160	Bigfoot (USA)
Bikkuri Nekketsu Shin Kiroku! - Harukanaru Kin Medal (Japan)	f5202c9e	262160	Crash 'n' the Boys - Street Challenge (USA)
Bikkuriman World - Gekitou Sei Senshi (Japan)	89bada0e	262160	Bikkuriman World - Gekitou Sei Senshi (Japan)
Bill & Ted's Excellent Video Game Adventure (USA)	382f26ba	262160	Bill & Ted's Excellent Video Game Adventure (USA)
Bill & Ted's Excellent Video Game Adventure (World) (Retro Collection)	47d8127c	262160	Bill & Ted's Excellent Video Game Adventure (USA)
Bill Elliott's NASCAR Challenge (USA)	43a8a2d2	393232	Bill Elliott's NASCAR Challenge (USA)
Binary Land (Japan) (En)	323244fd	24592	Binary Land (Japan) (En)
Binary Land (Japan) (En) (Virtual Console)	5e8185ba	24592	Binary Land (Japan) (En)
Bio Force Ape (Japan) (En) (Proto)	a2b7b0c5	262160	Bio Force Ape (USA) (Proto)
Bio Force Ape (USA) (Proto)	7a264b44	262160	Bio Force Ape (USA) (Proto)
Bio Miracle Bokutte Upa (Japan) (En)	cc4c8e9c	262160	Bio Miracle Bokutte Upa (Japan) (En)
Bio Senshi Dan - Increaser Tono Tatakai (Japan)	ca077b78	262160	Bio Senshi Dan - Increaser Tono Tatakai (Japan)
Bionic Commando (Europe)	b1bf86cf	262160	Bionic Commando (USA)
Bionic Commando (USA)	5d78010d	262160	Bionic Commando (USA)
Bionic Commando (USA) (Beta)	cbe3f1be	262160	Bionic Commando (USA)
Bionic Commando (USA) (Capcom Classics Mini Mix) [b]	d52af6c4	262160	Bionic Commando (USA)
Bird Week (Japan) (En)	841791ce	24592	Bird Week (Japan) (En)
Black Bass II, The (Japan)	3d6822af	131088	Black Bass, The (USA)
Black Bass, The (Japan)	1485aab1	131088	Black Bass, The (Japan)
Black Bass, The (USA)	b9c14183	131088	Black Bass, The (USA)
Blades of Steel (Europe)	24a0ee67	131088	Blades of Steel (USA)
Blades of Steel (Europe) (Virtual Console)	655d2a59	131088	Blades of Steel (USA)
Blades of Steel (USA)	2e7b26cc	131088	Blades of Steel (USA)
Blades of Steel (USA) (Virtual Console)	b75abbfb	131088	Blades of Steel (USA)
Blaster Master (Europe)	b9710bb2	262160	Blaster Master (USA)
Blaster Master (Europe) (Wii Virtual Console)	2716bfe1	262160	Blaster Master (USA)
Blaster Master (USA)	c3961ce2	262160	Blaster Master (USA)
Blaster Master (USA) (Beta)	4a1a63d0	262160	Blaster Master (USA)
Blaster Master (USA, Europe) (Wii U Virtual Console)	1905811f	262160	Blaster Master (USA)
Blaster Master (World) (Evercade)	a6bdab55	262160	Blaster Master (USA)
Block Out (USA) (Proto)	5d690802	131088	Block Out (USA) (Proto)
Blodia Land - Puzzle Quest (Japan) (En)	fc17e6b6	262160	Blodia Land - Puzzle Quest (Japan) (En)
Bloody Warriors - Shan-Go no Gyakushuu (Japan)	76823b90	262160	Bloody Warriors - Shan-Go no Gyakushuu (Japan)
Blue Marlin, The (Japan)	429e1879	262160	Blue Marlin, The (USA)
Blue Marlin, The (USA)	48c20def	262160	Blue Marlin, The (USA)
Blue Shadow (Europe)	b67c45d1	262160	Shadow of the Ninja (USA)
Blues Brothers, The (Europe)	003a699c	131088	Blues Brothers, The (USA)
Blues Brothers, The (USA)	3be0e3c8	131088	Blues Brothers, The (USA)
Blues Brothers, The (USA) (Beta)	7a22e26a	131088	Blues Brothers, The (USA)
Bo Jackson Baseball (USA)	98076f4e	393232	Bo Jackson Baseball (USA)
Bokosuka Wars (Japan) (En)	847232f6	40976	Bokosuka Wars (Japan) (En)
Bomber King (Japan) (En)	1953026d	131088	Robo Warrior (USA)
Bomberman (Japan) (En)	dcbbe28b	24592	Bomberman (USA)
Bomberman (USA)	f5daaf10	24592	Bomberman (USA)
Bomberman II (Japan) (En)	abfc3596	131088	Bomberman II (USA)
Bomberman II (USA)	57b5f93a	131088	Bomberman II (USA)
Bomberman II (USA) (Beta)	4eecb442	131088	Bomberman II (USA)
Bonk's Adventure (USA)	6b6d1f2d	393232	Bonk's Adventure (USA)
Booby Kids (Japan) (En)	1548fc74	131088	Booby Kids (Japan) (En)
Boulder Dash (Europe)	853583a3	65552	Boulder Dash (USA)
Boulder Dash (Japan) (En)	c5b0bcea	65552	Boulder Dash (USA)
Boulder Dash (USA)	e412131c	65552	Boulder Dash (USA)
Bowling (USA) (Proto)	d2b0e3b9	163856	Perfect Bowling (Japan)
Bram Stoker's Dracula (Europe)	59b6677b	262160	Bram Stoker's Dracula (USA)
Bram Stoker's Dracula (USA)	cb5d046c	262160	Bram Stoker's Dracula (USA)
Break Time - The National Pool Tour (USA)	766e6093	163856	Break Time - The National Pool Tour (USA)
BreakThru (USA)	5971194b	262160	BreakThru (USA)
Bubble Bobble (Europe)	67ad56c4	163856	Bubble Bobble (USA)
Bubble Bobble (Europe) (Beta)	2101722f	163856	Bubble Bobble (USA)
Bubble Bobble (Europe) (Virtual Console)	be2c496e	163856	Bubble Bobble (USA)
Bubble Bobble (Korea) (En) (Virtual Console)	48643053	163856	Bubble Bobble (USA)
Bubble Bobble (USA)	77f5ab9b	163856	Bubble Bobble (USA)
Bubble Bobble (USA) (Virtual Console)	7e46792e	163856	Bubble Bobble (USA)
Bubble Bobble 2 (Japan) (En)	98a28f9c	262160	Bubble Bobble Part 2 (USA)
Bubble Bobble Part 2 (USA)	5b2c21c8	262160	Bubble Bobble Part 2 (USA)
Bucky O'Hare (Europe)	18776f36	262160	Bucky O'Hare (USA)
Bucky O'Hare (Japan)	9d51c232	262160	Bucky O'Hare (USA)
Bucky O'Hare (USA)	5a270ba6	262160	Bucky O'Hare (USA)
Buggy Popper (Japan) (En)	681b1b0e	65552	Bump 'n' Jump (USA)
Bugs Bunny Birthday Bash (USA) (Beta)	9aa2937a	262160	Bugs Bunny Birthday Blowout, The (USA)
Bugs Bunny Birthday Blowout, The (USA)	0692aafb	262160	Bugs Bunny Birthday Blowout, The (USA)
Bugs Bunny Blowout, The (Europe)	4bc1c0ff	262160	Bugs Bunny Birthday Blowout, The (USA)
Bugs Bunny Crazy Castle, The (USA)	fc7eb9b9	98320	Bugs Bunny Crazy Castle, The (USA)
Bugs Bunny Fun House (USA) (Beta)	5907652e	98320	Bugs Bunny Crazy Castle, The (USA)
Bump 'n' Jump (USA)	5768d6c8	65552	Bump 'n' Jump (USA)
Burai Fighter (Europe)	e9385e9f	65552	Burai Fighter (USA)
Burai Fighter (Japan) (En)	044997d0	65552	Burai Fighter (USA)
Burai Fighter (USA)	237c7e8d	65552	Burai Fighter (USA)
BurgerTime (Japan) (En)	09a12136	24592	BurgerTime (USA)
BurgerTime (USA)	1d3fa6af	24592	BurgerTime (USA)
BurgerTime (World) (Evercade)	3766a2f9	24592	BurgerTime (USA)
Burnin Rubber (World) (Evercade)	48185561	65552	Bump 'n' Jump (USA)
Business Wars (Japan)	ea3d7dd0	262160	Business Wars (Japan)
Cabal (USA)	da98f16c	131088	Cabal (USA)
Cadillac (Japan)	66e50a4d	65552	Cadillac (Japan)
Cadillac (Japan) (Sample)	cf34fe11	65552	Cadillac (Japan)
Caesars Palace (USA)	7fd30f0d	131088	Caesars Palace (USA)
Caesars Palace (USA) (Beta 1)	00432a29	131088	Caesars Palace (USA)
Caesars Palace (USA) (Beta 2)	2a4bb17b	131088	Caesars Palace (USA)
California Games (Europe)	504d149d	131088	California Games (USA)
California Games (USA)	8ba8efea	131088	California Games (USA)
California Raisins - The Grape Escape (USA) (Proto 1)	295919b4	131088	California Raisins - The Grape Escape (USA) (Proto 1)
California Raisins - The Grape Escape (USA) (Proto 2)	56c76174	131088	California Raisins - The Grape Escape (USA) (Proto 1)
Capcom Barcelona '92 (Japan)	b054f576	262160	Capcom's Gold Medal Challenge '92 (USA)
Capcom's Gold Medal Challenge '92 (Europe)	aa70d7fd	262160	Capcom's Gold Medal Challenge '92 (USA)
Capcom's Gold Medal Challenge '92 (USA)	c52b3db7	262160	Capcom's Gold Medal Challenge '92 (USA)
Captain America and the Avengers (Australia)	253535e5	262160	Captain America and the Avengers (USA)
Captain America and the Avengers (USA)	e37e3f95	262160	Captain America and the Avengers (USA)
Captain America and the Avengers (World) (Marvel MaXimum Collection)	e596f4fe	262160	Captain America and the Avengers (USA)
Captain ED (Japan)	b079e5bf	262160	Captain ED (Japan)
Captain Planet and the Planeteers (Europe)	f2c7db37	262160	Captain Planet and the Planeteers (USA)
Captain Planet and the Planeteers (USA)	b0f9ab2f	262160	Captain Planet and the Planeteers (USA)
Captain Saver (Japan)	6dbd16bc	262160	Power Blade 2 (USA)
Captain Silver (Japan)	3793f172	262160	Captain Silver (Japan)
Captain Skyhawk (Europe)	39158037	131088	Captain Skyhawk (USA)
Captain Skyhawk (USA)	92706adb	131088	Captain Skyhawk (USA)
Captain Skyhawk (USA) (Rev 1)	88bad9b4	131088	Captain Skyhawk (USA)
Captain Tsubasa (Japan)	0f68ed1b	262160	Tecmo Cup - Soccer Game (USA)
Captain Tsubasa II - Super Striker (Japan)	149dac0c	393232	Captain Tsubasa II - Super Striker (Japan)
Casino Derby (Japan)	67f0c00f	131088	Casino Derby (Japan)
Casino Kid (USA)	51963dc6	131088	Casino Kid (USA)
Casino Kid II (USA)	2719a483	131088	Casino Kid II (USA)
Castelian (Europe)	2b31aa0a	131088	Castelian (USA)
Castelian (USA)	ae28c50a	131088	Castelian (USA)
Castle Excellent (Japan) (En)	86528099	65552	Castlequest (USA)
Castle Quest (Japan)	04f6a99c	262160	Castle Quest (Japan)
Castle of Dragon (USA)	8be31341	131088	Castle of Dragon (USA)
Castlequest (USA)	736c4a25	65552	Castlequest (USA)
Castlevania (Europe)	4d782455	131088	Castlevania (World) (Konami Collector's Series)
Castlevania (Europe) (Virtual Console)	768703f8	131088	Castlevania (World) (Konami Collector's Series)
Castlevania (USA)	ae0fa667	131088	Castlevania (World) (Konami Collector's Series)
Castlevania (USA) (Rev 1)	12a6cb14	131088	Castlevania (World) (Konami Collector's Series)
Castlevania (USA) (Rev 1) (Virtual Console)	19973e04	131088	Castlevania (World) (Konami Collector's Series)
Castlevania (World) (Castlevania Anniversary Collection)	d99835aa	131088	Castlevania (World) (Konami Collector's Series)
Castlevania (World) (Konami Collector's Series)	082269c6	131088	Castlevania (World) (Konami Collector's Series)
Castlevania II - Simon's Quest (Europe)	ee80d518	262160	Castlevania II - Simon's Quest (World) (Konami Collector's Series)
Castlevania II - Simon's Quest (USA)	38e82fab	262160	Castlevania II - Simon's Quest (World) (Konami Collector's Series)
Castlevania II - Simon's Quest (World) (Castlevania Anniversary Collection)	c18f5c1d	262160	Castlevania II - Simon's Quest (World) (Konami Collector's Series)
Castlevania II - Simon's Quest (World) (Konami Collector's Series)	8c029f34	262160	Castlevania II - Simon's Quest (World) (Konami Collector's Series)
Castlevania III - Dracula's Curse (Europe)	09c21909	393232	Castlevania III - Dracula's Curse (World) (Konami Collector's Series)
Castlevania III - Dracula's Curse (Europe) (Wii Virtual Console)	6a1fe6d3	393232	Castlevania III - Dracula's Curse (World) (Konami Collector's Series)
Castlevania III - Dracula's Curse (USA)	7cf70cde	393232	Castlevania III - Dracula's Curse (World) (Konami Collector's Series)
Castlevania III - Dracula's Curse (USA, Europe) (USA Wii Virtual Console, Wii U Virtual Console)	76d23349	393232	Castlevania III - Dracula's Curse (World) (Konami Collector's Series)
Castlevania III - Dracula's Curse (World) (Castlevania Anniversary Collection)	a146ce7c	393232	Castlevania III - Dracula's Curse (World) (Konami Collector's Series)
Castlevania III - Dracula's Curse (World) (Konami Collector's Series)	5c9d1d50	393232	Castlevania III - Dracula's Curse (World) (Konami Collector's Series)
Cat Ninden Teyandee (Japan)	fe3e6f45	262160	Cat Ninden Teyandee (Japan)
Caveman Games (USA)	2d734f45	262160	Caveman Games (USA)
Caveman Ninja (USA) (Beta)	5e350e1f	262160	Joe & Mac (USA)
Chack'n Pop (Japan) (En)	a5e974d1	24592	Chack'n Pop (Japan) (En)
Challenger (Japan) (En)	092b5361	40976	Challenger (Japan) (En)
Championship Bowling (Japan) (En)	6e5ab749	65552	Championship Bowling (USA)
Championship Bowling (USA)	8b3fad44	65552	Championship Bowling (USA)
Championship Lode Runner (Japan) (En)	83f2b02a	24592	Championship Lode Runner (Japan) (En)
Championship Pool (USA)	69084d14	131088	Championship Pool (USA)
Championship Rally (Europe)	f8013b49	262160	Championship Rally (Europe)
Chaos World (Japan)	018c280c	393232	Chaos World (Japan)
Chessmaster, The (Europe)	94e739a3	163856	Chessmaster, The (USA)
Chessmaster, The (USA)	2740e466	163856	Chessmaster, The (USA)
Chessmaster, The (USA) (Rev 1)	e9421c01	163856	Chessmaster, The (USA)
Chester Field (USA) (Proto)	55d6e13d	131088	Chester Field - Ankoku Shin e no Chousen (Japan)
Chester Field - Ankoku Shin e no Chousen (Japan)	c8bead93	131088	Chester Field - Ankoku Shin e no Chousen (Japan)
Chester Field - Ankoku Shin e no Chousen (Japan) (Beta)	f7fc832c	131088	Chester Field - Ankoku Shin e no Chousen (Japan)
Chevaliers du Zodiaque, Les - La Legende d'Or (France)	0df9c4fb	262160	Saint Seiya - Ougon Densetsu (Japan)
Chibi Maruko-chan - Uki Uki Shopping (Japan)	b0af0bbe	262160	Chibi Maruko-chan - Uki Uki Shopping (Japan)
Chiisana Obake - Acchi Socchi Kocchi (Japan) (En)	a1754f7e	262160	Chiisana Obake - Acchi Socchi Kocchi (Japan) (En)
Chiki Chiki Machine Mou Race (Japan)	9b169c20	262160	Wacky Races (USA)
Chip 'n Dale - Rescue Rangers (Europe)	bc801117	262160	Chip 'n Dale - Rescue Rangers (USA)
Chip 'n Dale - Rescue Rangers (Europe) (Beta)	d85c24b6	262160	Chip 'n Dale - Rescue Rangers (USA)
Chip 'n Dale - Rescue Rangers (USA)	776b5730	262160	Chip 'n Dale - Rescue Rangers (USA)
Chip 'n Dale - Rescue Rangers (World) (The Disney Afternoon Collection)	62138e31	262160	Chip 'n Dale - Rescue Rangers (USA)
Chip 'n Dale - Rescue Rangers 2 (Europe)	c049e00b	262160	Chip 'n Dale - Rescue Rangers 2 (USA)
Chip 'n Dale - Rescue Rangers 2 (USA)	00ce4821	262160	Chip 'n Dale - Rescue Rangers 2 (USA)
Chip 'n Dale - Rescue Rangers 2 (USA) (Beta)	30f56f5a	262160	Chip 'n Dale - Rescue Rangers 2 (USA)
Chip 'n Dale - Rescue Rangers 2 (World) (The Disney Afternoon Collection)	39f94f51	262160	Chip 'n Dale - Rescue Rangers 2 (USA)
Chip to Dale no Daisakusen (Japan)	25ba20dd	262160	Chip 'n Dale - Rescue Rangers (USA)
Chip to Dale no Daisakusen 2 (Japan)	65f1a62b	262160	Chip 'n Dale - Rescue Rangers 2 (USA)
Chip's Challenge (USA) (Proto)	cf7b3876	131088	Chip's Challenge (USA) (Proto)
Chitei Senkuu Vazolder (Japan)	c3f953b7	262160	Wurm - Journey to the Center of the Earth! (USA)
Chiyonofuji no Ooichou (Japan)	489eaa9b	262160	Chiyonofuji no Ooichou (Japan)
Choplifter (Japan) (En)	15f9da1a	49168	Choplifter (Japan) (En)
Choplifter (Japan) (En) (Rev 1)	a522e845	49168	Choplifter (Japan) (En)
Chou Fuyuu Yousai - Exed Exes (Japan) (En)	a39fdd59	40976	Chou Fuyuu Yousai - Exed Exes (Japan) (En)
Chou-Wakusei Senki - MetaFight (Japan) (En)	ff02811a	262160	Blaster Master (USA)
Chou-Wakusei Senki - MetaFight (Japan) (En) (Virtual Console)	baef0555	262160	Blaster Master (USA)
Choujikuu Yousai - Macross (Japan) (En)	ef90cb84	24592	Choujikuu Yousai - Macross (Japan) (En)
Choujin - Ultra Baseball (Japan)	3ba2fab3	262160	Baseball Simulator 1.000 (USA)
Choujin - Ultra Baseball (Japan) (Virtual Console)	5c51c52d	262160	Baseball Simulator 1.000 (USA)
Choujin Sentai - Jetman (Japan) (En)	69b355f1	262160	Choujin Sentai - Jetman (Japan) (En)
Choujinrou Senki - Warwolf (Japan)	3e59eb31	262160	Werewolf - The Last Warrior (USA)
Chris Evert & Ivan Lendl in Top Players' Tennis (USA)	55d8e579	262160	Chris Evert & Ivan Lendl in Top Players' Tennis (USA)
Chubby Cherub (USA)	0de9e456	40976	Chubby Cherub (USA)
Chuck Yeager's Fighter Combat (USA) (Proto)	30aadfad	262160	Chuck Yeager's Fighter Combat (USA) (Proto)
Chuugoku Janshi Story - Tonfuu (Japan)	a62c8c13	262160	Chuugoku Janshi Story - Tonfuu (Japan)
Chuugoku Senseijutsu (Japan)	5282b9ad	131088	Chuugoku Senseijutsu (Japan)
Chuuka Taisen (Japan)	72945aff	262160	Chuuka Taisen (Japan)
Circus Caper (USA)	2dcb3084	262160	Circus Caper (USA)
Circus Charlie (Japan) (En)	963dd3c3	24592	Circus Charlie (Japan) (En)
City Adventure Touch - Mystery of Triangle (Japan)	1cfae7d8	131088	City Adventure Touch - Mystery of Triangle (Japan)
City Connection (Europe)	25c43909	65552	City Connection (USA)
City Connection (Europe) (Virtual Console)	5413ab46	65552	City Connection (USA)
City Connection (Japan) (En)	8ac360d3	32784	City Connection (USA)
City Connection (USA)	cf7a4af5	65552	City Connection (USA)
City Connection (World) (Evercade)	ddccd4b1	65552	City Connection (USA)
Clash at Demonhead (USA)	7e3663ae	262160	Clash at Demonhead (USA)
Classic Concentration (USA)	070ed877	131088	Classic Concentration (USA)
Cliffhanger (USA)	ec7b4c74	262160	Cliffhanger (USA)
Clu Clu Land (USA) (e-Reader)	a3456700	24592	Clu Clu Land (World)
Clu Clu Land (World)	22515e9e	24592	Clu Clu Land (World)
Clu Clu Land (World) (Animal Crossing)	2b3f6238	40976	Clu Clu Land (World)
Clu Clu Land (World) (Virtual Console)	d6997eaf	24592	Clu Clu Land (World)
Cobra Command (Japan)	d8235b4c	262160	Cobra Command (USA)
Cobra Command (USA)	d1ec0c2f	262160	Cobra Command (USA)
Cobra Triangle (Europe)	5808d744	131088	Cobra Triangle (USA)
Cobra Triangle (USA)	59a8d51b	131088	Cobra Triangle (USA)
Cobra Triangle (USA) (Evercade)	3f7c1136	131088	Cobra Triangle (USA)
Cocoron (Japan)	375cdc25	262160	Cocoron (Japan)
Code Name - Viper (USA)	5988da29	262160	Code Name - Viper (USA)
Color a Dinosaur (USA)	a5edb316	131088	Color a Dinosaur (USA)
Color a Dinosaur (USA) (Beta)	6fd9d8f6	131088	Color a Dinosaur (USA)
Columbus - Ougon no Yoake (Japan)	4bac1b97	262160	Columbus - Ougon no Yoake (Japan)
Columbus - Ougon no Yoake (Japan) (Beta)	a8e2a695	262160	Columbus - Ougon no Yoake (Japan)
Commando (USA)	d68ef22a	131088	Commando (USA)
Conan (USA)	9230b58b	131088	Conan (USA)
Conflict (Japan)	f5b8bf72	262160	Conflict (USA)
Conflict (USA)	61137f26	262160	Conflict (USA)
Conquest of the Crystal Palace (USA)	9b1cc3a1	262160	Conquest of the Crystal Palace (USA)
Contra (Japan)	08789a28	262160	Contra (World) (Konami Collector's Series)
Contra (Japan) (Sample)	7136ec4c	262160	Contra (World) (Konami Collector's Series)
Contra (USA)	52cd5cd8	131088	Contra (World) (Konami Collector's Series)
Contra (World) (Contra Anniversary Collection)	d19571b1	131088	Contra (World) (Konami Collector's Series)
Contra (World) (Ja) (Contra Anniversary Collection)	37cf0748	262160	Contra (World) (Konami Collector's Series)
Contra (World) (Konami Collector's Series)	d3c6be6e	131088	Contra (World) (Konami Collector's Series)
Contra Force (USA)	12fc738a	262160	Contra Force (USA)
Cool World (USA)	2ba36bca	262160	Cool World (USA)
Corvette ZR-1 Challenge (Europe)	2c52b171	262160	Alex DeMeo's Race America (USA)
Cosmic Epsilon (Japan) (Famicom 3D System)	55944e06	393232	Cosmic Epsilon (Japan) (Famicom 3D System)
Cosmic Wars (Japan)	a309055c	262160	Cosmic Wars (Japan)
Cosmo Genesis (Japan)	fb1fd87d	65552	Star Voyager (USA)
Cosmo Police Galivan (Japan)	d9116dd6	262160	Cosmo Police Galivan (Japan)
Cowboy Kid (USA)	52c31369	524304	Cowboy Kid (USA)
Crackout (Europe)	951cf0a8	131088	Crackout (Europe)
Crackout (USA) (Proto) (PAL)	6a287054	131088	Crackout (Europe)
Crash 'n' the Boys - Street Challenge (USA)	7c49266d	262160	Crash 'n' the Boys - Street Challenge (USA)
Crash 'n' the Boys - Street Challenge (World) (Evercade)	0cbbe60a	262160	Crash 'n' the Boys - Street Challenge (USA)
Crash 'n' the Boys - Street Challenge (World) (v1.1) (Evercade)	90c1b750	262160	Crash 'n' the Boys - Street Challenge (USA)
Crayon Shin-chan - Ora to Poi Poi (Japan)	f3259ab4	262160	Crayon Shin-chan - Ora to Poi Poi (Japan)
Crayon Shin-chan - Ora to Poi Poi (Japan) (Datach)	cbd01b39	262160	Crayon Shin-chan - Ora to Poi Poi (Japan)
Crazy Climber (Japan) (En)	cc427176	131088	Crazy Climber (Japan) (En)
Crazy Land (USA) (Proto)	0f460d9a	262160	Trolls in Crazyland, The (Europe)
Crisis Force (Japan) (En)	a980813d	262160	Crisis Force (Japan) (En)
Crisis Force (Japan) (En) (Sample)	b0f81410	262160	Crisis Force (Japan) (En)
CrossFire (Japan) (En)	52edb6c6	262160	CrossFire (Japan) (En)
CrossFire (USA) (Proto)	055aee65	262160	CrossFire (Japan) (En)
Crystalis (USA)	f8f1865d	393232	Crystalis (USA)
Crystalis (USA) (Beta)	dfc35e85	393232	Crystalis (USA)
Crystalis (USA, Europe) (SNK 40th Anniversary Collection)	5027de83	393232	Crystalis (USA)
Cyber Stadium Series - Base Wars (USA)	8b0bba89	262160	Cyber Stadium Series - Base Wars (USA)
Cyberball (USA)	338a6cef	262160	Cyberball (USA)
Cybernoid - The Fighting Machine (USA)	cd71e1ab	65552	Cybernoid - The Fighting Machine (USA)
Cycle Race - Road Man (Japan) (En)	18b03b55	262160	Cycle Race - Road Man (Japan) (En)
Dai-2-ji Super Robot Taisen (Japan)	3c9483f4	524304	Dai-2-ji Super Robot Taisen (Japan)
Daikaijuu Deburas (Japan)	7fdf1bb3	393232	Daikaijuu Deburas (Japan)
Daikoukai Jidai (Japan)	0ac2d45c	655376	Uncharted Waters (USA)
Daiku no Gen-san (Japan)	c398fc85	262160	Hammerin' Harry (Europe)
Daiku no Gen-san 2 - Akage no Dan no Gyakushuu (Japan)	d4e7afed	524304	Hammerin' Harry 2 - Dan the Red Strikes Back (USA) (Retro-Bit)
Daisenryaku (Japan)	d7142abb	163856	Daisenryaku (Japan)
Daiva - Imperial of Nirsartia (Japan)	d6d55eff	131088	Daiva - Imperial of Nirsartia (Japan)
Dance Aerobics (USA)	bb18ea3b	98320	Dance Aerobics (USA)
Danny Sullivan's Indy Heat (Europe)	e8873866	131088	Danny Sullivan's Indy Heat (USA)
Danny Sullivan's Indy Heat (USA)	4e7a0347	131088	Danny Sullivan's Indy Heat (USA)
Dark Lord (Japan)	d53b2fbc	393232	Dark Lord (Japan)
Darkman (Europe)	f797c7fc	262160	Darkman (USA)
Darkman (USA)	c5124a04	262160	Darkman (USA)
Darkwing Duck (Europe)	5e814eb8	262160	Darkwing Duck (USA)
Darkwing Duck (Germany)	7c482beb	262160	Darkwing Duck (USA)
Darkwing Duck (USA)	a157e56c	262160	Darkwing Duck (USA)
Darkwing Duck (USA) (Beta)	712df3a2	262160	Darkwing Duck (USA)
Darkwing Duck (World) (The Disney Afternoon Collection)	115e2340	262160	Darkwing Duck (USA)
Dash Galaxy in the Alien Asylum (USA)	067d31e7	65552	Dash Galaxy in the Alien Asylum (USA)
Dash Yarou (Japan) (En)	ba1a80b4	131088	Rally Bike (USA)
Data East All-Star Collection (USA) (Retro-Bit)	1fd40c5d	2097168	Data East All-Star Collection (USA) (Retro-Bit)
Datsugoku (Japan)	ca936332	262160	P.O.W. - Prisoners of War (USA)
David Crane's A Boy and His Blob - Trouble on Blobolonia (Europe)	935d2e03	262160	David Crane's A Boy and His Blob - Trouble on Blobolonia (USA)
David Crane's A Boy and His Blob - Trouble on Blobolonia (Europe) (Rev 1)	b6bc2851	262160	David Crane's A Boy and His Blob - Trouble on Blobolonia (USA)
David Crane's A Boy and His Blob - Trouble on Blobolonia (USA)	b1830e0a	262160	David Crane's A Boy and His Blob - Trouble on Blobolonia (USA)
David Crane's A Boy and His Blob - Trouble on Blobolonia (USA) (Limited Run Games)	98d359fb	524304	David Crane's A Boy and His Blob - Trouble on Blobolonia (USA)
Day Dreamin' Davey (USA)	c58204c5	393232	Day Dreamin' Davey (USA)
Day Dreamin' Davey (USA) (Beta)	1d95a5fc	393232	Day Dreamin' Davey (USA)
Days of Thunder (Europe)	21210b71	393232	Days of Thunder (USA)
Days of Thunder (USA)	36280d6a	393232	Days of Thunder (USA)
Days of Thunder (USA) (Proto)	922afd7f	262160	Days of Thunder (USA) (Proto)
De-Block (Japan)	5e3df058	65552	De-Block (Japan)
Dead Fox (Japan)	95a79de2	262160	Code Name - Viper (USA)
Dead Fox (Japan) (Sample)	7b5fca19	262160	Code Name - Viper (USA)
Deadly Towers (USA)	b2e583ac	131088	Deadly Towers (USA)
Deep Dungeon III - Yuushi e no Tabi (Japan)	3c6f7ff0	262160	Deep Dungeon III - Yuushi e no Tabi (Japan)
Deep Dungeon IV - Kuro no Youjutsushi (Japan)	b1aed1cd	262160	Deep Dungeon IV - Kuro no Youjutsushi (Japan)
Defender II (USA)	8ce84549	24592	Defender II (USA)
Defender of the Crown (Europe)	2338d578	262160	Defender of the Crown (USA)
Defender of the Crown (France)	641386bf	262160	Defender of the Crown (USA)
Defender of the Crown (USA)	a7d43783	262160	Defender of the Crown (USA)
Defenders of Dynatron City (USA)	1c9c50e9	262160	Defenders of Dynatron City (USA)
Defenders of Dynatron City (USA) (Beta)	86e9721d	262160	Defenders of Dynatron City (USA)
Deja Vu (Sweden)	2c6b4783	393232	Deja Vu (USA)
Deja Vu (USA)	a9613a33	393232	Deja Vu (USA)
Deja Vu (USA) (Beta 1)	01f9982e	393232	Deja Vu (USA)
Deja Vu (USA) (Beta 2)	4ffcac77	393232	Deja Vu (USA)
Deja Vu (USA) (Beta 3)	5cc9b3a5	393232	Deja Vu (USA)
Deja Vu (USA) (Beta 4)	2023f27b	393232	Deja Vu (USA)
Deja Vu - A Nightmare Comes True!! (Japan)	1ae28a7c	393232	Deja Vu (USA)
Demon Sword (USA)	ba18a29c	262160	Demon Sword (USA)
Dengeki - Big Bang! (Japan)	df26ce81	262160	Clash at Demonhead (USA)
Dengeki - Big Bang! (Japan) (Beta)	f0dfedbe	262160	Clash at Demonhead (USA)
Densetsu no Kishi - Elrond (Japan)	c0476980	131088	Wizards & Warriors (USA)
Derby Stallion - Zenkoku Ban (Japan)	0f88b090	262160	Derby Stallion - Zenkoku Ban (Japan)
Desert Commander (USA)	3b30abea	262160	Desert Commander (USA)
Destination Earthstar (USA)	8a654caf	65552	Destination Earthstar (USA)
Destiny of an Emperor (USA)	eac0617a	262160	Destiny of an Emperor (USA)
Destiny of an Emperor (USA) (Capcom Town)	d3a2fdfc	262160	Destiny of an Emperor (USA)
Devil Man (Japan)	55eb4188	262160	Devil Man (Japan)
Devil World (Europe)	9d0e9f09	24592	Devil World (Europe)
Devil World (Japan)	986d1a82	24592	Devil World (Europe)
Devil World (Japan) (Rev 1)	d39ceb20	24592	Devil World (Europe)
Dick Tracy (USA)	73f6ccb1	131088	Dick Tracy (USA)
Die Hard (Europe)	580c3d06	262160	Die Hard (USA)
Die Hard (Japan)	d45b1448	262160	Die Hard (USA)
Die Hard (USA)	f4c42c4f	262160	Die Hard (USA)
Dig Dug (Japan) (En)	76b2c7cc	24592	Dig Dug (Japan) (En)
Dig Dug (World) (Evercade)	d4fac017	24592	Dig Dug (Japan) (En)
Dig Dug (World) (Namcot Collection, Namco Museum Archives Vol 1)	cae115c3	24592	Dig Dug (Japan) (En)
Dig Dug II (Japan) (En)	518880a9	40976	Dig Dug II - Trouble in Paradise (USA)
Dig Dug II (USA, Europe) (Namco Museum Archives Vol 2)	8d2cb010	40976	Dig Dug II - Trouble in Paradise (USA)
Dig Dug II - Trouble in Paradise (USA)	a1dabe65	40976	Dig Dug II - Trouble in Paradise (USA)
Dig Dug II - Trouble in Paradise (USA, Europe) (Virtual Console)	0d800d51	40976	Dig Dug II - Trouble in Paradise (USA)
Dig Dug II - Trouble in Paradise (World) (Evercade)	6dd8ad95	40976	Dig Dug II - Trouble in Paradise (USA)
Digger T. Rock - The Legend of the Lost City (Europe)	b1240c04	131088	Digger T. Rock - The Legend of the Lost City (USA)
Digger T. Rock - The Legend of the Lost City (USA)	7b86bba2	131088	Digger T. Rock - The Legend of the Lost City (USA)
Digger T. Rock - The Legend of the Lost City (USA) (Beta)	74bb59f8	131088	Digger T. Rock - The Legend of the Lost City (USA)
Digital Devil Story - Megami Tensei (Japan)	682c4603	262160	Digital Devil Story - Megami Tensei (Japan)
Digital Devil Story - Megami Tensei (Japan) (Rev 1)	24d6d73b	262160	Digital Devil Story - Megami Tensei (Japan)
Digital Devil Story - Megami Tensei (Japan) (Rev 1) (Namcot Collection)	347d80af	262160	Digital Devil Story - Megami Tensei (Japan)
Digital Devil Story - Megami Tensei II (Japan)	dff60213	524304	Digital Devil Story - Megami Tensei II (Japan)
Digital Devil Story - Megami Tensei II (Japan) (Rev 1)	59489aa8	524304	Digital Devil Story - Megami Tensei II (Japan)
Dino Hockey (USA) (Proto 1)	5109e094	262160	Dino Hockey (USA) (Proto 2)
Dino Hockey (USA) (Proto 2)	c3710b73	262160	Dino Hockey (USA) (Proto 2)
Dirty Harry (USA)	2907980a	393232	Dirty Harry (USA)
Doki! Doki! Yuuenchi - Crazy Land Daisakusen (Japan) (En)	06e9100a	262160	Trolls in Crazyland, The (Europe)
Dokuganryuu Masamune (Japan)	1884f6fb	262160	Dokuganryuu Masamune (Japan)
Don Doko Don (Japan)	6d892da6	393232	Don Doko Don (Japan)
Don Doko Don 2 (Japan)	f5bdb3dc	393232	Don Doko Don 2 (Japan)
Donald Duck (Japan)	1af21649	262160	Snoopy's Silly Sports Spectacular! (USA)
Donald Land (Japan) (En)	2de2bd5c	262160	Donald Land (Japan) (En)
Donkey Kong (Japan) (En)	3fa5a4f7	24592	Donkey Kong (Japan) (En)
Donkey Kong (USA) (Rev 1) (e-Reader)	36bf9f65	24592	Donkey Kong (Japan) (En)
Donkey Kong (World) (Rev 1)	053014ff	24592	Donkey Kong (Japan) (En)
Donkey Kong (World) (Rev 1) (Animal Crossing)	69a711fd	40976	Donkey Kong (Japan) (En)
Donkey Kong - Original Edition (Europe) (Wii Virtual Console)	3f26ebc5	65552	Donkey Kong (Japan) (En)
Donkey Kong - Original Edition (USA, Europe) (3DS Virtual Console)	fa8efbea	65552	Donkey Kong (Japan) (En)
Donkey Kong 3 (USA) (e-Reader)	849b93d0	24592	Donkey Kong 3 (World)
Donkey Kong 3 (World)	30f18e06	24592	Donkey Kong 3 (World)
Donkey Kong 3 (World) (Animal Crossing)	47beb9a1	40976	Donkey Kong 3 (World)
Donkey Kong Classics (USA, Europe)	8aa7e88c	49168	Donkey Kong Classics (USA, Europe)
Donkey Kong Jr. (Japan) (En)	cc56d9a3	24592	Donkey Kong Jr. (Japan) (En)
Donkey Kong Jr. (USA) (Rev 1) (e-Reader)	bc05039f	24592	Donkey Kong Jr. (Japan) (En)
Donkey Kong Jr. (World) (Rev 1)	cb42010f	24592	Donkey Kong Jr. (Japan) (En)
Donkey Kong Jr. (World) (Rev 1) (Animal Crossing)	4be5aa9d	40976	Donkey Kong Jr. (Japan) (En)
Donkey Kong Jr. + Jr. Lesson (Japan) (En)	9767c2b2	24592	Donkey Kong Jr. + Jr. Lesson (Japan) (En)
Donkey Kong Jr. Math (USA, Europe)	8622720c	24592	Donkey Kong Jr. Math (USA, Europe)
Donkey Kong Jr. no Sansuu Asobi (Japan) (Animal Crossing)	784ae6f3	40976	Donkey Kong Jr. Math (USA, Europe)
Donkey Kong Jr. no Sansuu Asobi (Japan) (En)	4de9c299	24592	Donkey Kong Jr. Math (USA, Europe)
Door Door (Japan) (En)	d520ba35	24592	Door Door (Japan) (En)
Doraemon (Japan)	0db7bd33	163856	Doraemon (Japan)
Doraemon - Giga Zombie no Gyakushuu (Japan)	98b9c25b	262160	Doraemon - Giga Zombie no Gyakushuu (Japan)
Double Dare (USA)	d09b4b28	262160	Double Dare (USA)
Double Dragon (Europe)	99d72c19	262160	Double Dragon (USA)
Double Dragon (Europe) (Virtual Console)	c142c93a	262160	Double Dragon (USA)
Double Dragon (Japan) (En)	915780a5	262160	Double Dragon (USA)
Double Dragon (Japan) (En) (Beta)	bddfe6a7	262160	Double Dragon (USA)
Double Dragon (USA)	f3850bce	262160	Double Dragon (USA)
Double Dragon (World) (Evercade)	ba60c313	262160	Double Dragon (USA)
Double Dragon (World) (v1.1) (Evercade)	d7dd3251	262160	Double Dragon (USA)
Double Dragon II - The Revenge (Europe)	d1e513ce	262160	Double Dragon II - The Revenge (USA)
Double Dragon II - The Revenge (Japan)	1ddc74e3	262160	Double Dragon II - The Revenge (USA)
Double Dragon II - The Revenge (USA)	a87e96e7	262160	Double Dragon II - The Revenge (USA)
Double Dragon II - The Revenge (USA) (Rev 1)	31dde8d5	262160	Double Dragon II - The Revenge (USA)
Double Dragon II - The Revenge (World) (Evercade)	23784c05	262160	Double Dragon II - The Revenge (USA)
Double Dragon III - The Rosetta Stone (Japan)	d15f701d	262160	Double Dragon III - The Sacred Stones (USA)
Double Dragon III - The Rosetta Stone (USA) (Beta)	8461356c	262160	Double Dragon III - The Sacred Stones (USA)
Double Dragon III - The Sacred Stones (Europe)	96849671	262160	Double Dragon III - The Sacred Stones (USA)
Double Dragon III - The Sacred Stones (USA)	eb44eefc	262160	Double Dragon III - The Sacred Stones (USA)
Double Dribble (Europe)	9b01b203	131088	Double Dribble (USA)
Double Dribble (USA)	e7b07781	131088	Double Dribble (USA)
Double Dribble (USA) (Rev 1)	74276383	131088	Double Dribble (USA)
Double Moon Densetsu (Japan)	bf4c7af7	524304	Double Moon Densetsu (Japan)
Dough Boy (Japan) (En)	8d0a258b	40976	Dough Boy (Japan) (En)
Downtown - Nekketsu Koushinkyoku - Soreyuke Daiundoukai (Japan)	e56b03c2	262160	Downtown - Nekketsu Koushinkyoku - Soreyuke Daiundoukai (Japan)
Downtown - Nekketsu Monogatari (Japan)	2e6eb9f6	262160	River City Ransom (USA)
Downtown - Nekketsu Monogatari (Japan) (Virtual Console)	3df39f68	262160	River City Ransom (USA)
Downtown Special - Kunio-kun no Jidaigeki Da yo Zenin Shuugou! (Japan)	a74b96b9	262160	Downtown Special - Kunio-kun no Jidaigeki Da yo Zenin Shuugou! (Japan)
Dr. Chaos (USA)	d7ac05e9	131088	Dr. Chaos (USA)
Dr. Jekyll and Mr. Hyde (USA)	645a14c1	163856	Dr. Jekyll and Mr. Hyde (USA)
Dr. Mario (Europe)	f7fc9505	65552	Dr. Mario (Japan, USA) (En)
Dr. Mario (Japan, USA) (En)	556ae5c3	65552	Dr. Mario (Japan, USA) (En)
Dr. Mario (Japan, USA) (En) (Rev 1)	92bed9d7	65552	Dr. Mario (Japan, USA) (En)
Dr. Mario (USA) (Beta 1)	233055b6	65552	Dr. Mario (Japan, USA) (En)
Dr. Mario (USA) (Beta 2)	84a9ad82	65552	Dr. Mario (Japan, USA) (En)
Dr. Mario (USA) (Beta 3)	88790036	65552	Dr. Mario (Japan, USA) (En)
Drac's Night Out (USA) (Proto)	beab0d8f	262160	Drac's Night Out (USA) (Proto)
Dragon Ball - Daimaou Fukkatsu (Japan)	a3f4a010	262160	Dragon Ball - Daimaou Fukkatsu (Japan)
Dragon Ball - Le Secret du Dragon (France)	783cac88	163856	Dragon Power (USA)
Dragon Ball - Le Secret du Dragon (France) (Rev 1)	87bbc40e	163856	Dragon Power (USA)
Dragon Ball - Shen Long no Nazo (Japan)	2506fb77	163856	Dragon Power (USA)
Dragon Ball 3 - Gokuu Den (Japan)	3cea8fd5	393232	Dragon Ball 3 - Gokuu Den (Japan)
Dragon Ball 3 - Gokuu Den (Japan) (Rev 1)	ed45ce26	393232	Dragon Ball 3 - Gokuu Den (Japan)
Dragon Ball Z - Gekitou Tenkaichi Budoukai (Japan) (Datach)	5b76f2e4	262160	Dragon Ball Z - Gekitou Tenkaichi Budoukai (Japan) (Datach)
Dragon Ball Z - Kyoushuu! Saiya Jin (Japan)	0292b41d	524304	Dragon Ball Z - Kyoushuu! Saiya Jin (Japan)
Dragon Ball Z - Kyoushuu! Saiya Jin (Japan) (Rev 1)	8b2451fe	524304	Dragon Ball Z - Kyoushuu! Saiya Jin (Japan)
Dragon Ball Z Gaiden - Saiya Jin Zetsumetsu Keikaku (Japan)	b63e1069	524304	Dragon Ball Z Gaiden - Saiya Jin Zetsumetsu Keikaku (Japan)
Dragon Ball Z II - Gekishin Freeza!! (Japan)	3c76b153	524304	Dragon Ball Z II - Gekishin Freeza!! (Japan)
Dragon Ball Z II - Gekishin Freeza!! (Japan) (Rev 1)	0c06a072	524304	Dragon Ball Z II - Gekishin Freeza!! (Japan)
Dragon Ball Z III - Ressen Jinzou Ningen (Japan)	79000b2c	524304	Dragon Ball Z III - Ressen Jinzou Ningen (Japan)
Dragon Buster (Japan) (En)	c8671545	163856	Dragon Buster (Japan) (En)
Dragon Buster (Japan) (Virtual Console)	76c8f82a	163856	Dragon Buster (Japan) (En)
Dragon Buster (World) (Namcot Collection, Namco Museum Archives Vol 1)	1e25d34a	163856	Dragon Buster (Japan) (En)
Dragon Buster II - Yami no Fuuin (Japan) (En)	f2e87435	196624	Dragon Buster II - Yami no Fuuin (Japan) (En)
Dragon Buster II - Yami no Fuuin (USA, Europe) (Namco Museum Archives Vol 2)	e26faaec	196624	Dragon Buster II - Yami no Fuuin (Japan) (En)
Dragon Fighter (Japan) (En)	b7946748	262160	Dragon Fighter (USA)
Dragon Fighter (USA)	5dff9f09	262160	Dragon Fighter (USA)
Dragon Ninja (Japan)	1677bf25	262160	Bad Dudes (USA)
Dragon Ninja (Japan) (Rev 1)	16efb030	262160	Bad Dudes (USA)
Dragon Power (USA)	314b1571	163856	Dragon Power (USA)
Dragon Quest (Japan)	e9f91164	65552	Dragon Warrior (USA)
Dragon Quest II - Akuryou no Kamigami (Japan)	ecfa97e3	131088	Dragon Warrior II (USA)
Dragon Quest III - Soshite Densetsu e... (Japan)	eb03d290	262160	Dragon Warrior III (USA)
Dragon Quest III - Soshite Densetsu e... (Japan) (Rev 1)	c90d9be2	262160	Dragon Warrior III (USA)
Dragon Quest IV - Michibikareshi Monotachi (Japan)	d2abf4d7	524304	Dragon Warrior IV (USA)
Dragon Quest IV - Michibikareshi Monotachi (Japan) (Rev 1)	f8e81cb9	524304	Dragon Warrior IV (USA)
Dragon Scroll - Yomigaerishi Maryuu (Japan)	169b8310	262160	Dragon Scroll - Yomigaerishi Maryuu (Japan)
Dragon Slayer IV - Drasle Family (Japan)	80a4c5a1	196624	Legacy of the Wizard (USA)
Dragon Spirit - Aratanaru Densetsu (Japan)	b999d928	262160	Dragon Spirit - The New Legend (USA)
Dragon Spirit - Aratanaru Densetsu (Japan) (Namcot Collection)	076a95d3	262160	Dragon Spirit - The New Legend (USA)
Dragon Spirit - The New Legend (USA)	6c5b7e39	262160	Dragon Spirit - The New Legend (USA)
Dragon Spirit - The New Legend (World) (Evercade)	640a5d3b	262160	Dragon Spirit - The New Legend (USA)
Dragon Spirit - The New Legend (World) (Namco Museum Archives Vol 1)	19a24472	262160	Dragon Spirit - The New Legend (USA)
Dragon Unit (Japan) (En)	24818562	131088	Castle of Dragon (USA)
Dragon Warrior (USA)	b5896125	81936	Dragon Warrior (USA)
Dragon Warrior (USA) (Rev 1)	abf3c899	81936	Dragon Warrior (USA)
Dragon Warrior II (USA)	c3c2e266	262160	Dragon Warrior II (USA)
Dragon Warrior II (USA) (Beta)	1764208a	262160	Dragon Warrior II (USA)
Dragon Warrior III (USA)	5716bd04	524304	Dragon Warrior III (USA)
Dragon Warrior IV (USA)	af12cb81	524304	Dragon Warrior IV (USA)
Dragon Wars (Japan)	6c0a726c	393232	Dragon Wars (Japan)
Dragon Wars (USA) (Proto)	f824d022	393232	Dragon Wars (Japan)
Dragon's Lair (Europe)	864ebdc7	262160	Dragon's Lair (USA)
Dragon's Lair (Japan) (En)	7f343968	262160	Dragon's Lair (USA)
Dragon's Lair (USA)	6ecd37d2	131088	Dragon's Lair (USA)
Dreamworld Pogie (USA, Europe) (Proto)	2e96da8a	131088	Dreamworld Pogie (USA, Europe) (Proto)
Dropzone (Europe)	a9d11095	65552	Dropzone (Europe)
Dropzone (USA) (Proto) (1992-10-06)	9490046a	65552	Dropzone (Europe)
Druaga no Tou (Japan)	911c9127	40976	Druaga no Tou (Japan)
Druaga no Tou (World) (Namcot Collection, Namco Museum Archives Vol 1)	b2b558fe	40976	Druaga no Tou (Japan)
Duck Hunt (World)	e9f806a9	24592	Duck Hunt (World)
DuckTales (Europe)	3464fbf6	131088	DuckTales (USA)
DuckTales (USA)	4b7e9c9d	131088	DuckTales (USA)
DuckTales (USA) (Beta 1)	88e87f83	131088	DuckTales (USA)
DuckTales (USA) (Beta 2)	5b9ddbd6	131088	DuckTales (USA)
DuckTales (World) (The Disney Afternoon Collection)	e10d36f3	131088	DuckTales (USA)
DuckTales 2 (Europe)	ed2080d3	131088	DuckTales 2 (USA)
DuckTales 2 (Europe) (Beta)	6da1507f	131088	DuckTales 2 (USA)
DuckTales 2 (France)	d488e578	131088	DuckTales 2 (USA)
DuckTales 2 (Germany)	e9592bed	131088	DuckTales 2 (USA)
DuckTales 2 (Japan)	4912c880	131088	DuckTales 2 (USA)
DuckTales 2 (USA)	d709f01c	131088	DuckTales 2 (USA)
DuckTales 2 (World) (The Disney Afternoon Collection)	f3c65591	131088	DuckTales 2 (USA)
Dungeon & Magic - Swords of Element (Japan)	79b31ba9	262160	Dungeon Magic - Sword of the Elements (USA)
Dungeon Kid (Japan)	b9448971	131088	Dungeon Kid (Japan)
Dungeon Magic - Sword of the Elements (USA)	1fedecae	262160	Dungeon Magic - Sword of the Elements (USA)
Dusty Diamond's All-Star Softball (USA)	c42c5b62	262160	Dusty Diamond's All-Star Softball (USA)
Dynablaster (Europe)	3d36d85c	131088	Bomberman II (USA)
Dynamite Batman (Japan) (En)	0ee71831	393232	Batman - Return of the Joker (USA)
Dynamite Bowl (Japan) (En)	404ee899	65552	Dynamite Bowl (Japan) (En)
Dynamite Bowl (Japan) (En) (Rev 1)	69aee567	65552	Dynamite Bowl (Japan) (En)
Dynowarz - The Destruction of Spondylus (USA)	4170f21f	262160	Dynowarz - The Destruction of Spondylus (USA)
EarthBound Beginnings (USA, Europe) (Virtual Console, Switch Online)	abbe02fa	524304	Mother (Japan)
Eggerland - Meikyuu no Fukkatsu (Japan)	5eb9151a	163856	Eggerland - Meikyuu no Fukkatsu (Japan)
Egypt (Japan)	16087dba	65552	Egypt (Japan)
Elevator Action (Japan) (En)	9f1f2182	40976	Elevator Action (USA)
Elevator Action (Japan) (En) (Rev 1)	19ffa2ef	40976	Elevator Action (USA)
Elevator Action (Japan) (En) (Rev 1) (Virtual Console)	31dc8b26	40976	Elevator Action (USA)
Elevator Action (USA)	490d9981	40976	Elevator Action (USA)
Elevator Action (USA) (Virtual Console)	612eb048	40976	Elevator Action (USA)
Eliminator Boat Duel (Europe)	aa3b332d	262160	Eliminator Boat Duel (USA)
Eliminator Boat Duel (USA)	f907c759	262160	Eliminator Boat Duel (USA)
Eliminator Boat Duel (World) (Evercade)	17852f46	262160	Eliminator Boat Duel (USA)
Elite (Europe) (En,Fr,De)	eab04ed0	131088	Elite (Europe) (En,Fr,De)
Elite (Europe) (En,Fr,De) (Beta)	ae5aeb04	131088	Elite (Europe) (En,Fr,De)
Elnark no Zaihou (Japan)	509ed7d2	131088	Elnark no Zaihou (Japan)
Elysion (Japan)	d895a66e	262160	Elysion (Japan)
Emoyan no 10 Bai Pro Yakyuu (Japan)	a16bcf6f	262160	Emoyan no 10 Bai Pro Yakyuu (Japan)
Empereur, L' (Japan)	df213334	393232	Empereur, L' (USA)
Empereur, L' (USA)	20affc97	393232	Empereur, L' (USA)
Eric Cantona Football Challenge - Goal! 2 (Europe)	2523de02	262160	Goal! Two (USA)
Erika to Satoru no Yume Bouken (Japan)	4c9606ce	262160	Erika to Satoru no Yume Bouken (Japan)
Esper Bouken Tai (Japan)	23d9bea5	262160	Esper Bouken Tai (Japan)
Esper Dream 2 - Aratanaru Tatakai (Japan)	91165972	393232	Esper Dream 2 - Aratanaru Tatakai (Japan)
Excitebike (Europe)	f749e780	24592	Excitebike (Japan, USA) (En)
Excitebike (Europe) (Virtual Console)	5552bccd	40976	Excitebike (Japan, USA) (En)
Excitebike (Japan, USA) (En)	625bf658	24592	Excitebike (Japan, USA) (En)
Excitebike (Japan, USA) (En) (Animal Crossing)	486cec05	24592	Excitebike (Japan, USA) (En)
Excitebike (Japan, USA) (En) (Virtual Console, Classic Mini)	7f6b35c4	40976	Excitebike (Japan, USA) (En)
Excitebike (USA) (e-Reader)	ffbb6e4f	24592	Excitebike (Japan, USA) (En)
Excitebike (World) (Switch Online)	f3231e3a	40976	Excitebike (Japan, USA) (En)
Exciting Boxing (Japan) (En)	96e9c8bb	262160	Exciting Boxing (Japan) (En)
Exciting Rally - World Rally Championship (Japan)	1dc55cbb	262160	Championship Rally (Europe)
Exerion (Japan) (En)	79757534	24592	Exerion (Japan) (En)
Exerion II (USA) (Proto)	5b77a93b	65552	Exerion II (USA) (Proto)
Exploding Fist (USA)	a55fd2b0	2097168	Exploding Fist (World) (Digital)
Exploding Fist (USA) (Proto 1)	86492069	65552	Exploding Fist (World) (Digital)
Exploding Fist (USA) (Proto 2)	230300de	65552	Exploding Fist (World) (Digital)
Exploding Fist (World) (Digital)	fe6500b7	65552	Exploding Fist (World) (Digital)
F-1 Sensation (Japan) (En)	95d80871	262160	Formula 1 Sensation (Europe)
F-117A Stealth Fighter (USA)	89331a5e	524304	F-117A Stealth Fighter (USA)
F-117A Stealth Fighter (USA) (Beta)	4beb2308	524304	F-117A Stealth Fighter (USA)
F-15 Strike Eagle (Europe)	e63da7d2	524304	F-15 Strike Eagle (USA)
F-15 Strike Eagle (Europe) (En,Sv,Da,Fi)	f98c5069	524304	F-15 Strike Eagle (USA)
F-15 Strike Eagle (France) (En,Fr,Nl)	c516a712	524304	F-15 Strike Eagle (USA)
F-15 Strike Eagle (Germany)	adf2649a	524304	F-15 Strike Eagle (USA)
F-15 Strike Eagle (Italy) (En,It)	84d5419d	524304	F-15 Strike Eagle (USA)
F-15 Strike Eagle (USA)	8887dc5d	524304	F-15 Strike Eagle (USA)
F-15 Strike Eagle (USA) (Beta)	2ab5e3a3	524304	F-15 Strike Eagle (USA)
F1 Circus (Japan)	077b7e96	393232	F1 Circus (Japan)
F1 Race (Japan) (En)	ce272fef	24592	F1 Race (Japan) (En)
F1 Race (Japan) (En) (Beta)	217ce97a	24592	F1 Race (Japan) (En)
FC Genjin - Freakthoropus Computerus (Japan)	7a3d3c21	393232	Bonk's Adventure (USA)
Fairyland Story, The (Japan) (En) (Proto)	4b96de9f	24592	Fairyland Story, The (Japan) (En) (Proto)
Famicom Doubutsu Seitai Zukan! - Katte ni Shirokuma - Mori o Sukue no Maki! (Japan)	04586d16	262160	Famicom Doubutsu Seitai Zukan! - Katte ni Shirokuma - Mori o Sukue no Maki! (Japan)
Famicom Igo Nyuumon (Japan)	a93e6649	163856	Famicom Igo Nyuumon (Japan)
Famicom Jump - Eiyuu Retsuden (Japan)	80b4c1de	393232	Famicom Jump - Eiyuu Retsuden (Japan)
Famicom Jump II - Saikyou no 7 Nin (Japan)	32e1c19b	524304	Famicom Jump II - Saikyou no 7 Nin (Japan)
Famicom Meijin Sen (Japan)	a0d44264	262160	Famicom Meijin Sen (Japan)
Famicom Meijin Sen (Japan) (Rev 1)	be31381c	262160	Famicom Meijin Sen (Japan)
Famicom Shougi - Ryuuousen (Japan)	f8abcc27	262160	Famicom Shougi - Ryuuousen (Japan)
Famicom Shougi - Ryuuousen (Japan) (Beta)	7f83903d	262160	Famicom Shougi - Ryuuousen (Japan)
Famicom Top Management (Japan)	17c8e1e1	262160	Famicom Top Management (Japan)
Famicom Wars (Japan)	d70c59b9	196624	Famicom Wars (Japan)
Famicom Wars (Japan) (Virtual Console)	faacc1da	196624	Famicom Wars (Japan)
Famicom Yakyuu Ban (Japan)	ec87e362	262160	Famicom Yakyuu Ban (Japan)
Family BASIC (Japan)	30b1840a	40976	Family BASIC (Japan)
Family BASIC V3 (Japan)	6ba08175	40976	Family BASIC V3 (Japan)
Family BASIC v2.0 (Japan)	300a6746	40976	Family BASIC (Japan)
Family BASIC v2.1 (Japan)	4e3a38ea	40976	Family BASIC (Japan)
Family Block (Japan) (En)	7c623e98	163856	Thunder & Lightning (USA)
Family Boxing (Japan) (En)	8f5c467f	131088	Ring King (USA)
Family Circuit '91 (Japan) (En)	364a8730	655376	Family Circuit '91 (Japan) (En)
Family Circuit (Japan)	111be233	163856	Family Circuit (Japan)
Family Circuit (Japan) (Namcot Collection)	f19faf44	163856	Family Circuit (Japan)
Family Feud (USA)	b8e1203f	163856	Family Feud (USA)
Family Jockey (Japan)	08c2f782	65552	Family Jockey (Japan)
Family Jockey (Japan) (Namcot Collection)	6a9d63cd	65552	Family Jockey (Japan)
Family Mahjong (Japan)	8a34324c	196624	Family Mahjong (Japan)
Family Mahjong (Japan) (Rev 1)	b9afa3c1	196624	Family Mahjong (Japan)
Family Mahjong II - Shanghai e no Michi (Japan)	9148b117	196624	Family Mahjong II - Shanghai e no Michi (Japan)
Family Pinball (Japan)	057cc095	196624	Rock 'n' Ball (USA)
Family Pinball (Japan) (Namcot Collection)	4ef4d8ef	196624	Rock 'n' Ball (USA)
Family Quiz - 4-nin wa Rival (Japan)	a35f0711	131088	Family Quiz - 4-nin wa Rival (Japan)
Family School (Japan)	7a47e189	262160	Family School (Japan)
Family Tennis (Japan)	708274ff	131088	Family Tennis (Japan)
Family Trainer 1 - Athletic World (Japan)	f7a0dc81	65552	Athletic World (USA)
Family Trainer 1 - Athletic World (Japan) (Rev 1)	94595301	65552	Athletic World (USA)
Family Trainer 10 - Rairai Kyonsees (Japan)	f2846048	65552	Family Trainer 10 - Rairai Kyonsees (Japan)
Family Trainer 10 - Rairai Kyonsees (Japan) (Beta)	8666d417	65552	Family Trainer 10 - Rairai Kyonsees (Japan)
Family Trainer 2 - Running Stadium (Japan)	40aa5816	65552	Stadium Events (USA)
Family Trainer 3 - Aerobics Studio (Japan)	83e42c5b	65552	Dance Aerobics (USA)
Family Trainer 4 - Jogging Race (Japan)	85258a16	163856	Family Trainer 4 - Jogging Race (Japan)
Family Trainer 5 - Meiro Daisakusen (Japan)	4a215c52	262160	Family Trainer 5 - Meiro Daisakusen (Japan)
Family Trainer 6 - Manhattan Police (Japan) (En)	c6883cd2	262160	Street Cop (USA)
Family Trainer 7 - Daiundoukai (Japan)	50c4d8a6	65552	Super Team Games (USA)
Family Trainer 8 - Totsugeki! Fuuun Takeshi-jou (Japan)	b61c6360	65552	Family Trainer 8 - Totsugeki! Fuuun Takeshi-jou (Japan)
Family Trainer 9 - Fuuun Takeshi-jou 2 (Japan)	db9fe780	163856	Family Trainer 9 - Fuuun Takeshi-jou 2 (Japan)
Famista '89 - Kaimaku Ban!! (Japan)	6a6d671e	196624	Famista '89 - Kaimaku Ban!! (Japan)
Famista '90 (Japan)	045b96db	262160	Famista '90 (Japan)
Famista '91 (Japan)	3c6e9923	262160	Famista '91 (Japan)
Famista '92 (Japan)	c1e95172	262160	Famista '92 (Japan)
Famista '93 (Japan)	02d39ad8	262160	Famista '93 (Japan)
Famista '94 (Japan)	edbd4f5e	262160	Famista '94 (Japan)
Fantasy Zone (Japan) (En) (Sunsoft)	584f706c	131088	Fantasy Zone (Japan) (En) (Sunsoft)
Fantasy Zone II - Opa-Opa no Namida (Japan) (En)	091e44c4	262160	Fantasy Zone II - Opa-Opa no Namida (Japan) (En)
Faria - A World of Mystery & Danger! (USA)	79de2aad	262160	Faria - A World of Mystery & Danger! (USA)
Faria - Fuuin no Tsurugi (Japan)	c4abceb2	262160	Faria - A World of Mystery & Danger! (USA)
Faxanadu (Europe)	3d00016e	262160	Faxanadu (USA)
Faxanadu (Japan)	2720e7ac	262160	Faxanadu (USA)
Faxanadu (USA)	d8f265fc	262160	Faxanadu (USA)
Faxanadu (USA) (Rev 1)	6832f445	262160	Faxanadu (USA)
Felix the Cat (Europe) (Hudson)	2bc6b149	262160	Felix the Cat (World) (En)
Felix the Cat (USA) (Hudson)	3856f581	262160	Felix the Cat (World) (En)
Felix the Cat (World) (En)	e960f805	262160	Felix the Cat (World) (En)
Felix the Cat (World) (Ja)	aafcb310	262160	Felix the Cat (World) (En)
Ferrari (Japan) (En)	581c606b	262160	Ferrari Grand Prix Challenge (USA)
Ferrari Grand Prix Challenge (Europe)	6bde581c	262160	Ferrari Grand Prix Challenge (USA)
Ferrari Grand Prix Challenge (USA)	32ee7f38	262160	Ferrari Grand Prix Challenge (USA)
Ferrari Grand Prix Challenge (USA) (Beta)	8f6cace6	262160	Ferrari Grand Prix Challenge (USA)
Fester's Quest (Europe)	50b8765e	262160	Fester's Quest (USA)
Fester's Quest (Europe) (Rev 1)	b351799b	262160	Fester's Quest (USA)
Fester's Quest (USA)	4a269ab1	262160	Fester's Quest (USA)
Fester's Quest (USA) (Beta)	08e849fb	262160	Fester's Quest (USA)
Fester's Quest (USA) (Demo)	61a9122a	262160	Fester's Quest (USA)
Field Combat (Japan) (En)	dc83d672	24592	Field Combat (Japan) (En)
Fighting Golf (Japan)	7f913551	262160	Lee Trevino's Fighting Golf (USA)
Fighting Golf (Japan) (FamicomBox)	636ac31d	262160	Lee Trevino's Fighting Golf (USA)
Fighting Road (Japan)	2cf4e57f	262160	Fighting Road (Japan)
Fighting Simulator - World Champ (USA) (Proto)	5aa034dd	262160	Hiryuu no Ken Special - Fighting Wars (Japan)
Final Fantasy (Japan)	09f667ea	262160	Final Fantasy (USA)
Final Fantasy (Japan) (Rev 1)	b886e4f5	262160	Final Fantasy (USA)
Final Fantasy (Japan) (Rev 1) (3DS Virtual Console)	caad0f31	262160	Final Fantasy (USA)
Final Fantasy (Japan) (Rev 1) (Wii and Wii U Virtual Console)	8bb5fe0c	262160	Final Fantasy (USA)
Final Fantasy (USA)	8125b019	262160	Final Fantasy (USA)
Final Fantasy (USA) (Beta)	50cb736e	262160	Final Fantasy (USA)
Final Fantasy (USA) (Virtual Console)	7aca2453	262160	Final Fantasy (USA)
Final Fantasy I, II (Japan)	96dd5d7d	524304	Final Fantasy I, II (Japan)
Final Fantasy II (Japan)	9d0529ef	262160	Final Fantasy II (Japan)
Final Fantasy II (Japan) (3DS Virtual Console)	dd9a3287	262160	Final Fantasy II (Japan)
Final Fantasy II (Japan) (Wii and Wii U Virtual Console)	63ea6698	262160	Final Fantasy II (Japan)
Final Fantasy II (USA) (Proto)	dc3a74d3	262160	Final Fantasy II (Japan)
Final Fantasy III (Japan)	4ea1e076	524304	Final Fantasy III (Japan)
Final Fantasy III (Japan) (3DS Virtual Console)	19cacfb8	524304	Final Fantasy III (Japan)
Final Fantasy III (Japan) (Wii U Virtual Console)	b5ed2eac	524304	Final Fantasy III (Japan)
Final Fantasy III (Japan) (Wii Virtual Console)	7a502b61	524304	Final Fantasy III (Japan)
Final Lap (Japan) (En)	d3209298	262160	Final Lap (Japan) (En)
Final Mission (Japan)	290dd12f	262160	S.C.A.T. - Special Cybernetic Attack Team (USA)
Fire 'n Ice (USA)	6e8d2bb4	262160	Fire 'n Ice (USA)
Fire Emblem - Ankoku Ryuu to Hikari no Tsurugi (Japan)	d770ff13	393232	Fire Emblem - Ankoku Ryuu to Hikari no Tsurugi (Japan)
Fire Emblem Gaiden (Japan)	e93a6adb	393232	Fire Emblem Gaiden (Japan)
Fire Emblem Gaiden (Japan) (Virtual Console)	f7d7c2de	393232	Fire Emblem Gaiden (Japan)
Firework Thrower Kantaro's 53 Stations of the Toukaido (World)	7946fe78	49168	Firework Thrower Kantaro's 53 Stations of the Toukaido (World)
Fisher-Price - Firehouse Rescue (USA)	59684002	65552	Fisher-Price - Firehouse Rescue (USA)
Fisher-Price - I Can Remember (USA)	4781c88d	65552	Fisher-Price - I Can Remember (USA)
Fisher-Price - Perfect Fit (USA)	d88a01e9	65552	Fisher-Price - Perfect Fit (USA)
Fist of the North Star (USA)	a219206b	131088	Fist of the North Star (USA)
Flappy (Japan) (En)	acb5f6a6	40976	Flappy (Japan) (En)
Fleet Commander (Japan)	d7d5e3d5	65552	Fleet Commander (Japan)
Flight of the Intruder (USA)	5de5eb1a	131088	Flight of the Intruder (USA)
Flight of the Intruder (USA) (Beta)	e4adfd8e	131088	Flight of the Intruder (USA)
Flintstones, The - The Rescue of Dino & Hoppy (Europe)	77324bf3	393232	Flintstones, The - The Rescue of Dino & Hoppy (USA)
Flintstones, The - The Rescue of Dino & Hoppy (Japan)	12cd4df7	393232	Flintstones, The - The Rescue of Dino & Hoppy (USA)
Flintstones, The - The Rescue of Dino & Hoppy (USA)	0bbe866b	393232	Flintstones, The - The Rescue of Dino & Hoppy (USA)
Flintstones, The - The Surprise at Dinosaur Peak (Europe)	9027d053	393232	Flintstones, The - The Surprise at Dinosaur Peak! (USA)
Flintstones, The - The Surprise at Dinosaur Peak! (USA)	fee4c18e	393232	Flintstones, The - The Surprise at Dinosaur Peak! (USA)
Flipull - An Exciting Cube Game (Japan) (En)	e0bbb461	65552	Flipull - An Exciting Cube Game (Japan) (En)
Flipull - An Exciting Cube Game (Japan) (En) (Rev 1)	9e36afbe	65552	Flipull - An Exciting Cube Game (Japan) (En)
Flying Dragon - The Secret Scroll (USA)	5530d550	131088	Flying Dragon - The Secret Scroll (USA)
Flying Hero (Japan) (En)	a245a833	131088	Flying Hero (Japan) (En)
Flying Warriors (USA)	ec81cbf4	262160	Flying Warriors (USA)
Flying Warriors (USA) (Beta)	6e44ac6c	262160	Flying Warriors (USA)
Flying Warriors (USA) (Virtual Console)	83f4c32e	262160	Flying Warriors (USA)
Formation Z (Japan) (En)	a4f5fd70	24592	Formation Z (Japan) (En)
Formation Z (Japan) (En) (Rev 1)	2ec4413e	24592	Formation Z (Japan) (En)
Formation Z (Japan) (En) (Rev 1) (Virtual Console)	2611c8ed	24592	Formation Z (Japan) (En)
Formula 1 Sensation (Europe)	f571a1cc	262160	Formula 1 Sensation (Europe)
Formula One - Built to Win (USA)	66a55a2b	262160	Formula One - Built to Win (USA)
Four Players' Tennis (Europe)	20101a6a	262160	Chris Evert & Ivan Lendl in Top Players' Tennis (USA)
Fox's Peter Pan & the Pirates - The Revenge of Captain Hook (USA)	e9add9aa	196624	Fox's Peter Pan & the Pirates - The Revenge of Captain Hook (USA)
Frankenstein - The Monster Returns (USA)	15da27cb	262160	Frankenstein - The Monster Returns (USA)
Frankenstein - The Monster Returns (USA) (Beta)	80b9394b	262160	Frankenstein - The Monster Returns (USA)
Free Fall (USA) (Proto 1)	20e0c0ad	131088	Free Fall (USA) (Proto 2)
Free Fall (USA) (Proto 2)	9b1d4572	131088	Free Fall (USA) (Proto 2)
Freedom Force (USA)	abad2ad5	262160	Freedom Force (USA)
Freedom Force (USA) (Beta)	e639584b	262160	Freedom Force (USA)
Friday the 13th (USA)	df4d7414	65552	Friday the 13th (USA)
Front Line (Japan) (En)	088bccf2	24592	Front Line (Japan) (En)
Fudou Myouou Den (Japan)	446cd7b0	393232	Demon Sword (USA)
Fun House (USA)	f3a40100	131088	Fun House (USA)
Fushigi na Blobby - Blobania no Kiki (Japan)	e7e213ff	262160	David Crane's A Boy and His Blob - Trouble on Blobolonia (USA)
Fushigi no Umi no Nadia (Japan)	7e48832d	262160	Fushigi no Umi no Nadia (Japan)
Future Wars - Mirai Senshi Lios (Japan)	a6d5cba9	262160	Future Wars - Mirai Senshi Lios (Japan)
Fuzzical Fighter (Japan)	e59d0ce0	262160	Fuzzical Fighter (Japan)
G.I. Joe - A Real American Hero (USA)	397118ed	393232	G.I. Joe - A Real American Hero (USA)
G.I. Joe - The Atlantis Factor (USA)	a8d166a4	393232	G.I. Joe - The Atlantis Factor (USA)
G.I. Joe - The Atlantis Factor (USA) (Beta 1)	3530bd6c	393232	G.I. Joe - The Atlantis Factor (USA)
G.I. Joe - The Atlantis Factor (USA) (Beta 2)	b9831b05	393232	G.I. Joe - The Atlantis Factor (USA)
Galaga (Europe)	5c625c71	40976	Galaga - Demons of Death (USA)
Galaga (Japan) (En)	2ed7cd88	24592	Galaga - Demons of Death (USA)
Galaga (World) (Namcot Collection, Namco Museum Archives Vol 2)	c2fcbf77	24592	Galaga - Demons of Death (USA)
Galaga - Demons of Death (USA)	7e75970f	40976	Galaga - Demons of Death (USA)
Galaga - Demons of Death (World) (Evercade)	4991183a	40976	Galaga - Demons of Death (USA)
Galaxian (Japan) (En)	8451dc60	16400	Galaxian (Japan) (En)
Galaxian (Japan) (En) (Rev 1)	fab815be	16400	Galaxian (Japan) (En)
Galaxian (World) (Namcot Collection, Namco Museum Archives Vol 1)	3a9ee524	16400	Galaxian (Japan) (En)
Galaxian (World) (Rev 1) (Evercade)	a085c69e	16400	Galaxian (Japan) (En)
Galaxy 5000 - Racing in the 51st Century (Europe)	305f5a10	262160	Galaxy 5000 - Racing in the 51st Century (USA)
Galaxy 5000 - Racing in the 51st Century (USA)	a69947fc	262160	Galaxy 5000 - Racing in the 51st Century (USA)
Galaxy 5000 - Racing in the 51st Century (USA) (Beta 1)	aa818779	262160	Galaxy 5000 - Racing in the 51st Century (USA)
Galaxy 5000 - Racing in the 51st Century (USA) (Beta 2)	451f3678	262160	Galaxy 5000 - Racing in the 51st Century (USA)
Gambler Jiko Chuushinha (Japan)	0e407b63	262160	Gambler Jiko Chuushinha (Japan)
Gambler Jiko Chuushinha 2 (Japan)	ca69b71f	262160	Gambler Jiko Chuushinha 2 (Japan)
Game Designer Yousei Soft - Dezaemon (Japan)	185282c4	131088	Game Designer Yousei Soft - Dezaemon (Japan)
Game Party (Japan)	0d5ea16b	262160	Game Party (Japan)
Ganbare Goemon 2 (Japan)	b6cae930	262160	Ganbare Goemon 2 (Japan)
Ganbare Goemon 2 (Japan) (Wii U Virtual Console)	e39875a4	262160	Ganbare Goemon 2 (Japan)
Ganbare Goemon 2 (Japan) (Wii Virtual Console)	35afff9b	262160	Ganbare Goemon 2 (Japan)
Ganbare Goemon Gaiden - Kieta Ougon Kiseru (Japan)	b51cd53e	524304	Ganbare Goemon Gaiden - Kieta Ougon Kiseru (Japan)
Ganbare Goemon Gaiden - Kieta Ougon Kiseru (Japan) (Rev 1)	685c4cc1	524304	Ganbare Goemon Gaiden - Kieta Ougon Kiseru (Japan)
Ganbare Goemon Gaiden - Kieta Ougon Kiseru (Japan) (Rev 1) (Virtual Console)	56150ada	524304	Ganbare Goemon Gaiden - Kieta Ougon Kiseru (Japan)
Ganbare Goemon Gaiden 2 - Tenka no Zaihou (Japan)	3ecbd020	524304	Ganbare Goemon Gaiden 2 - Tenka no Zaihou (Japan)
Ganbare Goemon! - Karakuri Douchuu (Japan)	364c906a	262160	Ganbare Goemon! - Karakuri Douchuu (Japan)
Ganbare Goemon! - Karakuri Douchuu (Japan) (Virtual Console)	b7850063	262160	Ganbare Goemon! - Karakuri Douchuu (Japan)
Ganbare Pennant Race! (Japan)	40743632	262160	Ganbare Pennant Race! (Japan)
Ganso Saiyuuki - Super Monkey Daibouken (Japan)	5a097527	65552	Ganso Saiyuuki - Super Monkey Daibouken (Japan)
Garfield no Isshukan (Japan) (En)	9d9a3f5e	163856	Garfield no Isshukan (Japan) (En)
Garfield no Isshukan (Japan) (En) (Beta 1)	d87510ff	163856	Garfield no Isshukan (Japan) (En)
Garfield no Isshukan (Japan) (En) (Beta 2)	d212a727	163856	Garfield no Isshukan (Japan) (En)
Gargoyle's Quest II (Europe)	f993515c	262160	Gargoyle's Quest II (USA)
Gargoyle's Quest II (USA)	4b507521	262160	Gargoyle's Quest II (USA)
Gargoyle's Quest II (USA) (Beta)	2dae9378	262160	Gargoyle's Quest II (USA)
Garry Kitchen's Battletank (USA)	671ec94f	65552	Garry Kitchen's Battletank (USA)
Gauntlet (USA)	6c6b691b	196624	Gauntlet (USA)
Gauntlet (USA) (Beta 1)	431d9cfe	196624	Gauntlet (USA)
Gauntlet (USA) (Beta 2)	fe08afd8	196624	Gauntlet (USA)
Gauntlet II (Europe)	f93ba295	262160	Gauntlet II (USA)
Gauntlet II (USA)	5f52c052	262160	Gauntlet II (USA)
Gegege no Kitarou - Youkai Daimakyou (Japan)	44baa907	65552	Ninja Kid (USA)
Gegege no Kitarou - Youkai Daimakyou (Japan) (Beta)	afd87c81	65552	Ninja Kid (USA)
Gegege no Kitarou 2 - Youkai Gundan no Chousen (Japan)	cba0ba76	262160	Gegege no Kitarou 2 - Youkai Gundan no Chousen (Japan)
Geimos (Japan) (En)	67d7c96b	40976	Geimos (Japan) (En)
Gekikame Ninja Den (Japan)	9839ec93	262160	Teenage Mutant Ninja Turtles (USA)
Gekikame Ninja Den (Japan) (The Cowabunga Collection)	f51bcc5f	262160	Teenage Mutant Ninja Turtles (USA)
Gekikame Ninja Den (Japan) (Virtual Console)	56702ca9	262160	Teenage Mutant Ninja Turtles (USA)
Gekitotsu Yonku Battle (Japan) (En)	5020265b	131088	Gekitotsu Yonku Battle (Japan) (En)
Gekitou Pro Wrestling!! - Toukon Densetsu (Japan)	ac10f0de	262160	Tecmo World Wrestling (USA)
Gekitou Stadium!! (Japan)	b48cd237	262160	Bad News Baseball (USA)
Gemfire (USA)	74a7812e	524304	Gemfire (USA)
Genghis Khan (USA)	c2f8af80	262160	Genghis Khan (USA)
Genpei Touma Den - Computer Boardgame (Japan)	8f1375d5	196624	Genpei Touma Den - Computer Boardgame (Japan)
George Foreman's KO Boxing (Europe)	57da8bbc	393232	George Foreman's KO Boxing (USA)
George Foreman's KO Boxing (USA)	744dbd5e	393232	George Foreman's KO Boxing (USA)
Getsu Fuuma Den (Japan)	f311279a	262160	Getsu Fuuma Den (Japan)
Getsu Fuuma Den (Japan) (Beta)	5cca539d	262160	Getsu Fuuma Den (Japan)
Getsu Fuuma Den (Japan) (Steam)	9f537561	262160	Getsu Fuuma Den (Japan)
Getsu Fuuma Den (Japan) (Virtual Console)	ab703a05	262160	Getsu Fuuma Den (Japan)
Ghost Lion (USA)	385876b3	262160	Ghost Lion (USA)
Ghost Lion (USA) (Beta)	cee5879e	262160	Ghost Lion (USA)
Ghost'n Goblins (Europe)	7724a14f	131088	Ghosts'n Goblins (USA)
Ghostbusters (Japan)	b79f8617	65552	Ghostbusters (USA)
Ghostbusters (Japan) (Beta)	3f755a04	65552	Ghostbusters (USA)
Ghostbusters (USA)	9ddd0864	65552	Ghostbusters (USA)
Ghostbusters II (Europe)	432239a7	262160	Ghostbusters II (USA)
Ghostbusters II (USA)	d670bde6	262160	Ghostbusters II (USA)
Ghosts'n Goblins (USA)	102a8b76	131088	Ghosts'n Goblins (USA)
Ghosts'n Goblins (USA) (Capcom Town)	795e90bb	131088	Ghosts'n Goblins (USA)
Ghoul School (USA)	d75b96dc	262160	Ghoul School (USA)
Ghoul School (USA) (Beta)	15e49587	262160	Ghoul School (USA)
Gimmi a Break - Shijou Saikyou no Quiz Ou Ketteisen (Japan)	5a449a3e	131088	Gimmi a Break - Shijou Saikyou no Quiz Ou Ketteisen (Japan)
Gimmi a Break - Shijou Saikyou no Quiz Ou Ketteisen 2 (Japan)	b9d34258	262160	Gimmi a Break - Shijou Saikyou no Quiz Ou Ketteisen 2 (Japan)
Gimmick! (Japan) (En)	ee8879d5	393232	Mr. Gimmick (Europe)
Gimmick! (Japan) (En) (Beta)	058c0f9e	393232	Mr. Gimmick (Europe)
Ginga Eiyuu Densetsu (Japan)	de874be1	262160	Ginga Eiyuu Densetsu (Japan)
Ginga no Sannin (Japan)	2ef88bac	131088	Ginga no Sannin (Japan)
Goal! (Europe)	10b421d4	393232	Goal! (USA)
Goal! (USA)	abbec8f4	393232	Goal! (USA)
Goal! Two (USA)	a3013d74	262160	Goal! Two (USA)
Goal!! (Japan)	b59d253b	262160	Goal! Two (USA)
God Slayer - Haruka Tenkuu no Sonata (Japan)	92adc6c0	393232	Crystalis (USA)
God Slayer - Haruka Tenkuu no Sonata (Japan) (SNK 40th Anniversary Collection)	d0518c0d	393232	Crystalis (USA)
Godzilla - Monster of Monsters! (Europe)	7e3fe914	262160	Godzilla - Monster of Monsters! (USA)
Godzilla - Monster of Monsters! (USA)	88a1a493	262160	Godzilla - Monster of Monsters! (USA)
Godzilla 2 - War of the Monsters (USA)	632ae2a5	262160	Godzilla 2 - War of the Monsters (USA)
Gojira (Japan)	76af1931	262160	Godzilla - Monster of Monsters! (USA)
Golf '92, The (Japan)	ef02de3c	262160	Golf '92, The (Japan)
Golf (Europe)	c72dbbde	24592	Golf (USA, Asia) (En)
Golf (Europe) (Animal Crossing)	45b809e6	24592	Golf (USA, Asia) (En)
Golf (Japan) (En)	9b5612ac	24592	Golf (USA, Asia) (En)
Golf (Japan) (En) (Animal Crossing)	e28a9513	40976	Golf (USA, Asia) (En)
Golf (USA) (e-Reader)	636ea7c5	24592	Golf (USA, Asia) (En)
Golf (USA, Asia) (En)	2014b5d1	24592	Golf (USA, Asia) (En)
Golf Club - Birdy Rush (Japan)	0028fa96	262160	Golf Club - Birdy Rush (Japan)
Golf Grand Slam (Japan)	c3954ab0	262160	Golf Grand Slam (USA)
Golf Grand Slam (USA)	33c64176	262160	Golf Grand Slam (USA)
Golf Grand Slam (USA) (En,Ja) (Beta)	8f906f2c	262160	Golf Grand Slam (USA)
Golfkko Open (Japan)	ad0a47ec	393232	Golfkko Open (Japan)
Golgo 13 - Daiisshou - Kamigami no Tasogare (Japan)	5c99a0a0	262160	Golgo 13 - Top Secret Episode (USA)
Golgo 13 - Dainishou - Icarus no Nazo (Japan)	9c6aa86d	262160	Mafat Conspiracy, The (USA)
Golgo 13 - Top Secret Episode (USA)	09ab3b1c	262160	Golgo 13 - Top Secret Episode (USA)
Gomoku Narabe Renju (Japan)	8d5fc532	24592	Gomoku Narabe Renju (Japan)
Gomoku Narabe Renju (Japan) (Animal Crossing)	4c1cf67c	40976	Gomoku Narabe Renju (Japan)
Goonies (Japan) (En)	7b12e8e6	49168	Goonies (Japan) (En)
Goonies 2 - Fratelli Saigo no Chousen (Japan)	363e49d8	131088	Goonies II, The (USA)
Goonies II, The (Europe)	6cdaab46	131088	Goonies II, The (USA)
Goonies II, The (USA)	3d5b7b5e	131088	Goonies II, The (USA)
Goonies II, The - Fratelli Saigo no Chousen (Japan) (Sample)	2171f307	131088	Goonies II, The (USA)
Gorby no Pipeline Daisakusen (Japan) (En)	79d54d2b	65552	Gorby no Pipeline Daisakusen (Japan) (En)
Gorilla Man, The (Japan)	218eaa50	524304	Gorilla Man, The (Japan)
Gotcha! - The Sport! (USA)	381f6eef	65552	Gotcha! - The Sport! (USA)
Gozonji - Yaji Kita Chin Douchuu (Japan)	220a451f	393232	Gozonji - Yaji Kita Chin Douchuu (Japan)
Gradius (Europe)	1c16bd94	65552	Gradius (USA)
Gradius (Japan)	b913dc9e	65552	Gradius (USA)
Gradius (Japan) (En) (ArchiMENdes Hen)	bfc572bc	65552	Gradius (USA)
Gradius (Japan) (En) (FamicomBox)	6fb4964b	65552	Gradius (USA)
Gradius (USA)	54f1af1f	65552	Gradius (USA)
Gradius II (Japan) (En)	ac05fff5	262160	Gradius II (Japan) (En)
Gradius II (Japan) (En) (Virtual Console)	89a4bb77	262160	Gradius II (Japan) (En)
Grand Master (Japan)	efcaaa8d	393232	Grand Master (Japan)
Great Battle Cyber (Japan)	da5ca4f1	393232	Great Battle Cyber (Japan)
Great Boxing - Rush Up (Japan) (En)	ace73831	262160	World Champ (USA)
Great Deal (Japan) (En)	eb68f997	131088	Great Deal (Japan) (En)
Great Tank (Japan)	2c02bf5a	262160	Iron Tank - The Invasion of Normandy (USA)
Great Tank (Japan) (SNK 40th Anniversary Collection)	e02e05c4	262160	Iron Tank - The Invasion of Normandy (USA)
Great Waldo Search, The (USA)	d166b45a	262160	Great Waldo Search, The (USA)
Greg Norman's Golf Power (USA)	f57afae8	131088	Greg Norman's Golf Power (USA)
Gremlin 2 - Shinshu Tanjou (Japan)	ea0ff772	393232	Gremlins 2 - The New Batch (USA)
Gremlins 2 - The New Batch (Europe)	f07268f1	393232	Gremlins 2 - The New Batch (USA)
Gremlins 2 - The New Batch (Europe) (Beta)	508fe540	393232	Gremlins 2 - The New Batch (USA)
Gremlins 2 - The New Batch (USA)	2a85e450	393232	Gremlins 2 - The New Batch (USA)
Gremlins 2 - The New Batch (USA) (Beta 1)	f8b0c14b	393232	Gremlins 2 - The New Batch (USA)
Gremlins 2 - The New Batch (USA) (Beta 2)	579fb7a9	393232	Gremlins 2 - The New Batch (USA)
Guardian Legend, The (Europe)	1add73a2	131088	Guardian Legend, The (USA)
Guardian Legend, The (USA)	5e8d1883	131088	Guardian Legend, The (USA)
Guardic Gaiden (Japan)	7e16802d	131088	Guardian Legend, The (USA)
Guardic Gaiden (Japan) (Beta)	b949b441	131088	Guardian Legend, The (USA)
Guerrilla War (Europe)	5a59e86c	262160	Guerrilla War (USA)
Guerrilla War (USA)	91751300	262160	Guerrilla War (USA)
Guevara (Japan)	9f5d2aa4	262160	Guerrilla War (USA)
Gumshoe (USA, Europe)	4652c74d	163856	Gumshoe (USA, Europe)
Gun Nac (Japan)	62b1ab0c	262160	Gun Nac (USA)
Gun Nac (USA)	6a242911	262160	Gun Nac (USA)
Gun Sight (Japan)	a16b9bd0	262160	Laser Invasion (USA)
Gun-Dec (Japan)	da220828	262160	Vice - Project Doom (USA)
Gun.Smoke (Europe)	a32f885c	131088	Gun.Smoke (USA)
Gun.Smoke (USA)	fc48fc3c	131088	Gun.Smoke (USA)
Gun.Smoke (USA) (Beta)	48fe2794	131088	Gun.Smoke (USA)
Gunhed - Aratanaru Tatakai (Japan)	d494b001	262160	Gunhed - Aratanaru Tatakai (Japan)
Gyrodine (Japan) (En)	538ba7bf	40976	Gyrodine (Japan) (En)
Gyromite (World)	8be9f7d4	40976	Gyromite (World)
Gyruss (USA)	7cbde0cd	65552	Gyruss (USA)
Haja no Fuuin (Japan)	62af1437	262160	Haja no Fuuin (Japan)
Hammerin' Harry (Europe)	189c043a	262160	Hammerin' Harry (Europe)
Hammerin' Harry (Europe) (Retro-Bit)	26ab9191	262160	Hammerin' Harry (Europe)
Hammerin' Harry 2 - Dan the Red Strikes Back (USA) (Retro-Bit)	6f47afc7	1048592	Hammerin' Harry 2 - Dan the Red Strikes Back (USA) (Retro-Bit)
Hana no Star Kaidou (Japan) (En)	cea57ed1	131088	Hana no Star Kaidou (Japan) (En)
Hanjuku Hero (Japan)	c3f4a245	131088	Hanjuku Hero (Japan)
Hanjuku Hero (Japan) (Virtual Console)	c03a556d	131088	Hanjuku Hero (Japan)
Happily Ever After starring Snow White (USA) (Proto)	f299ab4e	262160	Happily Ever After starring Snow White (USA) (Proto)
Happy Birthday Bugs (Japan)	a0897c7f	262160	Bugs Bunny Birthday Blowout, The (USA)
Harlem Globetrotters (USA)	82283b1f	262160	Harlem Globetrotters (USA)
Hatris (Japan) (En)	15b91b87	131088	Hatris (USA)
Hatris (USA)	25b34d0d	131088	Hatris (USA)
Hatris (USA) (Beta)	c8456525	131088	Hatris (USA)
Hayauchi Super Igo (Japan)	43ffec52	65552	Hayauchi Super Igo (Japan)
Hayauchi Super Igo (Japan) (Rev 1)	cd7072de	65552	Hayauchi Super Igo (Japan)
Heavy Barrel (Japan) (En)	9076c308	262160	Heavy Barrel (USA)
Heavy Barrel (USA)	8f53520e	262160	Heavy Barrel (USA)
Heavy Shreddin' (USA)	178cdd18	262160	Heavy Shreddin' (USA)
Heavy Shreddin' (USA) (Beta)	f1eb6ce9	262160	Heavy Shreddin' (USA)
Hebereke (Japan)	bb3993dc	262160	Ufouria - The Saga (Europe)
Hebereke (Japan) (Virtual Console)	fe0bd5a1	262160	Ufouria - The Saga (Europe)
Hector '87 (Japan) (En)	dc8c7e1a	131088	Starship Hector (USA)
Heisei Tensai Bakabon (Japan)	3d5f6e7b	262160	Heisei Tensai Bakabon (Japan)
Hello Kitty World (Japan)	c31bcf11	131088	Hello Kitty World (Japan)
Hello Kitty no Ohanabatake (Japan)	474730cd	65552	Hello Kitty no Ohanabatake (Japan)
Heracles no Eikou - Toujin Makyou Den (Japan)	15985f55	131088	Heracles no Eikou - Toujin Makyou Den (Japan)
Heracles no Eikou II - Titan no Metsubou (Japan)	f5eef4ee	262160	Heracles no Eikou II - Titan no Metsubou (Japan)
HeroQuest (Europe) (De) (Proto)	cdaf498d	131088	HeroQuest (USA) (Proto)
HeroQuest (Europe) (En) (Proto)	ed4fbd51	131088	HeroQuest (USA) (Proto)
HeroQuest (USA) (Proto)	f78f9fd4	131088	HeroQuest (USA) (Proto)
Hi no Tori - Houou Hen - Gaou no Bouken (Japan)	8e0b2fd4	131088	Hi no Tori - Houou Hen - Gaou no Bouken (Japan)
Higemaru - Makai-jima - Nanatsu no Shima Daibouken (Japan)	534734b1	131088	Higemaru - Makai-jima - Nanatsu no Shima Daibouken (Japan)
Higemaru - Makai-jima - Nanatsu no Shima Daibouken (Japan) (Retro-Bit Generations)	22187395	131088	Higemaru - Makai-jima - Nanatsu no Shima Daibouken (Japan)
High Speed (Europe)	6416c92b	196624	High Speed (USA)
High Speed (USA)	55c12e4a	196624	High Speed (USA)
High Speed (USA) (Beta)	71a40d01	196624	High Speed (USA)
Highway Star (Japan) (En) (Famicom 3D System)	711ec878	131088	Rad Racer (USA)
Hikari no Senshi Foton - The Ultimate Game on Planet Earth (Japan)	058d3638	131088	Hikari no Senshi Foton - The Ultimate Game on Planet Earth (Japan)
Hirake! Ponkikki (Japan)	285ba659	65552	Hirake! Ponkikki (Japan)
Hiryuu no Ken - Ougi no Sho (Japan)	af408aa1	131088	Flying Dragon - The Secret Scroll (USA)
Hiryuu no Ken II - Dragon no Tsubasa (Japan)	88fff9e1	262160	Hiryuu no Ken II - Dragon no Tsubasa (Japan)
Hiryuu no Ken II - Dragon no Tsubasa (Japan) (Virtual Console)	3f317a6b	262160	Hiryuu no Ken II - Dragon no Tsubasa (Japan)
Hiryuu no Ken III - 5 Nin no Dragon (Japan)	34db6f6b	262160	Hiryuu no Ken III - 5 Nin no Dragon (Japan)
Hiryuu no Ken Special - Fighting Wars (Japan)	fb0eba00	262160	Hiryuu no Ken Special - Fighting Wars (Japan)
Hiryuu no Ken Special - Fighting Wars (Japan) (Beta)	e8ae8aae	262160	Hiryuu no Ken Special - Fighting Wars (Japan)
Hissatsu Doujou Yaburi (Japan)	19c2dca9	262160	Hissatsu Doujou Yaburi (Japan)
Hissatsu Shigoto Nin (Japan)	b6d41148	393232	Hissatsu Shigoto Nin (Japan)
Hit the Ice (USA) (Proto 1)	a7004223	262160	Hit the Ice (USA) (Proto 2)
Hit the Ice (USA) (Proto 2)	60b6cba0	262160	Hit the Ice (USA) (Proto 2)
Hitler no Fukkatsu - Top Secret (Japan)	36ca1229	262160	Bionic Commando (USA)
Hitler no Fukkatsu - Top Secret (Japan) (Beta)	219c8c90	262160	Bionic Commando (USA)
Hogan's Alley (World)	328556ac	24592	Hogan's Alley (World)
Hokkaidou Rensa Satsujin - Okhotsk ni Kiyu (Japan)	1605b614	262160	Hokkaidou Rensa Satsujin - Okhotsk ni Kiyu (Japan)
Hokuto no Ken (Japan)	015f9442	65552	Hokuto no Ken (Japan)
Hokuto no Ken (Japan) (Beta)	42cbd81f	65552	Hokuto no Ken (Japan)
Hokuto no Ken 2 (Japan)	7539d3d2	131088	Fist of the North Star (USA)
Hokuto no Ken 3 - Shin Seiki Souzou Seiken Retsuden (Japan)	3884797f	262160	Hokuto no Ken 3 - Shin Seiki Souzou Seiken Retsuden (Japan)
Hokuto no Ken 4 - Shichisei Haken Den - Hokuto Shinken no Kanata e (Japan)	2cde09be	262160	Hokuto no Ken 4 - Shichisei Haken Den - Hokuto Shinken no Kanata e (Japan)
Hollywood Squares (USA)	9ca7e970	131088	Hollywood Squares (USA)
Holy Diver (Japan) (En)	973b308e	262160	Holy Diver (Japan) (En)
Home Alone (USA)	dea2ce61	262160	Home Alone (USA)
Home Alone (USA) (Rev 1)	e7e1233e	262160	Home Alone (USA)
Home Alone 2 - Lost in New York (Europe)	1791eaca	262160	Home Alone 2 - Lost in New York (USA)
Home Alone 2 - Lost in New York (USA)	95bea38c	262160	Home Alone 2 - Lost in New York (USA)
Honoo no Toukyuuji - Dodge Danpei (Japan)	ae9c6997	393232	Honoo no Toukyuuji - Dodge Danpei (Japan)
Honoo no Toukyuuji - Dodge Danpei 2 (Japan)	fcaf43cb	524304	Honoo no Toukyuuji - Dodge Danpei 2 (Japan)
Honshougi - Naitou 9 Dan Shougi Hiden (Japan)	381faa48	24592	Honshougi - Naitou 9 Dan Shougi Hiden (Japan)
Hook (Europe)	87ff6653	262160	Hook (USA)
Hook (Japan)	d12e0898	262160	Hook (USA)
Hook (USA)	24bac688	262160	Hook (USA)
Hook (USA) (Beta 1)	61034242	262160	Hook (USA)
Hook (USA) (Beta 2)	fa41ee42	262160	Hook (USA)
Hoops (Europe)	05ca8089	262160	Hoops (USA)
Hoops (USA)	08f89bb0	262160	Hoops (USA)
Hoops (USA) (Beta)	4df55a16	262160	Hoops (USA)
Hoppin' Mad (USA) (Proto)	41c91ed4	40976	Hoppin' Mad (USA) (Proto)
Hoshi no Kirby - Yume no Izumi no Monogatari (Japan)	7cfe2e92	786448	Kirby's Adventure (USA)
Hoshi o Miru Hito (Japan)	9904d6aa	131088	Hoshi o Miru Hito (Japan)
Hostages - The Embassy Mission (Japan)	795c5eb9	262160	Rescue - The Embassy Mission (USA)
Hototogisu (Japan)	d1255366	262160	Hototogisu (Japan)
Hottarman no Chitei Tanken (Japan)	5389d13f	65552	Hottarman no Chitei Tanken (Japan)
Hottarman no Chitei Tanken (Japan) (Beta)	d893af60	65552	Hottarman no Chitei Tanken (Japan)
Hudson Hawk (Europe)	9449bb51	262160	Hudson Hawk (USA)
Hudson Hawk (Japan)	d3586028	262160	Hudson Hawk (USA)
Hudson Hawk (USA)	a6d6deeb	262160	Hudson Hawk (USA)
Hunt for Red October, The (Europe)	e3678976	262160	Hunt for Red October, The (USA)
Hunt for Red October, The (USA)	b8417bf7	262160	Hunt for Red October, The (USA)
Hunt for Red October, The (USA) (Rev 1)	f5ce9100	262160	Hunt for Red October, The (USA)
Hyakkiyagyou (Japan)	e0301051	262160	Hyakkiyagyou (Japan)
Hyaku no Sekai no Monogatari - The Tales on a Watery Wilderness (Japan)	15c79a66	262160	Hyaku no Sekai no Monogatari - The Tales on a Watery Wilderness (Japan)
Hydlide (USA)	147a6021	40976	Hydlide (USA)
Hydlide 3 - Yami kara no Houmonsha (Japan)	1ae26529	393232	Hydlide 3 - Yami kara no Houmonsha (Japan)
Hydlide Special (Japan) (En)	ff1f748b	40976	Hydlide (USA)
Hyokkori Hyoutan-jima - Nazo no Kaizokusen (Japan)	f78aae0d	262160	Hyokkori Hyoutan-jima - Nazo no Kaizokusen (Japan)
Hyper Olympic (Japan) (En)	1f7bf9ab	24592	Track & Field (USA)
Hyper Olympic (Japan) (En) (Genteiban!)	62935ff3	49168	Track & Field (USA)
Hyper Sports (Japan) (En)	162a433a	24592	Hyper Sports (Japan) (En)
Hyper Sports (Japan) (En) (Rev 1)	ed977233	24592	Hyper Sports (Japan) (En)
I Love Softball (Japan)	56dad328	262160	I Love Softball (Japan)
Ice Climber (Japan) (En)	cc9ef940	24592	Ice Climber (USA, Europe, Asia) (En)
Ice Climber (USA) (e-Reader)	cecd1978	24592	Ice Climber (USA, Europe, Asia) (En)
Ice Climber (USA, Europe, Asia) (En)	913f07b0	24592	Ice Climber (USA, Europe, Asia) (En)
Ice Hockey (Europe)	4ecaa2d3	40976	Ice Hockey (USA)
Ice Hockey (Europe) (Virtual Console)	c77b9102	40976	Ice Hockey (USA)
Ice Hockey (USA)	d40e1e37	40976	Ice Hockey (USA)
Ide Yousuke Meijin no Jissen Mahjong (Japan)	164058b1	131088	Ide Yousuke Meijin no Jissen Mahjong (Japan)
Ide Yousuke Meijin no Jissen Mahjong (Japan) (Rev 1)	07e8793c	131088	Ide Yousuke Meijin no Jissen Mahjong (Japan)
Ide Yousuke Meijin no Jissen Mahjong II (Japan)	2848ead2	262160	Ide Yousuke Meijin no Jissen Mahjong II (Japan)
Idol Hakkenden (Japan)	713d2ebf	262160	Idol Hakkenden (Japan)
Igo - Kyuu Roban Taikyoku (Japan)	3fe679c4	49168	Igo - Kyuu Roban Taikyoku (Japan)
Igo Meikan (Japan)	26994cdc	40976	Igo Meikan (Japan)
Igo Shinan '91 (Japan)	ca565118	163856	Igo Shinan '91 (Japan)
Igo Shinan '92 (Japan)	53747c70	163856	Igo Shinan '92 (Japan)
Igo Shinan '93 (Japan)	b560919d	163856	Igo Shinan '93 (Japan)
Igo Shinan '94 (Japan)	8e822a54	163856	Igo Shinan '94 (Japan)
Igo Shinan (Japan)	f33fd140	40976	Igo Shinan (Japan)
Ikari (Japan) (En)	ff771000	131088	Ikari Warriors (USA)
Ikari II - Dogosoken (Japan)	5d93c0de	262160	Ikari Warriors II - Victory Road (USA)
Ikari III (Japan) (En)	0b4bca07	262160	Ikari III - The Rescue (USA)
Ikari III - The Rescue (USA)	aae7dda6	262160	Ikari III - The Rescue (USA)
Ikari Warriors (Europe)	4731a2e3	131088	Ikari Warriors (USA)
Ikari Warriors (USA)	316e4be3	131088	Ikari Warriors (USA)
Ikari Warriors (USA) (Rev 1)	79178faa	131088	Ikari Warriors (USA)
Ikari Warriors II - Victory Road (USA)	c069323d	262160	Ikari Warriors II - Victory Road (USA)
Ike Ike! Nekketsu Hockey-bu - Subette Koronde Dairantou (Japan)	942f2511	262160	Ike Ike! Nekketsu Hockey-bu - Subette Koronde Dairantou (Japan)
Ikinari Musician (Japan) (En)	1ee59acb	49168	Ikinari Musician (Japan) (En)
Ikinari Musician (Japan) (En) (Beta)	d820591f	65552	Ikinari Musician (Japan) (En)
Ikki (Japan) (En)	ac588be3	24592	Ikki (Japan) (En)
ImageFight (Japan) (En)	1089c62e	262160	ImageFight (USA)
ImageFight (USA)	1173363f	262160	ImageFight (USA)
Immortal, The (USA)	acd54e76	393232	Immortal, The (World) (QUByte Classics)
Immortal, The (USA) (Sample)	d0123ef7	393232	Immortal, The (World) (QUByte Classics)
Immortal, The (World) (QUByte Classics)	215744cd	393232	Immortal, The (World) (QUByte Classics)
Incredible Crash Dummies, The (Europe)	13705387	393232	Incredible Crash Dummies, The (USA)
Incredible Crash Dummies, The (USA)	73424121	393232	Incredible Crash Dummies, The (USA)
Incredible Crash Dummies, The (USA) (Beta)	90a1626a	393232	Incredible Crash Dummies, The (USA)
Indiana Jones and the Last Crusade (USA)	04e5176b	262160	Indiana Jones and the Last Crusade (USA)
Indiana Jones and the Last Crusade - The Action Game (Europe)	992969ee	131088	Indiana Jones and the Last Crusade - The Action Game (USA)
Indiana Jones and the Last Crusade - The Action Game (USA)	7a987918	131088	Indiana Jones and the Last Crusade - The Action Game (USA)
Indiana Jones and the Temple of Doom (USA)	dfc56b2f	196624	Indiana Jones and the Temple of Doom (USA)
Indiana Jones and the Temple of Doom (USA) (Beta 1)	276550b5	196624	Indiana Jones and the Temple of Doom (USA)
Indiana Jones and the Temple of Doom (USA) (Beta 2)	71f1173b	196624	Indiana Jones and the Temple of Doom (USA)
Indiana Jones and the Temple of Doom (USA) (Beta 3)	9cc24e79	196624	Indiana Jones and the Temple of Doom (USA)
Indiana Jones and the Temple of Doom (USA) (Beta 4)	21c92860	196624	Indiana Jones and the Temple of Doom (USA)
Indiana Jones and the Temple of Doom (USA) (Beta 5)	c0934b19	196624	Indiana Jones and the Temple of Doom (USA)
Indiana Jones and the Temple of Doom (USA) (Beta 6)	da38b139	196624	Indiana Jones and the Temple of Doom (USA)
Indiana Jones and the Temple of Doom (USA) (Rev 1)	cbce6ba3	196624	Indiana Jones and the Temple of Doom (USA)
Indiana Jones and the Temple of Doom (USA) (V1.1) (Beta)	52c6e3d4	196624	Indiana Jones and the Temple of Doom (USA)
Indora no Hikari (Japan)	19c10b98	131088	Indora no Hikari (Japan)
Indora no Hikari (Japan) (Beta)	66e975ba	131088	Indora no Hikari (Japan)
Infiltrator (USA)	64dd7401	262160	Infiltrator (USA)
Insector X (Japan)	ec816b85	262160	Insector X (Japan)
International Cricket (Australia)	9e1abc76	262160	International Cricket (Australia)
International Cricket (Australia) (Beta)	a1bf6b6e	262160	International Cricket (Australia)
Iron Tank - The Invasion of Normandy (Europe)	e71ae1ce	262160	Iron Tank - The Invasion of Normandy (USA)
Iron Tank - The Invasion of Normandy (USA)	4dd76f54	262160	Iron Tank - The Invasion of Normandy (USA)
Iron Tank - The Invasion of Normandy (USA) (Beta)	3564512f	262160	Iron Tank - The Invasion of Normandy (USA)
IronSword - Wizards & Warriors II (Europe)	560e6086	262160	IronSword - Wizards & Warriors II (USA)
IronSword - Wizards & Warriors II (USA)	d884c257	262160	IronSword - Wizards & Warriors II (USA)
Isaki Shuugorou no Keiba Hisshou Gaku (Japan)	574cd192	262160	Isaki Shuugorou no Keiba Hisshou Gaku (Japan)
Ishin no Arashi (Japan)	a05a82d3	393232	Ishin no Arashi (Japan)
Isolated Warrior (Europe)	34ee7cda	262160	Isolated Warrior (USA)
Isolated Warrior (USA)	d2fd4220	262160	Isolated Warrior (USA)
Itadaki Street - Watashi no Omise ni Yottette (Japan)	4995d674	262160	Itadaki Street - Watashi no Omise ni Yottette (Japan)
Ivan 'Ironman' Stewart's Super Off Road (Europe)	ca5d7b08	131088	Ivan 'Ironman' Stewart's Super Off Road (USA)
Ivan 'Ironman' Stewart's Super Off Road (USA)	c4ca2a2b	131088	Ivan 'Ironman' Stewart's Super Off Road (USA)
J.League Fighting Soccer - The King of Ace Strikers (Japan)	14014097	262160	J.League Fighting Soccer - The King of Ace Strikers (Japan)
J.League Super Top Players (Japan) (Datach)	fc9863ba	262160	J.League Super Top Players (Japan) (Datach)
J.League Winning Goal (Japan)	46455ace	262160	J.League Winning Goal (Japan)
JJ (Japan) (En) (Famicom 3D System)	338c11d5	131088	JJ (Japan) (En) (Famicom 3D System)
Jack Nicklaus' Greatest 18 Holes of Major Championship Golf (Europe)	6722e175	131088	Jack Nicklaus' Greatest 18 Holes of Major Championship Golf (USA)
Jack Nicklaus' Greatest 18 Holes of Major Championship Golf (USA)	67dde3bc	131088	Jack Nicklaus' Greatest 18 Holes of Major Championship Golf (USA)
Jackal (USA)	b9950f4d	131088	Jackal (World) (Konami Collector's Series)
Jackal (World) (Konami Collector's Series)	d540b8e2	131088	Jackal (World) (Konami Collector's Series)
Jackie Chan (Japan) (En)	e291e9d6	262160	Jackie Chan's Action Kung Fu (USA)
Jackie Chan's Action Kung Fu (Europe)	05b20498	262160	Jackie Chan's Action Kung Fu (USA)
Jackie Chan's Action Kung Fu (USA)	fe1df5be	262160	Jackie Chan's Action Kung Fu (USA)
Jajamaru Gekimaden - Maboroshi no Kinmajou (Japan)	214b9bc6	262160	Jajamaru Gekimaden - Maboroshi no Kinmajou (Japan)
Jajamaru Ninpou Chou (Japan)	6b7e2ec6	262160	Jajamaru Ninpou Chou (Japan)
Jajamaru Ninpou Chou (Japan) (Beta)	9562e6ad	262160	Jajamaru Ninpou Chou (Japan)
Jajamaru no Daibouken (Japan)	a5270820	65552	Ninja JaJaMaru's Big Adventure (USA) (Retro-Bit Generations)
James Bond Jr (Europe)	dff26423	262160	James Bond Jr (USA)
James Bond Jr (USA)	4d306863	262160	James Bond Jr (USA)
Jangou (Japan)	46eb6d3c	262160	Jangou (Japan)
Jarinko Chie - Bakudan Musume no Shiawase Sagashi (Japan)	15b76725	393232	Jarinko Chie - Bakudan Musume no Shiawase Sagashi (Japan)
Jaws (USA)	d0190958	65552	Jaws - Retro Edition (World)
Jaws - Retro Edition (World)	6bfa9a28	65552	Jaws - Retro Edition (World)
Jekyll Hakase no Houma ga Toki (Japan) (En)	32749c58	131088	Dr. Jekyll and Mr. Hyde (USA)
Jeopardy! (USA)	24d49775	131088	Jeopardy! (USA)
Jeopardy! (USA) (Rev 1)	bb63b0ee	131088	Jeopardy! (USA)
Jeopardy! 25th Anniversary Edition (USA)	9ad817f0	131088	Jeopardy! 25th Anniversary Edition (USA)
Jeopardy! Junior Edition (USA)	fb8dcdb6	131088	Jeopardy! Junior Edition (USA)
Jesus - Kyoufu no Bio Monster (Japan)	82ea77a5	262160	Jesus - Kyoufu no Bio Monster (Japan)
Jetsons, The - Cogswell's Caper (Europe)	be8373b7	393232	Jetsons, The - Cogswell's Caper (USA)
Jetsons, The - Cogswell's Caper (Japan)	a4d1b654	393232	Jetsons, The - Cogswell's Caper (USA)
Jetsons, The - Cogswell's Caper (USA)	0faa9741	393232	Jetsons, The - Cogswell's Caper (USA)
Jetsons, The - Cogswell's Caper (USA) (Beta)	a3732832	393232	Jetsons, The - Cogswell's Caper (USA)
Jigoku Gokuraku Maru (Japan)	bfe76ee2	262160	Kabuki - Quantum Fighter (USA)
Jikuu Yuuden - Debias (Japan)	0794aae5	196624	Jikuu Yuuden - Debias (Japan)
Jimmy Connors Tennis (Europe)	5c4c9100	131088	Jimmy Connors Tennis (USA)
Jimmy Connors Tennis (USA)	a427516e	131088	Jimmy Connors Tennis (USA)
Joe & Mac (USA)	9d6aea16	262160	Joe & Mac (USA)
Joe & Mac - Caveman Ninja (Europe)	7b43e3fe	262160	Joe & Mac (USA)
John Elway's Quarterback (USA)	aece07f2	65552	John Elway's Quarterback (USA)
John Smith - Special Agent (USA) (Beta) (1992-08-27)	9eb4233e	262160	James Bond Jr (USA)
Jongbou (Japan)	f152bdae	131088	Jongbou (Japan)
Jordan vs Bird - One on One (USA)	94f34f99	131088	Jordan vs Bird - One on One (USA)
Jordan vs Bird - One on One (USA) (Beta)	7e326744	131088	Jordan vs Bird - One on One (USA)
Journey to Silius (Europe)	9310ff02	262160	Journey to Silius (USA)
Journey to Silius (USA)	1e5d2648	262160	Journey to Silius (USA)
Journey to Silius (World) (Evercade)	960a883d	262160	Journey to Silius (USA)
Joust (Japan) (En)	55ba0b76	24592	Joust (USA)
Joust (USA)	161b88b0	32784	Joust (USA)
Joy Mech Fight (Japan)	889942fe	524304	Joy Mech Fight (Japan)
Joy Mech Fight (Japan) (Virtual Console)	b7785a32	524304	Joy Mech Fight (Japan)
JuJu Densetsu (Japan)	e8f3df28	393232	Toki (USA)
Jumbo Ozaki no Hole in One Professional (Japan)	0083b2e4	163856	Jumbo Ozaki no Hole in One Professional (Japan)
Jumpin' Kid - Jack to Mame no Ki Monogatari (Japan) (En)	02cfc3a0	262160	Jumpin' Kid - Jack to Mame no Ki Monogatari (Japan) (En)
Jungle Book, The (Europe)	02f0bb8b	262160	Jungle Book, The (World) (Disney Classic Games)
Jungle Book, The (USA)	daae79c0	262160	Jungle Book, The (World) (Disney Classic Games)
Jungle Book, The (World) (Disney Classic Games)	026d9e3d	262160	Jungle Book, The (World) (Disney Classic Games)
Jurassic Park (Europe) (En,Fr,De,Es)	bc088578	262160	Jurassic Park (World) (Limited Run Games)
Jurassic Park (USA)	2f834ea6	262160	Jurassic Park (World) (Limited Run Games)
Jurassic Park (World) (Limited Run Games)	635528b2	262160	Jurassic Park (World) (Limited Run Games)
Just Breed (Japan)	131b9946	786448	Just Breed (Japan)
Juuouki (Japan) (En)	dccb28bc	262160	Juuouki (Japan) (En)
Juuryoku Soukou Metal Storm (Japan)	d9e42188	393232	Metal Storm (World) (Retro-Bit)
Juvei Quest (Japan)	6252ff23	524304	Juvei Quest (Japan)
Juvei Quest (Japan) (Rev 1)	dc1c7889	524304	Juvei Quest (Japan)
Kabuki - Quantum Fighter (Europe)	c3982b86	262160	Kabuki - Quantum Fighter (USA)
Kabuki - Quantum Fighter (USA)	cfcd4ea8	262160	Kabuki - Quantum Fighter (USA)
Kabushiki Doujou (Japan)	3eea69fc	262160	Kabushiki Doujou (Japan)
Kaettekita! Gunjin Shougi - Nanya Sore! (Japan)	b0d4dedc	131088	Kaettekita! Gunjin Shougi - Nanya Sore! (Japan)
Kage no Densetsu (Japan)	40ceb1d2	49168	Legend of Kage, The (USA)
Kage no Densetsu (Japan) (Virtual Console)	3c477bce	49168	Legend of Kage, The (USA)
Kagerou Densetsu (Japan)	b216457c	262160	Kagerou Densetsu (Japan)
Kaguya Hime Densetsu (Japan)	69565d0e	262160	Kaguya Hime Densetsu (Japan)
Kaijuu Monogatari (Japan)	b45de21b	262160	Kaijuu Monogatari (Japan)
Kaijuu Monogatari (Japan) (Namcot Collection)	799278cb	262160	Kaijuu Monogatari (Japan)
Kaiketsu Yanchamaru (Japan)	bd52bdd9	262160	Kid Niki - Radical Ninja (USA)
Kaiketsu Yanchamaru 2 - Karakuri Land (Japan)	d4b67499	262160	Kaiketsu Yanchamaru 2 - Karakuri Land (Japan)
Kaiketsu Yanchamaru 2 - Karakuri Land (Japan) (Retro-Bit Generations)	5bfbb34b	262160	Kaiketsu Yanchamaru 2 - Karakuri Land (Japan)
Kaiketsu Yanchamaru 3 - Taiketsu! Zouringen (Japan)	6947b6e4	262160	Kaiketsu Yanchamaru 3 - Taiketsu! Zouringen (Japan)
Kakefu-kun no Jump Tengoku - Speed Jigoku (Japan)	27eaa88c	131088	Kid Kool and the Quest for the Seven Wonder Herbs (USA)
Kame no Ongaeshi - Urashima Densetsu (Japan)	b404d22d	262160	Xexyz (USA)
Kamen Rider Club (Japan)	68711cc5	262160	Kamen Rider Club (Japan)
Kamen Rider SD - Granshocker no Yabou (Japan)	511727c1	262160	Kamen Rider SD - Granshocker no Yabou (Japan)
Kamen no Ninja - Akakage (Japan)	8c0fdf3d	131088	Kamen no Ninja - Akakage (Japan)
Kamen no Ninja - Hanamaru (Japan)	1a2ac035	262160	Yo! Noid (USA)
Kanshakudama Nage Kantarou no Toukaidou Gojuusan Tsugi (Japan)	fc6dceb8	49168	Firework Thrower Kantaro's 53 Stations of the Toukaido (World)
Karakuri Kengou Den Musashi Lord - Karakuribito Hashiru (Japan)	e6947419	262160	Karakuri Kengou Den Musashi Lord - Karakuribito Hashiru (Japan)
Karaoke Studio (Japan)	15c43766	131088	Karaoke Studio (Japan)
Karaoke Studio Senyou Cassette - Top Hit 20 Vol. 1 (Japan)	98a660d6	262160	Karaoke Studio Senyou Cassette - Top Hit 20 Vol. 1 (Japan)
Karaoke Studio Senyou Cassette - Top Hit 20 Vol. 2 (Japan)	833b7077	262160	Karaoke Studio Senyou Cassette - Top Hit 20 Vol. 2 (Japan)
Karate Champ (USA)	5b6906d4	65552	Karate Champ (USA)
Karate Champ (USA) (Rev 1)	03e34eb1	65552	Karate Champ (USA)
Karate Champ (World) (Evercade)	65349d29	65552	Karate Champ (USA)
Karate Kid, The (USA)	f9c564e4	65552	Karate Kid, The (USA)
Karateka (Japan) (En)	a5e038d1	24592	Karateka (Japan) (En)
Karateka (Japan) (En) (Beta)	c7aadabd	24592	Karateka (Japan) (En)
Karnov (Japan)	6a1f1561	196624	Karnov (USA)
Karnov (Japan) (Rev 1)	6b037bfd	196624	Karnov (USA)
Karnov (USA)	18eb6072	196624	Karnov (USA)
Kawa no Nushi Tsuri (Japan)	4f5c3d34	262160	Kawa no Nushi Tsuri (Japan)
Keiba Simulation - Honmei (Japan)	281e3056	262160	Keiba Simulation - Honmei (Japan)
Kekkyoku Nankyoku Daibouken (Japan)	d1f8bde2	24592	Kekkyoku Nankyoku Daibouken (Japan)
Kekkyoku Nankyoku Daibouken (Japan) (Rev 1)	cb57fb29	24592	Kekkyoku Nankyoku Daibouken (Japan)
Kero Kero Keroppi no Daibouken (Japan)	8aba7d17	65552	Kero Kero Keroppi no Daibouken (Japan)
Kero Kero Keroppi no Daibouken 2 - Donuts Ike wa Oosawagi!! (Japan)	bd6c180b	262160	Kero Kero Keroppi no Daibouken 2 - Donuts Ike wa Oosawagi!! (Japan)
Keroppi to Keroriinu no Splash Bomb! (Japan)	68330d74	163856	Keroppi to Keroriinu no Splash Bomb! (Japan)
Ki no Bouken - The Quest of Ki (Japan)	c4101d70	196624	Ki no Bouken - The Quest of Ki (Japan)
Ki no Bouken - The Quest of Ki (Japan) (Namcot Collection)	408bd5d5	196624	Ki no Bouken - The Quest of Ki (Japan)
Kick Off (Europe) (En,Fr,De,It,Nl)	352c8b3c	131088	Kick Off (Europe) (En,Fr,De,It,Nl)
Kick Off (Europe) (En,Fr,De,It,Nl) (Beta)	92c20afe	131088	Kick Off (Europe) (En,Fr,De,It,Nl)
KickMaster (USA)	eabd6104	262160	KickMaster (USA)
Kickle Cubicle (Europe)	9ac7de03	262160	Kickle Cubicle (USA)
Kickle Cubicle (USA)	76a93ed8	262160	Kickle Cubicle (USA)
Kid Dracula (World) (Castlevania Anniversary Collection)	aba5001b	8192	Akumajou Special - Boku Dracula-kun (Japan)
Kid Icarus (USA, Europe)	f95e4e9a	131088	Kid Icarus (USA, Europe)
Kid Icarus (USA, Europe) (Rev 1)	f6d1eca3	131088	Kid Icarus (USA, Europe)
Kid Icarus (USA, Europe) (Rev 1) (Virtual Console)	45e0fdc5	131088	Kid Icarus (USA, Europe)
Kid Klown in Night Mayor World (USA)	9a1bd1a3	262160	Kid Klown in Night Mayor World (USA)
Kid Klown in Night Mayor World (USA) (Beta)	d1ac5054	262160	Kid Klown in Night Mayor World (USA)
Kid Kool and the Quest for the Seven Wonder Herbs (USA)	0ea5b56d	131088	Kid Kool and the Quest for the Seven Wonder Herbs (USA)
Kid Niki - Radical Ninja (USA)	0ebd94ca	262160	Kid Niki - Radical Ninja (USA)
Kid Niki - Radical Ninja (USA) (Rev 1)	266e134f	262160	Kid Niki - Radical Ninja (USA)
Kidou Senshi Z Gundam - Hot Scramble (Japan)	b9d09477	163856	Kidou Senshi Z Gundam - Hot Scramble (Japan)
Kidou Senshi Z Gundam - Hot Scramble (Japan) (Final Version)	da9dc462	40976	Kidou Senshi Z Gundam - Hot Scramble (Japan)
King Kong 2 - Ikari no Megaton Punch (Japan)	c9e2606d	262160	King Kong 2 - Ikari no Megaton Punch (Japan)
King of Kings (Japan)	55c5e859	262160	King of Kings (Japan)
King of Kings (Japan) (Namcot Collection)	56ba1dfe	262160	King of Kings (Japan)
King's Knight (Japan)	5bdb2c21	65552	King's Knight (USA)
King's Knight (Japan) (Virtual Console)	59587b02	65552	King's Knight (USA)
King's Knight (USA)	f67c8985	65552	King's Knight (USA)
King's Knight (USA) (Virtual Console)	7caac377	65552	King's Knight (USA)
King's Quest V (USA)	43739c96	524304	King's Quest V (USA)
Kings of the Beach - Professional Beach Volleyball (USA)	5c4d864e	65552	Kings of the Beach - Professional Beach Volleyball (USA)
Kinnikuman - Muscle Tag Match (Japan)	8ecc2798	24592	M.U.S.C.L.E. - Tag Team Match (USA)
Kinnikuman - Muscle Tag Match (Japan) (Rev 1)	8e3b7f18	24592	M.U.S.C.L.E. - Tag Team Match (USA)
Kirby's Adventure (Canada) (Fr)	af51745b	786448	Kirby's Adventure (USA)
Kirby's Adventure (Europe)	e0b3a241	786448	Kirby's Adventure (USA)
Kirby's Adventure (France)	7e5450cf	786448	Kirby's Adventure (USA)
Kirby's Adventure (Germany)	dec65970	786448	Kirby's Adventure (USA)
Kirby's Adventure (USA)	4f20b058	786448	Kirby's Adventure (USA)
Kirby's Adventure (USA) (Rev 1)	c68f0885	786448	Kirby's Adventure (USA)
Kiteretsu Daihyakka (Japan)	27de5df1	262160	Kiteretsu Daihyakka (Japan)
Kiwi Kraze - A Bird-Brained Adventure! (USA)	ed85cefa	262160	Kiwi Kraze - A Bird-Brained Adventure! (USA)
Kiwi Kraze - A Bird-Brained Adventure! (USA) (Beta)	c583e730	262160	Kiwi Kraze - A Bird-Brained Adventure! (USA)
KlashBall (USA)	a0ef6e1a	131088	KlashBall (USA)
KlashBall (USA) (Beta)	76922a1a	131088	KlashBall (USA)
Klax (Japan)	43cd2c2f	196624	Klax (Japan)
Knight Rider (Europe)	8df3afae	196624	Knight Rider (USA)
Knight Rider (Japan)	d6c7c7dd	196624	Knight Rider (USA)
Knight Rider (Japan) (FamicomBox)	e6d9c9ca	262160	Knight Rider (USA)
Knight Rider (USA)	5bfcf9ed	196624	Knight Rider (USA)
Konami Hyper Soccer (Europe)	c300e52c	131088	Konami Hyper Soccer (Europe)
Konami Wai Wai World (Japan)	3095f6d1	262160	Konami Wai Wai World (Japan)
Konamic Sports in Seoul (Japan)	3bfdefe1	262160	Track & Field II (USA)
Kouryuu Densetsu Villgust Gaiden (Japan)	b9a9eb9a	393232	Kouryuu Densetsu Villgust Gaiden (Japan)
Koushien (Japan)	bfe563bc	262160	Koushien (Japan)
Krion Conquest, The (USA)	b89ecca1	262160	Krion Conquest, The (USA)
Krusty's Fun House (Europe)	827c1b95	393232	Krusty's Fun House (USA)
Krusty's Fun House (USA)	85f6abe6	393232	Krusty's Fun House (USA)
Kujaku Ou (Japan)	fee6ab33	262160	Kujaku Ou (Japan)
Kujaku Ou II (Japan)	98f2c8ab	262160	Kujaku Ou II (Japan)
Kung Fu (Europe, Hong Kong) (En)	9a128030	40976	Kung Fu (Japan, USA) (En)
Kung Fu (Japan, USA) (En)	afac9617	40976	Kung Fu (Japan, USA) (En)
Kung-Fu Heroes (USA)	5dbce7d4	65552	Kung-Fu Heroes (USA)
Kunio-kun no Nekketsu Soccer League (Japan)	907d7bcb	262160	Kunio-kun no Nekketsu Soccer League (Japan)
Kurogane Hiroshi no Yosou Daisuki! - Kachiuma Densetsu (Japan)	f40f292c	262160	Kurogane Hiroshi no Yosou Daisuki! - Kachiuma Densetsu (Japan)
Kyonshiizu 2 (Japan)	508bdaca	262160	Kyonshiizu 2 (Japan)
Kyonshiizu 2 (Japan) (Sample)	34541024	262160	Kyonshiizu 2 (Japan)
Kyoro-chan Land (Japan)	f6e7f035	131088	Castelian (USA)
Kyoto Hana no Misshitsu Satsujin Jiken (Japan)	a56e3484	262160	Kyoto Hana no Misshitsu Satsujin Jiken (Japan)
Kyoto Ryuu no Tera Satsujin Jiken (Japan)	5f17dbba	262160	Kyoto Ryuu no Tera Satsujin Jiken (Japan)
Kyouryuu Sentai Zyuranger (Japan)	ead2c628	262160	Kyouryuu Sentai Zyuranger (Japan)
Kyuukyoku Harikiri Koushien (Japan)	9ffdf6f5	393232	Kyuukyoku Harikiri Koushien (Japan)
Kyuukyoku Harikiri Stadium (Japan)	40b41bf4	262160	Kyuukyoku Harikiri Stadium - '88 Senshu Shin Data Version (Japan)
Kyuukyoku Harikiri Stadium (Japan) (Beta)	ae644e81	262160	Kyuukyoku Harikiri Stadium - '88 Senshu Shin Data Version (Japan)
Kyuukyoku Harikiri Stadium - '88 Senshu Shin Data Version (Japan)	5ef272fa	262160	Kyuukyoku Harikiri Stadium - '88 Senshu Shin Data Version (Japan)
Kyuukyoku Harikiri Stadium - Heisei Gannen Ban (Japan)	5dc03528	393232	Kyuukyoku Harikiri Stadium - Heisei Gannen Ban (Japan)
Kyuukyoku Harikiri Stadium III (Japan)	b93f9125	393232	Kyuukyoku Harikiri Stadium III (Japan)
Kyuukyoku Tiger (Japan)	b2a73793	262160	Twin Cobra (USA)
Kyuukyoku Tiger (Japan) (Toaplan Arcade Garage)	12754b0c	262160	Twin Cobra (USA)
Labyrinth (Japan)	52dd9201	131088	Labyrinth (Japan)
Lagrange Point (Japan)	a1e48d00	524304	Lagrange Point (Japan)
Lasalle Ishii no Child's Quest (Japan)	fc3e4ee8	196624	Lasalle Ishii no Child's Quest (Japan)
Laser Invasion (USA)	1bd8a867	262160	Laser Invasion (USA)
Last Action Hero (USA)	5c63683e	262160	Last Action Hero (USA)
Last Armageddon (Japan)	97ac4bd0	524304	Last Armageddon (Japan)
Last Ninja, The (USA)	58ea74a5	262160	Last Ninja, The (USA)
Last Starfighter, The (USA)	086bd9a0	65552	Last Starfighter, The (USA)
Law of the West (Japan)	0adc8344	131088	Law of the West (Japan)
Layla (Japan)	4effc03b	131088	Layla (Japan)
Lee Trevino's Fighting Golf (Europe)	ae474ac3	262160	Lee Trevino's Fighting Golf (USA)
Lee Trevino's Fighting Golf (USA)	74786e72	262160	Lee Trevino's Fighting Golf (USA)
Legacy of the Wizard (USA)	8e87b159	196624	Legacy of the Wizard (USA)
Legacy of the Wizard (USA, Europe) (Namco Museum Archives Vol 2)	9b2793cb	196624	Legacy of the Wizard (USA)
Legend of Kage, The (USA)	cc829885	49168	Legend of Kage, The (USA)
Legend of Kage, The (USA) (Virtual Console)	e5339528	49168	Legend of Kage, The (USA)
Legend of Prince Valiant, The (Europe)	c5097758	262160	Little Lancelot (USA) (Piko Interactive)
Legend of Robin Hood, The (USA) (Proto 1)	32f4ba4d	262160	Legend of Robin Hood, The (USA) (Proto 2)
Legend of Robin Hood, The (USA) (Proto 2)	7511ff6f	262160	Legend of Robin Hood, The (USA) (Proto 2)
Legend of Zelda, The (Europe)	a372d798	131088	Legend of Zelda, The (USA)
Legend of Zelda, The (Europe) (Rev 1)	9a46c3e3	131088	Legend of Zelda, The (USA)
Legend of Zelda, The (Europe) (Rev 1) (Virtual Console)	24797daf	131088	Legend of Zelda, The (USA)
Legend of Zelda, The (USA)	316cff69	131088	Legend of Zelda, The (USA)
Legend of Zelda, The (USA) (Beta) (1987-02-23)	e41cfe1d	131088	Legend of Zelda, The (USA)
Legend of Zelda, The (USA) (Rev 1)	e47960e0	131088	Legend of Zelda, The (USA)
Legend of Zelda, The (USA) (Rev 1) (Animal Crossing)	486e5eef	131088	Legend of Zelda, The (USA)
Legend of Zelda, The (USA) (Rev 1) (Virtual Console)	eb824cf8	131088	Legend of Zelda, The (USA)
Legend of Zelda, The (USA) (Zelda Collection)	3ada8e8a	131088	Legend of Zelda, The (USA)
Legendary Wings (USA)	06d74045	131088	Legendary Wings (USA)
Legendary Wings (USA) (Beta)	d24de3dc	131088	Legendary Wings (USA)
Legends of the Diamond - The Baseball Championship Game (USA)	2192dd1e	393232	Legends of the Diamond - The Baseball Championship Game (USA)
Lemmings (Europe)	a32161e2	262160	Lemmings (USA)
Lemmings (USA)	5a06e27c	262160	Lemmings (USA)
Lethal Weapon (Europe)	d8342b83	262160	Lethal Weapon (USA)
Lethal Weapon (USA)	8cee7bf3	262160	Lethal Weapon (USA)
Life Force (USA)	6072894a	131088	Life Force (USA)
Life Force (USA) (Rev 1) (Virtual Console)	e4afdb8f	131088	Life Force (USA)
Life Force - Salamander (Europe)	944ffd3a	131088	Life Force (USA)
Life Force - Salamander (Europe) (Virtual Console)	35928b71	131088	Life Force (USA)
Lion King, The (Europe)	a51e7199	262160	Lion King, The (Europe)
Little Lancelot (USA) (Piko Interactive)	f4cb56cc	262160	Little Lancelot (USA) (Piko Interactive)
Little League Baseball - Championship Series (USA)	7905ae67	262160	Little League Baseball - Championship Series (USA)
Little Magic (Japan)	b2e3cbba	262160	Little Magic (Japan)
Little Mermaid - Ningyo Hime (Japan)	c00ef6d3	131088	Little Mermaid, The (USA)
Little Mermaid - Ningyo Hime (Japan) (Beta)	4f7bea8e	131088	Little Mermaid, The (USA)
Little Mermaid, The (USA)	9f2c4807	131088	Little Mermaid, The (USA)
Little Nemo - The Dream Master (Europe)	9fa83f48	262160	Little Nemo - The Dream Master (USA)
Little Nemo - The Dream Master (USA)	e0f2826c	262160	Little Nemo - The Dream Master (USA)
Little Nemo - The Dream Master (USA) (Beta)	87a23703	262160	Little Nemo - The Dream Master (USA)
Little Ninja Brothers (Europe)	44e4daa2	262160	Little Ninja Brothers (USA)
Little Ninja Brothers (USA)	07c60f83	262160	Little Ninja Brothers (USA)
Little Samson (Europe)	817d0250	393232	Little Samson (USA)
Little Samson (USA)	90ca728b	393232	Little Samson (USA)
Lode Runner (Japan)	21ca866d	24592	Lode Runner (USA)
Lode Runner (Japan) (Virtual Console)	217465b7	40976	Lode Runner (USA)
Lode Runner (USA)	84a33320	24592	Lode Runner (USA)
Lode Runner (USA, Europe) (Virtual Console)	1308b10d	40976	Lode Runner (USA)
Lone Ranger, The (USA)	0d956834	393232	Lone Ranger, The (USA)
Lone Ranger, The (USA) (Beta) (1991-01-30) [b]	8d49bdc9	196624	Lone Ranger, The (USA)
Loopz (USA)	5943609d	131088	Loopz (USA)
Lord of King, The (Japan)	3e0c98bb	262160	Astyanax (USA)
Lost Word of Jenny - Ushinawareta Message (Japan)	9818b7e6	131088	Lost Word of Jenny - Ushinawareta Message (Japan)
Lot Lot (Japan)	1662089b	40976	Lot Lot (Japan)
Low G Man - The Low Gravity Man (Europe)	d0326e1e	262160	Low G Man - The Low Gravity Man (USA)
Low G Man - The Low Gravity Man (USA)	2820f609	262160	Low G Man - The Low Gravity Man (USA)
Low G Man - The Low Gravity Man (USA) (Sample)	ad3c1745	262160	Low G Man - The Low Gravity Man (USA)
Lunar Ball (Japan)	0112de11	24592	Lunar Pool (USA)
Lunar Pool (Europe)	1ff8447b	40976	Lunar Pool (USA)
Lunar Pool (USA)	b6cc24f4	24592	Lunar Pool (USA)
Lupin Sansei - Pandora no Isan (Japan)	b86381ce	196624	Lupin Sansei - Pandora no Isan (Japan)
M.C. Kids (USA)	a417e646	262160	M.C. Kids (USA)
M.C. Kids (USA) (Beta 1)	ba81e2e2	262160	M.C. Kids (USA)
M.C. Kids (USA) (Beta 2)	d5c2b927	262160	M.C. Kids (USA)
M.U.L.E. (USA)	40372757	131088	M.U.L.E. (USA)
M.U.S.C.L.E. - Tag Team Match (USA)	a1b4780f	24592	M.U.S.C.L.E. - Tag Team Match (USA)
Mach Rider (Europe)	c0fe4b51	40976	Mach Rider (Japan, USA) (En)
Mach Rider (Europe) (Virtual Console)	782d2184	40976	Mach Rider (Japan, USA) (En)
Mach Rider (Japan, USA) (En)	da255148	40976	Mach Rider (Japan, USA) (En)
Mach Rider (Japan, USA) (En) (Rev 1)	bb33219f	40976	Mach Rider (Japan, USA) (En)
Mach Rider (Japan, USA) (En) (Rev 1) (Virtual Console)	516336de	40976	Mach Rider (Japan, USA) (En)
Mach Rider (Japan, USA) (En) (Virtual Console)	30754609	40976	Mach Rider (Japan, USA) (En)
Mad City (Japan)	4acbc779	262160	Adventures of Bayou Billy, The (USA)
Mad City (Japan) (Beta)	79f0c894	262160	Adventures of Bayou Billy, The (USA)
Mad City (Japan) (Virtual Console)	8e0bc000	262160	Adventures of Bayou Billy, The (USA)
Mad Max (USA)	b9d7a3ff	262160	Mad Max (USA)
Madoola no Tsubasa (Japan)	e07e0fa7	65552	Wing of Madoola, The (World) (Red Art Games)
Madoola no Tsubasa (Japan) (Sample)	b8d0f5b0	65552	Wing of Madoola, The (World) (Red Art Games)
Mafat Conspiracy, The (USA)	31bddeec	262160	Mafat Conspiracy, The (USA)
Magic Candle, The (Japan)	a286f0f0	393232	Magic Candle, The (Japan)
Magic Darts (Japan)	1cb8f82a	262160	Magic Darts (USA)
Magic Darts (USA)	a2212c81	262160	Magic Darts (USA)
Magic Darts (USA) (Beta)	e5f0dff1	262160	Magic Darts (USA)
Magic John (Japan)	3693622e	262160	Totally Rad (USA)
Magic Johnson's Fast Break (USA)	fc57dc84	196624	Magic Johnson's Fast Break (USA)
Magic Johnson's Fast Break (USA) (Beta)	65194d6e	196624	Magic Johnson's Fast Break (USA)
Magic of Scheherazade, The (USA)	6e80baf5	262160	Magic of Scheherazade, The (USA)
Magical Kid's Doropie (Japan)	c57f1561	262160	Krion Conquest, The (USA)
Magical Kid's Doropie (Japan) (Beta)	e291b69b	262160	Krion Conquest, The (USA)
Magical Taruruuto-kun - Fantastic World!! (Japan)	567b112a	262160	Magical Taruruuto-kun - Fantastic World!! (Japan)
Magical Taruruuto-kun - Fantastic World!! (Japan) (Rev 1)	86364d8d	262160	Magical Taruruuto-kun - Fantastic World!! (Japan)
Magical Taruruuto-kun 2 - Mahou Daibouken (Japan)	ed7db656	262160	Magical Taruruuto-kun 2 - Mahou Daibouken (Japan)
Magician (USA)	eaecd65c	262160	Magician (USA)
Magician (USA) (Beta 1) (1990-03-02)	c5ad8e04	262160	Magician (USA)
Magician (USA) (Beta 2)	ccd8a452	262160	Magician (USA)
Magician (USA) (Beta 3)	5611d04f	262160	Magician (USA)
Magician (USA) (Beta 4)	5fb29463	262160	Magician (USA)
Magmax (Japan)	3df1b06f	40976	Magmax (USA)
Magmax (USA)	e2fd7d05	40976	Magmax (USA)
Magnum Kikiippatsu - Empire City - 1931 (Japan)	2ab4b114	131088	Magnum Kikiippatsu - Empire City - 1931 (Japan)
Maharaja (Japan)	e8950973	262160	Maharaja (Japan)
Mahjong (Japan)	96143c3a	24592	Mahjong (Japan)
Mahjong (Japan) (Rev 1)	87c340be	24592	Mahjong (Japan)
Mahjong (Japan) (Rev 2)	0d9e7b5f	24592	Mahjong (Japan)
Mahjong (Japan) (Rev 2) (Animal Crossing)	0273d5b4	40976	Mahjong (Japan)
Mahjong Club Nagatachou - Sousaisen (Japan)	9cffc7d1	524304	Mahjong Club Nagatachou - Sousaisen (Japan)
Mahjong RPG Dora Dora Dora (Japan)	f502472c	262160	Mahjong RPG Dora Dora Dora (Japan)
Mahjong Taikai (Japan)	f99a7771	131088	Mahjong Taikai (Japan)
Mahjong Taisen (Japan)	b280d363	393232	Mahjong Taisen (Japan)
Mahou no Princess Minky Momo - Remember Dream (Japan)	d1b65a3e	262160	Mahou no Princess Minky Momo - Remember Dream (Japan)
Maison Ikkoku (Japan)	096b9505	262160	Maison Ikkoku (Japan)
Majaventure - Mahjong Senki (Japan)	79a80ae0	262160	Majaventure - Mahjong Senki (Japan)
Major League (Japan)	f1998a7a	262160	Major League (Japan)
Major League Baseball (USA)	c1c66e6a	65552	Major League Baseball (USA)
Major League Baseball (USA) (Rev 1)	f71aed8f	65552	Major League Baseball (USA)
Majou Densetsu II - Daimashikyou Galious (Japan)	e1f8f2f4	131088	Majou Densetsu II - Daimashikyou Galious (Japan)
Makai Island (USA) (Proto)	f17a09c3	131088	Higemaru - Makai-jima - Nanatsu no Shima Daibouken (Japan)
Makaimura (Japan) (En)	1bf83927	131088	Ghosts'n Goblins (USA)
Maniac Mansion (Europe)	7eea40b5	262160	Maniac Mansion (USA)
Maniac Mansion (France)	7fc1b776	262160	Maniac Mansion (USA)
Maniac Mansion (Germany)	eb9c2428	262160	Maniac Mansion (USA)
Maniac Mansion (Italy)	5724280a	262160	Maniac Mansion (USA)
Maniac Mansion (Japan)	6571f742	262160	Maniac Mansion (Japan)
Maniac Mansion (Spain)	7ec41342	262160	Maniac Mansion (USA)
Maniac Mansion (Sweden)	b45d66ed	262160	Maniac Mansion (USA)
Maniac Mansion (USA)	4207c1f9	262160	Maniac Mansion (USA)
Maniac Mansion (USA) (Beta)	9194b381	262160	Maniac Mansion (USA)
Maniac Mansion (USA) (Limited Run Games)	471764b8	524304	Maniac Mansion (USA)
Mappy (Japan) (En)	7354615c	24592	Mappy (Japan) (En)
Mappy (World) (Evercade)	33c0bb55	24592	Mappy (Japan) (En)
Mappy (World) (Namcot Collection, Namco Museum Archives Vol 1)	264fda3f	24592	Mappy (Japan) (En)
Mappy Kids (Japan)	96375910	262160	Mappy Kids (Japan)
Mappy Kids (World) (Evercade)	a3c31b89	262160	Mappy Kids (Japan)
Mappy-Land (Japan)	a3f15c06	163856	Mappy-Land (USA)
Mappy-Land (USA)	ead20c24	163856	Mappy-Land (USA)
Mappy-Land (USA, Europe) (Namco Museum Archives Vol 2)	a7e850aa	163856	Mappy-Land (USA)
Mappy-Land (USA, Europe) (Virtual Console)	5e0f681b	163856	Mappy-Land (USA)
Marble Madness (Europe)	8039bdd9	131088	Marble Madness (USA)
Marble Madness (USA)	9882dd5e	131088	Marble Madness (USA)
Marble Madness (USA) (Beta)	072923d3	131088	Marble Madness (USA)
Mario & Yoshi (Europe)	2d50ba0a	163856	Yoshi (USA)
Mario Bros. (Europe) (PAL-MA-0)	ba8659c0	24592	Mario Bros. (World)
Mario Bros. (Europe) (PAL-MC-0, Classic Series)	643702d9	40976	Mario Bros. (World)
Mario Bros. (USA) (e-Reader)	066073a4	24592	Mario Bros. (World)
Mario Bros. (World)	0305e5d6	24592	Mario Bros. (World)
Mario Bros. (World) (Animal Crossing)	79639dc5	40976	Mario Bros. (World)
Mario Open Golf (Japan)	f5733829	262160	NES Open Tournament Golf (USA)
Mario Open Golf (Japan) (Rev 1)	94cedc00	262160	NES Open Tournament Golf (USA)
Mario Open Golf (Japan) (Rev 1) (Virtual Console)	a2ec0478	262160	NES Open Tournament Golf (USA)
Mario is Missing! (Europe)	e927d537	262160	Mario is Missing! (USA)
Mario is Missing! (USA)	9bec7520	262160	Mario is Missing! (USA)
Mario's Time Machine (USA)	ee629c10	262160	Mario's Time Machine (USA)
Marusa no Onna (Japan)	1eb1d200	262160	Marusa no Onna (Japan)
Mashin Eiyuuden Wataru Gaiden (Japan)	9f54c4e0	262160	Mashin Eiyuuden Wataru Gaiden (Japan)
Mashou (Japan)	d288e8c0	131088	Deadly Towers (USA)
Masuzoe Youichi - Asa Made Famicom (Japan)	fab02235	524304	Masuzoe Youichi - Asa Made Famicom (Japan)
Matendouji (Japan)	49e0a14e	262160	Conquest of the Crystal Palace (USA)
Matsumoto Tooru no Kabushiki Hisshou Gaku (Japan)	e432f550	262160	Matsumoto Tooru no Kabushiki Hisshou Gaku (Japan)
Matsumoto Tooru no Kabushiki Hisshou Gaku - Part II (Japan)	5d907d7c	262160	Matsumoto Tooru no Kabushiki Hisshou Gaku - Part II (Japan)
Max Warrior - Wakusei Kaigenrei (Japan)	45f73611	262160	Isolated Warrior (USA)
McDonaldland (Europe)	2c3da810	262160	M.C. Kids (USA)
McDonaldland (France)	56428d74	262160	M.C. Kids (USA)
Mechanized Attack (USA)	ed45df6b	196624	Mechanized Attack (USA)
Mega Man (Europe)	700a69c7	131088	Mega Man (USA)
Mega Man (USA)	ca2ab7e2	131088	Mega Man (USA)
Mega Man (USA) (Capcom Town)	e8d752cd	131088	Mega Man (USA)
Mega Man (USA) (Virtual Console)	0a3bb8ba	131088	Mega Man (USA)
Mega Man (World) (Evercade)	f7292f2b	131088	Mega Man (USA)
Mega Man (World) (Mega Man Legacy Collection)	b889deea	131088	Mega Man (USA)
Mega Man 2 (Europe)	eda2ec37	262160	Mega Man 2 (USA)
Mega Man 2 (Europe) (Virtual Console)	4a918262	262160	Mega Man 2 (USA)
Mega Man 2 (USA)	80e08660	262160	Mega Man 2 (USA)
Mega Man 2 (USA) (Capcom Town)	0c60935f	262160	Mega Man 2 (USA)
Mega Man 2 (USA) (Virtual Console)	6d073fbc	262160	Mega Man 2 (USA)
Mega Man 2 (USA) (iam8bit)	ee8ea65f	262160	Mega Man 2 (USA)
Mega Man 2 (World) (Mega Man Legacy Collection)	4072a491	262160	Mega Man 2 (USA)
Mega Man 3 (Europe)	595d8e22	393232	Mega Man 3 (USA)
Mega Man 3 (Europe) (Rev 1)	da343b1b	393232	Mega Man 3 (USA)
Mega Man 3 (Europe) (Rev 1) (Virtual Console)	50af1dd1	393232	Mega Man 3 (USA)
Mega Man 3 (USA)	45134a3e	393232	Mega Man 3 (USA)
Mega Man 3 (USA) (Beta)	3761fca9	393232	Mega Man 3 (USA)
Mega Man 3 (USA) (Virtual Console)	3399855e	393232	Mega Man 3 (USA)
Mega Man 3 (World) (Mega Man Legacy Collection)	7cbfc9bc	393232	Mega Man 3 (USA)
Mega Man 4 (Europe)	8466bcc7	524304	Mega Man 4 (USA)
Mega Man 4 (Europe) (Virtual Console)	f9563d60	524304	Mega Man 4 (USA)
Mega Man 4 (USA)	49df22c4	524304	Mega Man 4 (USA)
Mega Man 4 (USA) (Beta)	e449a75f	524304	Mega Man 4 (USA)
Mega Man 4 (USA) (Rev 1)	7abbbf23	524304	Mega Man 4 (USA)
Mega Man 4 (USA) (Virtual Console)	078b3e84	524304	Mega Man 4 (USA)
Mega Man 4 (World) (Mega Man Legacy Collection)	6db3d71f	524304	Mega Man 4 (USA)
Mega Man 5 (Europe)	da7d40e5	524304	Mega Man 5 (USA)
Mega Man 5 (Europe) (Virtual Console)	436b2181	524304	Mega Man 5 (USA)
Mega Man 5 (USA)	bd918f62	524304	Mega Man 5 (USA)
Mega Man 5 (USA) (Virtual Console)	83110de3	524304	Mega Man 5 (USA)
Mega Man 5 (World) (Mega Man Legacy Collection)	ebf521a2	524304	Mega Man 5 (USA)
Mega Man 6 (USA)	fa9ec0c4	524304	Mega Man 6 (USA)
Mega Man 6 (World) (Mega Man Legacy Collection)	bede169e	524304	Mega Man 6 (USA)
Meiji Ishin (Japan)	29459ec9	262160	Meiji Ishin (Japan)
Meikyuu Kumikyoku - Milon no Daibouken (Japan)	5ffc8f32	65552	Milon's Secret Castle (USA)
Meikyuu Kumikyoku - Milon no Daibouken (Japan) (Sample)	432be51f	65552	Milon's Secret Castle (USA)
Meikyuu Kumikyoku - Milon no Daibouken (Japan) (Virtual Console)	c1433a59	65552	Milon's Secret Castle (USA)
Meikyuu no Tatsujin - Daimeiro (Japan)	bdc79a8f	262160	Meikyuu no Tatsujin - Daimeiro (Japan)
Meikyuu-jima (Japan)	02922566	262160	Kickle Cubicle (USA)
Meimon! Daisan Yakyuubu (Japan)	eb1e3f76	262160	Meimon! Daisan Yakyuubu (Japan)
Meimon! Takonishi Ouendan - Kouha 6 Nin Shuu (Japan)	8aca1d93	262160	Meimon! Takonishi Ouendan - Kouha 6 Nin Shuu (Japan)
Meitantei Holmes - Kiri no London Satsujin Jiken (Japan)	9551d1c0	262160	Meitantei Holmes - Kiri no London Satsujin Jiken (Japan)
Meitantei Holmes - M kara no Chousenjou (Japan)	855ce1bf	262160	Meitantei Holmes - M kara no Chousenjou (Japan)
Mendel Palace (USA)	a9be68c7	262160	Mendel Palace (USA)
Mendel Palace (USA, Europe) (Namco Museum Archives Vol 2)	53c97083	262160	Mendel Palace (USA)
Metal Flame - Psy Buster (Japan)	430adaac	262160	MetalMech - Man & Machine (USA)
Metal Gear (Europe)	6089a299	131088	Metal Gear (USA)
Metal Gear (Japan)	24918d54	131088	Metal Gear (USA)
Metal Gear (Japan) (Metal Gear Solid Collection)	bbd12340	131088	Metal Gear (USA)
Metal Gear (USA)	25ba3d04	131088	Metal Gear (USA)
Metal Gear (USA) (Metal Gear Solid Collection)	572187f5	131088	Metal Gear (USA)
Metal Max (Japan)	6d1e1743	524304	Metal Max (Japan)
Metal Max (Japan) (Beta) (1991-01-31)	363b5d49	524304	Metal Max (Japan)
Metal Max (Japan) (Virtual Console)	87fd0606	524304	Metal Max (Japan)
Metal Slader Glory (Japan)	8ce3504c	1048592	Metal Slader Glory (Japan)
Metal Slader Glory (Japan) (Virtual Console)	6944bba1	1048592	Metal Slader Glory (Japan)
Metal Storm (USA)	98f030e6	393232	Metal Storm (World) (Retro-Bit)
Metal Storm (World) (Retro-Bit)	33af86d9	524304	Metal Storm (World) (Retro-Bit)
MetalMech - Man & Machine (USA)	f9ae4d81	262160	MetalMech - Man & Machine (USA)
MetalMech - Man & Machine (World) (Evercade)	3b41ec7e	262160	MetalMech - Man & Machine (USA)
Metro-Cross (Japan)	4de473d1	65552	Metro-Cross (Japan)
Metro-Cross (Japan) (Namcot Collection)	8ab44b4f	65552	Metro-Cross (Japan)
Metroid (Europe)	967a7369	131088	Metroid (USA)
Metroid (Europe) (Virtual Console)	e6c3fb2b	131088	Metroid (USA)
Metroid (USA)	d1a02cab	131088	Metroid (USA)
Metroid (USA) (Virtual Console)	7432ff84	131088	Metroid (USA)
Mezase Pachi Pro - Pachio-kun (Japan)	cba0f046	131088	Mezase Pachi Pro - Pachio-kun (Japan)
Mezase Pachi Pro - Pachio-kun (Japan) (Beta)	c2f694f2	131088	Mezase Pachi Pro - Pachio-kun (Japan)
Mezase! Top Pro - Green ni Kakeru Yume (Japan)	209f8830	393232	Mezase! Top Pro - Green ni Kakeru Yume (Japan)
Michael Andretti's World GP (USA)	2f92f02a	262160	Michael Andretti's World GP (USA)
Mick & Mack as the Global Gladiators (USA) (Proto 1)	5008001d	221200	Mick & Mack as the Global Gladiators (USA) (Proto 5)
Mick & Mack as the Global Gladiators (USA) (Proto 2)	5530c02b	221200	Mick & Mack as the Global Gladiators (USA) (Proto 5)
Mick & Mack as the Global Gladiators (USA) (Proto 3)	c2fd4e17	229392	Mick & Mack as the Global Gladiators (USA) (Proto 5)
Mick & Mack as the Global Gladiators (USA) (Proto 4)	826ea662	262160	Mick & Mack as the Global Gladiators (USA) (Proto 5)
Mick & Mack as the Global Gladiators (USA) (Proto 5)	1ad8ca82	262160	Mick & Mack as the Global Gladiators (USA) (Proto 5)
Mickey Mouse - Dream Balloon (USA) (Proto)	9d6e0641	262160	Kid Klown in Night Mayor World (USA)
Mickey Mouse - Fushigi no Kuni no Daibouken (Japan) (En)	ffbb2d8a	65552	Mickey Mousecapade (USA)
Mickey Mouse III - Yume Fuusen (Japan)	432d776c	262160	Kid Klown in Night Mayor World (USA)
Mickey Mousecapade (USA)	1d961110	65552	Mickey Mousecapade (USA)
Mickey's Adventure in Numberland (USA)	d40aabd8	262160	Mickey's Adventure in Numberland (USA)
Mickey's Adventure in Numberland (USA) (Beta)	656651e5	262160	Mickey's Adventure in Numberland (USA)
Mickey's Safari in Letterland (USA)	3050ca46	262160	Mickey's Safari in Letterland (USA)
Might & Magic - Secret of the Inner Sanctum (USA)	ab3dc7a6	524304	Might & Magic - Secret of the Inner Sanctum (USA)
Might and Magic - Book One - Secret of the Inner Sanctum (Japan)	63cb38d2	524304	Might & Magic - Secret of the Inner Sanctum (USA)
Mighty Bomb Jack (Europe)	5fcdf135	65552	Mighty Bomb Jack (USA)
Mighty Bomb Jack (Japan)	8ff1085b	40976	Mighty Bomb Jack (USA)
Mighty Bomb Jack (Japan) (Rev 1)	c7acb348	40976	Mighty Bomb Jack (USA)
Mighty Bomb Jack (Japan) (Rev 1) (Virtual Console)	74d23f84	49168	Mighty Bomb Jack (USA)
Mighty Bomb Jack (USA)	5d0aa452	65552	Mighty Bomb Jack (USA)
Mighty Final Fight (Europe)	0904d4a0	262160	Mighty Final Fight (USA)
Mighty Final Fight (Japan)	90afe9ca	262160	Mighty Final Fight (USA)
Mighty Final Fight (USA)	84c1e146	262160	Mighty Final Fight (USA)
Mighty Final Fight (USA) (Capcom Classics Mini Mix)	1ee684ed	262160	Mighty Final Fight (USA)
Mike Tyson's Intergalactic Power Punch (USA) (Proto)	7d87c550	393232	Power Punch II (USA)
Mike Tyson's Punch-Out!! (Europe)	7ef0e07c	262160	Punch-Out!! (USA)
Mike Tyson's Punch-Out!! (Europe) (Rev 1)	61e8b253	262160	Punch-Out!! (USA)
Mike Tyson's Punch-Out!! (Japan, USA) (En)	12f19390	262160	Punch-Out!! (USA)
Mike Tyson's Punch-Out!! (Japan, USA) (En) (Rev 1)	acd20bd8	262160	Punch-Out!! (USA)
Millipede (Japan) (En) (Proto)	e3b21a42	24592	Millipede (Japan) (En) (Proto)
Millipede (USA)	8015be57	24592	Millipede (USA)
Millipede - Kyodai Konchuu no Gyakushuu (Japan)	b09752c4	24592	Millipede (USA)
Milon's Secret Castle (USA)	39961e36	65552	Milon's Secret Castle (USA)
Milon's Secret Castle (USA) (Virtual Console)	2c65aa72	65552	Milon's Secret Castle (USA)
Mindseeker (Japan)	a4a96b38	262160	Mindseeker (Japan)
Minelvaton Saga - Ragon no Fukkatsu (Japan)	00f519d6	262160	Minelvaton Saga - Ragon no Fukkatsu (Japan)
Mini-Putt (Japan)	98a03ebc	262160	Mini-Putt (Japan)
Mini-Putt (USA) (Proto)	ca584b36	262160	Mini-Putt (Japan)
Minna no Taabou no Nakayoshi Daisakusen (Japan)	34ac6ef2	65552	Minna no Taabou no Nakayoshi Daisakusen (Japan)
Minna no Taabou no Nakayoshi Daisakusen (Japan) (Rev 1)	b0020d79	65552	Minna no Taabou no Nakayoshi Daisakusen (Japan)
Miracle Piano Teaching System, The (France)	76312023	327696	Miracle Piano Teaching System, The (USA)
Miracle Piano Teaching System, The (Germany)	5853e3cf	327696	Miracle Piano Teaching System, The (USA)
Miracle Piano Teaching System, The (USA)	4614cb18	327696	Miracle Piano Teaching System, The (USA)
Miracle Piano Teaching System, The (United Kingdom)	5289130b	327696	Miracle Piano Teaching System, The (USA)
Miracle Ropit's - 2100 Nen no Daibouken (Japan)	3b4d3a33	131088	Miracle Ropit's - 2100 Nen no Daibouken (Japan)
Mirai Shinwa Jarvas (Japan)	8001c56b	262160	Mirai Shinwa Jarvas (Japan)
Mission - Impossible (Europe)	6c0465ae	262160	Mission - Impossible (USA)
Mission - Impossible (France)	319a82be	262160	Mission - Impossible (USA)
Mission - Impossible (USA)	587c5907	262160	Mission - Impossible (USA)
Mississippi Satsujin Jiken (Japan)	f95c8e77	163856	Mississippi Satsujin Jiken (Japan)
Mississippi Satsujin Jiken (Japan) (Rev 1)	2fa43dc0	163856	Mississippi Satsujin Jiken (Japan)
Mito Koumon - Sekai Manyuu Ki (Japan)	cf6087f1	262160	Mito Koumon - Sekai Manyuu Ki (Japan)
Mitsume ga Tooru (Japan)	73542b44	262160	Mitsume ga Tooru (Japan)
Mizushima Shinji no Daikoushien (Japan)	86eeba50	262160	Mizushima Shinji no Daikoushien (Japan)
Moai-kun (Japan)	8d76a40e	65552	Moai-kun (Japan)
Moe Pro! '90 - Kandou Hen (Japan)	452a8ae6	393232	Bases Loaded 3 (USA)
Moe Pro! - Saikyou Hen (Japan)	e76e8ca8	393232	Bases Loaded 4 (USA)
Moero TwinBee - Cinnamon Hakase o Sukue! (Japan)	3dd9bb4a	131088	Stinger (USA)
Moero TwinBee - Cinnamon Hakase o Sukue! (Japan) (Virtual Console)	d034e776	131088	Stinger (USA)
Moero!! Junior Basket - Two on Two (Japan)	6ed22c25	262160	Hoops (USA)
Moero!! Junior Basket - Two on Two (Japan) (Beta)	41ddfa56	262160	Hoops (USA)
Moero!! Juudou Warriors (Japan)	9b328679	262160	Moero!! Juudou Warriors (Japan)
Moero!! Pro Soccer (Japan)	85a68649	393232	Goal! (USA)
Moero!! Pro Tennis (Japan)	69bb094d	262160	Racket Attack (USA)
Moero!! Pro Yakyuu '88 - Ketteiban (Japan)	4874fc5b	393232	Bases Loaded II - Second Season (USA)
Moero!! Pro Yakyuu (Japan)	972dbfa1	196624	Bases Loaded (USA)
Moero!! Pro Yakyuu (Japan) (Beta)	60ab7a95	196624	Bases Loaded (USA)
Moero!! Pro Yakyuu (Japan) (Rev 1)	3761637a	196624	Bases Loaded (USA)
Moero!! Pro Yakyuu (Japan) (Rev 2)	fab6d6cc	196624	Bases Loaded (USA)
Moero!! Pro Yakyuu (Japan) (Rev 3)	5674276d	196624	Bases Loaded (USA)
Moero!! Pro Yakyuu (Japan) (Rev 3) (Virtual Console)	7a569853	196624	Bases Loaded (USA)
Moeru! Oniisan (Japan)	05f4cc4e	262160	Circus Caper (USA)
Momotarou Densetsu (Japan)	3a782e0d	262160	Momotarou Densetsu (Japan)
Momotarou Densetsu Gaiden (Japan)	851b3400	524304	Momotarou Densetsu Gaiden (Japan)
Momotarou Dentetsu (Japan)	48f43b2e	262160	Momotarou Dentetsu (Japan)
Money Game II, The - Kabutochou no Kiseki (Japan)	fad933e9	262160	Wall Street Kid (USA)
Money Game, The (Japan)	f5014d25	163856	Money Game, The (Japan)
Monopoly (France)	3bcf33dc	262160	Monopoly (USA)
Monopoly (Germany)	01cc8b30	262160	Monopoly (USA)
Monopoly (Japan)	095ada22	262160	Monopoly (USA)
Monopoly (USA)	3b017e9b	262160	Monopoly (USA)
Monster Maker - 7 Tsu no Hihou (Japan)	b4849f79	262160	Monster Maker - 7 Tsu no Hihou (Japan)
Monster Party (USA)	fe202c44	262160	Monster Party (USA)
Monster Truck Rally (USA)	866f3ebe	65552	Monster Truck Rally (USA)
Monster in My Pocket (Europe)	ff72c9fe	262160	Monster in My Pocket (USA)
Monster in My Pocket (USA)	5efb01f5	262160	Monster in My Pocket (USA)
Monster in My Pocket (USA) (Beta) (1991-04-22)	453d1e96	262160	Monster in My Pocket (USA)
Moon Crystal (Japan)	a5aee1bf	524304	Moon Crystal (Japan)
Morita Shougi (Japan)	39c0e345	139280	Morita Shougi (Japan)
Mother (Japan)	cb084ac5	393232	Mother (Japan)
Mother (Japan) (Virtual Console)	58b727bb	393232	Mother (Japan)
Motocross Champion (Japan)	1a50c918	262160	Motocross Champion (Japan)
Motor City Patrol (USA)	f690ed3b	262160	Motor City Patrol (USA)
Motor City Patrol (World) (Evercade)	58d981a9	262160	Motor City Patrol (USA)
Mottomo Abunai Deka (Japan)	aca3b5f5	131088	Mottomo Abunai Deka (Japan)
Moulin Rouge Senki - Melville no Honoo (Japan)	cbce6c00	262160	Moulin Rouge Senki - Melville no Honoo (Japan)
Mouryou Senki Madara (Japan)	143c853f	524304	Mouryou Senki Madara (Japan)
Mr. Gimmick (Europe)	bbf010e3	393232	Mr. Gimmick (Europe)
Mr. Gimmick (USA) (Proto 1)	8411b052	393232	Mr. Gimmick (Europe)
Mr. Gimmick (USA) (Proto 2)	b1080649	393232	Mr. Gimmick (Europe)
Mr. Gimmick (World) (Evercade)	667bb893	393232	Mr. Gimmick (Europe)
Ms. Pac-Man (USA) (Namco)	ccb80740	40976	Ms. Pac-Man (USA) (Namco)
Mugen Senshi Valis (Japan)	63a4a11c	131088	Mugen Senshi Valis (Japan)
Muppet Adventure - Chaos at the Carnival (USA)	26c8b4cb	131088	Muppet Adventure - Chaos at the Carnival (USA)
Muppet Adventure - Chaos at the Carnival (USA) (Beta)	2cbd5b6a	131088	Muppet Adventure - Chaos at the Carnival (USA)
Murder Club - Honkaku Mystery Adventure (Japan)	80a39cd5	262160	Murder Club - Honkaku Mystery Adventure (Japan)
Musashi no Bouken (Japan)	4cd86d34	262160	Musashi no Bouken (Japan)
Musashi no Ken - Tadaima Shugyou Chuu (Japan)	fcc8c184	65552	Musashi no Ken - Tadaima Shugyou Chuu (Japan)
Mutant Virus, The - Crisis in a Computer World (USA)	8152879e	262160	Mutant Virus, The - Crisis in a Computer World (USA)
My Life My Love - Boku no Yume - Watashi no Negai (Japan)	de1377d8	524304	My Life My Love - Boku no Yume - Watashi no Negai (Japan)
Mystery Quest (USA)	d42ea2e3	65552	Mystery Quest (USA)
NARC (USA)	625f85a9	131088	NARC (USA)
NARC (USA) (Beta)	df3cbf3d	131088	NARC (USA)
NES Open Tournament Golf (Europe)	a674b5ed	262160	NES Open Tournament Golf (USA)
NES Open Tournament Golf (Europe) (Virtual Console)	cb6dd658	262160	NES Open Tournament Golf (USA)
NES Open Tournament Golf (USA)	b921e3b4	262160	NES Open Tournament Golf (USA)
NES Open Tournament Golf (USA) (Beta)	2b8f78a6	262160	NES Open Tournament Golf (USA)
NES Open Tournament Golf (USA) (Virtual Console)	d6cb4962	262160	NES Open Tournament Golf (USA)
NES Play Action Football (USA)	daad8e41	262160	NES Play Action Football (USA)
NES Play Action Football (USA) (Beta)	e2101c0d	262160	NES Play Action Football (USA)
NES Play Action Football (USA) (Virtual Console)	86d2ee0f	393232	NES Play Action Football (USA)
NFL (USA)	9178f257	131088	NFL (USA)
NHK Gakuen - Space School - Sansu 6 Nen (Ge) (Japan)	063e957b	786448	NHK Gakuen - Space School - Sansu 6 Nen (Ge) (Japan)
NHK Gakuen - Space School - Sansu 6 Nen (Jou) (Japan)	2024bd58	786448	NHK Gakuen - Space School - Sansu 6 Nen (Ge) (Japan)
Nagagutsu o Haita Neko - Sekai Isshuu 80 Nichi Daibouken (Japan)	895343b4	65552	Nagagutsu o Haita Neko - Sekai Isshuu 80 Nichi Daibouken (Japan)
Nagagutsu o Haita Neko - Sekai Isshuu 80 Nichi Daibouken (Japan) (Beta)	9f63c89b	65552	Nagagutsu o Haita Neko - Sekai Isshuu 80 Nichi Daibouken (Japan)
Nakajima Satoru - F-1 Hero (Japan)	cd33f950	262160	Michael Andretti's World GP (USA)
Nakajima Satoru Kanshuu - F-1 Hero 2 (Japan)	a793bac5	262160	Nakajima Satoru Kanshuu - F-1 Hero 2 (Japan)
Nakayoshi to Issho (Japan)	1559765d	393232	Nakayoshi to Issho (Japan)
Namco Classic (Japan)	9a73785b	524304	Namco Classic (Japan)
Namco Classic II (Japan)	5a908cc4	524304	Namco Classic II (Japan)
Namco Classic II (Japan) (Namcot Collection)	f95372f6	524304	Namco Classic II (Japan)
Namco Prism Zone - Dream Master (Japan)	7906bdc7	524304	Namco Prism Zone - Dream Master (Japan)
Namcot Mahjong III - Mahjong Tengoku (Japan)	fa5c10f5	262160	Namcot Mahjong III - Mahjong Tengoku (Japan)
Nangoku Shirei!! - Spy vs Spy (Japan)	b4182da1	131088	Nangoku Shirei!! - Spy vs Spy (Japan)
Nantettatte!! Baseball (Japan)	6a57481a	262160	Nantettatte!! Baseball (Japan)
Nantettatte!! Baseball (Japan) (Sample) (1989-12-22)	1f6186db	262160	Nantettatte!! Baseball (Japan)
Nantettatte!! Baseball + Nantettatte!! Baseball - Ko-Game Cassette - '91 Kaimaku Hen (Japan)	9a1e67bb	278544	Nantettatte!! Baseball + Nantettatte!! Baseball - Ko-Game Cassette - '91 Kaimaku Hen (Japan)
Nantettatte!! Baseball + Nantettatte!! Baseball - Ko-Game Cassette - OB All Star Hen (Japan)	533aa19c	278544	Nantettatte!! Baseball + Nantettatte!! Baseball - Ko-Game Cassette - OB All Star Hen (Japan)
Napoleon Senki (Japan)	3e948cf1	163856	Napoleon Senki (Japan)
Navy Blue (Japan)	c814ff30	131088	Navy Blue (Japan)
Nekketsu Kakutou Densetsu (Japan)	ecce4bb5	262160	Nekketsu Kakutou Densetsu (Japan)
Nekketsu Kouha Kunio-kun (Japan)	031d6fb6	131088	Renegade (USA)
Nekketsu Kouha Kunio-kun (Japan) (Virtual Console)	ef609a2a	131088	Renegade (USA)
Nekketsu Koukou Dodgeball-bu (Japan)	feca5c1a	262160	Super Dodge Ball (USA)
Nekketsu Koukou Dodgeball-bu (Japan) (Virtual Console)	32dfa8c4	262160	Super Dodge Ball (USA)
Nekketsu Koukou Dodgeball-bu - Soccer Hen (Japan)	df44d99c	262160	Nintendo World Cup (USA)
Nekketsu Koukou Dodgeball-bu - Soccer Hen (Japan) (Virtual Console)	7d0846fe	262160	Nintendo World Cup (USA)
Nekketsu! Street Basket - Ganbare Dunk Heroes (Japan)	532a21b8	262160	Nekketsu! Street Basket - Ganbare Dunk Heroes (Japan)
New Ghostbusters II (Europe)	c8b675d9	262160	New Ghostbusters II (Europe)
New Ghostbusters II (Japan) (En)	a5a87587	262160	New Ghostbusters II (Europe)
New Ghostbusters II (USA) (Proto)	a62233e7	262160	New Ghostbusters II (Europe)
New York Nyankies (Japan)	967ad398	262160	Rockin' Kats (USA)
NewZealand Story, The (Europe)	193c2176	262160	Kiwi Kraze - A Bird-Brained Adventure! (USA)
Nichibutsu Mahjong III - Mahjong G Men (Japan)	8124b4b4	262160	Nichibutsu Mahjong III - Mahjong G Men (Japan)
Nigel Mansell's World Championship (Europe) (En,Fr,De,Es,It)	2e003f3b	262160	Nigel Mansell's World Championship Racing (USA)
Nigel Mansell's World Championship (Europe) (En,Fr,De,Es,It) (Beta) (1992-09-29)	92b0d6fe	262160	Nigel Mansell's World Championship Racing (USA)
Nigel Mansell's World Championship Racing (USA)	bbc86cd7	262160	Nigel Mansell's World Championship Racing (USA)
Nigel Mansell's World Championship Racing (USA) (Beta)	105e2dc2	262160	Nigel Mansell's World Championship Racing (USA)
Nightmare on Elm Street, A (USA)	55e284da	131088	Nightmare on Elm Street, A (USA)
Nightshade (USA)	2541db5c	524304	Nightshade (World) (Digital)
Nightshade (World) (Digital)	4a548b97	524304	Nightshade (World) (Digital)
Nihonichi no Mei Kantoku (Japan)	95f1973f	262160	Nihonichi no Mei Kantoku (Japan)
Niji no Silk Road (Japan)	b8f3ba64	393232	Niji no Silk Road (Japan)
Ninja Cop Saizou (Japan)	62eeb523	262160	Wrath of the Black Manta (USA)
Ninja Crusaders (USA)	59da359f	131088	Ninja Crusaders (USA)
Ninja Crusaders (USA) (Beta)	69660a70	131088	Ninja Crusaders (USA)
Ninja Crusaders - Ryuuga (Japan)	d1243e2f	131088	Ninja Crusaders (USA)
Ninja Gaiden (USA)	80d3b95e	262160	Ninja Gaiden (USA)
Ninja Gaiden (USA) (Beta)	9273d096	262160	Ninja Gaiden (USA)
Ninja Gaiden II - The Dark Sword of Chaos (USA)	0c39b026	262160	Ninja Gaiden II - The Dark Sword of Chaos (USA)
Ninja Gaiden II - The Dark Sword of Chaos (USA) (Beta) (1990-01-18)	c6e6f6a1	262160	Ninja Gaiden II - The Dark Sword of Chaos (USA)
Ninja Gaiden II - The Dark Sword of Chaos (USA) (Virtual Console)	ce778cd8	262160	Ninja Gaiden II - The Dark Sword of Chaos (USA)
Ninja Gaiden III - The Ancient Ship of Doom (USA)	2b97d352	262160	Ninja Gaiden III - The Ancient Ship of Doom (USA)
Ninja Gaiden III - The Ancient Ship of Doom (USA) (Beta)	ae2bc98d	262160	Ninja Gaiden III - The Ancient Ship of Doom (USA)
Ninja Gaiden III - The Ancient Ship of Doom (USA) (Wii U Virtual Console)	0542ad92	262160	Ninja Gaiden III - The Ancient Ship of Doom (USA)
Ninja Gaiden III - The Ancient Ship of Doom (USA) (Wii Virtual Console)	6a5f0883	262160	Ninja Gaiden III - The Ancient Ship of Doom (USA)
Ninja Hattori-kun - Ninja wa Syugyou de Gozaru no Maki (Japan)	2f1ccd71	40976	Ninja Hattori-kun - Ninja wa Syugyou de Gozaru no Maki (Japan)
Ninja Hattori-kun - Ninja wa Syugyou de Gozaru no Maki (Japan) (Beta)	8078d47d	40976	Ninja Hattori-kun - Ninja wa Syugyou de Gozaru no Maki (Japan)
Ninja JaJaMaru - Operation Milky Way (USA, Europe) (Ninja JaJaMaru Retro Collection) (Switch)	65120fe2	262160	Ninja Jajamaru - Ginga Daisakusen (Japan)
Ninja JaJaMaru - The Legend of the Golden Castle (USA, Europe) (Ninja JaJaMaru Retro Collection) (Switch)	62f21367	393232	Jajamaru Gekimaden - Maboroshi no Kinmajou (Japan)
Ninja JaJaMaru - The Ninja Skill Book (USA, Europe) (Ninja JaJaMaru Retro Collection) (Switch)	d2b8ac6d	393232	Jajamaru Ninpou Chou (Japan)
Ninja JaJaMaru's Big Adventure (USA) (Retro-Bit Generations)	956d9f8d	65552	Ninja JaJaMaru's Big Adventure (USA) (Retro-Bit Generations)
Ninja JaJaMaru's Big Adventure (USA, Europe) (Ninja JaJaMaru Retro Collection) (Switch)	7e9e541b	65552	Ninja JaJaMaru's Big Adventure (USA) (Retro-Bit Generations)
Ninja JaJaMaru-kun (USA, Europe) (Ninja JaJaMaru Retro Collection) (Switch)	b9f60a8b	32784	Ninja Jajamaru-kun (Japan)
Ninja Jajamaru - Ginga Daisakusen (Japan)	e81e2b30	262160	Ninja Jajamaru - Ginga Daisakusen (Japan)
Ninja Jajamaru - Ginga Daisakusen (Japan) (Beta)	78bfd899	262160	Ninja Jajamaru - Ginga Daisakusen (Japan)
Ninja Jajamaru-kun (Japan)	734f7c07	32784	Ninja Jajamaru-kun (Japan)
Ninja Jajamaru-kun (Japan) (Retro-Bit Generations)	70b4b336	32784	Ninja Jajamaru-kun (Japan)
Ninja Jajamaru-kun (World) (Ja) (Virtual Console, Switch Online)	703b83d3	49168	Ninja Jajamaru-kun (Japan)
Ninja Kid (USA)	63301532	65552	Ninja Kid (USA)
Ninja Ryuuken Den (Japan)	2b52f209	262160	Ninja Gaiden (USA)
Ninja Ryuuken Den (Japan) (FamicomBox)	79b12e8f	262160	Ninja Gaiden (USA)
Ninja Ryuuken Den (Japan) (Wii U Virtual Console)	83261edf	262160	Ninja Gaiden (USA)
Ninja Ryuuken Den (Japan) (Wii Virtual Console)	fc7220ff	262160	Ninja Gaiden (USA)
Ninja Ryuuken Den II - Ankoku no Jashin Ken (Japan)	c0414aaa	262160	Ninja Gaiden II - The Dark Sword of Chaos (USA)
Ninja Ryuuken Den III - Yomi no Hakobune (Japan)	9497d2cd	262160	Ninja Gaiden III - The Ancient Ship of Doom (USA)
Ninja-kun - Ashura no Shou (Japan)	8553f657	131088	Ninja-kun - Ashura no Shou (Japan)
Ninja-kun - Majou no Bouken (Japan)	65e484ec	24592	Ninja-kun - Majou no Bouken (Japan)
Ninja-kun - Majou no Bouken (Japan) (Rev 1)	3bc6d3ce	24592	Ninja-kun - Majou no Bouken (Japan)
Ninjara Hoi! (Japan)	a7136b32	524304	Ninjara Hoi! (Japan)
Nintendo World Championships 1990 (USA) (Competition Cart)	b4ea61fb	262160	Nintendo World Championships 1990 (USA) (Competition Cart)
Nintendo World Cup (Europe)	a22ebbf3	262160	Nintendo World Cup (USA)
Nintendo World Cup (Europe) (Rev 1)	539e2597	262160	Nintendo World Cup (USA)
Nintendo World Cup (Europe) (Rev 2)	50800d57	262160	Nintendo World Cup (USA)
Nintendo World Cup (USA)	4940acd4	262160	Nintendo World Cup (USA)
Nintendo World Cup (USA) (Rev 1)	14e4f8fb	262160	Nintendo World Cup (USA)
Nishimura Kyoutarou Mystery - Blue Train Satsujin Jiken (Japan)	fad3a626	393232	Nishimura Kyoutarou Mystery - Blue Train Satsujin Jiken (Japan)
Nishimura Kyoutarou Mystery - Blue Train Satsujin Jiken (Japan) (Beta)	5d832d55	393232	Nishimura Kyoutarou Mystery - Blue Train Satsujin Jiken (Japan)
Nishimura Kyoutarou Mystery - Super Express Satsujin Jiken (Japan)	4ed8d7fa	262160	Nishimura Kyoutarou Mystery - Super Express Satsujin Jiken (Japan)
Noah's Ark (Europe)	51a090f0	262160	Noah's Ark (Europe)
Nobunaga no Yabou - Bushou Fuuun Roku (Japan)	2367ca8a	786448	Nobunaga no Yabou - Bushou Fuuun Roku (Japan)
Nobunaga no Yabou - Bushou Fuuun Roku (Japan) (Rev 1)	7746d00b	786448	Nobunaga no Yabou - Bushou Fuuun Roku (Japan)
Nobunaga no Yabou - Sengoku Gunyuuden (Japan)	525e2c3e	393232	Nobunaga's Ambition II (USA)
Nobunaga no Yabou - Sengoku Gunyuuden (Japan) (Rev 1)	4503aeb3	393232	Nobunaga's Ambition II (USA)
Nobunaga no Yabou - Zenkoku Ban (Japan)	dfa7b99a	262160	Nobunaga's Ambition (USA)
Nobunaga no Yabou - Zenkoku Ban (Japan) (Rev 1)	cbcc8d3f	262160	Nobunaga's Ambition (USA)
Nobunaga's Ambition (USA)	a69fb029	262160	Nobunaga's Ambition (USA)
Nobunaga's Ambition II (USA)	3053f267	393232	Nobunaga's Ambition II (USA)
North & South (Europe)	abb1cb93	262160	North and South (USA)
North & South - Wakuwaku Nanboku Sensou (Japan)	1b34fc2a	262160	North and South (USA)
North and South (USA)	ba63264d	262160	North and South (USA)
Nuts & Milk (Japan) (En)	b45c616b	24592	Nuts & Milk (Japan) (En)
Obake no Q Tarou - Wanwan Panic (Japan) (En)	49673028	40976	Chubby Cherub (USA)
Obocchama-kun (Japan)	de6a9432	262160	Obocchama-kun (Japan)
Oeka Kids - Anpanman no Hiragana Daisuki (Japan)	f94f5726	131088	Oeka Kids - Anpanman no Hiragana Daisuki (Japan)
Oeka Kids - Anpanman to Oekaki Shiyou!! (Japan)	a78b589f	131088	Oeka Kids - Anpanman to Oekaki Shiyou!! (Japan)
Oishinbo - Kyuukyoku no Menu Sanbon Shoubu (Japan)	dad6ed37	262160	Oishinbo - Kyuukyoku no Menu Sanbon Shoubu (Japan)
Okkotoshi Puzzle - Tonjan! (Japan)	d97464da	262160	Okkotoshi Puzzle - Tonjan! (Japan)
Okkotoshi Puzzle - Tonjan! (Japan) (Beta)	bdc3ad74	262160	Okkotoshi Puzzle - Tonjan! (Japan)
Olympus no Tatakai (Japan)	544b1371	131088	Battle of Olympus, The (USA)
Onyanko Town (Japan)	5d647a95	40976	Onyanko Town (Japan)
Operation Wolf (Europe)	0432e714	262160	Operation Wolf (USA)
Operation Wolf (Japan)	5783a759	262160	Operation Wolf (USA)
Operation Wolf (USA)	7836e480	262160	Operation Wolf (USA)
Orb-3D (USA)	25bd5586	196624	Orb-3D (USA)
Osomatsu-kun - Back to the Me no Deppa no Maki (Japan)	b2cb9c51	262160	Osomatsu-kun - Back to the Me no Deppa no Maki (Japan)
Otaku no Seiza - An Adventure in the Otaku Galaxy (Japan)	ae46bf76	393232	Otaku no Seiza - An Adventure in the Otaku Galaxy (Japan)
Othello (Japan) (En) (HAL Laboratory)	7801509b	40976	Othello (USA) (HAL Laboratory)
Othello (Japan) (En) (Rev 1) (Proto) (HAL Laboratory)	83342b18	40976	Othello (USA) (HAL Laboratory)
Othello (USA) (HAL Laboratory)	0a5a4b87	40976	Othello (USA) (HAL Laboratory)
Outlanders (Japan)	de6e2f9f	131088	Outlanders (Japan)
Over Horizon (Europe)	4225877a	262160	Over Horizon (Europe)
Over Horizon (Japan) (En)	dafae749	262160	Over Horizon (Europe)
Overlord (USA)	67ce8b37	262160	Overlord (USA)
Overlord (USA) (Beta)	b67acc2a	262160	Overlord (USA)
P.O.W. - Prisoners of War (Europe)	3f4de398	262160	P.O.W. - Prisoners of War (USA)
P.O.W. - Prisoners of War (USA)	89bc940e	262160	P.O.W. - Prisoners of War (USA)
Pac-Land (Japan)	f3bef4d8	40976	Pac-Land (Japan)
Pac-Land (World) (Namcot Collection, Namco Museum Archives Vol 2)	0aa67542	40976	Pac-Land (Japan)
Pac-Man (Europe)	1057af66	24592	Pac-Man (USA) (Namco)
Pac-Man (Japan) (En)	f953cb69	24592	Pac-Man (USA) (Namco)
Pac-Man (Japan) (En) (Rev 1)	9b1d596f	24592	Pac-Man (USA) (Namco)
Pac-Man (Japan) (En) (Rev 2)	ebbb19bf	24592	Pac-Man (USA) (Namco)
Pac-Man (USA) (Namco)	5988ed8e	24592	Pac-Man (USA) (Namco)
Pac-Man (USA) (Namco) (Virtual Console)	5cce7a22	24592	Pac-Man (USA) (Namco)
Pac-Man (USA) (Tengen)	6e7d8503	24592	Pac-Man (USA) (Namco)
Pac-Man (World) (Evercade)	bc3a268c	24592	Pac-Man (USA) (Namco)
Pac-Man (World) (Rev 1) (Namcot Collection, Namco Museum Archives Vol 1)	8431be99	24592	Pac-Man (USA) (Namco)
Pac-Man - Championship Edition (Japan) (En) (Namcot Collection)	bb8e5d2e	262160	Pac-Man - Championship Edition (USA, Europe) (Namco Museum Archives Vol 1)
Pac-Man - Championship Edition (USA, Europe) (Namco Museum Archives Vol 1)	39e8ae60	262160	Pac-Man - Championship Edition (USA, Europe) (Namco Museum Archives Vol 1)
Pachi-Slot Adventure 2 - Sorotta-kun no Pachi-Slot Tanteidan (Japan)	2556568e	262160	Pachi-Slot Adventure 2 - Sorotta-kun no Pachi-Slot Tanteidan (Japan)
Pachi-Slot Adventure 3 - Bitaoshii 7 Kenzan! (Japan)	bea537c8	262160	Pachi-Slot Adventure 3 - Bitaoshii 7 Kenzan! (Japan)
Pachicom (Japan)	80cec0cd	40976	Pachicom (Japan)
Pachinko Daisakusen (Japan)	ec6d7a77	262160	Pachinko Daisakusen (Japan)
Pachinko Daisakusen 2 (Japan)	6ab879fa	262160	Pachinko Daisakusen 2 (Japan)
Pachio-kun 2 (Japan)	a6348b50	262160	Pachio-kun 2 (Japan)
Pachio-kun 3 (Japan)	600f44cb	393232	Pachio-kun 3 (Japan)
Pachio-kun 3 (Japan) (Rev 1)	4424755a	393232	Pachio-kun 3 (Japan)
Pachio-kun 4 (Japan)	3d31383d	524304	Pachio-kun 4 (Japan)
Pachio-kun 5 (Japan)	6623f27a	393232	Pachio-kun 5 (Japan)
Pajama Hero - Nemo (Japan)	8050f819	262160	Little Nemo - The Dream Master (USA)
Pajama Hero - Nemo (Japan) (Beta)	c66cbf15	262160	Little Nemo - The Dream Master (USA)
Palamedes (Japan)	8a531d62	65552	Palamedes (USA)
Palamedes (USA)	27506a4c	65552	Palamedes (USA)
Palamedes II - Star Twinkle, Hoshi no Mabataki (Japan)	7d73b066	65552	Palamedes II - Star Twinkle, Hoshi no Mabataki (Japan)
Panic Restaurant (Europe)	c4a9e76e	262160	Panic Restaurant (USA)
Panic Restaurant (USA)	f8e30cfc	262160	Panic Restaurant (USA)
Paperboy (Europe)	35c654a5	65552	Paperboy (USA)
Paperboy (Japan)	dbcc748d	65552	Paperboy (USA)
Paperboy (USA)	c5c02b2a	65552	Paperboy (USA)
Paperboy 2 (Europe)	3b387a53	262160	Paperboy 2 (USA)
Paperboy 2 (USA)	95415970	262160	Paperboy 2 (USA)
Parallel World (Japan)	4b376cca	262160	Parallel World (Japan)
Parasol Henbee (Japan)	7cd0590e	262160	Parasol Henbee (Japan)
Parasol Stars - Rainbow Islands II (Europe)	89bedaee	262160	Parasol Stars - Rainbow Islands II (Europe)
Parasol Stars - The Story of Bubble Bobble III (Europe) (Beta)	1bc91278	262160	Parasol Stars - Rainbow Islands II (Europe)
Paris-Dakar Rally Special (Japan)	ef3a99af	163856	Paris-Dakar Rally Special (Japan)
Parodius (Europe)	d82c7cfc	262160	Parodius (Europe)
Parodius (Europe) (Beta)	b33a8770	262160	Parodius (Europe)
Parodius Da! (Japan)	81586940	262160	Parodius (Europe)
Parody World - Monster Party (Japan) (Proto)	dd7b44d6	262160	Monster Party (USA)
Peepar Time (Japan)	f82b6105	49168	Peepar Time (Japan)
Penguin-kun Wars (Japan)	61127c69	40976	Penguin-kun Wars (Japan)
Pennant League!! - Home Run Nighter (Japan)	0c79ae87	262160	Pennant League!! - Home Run Nighter (Japan)
Pennant League, The - Home Run Nighter '90 (Japan)	71edf261	262160	Pennant League, The - Home Run Nighter '90 (Japan)
Perfect Bowling (Japan)	b7ae3374	163856	Perfect Bowling (Japan)
Perman (Japan)	93f7c1a9	262160	Perman (Japan)
Perman Part 2 - Himitsu Kessha Madoodan o Taose! (Japan)	6846fd7f	393232	Perman Part 2 - Himitsu Kessha Madoodan o Taose! (Japan)
Pescatore (Japan) (Proto)	09707584	131088	Pescatore (Japan) (Proto)
Phantom Air Mission (Spain) (En)	fc4f79a8	131088	Flight of the Intruder (USA)
Phantom Fighter (USA)	43184f61	262160	Phantom Fighter (USA)
Pictionary - The Game of Video Quick Draw (USA)	209b3b13	262160	Pictionary - The Game of Video Quick Draw (USA)
Pin Bot (Europe)	ea70243b	196624	Pin Bot (USA)
Pin Bot (USA)	bc67581e	196624	Pin Bot (USA)
Pinball (Europe, Asia) (En)	47dbee98	24592	Pinball (Japan, USA) (En)
Pinball (Japan) (En) (Animal Crossing)	bdc4a278	40976	Pinball (Japan, USA) (En)
Pinball (Japan, USA) (En)	c49bb3a5	24592	Pinball (Japan, USA) (En)
Pinball (Japan, USA) (En) (Animal Crossing)	c6476b6e	24592	Pinball (Japan, USA) (En)
Pinball (USA) (e-Reader)	87afa293	24592	Pinball (Japan, USA) (En)
Pinball Quest (Australia)	a7667d15	262160	Pinball Quest (USA)
Pinball Quest (Japan)	b51da74c	262160	Pinball Quest (USA)
Pinball Quest (USA)	d9a113e6	262160	Pinball Quest (USA)
Pinball Quest (USA) (Beta)	fe7647c3	262160	Pinball Quest (USA)
Pipe Dream (USA)	dd1b5430	65552	Pipe Dream (USA)
Pipe Dream (USA) (Sample)	1ed173ef	65552	Pipe Dream (USA)
Pirates! (Europe)	bcddd7fb	262160	Pirates! (USA)
Pirates! (Germany)	af8e6ea8	262160	Pirates! (USA)
Pirates! (USA)	01278131	262160	Pirates! (USA)
Pizza Pop! (Japan)	a73dc352	262160	Pizza Pop! (USA, Europe) (Broke Studio)
Pizza Pop! (USA, Europe) (Broke Studio)	f41cb6c9	262160	Pizza Pop! (USA, Europe) (Broke Studio)
Plasma Ball (Japan)	e3535fa6	262160	Plasma Ball (Japan)
Platoon (USA)	4fef51d7	262160	Platoon (USA)
Platoon (USA) (Rev 1)	95ccde24	262160	Platoon (USA)
Playbox BASIC (Japan)	6bd2f1d0	40976	Family BASIC (Japan)
Playbox BASIC (Japan) (Sample)	5643868a	40976	Family BASIC (Japan)
Pocket Zaurus - Juu Ouken no Nazo (Japan)	c7a10910	262160	Pocket Zaurus - Juu Ouken no Nazo (Japan)
Pooyan (Japan) (En)	510e321a	24592	Pooyan (Japan) (En)
Popeye (Japan)	3f263beb	24592	Popeye (Japan)
Popeye (World) (Rev 1)	1a21dc14	24592	Popeye (Japan)
Popeye no Eigo Asobi (Japan)	e0b5f30d	24592	Popeye no Eigo Asobi (Japan)
Portopia Renzoku Satsujin Jiken (Japan)	0633ba05	40976	Portopia Renzoku Satsujin Jiken (Japan)
Power Blade (Europe)	af8896c4	262160	Power Blade (USA)
Power Blade (USA)	e74cd4ce	262160	Power Blade (USA)
Power Blade 2 (USA)	69ca5633	262160	Power Blade 2 (USA)
Power Blazer (Japan)	ba3d4b3c	262160	Power Blazer (Japan)
Power Punch II (USA)	b47ee552	393232	Power Punch II (USA)
Power Punch II (USA) (Beta)	a0b0dc15	393232	Power Punch II (USA)
Power Soccer (Japan)	874892f4	65552	Power Soccer (Japan)
Predator (Australia)	aff9f4da	262160	Predator (USA)
Predator (Japan)	b24a0d77	262160	Predator (USA)
Predator (USA)	5b47ae62	262160	Predator (USA)
President no Sentaku (Japan)	09d871c8	262160	President no Sentaku (Japan)
Prince of Persia (Europe)	53be9a84	131088	Prince of Persia (USA)
Prince of Persia (France)	66de838d	131088	Prince of Persia (USA)
Prince of Persia (Germany)	84e79957	131088	Prince of Persia (USA)
Prince of Persia (Spain)	af53d599	131088	Prince of Persia (USA)
Prince of Persia (USA)	d4003b99	131088	Prince of Persia (USA)
Princess Tomato in the Salad Kingdom (USA)	d95a2038	262160	Princess Tomato in the Salad Kingdom (USA)
Princess Tomato in the Salad Kingdom (USA) (Beta)	9ee6ea1a	262160	Princess Tomato in the Salad Kingdom (USA)
Princess Tomato in the Salad Kingdom (USA) (Virtual Console)	031f64c9	262160	Princess Tomato in the Salad Kingdom (USA)
Pro Sport Hockey (USA)	723fae1f	262160	Pro Sport Hockey (USA)
Pro Sport Hockey (USA) (Beta)	fc21e3d3	262160	Pro Sport Hockey (USA)
Pro Wres (Japan) (FamicomBox)	a5ae93bf	131088	Pro Wrestling (USA)
Pro Wrestling (Europe)	dc9373e4	131088	Pro Wrestling (USA)
Pro Wrestling (USA)	423e827b	131088	Pro Wrestling (USA)
Pro Wrestling (USA) (Rev 1)	c0791c3a	131088	Pro Wrestling (USA)
Pro Yakyuu - Family Stadium '87 (Japan)	70db9b55	98320	Pro Yakyuu - Family Stadium '87 (Japan)
Pro Yakyuu - Family Stadium '88 (Japan)	8b706c61	196624	Pro Yakyuu - Family Stadium '88 (Japan)
Pro Yakyuu - Family Stadium (Japan)	bf04353c	98320	R.B.I. Baseball (USA)
Pro Yakyuu Satsujin Jiken! (Japan)	86d0d19b	262160	Pro Yakyuu Satsujin Jiken! (Japan)
Probotector (Europe)	55720363	131088	Contra (World) (Konami Collector's Series)
Probotector II - Return of the Evil Forces (Europe)	48f22fc8	262160	Super C (World) (Konami Collector's Series)
Probotector II - Return of the Evil Forces (World) (Contra Anniversary Collection)	2beb3496	262160	Super C (World) (Konami Collector's Series)
Project Q (Japan)	eabb814b	262160	Project Q (Japan)
Punch-Out!! (Europe)	96945030	262160	Punch-Out!! (USA)
Punch-Out!! (Europe) (Virtual Console)	98776bb5	262160	Punch-Out!! (USA)
Punch-Out!! (Japan) (En) (FamicomBox)	b9528262	262160	Punch-Out!! (USA)
Punch-Out!! (Japan) (En) (Shouhin Golf Tournament US Course)	046ba9fd	262160	Punch-Out!! (USA)
Punch-Out!! (Japan, USA) (En) (Virtual Console)	37ee2e36	262160	Punch-Out!! (USA)
Punch-Out!! (USA)	390d15b3	262160	Punch-Out!! (USA)
Punch-Out!! (USA) (Beta)	34fdfa5e	262160	Punch-Out!! (USA)
Punisher, The (USA)	9c4132e8	262160	Punisher, The (USA)
Puss 'n Boots - Pero's Great Adventure (USA)	cac0b8d6	131088	Puss 'n Boots - Pero's Great Adventure (USA)
Puyo Puyo (Japan)	a8857e10	131088	Puyo Puyo (Japan)
Puzslot (Japan)	08449023	262160	Puzslot (Japan)
Puzznic (Europe)	27ca6c6a	65552	Puzznic (USA)
Puzznic (Japan)	709a9fc7	65552	Puzznic (USA)
Puzznic (USA)	1ca95037	65552	Puzznic (USA)
Pyokotan no Daimeiro (Japan)	8a929318	262160	Pyokotan no Daimeiro (Japan)
Q-bert (USA)	a14e1961	65552	Q-bert (USA)
QIX (USA)	344cc12f	131088	QIX (USA)
Quarter Back Scramble (Japan)	c373aeec	262160	Quarter Back Scramble (Japan)
Quarter Back Scramble (USA) (Proto)	0a55b11f	262160	Quarter Back Scramble (Japan)
Quarth (Japan) (En)	6d48cf37	65552	Quarth (Japan) (En)
Quinty (Japan)	8fb1a344	262160	Mendel Palace (USA)
Quinty (Japan) (Namcot Collection)	a0cf3dce	262160	Mendel Palace (USA)
R.B.I. Baseball (USA)	5f87b236	98320	R.B.I. Baseball (USA)
R.C. Pro-Am (Europe)	bf6c22ee	65552	R.C. Pro-Am (USA)
R.C. Pro-Am (Europe) (Rev 1)	265a59c2	65552	R.C. Pro-Am (USA)
R.C. Pro-Am (USA)	abecf22c	65552	R.C. Pro-Am (USA)
R.C. Pro-Am (USA) (Evercade)	3766191b	65552	R.C. Pro-Am (USA)
R.C. Pro-Am (USA) (Rev 1)	e60be3de	65552	R.C. Pro-Am (USA)
R.C. Pro-Am II (Europe)	4cd4834e	262160	R.C. Pro-Am II (USA)
R.C. Pro-Am II (USA)	266a2d30	262160	R.C. Pro-Am II (USA)
RPG Jinsei Game (Japan)	e48fc70d	393232	RPG Jinsei Game (Japan)
Racer Mini Yonku - Japan Cup (Japan)	57a91f97	262160	Racer Mini Yonku - Japan Cup (Japan)
Racket Attack (Europe)	078174a7	393232	Racket Attack (USA)
Racket Attack (USA)	c367070e	393232	Racket Attack (USA)
Rackets & Rivals (Europe)	a02e34a2	262160	Rackets & Rivals (Europe)
Rad Racer (Europe)	72523e49	131088	Rad Racer (USA)
Rad Racer (USA)	dc03411a	131088	Rad Racer (USA)
Rad Racer II (USA)	33f0fc16	131088	Rad Racer II (USA)
Radac Tailor-Made (Japan)	2370707a	131088	Radac Tailor-Made (Japan)
Radac Tailor-Made (Japan) (Rev 1) (Possible Proto)	ec06b2be	131088	Radac Tailor-Made (Japan)
Radia Senki - Reimei Hen (Japan)	d8e80ab8	393232	Radia Senki - Reimei Hen (Japan)
Raid on Bungeling Bay (Japan)	4a8e0fca	24592	Raid on Bungeling Bay (USA)
Raid on Bungeling Bay (Japan) (En) (Rev 1)	8b00c675	24592	Raid on Bungeling Bay (USA)
Raid on Bungeling Bay (USA)	fd4fb5b5	24592	Raid on Bungeling Bay (USA)
Rainbow Islands (USA)	ca916978	131088	Rainbow Islands (USA)
Rainbow Islands - Bubble Bobble 2 (Europe)	86797ee5	262160	Rainbow Islands - Bubble Bobble 2 (Europe)
Rainbow Islands - The Story of Bubble Bobble 2 (Japan)	ae40f988	131088	Rainbow Islands (USA)
Rainbow Islands - The Story of Bubble Bobble 2 (Japan) (Sample)	3b49ba95	131088	Rainbow Islands (USA)
Rally Bike (USA)	450a1194	131088	Rally Bike (USA)
Rally Bike (USA) (v0.2) (Beta)	50f5eeb1	131088	Rally Bike (USA)
Rally Bike (USA) (v0.3) (Beta)	530cfc9c	131088	Rally Bike (USA)
Rambo (Japan)	9121f1e6	131088	Rambo (USA)
Rambo (USA)	078ca915	131088	Rambo (USA)
Rambo (USA) (Rev 1)	eb53b70d	131088	Rambo (USA)
Rampage (USA)	593cb9d8	196624	Rampage (USA)
Rampart (Europe) (Jaleco)	be4264b8	262160	Rampart (USA) (Jaleco)
Rampart (Japan) (Konami)	6afd04f9	131088	Rampart (Japan) (Konami)
Rampart (Japan) (Sample) (Konami)	47c87116	131088	Rampart (Japan) (Konami)
Rampart (USA) (Beta) (Jaleco)	8f7d13fc	262160	Rampart (USA) (Jaleco)
Rampart (USA) (Jaleco)	9dc08562	262160	Rampart (USA) (Jaleco)
Red Arremer II (Japan)	e8b22e8e	262160	Gargoyle's Quest II (USA)
Reigen Doushi (Japan)	8f0eab04	262160	Phantom Fighter (USA)
Remote Control (USA)	63f5da1a	262160	Remote Control (USA)
Ren & Stimpy Show, The - Buckeroo$! (USA)	52335b79	262160	Ren & Stimpy Show, The - Buckeroo$! (USA)
Renegade (USA)	049882f5	131088	Renegade (USA)
Renegade (USA) (Beta)	a2a02a99	131088	Renegade (USA)
Renegade (USA) (Virtual Console)	b86a0347	131088	Renegade (USA)
Renegade (World) (Evercade)	ce086174	131088	Renegade (USA)
Rescue - The Embassy Mission (Europe)	b33ac965	262160	Rescue - The Embassy Mission (USA)
Rescue - The Embassy Mission (USA)	9f650b5b	262160	Rescue - The Embassy Mission (USA)
Rescue - The Embassy Mission (USA) (Beta)	0a32d924	262160	Rescue - The Embassy Mission (USA)
Ring King (USA)	8fa601b1	131088	Ring King (USA)
Ripple Island (Japan)	f416286d	131088	Ripple Island (World) (Red Art Games)
Ripple Island (World) (Red Art Games)	62d1967f	262160	Ripple Island (World) (Red Art Games)
River City Ransom (USA)	527a65d6	262160	River City Ransom (USA)
River City Ransom (World) (Evercade)	6ac2ccfd	262160	River City Ransom (USA)
Road Fighter (Europe)	e0e3d1b6	24592	Road Fighter (Europe)
Road Fighter (Japan) (En)	b92054a7	24592	Road Fighter (Europe)
RoadBlasters (Europe)	2f4f731b	262160	RoadBlasters (USA)
RoadBlasters (USA)	7643ff11	262160	RoadBlasters (USA)
RoadBlasters (USA) (Beta)	93bd84ef	262160	RoadBlasters (USA)
Robin Hood - Prince of Thieves (Europe)	fdbc767b	262160	Robin Hood - Prince of Thieves (USA)
Robin Hood - Prince of Thieves (Germany)	9f5caa09	262160	Robin Hood - Prince of Thieves (USA)
Robin Hood - Prince of Thieves (Spain)	b6e095c0	262160	Robin Hood - Prince of Thieves (USA)
Robin Hood - Prince of Thieves (USA)	099f97e2	262160	Robin Hood - Prince of Thieves (USA)
Robin Hood - Prince of Thieves (USA) (Beta) (1991-05-16)	9a14e791	262160	Robin Hood - Prince of Thieves (USA)
Robin Hood - Prince of Thieves (USA) (Rev 1)	4ce382be	262160	Robin Hood - Prince of Thieves (USA)
Robo Warrior (Europe)	7def81c1	131088	Robo Warrior (USA)
Robo Warrior (USA)	25c57651	131088	Robo Warrior (USA)
RoboCop (Europe)	129c6e67	262160	RoboCop (USA)
RoboCop (Japan)	7b2bc59a	262160	RoboCop (USA)
RoboCop (USA)	a294b655	262160	RoboCop (USA)
RoboCop (USA) (Beta)	c17a0a9b	262160	RoboCop (USA)
RoboCop 2 (Europe)	b1f5f30d	262160	RoboCop 2 (USA)
RoboCop 2 (Japan)	3eb63a5e	262160	RoboCop 2 (USA)
RoboCop 2 (USA)	485432d9	262160	RoboCop 2 (USA)
RoboCop 2 (USA) (Beta)	7657c866	262160	RoboCop 2 (USA)
RoboCop 2 (USA) (Rev 1)	65904e46	262160	RoboCop 2 (USA)
RoboCop 3 (Europe)	90aed811	262160	RoboCop 3 (USA)
RoboCop 3 (USA)	6a91b20e	262160	RoboCop 3 (USA)
RoboCop Versus The Terminator (USA) (Proto)	cbbff5ee	262160	RoboCop Versus The Terminator (USA) (Proto)
Robocco Wars (Japan)	1371acff	393232	Robocco Wars (Japan)
Rock 'n' Ball (USA)	b2ce5c4a	196624	Rock 'n' Ball (USA)
Rocket Ranger (USA)	e8d83735	262160	Rocket Ranger (USA)
Rocketeer, The (USA)	9242aae1	262160	Rocketeer, The (USA)
Rockin' Kats (Europe)	e3c58383	262160	Rockin' Kats (USA)
Rockin' Kats (USA)	329e1f76	262160	Rockin' Kats (USA)
Rockin' Kats (USA) (Beta) (1991-05-06)	d86a4dce	262160	Rockin' Kats (USA)
Rockman (Japan) (Capcom Town)	e8ff4238	131088	Mega Man (USA)
Rockman (Japan) (En)	77d3c5f8	131088	Mega Man (USA)
Rockman (Japan) (Virtual Console)	03662788	131088	Mega Man (USA)
Rockman 2 (Japan) (Capcom Town)	686c6fb9	262160	Mega Man 2 (USA)
Rockman 2 (Taiwan) (En) (Rockman 123)	b758a407	262160	Rockman 2 (Taiwan) (En) (Rockman 123)
Rockman 2 - Dr. Wily no Nazo (Japan)	ee7f1751	262160	Mega Man 2 (USA)
Rockman 2 - Dr. Wily no Nazo (Japan) (Virtual Console)	74e040bd	262160	Mega Man 2 (USA)
Rockman 3 - Dr. Wily no Saigo! (Japan)	fcd80415	393232	Mega Man 3 (USA)
Rockman 3 - Dr. Wily no Saigo! (Japan) (Virtual Console)	34e19c6b	393232	Mega Man 3 (USA)
Rockman 4 - Aratanaru Yabou!! (Japan)	9378fdb4	524304	Mega Man 4 (USA)
Rockman 4 - Aratanaru Yabou!! (Japan) (Rev 1)	82e6b4a1	524304	Mega Man 4 (USA)
Rockman 4 - Aratanaru Yabou!! (Japan) (Virtual Console)	73027371	524304	Mega Man 4 (USA)
Rockman 5 - Blues no Wana! (Japan)	7e9259bf	524304	Mega Man 5 (USA)
Rockman 5 - Blues no Wana! (Japan) (Virtual Console)	988e8db1	524304	Mega Man 5 (USA)
Rockman 6 - Shijou Saidai no Tatakai!! (Japan)	4f7f15f5	524304	Mega Man 6 (USA)
Rockman III (Taiwan) (En) (Rockman 123)	3d8b3dd8	393232	Rockman III (Taiwan) (En) (Rockman 123)
Rockman IV (Taiwan) (En) (Rockman 123)	32997679	524304	Rockman IV (Taiwan) (En) (Rockman 123)
Rockman V (Taiwan) (En) (Rockman 123)	7bc878d8	524304	Rockman V (Taiwan) (En) (Rockman 123)
Rockman VI (Taiwan) (En) (Rockman 123)	c308e602	524304	Rockman VI (Taiwan) (En) (Rockman 123)
Rod Land (World) (Retro-Bit) (256KiB)	8f4b7624	262160	Rod Land (World) (Retro-Bit) (256KiB)
Rod Land (World) (Retro-Bit) (512KiB)	7608a072	524304	Rod Land (World) (Retro-Bit) (256KiB)
Rodland (Europe)	c6e69523	131088	Rod Land (World) (Retro-Bit) (256KiB)
Rodland (Europe) (Beta)	d28eb28d	131088	Rod Land (World) (Retro-Bit) (256KiB)
Roger Clemens' MVP Baseball (USA)	dac2c8b9	393232	Roger Clemens' MVP Baseball (USA)
Roger Clemens' MVP Baseball (USA) (Rev 1)	e205200f	393232	Roger Clemens' MVP Baseball (USA)
Rokudenashi Blues (Japan)	07301c3f	524304	Rokudenashi Blues (Japan)
Rollerball (Australia)	07a62908	163856	Rollerball (USA)
Rollerball (Japan)	cbc234ee	163856	Rollerball (USA)
Rollerball (USA)	4006f4d7	163856	Rollerball (USA)
Rollerblade Racer (USA)	8b0df1d7	262160	Rollerblade Racer (USA)
Rollergames (Europe)	c183bc89	262160	Rollergames (USA)
Rollergames (USA)	11f075fb	262160	Rollergames (USA)
Rolling Thunder (Japan)	8558c190	262160	Rolling Thunder (Japan)
Rolling Thunder (World) (Namcot Collection, Namco Museum Archives Vol 2)	762f8148	262160	Rolling Thunder (Japan)
Romance of the Three Kingdoms (USA)	26c54dab	262160	Romance of the Three Kingdoms (USA)
Romance of the Three Kingdoms II (USA)	2a847dca	524304	Romance of the Three Kingdoms II (USA)
Romancia (Japan)	98028824	131088	Romancia (Japan)
Romancia (Japan) (Rev 1) (Possible Proto)	bc263207	131088	Romancia (Japan)
Rough World (Japan)	62665d54	262160	Journey to Silius (USA)
Roundball - 2-on-2 Challenge (Europe)	2dcebed9	262160	Roundball - 2-on-2 Challenge (USA)
Roundball - 2-on-2 Challenge (USA)	2a6ec35b	262160	Roundball - 2-on-2 Challenge (USA)
Route-16 Turbo (Japan)	114e118f	40976	Route-16 Turbo (Japan)
Royal Blood (Japan)	c6e1ba5f	524304	Gemfire (USA)
Rush'n Attack (Europe)	04e161f5	131088	Rush'n Attack (USA)
Rush'n Attack (USA)	7aebb5e7	131088	Rush'n Attack (USA)
Rygar (Europe)	6b5478bd	131088	Rygar (USA)
Rygar (USA)	17b633c2	131088	Rygar (USA)
Rygar (USA) (Rev 1)	930a783d	131088	Rygar (USA)
Rygar (USA) (Sample)	84ac1107	131088	Rygar (USA)
S.C.A.T. - Special Cybernetic Attack Team (USA)	88815594	262160	S.C.A.T. - Special Cybernetic Attack Team (USA)
S.C.A.T. - Special Cybernetic Attack Team (USA) (Beta 1)	845ee7f3	262160	S.C.A.T. - Special Cybernetic Attack Team (USA)
S.C.A.T. - Special Cybernetic Attack Team (USA) (Beta 2)	ffed2b30	262160	S.C.A.T. - Special Cybernetic Attack Team (USA)
S.C.A.T. - Special Cybernetic Attack Team (USA) (Limited Run Games)	2113b05f	524304	S.C.A.T. - Special Cybernetic Attack Team (USA)
S.C.A.T. - Special Cybernetic Attack Team (USA, Europe) (Virtual Console)	db0926ee	262160	S.C.A.T. - Special Cybernetic Attack Team (USA)
SD Battle Oozumou - Heisei Hero Basho (Japan)	5c33db76	262160	SD Battle Oozumou - Heisei Hero Basho (Japan)
SD Gundam - Gachapon Senshi 2 - Capsule Senki (Japan)	d9f92dff	262160	SD Gundam - Gachapon Senshi 2 - Capsule Senki (Japan)
SD Gundam - Gachapon Senshi 2 - Capsule Senki (Japan) (Wii Virtual Console)	5a99e045	262160	SD Gundam - Gachapon Senshi 2 - Capsule Senki (Japan)
SD Gundam - Gachapon Senshi 3 - Eiyuu Senki (Japan)	6b688852	262160	SD Gundam - Gachapon Senshi 3 - Eiyuu Senki (Japan)
SD Gundam - Gachapon Senshi 4 - NewType Story (Japan)	9f42b457	524304	SD Gundam - Gachapon Senshi 4 - NewType Story (Japan)
SD Gundam - Gachapon Senshi 5 - Battle of Universal Century (Japan)	179a3466	262160	SD Gundam - Gachapon Senshi 5 - Battle of Universal Century (Japan)
SD Gundam - Gundam Wars (Japan) (Datach)	497e45ad	262160	SD Gundam - Gundam Wars (Japan) (Datach)
SD Gundam Gaiden - Knight Gundam Monogatari (Japan)	38bd5932	393232	SD Gundam Gaiden - Knight Gundam Monogatari (Japan)
SD Gundam Gaiden - Knight Gundam Monogatari (Japan) (Rev 1)	fea7de5c	393232	SD Gundam Gaiden - Knight Gundam Monogatari (Japan)
SD Gundam Gaiden - Knight Gundam Monogatari 2 - Hikari no Knight (Japan)	151b1ce4	524304	SD Gundam Gaiden - Knight Gundam Monogatari 2 - Hikari no Knight (Japan)
SD Gundam Gaiden - Knight Gundam Monogatari 3 - Densetsu no Kishi Dan (Japan)	67d6b752	524304	SD Gundam Gaiden - Knight Gundam Monogatari 3 - Densetsu no Kishi Dan (Japan)
SD Hero Soukessen - Taose! Aku no Gundan (Japan)	60550575	262160	SD Hero Soukessen - Taose! Aku no Gundan (Japan)
SD Keiji - Blader (Japan)	4dae76c7	262160	SD Keiji - Blader (Japan)
SD Sengoku Bushou Retsuden (Japan)	f628c3d5	262160	SD Sengoku Bushou Retsuden (Japan)
STED - Iseki Wakusei no Yabou (Japan)	cdb4062c	262160	STED - Iseki Wakusei no Yabou (Japan)
SWAT - Special Weapons and Tactics (Japan)	d8f3224b	131088	SWAT - Special Weapons and Tactics (Japan)
Saint Seiya - Ougon Densetsu (Japan)	74641d58	262160	Saint Seiya - Ougon Densetsu (Japan)
Saint Seiya - Ougon Densetsu Kanketsu Hen (Japan)	69f8b20b	262160	Saint Seiya - Ougon Densetsu Kanketsu Hen (Japan)
Saint Seiya - Ougon Densetsu Kanketsu Hen (Japan) (Beta)	808942a5	262160	Saint Seiya - Ougon Densetsu Kanketsu Hen (Japan)
Saiyuuki World (Japan)	cd1e7133	131088	Saiyuuki World (Japan)
Saiyuuki World (Japan) (Beta)	7081b7ed	131088	Saiyuuki World (Japan)
Saiyuuki World 2 - Tenjoukai no Majin (Japan)	9b540713	262160	Whomp 'Em (USA)
Sakigake!! Otoko Juku - Shippuu Ichi Gou Sei (Japan)	0c48f10c	262160	Sakigake!! Otoko Juku - Shippuu Ichi Gou Sei (Japan)
Salad no Kuni no Tomato Hime (Japan)	8e43d5f5	262160	Princess Tomato in the Salad Kingdom (USA)
Salad no Kuni no Tomato Hime (Japan) (Virtual Console)	e91b3094	262160	Princess Tomato in the Salad Kingdom (USA)
Salamander (Japan)	ccea9276	131088	Life Force (USA)
Samsara Naga (Japan)	000bc941	393232	Samsara Naga (Japan)
Sanada Juu Yuushi (Japan)	352cdf73	262160	Sanada Juu Yuushi (Japan)
Sangokushi (Japan)	4b621f98	262160	Romance of the Three Kingdoms (USA)
Sangokushi (Japan) (Rev 1)	2c2e318d	262160	Romance of the Three Kingdoms (USA)
Sangokushi - Chuugen no Hasha (Japan)	8513c501	262160	Sangokushi - Chuugen no Hasha (Japan)
Sangokushi II (Japan)	c2d9b87e	524304	Romance of the Three Kingdoms II (USA)
Sangokushi II (Japan) (Rev 1)	341bfc09	524304	Romance of the Three Kingdoms II (USA)
Sangokushi II - Haou no Tairiku (Japan)	400d5a0b	524304	Sangokushi II - Haou no Tairiku (Japan)
Sanma no Meitantei (Japan)	b87b912e	196624	Sanma no Meitantei (Japan)
Sanrio Carnival (Japan)	29a6ecd9	65552	Sanrio Carnival (Japan)
Sanrio Carnival 2 (Japan)	5c69f427	65552	Sanrio Carnival 2 (Japan)
Sanrio Cup - Pon Pon Volley (Japan)	96447ea5	65552	Sanrio Cup - Pon Pon Volley (Japan)
Sansuu 1 Nen - Keisan Game (Japan)	681b7700	40976	Sansuu 1 Nen - Keisan Game (Japan)
Sansuu 2 Nen - Keisan Game (Japan)	6f551eeb	40976	Sansuu 2 Nen - Keisan Game (Japan)
Sansuu 3 Nen - Keisan Game (Japan)	61a3eef9	40976	Sansuu 3 Nen - Keisan Game (Japan)
Sansuu 4 Nen - Keisan Game (Japan)	eab60427	65552	Sansuu 4 Nen - Keisan Game (Japan)
Sansuu 4 Nen - Keisan Game (Japan) (Beta)	77d31ecf	65552	Sansuu 4 Nen - Keisan Game (Japan)
Sansuu 5 & 6 Nen - Keisan Game (Japan)	fb50fb1c	65552	Sansuu 5 & 6 Nen - Keisan Game (Japan)
Sansuu 5 & 6 Nen - Keisan Game (Japan) (Beta)	ff0f7d9d	65552	Sansuu 5 & 6 Nen - Keisan Game (Japan)
Satomi Hakkenden (Japan)	70209c38	262160	Satomi Hakkenden (Japan)
Satsui no Kaisou - Soft House Renzoku Satsujin Jiken (Japan)	67c00913	262160	Satsui no Kaisou - Soft House Renzoku Satsujin Jiken (Japan)
Scanner (USA) (Proto)	944abfc7	262160	Scanner (USA) (Proto)
Scarabeus (USA) (Proto)	3bba95a8	262160	Scarabeus (USA) (Proto)
Secret Ties (USA) (Proto)	0f39fab8	262160	Secret Ties (USA) (Proto)
Section-Z (Europe)	a1e4d8d8	131088	Section-Z (USA)
Section-Z (USA)	ab229c3a	131088	Section-Z (USA)
Seicross (Japan) (En)	5edaa583	40976	Seicross (USA)
Seicross (Japan) (En) (Sample)	ea0adfc5	40976	Seicross (USA)
Seicross (Japan) (Virtual Console)	23d8b8ac	49168	Seicross (USA)
Seicross (USA)	5dc0ed73	40976	Seicross (USA)
Seikima II - Akuma no Gyakushuu! (Japan)	9b916ec0	65552	Seikima II - Akuma no Gyakushuu! (Japan)
Seirei Densetsu Lickle (Japan)	281d62be	393232	Little Samson (USA)
Seirei Gari (Japan)	8025aefe	262160	Seirei Gari (Japan)
Seiryaku Simulation - Inbou no Wakusei - Shancara (Japan)	56111195	262160	Seiryaku Simulation - Inbou no Wakusei - Shancara (Japan)
Sekiryuuou (Japan)	c5f6c6df	262160	Sekiryuuou (Japan)
Senjou no Ookami (Japan)	1d73fa9a	131088	Commando (USA)
Senjou no Ookami (Japan) (EPROM) (FamicomBox)	281c0e98	131088	Commando (USA)
Sensha Senryaku - Sabaku no Kitsune (Japan)	d153b33e	262160	Desert Commander (USA)
Sesame Street - 123 (USA)	7f72fd74	65552	Sesame Street - 123 (USA)
Sesame Street - ABC & 123 (USA)	d8770793	262160	Sesame Street - ABC & 123 (USA)
Sesame Street - ABC (USA)	a0e9085c	65552	Sesame Street - ABC (USA)
Sesame Street - Big Bird's Hide & Speak (USA)	d24b806a	393232	Sesame Street - Big Bird's Hide & Speak (USA)
Sesame Street - Countdown (USA)	a06f63a8	262160	Sesame Street - Countdown (USA)
Sesame Street - Countdown (USA) (Beta)	9cc5ca9c	262160	Sesame Street - Countdown (USA)
Shadow Brain (Japan)	ba6b6e44	393232	Shadow Brain (Japan)
Shadow Warriors - Ninja Gaiden (Europe)	48eb7ebf	262160	Ninja Gaiden (USA)
Shadow Warriors - Ninja Gaiden (Europe) (Virtual Console)	d37d7dc3	262160	Ninja Gaiden (USA)
Shadow Warriors II - Ninja Gaiden II (Europe)	c3726511	262160	Ninja Gaiden II - The Dark Sword of Chaos (USA)
Shadow of the Ninja (USA)	6660ee03	262160	Shadow of the Ninja (USA)
Shadow of the Ninja (USA) (Limited Run Games)	ad036862	524304	Shadow of the Ninja (USA)
Shadow of the Ninja (USA) (Sample)	eedefe3f	262160	Shadow of the Ninja (USA)
Shadow of the Ninja (USA, Europe) (Virtual Console)	9218c9d0	262160	Shadow of the Ninja (USA)
Shadowgate (Europe)	ac000ed6	262160	Shadowgate (USA)
Shadowgate (France)	20e170e2	262160	Shadowgate (USA)
Shadowgate (Germany)	09a0606c	262160	Shadowgate (USA)
Shadowgate (Japan)	b44e8ffa	262160	Shadowgate (USA)
Shadowgate (Japan) (Beta) (1988-11-xx)	3044c903	262160	Shadowgate (USA)
Shadowgate (Sweden)	94f48f43	262160	Shadowgate (USA)
Shadowgate (USA)	11115cb5	262160	Shadowgate (USA)
Shadowgate (USA) (Sample)	43be89ce	262160	Shadowgate (USA)
Shadowgate (World) (8-bit Adventure Anthology - Volume I)	22231c49	262160	Shadowgate (USA)
Shanghai (Japan) (En)	0aac47d1	131088	Shanghai (Japan) (En)
Shanghai (Japan) (En) (Sample)	bd64f8d2	131088	Shanghai (Japan) (En)
Shanghai II (Japan)	6c8f7532	131088	Shanghai II (Japan)
Shatterhand (Europe)	4bdafb6b	262160	Shatterhand (USA)
Shatterhand (USA)	11991507	262160	Shatterhand (USA)
Shatterhand (USA) (Beta)	ae18298a	262160	Shatterhand (USA)
Sherlock Holmes - Hakushaku Reijou Yuukai Jiken (Japan)	8f78ac10	131088	Sherlock Holmes - Hakushaku Reijou Yuukai Jiken (Japan)
Shikinjou (Japan)	cccd87ce	131088	Shikinjou (Japan)
Shin 4 Nin Uchi Mahjong - Yakuman Tengoku (Japan)	8a0c2dde	393232	Shin 4 Nin Uchi Mahjong - Yakuman Tengoku (Japan)
Shin Jinrui - The New Type (Japan)	224cb80a	65552	Adventures of Dino Riki (USA)
Shin Moero!! Pro Yakyuu (Japan)	92066b7c	393232	Shin Moero!! Pro Yakyuu (Japan)
Shin Satomi Hakken-Den - Hikari to Yami no Tatakai (Japan)	6c715d1e	262160	Shin Satomi Hakken-Den - Hikari to Yami no Tatakai (Japan)
Shingen the Ruler (USA)	f1a3699b	262160	Shingen the Ruler (USA)
Shinsenden (Japan)	f4dbc87d	262160	Shinsenden (Japan)
Shogun (Japan)	4a3eed48	131088	Shogun (Japan)
Shooting Range (USA)	f3944622	65552	Shooting Range (USA)
Short Order + Eggsplode! (USA)	41150411	98320	Short Order + Eggsplode! (USA)
Shougi Meikan '92 (Japan)	3d22f8c7	262160	Shougi Meikan '92 (Japan)
Shougi Meikan '93 (Japan)	c9629616	262160	Shougi Meikan '93 (Japan)
Shoukoushi Ceddie (Japan)	8c9404e1	262160	Shoukoushi Ceddie (Japan)
Shounen Ashibe - Nepal Daibouken no Maki (Japan)	4ac9932c	262160	Shounen Ashibe - Nepal Daibouken no Maki (Japan)
Shuffle Fight (Japan)	b5799771	262160	Shuffle Fight (Japan)
Shufflepuck Cafe (Japan)	35b39e8a	131088	Shufflepuck Cafe (Japan)
Side Pocket (Europe)	97b3b3c0	131088	Side Pocket (USA)
Side Pocket (Japan)	bd52d4d0	163856	Side Pocket (USA)
Side Pocket (USA)	887d10da	131088	Side Pocket (USA)
Silent Service (Europe)	1e4c4816	131088	Silent Service (USA)
Silent Service (USA)	fab87a99	131088	Silent Service (USA)
Silent Service (USA) (Rev 1)	1c8de76c	131088	Silent Service (USA)
Silk Worm (USA)	1bd35a3d	262160	Silk Worm (USA)
Silk Worm (USA) (Sample)	ddf9a1be	262160	Silk Worm (USA)
Silva Saga (Japan)	6819da63	524304	Silva Saga (Japan)
Silver Surfer (USA)	79340526	393232	Silver Surfer (USA)
Silver Surfer (World) (Marvel MaXimum Collection)	221541e2	393232	Silver Surfer (USA)
SimCity (USA) (Proto)	50c9050a	262160	SimCity (USA) (Proto)
Simpsons, The - Bart vs. the Space Mutants (Europe)	e609ab0f	262160	Simpsons, The - Bart vs. the Space Mutants (USA)
Simpsons, The - Bart vs. the Space Mutants (USA)	9389c2fb	262160	Simpsons, The - Bart vs. the Space Mutants (USA)
Simpsons, The - Bart vs. the Space Mutants (USA) (Beta)	b18db69a	262160	Simpsons, The - Bart vs. the Space Mutants (USA)
Simpsons, The - Bart vs. the Space Mutants (USA) (Rev 1)	aed10175	262160	Simpsons, The - Bart vs. the Space Mutants (USA)
Simpsons, The - Bart vs. the World (Europe)	33df5cbd	393232	Simpsons, The - Bart vs. the World (USA)
Simpsons, The - Bart vs. the World (USA)	ae2bb564	393232	Simpsons, The - Bart vs. the World (USA)
Simpsons, The - Bartman Meets Radioactive Man (Europe)	4fe988f0	393232	Simpsons, The - Bartman Meets Radioactive Man (USA)
Simpsons, The - Bartman Meets Radioactive Man (USA)	83ac9c8b	393232	Simpsons, The - Bartman Meets Radioactive Man (USA)
Simpsons, The - Bartman Meets Radioactive Man (USA) (Beta)	52d91774	393232	Simpsons, The - Bartman Meets Radioactive Man (USA)
Skate or Die (Europe)	82a6d8d3	131088	Skate or Die (USA)
Skate or Die (USA)	e6f4d666	131088	Skate or Die (USA)
Skate or Die 2 - The Search for Double Trouble (USA)	293c5c63	393232	Skate or Die 2 - The Search for Double Trouble (USA)
Ski or Die (Europe)	35d70a05	262160	Ski or Die (USA)
Ski or Die (USA)	153f0997	262160	Ski or Die (USA)
Ski or Die (USA) (Beta)	fbbc3b13	262160	Ski or Die (USA)
Sky Destroyer (Japan)	23b8eeeb	24592	Sky Destroyer (Japan)
Sky Kid (Japan) (En)	63854153	65552	Sky Kid (USA)
Sky Kid (Japan) (Virtual Console)	7369564d	65552	Sky Kid (USA)
Sky Kid (USA)	da7dd38f	163856	Sky Kid (USA)
Sky Kid (World) (Namcot Collection, Namco Museum Archives Vol 1)	8f2432c9	65552	Sky Kid (USA)
Sky Shark (USA)	2fcd317d	196624	Sky Shark (USA)
Sky Shark (World) (Evercade)	22511e77	196624	Sky Shark (USA)
Slalom (Europe)	1f50af48	40976	Slalom (USA)
Slalom (USA)	fc0dd8d3	40976	Slalom (USA)
Smash T.V. (Europe)	6ed2aced	262160	Smash T.V. (USA)
Smash T.V. (USA)	cf5a4657	262160	Smash T.V. (USA)
Smurfs, The (Europe) (En,Fr,De,Es)	a46fcaf9	131088	Smurfs, The (Europe) (En,Fr,De,Es)
Smurfs, The (Europe) (En,Fr,De,Es) (Beta)	dc9ec933	131088	Smurfs, The (Europe) (En,Fr,De,Es)
Snake Rattle n Roll (Europe)	58edb0c7	65552	Snake Rattle n Roll (USA)
Snake Rattle n Roll (USA)	b1129c19	65552	Snake Rattle n Roll (USA)
Snake's Revenge (Europe)	df6aee68	262160	Snake's Revenge (USA)
Snake's Revenge (USA)	b470cf56	262160	Snake's Revenge (USA)
Snake's Revenge (USA) (Metal Gear Solid Collection)	d2318991	262160	Snake's Revenge (USA)
Snoopy's Silly Sports Spectacular! (USA)	540bf9d0	262160	Snoopy's Silly Sports Spectacular! (USA)
Snow Bros. (Japan)	566d58c2	262160	Snow Brothers (USA)
Snow Brothers (Europe)	9111ebb6	262160	Snow Brothers (USA)
Snow Brothers (USA)	e135a98e	262160	Snow Brothers (USA)
Snowboard Challenge (Europe)	edb265f9	262160	Heavy Shreddin' (USA)
Soccer (Europe)	4b75c01f	40976	Soccer (Japan, USA) (En)
Soccer (Japan, USA) (En)	1f15ac35	40976	Soccer (Japan, USA) (En)
Soccer League - Winner's Cup (Japan)	71a5f835	262160	Soccer League - Winner's Cup (Japan)
Softball Tengoku (Japan)	7eb6dc6d	262160	Dusty Diamond's All-Star Softball (USA)
Solar Jetman - Hunt for the Golden Warpship (Europe)	a5822743	262160	Solar Jetman - Hunt for the Golden Warpship (USA)
Solar Jetman - Hunt for the Golden Warpship (USA)	6979af75	262160	Solar Jetman - Hunt for the Golden Warpship (USA)
Solomon no Kagi (Japan)	2fe9e2ca	65552	Solomon's Key (USA)
Solomon no Kagi 2 - Coolmintou Kyuushutsu Sakusen (Japan)	95e80f71	262160	Fire 'n Ice (USA)
Solomon's Key (Europe)	ae242938	65552	Solomon's Key (USA)
Solomon's Key (USA)	b7a00d99	65552	Solomon's Key (USA)
Solomon's Key (USA) (Beta)	a2d01004	65552	Solomon's Key (USA)
Solomon's Key 2 (Europe)	8ed32fb7	262160	Fire 'n Ice (USA)
Solomon's Key 2 (USA) (Beta)	6d5649b7	262160	Fire 'n Ice (USA)
Solstice - Sanjigen Meikyuu no Kyoujuu (Japan)	ce7cd73b	131088	Solstice - The Quest for the Staff of Demnos (USA)
Solstice - The Quest for the Staff of Demnos (Europe)	ad36427b	131088	Solstice - The Quest for the Staff of Demnos (USA)
Solstice - The Quest for the Staff of Demnos (USA)	7cca8158	131088	Solstice - The Quest for the Staff of Demnos (USA)
Solstice - The Quest for the Staff of Demnos (USA) (Beta)	cccc2668	131088	Solstice - The Quest for the Staff of Demnos (USA)
Son Son (Japan) (En)	6ad03ab3	40976	Son Son (Japan) (En)
Soreike! Anpanman - Minna de Hiking Game! (Japan)	452059d7	262160	Soreike! Anpanman - Minna de Hiking Game! (Japan)
Sou Setsu Ryuu II - The Revenge (Japan) (Beta)	5ed347d2	262160	Double Dragon II - The Revenge (USA)
Space Harrier (Japan)	14cde5ba	131088	Space Harrier (Japan)
Space Hunter (Japan)	09b6d08c	65552	Space Hunter (Japan)
Space Hunter (Japan) (Beta 1)	cbdc3170	65552	Space Hunter (Japan)
Space Hunter (Japan) (Beta 2)	57c1c8fa	65552	Space Hunter (Japan)
Space Invaders (Japan)	1e06e2fd	24592	Space Invaders (Japan)
Space Shadow (Japan)	07537df7	196624	Space Shadow (Japan)
Space Shuttle Project (USA)	ad0fa767	262160	Space Shuttle Project (USA)
Spartan X (Japan) (En)	1a32121d	40976	Kung Fu (Japan, USA) (En)
Spartan X 2 (Japan)	98a8b3d1	262160	Spartan X 2 (Japan)
Spartan X 2 (Japan) (Retro-Bit Generations)	9870be7b	262160	Spartan X 2 (Japan)
Spelunker (Japan)	1903f7fb	40976	Spelunker (USA)
Spelunker (Japan) (Virtual Console)	3233c5d3	40976	Spelunker (USA)
Spelunker (USA)	e3bb8ed1	40976	Spelunker (USA)
Spelunker (USA, Europe) (Virtual Console)	80d040a6	40976	Spelunker (USA)
Spelunker II - Yuusha e no Chousen (Japan)	67b12eb4	131088	Spelunker II - Yuusha e no Chousen (Japan)
Spider-Man - Return of the Sinister Six (Europe)	366d7edd	393232	Spider-Man - Return of the Sinister Six (USA)
Spider-Man - Return of the Sinister Six (USA)	0d312c5a	393232	Spider-Man - Return of the Sinister Six (USA)
Splatterhouse - Wanpaku Graffiti (Japan)	e9d134d4	262160	Splatterhouse - Wanpaku Graffiti (Japan)
Splatterhouse - Wanpaku Graffiti (World) (Namcot Collection, Namco Museum Archives Vol 1)	bab9fb42	262160	Splatterhouse - Wanpaku Graffiti (Japan)
Spot (Japan)	ad01f7cc	131088	Spot - The Video Game (USA)
Spot - The Video Game (USA)	86a03f82	131088	Spot - The Video Game (USA)
Spy Hunter (USA)	30d13cbd	65552	Spy Hunter (USA)
Spy vs Spy (Europe)	1db1faa4	40976	Spy vs Spy (USA)
Spy vs Spy (Japan)	c500b8ce	40976	Spy vs Spy (USA)
Spy vs Spy (USA)	becaf352	40976	Spy vs Spy (USA)
Spy vs Spy II - The Island Caper (USA) (Proto)	6675f0c3	131088	Nangoku Shirei!! - Spy vs Spy (Japan)
Sqoon (Japan)	379740de	40976	Sqoon (USA)
Sqoon (Japan) (Rev 1)	09bf2393	40976	Sqoon (USA)
Sqoon (USA)	3e999532	40976	Sqoon (USA)
Square Deal (Japan) (En) (Sample)	68c99fc6	131088	Great Deal (Japan) (En)
Square no Tom Sawyer (Japan)	8492ec99	262160	Square no Tom Sawyer (Japan)
Squashed (USA) (Proto)	4b878f48	262160	Ninja Jajamaru - Ginga Daisakusen (Japan)
Stack-Up (World)	3e656d79	40976	Stack-Up (World)
Stadium Events (Europe)	04e4b898	65552	Stadium Events (USA)
Stadium Events (USA)	d98eac39	65552	Stadium Events (USA)
Stanley - The Search for Dr. Livingston (USA)	d95b05c6	262160	Stanley - The Search for Dr. Livingston (USA)
Stanley - The Search for Dr. Livingston (USA) (Beta 1)	fd53ad69	262160	Stanley - The Search for Dr. Livingston (USA)
Stanley - The Search for Dr. Livingston (USA) (Beta 2)	c446f4cc	262160	Stanley - The Search for Dr. Livingston (USA)
Stanley - The Search for Dr. Livingston (World) (Evercade)	f2ed940d	262160	Stanley - The Search for Dr. Livingston (USA)
Star Force (Europe)	1136fefa	65552	Star Force (USA)
Star Force (Japan)	e83f053b	24592	Star Force (Japan)
Star Force (USA)	9d1824e5	65552	Star Force (USA)
Star Force (USA) (Beta)	89e05da8	65552	Star Force (USA)
Star Gate (Japan)	677cb266	24592	Defender II (USA)
Star Luster (Japan) (En)	457885c4	40976	Star Luster (World) (Star Fox - Assault)
Star Luster (Japan) (En) (Namco Anthology 1)	7d3e8781	40976	Star Luster (World) (Star Fox - Assault)
Star Luster (Japan) (En) (Namcot Collection)	04558809	40976	Star Luster (World) (Star Fox - Assault)
Star Luster (Japan) (En) (Virtual Console)	3f186b0d	40976	Star Luster (World) (Star Fox - Assault)
Star Luster (World) (Evercade)	e66945bf	40976	Star Luster (World) (Star Fox - Assault)
Star Luster (World) (Star Fox - Assault)	84b46709	40976	Star Luster (World) (Star Fox - Assault)
Star Soldier (Japan)	7abe32dd	65552	Star Soldier (USA)
Star Soldier (Japan) (Sample)	e73a17db	49168	Star Soldier (USA)
Star Soldier (USA)	47d7765c	65552	Star Soldier (USA)
Star Trek - 25th Anniversary (Germany)	b2f4880f	524304	Star Trek - 25th Anniversary (USA)
Star Trek - 25th Anniversary (USA)	95a6dd80	524304	Star Trek - 25th Anniversary (USA)
Star Trek - The Next Generation (USA)	b145dd72	131088	Star Trek - The Next Generation (USA)
Star Trek V - The Final Frontier (USA) (Proto)	2f877c3d	262160	Star Trek V - The Final Frontier (USA) (Proto)
Star Voyager (USA)	46ba7034	65552	Star Voyager (USA)
Star Wars (Europe)	2cc541d6	262160	Star Wars (USA)
Star Wars (Japan) (Namco)	f663f0e1	262160	Star Wars (Japan) (Namco)
Star Wars (Japan) (Victor)	ae2f798a	262160	Star Wars (USA)
Star Wars (USA)	d53f76f6	262160	Star Wars (USA)
Star Wars (USA) (Beta)	a7f98c3c	262160	Star Wars (USA)
Star Wars (USA) (Limited Run Games)	0ee9928c	524304	Star Wars (USA)
Star Wars - The Empire Strikes Back (Europe)	2a458b9c	524304	Star Wars - The Empire Strikes Back (USA)
Star Wars - The Empire Strikes Back (Japan)	88293b5e	524304	Star Wars - The Empire Strikes Back (USA)
Star Wars - The Empire Strikes Back (USA)	a7409fbc	524304	Star Wars - The Empire Strikes Back (USA)
Star Wars - The Empire Strikes Back (USA) (Beta 1)	4c9fe419	524304	Star Wars - The Empire Strikes Back (USA)
Star Wars - The Empire Strikes Back (USA) (Beta 2)	45e7888b	524304	Star Wars - The Empire Strikes Back (USA)
Star Wars - The Empire Strikes Back (USA) (Limited Run Games)	02f91fee	2097168	Star Wars - The Empire Strikes Back (USA)
StarTropics (Europe)	b3d8ef19	524304	StarTropics (USA)
StarTropics (Europe) (Virtual Console)	dcfa8ad0	524304	StarTropics (USA)
StarTropics (USA)	5f212b6f	524304	StarTropics (USA)
StarTropics (USA) (Virtual Console)	30034ea6	524304	StarTropics (USA)
Starship Hector (USA)	3b8d297c	131088	Starship Hector (USA)
Stealth ATF (Europe)	dddfad3d	262160	Stealth ATF (USA)
Stealth ATF (USA)	3a44b5ef	262160	Stealth ATF (USA)
Stick Hunter - Exciting Ice Hockey (Japan)	f08e8df4	131088	Stick Hunter - Exciting Ice Hockey (Japan)
Stinger (USA)	617ebd43	131088	Stinger (USA)
Stinger (USA) (Virtual Console)	2326c674	131088	Stinger (USA)
Street Cop (USA)	35063ffc	262160	Street Cop (USA)
Street Fighter 2010 - The Final Fight (USA)	361fb3ee	262160	Street Fighter 2010 - The Final Fight (USA)
Street Fighter 2010 - The Final Fight (USA) (Beta)	9d05a386	262160	Street Fighter 2010 - The Final Fight (USA)
Street Gangs (Europe)	8af67c61	262160	River City Ransom (USA)
Street Gangs (Europe) (Virtual Console)	43b93e4c	262160	River City Ransom (USA)
Strider (USA)	8dc1712b	262160	Strider (USA)
Strider (USA) (Capcom Classics Mini Mix)	d1e7c089	262160	Strider (USA)
Strider Hiryu (Japan) (Proto)	b95a20e3	262160	Strider (USA)
Sugoro Quest - Dice no Senshitachi (Japan)	6f1f3e64	262160	Sugoro Quest - Dice no Senshitachi (Japan)
Sugoro Quest - Dice no Senshitachi (Japan) (Wii U Virtual Console)	5d26d8eb	262160	Sugoro Quest - Dice no Senshitachi (Japan)
Sugoro Quest - Dice no Senshitachi (Japan) (Wii Virtual Console)	47c081de	262160	Sugoro Quest - Dice no Senshitachi (Japan)
Suikoden - Tenmei no Chikai (Japan)	854544f7	393232	Bandit Kings of Ancient China (USA)
Sukeban Deka III (Japan)	a6483aec	131088	Sukeban Deka III (Japan)
Summer Carnival '92 - Recca (Japan) (En)	48a42e2f	262160	Summer Carnival '92 - Recca (Japan) (En)
Sun Xiaomao Qihuan Dao - Kiddy Sun in Fantasia (Taiwan) (En)	03cc0cba	65552	Adventure Island (USA)
Sunman (Europe) (Proto)	7e0a81cf	262160	Superman (USA) (Proto) (Sunsoft)
Super Arabian (Japan) (En)	574374a2	24592	Super Arabian (Japan) (En)
Super Black Onyx (Japan)	90585409	262160	Super Black Onyx (Japan)
Super C (USA)	8be2ac58	262160	Super C (World) (Konami Collector's Series)
Super C (World) (Contra Anniversary Collection)	d7195666	262160	Super C (World) (Konami Collector's Series)
Super C (World) (Konami Collector's Series)	d2d9df8d	262160	Super C (World) (Konami Collector's Series)
Super Cars (USA)	e55a6d38	131088	Super Cars (USA)
Super Chinese (Japan)	1ddceb54	49168	Kung-Fu Heroes (USA)
Super Chinese 2 - Dragon Kid (Japan)	9d060f1d	262160	Little Ninja Brothers (USA)
Super Chinese 2 - Dragon Kid (Japan) (Virtual Console)	7c4c82b2	262160	Little Ninja Brothers (USA)
Super Chinese 3 (Japan)	0ded4d59	262160	Super Chinese 3 (Japan)
Super Contra (Japan)	0a9cef36	262160	Super C (World) (Konami Collector's Series)
Super Dodge Ball (USA)	9400ba7f	262160	Super Dodge Ball (USA)
Super Dodge Ball (USA) (Virtual Console)	42228587	262160	Super Dodge Ball (USA)
Super Dodge Ball (World) (Evercade)	69fd97b8	262160	Super Dodge Ball (USA)
Super Dyna'mix Badminton (Japan)	93ffe9f4	49168	Super Dyna'mix Badminton (Japan)
Super Glove Ball (USA)	4b013bb5	131088	Super Glove Ball (USA)
Super Glove Ball (USA) (Beta)	a70bef36	131088	Super Glove Ball (USA)
Super Jeopardy! (USA)	63025530	262160	Super Jeopardy! (USA)
Super Kick Off (Europe) (Proto)	cd3b7606	131088	Super Kick Off (Europe) (Proto)
Super Mario Bros. (Europe)	4675571d	40976	Super Mario Bros. (World)
Super Mario Bros. (World)	393a432f	40976	Super Mario Bros. (World)
Super Mario Bros. + Duck Hunt (Europe, Asia) (En)	3ba2a66b	81936	Super Mario Bros. + Duck Hunt (USA)
Super Mario Bros. + Duck Hunt (USA)	ecf8416f	81936	Super Mario Bros. + Duck Hunt (USA)
Super Mario Bros. + Duck Hunt + World Class Track Meet (USA)	58ed1b5c	196624	Super Mario Bros. + Duck Hunt + World Class Track Meet (USA)
Super Mario Bros. + Duck Hunt + World Class Track Meet (USA) (Rev 1)	6a904c74	196624	Super Mario Bros. + Duck Hunt + World Class Track Meet (USA)
Super Mario Bros. + Duck Hunt + World Class Track Meet (USA) (Sample)	76eef55d	196624	Super Mario Bros. + Duck Hunt + World Class Track Meet (USA)
Super Mario Bros. + Tetris + Nintendo World Cup (Europe)	cdef0884	524304	Super Mario Bros. + Tetris + Nintendo World Cup (Europe)
Super Mario Bros. + Tetris + Nintendo World Cup (Europe) (Rev 1)	4aa87799	524304	Super Mario Bros. + Tetris + Nintendo World Cup (Europe)
Super Mario Bros. - 25th Anniversary (Australia) (Virtual Console)	3a323123	40976	Super Mario Bros. (World)
Super Mario Bros. - 25th Anniversary (Japan) (En) (Virtual Console)	d26844e6	40976	Super Mario Bros. (World)
Super Mario Bros. 2 (Europe)	395cbb00	262160	Super Mario Bros. 2 (USA)
Super Mario Bros. 2 (Europe) (Virtual Console)	d36e8289	262160	Super Mario Bros. 2 (USA)
Super Mario Bros. 2 (USA)	43507232	262160	Super Mario Bros. 2 (USA)
Super Mario Bros. 2 (USA) (Beta)	f39052fd	131088	Super Mario Bros. 2 (USA)
Super Mario Bros. 2 (USA) (Rev 1)	dea55f53	262160	Super Mario Bros. 2 (USA)
Super Mario Bros. 2 (USA) (Rev 1) (Virtual Console)	119325fe	262160	Super Mario Bros. 2 (USA)
Super Mario Bros. 3 (Europe)	277b3544	393232	Super Mario Bros. 3 (USA)
Super Mario Bros. 3 (Europe) (Virtual Console)	fdc7949a	393232	Super Mario Bros. 3 (USA)
Super Mario Bros. 3 (Japan)	217d5067	393232	Super Mario Bros. 3 (USA)
Super Mario Bros. 3 (Japan) (Rev 1)	94421b64	393232	Super Mario Bros. 3 (USA)
Super Mario Bros. 3 (Japan) (Rev 1) (Virtual Console)	3789396e	393232	Super Mario Bros. 3 (USA)
Super Mario Bros. 3 (USA)	661019c6	393232	Super Mario Bros. 3 (USA)
Super Mario Bros. 3 (USA) (Rev 1)	e8c3af69	393232	Super Mario Bros. 3 (USA)
Super Mario Bros. 3 (USA) (Rev 1) (Virtual Console)	327f0eb7	393232	Super Mario Bros. 3 (USA)
Super Mario USA (Japan) (En)	94076bf6	262160	Super Mario Bros. 2 (USA)
Super Mario USA (Japan) (En) (Virtual Console)	5b31115b	262160	Super Mario Bros. 2 (USA)
Super Mogura Tataki!! - Pokkun Mogurar (Japan)	9fdb91a7	65552	Super Mogura Tataki!! - Pokkun Mogurar (Japan)
Super Momotarou Dentetsu (Japan)	4667456d	262160	Super Momotarou Dentetsu (Japan)
Super Pinball (Japan)	4db0d93f	131088	Super Pinball (Japan)
Super Pinball (Japan) (Beta)	b6d175b9	131088	Super Pinball (Japan)
Super Pitfall (Japan)	b8a8b61e	131088	Super Pitfall (USA)
Super Pitfall (USA)	33525ffc	131088	Super Pitfall (USA)
Super Pitfall II (USA) (Proto)	b866a445	65552	Atlantis no Nazo (Japan) (En)
Super Real Baseball '88 (Japan)	2dec7b4d	262160	Super Real Baseball '88 (Japan)
Super Rugby (Japan)	63c8f34d	262160	Super Rugby (Japan)
Super Spike V'Ball (Europe)	efd2be3c	262160	Super Spike V'Ball (USA)
Super Spike V'Ball (USA)	0326060f	262160	Super Spike V'Ball (USA)
Super Spike V'Ball (World) (Evercade)	43c2941b	262160	Super Spike V'Ball (USA)
Super Spike V'Ball + Nintendo World Cup (USA)	14587f8a	524304	Super Spike V'Ball + Nintendo World Cup (USA)
Super Sprint (Japan) (En)	05310638	131088	Super Sprint (Japan) (En)
Super Spy Hunter (Europe)	ba7f29cc	262160	Super Spy Hunter (USA)
Super Spy Hunter (USA)	10f8a664	262160	Super Spy Hunter (USA)
Super Star Force (Japan)	9b676e9f	131088	Super Star Force (Japan)
Super Sushi Pinball (USA) (Proto)	738ff6e6	131088	Super Pinball (Japan)
Super Team Games (USA)	6416f77c	65552	Super Team Games (USA)
Super Turrican (Europe)	ce925146	262160	Super Turrican (Europe)
Super Xevious - Gump no Nazo (Japan)	319198bf	163856	Super Xevious - Gump no Nazo (Japan)
Super Xevious - Gump no Nazo (USA, Europe) (Namco Museum Archives Vol 2)	5053c67b	163856	Super Xevious - Gump no Nazo (Japan)
Superman (Japan)	79f7bd86	262160	Superman (USA) (Kemco)
Superman (Japan) (Beta)	221dfecc	262160	Superman (USA) (Kemco)
Superman (USA) (Kemco)	e3310f22	262160	Superman (USA) (Kemco)
Superman (USA) (Proto) (Sunsoft)	fc4e1a5a	262160	Superman (USA) (Proto) (Sunsoft)
Superstar Pro Wrestling (Japan)	cbe235f9	262160	WCW World Championship Wrestling (USA)
Swamp Thing (Europe)	92de68f1	262160	Swamp Thing (USA)
Swamp Thing (USA)	5d66859b	262160	Swamp Thing (USA)
Sweet Home (Japan)	6ab7673a	262160	Sweet Home (Japan)
Sweet Home (Japan) (Sample)	e0f3c1ad	262160	Sweet Home (Japan)
Sword Master (Europe)	1951a7bc	262160	Sword Master (USA)
Sword Master (Japan)	648e94fc	262160	Sword Master (USA)
Sword Master (USA)	fde7b6b9	262160	Sword Master (USA)
Sword Master (USA) (Beta)	692d7514	262160	Sword Master (USA)
Sword Master (USA) (Sample) (1991-05-15)	64800507	262160	Sword Master (USA)
Swords and Serpents (Europe)	ddb84f82	131088	Swords and Serpents (USA)
Swords and Serpents (France)	4af8d435	131088	Swords and Serpents (USA)
Swords and Serpents (USA)	787f666d	131088	Swords and Serpents (USA)
TM Network - Live in Power Bowl (Japan)	d2efbd29	262160	TM Network - Live in Power Bowl (Japan)
Taboo - The Sixth Sense (USA)	0c0be01f	65552	Taboo - The Sixth Sense (USA)
Taboo - The Sixth Sense (USA) (Rev 1)	04cab32d	65552	Taboo - The Sixth Sense (USA)
Tag Team Pro-Wrestling (Japan)	513fcf6d	40976	Tag Team Wrestling (USA)
Tag Team Pro-Wrestling Special (Japan) (Not for Resale)	6b867657	40976	Tag Team Wrestling (USA)
Tag Team Wrestling (USA)	dce0e1f0	40976	Tag Team Wrestling (USA)
Taito Basketball (Japan)	f4af273e	262160	Ultimate Basketball (USA)
Taito Chase H.Q. (Japan)	a06def02	262160	Taito Chase H.Q. (Japan)
Taito Grand Prix - Eikou e no License (Japan)	9ea7be1e	262160	Taito Grand Prix - Eikou e no License (Japan)
Taiyou no Shinden (Japan)	dfe39c1e	262160	Tombs & Treasure (USA)
Taiyou no Yuusha - Fighbird (Japan)	2f37e9ec	262160	Taiyou no Yuusha - Fighbird (Japan)
Takahashi Meijin no Bouken-jima (Japan)	0bb95602	65552	Adventure Island (USA)
Takahashi Meijin no Bouken-jima II (Japan)	cba2f8e5	262160	Adventure Island II (USA)
Takahashi Meijin no Bouken-jima III (Japan)	d9d35f73	262160	Adventure Island 3 (USA)
Takahashi Meijin no Bouken-jima IV (Japan)	5ef1196b	393232	Takahashi Meijin no Bouken-jima IV (Japan)
Takahashi Meijin no Bugutte Honey (Japan)	9572daeb	163856	Takahashi Meijin no Bugutte Honey (Japan)
Takeda Shingen (Japan)	ae8cd4a7	131088	Takeda Shingen (Japan)
Takeda Shingen 2 (Japan)	4101e6de	262160	Shingen the Ruler (USA)
Takeshi no Chousenjou (Japan)	7fd76c80	131088	Takeshi no Chousenjou (Japan)
Takeshi no Chousenjou (Japan) (Virtual Console)	6f19d5bd	131088	Takeshi no Chousenjou (Japan)
Takeshi no Sengoku Fuuunji (Japan)	cdaa4e0a	262160	Takeshi no Sengoku Fuuunji (Japan)
Takeshi no Sengoku Fuuunji (Japan) (Beta 1) (1988-06-04)	0626f063	262160	Takeshi no Sengoku Fuuunji (Japan)
Takeshi no Sengoku Fuuunji (Japan) (Beta 2)	285e03f5	262160	Takeshi no Sengoku Fuuunji (Japan)
Tale, The - Elrond no Eiyuu (Japan) (Beta)	39b44bf8	131088	Wizards & Warriors (USA)
TaleSpin (Europe)	c67f3b24	262160	TaleSpin (USA)
TaleSpin (USA)	8517201e	262160	TaleSpin (USA)
TaleSpin (World) (The Disney Afternoon Collection)	55e705dd	262160	TaleSpin (USA)
Tamura Koushou Mahjong Seminar (Japan)	3a50306f	131088	Tamura Koushou Mahjong Seminar (Japan)
Tanigawa Kouji no Shougi Shinan II (Japan)	36b8633e	131088	Tanigawa Kouji no Shougi Shinan II (Japan)
Tanigawa Kouji no Shougi Shinan III (Japan)	e8b31c01	131088	Tanigawa Kouji no Shougi Shinan III (Japan)
Tantei Jinguuji Saburou - Toki no Sugiyuku Mama ni (Japan)	84af7bc2	131088	Tantei Jinguuji Saburou - Toki no Sugiyuku Mama ni (Japan)
Tantei Jinguuji Saburou - Yokohamakou Renzoku Satsujin Jiken (Japan)	da17f256	262160	Tantei Jinguuji Saburou - Yokohamakou Renzoku Satsujin Jiken (Japan)
Tantei Jinguuji Saburou - Yokohamakou Renzoku Satsujin Jiken (Japan) (Virtual Console)	33e17180	262160	Tantei Jinguuji Saburou - Yokohamakou Renzoku Satsujin Jiken (Japan)
Tao (Japan)	264a8560	262160	Tao (Japan)
Target - Renegade (USA)	6f2d5e04	262160	Target - Renegade (USA)
Target - Renegade (World) (Evercade)	ef065eb8	262160	Target - Renegade (USA)
Taro's Quest (USA) (Proto)	9c76361e	262160	Jajamaru Ninpou Chou (Japan)
Tashiro Masashi no Princess ga Ippai (Japan)	ea70f4bf	262160	Tashiro Masashi no Princess ga Ippai (Japan)
Tatakae! Chou Robot Seimeitai Transformers - Convoy no Nazo (Japan)	8b75ba7e	65552	Tatakae! Chou Robot Seimeitai Transformers - Convoy no Nazo (Japan)
Tatakae! Chou Robot Seimeitai Transformers - Convoy no Nazo (Japan) (Virtual Console)	21699726	65552	Tatakae! Chou Robot Seimeitai Transformers - Convoy no Nazo (Japan)
Tatakae!! Rahmen Man - Sakuretsu Choujin 102 Gei (Japan)	93f339fa	262160	Tatakae!! Rahmen Man - Sakuretsu Choujin 102 Gei (Japan)
Tatakai no Banka (Japan)	1a5bbef1	131088	Trojan (USA)
Tatakai no Banka (Japan) (Rev 1)	c42b6f19	131088	Trojan (USA)
Tecmo Baseball (USA)	fa8cdcc9	131088	Tecmo Baseball (USA)
Tecmo Bowl (Japan)	a417bf14	262160	Tecmo Bowl (USA)
Tecmo Bowl (USA)	3299c9ab	262160	Tecmo Bowl (USA)
Tecmo Bowl (USA) (Beta)	1973c538	262160	Tecmo Bowl (USA)
Tecmo Bowl (USA) (Rev 1)	793f0b53	262160	Tecmo Bowl (USA)
Tecmo Bowl (World) (Rev 1) (Virtual Console, Classic Mini, Switch Online)	5fec5735	262160	Tecmo Bowl (USA)
Tecmo Cup - Football Game (Europe)	58e5b02e	262160	Tecmo Cup - Soccer Game (USA)
Tecmo Cup - Football Game (Spain)	47f7fe4e	262160	Tecmo Cup - Soccer Game (USA)
Tecmo Cup - Soccer Game (USA)	95f4b3bf	262160	Tecmo Cup - Soccer Game (USA)
Tecmo Cup - Soccer Game (USA) (Beta)	0f3c0afe	262160	Tecmo Cup - Soccer Game (USA)
Tecmo NBA Basketball (USA) (NES-BK)	cce0d404	393232	Tecmo NBA Basketball (USA) (NES-BK)
Tecmo NBA Basketball (USA) (NES-BK) (Rev 1)	303f6cd7	393232	Tecmo NBA Basketball (USA) (NES-BK)
Tecmo NBA Basketball (USA) (NES-N7)	5ffa889d	393232	Tecmo NBA Basketball (USA) (NES-BK)
Tecmo Super Bowl (Japan)	e9e1c4e1	393232	Tecmo Super Bowl (USA)
Tecmo Super Bowl (USA)	fc5e400f	393232	Tecmo Super Bowl (USA)
Tecmo Super Bowl (USA) (Beta)	30e902c5	393232	Tecmo Super Bowl (USA)
Tecmo World Cup Soccer (Europe)	5fe92693	131088	Tecmo World Cup Soccer (Europe)
Tecmo World Cup Soccer (Japan)	13d1c47a	131088	Tecmo World Cup Soccer (Europe)
Tecmo World Wrestling (Europe)	f7f37254	262160	Tecmo World Wrestling (USA)
Tecmo World Wrestling (USA)	836ea99f	262160	Tecmo World Wrestling (USA)
Tecmo World Wrestling (USA) (Sample) (1989-10-20)	bf24f6e8	262160	Tecmo World Wrestling (USA)
Teenage Mutant Hero Turtles (Europe)	38dafcaf	262160	Teenage Mutant Ninja Turtles (USA)
Teenage Mutant Hero Turtles (Europe) (Virtual Console)	b86792a2	262160	Teenage Mutant Ninja Turtles (USA)
Teenage Mutant Hero Turtles - Tournament Fighters (Europe)	4b35559e	262160	Teenage Mutant Ninja Turtles - Tournament Fighters (USA)
Teenage Mutant Hero Turtles II - The Arcade Game (Europe)	bbc4cbd9	524304	Teenage Mutant Ninja Turtles II - The Arcade Game (USA)
Teenage Mutant Ninja Turtles (Australia)	5750dd2d	262160	Teenage Mutant Ninja Turtles (USA)
Teenage Mutant Ninja Turtles (Japan)	8b440fff	524304	Teenage Mutant Ninja Turtles II - The Arcade Game (USA)
Teenage Mutant Ninja Turtles (Japan) (En) (The Cowabunga Collection)	6853e7a7	524304	Teenage Mutant Ninja Turtles II - The Arcade Game (USA)
Teenage Mutant Ninja Turtles (USA)	120bd608	262160	Teenage Mutant Ninja Turtles (USA)
Teenage Mutant Ninja Turtles (USA) (Beta)	e36b9a28	262160	Teenage Mutant Ninja Turtles (USA)
Teenage Mutant Ninja Turtles (USA) (The Cowabunga Collection)	7f29f6c4	262160	Teenage Mutant Ninja Turtles (USA)
Teenage Mutant Ninja Turtles (USA) (Virtual Console)	20d47b1c	262160	Teenage Mutant Ninja Turtles (USA)
Teenage Mutant Ninja Turtles - Tournament Fighters (USA)	3d2face7	262160	Teenage Mutant Ninja Turtles - Tournament Fighters (USA)
Teenage Mutant Ninja Turtles - Tournament Fighters (USA) (The Cowabunga Collection)	4cf072a5	262160	Teenage Mutant Ninja Turtles - Tournament Fighters (USA)
Teenage Mutant Ninja Turtles 2 - The Manhattan Project (Japan)	882a9f9f	524304	Teenage Mutant Ninja Turtles III - The Manhattan Project (USA)
Teenage Mutant Ninja Turtles 2 - The Manhattan Project (Japan) (The Cowabunga Collection)	b951f35a	524304	Teenage Mutant Ninja Turtles III - The Manhattan Project (USA)
Teenage Mutant Ninja Turtles II - The Arcade Game (Australia)	056d1870	524304	Teenage Mutant Ninja Turtles II - The Arcade Game (USA)
Teenage Mutant Ninja Turtles II - The Arcade Game (USA)	2a6c0628	524304	Teenage Mutant Ninja Turtles II - The Arcade Game (USA)
Teenage Mutant Ninja Turtles II - The Arcade Game (USA) (Sample) (1990-08-02)	3eecfb31	524304	Teenage Mutant Ninja Turtles II - The Arcade Game (USA)
Teenage Mutant Ninja Turtles II - The Arcade Game (USA) (Sample) (1990-08-20)	de7b2ff7	524304	Teenage Mutant Ninja Turtles II - The Arcade Game (USA)
Teenage Mutant Ninja Turtles II - The Arcade Game (USA) (The Cowabunga Collection)	1fb3570e	524304	Teenage Mutant Ninja Turtles II - The Arcade Game (USA)
Teenage Mutant Ninja Turtles III - The Manhattan Project (USA)	382001c3	524304	Teenage Mutant Ninja Turtles III - The Manhattan Project (USA)
Teenage Mutant Ninja Turtles III - The Manhattan Project (USA) (The Cowabunga Collection)	095b6d06	524304	Teenage Mutant Ninja Turtles III - The Manhattan Project (USA)
Tenchi o Kurau (Japan)	555f9b9d	262160	Destiny of an Emperor (USA)
Tenchi o Kurau (Japan) (Rev 1)	2ce2e0e3	262160	Destiny of an Emperor (USA)
Tenchi o Kurau II - Shokatsu Koumei Den (Japan)	d27122e5	524304	Tenchi o Kurau II - Shokatsu Koumei Den (Japan)
Tenchi o Kurau II - Shokatsu Koumei Den (Japan) (Rev 1)	a109b36a	524304	Tenchi o Kurau II - Shokatsu Koumei Den (Japan)
Tenka no Goikenban - Mito Koumon (Japan)	334d8c89	262160	Tenka no Goikenban - Mito Koumon (Japan)
Tenkaichi Bushi - Keru Naguuru (Japan)	76d59753	196624	Tenkaichi Bushi - Keru Naguuru (Japan)
Tenkaichi Bushi - Keru Naguuru (Japan) (Namcot Collection)	07933d22	196624	Tenkaichi Bushi - Keru Naguuru (Japan)
Tennis (Europe)	a1390923	24592	Tennis (Japan, USA) (En)
Tennis (Japan, USA) (En)	131f9356	24592	Tennis (Japan, USA) (En)
Tennis (Japan, USA) (En) (Animal Crossing)	b57e33b8	40976	Tennis (Japan, USA) (En)
Tennis (USA) (e-Reader)	7c6df384	24592	Tennis (Japan, USA) (En)
Terao no Dosukoi Oozumou (Japan)	8a9e0b4e	262160	Terao no Dosukoi Oozumou (Japan)
Terminator 2 (Japan)	69c27f6a	262160	Terminator 2 - Judgment Day (USA)
Terminator 2 - Judgment Day (Europe)	67f78cbf	262160	Terminator 2 - Judgment Day (USA)
Terminator 2 - Judgment Day (USA)	425a8509	262160	Terminator 2 - Judgment Day (USA)
Terminator 2 - Judgment Day (USA) (Beta)	ba2aa34b	262160	Terminator 2 - Judgment Day (USA)
Terminator, The (USA, Europe)	8b666c72	262160	Terminator, The (USA, Europe)
Terra Cresta (Japan)	39557fc8	131088	Terra Cresta (USA)
Terra Cresta (USA)	7e760071	131088	Terra Cresta (USA)
Terra Cresta (USA) (Beta)	ead2c515	131088	Terra Cresta (USA)
Tetrastar - The Fighter (Japan)	7b135ec7	524304	Tetrastar - The Fighter (Japan)
Tetris (Bulletproof) (Japan) (En)	16deb167	49168	Tetris (Bulletproof) (Japan) (En)
Tetris (Bulletproof) (Japan) (En) (Rev 1)	c7bf3eaa	49168	Tetris (Bulletproof) (Japan) (En)
Tetris (Bulletproof) (Japan) (En) (Rev 2)	4b91412f	49168	Tetris (Bulletproof) (Japan) (En)
Tetris (Europe)	c99b0fca	49168	Tetris (USA)
Tetris (USA)	d16ea396	49168	Tetris (USA)
Tetris 2 (Europe)	8d392a5f	262160	Tetris 2 (USA)
Tetris 2 (USA)	88af6c84	262160	Tetris 2 (USA)
Tetris 2 + Bombliss (Japan) (En)	317ac215	131088	Tetris 2 + Bombliss (Japan) (En)
Tetris 2 + Bombliss (Japan) (En) (Rev 1)	f3cb6453	131088	Tetris 2 + Bombliss (Japan) (En)
Tetris Flash (Japan)	33baa603	262160	Tetris 2 (USA)
Tetsudou Ou - Famicom Boardgame (Japan)	2a4a9871	65552	Tetsudou Ou - Famicom Boardgame (Japan)
Tetsuwan Atom (Japan)	00c2ccaf	262160	Tetsuwan Atom (Japan)
Thexder (Japan) (En)	6534b917	40976	Thexder (Japan) (En)
Thomas the Tank Engine & Friends (USA) (Proto)	5fd30c1b	262160	Thomas the Tank Engine & Friends (USA) (Proto)
Three Stooges, The (USA)	af15196c	262160	Three Stooges, The (USA)
Three Stooges, The (USA) (Beta) (1989-02-23)	e0076eda	262160	Three Stooges, The (USA)
Thunder & Lightning (USA)	afdcc984	163856	Thunder & Lightning (USA)
Thunderbirds (Japan)	87eb3022	262160	Thunderbirds (USA)
Thunderbirds (USA)	d145e645	262160	Thunderbirds (USA)
Thunderbolt Fighting Plane (World) (QUByte Classics)	0214c000	262160	Thunderbolt Fighting Plane (World) (QUByte Classics)
Thundercade (USA)	fb84d8d8	131088	Thundercade (USA)
Tiger-Heli (Europe)	9b58688c	65552	Tiger-Heli (USA)
Tiger-Heli (Europe) (Rev 1)	4e347113	65552	Tiger-Heli (USA)
Tiger-Heli (Japan)	d9a0eff0	65552	Tiger-Heli (USA)
Tiger-Heli (Japan) (Toaplan Arcade Garage)	f256136d	65680	Tiger-Heli (USA)
Tiger-Heli (USA)	340fe664	65552	Tiger-Heli (USA)
Tiger-Heli (USA) (Rev 1) (Possible Proto)	e163fffb	65552	Tiger-Heli (USA)
Tiger-Heli (USA) (Toaplan Arcade Garage)	3ff414d9	65552	Tiger-Heli (USA)
Time Diver - Eon Man (Japan) (En) (Proto)	04483a7d	262160	Time Diver - Eon Man (USA) (Proto)
Time Diver - Eon Man (USA) (Proto)	5f5e2417	262160	Time Diver - Eon Man (USA) (Proto)
Time Lord (Europe)	b6739f42	131088	Time Lord (USA)
Time Lord (USA)	74bd0627	131088	Time Lord (USA)
Time Zone (Japan)	58bcc214	262160	Time Zone (Japan)
Times of Lore (Japan)	8b33eec0	131088	Times of Lore (USA)
Times of Lore (USA)	ab48f25c	131088	Times of Lore (USA)
Tiny Toon Adventures (Europe)	df6f6b68	262160	Tiny Toon Adventures (USA)
Tiny Toon Adventures (Japan)	935d29c2	262160	Tiny Toon Adventures (USA)
Tiny Toon Adventures (USA)	2264393e	262160	Tiny Toon Adventures (USA)
Tiny Toon Adventures - Cartoon Workshop (Europe)	18f9ea4a	262160	Tiny Toon Adventures - Cartoon Workshop (USA)
Tiny Toon Adventures - Cartoon Workshop (USA)	8a9c8739	262160	Tiny Toon Adventures - Cartoon Workshop (USA)
Tiny Toon Adventures 2 - Montana Land e Youkoso (Japan)	0c40ba29	262160	Tiny Toon Adventures 2 - Trouble in Wackyland (USA)
Tiny Toon Adventures 2 - Trouble in Wackyland (Europe)	bc7952e8	262160	Tiny Toon Adventures 2 - Trouble in Wackyland (USA)
Tiny Toon Adventures 2 - Trouble in Wackyland (USA)	3a1c095f	262160	Tiny Toon Adventures 2 - Trouble in Wackyland (USA)
Titan (Japan)	d4383fa3	131088	Titan (Japan)
Titan (World) (Evercade)	76c9707c	131088	Titan (Japan)
Titan Warriors (USA) (Proto 1)	27a8c39a	131088	Titan Warriors (USA) (Proto 1)
Titan Warriors (USA) (Proto 2)	8f581d57	131088	Titan Warriors (USA) (Proto 1)
To the Earth (Europe)	af0c819f	65552	To the Earth (USA)
To the Earth (USA)	24a7fc11	65552	To the Earth (USA)
Toki (USA)	5bebc151	393232	Toki (USA)
Toki (USA) (Beta)	ff238cac	393232	Toki (USA)
Toki no Tabibito - Time Stranger (Japan)	6101e9a6	131088	Toki no Tabibito - Time Stranger (Japan)
Tokkyuu Shirei Solbrain (Japan)	0cb8cbce	262160	Shatterhand (USA)
Tokoro-san no Mamoru mo Semeru mo (Japan)	068a8536	65552	Tokoro-san no Mamoru mo Semeru mo (Japan)
Tom & Jerry (Japan)	f153a2cd	262160	Tom & Jerry - The Ultimate Game of Cat and Mouse! (USA)
Tom & Jerry - The Ultimate Game of Cat and Mouse! (Europe)	cd2fd883	262160	Tom & Jerry - The Ultimate Game of Cat and Mouse! (USA)
Tom & Jerry - The Ultimate Game of Cat and Mouse! (USA)	6d82d2cf	262160	Tom & Jerry - The Ultimate Game of Cat and Mouse! (USA)
Tom Sawyer no Bouken (Japan)	d3b92789	262160	Adventures of Tom Sawyer (USA)
Tombs & Treasure (USA)	dffdd09e	262160	Tombs & Treasure (USA)
Top Gun (Europe)	c3384179	131088	Top Gun (USA)
Top Gun (Japan)	63fbad0f	131088	Top Gun (USA)
Top Gun (USA)	1a128383	131088	Top Gun (USA)
Top Gun (USA) (Rev 1)	9b5db874	131088	Top Gun (USA)
Top Gun - Dual Fighters (Japan)	712f4f34	262160	Top Gun - The Second Mission (USA)
Top Gun - The Second Mission (Europe)	9e92590e	262160	Top Gun - The Second Mission (USA)
Top Gun - The Second Mission (USA)	d43311d2	262160	Top Gun - The Second Mission (USA)
Top Rider (Japan)	7af1fbdd	163856	Top Rider (Japan)
Top Striker (Japan)	8b6bacac	262160	Top Striker (Japan)
Total Recall (Europe)	187f3566	131088	Total Recall (USA)
Total Recall (USA)	804b6a4f	131088	Total Recall (USA)
Totally Rad (Europe)	7db7693e	262160	Totally Rad (USA)
Totally Rad (USA)	0d90376f	262160	Totally Rad (USA)
Totally Rad (World) (Evercade)	5ae9b4a2	262160	Totally Rad (USA)
Totsuzen! Macchoman (Japan)	4683ffbb	131088	Amagon (USA)
Totsuzen! Macchoman (Japan) (Beta)	5f1303f3	131088	Amagon (USA)
Touchdown Fever (USA)	c32b1827	163856	Touchdown Fever (USA)
Touhou Kenbun Roku (Japan)	6b258e03	262160	Touhou Kenbun Roku (Japan)
Toukon Club (Japan)	33a8f787	393232	Toukon Club (Japan)
Toukyou Pachi-Slot Adventure (Japan)	ae32e691	262160	Toukyou Pachi-Slot Adventure (Japan)
Toukyou Pachi-Slot Adventure (Japan) (Rev 1)	eab50056	262160	Toukyou Pachi-Slot Adventure (Japan)
Tower of Druaga, The (World) (Evercade)	d86e1ae3	40976	Druaga no Tou (Japan)
Tower of Radia, The (USA) (Proto)	3ddd413b	393232	Radia Senki - Reimei Hen (Japan)
Town & Country Surf Designs - Thrilla's Surfari (USA)	d62aca92	262160	Town & Country Surf Designs - Thrilla's Surfari (USA)
Town & Country Surf Designs - Wood & Water Rage (USA)	b243db6f	65552	Town & Country Surf Designs - Wood & Water Rage (USA)
Toxic Crusaders (USA)	4bb03fe8	262160	Toxic Crusaders (USA)
Track & Field (USA)	fd631930	65552	Track & Field (USA)
Track & Field II (Europe)	fd4b1cf6	262160	Track & Field II (USA)
Track & Field II (USA)	f5594831	262160	Track & Field II (USA)
Track & Field II (USA) (Rev 1)	83385a61	262160	Track & Field II (USA)
Track & Field in Barcelona (Europe)	104aa49c	65552	Track & Field (USA)
Treasure Master (USA)	4581938a	262160	Treasure Master (USA)
Triathlon, The (Japan) (En)	30ac8f36	262160	Triathlon, The (Japan) (En)
Trog! (Europe)	52f8c0c5	131088	Trog! (USA)
Trog! (USA)	4aa69e03	131088	Trog! (USA)
Trojan (Europe)	ab05b1f7	131088	Trojan (USA)
Trojan (USA)	58f0506e	131088	Trojan (USA)
Trolls in Crazyland, The (Europe)	99d6779a	262160	Trolls in Crazyland, The (Europe)
Trolls in Crazyland, The (USA) (Proto)	e9c0db8f	262160	Trolls in Crazyland, The (Europe)
Tsuppari Oozumou (Japan)	f110f69f	65552	Tsuppari Oozumou (Japan)
Tsuppari Oozumou (Japan) (Virtual Console)	ae488f52	65552	Tsuppari Oozumou (Japan)
Tsuppari Wars (Japan)	ab031f46	262160	Tsuppari Wars (Japan)
Tsuri Kichi Sanpei - Blue Marlin Hen (Japan)	fed6faf9	131088	Tsuri Kichi Sanpei - Blue Marlin Hen (Japan)
Tsuru Pika Hagemaru - Mezase! Tsuru Seko no Akashi (Japan)	8bc8df00	262160	Tsuru Pika Hagemaru - Mezase! Tsuru Seko no Akashi (Japan)
Turbo Racing (Europe)	b5ddc4aa	262160	Al Unser Jr. Turbo Racing (USA)
Twin Cobra (USA)	b54ed2dd	262160	Twin Cobra (USA)
Twin Cobra (USA) (Toaplan Arcade Garage)	b54d3e81	262160	Twin Cobra (USA)
Twin Eagle (Japan) (En)	98387604	131088	Twin Eagle (USA)
Twin Eagle (USA)	6be8ada1	131088	Twin Eagle (USA)
TwinBee (Japan) (En)	65323e89	49168	TwinBee (Japan) (En)
TwinBee (Japan) (En) (FamicomBox)	24bcde89	49168	TwinBee (Japan) (En)
TwinBee 3 - Poko Poko Daimaou (Japan)	077876c0	262160	TwinBee 3 - Poko Poko Daimaou (Japan)
TwinBee 3 - Poko Poko Daimaou (Japan) (Sample)	9a369509	262160	TwinBee 3 - Poko Poko Daimaou (Japan)
U-Force Power Games (USA) (Proto 1)	20934e75	65552	U-Force Power Games (USA) (Proto 1)
U.S. Championship V'Ball (Japan)	fa10bfd9	262160	Super Spike V'Ball (USA)
U.S. Championship V'Ball (Japan) (Sample)	0c2b71b4	262160	Super Spike V'Ball (USA)
USA Ice Hockey in FC (Japan)	7f32c2be	262160	Pro Sport Hockey (USA)
UWC (USA) (Proto)	f19883e5	131088	UWC (USA) (Proto)
Uchuu Keibitai SDF (Japan)	79836939	262160	Uchuu Keibitai SDF (Japan)
Uchuusen Cosmo Carrier (Japan)	bbdecd91	262160	Uchuusen Cosmo Carrier (Japan)
Ufouria - The Saga (Europe)	31973a56	262160	Ufouria - The Saga (Europe)
Ufouria - The Saga (Europe) (Beta)	29a79cc9	262160	Ufouria - The Saga (Europe)
Ufouria - The Saga (USA) (Proto 1) [b]	51125d00	131088	Ufouria - The Saga (Europe)
Ufouria - The Saga (USA) (Proto 2)	8ff38265	393232	Ufouria - The Saga (Europe)
Ufouria - The Saga (USA, Europe) (Wii U Virtual Console)	74a57c2b	262160	Ufouria - The Saga (Europe)
Ufouria - The Saga (USA, Europe) (Wii Virtual Console)	61b971cc	262160	Ufouria - The Saga (Europe)
Ufouria - The Saga (World) (Evercade)	181453fb	262160	Ufouria - The Saga (Europe)
Ultima - Exodus (USA)	eb9eba3f	262160	Ultima - Exodus (USA)
Ultima - Kyoufu no Exodus (Japan)	6a97e33b	262160	Ultima - Exodus (USA)
Ultima - Quest of the Avatar (USA)	edc2ef27	262160	Ultima - Quest of the Avatar (USA)
Ultima - Seija e no Michi (Japan)	3e405cc1	262160	Ultima - Quest of the Avatar (USA)
Ultima - Warriors of Destiny (USA)	07bb74d6	262160	Ultima - Warriors of Destiny (USA)
Ultimate Air Combat (Europe) (En,Fr,De)	be53e621	524304	Ultimate Air Combat (USA)
Ultimate Air Combat (Europe) (En,Fr,De) (Beta)	17ab4954	524304	Ultimate Air Combat (USA)
Ultimate Air Combat (USA)	60cabff5	524304	Ultimate Air Combat (USA)
Ultimate Air Combat (USA) (Beta)	5a560932	524304	Ultimate Air Combat (USA)
Ultimate Basketball (USA)	24d5034b	262160	Ultimate Basketball (USA)
Ultraman Club - Kaijuu Daikessen!! (Japan)	be8343e2	393232	Ultraman Club - Kaijuu Daikessen!! (Japan)
Ultraman Club - Supokon Fight! (Japan) (Datach)	19db90c4	262160	Ultraman Club - Supokon Fight! (Japan) (Datach)
Ultraman Club 2 - Kaettekita Ultraman Club (Japan)	c23926cd	262160	Ultraman Club 2 - Kaettekita Ultraman Club (Japan)
Ultraman Club 3 - Matamata Shutsugeki!! Ultra Kyoudai (Japan)	79fbdc03	393232	Ultraman Club 3 - Matamata Shutsugeki!! Ultra Kyoudai (Japan)
Uncanny X-Men, The (USA)	898fe37a	131088	Uncanny X-Men, The (USA)
Uncharted Waters (USA)	58570ace	655376	Uncharted Waters (USA)
Uninvited (USA)	e0a24dd0	262160	Uninvited (USA)
Uninvited (USA) (Beta) (1990-07-04)	185db4c6	262160	Uninvited (USA)
Uninvited (USA) (Beta) (1990-08-23)	6f058fb2	262160	Uninvited (USA)
Uninvited (USA) (Beta) (1990-08-30)	02e23d4a	262160	Uninvited (USA)
Uninvited (USA) (Beta) (1990-09-10)	446511f9	262160	Uninvited (USA)
Uninvited (World) (8-bit Adventure Anthology - Volume I)	b160c18c	262160	Uninvited (USA)
Untouchables, The (Japan)	2616ae28	262160	Untouchables, The (USA)
Untouchables, The (USA)	dc06fe01	262160	Untouchables, The (USA)
Untouchables, The (USA) (Rev 1)	a413fa78	262160	Untouchables, The (USA)
Untouchables, The (USA) (Rev 2)	dc5e5e6d	262160	Untouchables, The (USA)
Urban Champion (USA) (e-Reader)	403e924c	24592	Urban Champion (World)
Urban Champion (World)	e64b806e	24592	Urban Champion (World)
Urusei Yatsura - Lum no Wedding Bell (Japan)	c936c254	65552	Urusei Yatsura - Lum no Wedding Bell (Japan)
Urusei Yatsura - Lum no Wedding Bell (Japan) (Beta)	efe62a83	65552	Urusei Yatsura - Lum no Wedding Bell (Japan)
Ushio to Tora - Shinen no Taiyou (Japan)	4f3bab82	393232	Ushio to Tora - Shinen no Taiyou (Japan)
Utsurun Desu. - Kawauso Hawaii e Iku (Japan)	9b7c33bd	262160	Utsurun Desu. - Kawauso Hawaii e Iku (Japan)
Valkyrie no Bouken - Toki no Kagi Densetsu (Japan)	f9768d2a	65552	Valkyrie no Bouken - Toki no Kagi Densetsu (Japan)
Valkyrie no Bouken - Toki no Kagi Densetsu (Japan) (Namcot Collection)	2b84bbc1	65552	Valkyrie no Bouken - Toki no Kagi Densetsu (Japan)
Valkyrie no Bouken - Toki no Kagi Densetsu (Japan) (Virtual Console)	35942cec	65552	Valkyrie no Bouken - Toki no Kagi Densetsu (Japan)
Vegas Connection - Casino kara Ai o Komete (Japan)	18712834	262160	Vegas Connection - Casino kara Ai o Komete (Japan)
Vegas Dream (USA)	9aaf55bc	262160	Vegas Dream (USA)
Venus Senki - Back the City (Japan)	e1123ca2	262160	Venus Senki - Back the City (Japan)
Vice - Project Doom (USA)	ce8e8a9c	262160	Vice - Project Doom (USA)
Vice - Project Doom (USA) (Beta)	ee398627	262160	Vice - Project Doom (USA)
Videomation (USA)	3f0770fd	32784	Videomation (USA)
Virus (USA) (Proto 1)	cac36615	40976	Dr. Mario (Japan, USA) (En)
Virus (USA) (Proto 2)	9c249e25	49168	Dr. Mario (Japan, USA) (En)
Virus (USA) (Proto 3) (PC10) [b]	8064e7d6	65552	Dr. Mario (Japan, USA) (En)
Viva! Las Vegas (Japan)	8522a407	262160	Vegas Dream (USA)
Volguard II (Japan) (En)	878b988e	40976	Volguard II (Japan) (En)
Volleyball (Japan) (FamicomBox)	938455a1	40976	Volleyball (USA, Europe)
Volleyball (USA, Europe)	ca08c382	40976	Volleyball (USA, Europe)
Volleyball (USA, Europe) (Virtual Console)	0acb4685	40976	Volleyball (USA, Europe)
WCW World Championship Wrestling (USA)	e51e362a	262160	WCW World Championship Wrestling (USA)
WWF King of the Ring (Europe)	dc4f94fe	393232	WWF King of the Ring (USA)
WWF King of the Ring (USA)	a0069e9b	393232	WWF King of the Ring (USA)
WWF WrestleMania (Europe)	bdcc0243	131088	WWF WrestleMania (USA)
WWF WrestleMania (USA)	a6161a10	131088	WWF WrestleMania (USA)
WWF WrestleMania - Challenge (Europe)	f7c56172	131088	WWF WrestleMania - Challenge (USA)
WWF WrestleMania - Challenge (Japan)	574e8ead	131088	WWF WrestleMania - Challenge (USA)
WWF WrestleMania - Challenge (USA)	04ed019d	131088	WWF WrestleMania - Challenge (USA)
WWF WrestleMania - Steel Cage Challenge (Europe)	faa07975	393232	WWF WrestleMania - Steel Cage Challenge (USA)
WWF WrestleMania - Steel Cage Challenge (USA)	0f295559	393232	WWF WrestleMania - Steel Cage Challenge (USA)
WWF WrestleMania - Steel Cage Challenge (USA) (Beta)	43be5168	393232	WWF WrestleMania - Steel Cage Challenge (USA)
Wacky Races (USA)	fbacc3cd	262160	Wacky Races (USA)
Wagyan Land (Japan)	0f438689	196624	Wagyan Land (Japan)
Wagyan Land (Japan) (Namcot Collection)	5ae42ede	196624	Wagyan Land (Japan)
Wagyan Land 2 (Japan)	b4e84ac0	393232	Wagyan Land 2 (Japan)
Wagyan Land 2 (Japan) (Virtual Console)	bf033836	393232	Wagyan Land 2 (Japan)
Wagyan Land 3 (Japan)	6fe3b646	524304	Wagyan Land 3 (Japan)
Wai Wai World 2 - SOS!! Parsley Jou (Japan)	083b1e00	393232	Wai Wai World 2 - SOS!! Parsley Jou (Japan)
Wai Wai World 2 - SOS!! Parsley Jou (Japan) (Virtual Console)	c8a626ff	393232	Wai Wai World 2 - SOS!! Parsley Jou (Japan)
Wall Street Kid (USA)	e256aed4	131088	Wall Street Kid (USA)
Wanpaku Duck Yume Bouken (Japan)	7879cc49	131088	DuckTales (USA)
Wanpaku Duck Yume Bouken (Japan) (Beta)	3c09b832	131088	DuckTales (USA)
Wanpaku Kokkun no Gourmet World (Japan)	6ed1b405	262160	Panic Restaurant (USA)
War on Wheels (USA) (Proto)	d4ab8660	262160	War on Wheels (USA) (Proto)
Wario no Mori (Japan) (En)	fbf569cf	524304	Wario's Woods (USA)
Wario's Woods (Europe)	63763814	524304	Wario's Woods (USA)
Wario's Woods (USA)	0f8d9597	524304	Wario's Woods (USA)
Warpman (Japan) (En)	a37dba3b	24592	Warpman (Japan) (En)
Warpman (World) (Evercade)	12dd3017	24592	Warpman (Japan) (En)
Warpman (World) (Namcot Collection)	4391bc40	24592	Warpman (Japan) (En)
Warpman (World) (Rev 1) (Namcot Collection)	726e0be4	24592	Warpman (Japan) (En)
Wayne Gretzky Hockey (USA)	b13edf19	131088	Wayne Gretzky Hockey (USA)
Wayne's World (USA)	0b74e235	262160	Wayne's World (USA)
Werewolf - The Last Warrior (Europe)	225af4dd	262160	Werewolf - The Last Warrior (USA)
Werewolf - The Last Warrior (USA)	8885aa9a	262160	Werewolf - The Last Warrior (USA)
Western Kids (Japan)	8c9bc742	524304	Cowboy Kid (USA)
Wheel of Fortune (USA)	6afd3dac	131088	Wheel of Fortune (USA)
Wheel of Fortune (USA) (Rev 1)	a26d6dd2	131088	Wheel of Fortune (USA)
Wheel of Fortune - Family Edition (USA)	919f6c97	131088	Wheel of Fortune - Family Edition (USA)
Wheel of Fortune - Junior Edition (USA)	f93dac2e	131088	Wheel of Fortune - Junior Edition (USA)
Wheel of Fortune Featuring Vanna White (USA)	d3255b59	131088	Wheel of Fortune Featuring Vanna White (USA)
Wheel of Fortune Featuring Vanna White (USA) (Beta)	01e579a6	131088	Wheel of Fortune Featuring Vanna White (USA)
Where in Time Is Carmen Sandiego (USA)	56a2b527	393232	Where in Time Is Carmen Sandiego (USA)
Where's Waldo (USA)	d7ba2fa0	262160	Where's Waldo (USA)
White Lion Densetsu - Pyramid no Kanata ni (Japan)	b92e873f	262160	Ghost Lion (USA)
Who Framed Roger Rabbit (USA)	83b75948	131088	Who Framed Roger Rabbit (USA)
Whomp 'Em (USA)	d46c404b	262160	Whomp 'Em (USA)
Whomp 'Em (USA) (Beta)	605ee262	262160	Whomp 'Em (USA)
Widget (USA)	5c706398	262160	Widget (USA)
Wild Gunman (Japan, USA) (En)	d8798f09	24592	Wild Gunman (Japan, USA) (En)
Wild Gunman (World) (Rev 1)	9cb35d19	24592	Wild Gunman (Japan, USA) (En)
Willow (Europe)	e145d3c0	262160	Willow (USA)
Willow (Japan)	89be886a	262160	Willow (USA)
Willow (USA)	eca7b5f9	262160	Willow (USA)
Wily & Right no Rockboard - That's Paradise (Japan)	ebfbdb1e	262160	Wily & Right no Rockboard - That's Paradise (Japan)
Wily & Right no Rockboard - That's Paradise (Japan) (Sample)	05384007	262160	Wily & Right no Rockboard - That's Paradise (Japan)
Win, Lose or Draw (USA)	a0d38317	131088	Win, Lose or Draw (USA)
Wing of Madoola, The (World) (Red Art Games)	37c7ccd0	65552	Wing of Madoola, The (World) (Red Art Games)
Winter Games (USA)	05167d13	131088	Winter Games (USA)
Winter Games (USA) (Rev 1)	c2ae4cea	131088	Winter Games (USA)
Wit's (Japan)	136b61df	131088	Wit's (Japan)
Wizardry - Knight of Diamonds - The Second Scenario (USA)	10cd0310	262160	Wizardry - Knight of Diamonds - The Second Scenario (USA)
Wizardry - Knight of Diamonds - The Second Scenario (USA) (Beta)	679b17cd	262160	Wizardry - Knight of Diamonds - The Second Scenario (USA)
Wizardry - Proving Grounds of the Mad Overlord (Japan)	ca446ef0	262160	Wizardry - Proving Grounds of the Mad Overlord (USA)
Wizardry - Proving Grounds of the Mad Overlord (USA)	e59540af	262160	Wizardry - Proving Grounds of the Mad Overlord (USA)
Wizardry II - Llylgamyn no Isan (Japan)	91dcbd49	262160	Wizardry II - Llylgamyn no Isan (Japan)
Wizardry III - Diamond no Kishi (Japan)	98f7fe0d	262160	Wizardry - Knight of Diamonds - The Second Scenario (USA)
Wizards & Warriors (Europe)	8feb0c03	131088	Wizards & Warriors (USA)
Wizards & Warriors (USA)	c15a0d3c	131088	Wizards & Warriors (USA)
Wizards & Warriors (USA) (Rev 1)	b756c4dc	131088	Wizards & Warriors (USA)
Wizards & Warriors III - Kuros...Visions of Power (Europe)	acebd1c3	262160	Wizards & Warriors III - Kuros...Visions of Power (USA)
Wizards & Warriors III - Kuros...Visions of Power (USA)	3a3e350f	262160	Wizards & Warriors III - Kuros...Visions of Power (USA)
Wolverine (USA)	8efe8cbd	262160	Wolverine (USA)
Woody Poko (Japan)	09761c10	131088	Woody Poko (Japan)
World Boxing (Japan)	b154de68	262160	World Boxing (Japan)
World Champ (Europe)	e45276e2	262160	World Champ (USA)
World Champ (USA)	3e2a0797	262160	World Champ (USA)
World Class Track Meet (USA)	725d54b6	65552	Stadium Events (USA)
World Class Track Meet (USA) (Rev 1)	8a29afc2	65552	Stadium Events (USA)
World Games (USA)	671632d0	131088	World Games (USA)
World Grand-Prix - Pole to Finish (Japan)	89d9f1e2	262160	Al Unser Jr. Turbo Racing (USA)
World Super Tennis (Japan)	bd55fb21	262160	Chris Evert & Ivan Lendl in Top Players' Tennis (USA)
Wrath of the Black Manta (Europe)	3e1f7782	262160	Wrath of the Black Manta (USA)
Wrath of the Black Manta (USA)	0ac8f20b	262160	Wrath of the Black Manta (USA)
Wrath of the Black Manta (USA) (Rev 1)	c61ee83f	262160	Wrath of the Black Manta (USA)
Wrecking Crew (World)	96581ff3	40976	Wrecking Crew (World)
Wrecking Crew (World) (Virtual Console)	175e419c	40976	Wrecking Crew (World)
Wurm - Journey to the Center of the Earth! (USA)	5039d42a	262160	Wurm - Journey to the Center of the Earth! (USA)
Xenophobe (USA)	587d3801	163856	Xenophobe (USA)
Xevious (Europe)	12b20f12	40976	Xevious - The Avenger (USA)
Xevious (Japan) (En)	d006e0e8	40976	Xevious - The Avenger (USA)
Xevious (Japan) (En) (Rev 1)	c1837e24	40976	Xevious - The Avenger (USA)
Xevious (World) (Namcot Collection, Namco Museum Archives Vol 1)	b4280b71	40976	Xevious - The Avenger (USA)
Xevious - The Avenger (USA)	bc12e525	40976	Xevious - The Avenger (USA)
Xevious - The Avenger (World) (Evercade)	a410aac1	40976	Xevious - The Avenger (USA)
Xexyz (USA)	4df8e460	262160	Xexyz (USA)
Yamamura Misa Suspense Series - Kyoto Zai-Tech Satsujin Jiken (Japan)	798d4acd	262160	Yamamura Misa Suspense Series - Kyoto Zai-Tech Satsujin Jiken (Japan)
Yami no Shigotonin Kage (Japan)	232e97ab	262160	Shadow of the Ninja (USA)
Yami no Shigotonin Kage (Japan) (Sample)	2095b955	262160	Shadow of the Ninja (USA)
Yasuda Fire & Marine - Safety Rally (Japan) (Not For Resale)	86a68fad	163856	Yasuda Fire & Marine - Safety Rally (Japan) (Not For Resale)
Yie Ar Kung-Fu (Japan) (En) (Rev 1.2)	4c6c2ebe	24592	Yie Ar Kung-Fu (Japan) (En) (Rev 1.4)
Yie Ar Kung-Fu (Japan) (En) (Rev 1.4)	41088d5e	24592	Yie Ar Kung-Fu (Japan) (En) (Rev 1.4)
Yo! Noid (USA)	ac488a7a	262160	Yo! Noid (USA)
Yo! Noid (USA) (Beta)	96f60aca	262160	Yo! Noid (USA)
Yoshi (USA)	ce8f7782	163856	Yoshi (USA)
Yoshi no Cookie (Japan)	8968b46a	196624	Yoshi's Cookie (USA)
Yoshi no Tamago (Japan)	37289688	163856	Yoshi (USA)
Yoshi's Cookie (Europe)	89b62a90	196624	Yoshi's Cookie (USA)
Yoshi's Cookie (Europe) (Virtual Console)	b5f0adbd	262160	Yoshi's Cookie (USA)
Yoshi's Cookie (USA)	2db3f64a	196624	Yoshi's Cookie (USA)
Yoshi's Cookie (USA) (Virtual Console)	1bfb9151	196624	Yoshi's Cookie (USA)
Youkai Club (Japan)	76f1cf54	163856	Youkai Club (Japan)
Youkai Club (Japan) (Rev 1)	fefe31b9	163856	Youkai Club (Japan)
Youkai Douchuuki (Japan)	6bfe4c0b	262160	Youkai Douchuuki (Japan)
Youkai Douchuuki (Japan) (Namcot Collection)	240f9034	262160	Youkai Douchuuki (Japan)
Youkai Douchuuki (Japan) (Virtual Console)	48f69316	262160	Youkai Douchuuki (Japan)
Young Indiana Jones Chronicles, The (USA)	8e7f174e	262160	Young Indiana Jones Chronicles, The (USA)
Yousei Monogatari - Rod Land (Japan)	aa6479fd	131088	Rod Land (World) (Retro-Bit) (256KiB)
Ys (Japan)	ddcce534	262160	Ys (Japan)
Ys II - Ancient Ys Vanished - The Final Chapter (Japan)	b1c019ab	393232	Ys II - Ancient Ys Vanished - The Final Chapter (Japan)
Ys III - Wanderers from Ys (Japan)	d4e0c638	393232	Ys III - Wanderers from Ys (Japan)
Yu Yu Hakusho - Bakutou Ankoku Bujutsukai (Japan) (Datach)	b78499c3	262160	Yu Yu Hakusho - Bakutou Ankoku Bujutsukai (Japan) (Datach)
Yume Penguin Monogatari (Japan)	70428fdf	262160	Yume Penguin Monogatari (Japan)
Zanac (USA)	b6a21f1e	131088	Zanac (USA)
Zelda II - The Adventure of Link (Europe)	bf3db9ec	262160	Zelda II - The Adventure of Link (USA)
Zelda II - The Adventure of Link (Europe) (Rev 1)	6f151d25	262160	Zelda II - The Adventure of Link (USA)
Zelda II - The Adventure of Link (Europe) (Rev 2)	bf7692bc	262160	Zelda II - The Adventure of Link (USA)
Zelda II - The Adventure of Link (Europe) (Rev 2) (Virtual Console)	b86a2328	262160	Zelda II - The Adventure of Link (USA)
Zelda II - The Adventure of Link (USA)	861c3fe6	262160	Zelda II - The Adventure of Link (USA)
Zelda II - The Adventure of Link (USA) (Virtual Console)	ee71d5a5	262160	Zelda II - The Adventure of Link (USA)
Zelda II - The Adventure of Link (USA) (Zelda Collection)	1a01262f	262160	Zelda II - The Adventure of Link (USA)
Zelda no Densetsu 1 - The Hyrule Fantasy (Japan)	746e32ae	131088	Legend of Zelda, The (USA)
Zen - Intergalactic Ninja (Europe)	7b671f92	262160	Zen - Intergalactic Ninja (USA)
Zen - Intergalactic Ninja (USA)	63ee69c7	262160	Zen - Intergalactic Ninja (USA)
Zenbei Pro Basket (Japan)	f3c6d400	262160	All-Pro Basketball (USA)
Zippy Race (Japan)	2354a516	24592	Zippy Race (Japan)
Zoda's Revenge - StarTropics II (USA)	07e4fd14	524304	Zoda's Revenge - StarTropics II (USA)
Zoda's Revenge - StarTropics II (USA, Europe) (Virtual Console)	e4c51526	524304	Zoda's Revenge - StarTropics II (USA)
Zoids - Chuuou Tairiku no Tatakai (Japan)	74117e86	131088	Zoids - Chuuou Tairiku no Tatakai (Japan)
Zoids - Chuuou Tairiku no Tatakai (Japan) (Rev 1)	4478bb53	131088	Zoids - Chuuou Tairiku no Tatakai (Japan)
Zoids 2 - Zenebas no Gyakushuu (Japan)	c6781fd6	262160	Zoids 2 - Zenebas no Gyakushuu (Japan)
Zoids Mokushiroku (Japan)	48dbd75b	262160	Zoids Mokushiroku (Japan)
Zombie Hunter (Japan)	6806820f	163856	Zombie Hunter (Japan)
Zombie Nation (USA)	b842b58c	262160	Zombie Nation (USA)
Zombie Nation (USA) (Beta)	f58fb1b5	262160	Zombie Nation (USA)
Zunou Senkan Galg (Japan) (En)	8fc0fcc6	40976	Zunou Senkan Galg (Japan) (En)
Zunou Senkan Galg (Japan) (En) (Beta)	40366d45	40976	Zunou Senkan Galg (Japan) (En)
