#key	synopsis
'89 Dennou Kyuusei Uranai (Japan)	'89 Dennou Kyuusei Uranai est un jeu particulier puisque le joueur doit rentrer sa date de naissance pour connaître sa planète de prédilection. Ensuite la cartouche vous propose de répondre à une série de questions pour vous lire l'avenir. 36 15 voyance avant l'heure ?
10-Yard Fight (USA, Europe)	Le jeu est jouable en solo ou en face à face avec un second joueur et propose 5 niveaux de difficulté. Vous pouvez contrôler un certain nombre de joueurs selon la situation (attaque ou défense) et devez marquer un maximum de points en deux mi-temps de 30 minutes chacune (en temps accéléré).
1942 (Japan, USA) (En)	Un shoot'em up qui vous place aux commandes d'un avion américain face aux flottes japonaises. A chaque début de niveau vous décollez de votre porte-avions pour survoler terres et mers en vue de détruire des formations entières d'avions ennemis, cela vous permettant d'acquérir des bonus pour vos armes.
1943 - The Battle of Midway (USA)	Ce jeu est la suite de 1942, avec un gemaplay assez similaire. Le joueur devra à nouveau se battre dans le ciel pendant la Seconde Guerre mondiale. Cette bataille intense se déroule désormais au large des îles Midway. Les améliorations apportées au gameplay comprennent une barre d'énergie, qui peut être épuisée en étant touché par des tirs ou en utilisant une arme spéciale. La barre d'énergie peut être réapprovisionnée en ramassant des bonus. Des armes spéciales (éclairs, cyclones et vagues) auront quant à elles un force de destruction assez conséquente.
1999 - Hore, Mitakotoka! Seikimatsu (Japan)	1999 : Hore, Mitakotoka! Seikimatsu est un jeu de plateforme sur Famicom inspiré de jeu de société éponyme. Dans cette cartouche, on évolue dans une ville sous forme de plateau de jeu. Pour avancer, vous retournez des cartes qui vous donnent le nombre de cases que vous pouvez parcourir. L'histoire voit des aliens débarquer sur la terre pour prévenir les humains que leur fin est proche.
3-D WorldRunner (USA)	3D World Runner sur Nes est un jeu d'action/tir. Vous incarnez ici un petit personnage en vue de dos, qui devra traverser les 8 niveaux en courant tout en slalomant entre les ennemis à abattre, les obstacles et les crevasses. Chaque fin de niveau est marquée par un combat contre un boss.
4 Nin Uchi Mahjong (Japan)	Jeu de Mahjong où l'on peut affronter trois autres joueurs contrôlés par l'ordinateur.
720 Degrees (USA)	Dans 720º sur NES, vous prenez votre planche de skate et vous ridez dans Skate City, le plus grand skatepark jamais construit. Vous pouvez faire des ollies et des grinds pour marquer le maximum de points dans les compétitions, afin d'obtenir des médailles. Des rampes spéciales sont prévues à cet effet aux alentours du parc principal.
8 Eyes (World) (Digital)	Le jeu se déroule dans un univers post-apocalyptique en cours de reconstruction. Le «Great King» possède les 8 joyaux formés au centre des 8 explosions nucléaires qui ont failli détruire la Terre, aussi appelés 8 Eyes. Vous incarnez Orin et son faucon de combat Cutrus et votre mission est d'infiltrer les 8 châteaux et de récupérer les joyaux en combattant les soldats mutants du roi.
A Ressha de Ikou (Japan)	A Ressha de Ikou est un jeu de simulation de voies ferrées sur Famicom comme on en raffole au Japon. Il faut construire des voies et déployer des trains à proximité des villes pour espérer y faire venir un maximum de personnes et ainsi gagner de l'argent.
Aa Yakyuu Jinsei Icchokusen (Japan)	Aa Yakyuu Jinsei Icchokusen est un jeu de plateau rempli de mini-jeux. Vous suivez la vie d'une future star du baseball, de son enfance à sa consécration. Son évolution physique est aussi joliment détaillée tout au long de votre progression.
Abadox - The Deadly Inner War (USA)	Abadox est un jeu d'action sur Nes. Quelque part, au fin fond de la galaxie, une grande créature alien, Parasitis, a englouti la planète Abadox toute entière. Mais les forces armées de la planète se mettent à l'assaut des créatures étrangères pour sortir de là. Dans la peau d'un soldat, seul vous pouvez arriver à libérer votre peuple.
Addams Family, The (USA)	The Addams Family est un jeu de plates-formes sur Nes. L'histoire se situe vers la fin du film La Famille Addams alors que la famille est expulsée de son manoir par un avocat zélé. Comme si cela ne suffisait pas, on apprend que Morticia, Pugsley, Mercredi et les autres ont disparu ! Vous incarnez donc Gomez, seul rescapé, qui partira à la recherche de sa famille et affrontera tous ses ennemis jusqu'au dernier : l'avocat !
Addams Family, The - Pugsley's Scavenger Hunt (USA)	The Addams Family : Pugsley's Scavenger Hunt est un jeu de plates-formes sur Super Nintendo. Inspiré de l'univers délirant de la Famille Addams, ce jeu vous met dans la peau de Pugsley, le fils de Gomez et de Morticia. Plusieurs membres de la famille ont été faits prisonniers dans le manoir et il ne tient qu'à vous de fouiller les lieux pour les libérer. Il est d'ailleurs possible d'explorer les pièces dans n'importe quel ordre !
Advanced Dungeons & Dragons - Dragons of Flame (Japan)	Dragons of Flame est un jeu de rôle/action sur NES. Vous prenez le contrôle d'un seul héros à la fois, chacun disposant de caractéristiques différentes. Plus vous avancez dans le jeu, plus le niveau de votre personnage augmente.
Advanced Dungeons & Dragons - DragonStrike (USA)	Dragonstrike est un jeu d'action sur Nes. Basé sur l'univers médiéval fantasy d'Advanced Dungeons & Dragons intitulé Dragonlance, ce jeu vous offre une simulation de vol de dragon. Il comporte 20 missions dans lesquelles vous devrez intercepter des dragons ennemis, détruire des flottes et protéger les forces du Bien.
Advanced Dungeons & Dragons - Heroes of the Lance (USA)	Dans le jeu de rôle Heroes of the Lance sur NES, prenez la tête d'une équipe de huit héros et partez à la recherche des disques de Mishakal dans une cité en ruine. Un seul héros peut être contrôlé à la fois et chacun possède ses propres caractéristiques au combat. En privilégiant la force ou la magie, vous pouvez donc créer votre propre style de jeu par le biais des différentes combinaisons.
Advanced Dungeons & Dragons - Hillsfar (USA)	Hillsfar (ou Advanced Dungeons & Dragons: Hillsfar) est un jeu vidéo de rôle développé par Westwood Studios et publié par Strategic Simulations en 1989 sur MS-DOS, Amiga, Atari ST et Commodore 64 puis porté sur NES en novembre 1993. Offrant des quêtes générées aléatoirement, le jeu est basé sur les règles de Donjons et Dragons et se déroule dans l'univers des Royaumes oubliés. Au total, Strategic Simulations a vendu plus de 100 000 copies du jeu. Les joueurs ont la possibilité de créer leurs propres héros, de choisir des personnages pré-tirés ou d'importer leurs personnages depuis d'autres jeux de Strategic Simulations, Inc (par exemple Pool of Radiance ou Curse of the Azure Bonds). Lors de la création d'un héros, le joueur peut choisir sa race (nain, humain, elf ou gnome), sa classe (prêtre, guerrier, magicien ou voleur), et son alignement. Les caractéristiques du nouveau personnage (sa force, son intelligence, son charisme), sont assignées aléatoirement. Le jeu se déroule dans la cité fictive de Hillsfar.
Advanced Dungeons & Dragons - Pool of Radiance (USA)	Pool of Radiance est un jeu de rôle sorti sur Nes. Votre ville est attaquée par de terribles monstres et vous allez devoir tous les terrasser. Une fois ce détail achevé, il ne vous reste plus qu'à chercher la légendaire Pool of Radiance dans des donjons à traverser en vue à la première personne.
Adventure Island (USA)	Vous venez juste de découvrir que la Princesse Leilani a été kidnappée par le sorcier diabolique et emmenée sur Adventure Island dans le Pacifique Sud. Vous arrivez sur Adventure Island sans armes ni nourriture. L'île est remplie de forêts tropicales, de montagnes et de cavernes. Vous devez explorer l'île pour trouver votre skateboard, votre hachette, de la nourriture et autres accessoires utiles qui y sont cachés. Dépêchez-vous de trouver des armes et de la nourriture car vous en aurez besoin pour combattre les araignées, les serpents, les chauve-souris et les démons du sorcier. Le sorcier diabolique a posé plein de pièges que vous devrez surmonter avant de pouvoir l'affronter en duel. Êtes-vous de taille à relever le défi? Pourrez-vous affronter Adventure Island pour sauver la Princesse Leilani?
Adventure Island 3 (USA)	Jeannie Jungle kidnappée par des extraterrestres! Une mystérieuse soucoupe volante vient de s'envoler avec la petite amie de Master Higgins et c'est à lui de la sauver! Mais il doit d'abord vaincre des dizaines de monstres mutants sur huit îles inexplorées! Volez sur un ptérodactyle bombardier ou chevauchez un serpent de mer à la recherche de la disparue! Frayez-vous un chemin à travers tous les nouveaux dangers et défis! Trouvez des chambres au trésor secrètes, surfez à travers les vagues tueuses et saisissez tous les objets bonus que vous pourrez! Action, aventure et plus vous attendent dans ce nouvel épisode passionnant de la saga Adventure Island!
Adventure Island II (USA)	Plongez dans l'action avec Adventure Island II. Le sorcier guérisseur diabolique vient de kidnapper votre bien-aimée. Vous devrez combattre sur huit îles différentes pour la reprendre! Affrontez des monstres préhistoriques, les créatures cracheuses de feu les plus répugnantes qui soient! Echappez à des volcans en fusion. Esquivez les scorpions géants et les cobras royaux. Aiguisez votre hache, enfilez votre tenue en peau de léopard et partez pour Adventure Island II. Vous allez en voir de toutes les couleurs.
Adventures in the Magic Kingdom (USA)	Adventures In The Magic Kingdom est un jeu d'action et de plates-formes sur Nintendo. Le soft vous propose d'aider Mickey et Goofy à retrouver la clé d'or du portail du château de Cendrillon pour que la parade Disney puisse commencer. Vous allez devoir parcourir 5 stages différents pour pouvoir retrouver la fameuse clé. Adventures In The Magic Kingdom n'offre pas de mode multijoueur.
Adventures of Bayou Billy, The (USA)	Vous incarnez Billy West, dont la petite amie Annabelle a été capturée par le maléfique gangster Gordon. Le soft mélange 3 phases de jeu : du beat'em all classique où vous pouvez utiliser des armes de poing et un pistolet, du shoot'em up à la manette ou au Nes Zapper où l'objectif est d'éliminer les ennemis apparaissant à l'écran, et enfin des phases de courses où vous devez échapper à vos assaillants.
Adventures of Dino Riki (USA)	The Adventures Of Dino-Riki sur Nes est un jeu d'action dans lequel vous incarnez le héros du même nom, Dino-Riki. Ce dernier est un chasseur de dinosaures et doit continuellement occire ses ennemis grâce à ses armes primitives. Au fil du jeu, vous gagnerez des améliorations pour vos projectiles et devrez affronter des boss gigantesques !
Adventures of Dr. Franken, The (USA) (Proto)	Jeu d'action-plateformes sorti sur Game Boy et SNES mais jamais officiellement sur NES restant au stade de prototype
Adventures of Gilligan's Island, The (USA)	Gilligan's Island sur Nes est un jeu d'aventure. Vous êtes le Capitaine qui souhaite explorer une île avec son ami Gilligan contrôlé par l'ordinateur. Evitez les pièges, les ravins, parlez aux habitants pour obtenir des informations et résolvez les énigmes.
Adventures of Lolo (Japan) (En)	En visite à Eden, un pays d'amour et de paix, le Prince Lolo de Gentryland passe d'agréables journées en compagnie de la princesse Lala. Mais un jour, Egger, le Roi des ténèbres, qui a décidé de conquérir Eden, kidnappe la princesse sous les yeux de Lolo. Après un voyage long et difficile, Lolo arrive au maléfique Château du labyrinthe. Le château est gardé par une armée de monstres retors à la solde d'Egger. Lolo peut-il résoudre les énigmes sans fin du château et sauver Lala? Lolo n'est pas doué de force ou d'agilité, mais a du courage et de la patience. Maintenant, la bataille de l'esprit commence. Bonne chance, Lolo.
Adventures of Lolo (USA)	En visite à Eden, un pays d'amour et de paix, le Prince Lolo de Gentryland passe d'agréables journées en compagnie de la princesse Lala. Mais un jour, Egger, le Roi des ténèbres, qui a décidé de conquérir Eden, kidnappe la princesse sous les yeux de Lolo. Après un voyage long et difficile, Lolo arrive au maléfique Château du labyrinthe. Le château est gardé par une armée de monstres retors à la solde d'Egger. Lolo peut-il résoudre les énigmes sans fin du château et sauver Lala? Lolo n'est pas doué de force ou d'agilité, mais a du courage et de la patience. Maintenant, la bataille de l'esprit commence. Bonne chance, Lolo.
Adventures of Lolo 2 (USA)	Avec son courage infaillible et son inébranlable tenacité, Lolo, notre héros, a charmé et enchanté les joueurs friands d'énigmes tout autour du monde - et maintenant, le voici prêt à partir pour sa deuxième quête! Joignez vos forces à celles de Lolo et de sa fidèle amie Lala pour accomplir un autre voyage rempli de péripéties et de mystères. Toute l'équipe est de retour - Snakey, Leeper, Medusa, Gol, Don Medusa, Rocky et, bien entendu, Alma, notre préférée.
Adventures of Lolo 3 (USA)	Le but du jeu est de collecter tous les coeurs du niveau. Mais de nombreux ennemis vous mettront des bâtons dans les roues. Ainsi, ils vous empêcheront d'aller chercher les coeurs, et il vous faudra pousser quelques éléments du décor pour leur barrer la route.
Adventures of Lolo II (Japan)	Le but du jeu est de collecter tous les coeurs du niveau. Mais de nombreux ennemis vous mettront des bâtons dans les roues. Ainsi, ils vous empêcheront d'aller chercher les coeurs, et il vous faudra pousser quelques éléments du décor pour leur barrer la route.
Adventures of Rad Gravity, The (World) (Evercade)	Adventures Of Rad Gravity est un jeu de plates-formes sur NES. Vous incarnez Rad Gravity, un homme de l'espace futuriste, et devez empêcher un scientifique devenu fou de rompre l'équilibre de l'univers. Parcourez les différentes planètes pour renouer le contact entre les civilisations et bravez les périls pour arriver jusqu'aux camps des colons !
Adventures of Rocky and Bullwinkle and Friends, The (USA)	The Adventures of Rocky and Bullwinkle and Friends sur Nes est un jeu de plates-formes basé sur l'univers du dessin animé du même nom. Les vils Boris et Natasha on réussi à s'emparer d'objets précieux du Musée Frostbite Falls et nos deux héros doivent tout faire pour les rattraper. En plus des niveaux de plates-formes, plusieurs mini-jeux parsèment l'aventure tandis que d'autres personnages de la série font leur apparition.
Adventures of Tom Sawyer (USA)	Adventures of Tom Sawyer est un jeu de plates-formes sur NES. Inspiré du roman éponyme, ce jeu vous met dans la peau de Tom Sawyer (ou de Huck Finn en mode coopération). Revivez ses aventures sur le Mississipi en sautant par-dessus les dangers multiples et en affrontant les nombreux ennemis avec des pierres !
After Burner (Japan) (En)	Directement issu des salles d'arcade, After Burner sur Nes vous permet de vous installer dans le cockpit d'un F-14 Thunder Cat pour une série de missions en haute altitude. Ce shoot'em up vous donne accès à tout l'armement que l'on peut attendre d'un avion de combat dont les précieux missiles.
Ai Sensei no Oshiete - Watashi no Hoshi (Japan)	Ai Sensei no Oshiete : Watashi no Hoshi est un simulateur d'horoscope qui ne s'adresse qu'aux Japonais puisqu'il vous faudra choisir la région où vous vivez au Japon.
Aigina no Yogen - Balubalouk no Densetsu Yori (Japan)	Aigiina No Yogen: Balubalouk Non Densetsu Yori suit les aventures scéniques de Jason alors qu'il traverse Balba à la recherche des Aura-Stars, objets magiques créés par le roi Aighina. Ses aventures l'emmènent à travers six donjons de différentes tailles dans sa quête pour débarrasser le pays du mal. Sur le chemin, Jason doit également trouver la princesse Laira, la fille du roi Aighina et la seule qui sache comment utiliser les Aura-Stars.
Air Fortress (USA)	Les habitants de la planète Farmel, qui ont récemment acquis la technologie nécessaire pour voyager dans l'espace, ont exploré la galaxie pour trouver un ensembles de «forteresses aériennes» monstrueuses se déplaçant dans leur direction. Ils ont rapidement découvert que les forteresses se comportaient comme des parasites interstellaires, consommant toutes les ressources et les êtres vivants sur leur passage. La fédération spatiale a envoyé sa flotte la plus puissante, qui a rapidement été éliminée par les puissantes forteresses. Dans une ultime manoeuvre, ils envoient un seul guerrier nommé Hal Bailman, équipé d'un scaphandre spatial blindé, d'armes puissantes et d'un chasseur spatial pour infiltrer les forteresses et les détruire de l'intérieur.
Airwolf (Japan) (Kyugo)	Airwolf est un shooter horizontal développé et édité par Kyugo Boueki, basé sur la série TV populaire du même nom diffusée dans les années 80. Le joueur prends le contrôle d'un super-hélicoptère, nom de code: &quot;Airwolf&quot;, aux capacités furtives et supersoniques, et embarque dans de périlleuses missions clandestines.
Airwolf (USA) (Acclaim)	Airwolf est l'adaptation sur Nes de la série Supercopter. Dans ce jeu d'action, vous devez piloter le fameux hélicoptère pour sauver des otages. Détruisez les unités ennemies à l'aide de votre super arsenal.
Akagawa Jirou no Yuurei Ressha (Japan)	Akagawa Jirou no Yuurei Ressha est un jeu d'aventure Japonais aux graphismes excellents. Malheureusement il n'existe qu'en version Japonaise privant les occidentaux de ce très bon jeu d'aventure, précurseur de nombreux autres.
Akira (Japan)	Akira est un jeu d'action sur NES inspiré par le célèbre manga. En 2019, Neo-Tokyo est une mégalopole corrompue et sillonnée par des bandes de jeunes motards désoeuvrés. L'un d'eux, Tetsuo, a un accident en essayant d'éviter un étrange garçon. Blessé, Tetsuo est capturé par l'armée japonaise. Il est l'objet de nombreux tests dans le cadre d'un projet militaire. Les amis de Tetsuo veulent savoir ce qui lui est arrivé, car quand il s'évade et se retrouve en liberté, il n'est plus le même.
Akuma-kun - Makai no Wana (Japan)	Akuma Kun : Makai no Wana est un RPG Japonais adapté d'un manga. Vous devez sauver votre village en invoquant des démons qui se battront à vos cotés.
Akumajou Special - Boku Dracula-kun (Japan)	C'est le 19 octobre 1990 que Konami décide de proposer au jeune public une déclinaison « kawaii » de Castlevania sur Famicom, que l'on pourrait presque considérer comme une parodie. Le jeu est baptisé Akumajô Special : Boku Dracula-kun, le sous-titre signifiant à peu de choses près « je suis le petit Dracula ». Bourré de clins d'oeil aux premiers épisodes de la saga Castlevania, ce sympathique jeu de plates-formes / action nous glisse dans la peau du fils du seigneur des vampires, celui-ci n'ayant pas grand-chose de commun avec l'éternel adversaire des Belmont.
Al Unser Jr. Turbo Racing (USA)	Al Unser Jr. Turbo Racing est un très bon jeu de F1 sur NES. L'affichage est rapide ce qui donne une bonne impression de vitesse. Les graphisme, bien que dépouillés, sont bien réussis et agréables. La monoplace ce contrôle bien même avec un passage de vitesse manuel. Ce jeu exploite très bien les capacité de la NES.
Aladdin (Europe)	Reprenant les différentes séquences du film d'animation de Disney, Aladdin sur NES permet de retrouver tous les personnages de l'histoire. Ce jeu de plates-formes propose effectivement de suivre Aladdin des rues d'Agrabah aux couloirs du palais royal en passant bien sûr par la célèbre caverne aux merveilles. Le Génie est aussi de la partie et permet de gagner des bonus.
Alex DeMeo's Race America (USA)	Corvette ZR-1 Challenge est un jeu de course sorti sur la console Nintendo NES. La particularité du jeu réside dans l'utilisation des différentes vue. Vous contrôlez votre bolide à l'aide du plus grand écran si vous êtes devant votre adversaire, un plus petit écran à gauche si vous êtes derrière et d'un autre en vue aérienne en plein écran si vous êtes à sa hauteur. On note sur cette cartouche la possibilité de disputer des courses à deux joueurs. Le gameplay quand à lui est difficile à prendre en main, vos talents de pilote seront à l'honneur, vous accélérez avec la flèche avant et passer les vitesses avec A tout en relâchant la pédale d'accélération. Vous devrez alors faire attention aux autres automobilistes et motards pour franchir la ligne d'arrivée avant votre adversaire.
Alfred Chicken (USA)	Jeu de plate forme sans grand interet. On incarne un poulet qui doit recolter des diamants. Le jeu evolue de facon verticale (dans le premier niveau en tous cas), on saute sur des tremplins et au moindre contact avec les souris mecaniques, on explose. Le jeu a deja 11 ans et cela ce voit. 5/20 pour ceux qui aime les jeux de plates formes.
Alien 3 (USA)	Alien 3 sur NES vous plonge directement après la fin du film &quot;Aliens&quot;. Ellen Ripley, personnage principal de la saga, est en sommeil cryogénique à bord du Sulaco. Un alien s'est infiltré à bord, décimant l'équipage et provoquant le crash du vaisseau sur la planète Fiorina 161. Aidez Ripley à survivre et sauvez les prisonniers des griffes des aliens en attendant que les secours arrivent.
Alien Syndrome (Japan) (En)	Alien Syndrome sur Nes est un jeu d'action adapté du titre éponyme sorti sur bornes d'arcade. Une fois de plus, les extraterrestres font des misères aux humains. Votre mission est de sauver tous les individus captifs et de vous échapper avant le terme du compte à rebours, faute de quoi vous exploserez avec la bombe que vous avez placée. Le dénouement consiste en un combat épique avec la reine mère des extraterrestres.
All-Pro Basketball (USA)	All Pro Basketball est un jeu de basket sur Nes opposant huit différentes équipes fictives dans des matchs en cinq contre cinq. Vous pouvez y jouer en solo ou à deux, en coopération ou l'un contre l'autre. Notons aussi que le jeu propose de visionner un match ordinateur contre ordinateur.
Alpha Mission (USA)	Dans la galaxie de Tetrenova, une guerre a été menée qui a épuisé les ressources et même les mondes. Les survivants se regroupent et cherchent un nouvel endroit pour reconstruire. Ils choisissent une planète apparemment non développée, la Terre. À l'aide de votre vaisseau de défense &quot;Syd&quot;, vous devez détruire les forces d'invasion et les cibles terrestres à l'aide de bombes. Obtenez des bonus pour gagner de l'énergie afin d'améliorer votre vaisseau et le transformer en une machine plus puissante.
Amagon (USA)	Amagon est un jeu d'action sur NES. Vous incarnez Amagon et êtes en charge d'enquêter sur une île infestée de monstres. Le jeu commence avec une mitraillette et des munitions limitées, et vous parcourez par la suite les 6 niveaux du jeu à la recherche de munitions et d'objets vous permettant de vous transformer en Megagon pour faire un carnage !
America Daitouryou Senkyo (Japan)	Dans ce jeu, vous êtes candidat pour devenir un nouveau président des États-Unis. Vous choisissez un candidat parmi plusieurs disponibles (républicains et démocrates), puis vous augmentez votre popularité dans différents États, en concurrence avec d'autres candidats. Vous devez exceller dans tous les domaines de la politique, de la diplomatie étrangère à l'adoption de lois dans un État. Après chaque étape, on vous montre des statistiques où votre succès est comparé à celui des autres présidents. Vous pouvez également vérifier à tout moment la réaction de la population face à vos actes, en effectuant des sondages et en vérifiant votre performance.
America Oudan Ultra Quiz - Shijou Saidai no Tatakai (Japan)	Ce jeu a deux modes: histoire et tournoi. Le mode tournoi est le plus simple: vous affrontez sept adversaires dans un quiz qui concerne divers aspects historiques, géographiques, sociaux et culturels des États-Unis d'Amérique. Certaines questions vous obligent à choisir «oui» ou «non», tandis que d'autres vous présentent une courte liste de réponses possibles, parmi lesquelles vous devez choisir la bonne. Les réponses des participants sont chronométrées. Dans le mode histoire, vous pouvez naviguer avec le personnage que vous avez créé (homme ou femme) dans une ville descendante. Vous devez vous rendre dans les salles de compétition et participer à des jeux-questionnaires. Plus de zones seront débloquées au fur et à mesure que vous gagnerez les tournois. Cette fois, les réponse est présenté sous forme de mini-jeux.
American Dream (Japan)	Vous incarnez une bille de Pachinko (un espèce de flipper/roulette incontournable des casinos Japonais) qui va traverser tous les quartiers de New York (Queens, Bronx) pour tenter tous les jeux de hasards possibles. Le but étant de devenir le plus grand joueur du monde en gagnant le plus d'argent possible et faire péter la banque de NYC. Dans ce jeu aux graphismes enfantins et à la morale douteuse, le joueur peut même croiser Al Capone et se balader en limousine.
American Gladiators (USA)	American Gladiators est l'adaptation sur Nintendo de l'émission américaine. Comme dans le show original, des gladiateurs des temps modernes doivent montrer leurs capacités physiques dans des épreuves aussi délirantes que difficiles. En incarnant un personnage candidat à l'émission, vous affrontez une dizaine de bodybuilders ou ex-sportifs de haut niveau, sur des murs d'escalade, dans des duels de joute ou encore dans la très célèbre épreuve Powerball.
Ankoku Shinwa - Yamato Takeru Densetsu (Japan)	Le jeu est basé sur de vieilles légendes japonaises sur Yamato Takeru, un héros légendaire du Japon ancien. Le jeu commence quand Yamato Takeru est un garçon de treize ans. Son père a été tué dans des circonstances mystérieuses. En cherchant dans ses affaires, le garçon a trouvé une carte postale qui lui a donné son premier indice pour l'enquête. A partir de ce moment, son aventure commence. &quot;Yamato Takeru Densetsu&quot; est une aventure en perspective à la première personne à la japonaise. Vous interagissez avec les environnements en sélectionnant des options dans un menu (telles que &quot;Rechercher&quot;, &quot;Prendre&quot;, &quot;Déplacer&quot;, etc.).
Anticipation (USA)	Encore un jeu bien étrange... ça ressemble tres, tres legerement à une sorte de Trivial Pursuit... En fait, un crayon relie des points pendant que le temps défile et le but et de trouver le dessin avant les autres; il y a 4 catégories : habits, lettres (oui, oui, comme &quot;n&quot; ), divers et nature ayant chacun sa propre couleur. Lorsque vous avez les 4, on passe au niveau suivant... On peut y jouer jusqu'a 4 et si vous n'avez pas d'amis sous la main, l'ordinateur va vous en fournir... Le jeu est en anglais et utilise des termes techniques (ex : noeud papillon? on l'a sur le bout de la langue hein?) Amusant pendant un niveau (par contre les musiques sont stressantes).
Aoki Ookami to Shiroki Mejika - Genchou Hishi (Japan)	Genghis Khan II : Clan of the Grey Wolf est un jeu d'action/stratégie sur Nes. En début de partie, il est possible de choisir entre une conquête mondiale, ou la conquête mongole. Dans la première, vous devez conquérir tous les pays afin de bâtir le Monde comme vous le souhaitez. Dans la deuxième vous incarnez le grand Temujin et vous devez réunir toutes les petites tribus de la Mongolie.
Arabian (World) (Evercade)	Le principe de super Arabian est de collecter toute les lettres a l'écran tout en évitant les ennemi.Marrant 5 minutes!
Arcadia VI (USA) (Proto)	Compilation de jeu jamais commercialisée. La version en cours de développement n'en comporte que quatre: Un jeu de air hockey style tennis, un shoot them up, un jeu de guerre dans le genre d'Ikari warriors et un jeu de course automobiles.
Arch Rivals - A Basketbrawl! (USA)	Arch Rivals est un jeu de basketball sur NES. A la différence d'autres titres de sport, Arch Rival ne met pas un point d'honneur à respecter les règles. Au contraire, la triche est encouragée et tous les coups sont permis pour gagner ! Faites des fautes pour vous assurer le point et choisissez parmi 12 équipes différentes pour remporter la victoire.
Archon (USA)	Archon est un jeu vidéo de stratégie au tour par tour. Il reprend le principe des échecs en y ajoutant des phases de combat. Chaque pièce est placée sur l'échiquier en fonction de sa portée de déplacement et compose une armée qui représente la lumière ou l'ombre. Lorsqu'une unité tente d'en prendre une autre, les deux sont transportées dans une arène de combat pour déterminer le vainqueur. Une unité peut rester blessée même après avoir remporté son duel ce qui réduit ses chances de victoires lors d'un prochain combat. Le jeu est gagné lorsque toutes les unités adverses sont détruites ou lorsqu'un joueur occupe cinq points de puissance.
Arctic (Japan) (En)	c'est super difficile, trois boules de couleurs partent d'un point de depart ( de meme couleur que la boule) et vous devez les guider vers une borne d'arrivée de la meme couleur en bougeant des petit engrenages pour les guider. 03/20
Argus (Japan) (En)	Petit jeu de shoot qui a beaucoup vieillit mais reste defoulant. A essayer les version hack avec les vaisseaux de star wars ^|^ 05/20
Arkanoid (USA)	Le titre fait référence à un &quot;vaisseau-mère&quot; condamné à partir duquel le vaisseau du joueur, le Vaus, s'échappe. Arkanoid a relancé le concept des jeux de Casse-briques, engendrant de nombreux clones et des jeux similaires pour ordinateurs personnels, même plus d'une décennie plus tard.
Arkanoid II (Japan) (En)	Arkanoid II : Revenge of Doh est un casse briques sur NES. Vous contrôlez une barre et devez rattraper des balles qui tombent du ciel pour casser des briques qui sont au sommet. Plus vous cassez de briques et plus vous gagnez de points. Cet opus rajoute de nouveaux niveaux.
Arkista's Ring (USA)	Arkista's Ring est un jeu d'action/aventure sorti sur Super Nintendo où vous incarnez une elfe nommée Christine qui doit récupérer l'anneau d'Arkista's dérobé par le terrible Shogun Crapuleux qui a plongé le Royaume d'Elven dans les ténèbres. Christine est le dernier espoir des elfes qui comptent sur elle et son arc pour ramener le précieux anneau.
Armadillo (Japan)	Un jeu de plate forme sympathique ou vous incarnez ce qu'il me semble être un escargot (ouai bisard lol). Le jeu est assez beau mais est un peu mou (en même temps on incarne un escargot c'est peut etre pour ca ) pour les plus jeunes 10/20
Artelius (Japan)	Pas compris... jeu en japonnais. Aucun but apparant, en plus on s'ennuie ferme pendant les dialogues. la musique est... bon coupez le son de vos amplis. Ne le telechargez pas ^-^ 00/20
Asmik-kun Land (Japan)	Ce petit jeu de plate-forme japonais est assez difficile car on meure dès que l'ont est touché. Les graphismes sont trop pâles à mon goût, les tableaux sont trop répétitifs. Certains éléments du décor rappellent fortement l'univers de Mario. Dommage que ce jeu semble bâclé car le personnage est bien sympa et répond au doigt et au paddle.
Asterix (Europe) (En,Fr,De,Es,It)	Obélix a disparu! Pour retrouver Obélix, traversez la Gaule, parcourez l'Empire romain, fouillez les Pyramides d'Egypte... tout en combattant les armées Romaines et les espions de César. Potion magique, Romains, bagarres, baffes, catapultes, sangliers, sans oublier les poissons &quot;pas frais&quot;... Revivez les aventures d'Astérix le Gaulois!
Astro Fang - Super Machine (Japan)	Astro Fang : Super Machine sur Nes est un jeu de courses qui vous met au volant d'un bolide pouvant réduire sa taille durant un petit moment (parfait pour passer entre deux concurrents) et pouvant tirer des missiles. Vous participez à une course sur une planète désormais déserte, où seule la Black Line subsiste, une gigantesque autoroute sur laquelle se joue la compétition. Vous trouvez parfois des magasins où vous pouvez améliorer votre voiture pour les courses suivantes.
Astro Robo Sasa (Japan) (En)	Astro Robo SASA est un jeu d'action ou vous incarnez un robot en jet pack. Vous devez éclater des ballons en leurs tirant dessus. La difficulté est que votre personnage et projeté dans la direction opposées de vos tirs.
Astyanax (World) (Evercade)	Astyanax sur Nes est un jeu d'aventure dans lequel vous incarnez un jeune garçon de seize ans qui doit sauver la princesse de ses rêves après avoir été convoqué dans le monde de Remnia par Cutie un lutin qui reconnaît en vous l'élu mentionné par les prophéties.
Athena (USA)	Dans ce jeu de plates-formes sur Nes vous incarnez Athéna la déesse de la sagesse qui part à l'aventure en dehors du château ennuyeux où elle vit, elle rencontre de nombreux ennemis qu'elle combat avec diverses armes comme un boulet, un arc et une épée très puissante, elle peut également se transformer en sirène ou monter sur des ailes pour explorer la mer ou les cieux.
Athletic World (USA)	Athletic World est un jeu de sport sur Nes qui consiste en une série de compétitions sportives nécessitant l'utilisation du tapis Nintendo Power Pad. Le titre se joue donc avec les pieds et propose trois modes de jeu : entraînement, débutant et expert.
Atlantis no Nazo (Japan) (En)	Petit jeu d'action assez sympa, vous avancez dans différents mondes et vous devez trouver la sortie, mais attention, vous avez un temps limité et des ennemis vous barreront le passage. Assez sympa à jouer, bien que la musique soit parfois stressante...
Attack Animal Gakuen (Japan) (En) (Famicom 3D System)	Eh! Mais?! Que se passe-t-il?! Ce jeu?! Est-il vrai!? C'est vraiment une pale copie de &quot; Space Harrier &quot; sur Master-System à le réflexion près que cette fois-ci, le héros est une fille!! Mais il est quand même vraiment bien a jouer!! Ce jeu m'étonne veaucoup pour une NES !!
Attack of the Killer Tomatoes (USA)	Attack of the Killer Tomatoes (L'Attaque des Tomates Tueuses) est un jeu de plates-formes sur NES. Vous incarnez Chad Finletter bien décidé à arrêter le Dr. Putrid T. Gangreen et son invasion de tomates tueuses. Pour détruire les maudits fruits, vous pouvez leur sauter sur la tête. Ca va saigner !
Aussie Rules Footy (Australia)	Les Australiens dominent le football. C'est en clair le message que donne le titre de cette cartouche Nes. Et pour cause, celle-ci s'intéresse exclusivement à l'AFL, soit la ligue de football australien. Ce sport est un cousin proche du football américain mais il se pratique sans tout l'attirail de protection.
B-Wings (Japan) (En)	B-Wings est un jeu d'action sorti sur Nes. Progresser dans les différents niveaux jusqu'à atteindre et détruire tous les boss. Aux commandes de votre avion, détruisez tous les ennemis qui se présentent devant vous à l'aide d'un arsenal très diversifié comprenant notamment des canons, des lance-flammes ou des boucliers de protection.
Babel no Tou (Japan) (En)	Babel no Tou est un jeu de réflexion Japonais dans lequel vous devez déplacer des pièces pour pouvoir accéder à la sortie.
Back to the Future (USA)	Back to the Future sur Nes est l'adaptation du film du même nom (Retour vers le Futur en français). Le joueur incarne Marty McFly qui doit tout faire pour que ses parents tombent amoureux en 1955 afin de ne pas compromettre son propre présent en 1985. Pour cela, il doit franchir des niveaux en prenant soin de ramasser suffisamment d'horloges. Quelques mini-jeux et une phase de conduite en DeLorean sont aussi présents dans la progression.
Back to the Future Part II & III (USA)	Le jeu d'action Back to the Future Part II & III sur Nes reprend les moments forts des volets 2 et 3 des films Retour vers le Futur. Vous êtes donc projeté d'abord dans le futur, puis dans le passé pour tenter de remettre de l'ordre causé par la DeLorean spatio-temporelle.
Bad Dudes (World) (Evercade)	Le Président des Etats-Unis a été kidnappé par des ninjas surentraînés. Saurez-vous être un mauvais garçon et taper du vilain pour le libérer ? Telle sera votre mission dans Bad Dudes vs Dragon Ninja sur Nes, beat'em all classique en scrolling 2D.
Bad News Baseball (USA)	Bad News Baseball est un jeu de... base-ball en 2D sur Nes. Choisissez parmi les équipes - fictives - de la ligue américaine, modifiez votre effectif et lancez-vous dans des matchs passionnants.
Bad Street Brawler (World) (Evercade)	Des escrocs, des voyous et des renégats règnent dans les rues. C'est un vrai zoo là-bas ! La ville est dangereuse et les bons citoyens vivent dans la peur constante. Vous êtes DUKE DUNNEGAN un ancien punk rocker expert d'arts martiaux. Vous êtes une machine à battre les voyous, retournant dans les rues de votre ville natale en tant que défenseur ultime de la liberté !
Baken Hisshou Gaku - Gate In (Japan)	Baken Hisshou Gaku - Gate In est un jeu de sport hippique qui vous sera malheureusement inaccessible si vous ne parlez pas le Japonais à la perfection. Le but du jeux et de mener votre cheval à la victoire.
Bakushou! Star Monomane Shitennou (Japan)	Bakushou! Star Monomane Shitennou est un jeu de simulation de vie dans lequel vous contrôlez un personnage à la tête d'une troupe musicale. Vous devez assurer les représentations en participant à des minis jeux pour faire évoluer votre popularité.
Bakushou!! Ai no Gekijou (Japan)	Bakushou Ai no Gekijou et un jeu de simulation de vie sous forme de jeu de société. Vous devez faire progresser votre personnage dans la vie de tous les jours en réalisant des petites épreuves.
Bakushou!! Jinsei Gekijou (Japan)	Bakushou!! Jinsei Gekijou est un jeu de simulation de vie sous forme de jeu de société. Vous contrôlez un ou une enfant de sa scolarité jusqu'à sa vie d'adulte. Ce jeu est jouable jusqu'à 4 joueurs.
Bakushou!! Jinsei Gekijou 2 (Japan)	Bakushou!! Jinsei Gekijou 2 est la suite du premier opus du même nom. Le jeu reste une simulation de vie sous forme de jeu de société. Cependant plus de métier s'offrent à vous dans ce deuxième volet de la série.
Bakushou!! Jinsei Gekijou 3 (Japan)	Bakushou!! Jinsei Gekijou 3 est le troisième et dernier volet de la série. Il s'agit une fois de plus d'un jeu de simulation de vie sous forme de jeu de société dans lequel vous devez mener votre personnage à une carrière stable et prometteuse.
Ballblazer (Japan) (En)	En l'an 3037, le sport le plus compétitif de l'univers connu est Ballblazer. Ballblazer est un jeu de football futuriste en 3D, dans lequel le joueur (à l'intérieur d'un Rotofoil) est installé sur un terrain de jeu individuel de 1155 carrés (la grille) présenté dans une perspective à la première personne. L'objectif du joueur est de lancer un ballon flottant (Plasmorb) à l'intérieur du but de l'adversaire (Goalbeams). Un joueur peut rivaliser avec un adversaire humain ou l'ordinateur. Le jeu permet de joueur contre l'ordinateur ou contre un autre humain.
Balloon Fight (USA)	Le joueur contrôle un personnage appelé Balloon Fighter qui vole à l'aide de deux ballons attachés à son dos. L'objectif de chaque niveau est de vaincre tous les ennemis à l'écran en faisant exploser leurs ballons. Une fois qu'ils explosent, ils tombent sur le sol et c'est là que vous devez marcher dessus pour les vaincre définitivement, sinon ils feront exploser un autre ballon pour rester à l'écran. Si, au contraire, ce sont les ennemis qui font éclater un de nos ballons, le mouvement de notre personnage sera ralenti. Si les deux ballons éclatent, le joueur perd une vie dans le jeu. Ce n'est pas le seul danger pour le joueur, car en planant près de l'eau, les ennemis aquatiques peuvent attaquer. Les niveaux progressent avec l'apparition de nouveaux ennemis plus rapides. Le jeu dispose d'un mode deux joueurs où chaque joueur contrôle un Balloon Fighter.
Baltron (Japan) (En)	Baltron est un shoot'em up dans lequel vous contrôlez un vaisseau. Un mode deux joueurs est disponible.
Banana (Japan) (En)	Banana est un jeu de reflexion dans lequel vous incarnez une taupe qui doit rejoindre sa taupette (la taupe femelle quoi ...) Pour y parvenir, vous devrez creuser jusqu'à elle en évitant les obstacles sur votre passage.
Bananan Ouji no Daibouken (Japan)	Banana Prince est un jeu mélangeant action et aventure sur Nes. Dans le royaume de la grande banane, la nation possède un très fort symbole : la Sainte Banane. Cependant, le maléfique dragon Paprika s'attaque au fort symbole de la nation et la vole. Vous incarnez un vaillant prince à qui on a confié la tâche de retrouver ce symbole.
Bandai Golf - Challenge Pebble Beach (USA)	Développée par TOSE, cette simulation de golf porte le nom du célèbre parcours de golf Pebble Beach, situé en Californie, sur la côte pacifique. Se voulant très réaliste, le programme intègre différentes variantes telles que la force du vent ou le choix du club, ect. Un mode deux joueur est également disponible. On regrette cependant que le gameplay et la réalisation n'aient pas été davantage soignés.
Bandit Kings of Ancient China (USA)	Tout comme Aoki Ookami to Shiroki Mejika et autres Romance of the Three Kingdoms, KOEI nous offre a nouveau un jeu de stratégie au tour par tour. Il s'agit encore une fois de recruter des armées et ensuite les gérer pour s'emparer de multiples territoires. L'histoire prend place en chine, au 12ème siècle et se base sur le roman &quot;Au bord de l'eau&quot;.
Barbie (USA)	Les rêves de Barbie sont plutôt agités cette nuit. La poupée se voit dans les différents lieux qu'elle devra visiter le lendemain, mais chaque emplacement se voit rempli de dangers. Dans ce jeu d'action/plates-formes sur NES, Barbie doit traverser chaque zone (le centre commercial, la plage, etc.) sans se faire toucher par les objets. Des cristaux spéciaux l'aideront dans sa tâche.
Barcode World (Japan)	Barcode World est un jeu de stratégie sorti au Japon qui utilise le &quot;barcode battler 2&quot; (un système de scan capable de reconnaître les cartes et faisant ainsi office de points et de puissance).
Bard's Tale II, The - The Destiny Knight (Japan)	Après qu'un groupe de braves héros ait vaincu le sorcier Mangar et libéré Skara Brae de l'hiver éternel, tout semblait aller pour le mieux dans le monde. Cependant, le maléfique Archimage Lagoth Zanta se présente et divise la Baguette de la Destinée en sept morceaux, les dispersant sur toute la terre. La Baguette du Destin protège les terres depuis sept cents ans, et sans elle, le royaume va sombrer dans le chaos. Il incombe donc aux héros de la reforger. L'un d'entre eux doit également s'élever au rang d'Archimage et utiliser la baguette pour vaincre Lagoth Zanta. Il s'agit d'un jeu de rôle fantastique avec exploration à la première personne d'un monde en pseudo-3D et combats au tour par tour contre des ennemis apparaissant de manière aléatoire. Cette suite comporte six villes, contre une seule pour son prédécesseur, et une zone plus vaste. Les donjons contiennent plus de pièges et d'énigmes qu'auparavant.
Bard's Tale, The (USA)	La petite ville de Skara Brae jouissait d'une vie paisible, jusqu'à ce qu'un sorcier maléfique connu sous le nom de Mangar l'Obscur apparaisse. Des monstres ont envahi la ville, terrorisant ses habitants. Mangar a jeté le sort de l'Hiver éternel sur les environs, isolant Skara Brae de toute aide possible. Les gardes chargés de protéger la ville ont disparu en l'espace d'une nuit. Seul un groupe d'aventuriers courageux peut sauver Skara Brae et vaincre Mangar. The Bard's Tale est un jeu de rôle fantastique avec une exploration à la première personne d'environnements pseudo-labyrinthes en 3D et des combats au tour par tour contre des ennemis apparaissant de manière aléatoire. Contrairement aux premiers jeux Wizardry, la ville peut être explorée physiquement et certaines parties de l'overworld sont également accessibles. Plusieurs donjons doivent être explorés avant que le joueur puisse s'attaquer à la quête finale.
Barker Bill's Trick Shooting (USA)	Barker Bill's Trick Shooting est un jeu de tir sur Nes. Le principe est simple : vous devez tirer avec votre zapper sur des ballons tout en évitant des chiens qui vous attaquent. A chaque fois que vous complétez un niveau, les challenges deviennent de plus en plus difficiles.
Baseball (USA, Europe)	Baseball sur NES est une simulation sportive. Bien plus subtil qu'il n'y paraît, le jeu permet de choisir son équipe parmi les six formations les plus populaires aux Etats-Unis.
Baseball Fighter (Japan)	Baseball Fighter est un jeu de Baseball jouable à deux. Le mot &quot;Fighter&quot; n'ajoute rien au gameplay qui reste un jeu de baseball basique.
Baseball Simulator 1.000 (USA)	Baseball Simulator 1.000 est un jeu de sport. Vous avez la possibilité de créer votre propre équipe et de la faire évoluer avec des points pour améliorer ces statistiques.
Baseball Stars (USA)	Cette version NES de Baseball Stars est le premier vrai jeu de la série populaire de SNK. C'est aussi le jeu le plus complet de la série. Vous pouvez créer, nommer, améliorer et gérer votre équipe, ainsi que personnaliser le logo et les couleurs de l'équipe. Vous pouvez également modifier les statistiques de chaque joueur en leur versant plus d'argent (gagné en gagnant des matchs). Il y a huit équipes pré-créées avec lesquelles vous pouvez également jouer, y compris American Dreams, Lovely Ladies et Ghastly Monsters. Vous pouvez créer une ligue personnalisée qui conservera des statistiques complètes sur tous les joueurs de la ligue. Tous les matchs sont joués dans le célèbre stade SNK.
Baseball Stars II (USA)	Cette suite de Baseball Stars Professional propose un jeu de baseball rapide de style arcade avec six équipes fictives, chacune ayant ses propres forces et faiblesses. Il y a deux difficultés de jeu : Débutant, qui place automatiquement la balle sur le terrain pour le joueur, et Excitant, où le joueur doit placer la balle manuellement. En outre, il existe deux modes de jeu principaux : en mode solo, le joueur participe à un tournoi de quinze équipes ou affronte un ami en mode multijoueur. Les règles standard du baseball s'appliquent toujours, mais le jeu ajoute des bonus que le joueur peut ramasser et utiliser pendant le jeu, comme la possibilité pour son lanceur de lancer plus vite ou son batteur de frapper mieux. Ils peuvent également remplacer un joueur pendant le match, mais sont limités à trois remplacements par match. Le jeu est en 2D avec des scènes coupées de style bande dessinée pour illustrer l'action, comme les prises spectaculaires et les home runs ...
Bases Loaded (World) (Evercade)	Bases Loaded est une simulation de base-ball sur Nes. Même si les noms des équipes proposées sont réels, les joueurs les composant restent fictifs. Les rencontres sont retranscrites en vue plongeante lors des actions et en vue à la troisième personne lors des lancers.
Bases Loaded 3 (USA)	Bases Loaded 3 est le troisième volet de la série sortie sur Nintendo NES. Ce jeu de Baseball apporte quelques changements par rapport à ses prédécesseurs. On note la possibilité de créer de toutes pièces sa propre équipe, mais aussi un commentaire en début de jeu qui vous met au défi de réaliser le jeu parfait contre un ordinateur, c'est-à-dire ne commettre aucune faute technique durant une rencontre et réussir à sortir victorieux du match. Les joueurs sont mieux représentés et le dynamisme du jeu efficace.
Bases Loaded 4 (USA)	Quatrième épisode de la série de jeu de baseball, Bases Loaded 4 sur Nes apporte son petit lot d'innovations. La caméra adopte plusieurs points de vue pour une meilleure vision du jeu. Vous pouvez aussi gérer la forme et l'endurance de vos joueurs pour espérer gagner une saison de plus de 130 matches.
Bases Loaded II - Second Season (USA)	Bases Loaded 2 est un jeu de baseball pour la Nes. Choisissez parmi douze équipes fictives et disputez des matches contre l'ordinateur ou contre un autre joueur. Le jeu propose aussi un mode course au fanion dans lequel vous devez arriver en finale de conférence et gagner en marquant au moins soixante-quinze points.
Batman - Return of the Joker (USA)	Batman : Return of the Joker est un jeu d'action/plates-formes sur NES. Le Joker s'est évadé de l'asile d'Arkham et c'est une nouvelle fois à Batman de l'arrêter. Arpentez les différents niveaux du jeu tout en ramassant des bonus pour améliorer vos armes et vos gadgets. Certains niveaux vous proposent de vous déplacer en jetpack pour une jouabilité de type shoot'em up.
Batman - The Video Game (USA)	Batman sur NES est un jeu d'action/plates-formes s'inspirant du film Batman sorti en 1989. Six niveaux sont disponibles (dont deux avec des phases de tir), parmi lesquels Gotham City, le Musée Flugelheim ou encore la Cathédrale. Battez-vous et utilisez les nombreux gadgets de Batman pour vous hisser jusqu'au Joker et lui faire mordre la poussière.
Batman Returns (USA)	Dans Batman Returns sur Nes, vous défendez Gotham City et tentez de faire échouer les plans du Pingouin et ses hommes. Vous évoluez sur terre ainsi que dans les airs grâce aux gadgets que vous assignez à la ceinture de Batman.
Batsu & Terry - Makyou no Tetsujin Race (Japan) (En)	Jeux d'action tiré du manga de Yasuichi Oshima.
Battle Baseball (Japan)	Battle Baseball est un jeu de sport complétement décalé dans lequel vous pouvez incarner Godzilla en tant que batteur. Ce jeu exclusivement traduit en Japonais peut se jouer à deux.
Battle Chess (World) (Evercade)	Battle Chess sur NES est un jeu d'échecs dont les pièces sont représentées par des personnages animés. Vous pouvez assister à ces animations lors des déplacements ou pendant les affrontements. Plusieurs niveaux de difficulté sont disponibles ainsi qu'un tutoriel qui vous enseigne les rudiments du jeu. Il est également possible de passer en vue 2D pour une partie plus traditionnelle.
Battle Fleet (Japan)	Battle Fleet est un jeu de stratégie genre bataille navale jouable à deux.
Battle of Olympus, The (USA)	The Battle Of Olympus est un jeu d'aventure et d'action sur Nes. L'histoire se déroule dans la Grèce ancienne, vous incarnez Orphée qui doit sauver Eurydice du royaume d'Hadès, et vous aurez besoin du pouvoir de tous les Dieux pour la sauver. Gagnez des objets, progressez, et trouvez les 5 ambroisies pour rallonger votre ligne de vie.
Battle Rush - Build Up Robot Tournament (Japan) (Datach)	Le joueur doit construire son propre robot de combat afin de le faire combattre dans un tournoi. Ces robots sont construits dans des usines qui lui attribuent un nom en plus d'installer sa tête, son corps, ses épaules et ses jambes. Le joueur dispose d'un lobby d'avant-match pour préparer son robot avant les combats. Tous les matchs ont des tours de 60 secondes (contrairement au tour de 99 secondes de la plupart des jeux vidéo de combat modernes). Les deux robots ont une jauge séparée pour l'énergie et les dégâts. Des coups de poing et des coups de pied standard peuvent être lancés en plus des coups spéciaux (qui utilisent des projectiles).
Battle Stadium - Senbatsu Pro Yakyuu (Japan)	Jeux de baseball intégrant les véritables noms des équipes et joueurs sous autorisation de la Major League Players Association. On retrouve ainsi des personnalités telles que Reggie Jackson, Fernando Valenzuela ou Willie McGee. Les compétences reprennent également les statistiques des saisons 1986 - 1987.
Battle Storm (Japan)	Battle Storm est un jeu de stratégie qui simule une troisième guerre mondiale. Incarnez des personnages hollywoodiens célèbres tel que Rambo pour venir à bout de votre adversaire.
BattleCity (World) (Star Fox - Assault)	Battle City est un jeu d'action sur Nes. Votre principal objectif est de détruire tous les tanks ennemis avant que ceux-ci ne s'approchent de votre base. Une fois que vous avez triomphé de 20 tanks, vous passez au niveau suivant. De nombreux éléments du décor peuvent être utilisés à votre avantage. Un mode Construction est à débloquer une fois que vous avez terminé tous les niveaux.
Battleship (USA)	Battleship est un jeu de bataille navale. Fidèlement adapté, le titre vous opposera à l'IA dans des parties dont le but est et de couler tous les vaisseaux de votre adversaire. Vous attaquerez une par une les cases que composent la grille de jeu de celui ci, sur laquelle sont placés ses bateaux. Vous aurez accès à quelques armes spéciales, permettant par exemple d'attaquer plusieurs endroits à la fois.
Battletoads (USA)	Battletoads sur NES vous met dans la peau de Zitz, crapaud aux pouvoirs qui sortent de l'ordinaire. Votre but : sauver vos deux frères enlevés par la Reine Noire. Débarrassez-vous de vos adversaires à travers diverses phases de jeu passant par la conduite de véhicules, le simple combat rapproché ou le jeu de plates-formes.
Battletoads-Double Dragon (USA)	La Terre est prise pour cible par Colossus, un vaisseau de guerre aussi grand qu'une ville. À l'aide de puissants canons laser, il a détruit la plupart des forces de défense terrestres, tandis que ses nombreuses troupes s'occupent du reste de la planète. Tous, sauf cinq guerriers. Les Battletoads, bien conscients des forces maléfiques qui rôdent dans la galaxie, s'allient à Billy et Jimmy Lee de Double Dragon pour défendre la Terre contre ce vaisseau meurtrier et ses troupes. À l'aide d'une gamme de coups spéciaux, vous devez vous frayer un chemin à travers les rues jusqu'au cœur du vaisseau pour le détruire.
Be-Bop-Highschool - Koukousei Gokuraku Densetsu (Japan)	Be-bop Highschool Koukousei est un jeu d'aventure sorti au Japon qui vous met dans la peau d'un lycéen à la tête d'un gang de jeunes fauteurs de troubles dans le lycée.
Beauty and the Beast (Europe)	Beauty and the Beast de Disney est un jeu de plate-forme à défilement latéral typique basé sur le film de Disney du même nom. Le joueur prend le rôle de la Bête. En tant que Bête, le joueur peut se promener, sauter et frapper les ennemis avec ses poings. la bête peut également grimper au murs. Les niveaux disposent de divers power-ups qui peuvent être collectés comme les c?urs qui donne au joueur de la vie supplémentaire et une loupe qui montre un endroit à venir du niveau.
Beetlejuice (USA)	Beetlejuice est un jeu d'action sur NES. Dans la continuité du film du même nom, le jeu vous propose d'incarner une goule qui se nomme Beetlejuice. Embauchée par un couple récemment décédé, votre rôle est de faire fuir les nouveaux habitants de leur maison. À vous de courir et sauter afin de vous frayer un chemin à l'intérieur de la maison tout en évitant les divers pièges.
Best Keiba - Derby Stallion (Japan)	Best Keiba Derby Stallion est un jeu de simulation de course hippique sorti au Japon. Vous devrez parier sur le bon canasson pour vous remporter gros.
Best of the Best - Championship Karate (USA)	Dans Best of the Best : Championship Karate sur NES, devenez le meilleur combattant de kick boxing et non de karaté, comme l'annonce le titre. Après avoir choisi votre représentant parmi plusieurs personnages issus de pays différents et possédant des caractéristiques propres, vous devez l'entraîner afin d'être prêt pour les combats. Il faut bien faire attention à ne pas perdre un match, car à chaque défaite, les caractéristiques du boxeur chutent.
Best Play Pro Yakyuu '90 (Japan)	Best play pro Yakyuu 90' est le troisième volet de la série sur Nintendo. Il s'agit d'un jeu de baseball qui est assez proche du second volet, car il ne possède aucune évolution.
Best Play Pro Yakyuu (Japan)	Best Play Pro Yakyuu est un jeu de sport sorti au Japon qui se consacre au baseball. Vous ne jouerez pas, à proprement parler, au baseball mais vous gérerez les stats des équipes.
Best Play Pro Yakyuu II (Japan)	Il s'agit du premier jeu de la série Best Play Pro Yakyuu. Contrairement aux jeux de baseball similaires développés pour la Famicom, ce jeu met un accent particulier sur la simulation de gestion de baseball, et non sur l'habileté à jouer au baseball. En conséquence, les joueurs ne frappent pas, ne lancent pas ou ne tirent pas la balle. Leurs interactions dans le jeu sont réalisées en changeant les alignements et en alternant les lanceurs et les joueurs de champ afin de donner à votre équipe les meilleures chances qu'elle a de gagner une course de fanion de la ligue.
Best Play Pro Yakyuu Special (Japan)	Best Play Pro Yakyuu Special est un jeu de baseball sur Nintendo. Il s'agit du quatrième jeu de la série qui améliore la totalité des précédents sans les révolutionner.
Bigfoot (USA)	Bigfoot est un jeu de courses sur Nes qui vous place aux commandes d'un Monster Truck. Diverses courses vous proposent de concourir sur des circuits tous plus originaux les uns que les autres où obstacles, tremplins, et bosses sont toujours au rendez-vous.
Bikkuriman World - Gekitou Sei Senshi (Japan)	Bikkuriman World est un jeu de rôle sur Nintendo. Vous incarnez un jeune héros dans le but de reconstruire un monde détruit. Vous devrez traverser plusieurs villes infestées d'ennemis pour parvenir à remplir à bien votre mission.
Bill & Ted's Excellent Video Game Adventure (USA)	Bill & Ted's Excellent Adventure est un jeu d'aventure sur NES. Joanna et Elisabeth, deux jolies jeunes filles de l'Angleterre du Moyen Age, ont été kidnappées par le méchant Grim Reaper. Avec Bill et Ted vous embarquez dans des aventures spatio-temporelles pour tenter de sauver les jeunes demoiselles.
Bill Elliott's NASCAR Challenge (USA)	Bill Elliot NASCAR est un jeu de courses sur Nes. Choisissez votre voiture parmi trois bolides différents et lancez-vous dans d'intenses courses. Un mode spécial vous permet de personnaliser votre bolide et de lui apporter des modifications. Une fois votre voiture prête, participez à des courses simples ou commencez le championnat national.
Binary Land (Japan) (En)	Binary Land est un jeu d'action sur Nes. Votre principal objectif est de réunir un couple de pingouins qui s'est retrouvé séparé par divers murs et couloirs. Guidez l'un des pingouins avec la plus grande vigilance car l'autre effectue les mêmes mouvements que vous mais dans le sens inverse.
Bio Force Ape (USA) (Proto)	En 2011, alors qu'Internet nous a déjà révélé tant de choses, nous découvrons un jeu NES et avons la possibilité d'y jouer. Ce titre appelé Bio Force Ape n'est cependant pas complètement obscur car il avait fait l'objet d'une preview dans le magazine Nintendo Power il y a vingt ans, avant d'être annulé. On y dirigeait un homme-chimpanzé génétiquement modifié qui avait à coeur de sauver sa famille humaine détenue par une armée de mutants. Pour mener à bien sa mission, notre héros pouvait faire usage de tout un tas de mouvements et de prises issus du monde du catch.
Bio Miracle Bokutte Upa (Japan) (En)	Bio Miracle Bokutte Upa est un jeu d'action sur Nes. Vous contrôlez un bébé avec lequel vous pouvez explorer un monde imaginaire composé de bonbons, chocolats et autres diverses friandises. Parcourez les niveaux qui vous attendent en évitant vos ennemis ou en les attaquant en les gonflant comme des ballons.
Bio Senshi Dan - Increaser Tono Tatakai (Japan)	Bio Senshi Dan : Increaser Tono Tatakai est un jeu d'action sur Nintendo dans lequel vous incarnez un jeune homme envoyé dans le passé pour réparer le présent.
Bionic Commando (USA)	Voici deux ans que votre peuple lutte contre des attaques incessantes et des invasions. Votre armée est décimée, votre artillerie est pratiquement anéantie, toute résistance semble désormais impossible. Mais une équipe de savants cachés dans un laboratoire souterrain vient enfin de mettre au point un nouveau type d'engin de guerre: un bras bionique qui se déploie et se replie, disposant d'une puissance et d'une maniabilité jusqu'alors inconnues. Associé à un arsenal d'armes à tir rapide capables de percer les blindages et de détecter les sources de chaleur, ce bras mettra la puissance d'une armée entre les mains d'un seul homme... un soldat choisi avec soin, possédant toutes les qualités pour appartenir à une nouvelle race de commando que rien ne peut arrêter... un Bionic Commando. Vous êtes ce soldat!
Bird Week (Japan) (En)	Bird Week est un jeu d'action sur Nintendo dans lequel vous vivez le quotidien d'un oiseau. Vous devez aller chasser des papillons pour ensuite nourrir vos oisillons tout en faisant attention de ne pas vous faire dévorer par les rapaces.
Black Bass, The (Japan)	L'objectif est que le joueur attrape autant de black bass que possible du lever au coucher du soleil. Le joueur peut choisir un jeu de débutant ou un jeu de classement. Un jeu de classement nécessite un mot de passe. De là, un joueur peut choisir un endroit sur le lac pour commencer et commencer à pêcher. Il suffit de lancer un leurre avec la puissance désirée pour lancer le processus. Un poisson peut être attrapé en déplaçant le leurre et s'il mord, alors le joueur peut essayer de l'enrouler. Trop de dévidement constant conduit à la rupture de la ligne et à la perte du poisson et du leurre. Entre les tours de lancer, le joueur peut faire certaines sélections. Parmi les sélections disponibles, il y a l'option de changer le type et / ou la couleur du leurre utilisé.
Black Bass, The (USA)	The Black Bass est un jeu de pêche sur NES. Vous débutez votre carrière en bas de l'échelle et devrez progresser petit à petit vers les sommets de la discipline. Au fur à mesure de vos exploits, vous débloquerez du nouveau matériel et accéderez à de nouveaux coins de pêche. 5 catégories de poissons attendent de mordre à votre hameçon.
Blades of Steel (USA)	Blades of Steel sur Nes ne fait pas référence à un quelconque jeu de combat à l'arme blanche mais à un jeu de hockey sur glace. Affrontez-vous chaussé de vos patins aiguisés et lancez-vous dans des matches nerveux et violents qui peuvent parfois en arriver aux poings. Prenez la place du gardien de but lors de penaltys ou jouez à deux joueurs simultanément et remportez la victoire à coups de crosse.
Blaster Master (World) (Evercade)	Sur Terre, il existe un peuple mutant, dirigé par un certain Plutiniom Boss. A vous de tout détruire ! Le jeu comporte deux partie nettement distinctes. La première se déroule dans votre véhicule alors que dans la seconde, vous dirigez le jeune héros de l'affaire, à travers des salles aux mille et un pièges. Varié et bien fait, il mérite le détour. Note de Console + : 91%
Block Out (USA) (Proto)	En pleine folie Tetris, le mathématicien polonais Aleksander Ustaszewski imagine une variante du puzzle game en 3D et en profondeur. Développé sur micro en 1989, le jeu est porté en arcade par la branche américaine de Technos, agrémenté d?un mode deux joueurs compétitif, avant d?être adapté sur différentes consoles comme la Mega Drive ou la Lynx. Mais il devait également arriver sur NES, comme en témoigne l?annonce de l?éditeur au CES de Las Vegas en 1990. Au final, seuls deux prototypes existent encore aujourd?hui.
Blodia Land - Puzzle Quest (Japan) (En)	Blodia Land : Puzzle Quest est un jeu de réflexion sur Nintendo. Vous évoluez dans un labyrinthe dans lequel vous pouvez interagir avec certains éléments du décor. Le but est de rejoindre la sortie sans tomber dans les trous.
Bloody Warriors - Shan-Go no Gyakushuu (Japan)	Bloody Warriors est un jeu de rôle sur Nintendo. Vous incarnez un personnage voyageant à travers les villes, explorant les donjons et affrontant toutes sortes de monstres dans le but de lever le voile sur d'étranges enlèvements.
Blue Marlin, The (USA)	Lancez-vous à la poursuite du poisson le plus rapide du monde : le Marlin Bleu dans le jeu de pêche The Blue Marlin sur NES. Grâce à votre attirail de spécialiste, vous parviendrez sûrement à ferrer ce bolide des mers.
Blues Brothers, The (USA)	The Blues Brothers est un jeu d'action/plates-formes sur NES. Alors qu'ils sont poursuivis par la justice, vous pouvez prendre le contrôle des deux Blues Brothers : Jake ou Elwood à travers 5 niveaux (prison, rivière, grande ville...). Ramassez des bonus pour vous défaire de vos ennemis et retrouvez vos disques perdus.
Bo Jackson Baseball (USA)	Bo Jackson Baseball est un jeu de Baseball comme son nom l'indique sorti sur Nintendo en 1991. Le jeu propose un mode multijoueur dans lequel vous pouvez évoluer en mode exhibition ou play off.
Bokosuka Wars (Japan) (En)	Le roi Ogreth de l'empire du Basam a envahi votre pays et a capturé ou transformé en roches et arbres tous vos soldats. Vous : le roi Suren, êtess complètement seul. Dans une tentative désespérée, vous décidez de marcher jusqu'au château du roi Ogreth et de le vaincre. Vous espérez pouvoir trouver un moyen de ramener vos soldats ... Dans ce jeu de stratégie, votre objectif semble simple: il vous suffit de marcher 600 mètres et de vaincre le roi Ogreth. Mais faire cela n'est pas du tout simple. Se heurtant aux arbres et aux rochers, le roi Suren peut donner vie à ses soldats. Une fois qu'il y aura des chevaliers dans sa petite armée, il pourra également libérer les soldats emprisonnés. Les unités du roi Ogreth vous attaqueront constamment en chemin. Les résultats des batailles sont calculés automatiquement, en fonction de la force de vos unités. Donc avant de vous engager dans une bataille, vous devez être sûr d'avoir le dessus.
Bomberman (USA)	Bomberman est un jeu d'action réflexion sorti sur Nes. Dans un mélange de réflexes et de stratégie, il s'agit toujours de poser des bombes pour souffler ses ennemis sans être pris dans ses propres explosions. Certains murs peuvent aussi être détruits.
Bomberman II (USA)	Dynablaster (Bomberman II en VO) est un jeu d'action/réflexion sur Nes. Le joueur contrôle le personnage dans des décors représentés en vue de dessus et formant un réseau alambiqué de galeries. Le but du jeu est de se débarrasser des ennemis en posant des bombes à retardement.
Bonk's Adventure (USA)	Disponible sur NES, Bonk's Adventure (PC Kid ou BC Kid) est un jeu de plates-formes vous mettant dans la peau d'un homme préhistorique se frayant un chemin à grands coups de boule. Kongo Zilla ou encore la &quot;tête de tracteur&quot; ne sont que quelques-uns des ennemis décalés que l'on peut rencontrer dans cette aventure qui a initialement fait les beaux jours de la PC Engine.
Booby Kids (Japan) (En)	Booby Kids, sorti au Japon sur la console 8 bits Nintendo est un jeu d'action dans lequel vous incarnez un jeune garçon et où vous devez traverser les différents niveaux. Sur votre chemin vous devez récolter des fruits et vaincre les ennemis en creusant des trous afin qu'ils tombent dedans.
Boulder Dash (USA)	Boulder Dash est un jeu d'arcade sur NES. Le principe du soft consiste à ramasser un nombre défini de diamants pour ouvrir un passage vers le niveau suivant. Le personnage (surnommé Rockford) doit creuser la terre pour se frayer un chemin. Il devra faire attention à ne pas se faire écraser par un rocher ou un diamant mais également à ne pas se faire toucher par les ennemis.
Bram Stoker's Dracula (USA)	Le joueur incarne Jonathan Harker qui, dans sa quête pour anéantir le vampire de Transylvanie, doit traverser neuf niveaux, en commençant par une taverne située près du château de Dracula, puis le château lui-même. De retour en Angleterre, il faudra chasser Dracula et ses sbires d'un couvent, d'une abbaye et de la maison de Mina, la fiancée de Jonathan, entre autres. nnnnL'une des tâches principales de chaque niveau consiste à trouver et à détruire plusieurs cercueils contenant de la terre de Transylvanie. Jonathan est gêné dans sa progression par des sbires ainsi que par des créatures sous le contrôle du vampire : chauves-souris, rats, serpents et bien d'autres encore. Le dernier cercueil de chaque lieu est généralement gardé par l'un des sbires les plus puissants de Dracula, parmi lesquels figurent ses trois épouses, le fou Renfield et l'amie de Mina, Lucy, désormais transformée en mort-vivante.
Break Time - The National Pool Tour (USA)	Break Time est une simulation de billard sur Nintendo Nes. Le jeu propose 4 modes de jeu différents ainsi qu'un tournoi international où vous affrontez 5 joueurs professionnels.
BreakThru (USA)	Break Thru est un jeu d'action sorti sur console Nintendo Nes. Le jeu vous met au volant d'un 4x4 tout options (mitraillette ect) et se déroule comme jeu de tir en scrolling horizontal. Au volant de votre bolide vous devez sauter par-dessus les mines, détruire les avions et véhicules ennemis sur un total de 5 niveaux.
Bubble Bobble (USA)	Bubble Bobble sur Nes est un jeu d'action dans lequel on incarne Bub et Bob, deux enfants transformés en dinosaures qui vont devoir sauver leurs fiancées des griffes de Bubbla. Le jeu se déroule sur des tableaux dans lesquels apparaissent des ennemis qu'il faut emprisonner dans des bulles avant de les faire exploser pour récupérer des points, tout en prenant en compte les courants d'air susceptibles de faire dévier les bulles, le tout sur une centaine de niveaux.
Bubble Bobble Part 2 (USA)	Si Rainbow Islands est la vraie suite de Bubble Bobble, ce Bubble Bobble : Part 2 permet de poursuivre les aventures de Bub et Bob alors qu'ils sont encore sous leurs apparences de dinosaures. Au fil des nombreux niveaux de jeu, vous devrez enfermer vos ennemis dans des bulles et les faire éclater pour les détruire.
Bucky O'Hare (USA)	Bucky O'Hare est un jeu d'action sur Nes. Le capitaine Bucky O'Hare et son fidèle équipage luttent pour sauver leur terre du fléau de Toad Armada. Malheureusement, le navire de Bucky est attaqué et l'équipage est fait prisonnier. Maintenant, c'est à vous de vous libérer et de vous défaire de vos ennemis !
Bugs Bunny Birthday Blowout, The (USA)	The Bugs Bunny Blowout est un jeu de plates-formes sur Nes où le joueur incarne le célèbre lapin issu du célèbre dessin animé de Warner Bros. Bugs doit rejoindre sa cérémonie d'anniversaire, mais des toons pas invités à la réception, feront tout pour l'arrêter.
Bugs Bunny Crazy Castle, The (USA)	The Bugs Bunny Crazy Castle est un jeu d'action/réflexion sur Nes. Vous devez aider notre vieil ami Bugs Bunny dans sa quête. En effet, un coffre rempli de trésors est caché dans le château. A vous d'esquiver vos ennemis et de faire preuve d'intelligence pour le trouver.
Burai Fighter (USA)	Burai Fighter est un jeu d'action et de tir sur Nes. Le soft vous propose de combattre à bord de votre vaisseau pour repousser des hordes d'aliens assoiffés de chair humaine qui ont décidé d'envahir la terre pour leurs prochains repas. Vous avez un arsenal complet à votre disposition tel que des lasers, des missiles et des bombes destructrices. Le soft ne propose pas de mode multijoueur.
BurgerTime (World) (Evercade)	BurgerTime est un jeu de plates-formes à l'aspect d'un labyrinthe, où le joueur incarne un chef de cuisine et doit confectionner des hamburgers tout en évitant les autres personnages représentés par de la nourriture qui le poursuivent, à savoir des ?ufs, des saucisses et des poivrons qu'il peut temporairement immobiliser en leur jetant du poivre (trois tirs possibles au maximum).
Business Wars (Japan)	Business Wars est un jeu vidéo d'aventure en texte sorti pour Family Computer au Japon. Beaucoup de stratégie est utilisée lorsque les joueurs doivent prendre des décisions et négocier. Les messages arrivent toujours en utilisant le style de flux de données pour rendre le jeu plus professionnel. Le jeu peut se terminer par une perte si la mauvaise décision est prise au mauvais moment (similaire à la mort dans un jeu d'action). Le joueur devra faire face à des usuriers dans les Caraïbes, à des dirigeants d'entreprise impitoyables de sociétés rivales, à des séances d'arbitrage et à des composants qui font que le jeu ressemble davantage à un jeu de stratégie. Il n'y a pas d'objets à utiliser et très peu d'action (déplacer le gars dans un immeuble de bureaux virtuel).
Cabal (USA)	Cabal est un jeu d'action sur Nes. Vous incarnez un soldat qui doit tirer sur tout ce qui bouge avec des armes à feu et grenades. A travers les cinq niveaux, vous avez à combattre toutes sortes d'ennemis : fantassins, tanks, hélicoptères et boss de fin de niveau.
Cadillac (Japan)	Cadillac est un puzzle game sur Nintendo Nes qui se joue à la façon d'un un Tetris mais avec des cartes. Vous devez réaliser des combinaisons de cartes similaires au poker (pair, brelan, suite...) pour les faire disparaître et gagner ainsi de l'argent.
Caesars Palace (USA)	Le célèbre Caesars Palace de Las Vegas vous ouvre ses portes dans ce jeu de Casino pour NES. Déplacez-vous librement à l'intérieur et laissez-vous tenter par les tables de Black Jack, la roulette ou encore les machines à sous. Faites jouer votre intuition et laissez parler votre chance pour espérer vous enrichir et devenir le roi de Vegas.
California Games (USA)	Le jeu s'inscrit dans la lignée des Summer Games et Winter Games et vous propose de participer à différentes épreuves sportives cool et fun représentatives des occupations californiennes. Ce sont donc des runs de BMX, de Surf, de Skateboard (half-pipe) et de Rollers ainsi que des épreuves de Footbag et de lancé de Frisbee qui vous seront imposées et pour lesquelles vous aurez pour mission de scorer un maximum dans un temps imparti. Les options du jeu vous laissent le choix sur le déroulement des épreuves : concourir dans tous les événements,à quelques événements, ou à un seul événement mais aussi de pratique pour le plaisir sur un événement au choix (practice). Vous pouvez saisir jusqu'à 8 joueurs (avec saisie du nom et choix de la team de sponsors) qui participeront en alternance avec un classement général à la fin. La difficulté n'est pas insurmontable mais certaines épreuves sont tout de même assez corsées.
California Raisins - The Grape Escape (USA) (Proto 1)	Dans ce jeu d'action à un seul joueur à défilement latéral, le joueur contrôle un raisin californien à travers cinq niveaux dans le but de sauver le groupe et les notes musicales de leur groupe qui ont été volées par la bande de musiciens jaloux. Le joueur marche, saute, grimpe sur des vignes, marche sur la lune (en appuyant sur le bouton «sélectionner») et tire un nombre illimité de haricots à la gelée de raisin comme projectiles. Comme c'était le cas avec d'autres jeux Capcom, comme Mega Man et DuckTales, on peut jouer les quatre premiers niveaux dans l'ordre que vous voulez, mais le niveau final n'est disponible qu'après avoir recueilli les notes de musique de chacun des quatre niveaux . Les quatre premiers niveaux incluent la vigne de raisin, l'usine, le labyrinthe de maïs et la juicery. Le dernier niveau prend place dans The Clouds. Pendant chaque niveau, vous pouvez collecter des icônes «I» qui vous donnent une invincibilité temporaire, des notes de musique noires régulières pour les points bonus, des icônes «Sunshine» pour restaurer votre santé et des icônes «Raisinette» pour donner une vie supplémentaire au joueur. On peut aussi localiser des objets en tirant sur l'air mince ou sur des colonnes.
Capcom's Gold Medal Challenge '92 (USA)	Gold Medal Challenge'92 est une compilation de sport sur Nintendo NES. Les jeux olympiques 1992 sont ouverts, et vous allez avoir le plaisir de retrouvez pas moins de 17 épreuves olympiques dans cette cartouche. 100 mètres, nage libre, saut en hauteur, lancer de poids, cheval d'arçon, on s'y croirait presque. À la seule différence que les ampoules, c'est aux doigts que vous les aurez puisque pour faire avancer votre personnage, vous devez appuyer successivement sur les deux touches de votre manette pour le faire avancer plus ou moins vite. En ce qui concerne les sauts ou les trajectoires pour les épreuves spéciales, la flèche du pad vous permettra d'orienter vos mouvements.
Captain America and the Avengers (USA)	Captain America and the Avengers sur NES est la conversion du jeu d'action sorti en arcade. Incarnez les héros Marvel tels qu'Iron Man, Hawkeye et Vision. Vous pouvez choisir de jouer seul ou à deux simultanément, pour éliminer tout opposant qui osera se mettre en travers de votre super-chemin.
Captain ED (Japan)	Captain Ed est un shoot'em up en scrolling vertical sorti au Japon sur la Nes. Le décor du jeu est fait de case de couleurs différentes qui ont des effets direct sur votre véhicule : panne d'essence, ralentissement et perte d'énergie.
Captain Planet and the Planeteers (USA)	Captain Planet and the Planeteers est un jeu d'action/plates-formes sur NES. Tiré du dessin animé &quot;Captain Planet&quot;, ce titre vous propose 5 missions différentes réparties dans 5 niveaux pour préserver l'environnement et sauver la planète. Des bonus peuvent être ramassés en route pour tenir tête au boss de fin de niveau.
Captain Silver (Japan)	Dans Captain Silver sur NES, incarnez Jim, un jeune homme ayant le goût de l'aventure qui embarque dans une expédition à la recherche d'un trésor secret. Durant son voyage, traversez villages, jungles et bateaux pour atteindre les mers de l'est dans un jeu de plates-formes où le fait de collecter toutes les lettres de Captain Silver donne une vie supplémentaire. En avant, moussaillon !
Captain Skyhawk (USA)	Captain Skyhawk est un jeu de tir sur Nes. Vous incarnez un pilote de chasse dont le but est de libérer la Terre d'une invasion alien. Vous devez détruire les bases aliens avant que celles-ci ne drainent toutes les forces vives de la planète. Aux commandes de votre F-14, vous êtes muni de quatre types d'armes différents, dont vous devez faire bon usage au cours des 9 missions composant le jeu.
Captain Tsubasa II - Super Striker (Japan)	Captain Tsubasa II et le deuxième volet de la série sur la NES inspiré du dessin animé Olive et Tom. Cette suite présente de nombreuses améliorations en terme de graphisme et de gameplay. Un jeu bien pensé avec des animations plus cinématographiques que jamais.
Casino Derby (Japan)	Jeu de courses de chevaux avec trois options: Derby, Jockey et Bingo.
Casino Kid (USA)	Casino Kid sur Nes nous met dans la peau de The Kid, un enfant qui doit vaincre le meilleur joueur de Black Jack des Etats-Unis et remporter la somme astronomique de 10.000.000 de dollars.
Casino Kid II (USA)	Casino Kid 2 sur Nes nous refait vivre une aventure de The Kid. Déjà le plus grand joueur des Etats-Unis, vous devez maintenant devenir le Champion du Monde ! Parcourez le Monde et jouez au poker et au black jack mais aussi à la roulette.
Castelian (USA)	Castelian sur Nintendo NES est un jeu d'action/plate-forme où vous contrôlez une petite grenouille verte (croisé avec un cochon semble-t-il) dans le but de la hisser au sommet de 8 tours qui empoissonnent l'eau dans laquelle vous et vos congénères habité. La cartouche fait preuve d'ingéniosité techniquement parlant, en recréant un effet de 3D qui donne l'impression de tourner autour des tours. Votre ascension sera parsemée d'ennemis en tous genres et vos seules armes sont des boules à lancer sur l'adversaire. Vous avez la possibilité d'effectuer un saut en appuyant sur A et en maintenant la direction vers laquelle vous voulez sauter. L'ascension sera particulièrement compliquée en additionnant la mauvaise réaction des touches, les ennemis qui suivent le mouvement de la tour et le temps imparti.
Castle of Dragon (USA)	Darklarza, le Maître des Dragons, terrorise le royaume depuis de nombreuses années. Le roi s'est retiré en exil avec son plus brave chevalier, Geraden, pour tenir son fort. Darklarza met en scène une attaque contre la forteresse de l'exil du roi et parvient à enlever la princesse. C'est à Geraden de parcourir le royaume, de sauver la princesse et de mettre définitivement fin au règne de Darklarza. Castle of Dragon est un jeu d'action a défilement latéral dans laquelle Geraden doit se frayé un chemin à travers le royaume et détruire les armées de Darklarza. Initialement équipé d'une épée et d'un bouclier, plus une armure sur son dos, Geraden peut passer à des options offensive et défensive plus puissantes, ainsi qu' obtenir différents sorts magiques puissants.
Castle Quest (Japan)	Castle Quest sur console Nintendo NES est un jeu de stratégie qui s'inspire des échecs. À l'aide de carte à jouer, vous combattez au tour par tour contre votre ennemi.
Castlequest (USA)	Le jeu de puzzle et de plateforme Castle Excellent est une suite de The Castle. Dans Castle Excellent, vous contrôlez un prince qui doit à nouveau sauver la princesse. Pour trouver votre princesse, vous devez explorer le château, qui compte 100 pièces différentes. Chaque pièce est un puzzle en soi car vous devez éviter les chevaliers ennemis, les gros hommes du Tyrol, les objets dangereux et vous devez utiliser des objets pour accéder à la porte suivante. Dans chaque pièce, vous devez collecter des clés et des objets comme des anneaux et des lingots d'or. Les clés peuvent avoir différentes couleurs et n'ouvrent que les portes correspondant à la couleur de la clé. La principale différence avec le jeu original The Castle est que les pièces du château sont complètement repensées et contiennent de nombreux nouveaux défis. Le gameplay n'a pas changé.
Castlevania (World) (Konami Collector's Series)	À vos risques et périls! Si vous trouvez le monde extérieur effrayant, attendez de voir l'intérieur. Vous entrez dans la plus longue nuit de votre vie. Fantômes, lutins, démons, loups, chauve-souris - des créatures cachées dans les moindres recoins. Soyez vigilant, c'est votre unique chance de trouver une arme ou deux. Car lorsque enfin vous rencontrerez le Comte, il n'aura qu'un seul objectif: votre jugulaire. Alors gardez votre pieu aiguisé.
Castlevania II - Simon's Quest (World) (Konami Collector's Series)	Dans Castlevania II : Simon's Quest sur NES, le célèbre chasseur de vampires Simon Belmont doit retrouver et détruire les restes de Dracula afin de lever la terrible malédiction qui pèse sur lui. Castlevania II reprend les éléments qui ont fait le succès de son prédécesseur, en y ajoutant un aspect aventure et une alternance entre le jour et la nuit. Méfiez-vous, les ennemis deviennent plus dangereux lorsque le soleil se couche !
Castlevania III - Dracula's Curse (World) (Konami Collector's Series)	Il n'y a que vous qui puissiez empêcher Dracula de faire couler le sang! Conduit par l'immortel comte Dracula, une armée diabolique, la plus gigantesque qui ait jamais été rassemblée, se tient prête à enterrer l'humanité dans une tombe de terreur. La destruction de cette légion composée de Dragons des Marais, de Squelettes balafreurs et de monstrueux démons ne pourra être assurée que par un combat suprême mené par le plus rusé des guerriers. L'histoire se situe cent ans avant la naissance de Simon Belmont. Dracula est jeune et il faudra plus qu'un pieu pour neutraliser ce démon. Heureusement, vous incarnez Trevor, l'aïeul de Simon, celui qui fut le premier de la lignée des Seigneurs Belmont.
Cat Ninden Teyandee (Japan)	Edoropolis (Little Tokyo aux USA) est le foyer des animaloids, des animaux anthropomorphiques cybernétisés. Ils sont dirigés par le shogun Lei Lei Tokugawa (l'empereur Fred, panda de son état) et sa fille Usako Tokugawa (la princesse Violette, surnommée &quot;Vi&quot;, un lapin). Malheureusement, le premier ministre Kitsunezuka Kohon-no-Kami (un renard appelé Seymour &quot;The Big&quot; Cheese aux USA et Dusournois en France) essaye de les renverser pour régner par la force. Celui-ci a toujours un plan machiavélique dans sa manche impliquant l'armée des Ninjas corbeaux dirigée par Karamaru (corbeau appelé Ducrochu en France et Bad Bird aux USA) et Karasu Gennarisai (un vieux corbeaux appelé Decati en France et Jerry Atric aux USA, ce nom étant un jeu de mots basé sur Geriatric, les médecins pour personnes agées). Le chef des gardes du Palais Royal, Inuyama Wanko-no-Kami (un chien, nommé Big Al Dente aux USA) est à l'affût et requiert l'aide de l'escouade secrète Ninja &quot;Nyankii&quot; (les Pizza Cats) à chaque fois que le premier ministre est suspecté de fomenter un nouveau plan. Les Nyankiis opèrent depuis leur pizzeria étant en fait leur base secrète et contrecarrent systématiquement les Ninjas corbeaux. Cependant, des rumeurs prétendent que Kohon No Kami aurait contacté un scientifique étranger, le docteur violet dans un but encore inconnu. Kyatto Ninden Teyandee est un jeu dans le style de Ninja Gaiden basé sur le manga du même nom produit en 1990 par atsunoko Productions et Sotsu agency. Onze niveaux sont à parcourir en jouant chacun des Nyankii/Pizza Cats: Yattaro (Toufou Touflamme en France, Speedy Cerviche aux USA) armé de son Katana Masamasa, Pururun (Polly Esther), seule fille de l'équipe qui attaque avec ses projectiles et ses ongles coupant comme des rasoirs et Sukashii (Guido Anchovy aux USA et Guidon de course en France..) qui se bat avec son ombrelle japonaise. Vous pouvez changer de personnages en appuyant sur start a n'importe quel moment. Les quatre ninjas Otasuke (Rescue Team aux USA, il s'agit de quatre autres chats de l'equipe de secours) sont également sélectionnables: Rikinoshin (le Général Catton ou Général Chatton) qui peut briser des rochers, Mietoru (Bat Cat ou Batchat) qui peut voleter, Gotton (Meowzma O' Tool ou Chabada) qui peut creuser dans certains murs et Nekkii (Spritz T. Cat ou Super Chat) qui peut nager plus facilement et attaquer sous l'eau. Leurs aptitudes spéciales ne peuvent être utilisés qu'un court laps de temps et chacun à un mouvement supplémentaire améliorable en appuyant sur B+haut mais qui diminue la bar de Ningpo. Les passwords du jeu: 427123 niveau 2 140901 niveau 3 260388 niveau 4 600445 niveau 5 912210 niveau 6 192397 niveau 7 128256 niveau 8 924748 niveau 9 641114 niveau 10 390227 niveau 11 (final)
Caveman Games (USA)	Caveman Games sur Nes est un jeu de sport qui vous permet de participer aux jeux Olympiques à l'époque de l'Age de pierre. Le titre propose différentes activités comme de la course en dinosaure ainsi que six personnages différents ayant leurs propres compétences. Un mode multijoueur est intégré et permet de jouer jusqu'à 6.
Chack'n Pop (Japan) (En)	Chack'n Pop est un jeu d'action sur console Nintendo 8 bits. Vous incarnez un petit personnage jaune capable de marcher sur les murs et de lancer des bombes. Vous devez récupérer tous les oeufs d'un même niveau et éliminer tous les ennemis pour passer au suivant.
Challenger (Japan) (En)	un bon petit jeu ou vous devez arrêter un train où le méchant Don Waldorado a enlevé votre belle, la Princesse Mari, alors armé de vos couteaux que le personnage lance vous allez tenter d?arrêter le train puis les poursuivre sur quatre niveaux en tout au travers des pyramides et de Waldorado Island jeu plutôt bien a essayer.
Championship Bowling (USA)	Championship Bowling sur Nes est un jeu de bowling où le but est de faire tomber le plus de quilles possible. Vous avez le choix entre quatre pistes de bowling et cinq personnages. Le poids de la boule et la puissance du joueur sont déterminants dans la réussite de la partie.
Championship Lode Runner (Japan) (En)	Le titre d'action/réflexion Championship Lode Runner sur Nes reprend le même principe que le premier jeu mais s'adresse particulièrement aux meilleurs joueurs qui trouveront là 50 niveaux réputés pour être parmi les plus difficiles. Pas d'éditeurs de niveaux dans cette version, mais une fonction de sauvegarde. Attention, toute sauvegarde vous coûte une vie.
Championship Pool (USA)	Voici une partie de 8-Ball classique à disputer contre vos amis – sans fioritures – avec des riffs de rock “n” roll qui vous mettront de l'ambiance. Vous pourrez profiter à tout moment de toutes les sensations fortes de l'un des jeux les plus populaires au monde, sans jamais avoir à attendre qu'une table se libère ! Championship Pool vous offre toute l'excitation du billard pur, avec des fonctionnalités uniques que vous ne trouverez peut-être dans aucun autre jeu de billard électronique. Et ce jeu de billard sur NES est officiellement approuvé par le Billiard Congress of America. Affrontez l'ordinateur ou défiez jusqu'à 7 adversaires humains grâce à l'option Party Pool. Choisissez entre les écrans avec zoom avant et zoom arrière, et sélectionnez la musique qui vous mettra dans l'ambiance ! Vous vous croyez incorrigible ? Essayez le mode Tournoi où seuls les meilleurs joueurs se qualifient pour le championnat du monde. Jouez au 8-ball, au 9-ball, au straight pool ou à plus de 15 jeux différents ! Craye-les et aligne-les... C'est à vous de jouer !
Championship Rally (Europe)	Championship Rally sur Nes est un jeu de courses qui contient plusieurs modes ainsi qu'une dizaine du circuits différents. Les voitures sont classées en trois groupes : N, A, S et ont chacune des caractéristiques différentes.
Chaos World (Japan)	La fille du roi est gravement malade et le royaume est en proie à des monstres. Le roi a besoin de vous, la progéniture du courageux guerrier Mars, pour faire un voyage et enquêter sur l'affaire. Au cours de cette enquête, vous découvrez un complot beaucoup plus sinistre et devez affronter les forces obscures du monde. &quot;Chaos World&quot; vous permet de personnaliser votre personnage en choisissant l'une des nombreuses classes, le sexe et les statistiques (vous pouvez allouer des points de compétences disponibles à votre souhait au début du jeu). Jusqu'à quatorze personnages peuvent rejoindre votre groupe et vous pouvez recruter des personnes dans des guildes d'aventuriers. Le jeu comporte également un cycle jour / nuit.
Chessmaster, The (USA)	Chessmaster est un jeu où le joueur a la chance de jouer contre un processeur à un jeu d'échecs standard. Pour jouer, le joueur doit ramasser les pièces d'échecs avec le curseur en forme de main et le placer à l'endroit désiré, dans les règles du jeu d'échecs standard. Il y a 16 niveaux de difficulté différents qui incluent 2 niveaux de débutant, 13 niveaux standard (allant d'une moyenne de 5 secondes à 4,5 minutes par coup selon le niveau) et un niveau infini qui continuera à penser à un coup jusqu'à ce qu'un coup parfait puisse être jouer. Il ya aussi un mode d'enseignement qui montre au joueur tous les mouvements possibles avec la pièce sélectionnée. Deux joueurs peuvent jouer entre eux avec deux contrôleurs.
Chester Field - Ankoku Shin e no Chousen (Japan)	Episode II: Il était une fois le royaume de Guldred, sur lequel règnait Gulse I. Toute sa gloire apportait la paix et la joie aux gens. Le jour de l'assassinat de Gulse I cette terre de paix se transforma en champ de bataille. Ce crime fut commis par le général Guemon. Ce fut le moment critique du royaume de Guldred. Dans ces circonstances, Gazem, un ancien chevalier, conseilla à la reine Liza et à la princesse Karen de demander de l'aide à Backviser. Backviser était le vieil ami du roi Gulse, qui vivait dans l'île de Chester Field. Liza et Karen décidèrent donc d'y aller avec Gazem. Sur le chemin vers l'île, malheureusement, leur navire fut attaqué par les hommes de Guemon. Gazem se battit courageusement contre les pirates, mais en vain. Il fut gravement blessé, Liza fut tuée, et pire encore, la princesse Karen fut emprisonnée quelque part dans l'île de Chester Field. Le chevalier blessé dériva jusqu'à l'île, où il a fut soigné par un jeune homme nommé Kein. Gazem, cependant, rendu son dernier soupir après avoir raconté à Kein toute son histoire. Profondément ému par son histoire, Kein décida d'entreprendre un voyage pour reconstruire le royaume de Guldred. Il devait sauver la princesse Karen de la main de l'ennemi et se battre contre Guémon. L'histoire du jeune chevalier commença sur l'île de Chester Field ....
Chibi Maruko-chan - Uki Uki Shopping (Japan)	Chibi Maruko-Chan: Uki Uki Shopping est un jeu de société simple pour la NES, destiné aux enfants. Le principe est de parcourir la carte pour atteindre un certain point de repère avant les autres, tout en achetant des souvenirs à ces endroits en cours de route. Il n'y a vraiment rien dans le jeu, puisque vos résultats ne sont pas enregistrés ou reportés sur une nouvelle carte; quand vous gagnez le jeu actuel, c'est tout ce qu'il y a. Le gameplay et le concept général sont simples avec l'inclusion de cartes spéciales que vous pouvez recevoir pour affecter les autres ou vous-même. En plus de gagner des yens, vous pouvez également gagner des points de bonheur, que vous gagnez en achetant des souvenirs et en les renvoyant chez vous pour en profiter.
Chiisana Obake - Acchi Socchi Kocchi (Japan) (En)	Atchi, Kotchi et Sotchi doivent courir à travers les niveaux afin de manger toutes les pommes. Quand toutes les cases sont vides, vous gagnez le niveau.Il faut également recueillir les power-ups avant qu'ils ne disparaissent.
Chip 'n Dale - Rescue Rangers (USA)	Le diabolique Catox menace de prendre le contrôle de la ville. Joignez vite vos efforts à ceux des Rangers du Risque et de Tic et Tac pour déjouer sa maléfique tentative... Tic et Tac, ces détectives minuscules mais courageux ont reçu un autre SOS désespéré. Gadget a été kidnappée par le diabolique Catox qui veut s'emparer de la ville. Joignez-vous aux Rangers et participez à leur passionnante recherche dans les noires profondeurs des égouts gluants et sur les cimes frémissantes des fils téléphoniques! Seul ou à deux, découvrez les quartiers généraux de Catox et déjouez son dessein diabolique!
Chip 'n Dale - Rescue Rangers 2 (USA)	Appel à tous les Rangers... Recherchons un félin qui s'est échappé. Tic et Tac, nos minuscules mais téméraires détectives, ont eu vent de terribles nouvelles: le fameux chat criminel s'est évadé de prison et a volé l'Urne du Pharaon. Une fois de plus, les Rangers du Risque doivent se réunir, tenter de résoudre l'affaire de l'Urne disparue et renvoyer Catox, le félon félin derrière les barreaux. Joignez-vous à Tic, Tac et les autres Rangers dans cette nouvelle aventure farfelue. Explorez les niveaux dangereux du restaurant et rencontrez Water Rabbit à la personnalité explosive. Aidez-les à fuir parmi les niveaux glacés du réfrigérateur géant. Sondez les murs spectraux de l'entrepôt hanté et découvrez l'indice final qui vous révélera le repaire secret de Catox.
Chip's Challenge (USA) (Proto)	Chip McCallahan est un nerd qui voudrait bien être accepté au club informatique 'Bit Busters', présidé par Melinda, une merveille d'intelligence. Mais pour accéder au club, il doit prouver son intelligence en passant un test d'initiation en résolvant les épreuves composant les très nombreux tableaux du jeu (jusqu'à 149 selon la version). Chip devra ramasser toutes les puces de chaque niveau avant de pouvoir enlever le &quot;socket&quot; qui bloque la sortie. Pour cela, il devra calculer l'ordre de ses actions, ouvrir des portes en ramassant la bonne clé, pousser des blocs pour bloquer des passages ou en créer d'autres, utiliser le bon accessoire pour accéder à des zones mortelles ou impraticables (bouclier bleu pour l'eau, rouge pour le feu, crampons pour marcher sur la glace, aimant pour résister aux champs magnétiques...). Les premiers niveaux servent de tutoriel et la difficulté augmente vite.
Chiyonofuji no Ooichou (Japan)	Le joueur est capable de personnaliser son propre lutteur de sumo en lui donnant une apparence unique. Les personnages ont une apparence chibi. Les éléments qui peuvent être personalisé sont: les yeux, les oreilles, la bouche et le nez. Une fois le lutteur personnalisé créé, il doit se battre contre d'autres lutteurs de sumo pour le titre de Yokozuna. Il y a deux barres pour chaque joueur qui lui permettent de se défendre et de lancer des attaques. Un mode tutoriel est ajouté qui permet aux joueurs de s'exercer à affronter un adversaire dont l'IA est inférieur à l'IA du jeu.
Choplifter (Japan) (En)	Choplifter est un jeu d'action / arcade à défilement latéral qui vous met aux commandes d'un hélicoptère d'attaque. Votre mission: passer derrière les lignes ennemies et sauver jusqu'à 16 otages par niveau. Soyez prudent, cependant, parce que les chars et les avions ennemis vont essayer de vous arrêter - et ils n'arrêteront pas de tirer pendant que vous secourez ces otages! Initialement publié sur Apple II, Choplifter a ensuite été porté sur bornes d'arcade et un certain nombre de consoles de jeux vidéo. Beaucoup d'imitations et d'hommages suivront.
Chou Fuyuu Yousai - Exed Exes (Japan) (En)	Exed Exes sur Nes est un shoot'em up à scrolling vertical, également connu sous le nom Savage Bees, dont le design assez particulier est basé sur l'hexagone. Le joueur évolue dans plusieurs niveaux au beau milieu d'une ruche d'aliens, protégée par une horde d'insectes désagréables.
Choujikuu Yousai - Macross (Japan) (En)	Choujikuu Yousai - Macross est un shoot'em up sur console 8 bits Nintendo. Vous évoluez dans l'espace à bord d'un vaisseau qui s'améliore selon les options que vous récupérez dans le niveau.
Choujin Sentai - Jetman (Japan) (En)	Choujin Sentai Jetman est basé sur l'émission de télévision japonaise qui ressemble aux Mighty Morphin Power Rangers. Le jeu a été développé par Natsume et la jouabilité est assez semblable à leur autre titre - Shatterhand. C'est un jeu d'action sidescrolling où le joueur doit tirer, kicker, sauter et grimper pour surmonter une pléthore de méchants. Avant que le joueur ne sélectionne une étape, il doit sélectionner l'un des cinq héros, chacun avec sa propre quantité de points de vie et d'arme. Ils ont également une attaque spéciale à usage limité qui peut supprimer de l'écran tous les ennemis. À la fin de chaque niveau, le héros saute dans un robot géant et engage un duel en tête à tête avec le boss de ce niveau.Le jeu comporte quatre niveaux de difficulté (2 cachés), un système de mot de passe, et un &quot;mode de combat&quot; dans lequel le joueur peut s'entraîner à se battre contre n'importe lequel des boss.
Chris Evert & Ivan Lendl in Top Players' Tennis (USA)	Jouez le jeu de vos rêves avec Top Players' Tennis - le seul jeu où vous &quot;devenez&quot; Ivan Lendl ou Chris Evert. Mais d'abord, vous avez quatre tournois majeurs à jouer; L'Open d'Australie, l'Open de France, Wimbledon et l'Open des Etats-Unis. Jouer des singles contre un ami, ou l'ordinateur; Doubler avec Lendl ou Evert pour battre l'ordinateur; Ou jouer avec un ami contre l'ordinateur. Il ya de l'excitation, de l'action et de la sueur ! game ... set ... match
Chubby Cherub (USA)	Vous jouez un chérubin en mission pour sauver ses amis. Vous volez à travers les niveaux pour manger plusieurs aliments différents afin de garder votre compteur de vol alimenté. Vous devez également éviter divers ennemis tels que des chiens, des oiseaux et des ballons. Vous pouvez également tirer sur les ennemis de type chien avec les coeurs du canon Gau-Gau du chérubin.
Chuck Yeager's Fighter Combat (USA) (Proto)	Le plus grand pilote dans l'histoire de la Force aérienne a besoin d'un nouveau co-pilote - Êtes-vous prêt à relever le défi ? Montez dans le cockpit du nouveau jeu à succès de Nintendo Entertainment System: Chuck Yeager's Fighter Combat ! Votre mission est de monter à bord d'un des avions les plus radicaux jamais créés, le F16C Fighting Falcon, et de vous préparer à l'action la plus chaude qui soit. Êtes-vous assez fort pour gérer les Gatling et les missiles Sidewinder? Pouvez-vous supporter la forte personnalité du général de brigade quand il critique chacun de vos mouvements? Êtes-vous si mauvais pour voyager dans le monde en luttant pour la liberté américaine contre les soviets ? Eh bien, vous êtes au bon endroit ! La technologie 8 bits vous met dans le cockpit de cette simulation de vol en pleine d'action. Si jamais vous avez trop peur d'y aller seul, le mode deux joueurs vous permettra d'avoir un copilote avec vous à vos côtés!
Chuugoku Janshi Story - Tonfuu (Japan)	&quot;Chuugoku Janshi Story: Tonpuu&quot; est un jeu de simulation de Mahjong sorti uniquement au Japon par Natsume en 1989. Vous devez faire votre chemin face à de nombreux adversaires pour espérer remporter le tournoi !
Chuugoku Senseijutsu (Japan)	Un jeu de bonne aventure qui utilise le mysticisme oriental pour pronostiquer sur l'avenir du joueur, en fonction de son année de naissance. Bien que les dispositifs de voyance n'étaient pas inconnus, c'était le premier &quot;jeu&quot; NES à fournir un tel service. Il serait, cependant, suivi presque immédiatement avec Induction Produce's '89 Dennou Kyuusei Uranai;; un autre simulateur interactif de bonne aventure. Le joueur peut choisir de recevoir sa fortune dans des domaines distincts de sa vie, y compris les perspectives romantiques, le meilleur moment pour épouser son partenaire et le résultat de ses futures relations commerciales. En raison de l'impact minime et de l'obscurité relative des horoscopes orientaux dans l'ouest, le jeu n'a jamais été sorti en dehors du Japon, bien que les États-Unis finiraient par recevoir leur propre équivalent avec Taboo: The Sixth Sense.
Chuuka Taisen (Japan)	Dans le shoot'em up Cloud Master sur Nes, vous incarnez un petit personnage perché sur un nuage qui doit envoyer des boules de feu sur ses nombreux ennemis. Les adversaires sont aussi variés que des bols de nouilles ou des ours armés ! Des visites régulières dans une boutique permettront au héros d'améliorer son attaque et sa défense.
Circus Caper (USA)	Cirque Caper, connu sous le nom de Moeru! On san au Japon, est le titre d'un jeu vidéo Nintendo Entertainment System où le joueur contrôle un jeune garçon dans une quête pour sauver sa soeur Qui a été enlevé par le cirque. Le jeu a été publié en 1990 par Toho et a reçu de mauvaises critiques. Il s'agit de la version occidentale du jeu Japonais &quot;Moeru! Oniisan&quot; même si de très nombreux éléments ont été modifiés. (cinématique, graphismes, niveaux, etc..)
Circus Charlie (Japan) (En)	Êtes-vous le clown capable de braver des numéros de cirque extrêmes ? Approchez-vous ! Approchez-vous ! Regardez l'incroyable Charlie le clown exécuter des cascades mortelles pour votre plus grand plaisir ! Sauter dans des cerceaux enflammés sur le dos d'un lion, éviter des singes sauvages sur une corde raide, marcher sur des ballons, monter à cheval sur un champ de trampolines suspendus, se balancer de corde en corde au-dessus du sol, il n'y a pas de défi assez fou pour Charlie ! Guidez Charlie et aidez-le à atteindre la fin de chaque étape, et accumulez des points en cours de route ! Un seul faux mouvement et c'est bye bye Charlie ! Si vous vous trompez trop souvent, Charlie sera viré !
City Adventure Touch - Mystery of Triangle (Japan)	City Adventure Touch : Mystery of Triangle sur Nes est un jeu d'action dans lequel deux jumeaux utilisent leurs battes de base-ball pour repousser les individus qui tentent de s'approcher de leur dulcinée.
City Connection (World) (Evercade)	Dans ce jeu d'action sur NES, un jeune homme né en Californie entreprend de visiter les sites les plus célèbres autour du monde. Au fur et à mesure qu'il conduit sur les autoroutes entourant ces sites, la route se peint en blanc. Tous les tronçons de route doivent être peints pour que le jeune homme puisse passer au lieu suivant. Mais la police locale tente à chaque fois de l'empêcher de réussir son but, sans oublier les chats errants et les pointes qui traînent sur la route.
Clash at Demonhead (USA)	Clash At Demonhead est un jeu d'action/aventure sur Nes dans lequel vous incarnez le sergent Billy membre de la Brigade Spéciale SABRE qui a pour mission de mettre fin aux agissements diaboliques du sinistre groupe Dead End. Ces derniers sont entrés, dans leur volonté de destruction, en collaboration avec le professeur Plum qui a mis au point une machine au nom évocateur : Doomsday.
Classic Concentration (USA)	Classic Concentration sur NES est un jeu de réflexion dans lequel deux participants sont soumis à de nombreuses questions diverses et variées qui offriront au vainqueur une coquette somme d'argent.
Cliffhanger (USA)	Cliffhanger est l'adaptation sur NES du film du même nom sorti en 1992. Vous incarnez Gabe (Silvester Stallone) et revivez le scénario du film. Gabe doit escalader les montagnes, éviter les avalanches et éliminer les ennemis. Pour ce faire, il peut se battre à mains nues ou ramasser les armes de ses adversaires.
Clu Clu Land (World)	Clu Clu Land est un jeu de puzzle sur NES dans lequel vous incarnez une sorte de poisson et explorez les divers terrains de jeu. Le but est de ramasser des barres d'or pour former une image au fur et à mesure. Des ennemis viennent souvent vous compliquer la tâche mais vous pouvez utiliser une vague d'énergie pour les faire disparaître temporairement et continuer de compléter votre puzzle.
Cobra Command (USA)	Cobra Command est un shoot'em up sur NES. Vous êtes aux commandes d'un hélicoptère et au cours des différents niveaux, vous devez exterminer tous les ennemis qui fondent vers vous.
Cobra Triangle (USA)	Cobra Triangle est un jeu de courses de bateau sur NES. Évitez les projectiles et les murs et ramassez des bonus pour gagner la partie avec un maximum de points. 5 types de bonus sont disponibles et améliorent respectivement votre accélération, votre puissance de tir, votre vitesse maximale, votre armement ou encore votre blindage. Le jeu comporte 7 types de niveaux avec à chaque fois des objectifs différents.
Cocoron (Japan)	Cocoron est un jeu d'action/plates-formes sorti sur console Nintendo NES au Japon. Dans ce jeu, vous créez votre propre personnage avant de vous lancer dans l'aventure. Vous devrez venir à bout de vos ennemis pour arriver au terme de chaque niveaux et ainsi libérer la princesse Rua, souveraine du monde des rêves.
Code Name - Viper (USA)	Code Name : Viper sur Nes est un jeu d'action qui vous place dans la peau d'un agent secret américain qui a pour délicate mission de combattre le cartel de la drogue directement en Amérique du Sud. Vous devrez infiltrer des bases et manoirs, libérer des otages ou des informateurs et rassembler des indices afin de découvrir qui se trouve à la tête du cartel. Pour vous aider dans votre mission, vous disposez d'un arsenal conséquent et qui évolue au fil du jeu.
Color a Dinosaur (USA)	Color a Dinosaur est un livre de coloriage électronique conçu pour les enfants âgés de 3 à 6 ans. Le jeu fournit 16 dinosaures différents qui peuvent être colorés dans une variété de couleurs et de motifs. Il y a deux modes de coloration disponibles: le mode de forme libre où vous contrôlez un crayon et sélectionnez la zone à colorer, ou le mode automatique où l'ordinateur sélectionne une région et il vous suffit de sélectionner une couleur.
Columbus - Ougon no Yoake (Japan)	Dans &quot;Columbus: Ougon no Yoake&quot;, vous prenez le contrôle du jeune Colombus, qui rêve de naviguer sur les mers et d'explorer le monde. Vous commencez à l'âge de 14 ans, devenant apprenti à bord d'un vieux navire, où vous apprenez les bases du combat. Votre but ultime dans ce jeu de rôle est de découvrir le continent américain, tout comme le modèle original Christophe Colomb. Le jeu peut être joué dans deux modes différents, soit en &quot;Mode Normal&quot; soit en &quot;Mode Historique&quot;. La seule différence entre le mode historique et le mode normal est que vous disposez d'un temps limité pour terminer le jeu. Vous commencez en Décembre 1465 et le jeu se termine alors à la fin de 1492. Le temps coïncide, avec les pas que vous faites, ce qui signifie que vous voulez garder vos pas aussi bas que possible. Découvrez le nouveau monde et prenez votre place dans l'histoire!
Commando (USA)	Commando est un jeu d'action sur Nes. Armé d'un fusil standard et de quelques grenades, vous devez éliminer des hordes de nazis qui fondent sur vous. Les arbres, les rivières et les ponts créent un vaste terrain de combat et doivent être intégrés dans votre manière de penser.
Conan (USA)	Conan est un jeu d'action sur Nes. Vous incarnez un simple mortel qui a été appelé par les dieux pour détruire plusieurs créatures mythologiques ayant emprunté le mauvais chemin pour suivre le diabolique Dameron. Le jeu est aussi connu sous le nom Myth : History in the Making sur d'autres supports.
Conflict (USA)	Conflict est un jeu de guerre sur Nes qui peut être joué par un ou deux joueurs. Le jeu utilise la géographie réelle mais les conflits décrits sont complètement fictifs. Les deux équipes inspirées des armées des années 80 s'affrontent à travers 16 scénarios imaginaires. Deux modes de jeu sont proposés : stratégie ou tactique qui permettent une approche différente des 16 niveaux du jeu.
Conquest of the Crystal Palace (USA)	Conquest Of The Crystal Palace est un jeu d'action/plates-formes sur Nes. Vous y incarnez Farron le héros de l'histoire qui doit rentrer dans le palais afin de rétablir la paix. En effet le palais était autrefois le siège d'un royaume prospère mais c'était avant que le diabolique Zaras ne s'en empare. Farron doit affronter de nombreux ennemis et a la possibilité d'améliorer son équipement grâce à l'argent obtenu sur les corps de ses ennemis.
Contra (World) (Konami Collector's Series)	Version japonaise & américaine de Probotector (donc sans armure). Bon jeu sur lequel on reste, à essayer. La version Américaine est bizaremment amputée de ses cinématiques et de quelques effets en jeu.
Contra Force (USA)	Contra Force est un jeu de tir sur Nes. Le jeu s'articule autour d'une équipe spéciale de lutte contre les terroristes. Il y a quatre personnages au choix, chacun avec son propre arsenal d'armes. Les caractères peuvent être modifiés durant le jeu en appuyant sur le bouton de sélection.
Cool World (USA)	Il s'agit de l'adaptation du film où humains et Toons se cotoyent. Résultat, un jeu de plateforme médiocre et très dur.
Cosmic Epsilon (Japan) (Famicom 3D System)	Cosmic Epsilon est un jeu de tir sur Nes. Vous voilà aux commandes d'un navire spatial avec lequel vous devrez traverser tous les niveaux en éliminant le plus d'ennemis possible. De nombreux ennemis intelligents et tous différents les uns des autres vous attendent. Lors de vos missions, vous serez amené à traverser des champs de météorites et à explorer plusieurs planètes.
Cosmic Wars (Japan)	C'est une simulation de bataille spaciale dans l'univers de Gradius. Le joueur peut choisir entre l'empire Bacterion ou les forces de Terran.
Cosmo Police Galivan (Japan)	Cosmo Police Galivan met le joueur dans la peau d'un être humain armé d'une lame faisceau, qui est seulement capable d'attaquer les monstres à proximité. Au fur et à mesure que le jeu continue, le personnage peut utiliser différents pouvoirs - certains à distance - pour éliminer les ennemis et progresser plus loin. Finalement, le joueur aura l'option de devenir un officier blindé en métal avec beaucoup plus de puissance de feu, mais cet état disparaîtra si trop de dégâts sont pris. Le personnage augmentera également de niveau après avoir détruit les ennemis, améliorant sa santé et ses &quot;points cosmos&quot; - une statistique similaire au mana qui est utilisé pour alimenter les attaques spéciales du personnage. Le monde du jeu est un réseau de grottes que le joueur peut explorer pour trouver les objets nécessaires et les zones bonus. La version NES élargit cet aspect, fournissant une exploration Metroidvania-esque. Certains obstacles sont en place pour restreindre l'exploration jusqu'à trouver le bon élément.
Cowboy Kid (USA)	Cowboy Kid est un jeu d'action sur Playstation 2. Incarnez un cowboy errant qui tente d'arrêter le plus de criminels possible. Visitez de nombreuses villes afin de retrouver l'or qui a été dérobé par vos ennemis. Dans chaque ville, vous avez la possibilité d'acheter de l'équipement tels que des couteaux, des colts ou encore des revolvers. Aidez aussi le shérif à capturer des hors-la-loi pour pouvoir toucher la prime.
Crackout (Europe)	Crack Out est un casse-briques sur Nes. L'histoire vous emmène en l'an 3000, l'humanité a épuisé toutes ses ressources en métal et voyage à travers l'espace à la recherche d'une planète ayant des gisements exploitables. Ce voyage les mène vers Selim une planète riche en minéraux mais les autochtones qui ne sont pas d'accord vont réagir en sabotant l'ordinateur et lancer l'autodestruction. Votre mission consiste à retrouver le code de 14 lettres dans la base pour annuler l'autodestruction.
Crash 'n' the Boys - Street Challenge (World) (Evercade)	Dans la ville de Spring Hill, les gangs rivaux de chaque lycée luttent pour défendre leur honneur. Les riches Hillers ont lancé un défi aux pauvres Southsiders : s'affronter dans des sports urbains où tous les coups sont permis. Menez votre équipe à la victoire ! Dans Crash'n the Boys Street Challenge, obtenez des médailles dans diverses compétitions, telles que le 400 mètres haies, le lancer de marteau ou la natation. Vous devrez également faire la course sur les toits de la ville ou participer à des combats sans merci.
Crayon Shin-chan - Ora to Poi Poi (Japan)	Ce jeu est un simple jeu de cartes avec un air de Tetris. La disposition est semblable à celle d'un court de tennis, les deux joueurs défendant leur but chacun de leur coté, tandis que les piles de cartes sont placées au centre. Les joueurs doivent déplacer les cartes coulissantes &quot;Shin&quot; de haut en bas, vers la pile centrale en faisant correspondre les symboles et repousser chaque pile vers le côté adverse pour tenter de dépasser le but.
Crazy Climber (Japan) (En)	vous etes un escaladeur fou et devez atteindre le haut de la tour.
Crisis Force (Japan) (En)	Crisis Force est un shoot'em up sur Nes. Une horde d'extraterrestres fait soudainement son apparition dans les nuages de la ville de Tokyo et commence, sans raison, à bombarder toute la ville. Un jeune couple d'adolescents décide alors de tout faire pour les arrêter. Ils embarquent dans leurs vaisseaux respectifs, prêts à en découdre avec les envahisseurs.
CrossFire (Japan) (En)	CrossFire est un run 'n gun composé de six niveaux : Ainsi votre hélicoptère vous posera au 'Nam, en Afghanistan, en Russie, en Colombie... Tous les niveaux sont foutus de la même façon : vous commencez en extérieur puis vous plongez dans les sous-sol avant de remonter à la surface pour la fin du stage (seule exception sur le train colombien). Parfois vous affronterez le boss au milieu du niveau, parfois à la fin et parfois les deux.
Crystalis (USA)	Crystalis est un jeu de rôle sur Nes. À la suite d'une grande guerre impliquant le monde entier, l'espèce humaine était quasiment éteinte. Dans le but de ne jamais revivre cet enfer, les derniers survivants ont décidé de construire une tour à partir de laquelle ils peuvent surveiller le monde et repousser les forces du mal. Incarnez un jeune héros mystérieux dont le but est de percer les secrets de cette tour.
Cyber Stadium Series - Base Wars (USA)	Base Wars est un jeu d'action sorti sur Nes. Au 24ème siècle, les règles officielles de base-ball sont très différentes de celles de notre époque. Afin de limiter les énormes frais de salaires pour les joueurs, les différents propriétaires d'équipes se sont réunis et se sont mis d'accord sur une solution : les robots. Ce sont maintenant des robots qui s'affrontent sur le terrain en utilisant tout leur arsenal.
Cyberball (USA)	Cyberball est un jeu de football américain futuriste sur Nes. Nous sommes en l'an 2022 et ce ne sont plus des joueurs qui s'affrontent mais deux équipes de sept robots. Le ballon a été remplacé par une bombe et le but est bien sûr de la faire exploser dans le camp adverse. Il est possible de jouer à deux dans un mode coopératif.
Cybernoid - The Fighting Machine (USA)	Cybernoid est un shoot'em up à tableau fixe. Le vaisseau peut se déplacer dans toutes les directions mais est soumis à la gravité, ceci va obliger lors de certains passages à doser avec précision les déplacements. De base le vaisseau peut uniquement tirer devant lui et tirer des missiles en gardant le bouton de tir enfoncé. Attention cependant à ne pas gâcher ces derniers, certains éléments bloquant le passage ne peuvent être détruits qu'avec ces missiles. En manquer obligera le joueur à revenir en arrière jusqu'à trouver une salle où les ennemis arrivent à l'infini afin d'espérer pouvoir récupérer quelques missiles. Ces même ennemis pourront également laisser derrière eux une boule de protection qui tournera autour du vaisseau offrant une protection non négligeable, il est même possible d'en avoir deux.
Cycle Race - Road Man (Japan) (En)	Le but du jeu est de faire le tour du Japon. Vous pourrez choisir un cycliste au sein de l'équipe des Etats-Unis, du Japon, de la France ou de l'Italie. Pendant la course, si le joueur finit par casser son vélo, se retrouve à cours d'énergie ou au delà d'un certain classement, alors la course sera automatiquement perdue. Néanmoins, posséder au moins un vélo de rechange dans son inventaire, pourra vous permettre d'éviter la défaite en cas de casse. On peut retrouver sa progression à l'aide des mots de passe. La course est longue de 4000 km et les joueurs devront traverser la campagne qui sépare les principales villes Japonaises le long du littoral. Les paysages variés incluent des forêts et fermes d'élevage. Le joueur est en permanence informé de l'altitude exacte de chaque section ainsi que de la distance qu'il lui reste à parcourir pour atteindre la ligne d'arrivée.
Dai-2-ji Super Robot Taisen (Japan)	Dai 2 Ji Super Robot Wars est un jeu de rôle tactique sur Nes. Des scientifiques ont découvert des technologies extraterrestres au coeur d'une météorite qui vient de s'écraser. Ils en déduisent que les aliens vont attaquer d'un moment à l'autre et vous devez protéger la Terre ! Vous contrôlez une armée de robots géants à positionner correctement sur tous les fronts, sur terre, sur mer ou dans les airs, afin de repousser les attaques toujours plus importantes des envahisseurs !
Daikaijuu Deburas (Japan)	Un jeu japonais de Kaiju. Les scientifiques découvrent un œuf géant dans l'océan, mais avant qu'il puisse être étudié, un monstre géant (Kaiju) surgit de la mer, déterminé à le détruire. Pouvez-vous combattre le monstre, limiter vos pertes et finalement sauver l'œuf? Tokyo en dépend!
Daisenryaku (Japan)	Daisenryaku pour Famicom est l'une des nombreuses simulations de grande guerre de la série Daisenryaku, une stratégie au tour par tour avec des armées modernes, les pays «bleus» et «rouges» (contrôlés par le joueur ou l'IA) sont en guerre. Trois phases de base
Daiva - Imperial of Nirsartia (Japan)	DAIVA Story 6: Imperial of Nirsartia est la sixième partie d'une série en sept parties développée par Toshiba EMI. La série n'est pas une collection d'histoires séquentielles, mais plutôt une présentation de la même histoire à partir de sept perspectives différentes. Présenté comme une «guerre de simulation active», chaque jeu permet au joueur de diriger un protagoniste différent (ou «héros») à travers une guerre galactique. Dans la plupart des versions, le joueur doit voyager de planète en planète, vaincre les armadas de défense ennemies, puis attaquer la planète dans une combinaison d'attaque mobile, détruisant autant de systèmes de défense de la planète que possible, tout en essayant de conquérir la planète.
Dance Aerobics (USA)	Dance Aerobics sur Nes est un jeu de coaching. Le but est de suivre les mouvements d'une professeur de fitness. Le joueur doit reproduire les déplacements de sa coach grâce au Powerpad Nes, un paddle comprenant douze touches en quatre par trois. Les mini-jeux s'apparentent à des jeux de rythme où il faut appuyer sur la bonne touche en suivant la musique.
Danny Sullivan's Indy Heat (USA)	Danny Sullivan, champion 1988 d'IndyCar et vainqueur du classique 'Spin & Win' Indianapolis 500 en 1985, a mis son nom dans ce jeu de course de style Super Sprint. Il y a 4 voitures dans chaque course, jouable seul ou à 2 et 9 pistes à parcourir, avec le Tradewest Speed ??Bowl la cible ultime, et est beaucoup plus longue mais comptant double. Le carburant est limité et votre voiture ralentira si le carburant vient à manquer. La voiture peut être endommagée, bien que vous puissiez la réparer aux stands. Elles ont un turbo à utiliser avec parcimonie, qui peut également être rechargé aux stands si vous en avez acheté. Après chaque course, le joueur recevra de l'argent, qui peut être consacré à des mises à niveau telles que l'amélioration de l'alimentation, des freins ou plus de turbos.
Dark Lord (Japan)	Dark Lord semble inspiré par la série Dragon Knight, dont quelqu'uns ont été traduit aléatoirement en anglais comme Legacy of the Wizard et Sorcerian. Le Seigneur des Ténèbres ressemble beaucoup à Sorcerian, il ne fait qu'échanger un combat à défilement latéral basé sur des actions maladroites pour un RPG avec vue aérienne et des batailles de style Shining Force.
Darkman (USA)	Darkman sur NES est un jeu d'action/plates-formes tiré du film du même nom. Vous incarnez un super héros nommé Darkman et pouvez sauter, donner des coups de poing et de pied, ainsi que vous balancer à des cordes. Dans chaque niveau, notre ami doit battre le boss de fin pour accéder au niveau suivant.
Darkwing Duck (USA)	Vivons dangereusement! Les barons du crime sont encore prêts à frapper! F.O.W.L (Forfaiture Obscure Double Véreuse de Larcins), une mystérieuse organisation criminelle, a mis sur pied un plan pour prendre contrôle de la charmante petite ville de Bourg-les-Canards. Six de ses acolytes les plus abominables mettent la cité à feu et à sang. Seul Mystermask (Darkwing) le téméraire canard peut les traîner devant les tribunaux! Joignez-vous à Mystermask, alors qu'il explore les bois en vue de contrecarrer le plan diabolique de Moudugenou. Fouillez les entrepôts des quais pour trouver MegaVolt et mettre fin à ses agissements. Pourchassez les 6 criminels rusés de F.O.W.L. et soyez prêt quand Mystermask lance son offensive contre le sinistre Bec d'Acier et sa forteresse volante!
Dash Galaxy in the Alien Asylum (USA)	Dash Galaxy In The Alien Asylum sur NES est un jeu d'action/aventure dans lequel vous incarnez l'explorateur Dash Galaxy qui vient d'atterrir sur une planète étrange peuplée d'aliens hostiles à votre présence sur les lieux. Cela ne vous empêche pas de partir à la recherche d'objets en tout genre ! Vous devez visiter toutes les salles de la base alien dans laquelle vous êtes, mais pensez à récupérer de l'oxygène car votre réserve n'est pas infinie !
David Crane's A Boy and His Blob - Trouble on Blobolonia (USA)	A Boy and his Blob : Trouble on Blobolonia est un jeu de plates-formes et de réflexion sur NES. Vous incarnez un garçon qui doit libérer la planète Blobolonia de l'emprise d'un méchant empereur. Vous êtes accompagné d'un Blob capable de se transformer en différents objets à chaque fois que vous lui faites gober des boules de gomme aux saveurs diverses.
Day Dreamin' Davey (USA)	Day Dreamin Davey est un jeu d'aventure sur Nes. Comme son nom l'indique, vous incarnez Davey un jeune collégien rêveur. A chacune de ses mésaventures dans la vraie vie, il s'imagine un monde dans lequel il est un héros. Tantôt chevalier, tantôt cow-boy, aidez Davey à triompher de ses problèmes !
Days of Thunder (USA) (Proto)	Days of Thunder est un jeu de courses sur Nes inspiré du film du même nom (Jours de Tonnerre) avec Tom Cruise. Il s'agit donc d'un jeu de Nascar. Vous incarnez Cole Trickle et vous concourez contre vos adversaires sur 8 pistes différentes. Vous serez obligé de réaliser des stops aux stands pour le ravitaillement, mais ne perdez pas trop de temps face à vos adversaires.
Days of Thunder (USA)	Days of Thunder est un jeu de courses sur Nes inspiré du film du même nom (Jours de Tonnerre) avec Tom Cruise. Il s'agit donc d'un jeu de Nascar. Vous incarnez Cole Trickle et vous concourez contre vos adversaires sur 8 pistes différentes. Vous serez obligé de réaliser des stops aux stands pour le ravitaillement, mais ne perdez pas trop de temps face à vos adversaires.
De-Block (Japan)	De-Block est un jeu de puzzle qui s'explique facilement par un tétris à 4 directions. Le joueur contrôle un bloc au centre de l'écran qui peut se déplacer et pivoter librement. Les blocs plus grands se déplacent vers l'intérieur de chaque côté de l'écran et se fixent au bloc central, puis changent de couleur en fonction de la distance qui les sépare du centre. Si le joueur complète un anneau de couleur, ce calque et tous les blocs qu'il contient sont effacés et tous ceux qui se trouvent à l'extérieur sont déplacés vers l'intérieur.
Deadly Towers (USA)	Deadly Towers est un jeu d'action/jeu de rôle sur NES. Vous incarnez le prince Myer qui est sur le point de prendre la gouverne du pays. Cependant, juste avant la cérémonie devant faire de vous le roi, vous êtes prévenu d'un grand danger sommeillant dans les Montagnes du Nord. Vous devez accomplir la prophétie et détruire les sept tours qui s'y trouvent pour sauver le royaume !
Deep Dungeon III - Yuushi e no Tabi (Japan)	Deep Dungeon III: Y?shi no Tabi (Deep Dungeon III: Le Voyage vers le Héros) est le troisième opus de la série Deep Dungeon et le premier à sortir sur la Famicom. C'est le premier titre de Deep Dungeon à offrir au joueur un monde à explorer dans plusieurs donjons et plusieurs villes. Il permet également au joueur de créer sa propre équipe avec jusqu'à trois compagnons en plus du personnage du héros, avec un choix de garde, de magicien ou de prêtre pour chaque personnage. Bien que le joueur puisse rejeter un personnage une fois que le jeu a commencé, il ne pourra le remplacer que s'il rencontre un autre personnage jouable pré-créé dans l'un des donjons. Cependant, le jeu se terminera dès que le protagoniste &quot;épéiste&quot; sera vaincu. Ce jeu conserve les statistiques de niveau ajustables par le joueur du premier jeu, ainsi que la fonctionnalité qui supprime les rencontres aléatoires si le joueur a un niveau d'expérience significativement supérieur à celui requis pour son emplacement actuel. Une caractéristique exclusive et plutôt ennuyante de ce moteur de jeu est que parfois le personnage du joueur va tâtonner (enlever) son arme équipée, gaspillant le tour de ce personnage. Si le joueur souhaite réarmer son arme, il lui en coûtera un autre tour. C'est le seul jeu de la série à récompenser l'argent du joueur (Or) en battant les ennemis. Tous les autres jeux forceront le joueur à entrer à nouveau dans les cartes pour récupérer les coffres réapparaissant contre de l'argent ou des objets (pour la revente) s'ils veulent faire de l'or.
Deep Dungeon IV - Kuro no Youjutsushi (Japan)	Deep Dungeon IV: Kuro no Y?jutsushi est le quatrième et dernier épisode de la série Deep Dungeon. Malheureusement, ce jeu a supprimé la fonction de personnage personnalisé du jeu précédent. À travers le jeu, le joueur rencontrera jusqu'à deux personnages jouables supplémentaires avec une classe prédéterminée. Ce jeu revient également à la pratique standard ou à la croissance des statistiques des personnages aléatoires lors de l'acquisition d'un niveau d'expérience. La nouveauté de ce moteur est que le joueur peut finalement apprendre à invoquer deux monstres pour fonctionner comme membre d'un groupe supplémentaire temporaire pour une seule bataille. Il a également supprimé la fonctionnalité qui arrête les batailles aléatoires lorsque le joueur est significativement plus puissant que les ennemis. Ce n'est pas aussi grave que les cartes de ce jeu sont aussi beaucoup plus petites (alors que les précédents jeux utilisaient des donjons de plusieurs étages jusqu'à 32x32, les donjons de ce jeu sont soit à un étage, soit à plusieurs étages dans une seule carte 32x32) Dans ce jeu, le joueur peut accepter les &quot;demandes&quot; des personnages non joueurs. Ce sont des tâches optionnelles qui récompenseront le joueur avec des objets bonus, de l'expérience ou de l'argent une fois terminé.
Defender II (USA)	Defender II sur Nes est un shoot'em up à défilement horizontal. Vous devez défendre la Terre d'une invasion extraterrestre ! Détruisez les nombreux types de vaisseaux ennemis descendant du ciel avant qu'ils n'atteignent les humains et ne les transforment en mutants ! Vous devez maintenant ramener les humains à une porte spatiale pour les évacuer. Plus vous en ramenez, plus votre score sera élevé et vous pouvez même recevoir des bonus !
Defender of the Crown (USA)	Dans Defender of the Crown, vous incarnez l'un des quatre chevaliers saxons de l'Angleterre médiévale, à une époque où le pays est en proie à des troubles car le roi est mort et sa couronne a été volée. Les Saxons et les Normands s'accusent mutuellement et se battent pour le contrôle de l'Angleterre. Après une courte introduction par Robin de Locksley lui-même, vous commencez le jeu avec un seul château et 10 soldats à vos ordres. Ensuite, vous devez construire votre armée, prendre le contrôle de territoires supplémentaires et combattre les trois seigneurs normands mais aussi parfois vos amis saxons. Le jeu a plusieurs styles différents : Vous pouvez vous engager dans un concours de joutes où vous devez faire tomber votre adversaire de son cheval à l'aide d'une lance, vous pouvez aller piller un château pour y chercher du butin ou vous pouvez attaquer un autre territoire/château.
Defenders of Dynatron City (USA)	Defenders of Dynatron City est un jeu d'action sur NES. Vous jouez un groupe d'humains ayant mutés suite à la consommation d'une boisson produite par le diabolique docteur Mayhem. Son objectif est de faire muter toute la population mondiale grâce à sa boisson, mais vous décidez de l'arrêter ! Il vous faut détruire son armée de robots et atteindre son usine ! Lorsque votre personnage se fait capturer, vous pouvez toujours en jouer un autre, jusqu'à ce qu'ils soient tous capturés.
Deja Vu (USA)	Deja Vu est un jeu d'aventure au style point-and-click qui s'inspire des romans noirs, genre de roman policier à énigme qui étaient très populaires dans les années 1940. Dans Deja Vu, votre personnage se réveille dans les toilettes d'un pub sordide sans se souvenir de qui il est ni de ce qu'il fait là. Pour ne rien arranger, vous tombez rapidement sur un cadavre criblé de trois balles. Effectivement, vous trouvez un pistolet dans votre poche avec trois balles manquantes. De là, vous devez comprendre ce qui s'est passé et qui vous êtes avant que tout ce qui arrive à votre cerveau ne vous transforme en légume. Et bien sur, les flics aimeraient beaucoup discuter avec vous à propos de tout ça.
Demon Sword (USA)	Le jeu d'aventure Demon Sword sur Nes vous fait vivre l'aventure d'un guerrier qui doit retrouver les morceaux éparpillés de la puissante épée démon. Vous devez les arracher aux puissants monstres qui en sont les gardiens et survivre à l'assaut de leurs sbires.
Derby Stallion - Zenkoku Ban (Japan)	The Derby Stallion également connu au Japon sous l'abréviation de DerbyStal. CLe jeu est un jeu de course de chevaux et de simulation d'entreprise fusionnant les genres créé à l'origine par ASCII Entertainment et publié par Nintendo. La série est la série de courses de chevaux la plus vendue de toutes.
Desert Commander (USA)	Desert Commander sur NES est un jeu de stratégie prenant place dans un désert sans nom et faisant combattre deux factions anonymes elles aussi qui n'ont pour objectif que de détruire la faction opposée ! Cinq campagnes vous sont proposées et vous laissent la possibilité de combattre soit un adversaire contrôlé par l'ordinateur soit un adversaire humain.
Destination Earthstar (USA)	Destination Earthstar sur Nes vous permet de piloter un vaisseau dans l'espace infini. Voyagez en vitesse hyperspace et traversez la galaxie pour trouver vos ennemis.
Destiny of an Emperor (USA)	Destiny of an Emperor sur NES est un jeu de rôle/stratégie vous permettant de recruter jusqu'à cinq officiers d'armée pour travailler au compte de l'empereur et participer à des combats aux envergures gigantesques, le nombre d'hommes impliqués dans les batailles dépassant aisément les dizaines de milliers ! De nouveaux officiers peuvent être récupérés au fur et à mesure de l'aventure en les battant ou en accomplissant des quêtes.
Devil Man (Japan)	Devilman de Go Nagaia prend vie dans ce jeu d'action-aventure graphique et textuel pour Famicom / NES. Au sommet de l'Himalaya, d'anciens diables remuent sous la glace après dix mille ans d'emprisonnement. Archdemon Xenon, leur maître à quatre visages, les lâche sur la Terre au grand dam de l'humanité. Vous êtes Akira Fudo qui se combine avec un ancien démon puissant nommé Amon pour devenir Devilman! Six niveaux de feu, de la glace, de l'eau, des laboratoires de recherche démoniaques secrets, des ruines de Tokyo, et bien plus encore à explorer en tant que Devilman, Akira, ses amis ou sa petite amie Miki!
Devil World (Europe)	Devil World est un jeu d'action sur Nes. Vous parcourez un labyrinthe à la recherche de points à dévorer. Mais attention, des factions adverses tenteront de vous en empêcher.
Dick Tracy (USA)	Dick Tracy sur Nes est un jeu d'action basé sur le film éponyme. Le joueur incarne Dick Tracy, un détective qui voit sa vie basculer le jour où son beau-père est assassiné par un gangster nommé Big Boy Caprice. Entre plates-formes et beat'em up, Dick Tracy plonge le joueur dans un univers sombre où chaque rencontre se termine en une véritable effusion de sang.
Die Hard (USA)	Die Hard est un jeu d'action sur Nes. John McClane décide de rendre visite à sa femme Holly à Nakatomi Plaza, et découvre qu'elle est prise en otage au 30e étage, avec un certain nombre d'autres otages. Le leader terroriste, Hans Gruber en a après l'argent qui est enfermé dans un coffre-fort à cet étage. McClane décide de combattre les terroristes de son propre chef.
Dig Dug (World) (Evercade)	Dig Dug sur NES est un jeu d'action vous faisant creuser des galeries pour vous débarrasser de vos ennemis, soit en faisant dégringoler des rochers sur le coin de leur visage, soit en les faisant gonfler jusqu'à éclatement. Le titre est un portage de la version ayant vu le jour en 1982 sur borne d'arcade.
Dig Dug II - Trouble in Paradise (World) (Evercade)	Dig Dug 2 : Trouble In Paradise sur Nes est un jeu d'action vous permettant d'incarner Dig Dug qui essaie de protéger coûte que coûte quelques 72 îles tropicales (et donc autant de niveaux) de ses rivaux de toujours, les Pookas et les Fygars. Vous possédez deux outils pour cela, le premier est une pompe à air pouvant repousser les ennemis et l'autre est un marteau piqueur vous permettant de casser certaines parties de l'île pour qu'elles emportent avec elles vos ennemis.
Digger T. Rock - The Legend of the Lost City (USA)	Digger T. Rock, un brave petit mineur qui ose creuser là où aucune pelle n'as été! Il adore découvrir des merveilles souterraines. Et il rêve de découvrir une ville enterrée remplie de trésors d'or et de vieilles reliques. Ce matin même, au fond d'une caverne glissante, Digger trébuche sur un signe à demi caché pointant vers le bas ... vers une ville perdue!
Digital Devil Story - Megami Tensei (Japan)	Shin Megami Tensei est une longue série de jeux de rôle à l'ambiance extrêmement mature qui a trouvé son origine sur Famicom avec ce premier épisode. Basé sur une nouvelle japonaise, le jeu met en scène un jeune génie de l'informatique, Akemi Nakajima, qui est parvenu à coder un programme invoquant des légions entières de démons. Il décide donc de partir avec son amie Yumiko pour la tour de Daedalus afin de mettre un terme à cette menace. Cette trame n'est en réalité qu'un prétexte pour partir à l'assaut d'un gigantesque donjon-RPG en vue subjective très en avance sur son époque. Il est ici possible de capturer des monstres pour qu'ils rejoignent vos rangs et de les faire fusionner pour en obtenir de plus puissants, et leur agressivité se détermine en fonction des cycles de la lune.
Digital Devil Story - Megami Tensei II (Japan)	Au cours des années 90, un bombardement nucléaire a changé la face du monde et a créé une faille dimensionnelle entre les démons et le monde humain. Le monde est en ruine et les démons se disputent la Terre. Les humains survivants sont forcés de vivre dans des bunkers pour survivre face aux hordes démoniaques. En 2036 dans l'un de ces bunker - &quot;Keihin No. 3&quot; - 2 amis sont contactés par un démon nommé PAZUZU qui les désigne comme sauveur de la Terre?
Dino Hockey (USA) (Proto 2)	C'est le simulateur de sport préhistorique annulé de Sunsoft.
Dirty Harry (USA)	Dirty Harry est un jeu d'action sur Nes. Dans ce titre vous incarnez le célèbre Harry Callahan qui doit se débarrasser de la pègre qui empêche les gens de la ville de vivre normalement. Armé de vos poings et surtout de votre 44 Magnum parcourez la ville et rendez aux habitants la paix.
Dokuganryuu Masamune (Japan)	Dokuganryu Masamune est un jeu de simulation historique développé et produit par Namco pour la Famicom en 1988. C'est le troisième jeu de ce type à apparaître sur la Famicom en un mois, y compris Nobunaga's Ambition de Koei et Takeda Shingen de HOT-B. Ce jeu est basé sur la vie de Date Masamune, qui détenait le pouvoir au Japon au début de la période Edo. Tacticien hors pair, il était d'autant plus iconique pour son œil manquant, et Date était souvent appelé dokuganryu. Dans le jeu, vous incarnez le suzerain en guerre et votre objectif est l'unification de 11 régions sous une seule règle. Bien que comparable à d'autres simulations historiques publiées à peu près à la même époque, ce jeu est un peu plus simple et présente des scènes de bataille immédiates, une carte hexagonale et comprend des mini-jeux tels que la recherche d'une mine d'or et le tir à l'arc à cheval. Le jeu garde un ton léger, presque humoristique, fournissant des mises à jour dans le jeu via le journal Namcot, qui montre les changements de ton de conversation et les émotions de vos adversaires. La difficulté du jeu peut être réglée, il y a huit commandes et quatre types de forces de combat. Ce jeu est sorti uniquement au Japon.
Don Doko Don (Japan)	Un jeu qui peut faire penser à un mix entre Bobble bubble et donkey kong. Vous êtes un petit barbu qui doit éliminer tous les adversaire de l’écran pour passer au stage suivant (un principe encore une fois copié). Pour arme, notre bon barbu dispose d’un marteau avec lequel il écrase les petits méchants pour ensuite les balancer sur les autres ennemis. Très vite lassant.
Don Doko Don 2 (Japan)	Don Doko Don 2 est un jeu de plateforme 2D à défilement horizontal le joueur contrôle un nain barbu brandissant un marteau pour aplatir les ennemis et les lancer. Le jeu se compose de cinq étapes, plus les batailles de boss finales. Le but du joueur est d'atteindre la fin de chaque étape, de vaincre un boss et de récupérer un sac (antidote) pour passer au suivant.
Donald Land (Japan) (En)	Le jeu met en vedette Ronald McDonald, la mascotte de la chaîne de restauration rapide McDonald's. L'objectif est d'apporter la paix à son pays magique en contrôlant le célèbre clown. La plupart des compagnons de Ronald ont été kidnappés, et les animaux sont devenus sauvages. le but du jeu consiste simplement à vaincre des ennemis tout en évitant les dégâts.
Donkey Kong (Japan) (En)	Pouvez-vous sauver la petite amie de Mario des prises de Donkey Kong? Vous devez aider Mario à libérer Pauline avant qu'il ne soit trop tard. Vous aurez à éviter des barils piégés, des boules de feu et tout ce que Donkey Kong vous lancera pour essayer de vous en empêcher. Alors, si vous cherchez de l'action, mettez fin aux singeries!
Donkey Kong 3 (World)	Donkey Kong 3 sur Nes est directement adapté de la borne d'arcade du même nom. Le gorille Donkey Kong refait des siennes. Vous devez tentez de repousser ses assauts au fil des nombreux niveaux. Pour cela, évitez les insectes qu'il lance et utilisez votre spray à bon escient jusqu'à faire reculer le singe dans le repaire des guêpes.
Donkey Kong Classics (USA, Europe)	Un très vieux, mais aussi très bon jeu. Un must regroupant Donkey Kong de 1981, où il faut libérer la copine de Mario (charpentier à l'époque) des griffes de Donkey Kong; et Donkey Kong Junior, où cette fois il faut libérer Donkey de la cage d'Evil Mario.
Donkey Kong Jr. (Japan) (En)	Mario en méchant, qui l'eut cru ? C'est pourtant le scénario improbable de Donkey Kong Jr. sur NES. Eh oui, le vilain moustachu a enfermé Donkey Kong dans une cage et il revient donc à son rejeton de le tirer des griffes de ce plombier décidément retors. Notre sympathique primate va devoir grimper le long de lianes pour atteindre le sommet du plateau, tout en évitant les divers objets que Mario croit bon de lui envoyer à la figure.
Donkey Kong Jr. + Jr. Lesson (Japan) (En)	Ce jeu n'est pas exactement une combinaison, mais plutôt un &quot;plateau&quot; de deux jeux liés à Donkey Kong: Donkey Kong Jr. et Donkey Kong Jr. Math. Combinant la moitié des modes de jeu à 1 et 2 joueurs de DK Jr. et le mode + - × ÷ Exercise de DK Jr. Math, le jeu peut répondre à toutes vos envies: excitation d'arcade classique ou arithmétique ennuyeuse.
Donkey Kong Jr. Math (USA, Europe)	Travaillez votre calcul mental avec Donkey Kong Jr. Maths sur NES. Lorsqu'une opération apparaît à l'écran, ou que Donkey Kong vous indique un résultat, vous devez sauter de chiffres en symboles mathématiques pour faire apparaître la formule qui aboutit au total donné. Jouez également à deux et bloquez votre adversaire en attrapant les chiffres avant lui.
Door Door (Japan) (En)	DoorDoor est un jeu de plateforme dans lequel vous devez enfermer les créatures qui vous poursuivent. Une seule créature peut être enfermée derrière une porte. N'oubliez pas de fermer la porte sinon les créatures sortiront et vous poursuivront à nouveau.
Doraemon (Japan)	Doraemon est un jeu d'action basé sur le célèbre dessin animé pour enfants du même nom. Comme le robot robot bleu éponyme, le joueur doit sauver chacun de ses amis qui ont été kidnappés. Tout comme le titre Challenger d'Hudson, chaque étape joue différemment
Doraemon - Giga Zombie no Gyakushuu (Japan)	Ce jeu est basé sur la série d'animations sur le chat mécanique bleu Doraemon, qui peut transformer le rêve en réalité et créer des mondes magiques où il aide les gens et combat le mal. Il y a quelque temps, Giga Zombie a ressuscité des rois morts afin de conquérir le monde. Doraemon et ses amis ont combattu l'être maléfique, mais ont été piégés dans un portail magique, et se sont retrouvés à différentes périodes. Dans ce jeu, le héros sans nom (vous pouvez choisir d'être un homme ou une femme) doit aider Doraemon à retrouver ses amis et à sauver le monde une fois de plus. Le jeu est un jeu de rôle traditionnel de haut en bas avec un combat au tour par tour vu du point de vue de la première personne. La partie inhabituelle est le temps de voyager. Vous et votre groupe pouvez voyager à différentes périodes, changer le présent et découvrir de nombreux secrets.
Double Dare (USA)	Double Dare sur NES est l'adaptation informatique de l'émission TV du même nom. Il s'agit d'un jeu de questions/réponses classique à ceci près que vous pouvez faire un défi lorsque vous ne connaissez pas la réponse. Les défis consistent principalement en des épreuves physiques comme du lancer ou encore une course d'obstacles.
Double Dragon (World) (Evercade)	Double Dragon, c'est l'histoire de Billy et Jimmy Lee, deux frères jumeaux qui ont appris à se battre dans les rues froides et impitoyables de leur ville. Leur connaissance exceptionnelle des arts martiaux combinée à leurs tactiques des rues a fait d'eux de redoutables machines de combat. Mais voilà que Billy doit faire face à un formidable défi. Marion, son amie, a été kidnappée par les Guerriers Noirs, la bande sauvage à la solde du mystérieux Shadow Boss! En se servant de toutes les armes qu'il peut trouver - couteaux, fouets, battes, rochers, bidons d'huile, et même dynamite - Billy doit poursuivre la bande dans les taudis, les usines, et les environs boisés de la ville, afin d'atteindre la cachette où se déroulera son ultime bagarre avec le Shadow Boss, Jimmy, son frère!
Double Dragon II - The Revenge (World) (Evercade)	Les double dragons - Billy et Jimmy Lee - sont de retour pour se venger de la perte de Marion. Le duo de champions d'arts martiaux affrontent les sauvages Guerriers de l'ombre en 9 périlleuses missions, face à d'impitoyables gangs des rues, des ninjas armés de nunchakus et des guerriers mutants géants! Au cours de leur quête inlassable, ils passent par des chantiers de construction, des ruelles et des cachettes sous-marines, où les attendent des ascenseurs secrets, des plafonds armés de piques et des robots aux griffes acérées. Lors d'une mission inédite, les craintes les plus terribles du valeureux duo se réalisent tandis qu'ils livrent la grande bataille du bien contre le mal. Il en va non seulement de leur vie , mais du sort du monde entier!
Double Dragon III - The Sacred Stones (USA)	L'aventure continue... Un seul homme connaît le véritable secret de la disparition de Marion... et il est mort! Dorénavant, les Double Dragons doivent faire confiance à une mystérieuse devineresse pour retrouver Marion et se procurer sa rançon, les Pierres Sacrées de la Puissance! Seul ou à deux, vous devrez vaincre les brutes les plus horriblles, les diaboliques guerriers Ninja, les gladiateurs assoiffés de sang, les barbares Manchous et plus encore! Venez à bout de vos ennemis les plus redoutables et, par respect devant votre savoir-faire, ils se rangeront à vos côtés... Leurs armes, les Griffes d'Acier et les Etoiles de Shangai, s'ajoutent alors à vos techniques, comme le terrible Salto d'Attaque. Si vous venez à bout de tous les pièges, vous sauverez Marion, garderez votre réputation et découvrirez le secret des Pierres Sacrées. Si vous échouez...
Double Dribble (USA)	Double Dribble sur NES est une simulation de basket et propose des matchs en cinq contre cinq, avec quatre équipes au choix : Boston, New-York, Chicago et Los Angeles. Il est également possible de régler la durée des quarts-temps, d'alterner ente trois niveaux de difficulté et d'affronter un ami via une seconde manette. Ce jeu est l'un des premiers du genre à inclure des cinématiques entre les matchs ainsi que des voix enregistrées.
Double Moon Densetsu (Japan)	Le monde de l'épée et de la magie, Double Moon, avec ses deux continents - Nord et Sud - a été créé par la divinité bienveillante Fatima. Cependant, le démon maléfique Samoirenko a l'intention de détruire ce monde en invoquant le mystérieux Dragon noir. Vous prenez le contrôle d'un jeune garçon nommé Yuuru, dont le père a été enlevé par Samoirenko il y a longtemps. Vous découvrez que vous avez également eu une soeur jumelle qui a disparu. Maintenant vous vous sentez prêt à retrouver votre père et à affronter Samoirenko - vous quittez votre village et commencez un voyage dangereux, au cours duquel vous rencontrerez de nombreux amis et de nombreux ennemis. Ce jeu est un jeu de rôle de console traditionnel. Yuuru et ses amis voyagent sur les continents de Double Moon, visitent des villes, des châteaux et des donjons, et combattent des monstres dans des batailles au tour par tour, vues du point de vue de la première personne.
Dough Boy (Japan) (En)	Le président a été kidnappé et il est actuellement détenu derrière les lignes ennemies. Le joueur prend le contrôle d'un soldat qui doit traverser les lignes ennemies pour sauver ce prisonnier de guerre très important. Le jeu se compose de cinq différentes cartes chronométrées
Downtown - Nekketsu Koushinkyoku - Soreyuke Daiundoukai (Japan)	Downtown - Nekketsu Koushin Kyoku - Soreyuke Daiundoukai est un jeu de cross country où tous les coups sont permis. Il s'agit du cinquième épisode sur NES de la prolifique série « Nekketsu Koha Kunio-kun » qui peut à peu près être traduit par « le voyou Kunio du lycée Nekketsu » et qui a offert une douzaine de titres à la NES (River City Ransom , Nintendo World Cup, Crash 'n the Boys: Street Challenge, etc..). Les Lycées Nekketsu (du héros Kunio), Reihou, Hanzono (de l'eternel rival Riki) et Rengou s'oppose dans quatre courses de cross country suite à l'invitation de Todo du lycée Rehou
Downtown Special - Kunio-kun no Jidaigeki Da yo Zenin Shuugou! (Japan)	Downtown Special: Kunio-kun no Jidaigeki da yo Zenin Shugo! est beat them all dans le japon médieval utilisant le même moteur que River City Ransom. Il s'agit du Sixième épisode sur NES de la prolifique série « Nekketsu Koha Kunio-kun » qui peut à peu près être traduit par « le voyou Kunio du lycée Nekketsu » et qui a offert une douzaine de titres à la NES (Renegade, Nintendo World Cup, Crash 'n the Boys: Street Challenge, etc..). Bunzo, le sensei de Kunio a été affecté par une mystérieuse maladie. Kunio et son frère Tsuu doivent partir à la recherche de Kanpou pour le guérir mais de nombreuses péripéties vont survenir sur la route.
Dr. Chaos (USA)	Dr Chaos est un jeu d'action horrifique sur Nes. Vous incarnez Michael le jeune frère d'un scientifique fou qui a infesté son manoir de morts vivants et autres fantômes et c'est à vous qu'incombe la délicate tâche de le stopper. Le jeu se joue de deux manières : la première en vue à la première personne lors de l'exploration de pièces pour trouver des objets et indices puis la seconde en vue extérieure où vous devez éviter les morts vivants qui se dresseront sur votre chemin.
Dr. Jekyll and Mr. Hyde (USA)	Dr Jekyll et M. Hyde est basé sur le roman de Robert Louis Stevenson &quot;Strange Case of Dr Jekyll and Mr. Hyde&quot;, qui suit un médecin respecté qui développe un sérum qui le transforme en l'incarnation de ses pensées et désirs les plus sombres. Il devient l'esclave de son alter ego et est finalement détruit par lui. Dans le jeu, Jekyll doit se rendre de chez lui à l'église où il doit marier sa bien-aimée Mlle Millicent. Il doit garder sa barre de vie et son compteur &quot;Jekyll to Hyde&quot; sous contrôle, sinon il va se retrouver transformé en l'infâme M. Hyde. Si cela se produit, Hyde doit alors vaincre suffisamment de méchants pour relever le compteur et permettre au bon médecin de poursuivre sa quête.
Dr. Mario (Japan, USA) (En)	Dr Mario - une ordonnance pas ordinaire. Dr Mario propose un défi à rendre malade! Mario lance des capsules de vitamines multicolores dans une bouteille contenant divers virus laids et méchants. Les capsules doivent être attrapées dans leur chute. Pour se débarrasser d'un virus, on doit le recouvrir d'une ligne d'au moins quatre capsules d'une même couleur. Une fois tous les virus de la bouteille éliminés, on passe à l'étape suivante où l'épidémie menace.
Drac's Night Out (USA) (Proto)	Un Vampire chaussé de Reebok pump Twilight Zone évoluant dans un Univers en 2D. Ce jeu développé par les Fréres Parker et produit par Nintendo met en Avant la Twilight Zone, dans ce jeu le joueur contrôle Dracula avec aux Pieds les Twilight Zone. Une fois la Twilight Zone Attrapé dans le jeu Dracula possède une super vitesse.
Dragon Ball - Daimaou Fukkatsu (Japan)	Dragon Ball : Daimaou Fukkatsu (aussi appelé Dragon Ball 2) est un jeu de rôle sur NES. Tous les combats se déroulent en suivant les actions données par votre decks de cartes. Le scénario débute lorsque Krillin est retrouvé mort après un tournoi. Pour le ressusciter, Sangoku part à la recherche du démon qui aurait commis le meurtre : un certain Piccolo...
Dragon Ball 3 - Gokuu Den (Japan)	Dragon Ball 3 : Gokuuden est un jeu de rôle sur NES. Le jeu suit la trame de la série Dragon Ball et vous incarnez Songoku enfant qui commence l'aventure en se battant contre l'armée du ruban rouge. Ensuite se déroulent la rencontre avec Bulma, la quête des 7 boules de cristal et même le mariage de Songoku avec Chichi ! Toutes les activités possibles se décident avec des cartes qui déterminent notamment le nombre de cases pour le déplacement.
Dragon Ball Z - Gekitou Tenkaichi Budoukai (Japan) (Datach)	Dragon Ball Z: Gekito Tenkaichi Budokai, Doragon Boru Zetto Gekit? Tenkaichi Budokai; traduit par &quot;Dragon Ball Z: Une bataille féroce au Tenkaichi Budoukai&quot;) est le premier jeu vidéo de combat basé sur Dragon Ball Z. Ce jeu est unique par ce qu'il est fourni avec un lecteur spécial de cartes pour la NES, le Datach Joint Rom Système, qui nécessite de glisser plusieurs cartes spéciales pour pouvoir ajouter des personnages et des objets au jeu. Le jeu propose de nombreux personnages jouables de la série (au moins 28) et la plupart de leurs transformations, avec une carte à collectionner correspondante pour chacun. Il existe également des cartes pour différentes versions de chaque personnage, toutes dotées d'attributs complètement différents, de statistiques et de coups spéciaux utilisables. Chaque version d'un personnage n'a qu'une attaque spéciale
Dragon Ball Z - Kyoushuu! Saiya Jin (Japan)	Dragon Ball Z : Kyoushuu! Saiya Jin est un jeu action/RPG sur Famicom.C'est le tout premier jeu basé sur le manga Dragon Ball Z. Le titre signifie Dragonball Z: L'assaut des Sayiens et suit l'histoire depuis l'arrivée de Raditz jusqu'au combat contre Vegeta et Nappa. Le système de carte des précédents opus est conservé. Vous utilisez vos cartes pour vous battre, vous déplacer, jeter un sort ... Dans cette cartouche, Tenshinhan, Gohan, Chaou Zu et Piccolo s'ajoutent à la liste des personnages jouables.
Dragon Ball Z Gaiden - Saiya Jin Zetsumetsu Keikaku (Japan)	Dragon Ball Z Gaiden : Saiyan-jin Zetsumetsu Keikaku est l'ultime volet de la série des Dragon Ball sorti sur Famicom. Le système de jeu reprend encore et toujours les cartes à jouer pour effectuer vos attaques ou vos déplacements. Le seul changement majeur dans cette dernière cartouche est la possibilité de booster vos attaques. Cette fois-ce le jeu ne relate pas l'histoire du manga DragonBall mais une histoire originale qui sera adapté en 2 OAV un mois après la sortie du jeu (6 Septembre 1993). Ces ne seront diffusées en France qu'en 2010 en version sous-titrée et n'ont jamais été traduits en Français. L'histoire raconte la vengeance du Dr Raichi, du peuple Tsuful, sur les Saiyans (ces derniers ayant été accueillis par les Tsufuls sur leur planète avant de se rebeller et d'exterminer tous les Tsufuls). La menace se présente d'abord sous forme de gaz, le Destron Gaz, qui se répand sur Terre à l'aide de machines que Son Goku, Vegeta, Son Gohan, Trunks et Piccolo détruiront. Ensuite, ils auront affaire aux fantômes, les Ghost Senshi, de Freezer, Cooler, Thalès et Slug, puis au Dr Raichi lui-même, qui, avant de mourir, mutera en Hatchihyakku, redoutable monstre rouge.
Dragon Ball Z II - Gekishin Freeza!! (Japan)	Dragon Ball Z II : Gekigami Freeza!! est un jeu d'action orienté jeu de rôle. Le système de carte utilisé dans les précédents opus et encore utilisés dans cette cartouche. Avec ces cartes, vous vous battez, vous déplacez ou redonnez vie à vos coéquipier. Deux nouveaux personnages viennent s'ajouter aux anciens : Nail et Vegeta.
Dragon Ball Z III - Ressen Jinzou Ningen (Japan)	Dragon Ball Z III : Ressen Jinzou Ningen est un jeu d'action orienté RPG sur Famicom. Sur la totalité des personnages jouables des opus précédents, Trunks viens s'y ajouter. Toujours fonctionnant sur un système de carte, vous combattez avec une équipe de 9 personnages.
Dragon Buster (Japan) (En)	Adapté d'un jeu d'arcade, Dragon Buster est un jeu de rôle sur Famicom. Dans un jeu en scrolling horizontal, vous incarnez un jeune homme dans un univers fantastique qui doit user de la magie et de ces armes pour défendre sa petite amie des dragons et autres ennemis.
Dragon Buster II - Yami no Fuuin (Japan) (En)	La suite du jeu d'arcade &quot;Dragon Buster&quot; raconte l'histoire suivante: vous êtes un jeune archer Carl, qui doit récupérer un artefact ancien afin de libérer le monde de la domination des démons et des dragons. Contrairement au premier jeu, vous n'êtes pas limité à une plate-forme ici, mais vous pouvez vous déplacer librement dans n'importe quelle direction. Vous devez traverser les donjons de labyrinthe, trouver une clé, puis vous rendre à la sortie. Après cela, le donjon disparaît et vous permet de passer au suivant. Vous combattez les ennemis avec votre arc. Vous avez un nombre limité de flèches, mais vous pouvez trouver des carquois parmi d'autres objets dans les donjons.
Dragon Fighter (USA)	Dragon Fighter est un jeu d'action sur NES. Vous incarnez un combattant capable de se changer temporairement en dragon volant. Le jeu comporte 6 niveaux durant lesquels il vous faudra déplacer et faire attaquer votre personnage à l'aide de son épée. Le 6è niveau se déroule uniquement en forme de dragon volant , le but étant de cracher des boules de feu destructrices.
Dragon Power (USA)	Dragon Ball : Le Secret du Dragon sur Nes est un jeu d'aventure/action dans lequel vous incarnez le jeune Sangoku accompagné de Bulma à la recherche des sept boules de cristal. La trame reprend plus ou moins le scénario original à travers dix niveaux entrecoupés de combats avec des boss. Le jeu est découpé en deux parties, au bout de six niveaux, une seconde quête démarre.
Dragon Scroll - Yomigaerishi Maryuu (Japan)	Il y a eu Eons, deux dragons et leurs disciples se battaient entre eux. Les «Black Mages» vénéraient le Dragon à trois têtes, tandis que les «White Mages» adoraient le Dragon d'Or scintillant. Les guerres se sont battues pour le territoire et les idéaux où sans fin. Après des siècles de combats, le dieu Narume a mis le Dragon Chrome pour dormir dans les montagnes et le Dragon d'Or pour dormir dans le désert, pour arrêter les guerres. Puis il prit la magie des mages et la scella dans les 8 Livres Magiques, qu'il cacha dans la tour sacrée du désert. Des centaines d'années plus tard, trois voleurs ont trébuché sur la tour du désert, et ont trouvé les livres magiques. Ils les ont séparés entre eux et chacun d'eux a marché à sa guise. Maintenant que les livres de magie avaient disparu, le dragon de chrome se réveilla de son sommeil. Narume a ensuite infusé le Dragon d'Or avec l'esprit de justice, l'invoquant sous la forme d'un héros nommé &quot;Feram&quot;nnMaintenant, c'est à lui de trouver les livres magiques et de remettre le Dragon Chrome en veille.
Dragon Spirit - The New Legend (World) (Evercade)	La princesse Alicia du royaume de Mitgult a été kidnappée par le monstre Zawell (ressuscité par Galda qui souhaite conquérir le monde). C'est maintenant au guerrier héroïque Amul de se transformer en dragon bleu et d'aller sauver la princesse. Dragon Spirit est un shoot-em-up à défilement vertical qui se compose de neuf niveaux. Les joueurs volent dans tous les sens et détruisent tout sur leur passage. L'action se déroule sur deux plans, à la fois dans le ciel et au sol. Le dragon dispose de deux types d'attaques différentes : le feu qui tire vers le haut de l'écran, et le feu qui tombe pour toucher un endroit au sol devant le dragon. Les ennemis sont présents au sol et dans les airs. Le joueur peut récupérer des bonus, ou améliorations (têtes supplémentaires sur le dragon, de la santé, des tirs plus rapides, ...). Il y a un boss à la fin de chaque niveau. Il est préférable d'avoir un maximum d'amélioration avant cette rencontre.
Dragon Warrior (USA)	Dragon Quest (ou Dragon Warrior aux US) sur NES est le premier épisode de la célèbre série de jeux de rôle de Yuji Horii et Akira Toriyama. Il raconte les aventures de la lignée Roto, de Boule de Lumière et de Dragon. Les monstres et d'autres êtres mystiques vivaient sous le contrôle bienveillant de la Boule de Lumière. La paix et le bien-être semblait émaner de cet objet magique et grâce à cela, le peuple d'Alefgard était capable de profiter de la vie. Mais dans le royaume d'Alefgard, un homme n'était pas satisfait. Ce solitaire avait vécu dans des cavernes montagneuses loin de la civilisation. Un jour, en explorant un cachot souterrain, il se heurta à un dragon qui dormait tranquillement. Grâce à la chance ou à la magie, cet homme pu contrôler le dragon et, par la suite, d'autres créatures. Grâce à cet exploit, l'homme fut surnommé &quot;DragonLord&quot;. Pour prouver sa puissance, Dragonlord attaqua le château Tantegel et vola la Boule de Lumière, ruinant les rêves du peuple d'Alefgard. Un jeune guerrier, descendant de Roto, promis à Lorik, le roi d'Alefgard de retrouver la Boule. Après un bon repas, il part pour sa plus grande quête.
Dragon Warrior II (USA)	Dragon Quest II: Luminaries of the Legendary Line (Dragon Quest II: Akury No Kamigami au Japon et Dragon Warrior II aux US) est un jeu de rôle sur Nes. Deuxième volet de la célèbre saga Dragon Quest, ce jeu se déroule à nouveau dans le pays d'Alefgard, aux commandes d'un descendant du brave Erdrick. Après avoir vaincu Dragonlord, notre héros retourne au château du roi Lorik. Il ramena à ce dernier la Boule Magique de Lumière. En échange de ses services, Lorik offre aux descendants de Roto le trône d'Alefgard. Cependant ce dernier refuse l'offre du roi car il veut créer son propre royaume. Il prend la mer avec la princesse Gwaelin pour trouver un pays. Gwaelin et son héros prennent possession de la terre de Torland où ils ont trois enfants. Le prince aîné hérite de la terre de Midenhall, le cadet, de la terre de Cannock et la princesse du royaume de Moonbrooke. Les pays ont prospéré pendant 100 ans... Mais un jour, Hargon un Sorcier décide de conquérir le monde... Il s'attaque d'abord au château de Moonbrooke. Le potentiel de défense de Moonbrooke n'a aucune chance face au pouvoir d'Hargon. Un soldat réussit à s'échapper du château. Blessé, il réussit à voyager jusqu'au royaume voisin de Midenhall. Après l'audition du soldat, le roi de Midenhall, descendant de Roto, envoie son fils combattre Hargon mais pas sans lui avoir conseillé de retrouver préalablement les autres descendants de Roto.
Dragon Warrior III (USA)	Dragon Quest III: The Seeds of Salvation (Dragon Quest III: Soshite Densetsu e... au Japon et Dragon Warrior III aux US) Un jour, un jeune homme, originaire du royaume d'Aliahan, part pour rencontrer le roi à l'occasion de son seizième anniversaire. Son père, Ortega, est considéré comme le plus grand héros de tous les temps à Aliahan mais il mourut en combattant un étrange monstre près d'un volcan... Depuis, le jeune homme tente de devenir un héros comme son père. Lors de sa rencontre avec le roi, le jeune homme apprend que si Baramos n'est pas vaincu, le monde court à sa perte. Notre héros part donc sauver le royaume d'Aliahan et venger son père. Cet épisode clôt la première trilogie Dragon Warrior sur Nintendo. Le héros n'est autre que l'ancêtre des héros des deux premiers épisodes, nommé Roto ou Erdrick selon les versions et ses descendants. Ce troisième volet se situe donc en amont des deux autres. Le jeu est célèbre au Japon pour avoir déclenché des émeutes à sa sortie. En effet, les jeunes japonais préféraient sécher les cours plutôt que de louper la sortie du jeu. À la suite de la pagaille que cela aura amené, Enix décidera de ne plus sortir ses jeux que le week-end, à l'origine d'une légende urbaine qui voulait que le gouvernement japonais avait fait voter une loi contre Dragon Quest. Il s'écoulera à 3.8 millions de copies vendues.
Dragon Warrior IV (USA)	Dragon Quest IV: Chapters of the Chosen (Doragon Kuesuto Fo Michibikareshi Monotachi au Japon et Dragon Warrior IV aux US) est un jeu de rôle sur NES dont l'histoire est séparée en 5 chapitres. Les quatre premiers sont chacun centré sur un personnage en particulier, et le cinquième chapitre réunit les 4 personnages dans une même équipe. Ce jeu s'illustre par son aspect stratégique qui privilégie le placement à la puissance individuelle de chaque héros. Tout commence par l'étrange disparition de tous les enfants du royaume de Bastione. Le roi, inquiet, décide alors d'envoyer son meilleur et plus fidèle élément, Ragnar, le capitaine des soldats royaux, enquêter sur cette tragédie. À l'autre bout du continent, la jeune tsarine de Zamoksva, Alina, veut quitter le château de son père et partir à l'aventure. À Lakanabe, Torneko rêve d'ouvrir un magasin d'armes: il travaille chez un marchand et connaît tout de ce commerce mais n'a pas assez d'argent pour créer son entreprise et travailler à son propre compte. Il décide de quitter sa femme et son fils pour partir dans le désert dans l'espoir de devenir le plus grand marchand d'armes du monde. Mina et Maya, deux s?urs, filles de Mahabala, un alchimiste renommé, assassiné mystérieusement, décident de quitter leur cabaret pour venger la mort de leur père. Mina est diseuse de bonne aventure et Maya est une danseuse hors pair. Dans le dernier chapitre du jeu, le héros -vous-, après la dévastation de votre village, retrouve progressivement tous les personnages dont on a vécu les aventures dans les chapitres précédents. Ainsi, Ragnar, Alina (ainsi que Borya le magicien et Kiryl le prêtre, qui accompagnent Alina), Torneko, Mina et Maya vont unir leurs forces pour combattre un ennemi commun, Psaro l'Exterminateur, le maître du Mal.
Dragon Wars (Japan)	Dragon Wars se déroule dans le pays magique de Dilmun, une île de salut pervertie en un monde d'horreur par Namtar. Le joueur commence avec un groupe de quatre dans la ville de Purgatory sans aucun équipement. Les utilisateurs de magie ne vous aideront pas non plus, car la magie a été interdite. Les objectifs principaux sont de survivre, de sortir du Purgatoire et de renverser Namtar (une fois enfin équipé ...). Le gameplay rappelle instantanément la série Bard's Tale. Il s'agit d'un jeu en 3D à la première personne, où les adversaires se matérialisent dans l'air. Le système de combat est basé sur le tour par tour. Contrairement à ses prédécesseurs, le jeu dispose d'un système de compétences complet, d'une cartographie automatique et de nombreux endroits pour utiliser réellement toutes vos capacités.
Dragon's Lair (USA)	Dragon's Lair est l'adaptation sur NES du célèbre jeu sorti en 1983 sur les bornes d'arcade. Vous incarnez l'aventurier Dirk qui part à la rescousse de la princesse Daphné, capturée par Singe, le dragon maléfique. Avant d'arriver dans la tanière du dragon, il parcourt 24 niveaux, éliminant les ennemis en les tranchant avec son épée ou en lançant des haches et autres couteaux.
Dreamworld Pogie (USA, Europe) (Proto)	Jeu créé par les jumeaux Oliver qui étaient des codeurs prolifiques par le passé en créant des jeux pour de nombreuses plateformes, y compris le NES. Leurs jeux les plus emblématiques, bien sûr, sont ceux qui ont inclus Dizzy comme personnage principal. Les jumeaux ont expérimenté de nouvelles franchises et Dreamworld Pogie pour la NES était l'un d'entre eux. Le jeu n'a jamais été publié par Codemasters à l'époque.Le jeu est une aventure colorée d'arcade sur le côté où la collecte des étoiles est le nom du jeu.
Dropzone (Europe)	Dans Dropzone sur NES, le joueur incarne un spationaute équipé d'un jetpack. Vous devez porter secours tout en évitant d'être vous-même victime des aliens qui usent de ruses pour vous éliminer. Votre ami n'est peut-être pas celui que vous croyez...
Duck Hunt (World)	Duck Hunt sur NES est un jeu de tir qui se joue avec le Zapper Light Gun. Vous devez tirer sur les canards que votre chien effraie en faisant bien attention à ne pas le blesser! A chaque round, le chien effraie un certain nombre de canards, vous devez alors les toucher avant qu'ils ne sortent de l'écran, mais attention, vous avez peu de balles alors vous n'avez pas le droit à l'erreur!
DuckTales (USA)	Saperlipopette! Toujours en quête d'émotions, l'Oncle Picsou. Ne décrochera-t'il donc jamais? Avec son esprit aventurier, Picsou se prépare à relever le plus grand de tous les défis: découvrir les cinq légendaires Trésors Perdus, et devenir le &quot;Canard le plus riche du monde&quot;. Rejoignez Picsou et l'équipe de DuckTales: Flagada l'as volant, les neveux Riri, Fifi, Loulou et la petite Zaza dans leur recherche. À pied, ils doivent traverser la traîtresse jungle amazonienne, descendre dans les mines de diamants en Afrique, et même atteindre la lune! Vous sentez-vous assez brave pour vous joindre à eux dans cette aventure? Venez au quartier général de Donaldville et voyez par vous-même!
DuckTales 2 (USA)	Oh là, là! Le voilà de retour! Oncle Picsou est sur la piste de l'aventure la plus fructueuse qu'il ait jamais entreprise. Des morceaux de la carte du Trésor Perdu de McDuck ont été éparpillés tout autour du monde et Oncle Picsou doit les retrouver avant Gripsou, ce gredin avide au coeur de pierre. Parions que la compétition sera rude sur la ligne d'arrivée: tous deux veulent retrouver le trésor à tout prix pour devenir le plus riche canard du monde! Rejoignez l'équipe formée par Oncle Picsou et ses neveux. Explorez avec eux les anciennes pyramides d'Egypte ou combattez les pirates dans le triangle des Bermudes. Aidez-les dans leurs recherches tout au long des couloirs hantés d'un ancestral château écossais et escaladez les rocs qui entourent les chutes vertigineuses du Niagara. Aidez Oncle Picsou dans sa poursuite du secret de l'île de Mu et vous découvrirez le dernier indice qui vous permettra de découvrir l'emplacement du Trésor de McDuck!
Dungeon Kid (Japan)	Dans ce RPG de donjon 3D qui joue dans le style classique de la magie, vous pouvez choisir parmi différentes classes au début du jeu, chacune avec des statistiques et une progression de croissance différentes. Pendant les batailles, les ennemis sont placés en haut et les alliés en bas de l'écran. Lorsque vous choisissez d'attaquer, les personnages se touchent physiquement et il y a de petites animations lorsque la magie est utilisée. Un maximum de trois ennemis sont affichables, deux petits et un moyen.
Dungeon Magic - Sword of the Elements (USA)	Dungeon Magic : Sword of the Elements est un jeu de rôle sur Nes. Dans ce jeu vous incarnez un héros sans nom qui a été choisi pour affronter le sorcier maléfique Darces qui cherche à détruire le Monde. Malheureusement il n'existe qu'un seul moyen de le tuer : il faut réunir les cinq épées des éléments et les fusionner pour obtenir la légendaire épée des éléments. De nombreux ennemis et donjons divers et variés vous attendent au cours de votre périple pour sauver le Monde.
Dusty Diamond's All-Star Softball (USA)	Chaque année, les joueurs de softball les plus fous du monde se retrouvent à Mudville pour s'affronter dans le championnat du monde de softball. Est-ce que votre équipe - sous les conseils de Dusty Diamond, la star légendaire - sera suffisamment forte pour gagner ? Vous devrez vous frayer un chemin à travers cinq tournois pour défier les champions de l'année dernière, les incroyables &quot;Amazones&quot;. Vont-ils triompher à nouveau ? Choisissez votre équipe ... et jouez au softball !
Dynamite Bowl (Japan) (En)	Bon jeu de bowling assez compliqué mais bien réalisé. Il n'y a pas assez de mode de jeu mais il faut dire que ce n'est pas évident dans un jeu de bowling. Ce jeu est vraiment bien. A télécharger
Dynowarz - The Destruction of Spondylus (USA)	Dynowarz : The Destruction Of Spondylus est un jeu d'action sur Nes. Dans le lointain système solaire de Spondylus, des dinosaures mécanisés géants, appelés robosaures, sont devenus incontrôlables. Ces derniers ont envahi les planètes du système et il revient au Professeur Proteus de régler le problème en prenant le contrôle du robosaure principal : le Cyborasaurus.
Eggerland - Meikyuu no Fukkatsu (Japan)	Eggerland: Meikyuu no Fukkatsu, qui se traduit par Revival of the Labyrinth, est un jeu de la série Eggerland consistant en plusieurs jeux de puzzles. Vous jouez comme Lolo, un personnage ressemblant à une boule bleue avec les yeux, les bras et les jambes. L'histoire traite principalement du roi Egger, le méchant, qui a capturé la princesse Lala, qui est similaire à Lolo, mais elle est rouge. Encore une fois, c'est à Lolo de sauver Lala en voyageant à travers le domaine d'Egger et en résolvant les pièces de puzzle disposées devant lui. Vous devez guider Lolo à travers une pièce de tuiles et rassembler tous les coeurs de coeur dans la pièce. Cela ouvre une boîte à bijoux contenant un objet. L'acquisition réussie du contenu de la Jewel Box efface la pièce de tous les monstres et ouvre la voie à la pièce suivante (s). Toutes les chambres sont connectées mais toutes les entrées ou sorties de la chambre ne sont pas fermées.
Egypt (Japan)	Egypt sur Nes est un jeu de réflexion où le but est de déplacer des tuiles afin de guider un bijou jusqu'à la porte de sortie.
Elevator Action (USA)	Vous êtes l'agent 17 (nom de code : &quot;Otto&quot;). Votre mission consiste à récupérer tous les documents top secrets d'un bâtiment de sécurité et à vous échapper dans la voiture de fuite, située au sous-sol du bâtiment. nnLes espions ennemis sont dispersés dans le bâtiment de 30 étages et n'ont qu'une seule mission : exécuter l'agent 17 à tout prix. L'agent 17 peut les tuer de plusieurs façons : en leur tirant dessus avec son arme, en leur donnant des coups de pied en sautant sur eux, en tirant sur une lampe au plafond alors qu'il est dans un ascenseur, en laissant tomber la lampe sur l'un d'eux et en les écrasant avec un ascenseur. nnChaque fois qu'une lumière a été jetée, les couloirs seront sombres pendant une courte période, rendant les espions ennemis plus difficiles à voir.
Eliminator Boat Duel (World) (Evercade)	Eliminator Boat Duel est un jeu de courses et d'action sorti sur Nes. Prenez part à des courses intenses à bord de bateaux modifiés sur des parcours remplis d'obstacles. Votre seul but est de finir premier pour gagner un maximum d'argent.
Elite (Europe) (En,Fr,De)	Elite sur NES est un jeu de simulation qui vous met aux commandes d'un vaisseau spatial dont vous êtes le capitaine. Libre à vous de choisir quel est votre but, vous pouvez vous enrichir en faisant du commerce dans les zones sécurisées, ou prendre des risques dans les zones peuplées de pirates ou encore être vous-même un pirate ! Vous pouvez visiter 8 galaxies comptant chacune plus d'une centaine de planètes !
Elnark no Zaihou (Japan)	Erunaaku No Zaihou est un jeu d'arcade simpliste joué à partir d'une vue aérienne. Le joueur contrôle un homme qui veut aller en amont. Cet homme peut monter, descendre, gauche et droite. Lors de ses voyages, il est assailli par toutes sortes de créatures ennemies. Son moyen d'attaque est de jeter des poignards directement devant lui qui détruisent les ennemis. Divers power-ups sont également dispersés, dont beaucoup restaurent la vie ou la défense.
Elysion (Japan)	Elysion, bien qu'étant un JRPG 8 bits assez traditionnel à bien des égards (la première chose que le joueur fait est de parler au roi local pour l'exposition, par exemple), tire ses influences de beaucoup de jeux très différents au sein de la famille RPG: ressemble au premier Dragon Quest, il permet au joueur de choisir entre plusieurs protagonistes au début du jeu comme c'est le cas dans Final Fantasy, le système de combat est un combat en temps réel sans transitions d'écran comme quelque chose comme Hydlide ou Ys et les ennemis ont un habitude étrange de ne bouger que lorsque le joueur fait, comme c'est le cas dans de nombreux robots de donjon Roguelike stratégiques comme la série Mystery Dungeon. Le but du jeu est de vaincre le démon maléfique Baal. Cependant, le Roi teste d'abord le personnage du joueur en les faisant entrer dans le donjon sous le château et trouver un groupe d'objets de quête importants. Après avoir terminé ce grand donjon, le protagoniste devient officiellement le héros de Dieu et peut aller à la défaite de Baal en explorant le reste du continent pour quelques rouleaux magiques nécessaires et, éventuellement, un équipement spécial semblable à Dieu. &quot;Elysion&quot; se réfère aux Champs Elysées, un ancien monde souterrain romain pour les âmes honorables qui sont morts au combat.
Emoyan no 10 Bai Pro Yakyuu (Japan)	Emoyan no 10-bai Pro Yakyuu (&quot;Emoyan's Tenfold Pro Baseball&quot;) est une simulation de baseball pour la NES produite par Hect. Il porte le nom et la ressemblance de l'ancien lanceur Takenori &quot;Emoyan&quot; Emoto, qui, en 1989, s'était déjà retiré du baseball mais continuait à travailler comme commentateur et auteur de livres sur le sport, avant de se lancer dans la politique dans les années 90. L'un de ces livres, intitulé &quot;How To Make Watching Pro Baseball Ten Times More Fun&quot;, est à l'origine du nom de ce jeu. Outre Emoyan, le jeu utilise des noms de joueurs et d'équipes fictifs. Le jeu a un aspect plus simulé que la plupart des simulations de baseball pour la Famicom, les joueurs choisissant un point sur une grille pour frapper et lancer, l'idée étant de prédire le mouvement de la balle ou les chances du batteur de l'atteindre. Le travail sur le terrain est effectué automatiquement.
Empereur, L' (USA)	L'Empereur est un jeu vidéo de stratégie au tour par tour développé et publié par Koei en 1989 NES. Le joueur y incarne Napoléon Bonaparte pendant les guerres napoléoniennes et a pour objectif de conquérir l'Europe. Au début du jeu, le joueur n'est qu'un simple officier mais ses victoires le font peu à peu monter en grade jusqu'à devenir l'empereur des français, chaque promotion lui donnant des pouvoirs supplémentaires. Le joueur doit mener son armée au combat mais également gérer ses cités et s'occuper de la diplomatie.
Erika to Satoru no Yume Bouken (Japan)	Deux enfants, la fille Erika et le garçon Satoru, vivent ensemble dans une petite maison quelque part dans le Japon moderne. Un jour, avant de se mettre au lit, ils aperçoivent une étrange créature à l'extérieur: elle ressemble à un chat rose-blanc (les fans de Final Fantasy diraient tout de suite: un moogle!), mais parle comme un être humain. Avant de disparaître, la mystérieuse créature ne dit qu'une courte phrase: &quot;Les enfants! Trouvez la Couronne du Temps!&quot;. Sans comprendre ce qu'elle entendait par là, mais se rendant compte que cela devait être quelque chose d'important, les deux jeunes héros se lancent le lendemain dans un dangereux voyage - la quête du pouvoir de la couronne! &quot;Erika & Satoru&quot; se joue comme une aventure japonaise traditionnelle. Vous pouvez vous déplacer à l'aide de la carte du monde en vous positionnant sur un lieux et en appuyant sur le bouton A. Lors de la visite d'un lieu, vous pouvez interagir avec des personnages et des objets que vous visualisez à la première personne en sélectionnant des icônes situées dans le coin de l'écran: parler aux personnages, examiner, manipuler des éléments, etc. La partie inhabituelle est que vous contrôlez deux personnages : vous pouvez (et devriez) basculer entre eux afin de les faires travailler ensemble pour mener à bien votre quête. Il existe également un mode co-op, où Erika et Satoru doivent coopérer tout en étant contrôlés chacun par un joueur différent.
Esper Bouken Tai (Japan)	C'est un jeu d'exploration qui utilise le jeu d'arcade de Jaleco, Psychic 5, comme base pour l'histoire et la distribution des personnages que vous utilisez tout au long de la partie. Chaque personnage possède différents attributs, y compris sa capacité de saut, sa capacité à planer dans les airs et sa force. Comme dans l'arcade, certains personnages doivent être sauvés afin de les rendre jouables. Ce jeu dispose de plus de 50 articles ménagers qui servent d'ennemis animés à travers chaque niveau. Le jeu n'a jamais été vendu en dehors du Japon, ni traduit du japonais vers une autre langue. Akio, étant un membre de l'organisation du Corps d'Esper qui soi-disant combat le Mal dans le monde entier. Sa tâche est assez simple - sauvez ses amis et quelqu'un d'autre du château du diable avec son formidable marteau et ... ses pieds énormément nerveux ... (vous verrez ce que je veux dire quand vous le jouerez). Le jeu est assez long et mazy à certains endroits, alors parlez aux habitants étranges de cet endroit (n'ayez pas peur d'utiliser le bouton START pour parler).
Esper Dream 2 - Aratanaru Tatakai (Japan)	Esper Dream 2: Aratanaru Tatakai est un RPG, développé et publié par Konami qui est sorti au Japon en 1992. Les cinq anneaux des Mondes du Livre ont été volés c'est à notre héros de la bibliothèque de les trouver et de sauver sa journée! Le jeu en lui-même est plutôt soigné. Vous visitez un certain nombre de mondes très différents, chacun symbolisé par une bibliothèque. Une séquence de combat est lancée lorsque vous entrez en contact avec des ennemis symbolisés par de petites empreintes de pas - vous êtes ensuite conduit dans une petite arène où vous devez détruire vos ennemis, style Zelda. très amusant!
Excitebike (Japan, USA) (En)	Excitebike sur Nes est un jeu de motocross où vous faite la course contre plusieurs adversaires. Dans ce titre à défilement horizontal, foncez sur la piste boueuse et débarrassez-vous de vos concurrents pour remporter la victoire ! Vous pouvez aussi créer votre propre circuit de motocross avant de vous élancer sur la piste. Enclenchez le turbo sur les rampes pour sauter encore plus loin, mais faites attention à votre angle de réception pour ne pas mordre la poussière.
Exciting Boxing (Japan) (En)	Exciting Boxing est un jeu très inhabituel dans la mesure où il a été vendu avec un contrôleur spécial. Ce contrôleur était en fait un support gonflable en plastique avec l'image d'un boxer à l'avant et de plusieurs capteurs situés à l'intérieur. Pour jouer, les joueurs doivent gonfler le support et donner un coup de poing au boxeur à l'avant. Les capteurs à l'intérieur enregistrent les résultats et transfèrent les informations au jeu, où les résultats des frappes du joueur sont affichés à l'écran.
Exerion (Japan) (En)	Assez innovant pour l'époque, Exerion utilise un effet de parallaxe dans l'animation des décors afin de simuler un effet de profondeur. Le joueur doit affronter des adversaires belliqueux à bord d'un vaisseau spatial. Le jeu propose de bonnes sensations grâce à l'inertie appliquée au vaisseau. Le titre est assez restrictif sur les munitions. Le vaisseau est limité à une cinquante de munitions en début de partie pour le tir simple. Cependant, il dispose aussi d'un double canon plus lent à recharger, mais qui permet de récupérer des munitions pour le tir simple lorsque l'on touche un ennemi.
Exerion II (USA) (Proto)	Assez innovant pour l'époque, Exerion utilise un effet de parallaxe dans l'animation des décors afin de simuler un effet de profondeur. Le joueur doit affronter des adversaires belliqueux à bord d'un vaisseau spatial. Le jeu propose de bonnes sensations grâce à l'inertie appliquée au vaisseau. Le titre est assez restrictif sur les munitions. Le vaisseau est limité à une cinquante de munitions en début de partie pour le tir simple. Cependant, il dispose aussi d'un double canon plus lent à recharger, mais qui permet de récupérer des munitions pour le tir simple lorsque l'on touche un ennemi.
Exploding Fist (World) (Digital)	Exploding Fist est aussi proche de la réalité que vous ne le verrez jamais! Devenez un maître de cet art ancien mystérieux; progresser de novice à dixième Dan et tester votre force et votre discipline. 18 manoeuvres différentes incluant des blocs. coups de pied volants. balayages de jambe. rondes et même des culbutes! Non libéré jusqu'à la fuite en 2012.
F-117A Stealth Fighter (USA)	F-117a Stealth Fighter est un simulateur de vols sur l'avion du même nom sorti sur la console Nes. Vous menez des opérations punitives sur des pays réputés &quot;terroristes&quot; comme la Libye.
F-15 Strike Eagle (USA)	F-15 Strike Eagle sur NES propose au joueur de piloter un chasseur F-15 dans des missions où le célèbre appareil est réellement intervenu. Vous évoluez donc au Moyen-Orient ainsi qu'en Asie, pour détruire des cibles sur terre et dans les airs.
F1 Circus (Japan)	F1 Circus sur Nes est un jeu de courses de Formule 1 en deux dimensions, où le joueur voit sa voiture depuis une vue aérienne.
F1 Race (Japan) (En)	F-1 Race est un jeu de courses sur NES. Comme son nom l'indique, ce titre vous place au volant d'une Formule 1 pour participer à trois championnats qui correspondent à autant de niveaux de difficulté.
Famicom Doubutsu Seitai Zukan! - Katte ni Shirokuma - Mori o Sukue no Maki! (Japan)	Katte ni Shirokuma, ou Famicom Doubutsu Seitai Zukan! Katte ni Shirokuma: Mori o Sukue no Maki !, est un jeu d'aventures pour la Famicom, basé sur un manga et un anime concernant un groupe d'animaux de la forêt, dont le protagoniste principal est un ours noir japonais albinos, confondu en tant qu'être polaire ours. Inhabituel pour les jeux d'aventure de cette époque, le joueur parcourt le monde via une perspective descendante plus commune aux RPG. Les personnages ont également leurs propres statistiques HP et &quot;QI&quot;, qui jouent un rôle plus important vers la fin de la partie.
Famicom Igo Nyuumon (Japan)	Famicom Igo Nyūmon est un jeu de plateau reprenant les règles du go sur Famicom. Votre objectif consiste à faire des parties de Go contre un adversaire contrôlez par l'ordinateur ou un second joueur. Faites en sorte de déplacer vos pions de tels sortes à former le plus de &quot;territoires&quot; possible, tout en faisant en sorte qu'ils ne ce fassent pas prisonnier par le joueur adverse.
Famicom Jump - Eiyuu Retsuden (Japan)	Ce jeu célèbre le 20ème anniversaire de l'anthologie manga de la société Shueisha, l'hebdomadaire Shonen Jump. Situé dans un monde qui rassemble de nombreux titres de longue date du célèbre magazine éponyme, vous incarnez un personnage principal errant, rencontrant les nombreux héros Jump avec qui vous vous allierez pour sauver le monde du mal, de la plupart des plus puissants méchants de cet univers.
Famicom Jump II - Saikyou no 7 Nin (Japan)	Famicom Jump II: Saiky no Shichinin (Famikon Janpu Ts Saiky no Shichinin, lit. &quot;Famicom Jump II: The Strongest Seven&quot; est un RPG de 1991 pour la NES, publié par Bandai. Suite de Famicom Jump : Hero Retsuden, le jeu comprend sept personnages principaux (comme les sous-titres l'indiquent) issus de différents Shonen Jump hebdomadaires, sérialisés à ce moment-là. Seulement 4 des 16 personnes principaux du jeu original sont de retour, les 3 restants sont exclusifs à cette suite.Il n'y aura pas d'autre jeu crossover jusqu'à la parution de Jump Super Stars et Jump Ultimate Stars (six des personnages de ces séries seront présents, le seul absent étant Magical Tarurto-kun). Le joueur peux débuter le jeu avec l'un de ces sept personnages. Celui choisi par le joueur reflète le chemin que le joueur prendra au sein des univers des personnages - en débutant par l'univers natif du personnage sélectionné. Son Goku (Dragon Ball) Ryotsu Kankichi (Kochira Katsushika-ku Kameari Kōen-mae Hashutsujo) Momotaro Tsurugi (Sakigake!! Otokojuku) Jotaro Kujo (JoJo's Bizarre Adventure, replaces Joseph Joestar) Ta-chan (Jungle King Tar-chan) Taruruto (Magical Taluluto) Maeda Taison (Rokudenashi Blues)
Famicom Meijin Sen (Japan)	Le jeu se base sur l'un des jeux de société traditionnels, le &quot;Shōgi&quot; (littéralement &quot;jeu des généraux&quot;), réputé au Japon, se jouant au tour-par-tour et ressemblant quelque peu au jeu d'échecs occidental. Une des différences entre les deux jeux de société est que là où le jeu d'échecs propose un plateau en 8 cases par 8, avec 16 pions par joueur, le &quot;Shōgi&quot; a un plateau de 9 par 9, avec 20 pions pour chacun des joueurs. Le but est de remonter les rangs du classement en battant vos adversaires un-à-un. Dans le mode &quot;Entraînement&quot;, vous pourrez vous familiariser avec les règles et vous exercer.
Famicom Shougi - Ryuuousen (Japan)	Une autre variation sur le thème du shogi - l'analogue japonais des échecs avec BEAUCOUP de cases, de pièces et de possibilités. Le joueur est invité à participer au tournoi Dragon King (et s'il perd, il ne sera même pas jeté, mais se verra offrir une place dans le public), et ceux qui ne sont pas encore en mesure de le faire peuvent obtenir leur mains sur des jeux simples ou des problèmes traditionnels comme &quot;échec et mat en trois coups&quot;. Contrairement à Famicom Meijin Sen, ici la main invisible avec une pièce se déplace librement sur tout le terrain et en cas de faux mouvement, la remet à sa place. Sinon, comme dans d'autres simulateurs similaires, le principal facteur de jouabilité n'est PAS la connaissance de la langue japonaise, mais une connaissance suffisante des règles du jeu original.
Famicom Top Management (Japan)	Famicom Top Management est un simulateur d'entreprise pour Family Computer, développé et publié par la célèbre société Koei, spécialisée dans les jeux stratégiques et les simulations d'entreprise. Dans le jeu, nous devrons mettre une veste chère et devenir des propriétaires respectés de l'entreprise. Le jeu est sorti au Japon et a été annoncé comme un manuel pour les lycéens et les étudiants en sciences financières, il nécessite des compétences fondamentales en mathématiques et une connaissance de la langue japonaise... Cette dernière circonstance rend ce jeu difficile à apprendre. Le reste est un jeu de très haute qualité.
Famicom Wars (Japan)	Premier épisode de la fameuse série des Nintendo Wars. Le jeu voit 2 camps (les bleus et les rouges) s'affronter sur de petites cartes. L'objectif à est soit de conquérir le quartier général de l'ennemi, soit de détruire toutes les unités ennemies restantes. À chaque tour, le joueur reçoit une certaine somme d'argent qui peut être utilisée pour construire des unités dans des villes, des usines, des ports ou des aéroports. Chaque unité a sa propre spécialité et ses capacités, avec dix unités terrestres (y compris deux unités de soldats), quatre unités aériennes et deux unités maritimes.
Famicom Yakyuu Ban (Japan)	C'est le premier jeu publié par Epoch pour un système qu'ils n'ont pas fabriqué eux-mêmes. Il est nominalement basé sur la série de jouets de baseball Yakyuu Ban d'Epoch, qui utilisaient des mécaniques de flipper pour simuler les frappes.
Family BASIC (Japan)	Family BASIC permettait aux utilisateurs de programmer dans un langage de programmation BASIC (NS-HUBASIC) développé spécifiquement pour être utilisé sur Famicom. La cartouche était livrée avec un clavier et nécessitait l'utilisation de l'enregistreur de données Famicom afin de sauvegarder les fichiers créés.
Family BASIC V3 (Japan)	Family BASIC permettait aux utilisateurs de programmer dans un langage de programmation BASIC (NS-HUBASIC) développé spécifiquement pour être utilisé sur Famicom. La cartouche était livrée avec un clavier et nécessitait l'utilisation de l'enregistreur de données Famicom afin de sauvegarder les fichiers créés.
Family Circuit '91 (Japan) (En)	Family Circuit '91 fait suite au jeu de course Family Circuit. Comme le jeu précédent, il offre de nombreuses options personnalisables à prendre en compte par le joueur. Les joueurs ont la possibilité de régler la couleur de la voiture, de régler le moteur.
Family Circuit (Japan)	Quatre modes de course sont disponibles : 1. Course libre : Parcourez le circuit comme bon vous semble, en apprenant à connaître les courbes et les lignes droites ainsi que les réglages de votre voiture. 2. Course de vitesse : Participez à une saison de courses dans quatre catégories - novice, classe B, classe A et Super A - sur des circuits connus (Fuji, Suzuka) et moins connus (Family Park, Namcot-ring), en vous disputant la première place. 3. Course d'endurance : Courir autour d'une piste pour voir qui abandonnera le dernier. 4. Mode spectateur : Il ne s'agit pas d'un véritable mode de course, mais il vous permet de suivre n'importe quelle voiture de n'importe quelle catégorie sur n'importe quel circuit. Lorsque vous heurtez des objets ou que vous poussez trop votre bolide , vous devez vous arrêter au stand, où vous recevrez des statistiques sur chaque pièce de la voiture et pourrez choisir de la réparer. Une partie de ce réalisme est toutefois annulée par le fait que les voitures ne peuvent jamais entrer en collision. Il est tout à fait possible de foncer sur un adversaire sans que les deux voitures soient endommagées.
Family Feud (USA)	Un jeu tiré de la vieille émission &quot;Une famille en or&quot;. Sympa mais en anglais.
Family Jockey (Japan)	Family Jockey est une simulation de courses de chevaux développée et publiée par Namco pour la Famicom au Japon en 1987. Dans le jeu, les joueurs prennent le contrôle d'un cheval et l'aident à terminer une piste aussi rapidement que possible en la guidant, et judicieusement la dépense de l'énergie des chevaux pour rester en tête du peloton sans se fatiguer trop vite. Le progrès est réalisé en plaçant dans les quatre premiers chevaux de chaque course. Les prix sont gagnés en se plaçant dans les trois premiers et en brisant les records de parcours.
Family Mahjong (Japan)	Family Mahjong fait partie d'une longue liste de jeux de mahjong pour Famicom. De manière unique, au moins pour le moment, il inclut un mode tutoriel complet qui enseignera au joueur comment jouer réellement au mahjong. Il comprend également des règles pour le jeu mahjong, qui est une autre caractéristique incluse dans le jeu. Une fois que le joueur a appris à jouer, il peut s'affronter face à face dans une série d'adversaires centrés sur le CPU, la plupart d'entre eux étant des femmes blondes attrayantes pour une raison quelconque.
Family Mahjong II - Shanghai e no Michi (Japan)	Family Mahjong II: Shanghai e no Michi est un jeu de Mahjong et la suite directe de Family Mahjong. En plus du mode Mahjong standard, il existe un mode tournoi avec un léger aspect RPG, dans lequel le joueur peut améliorer certaines statistiques après avoir remporté des parties afin d'augmenter ses chances lors des prochains tours du tournoi. Le jeu est une version individuelle du jeu, moins courante dans les jeux de Mahjong réels, mais la norme pour les adaptations informatiques en raison de la complexité réduite de n'avoir qu'un seul adversaire IA. Nihon Bussan était responsable du développement de Family Mahjong II et était à l'époque assez connu pour ses jeux Mahjong Arcade.
Family Quiz - 4-nin wa Rival (Japan)	Family Quiz est un jeu-questionnaire japonais dont l'objectif est de battre les autres adversaires dans quatre mini-jeux, chacun obligeant le joueur à répondre à des questions-réponses sur le Japon pour pouvoir continuer. Les quatre mini-jeux sont basés sur: Une installation de jeu typique, dans laquelle répondre correctement aux questions élève correctement le podium de ce joueur vers un ballon; Othello, où l'objectif est d'entourer les pièces de l'autre joueur; un jeu de plateau où le joueur déplace sa pièce autour du plateau; un jeu de mémoire basé sur des cartes, où le but est de retourner des paires de cartes identiques. À chaque jeu, le joueur ne peut jouer qu'après avoir répondu correctement à la question.
Family School (Japan)	Family School est un jeu d'action et de puzzle de transport où vous devez arroser des plantes dans un jardin pour faire pousser des fruits. Une fois les fruits mûrs, vous devez les pousser dans le panier correspondant au bord du terrain de jeu. Faites attention aux animaux qui essayeront de vous nuire. Le jeu peut être joué simultanément par au moins deux joueurs. Il semble avoir été offert gratuitement par Dai-ichi Life, une compagnie d'assurance, aux personnes ayant souscrit des polices d'assurance chez eux.
Family Tennis (Japan)	Family Tennis est la première simulation de tennis de Namco, sortie sur Nintendo NES. Choisissez parmi 16 personnages, tous basés sur de véritables joueurs tels que Boris Becker ou Martina Navratilova, et devenez le meilleur joueur (ou la meilleure joueuse) sur toutes les surfaces... et même dans l'espace !
Family Trainer 10 - Rairai Kyonsees (Japan)	C'est un jeu vaguement basé sur la série télévisée taïwanaise-japonaise Hello Dracula. Il s'agit du dixième et dernier jeu sorti pour la série Family Trainer de Bandai, et il n'est sorti qu'au Japon le 26 janvier 1989.
Family Trainer 4 - Jogging Race (Japan)	Jogging Race est un jeu de jogging et de randonnée sorti seulement au Japon, le 28 mai 1987. Il s'agit du quatrième jeu de la série Family Trainer de Bandai.
Family Trainer 5 - Meiro Daisakusen (Japan)	Family Trainer 5 - Meiro Daisakusen est le 5ème jeu de la série « Family Trainer » de Bandai. Il s'agit d'un jeu d'exploration de labyrinthe dans la plus pure tradition du genre.
Family Trainer 8 - Totsugeki! Fuuun Takeshi-jou (Japan)	Ce jeu de concours est basé sur le jeu-concours télévisé japonais Takeshi's Castle. Il a été libéré seulement au Japon le 28 décembre 1987 et est le huitième jeu dans la série de Family Trainer de Bandai.
Family Trainer 9 - Fuuun Takeshi-jou 2 (Japan)	La suite de Totsugeki! Fuun Takeshi Jou et est également basé sur Takeshi's Castle avec de nouveaux concours. Il est sorti le 20 décembre 1988 uniquement au Japon et est le neuvième jeu de la série Family Trainer de Bandai.
Famista '89 - Kaimaku Ban!! (Japan)	Famista '89: Kaimaku Ban!!est une simulation de Baseball de Namco. Ce dernier profitera de cet opus pour raccourcir le nom de la série des &quot;Family Stadium&quot; en utilisant &quot;Famista&quot; en lieu et place de la marque des épisodes précédents: &quot;Pro Yakyuu Family Stadium&quot;. Famista ne déroge pas à la règle de la série des Family Stadium et conserve sa marque de fabrique: le style &quot;Chibi&quot; des joueurs et son gameplay. Le jeu propose 14 équipes sur 4 terrains différents et la composition des équipes a été mise à jour pour correspondre à l'année 1989.
Famista '90 (Japan)	Un simulateur de baseball tout à fait ordinaire. Comme dans la plupart des jeux du genre : une vue derrière le batteur lors du lancer, puis une vue du terrain depuis le dessus lors de la capture de la balle. Vous avez la possibilité de choisir parmi plusieurs équipes, avec un minimum de planification et de réglages.
Famista '91 (Japan)	Dans Famista '91, les joueurs peuvent choisir parmi plusieurs équipes fictives, inspirées de la ligue japonaise professionnelle (NPB), chacune avec ses propres forces et faiblesses. Le gameplay dynamique, les graphismes colorés et les musiques entraînantes sont caractéristiques de la série. Le jeu propose des modes solo ou multijoueur, permettant aux joueurs d'affronter l'IA ou un ami dans des matchs palpitants. Avec des commandes simples mais précises, Famista '91 s'adresse autant aux débutants qu'aux fans de baseball aguerris.
Famista '92 (Japan)	«Famista '92» est un jeu de baseball de la série « Famista » sur Famicom, qui met en scène des équipes de baseball fictives. Le jeu se concentre sur la simulation de matchs de baseball et n'a pas d'intrigue narrative complexe. Les joueurs prennent le contrôle de leur équipe de baseball préférée et participent à des matchs, en utilisant diverses tactiques pour remporter la victoire. La série « Famista » est connue pour son approche décontractée du baseball et son gameplay accessible. Le gameplay est accessible aux joueurs de tous niveaux, ce qui en fait un jeu idéal pour les fans de baseball.
Famista '93 (Japan)	Un simulateur de baseball tout à fait ordinaire. Tout se passe comme dans la plupart des jeux du genre : une vue derrière le batteur au moment du lancer, puis une vue du terrain depuis le dessus pour attraper la balle. Vous avez la possibilité de choisir parmi plusieurs équipes. Il y a un minimum de planification et de réglages. Ce type de jeu continue de plaire (ou d'irriter ?) par sa constance. La qualité des graphismes et de la musique a été légèrement améliorée.
Famista '94 (Japan)	Dans Famista '94, le joueur prend le rôle de manager et capitaine d'une équipe de baseball, avec pour objectif de gagner le championnat. Le gameplay, à la fois rapide et intuitif, mélange stratégie et réflexes pour une prise en main efficace. Des mécaniques comme la gestion de l'alignement, les lancers spéciaux et la fatigue des joueurs enrichissent l'immersion. C'est un hommage final aux fans de la famicom, offrant une expérience de baseball complète et captivante.
Fantasy Zone (Japan) (En) (Sunsoft)	En l'an spatial 1422, la Fantasy Zone est prise de panique suite à l'effondrement du système monétaire interplanétaire. La Guilde de l'Espace découvre les plans de la planète Menon, dont les forces volent les devises des autres planètes pour financer une immense forteresse dans la Fantasy Zone. Opa-Opa est envoyé pour arrêter l'invasion et découvrir qui est derrière tout cela. En fin de compte, il s'avère que le chef n'est autre que le père disparu d'Opa-Opa, une révélation qui laisse Opa-Opa avec des émotions mitigées.
Fantasy Zone II - Opa-Opa no Namida (Japan) (En)	Fantasy Zone II: The Tears of Opa-Opa est la suite de Fantasy Zone, dans laquelle vous contrôlez Opa-Opa, un joli vaisseau coloré avec des ailes sur le côté. Vous devez détruire les grandes créatures de chaque monde avant de passer au suivant. Votre tâche devient difficile pour d'autres petites créatures qui passent par là. Si vous détruisez une grande créature, elle laissera tomber un billet d'un dollar, que vous pourrez ramasser et utiliser à la boutique pour acheter des objets et des armes puissantes telles que des faisceaux laser, des tirs en X et de grandes ailes. Une autre façon d'obtenir de l'argent est de tirer sur certains types d'ennemis à la suite. Le plus souvent, certaines grandes créatures révèlent une porte de distorsion plutôt qu'un billet d'un dollar. Vous pouvez passer la porte de distorsion pour vous rendre dans une autre partie du pays et détruire plus de créatures plus grandes. Un seul d'entre eux aura une porte de distorsion sous la forme d'un panneau &quot;stop&quot; - c'est votre ticket pour le boss rond, mais vous devez vaincre toutes les grandes créatures pour pouvoir le traverser. Comme dans l'original, vous pouvez également marcher sur le sol pour éviter de s'approcher des ennemis et dépenser de l'argent dans la boutique pour obtenir de nouvelles armes (mais elles ne durent qu'un temps limité).
Faria - A World of Mystery & Danger! (USA)	Faria est un jeu de rôle sur Nes faisant la part belle à l'action. Un puissant sorcier a enlevé la fille du roi. Vous avez voyagé depuis une terre lointaine pour répondre à l'appel du roi. Votre mission est bien évidemment de combattre le magicien et ses sbires pour sauver la princesse. Heureusement, plus de 70 items et armes différentes vous aideront dans cette quête.
Faxanadu (USA)	Vous êtes un aventurier originaire de la cité des Elfes, et vous rentrez chez vous après un long voyage. Hélas, à votre arrivée, vous remarquez que tout a bien changé ! Le village des Elfes, qui connaissait autrefois paix et prospérité, n'offre plus que désastre et désolation. Une météorite s'est abattue sur l'Arbre du Monde, transformant l'eau de la fontaine des Elfes, source de vie, en un terrible poison avant de se tarir. Les Nains qui habitaient dans l'Arbre sont devenus fous. Pour ramener la paix, il faut pénétrer dans l'Arbre du Monde et vaincre le Démon qui y a élu domicile. Beaucoup d'hommes sont partis l'en déloger, mais aucun n'est revenu. Vous êtes le dernier espoir des Elfes.
Felix the Cat (World) (En)	Félix le Chat sur Nes est un jeu de plates-formes vous permettant d'incarner le célèbre chat noir ! Le Professeur a kidnappé Kitty, la petite amie de notre héros, qu'il veut échanger contre le sac magique de Félix. Mais ce dernier ne compte pas se laisser faire et part libérer Kitty pour ne pas avoir à donner son sac magique au diabolique Professeur !
Ferrari Grand Prix Challenge (USA)	Ferrari Grand Prix Challenge est un jeu de courses sur NES. Le joueur incarne un pilote de l'écurie Ferrari dont le but est de devenir champion de Formule 1. Pendant les seize étapes jusqu'à la victoire, il faudra se mesurer à vingt-cinq concurrents dirigés par l'ordinateur. Il faudra également penser à s'arrêter au stop pour faire le plein et changer les pneus.
Fester's Quest (USA)	Ce jeu d'action sur Nes met en scène Fester, l'oncle chauve de la famille Addams. Avec pour mission de sauver la ville d'une attaque d'extraterrestres, Fester va parcourir les rues en éliminant tous les ennemis sur son chemin. Il pourra compter sur un arsenal de plus en plus puissant au fil de son aventure et devra traverser quelques labyrinthes en 3 dimensions pour dénicher les boss.
Field Combat (Japan) (En)	Field Combat sur Nes est un jeu d'action qui vous jette au centre d'un champ de bataille futuriste qu'il vous faut traverser pour atteindre les bases ennemies. A vous d'éviter les nombreuses unités adverses qui parcourent le terrain, mais si jamais cela venait à mal tourner, vous pouvez toujours appeler des renforts pour vous sortir du pétrin !
Fighting Road (Japan)	Dans Fighting Road sur Famicom, le joueur incarne un jeune pratiquant d'arts martiaux participant à un tournoi mondial. Il affronte une série de combattants venus de différents pays, chacun avec un style unique. Le jeu combine phases narratives avec des combats en un contre un, centrés sur les réflexes et le bon choix de techniques. Entre chaque combat, le joueur peut sélectionner des coups spéciaux pour améliorer sa stratégie. Avec son ambiance inspirée des films de kung-fu et son style arcade, Fighting Road propose une aventure de combat intense et typée années 80.
Final Fantasy (USA)	Jeu inaugural de la série principale de Square : Final Fantasy. Final Fantasy débute en demandant au joueur de choisir une classe et un nom pour les quatre personnages. Ceux-ci disposent d'une particularité étonnante pour la série : ils n'ont pas d'histoire personnelle. On ne sait rien d'eux et ils n'interagissent pas individuellement. Tout ce que l'on sait est qu'ils possèdent chacun un cristal dans leur main, et se font appeler les Guerriers de la Lumière. Il existe six classes, Guerrier, Voleur, Moine, Mage Blanc, Mage Noir et Mage Rouge, que le joueur peut choisir pour un total de 54 combinaisons d'équipes différentes permettant des styles de jeux variés voire complètement différents.
Final Fantasy I, II (Japan)	Final Fantasy I.II sur Nes est une compilation des deux premiers jeux de rôle de la série phare de Squaresoft sortis initialement sur la même console.
Final Fantasy II (Japan)	L'impitoyable empereur de Paramekia mène ses armées démoniaques à travers le pays, détruisant tout sur son passage. Les nations tombent les unes après les autres, et celles qui n'ont pas la volonté de résister sont contraintes à la servitude. Lorsque le conflit atteint les frontières de Phin, ses habitants choisissent de se battre et sont pratiquement anéantis. Après la perte du château de Phin, les survivants s'enfuient vers la ville voisine d'Althea, où la rébellion a établi un quartier général temporaire. Parmi les survivants, Frioniel, Maria et Guy sont sauvés par le chef des rebelles, la princesse Hilda, et le mage blanc Ming-wu. Malgré leur jeune âge et leur manque de perspicacité, ils gagnent la confiance d'Hilda et sont autorisés à se joindre à son combat contre l'empire. Bien que le chemin à parcourir soit pavé de pertes et de sacrifices, chaque victoire les rapproche de la reconquête de leur patrie.
Final Fantasy III (Japan)	Dans un village reculé d'Ur, quatre garçons orphelins ont été élevés par le prêtre Topapa. Un jour, le cristal du vent, gardé par les habitants d'Ur, s'enfonça profondément dans la terre. Les quatre garçons ont décidé de le récupérer et sont descendus dans une grotte souterraine. Mais lorsqu'ils ont trouvé le cristal, il leur a parlé et à ses paroles ils ont compris qu'ils étaient choisis pour une mission beaucoup plus importante...
Final Lap (Japan) (En)	Final Lap sur Nes est un jeu de courses de Formule 1 proposant neuf circuits aux quatre coins du monde. Vous avez la possibilité d'améliorer votre voiture, en lui achetant un nouveau moteur ou de nouveaux pneus par exemple.
Fire 'n Ice (USA)	Vous aimez les puzzles et la logique, alors vous aimerez Solomon's Key 2. Des monstres de feu ont été libérés sur Coolmint Island, vous devez utiliser vos compétences et votre cerveau pour terminer chaque niveau et vaincre le sorcier maléfique. Attention! Vous pourriez vous perdre dans ce jeu passionnant et ne plus pouvoir vous arrêter!
Fire Emblem - Ankoku Ryuu to Hikari no Tsurugi (Japan)	Fire Emblem : Ankoku Ryû to Hikari no Tsurugi est un jeu de rôle tactique sur NES, premier volet de la série des Fire Emblem. Vous incarnez le prince Marth, contraint à l'exil lorsque son pays est envahi par les armées de Doluna. Il trouve refuge dans la contrée de Talis où réside la princesse Sheeda avec laquelle il part en quête pour trouver le Fire Emblem qui lui permettra de brandir l'épée sacrée Falchion capable de terrasser les dragons.
Fire Emblem Gaiden (Japan)	Fire Emblem Gaiden est un RPG tactique sur NES. Il se déroule en parallèle des événements narrés dans le premier épisode mais prend place dans les deux royaumes du continent de Barensia : Rigel et Sofia. L'histoire suit le destin de deux amis d'enfance, Alm et Cellica, et s'étale sur cinq chapitres.
Firework Thrower Kantaro's 53 Stations of the Toukaido (World)	Bien que communément appelé Tokugo Gojuusan Tsugi, le nom complet du jeu est Kanshakudama Nage Kantarou aucun Toukaidou Gojuusan Tsugi, qui peut être grossièrement traduit par &quot;lancer explosif Kantarou et les 53 stations du Tokaido&quot;. Pour plus d'explications, le personnage principal s'appelle Kantarou et lance des bombes sur ses ennemis. Il tente de se rendre de Kyoto à Edo (connu aujourd'hui sous le nom de Tokyo) pour voir sa petite amie Momoko. Pour y arriver, il emprunte l'autoroute de Tokaido qui est composée de 53 points de contrôle en cours de route. Cependant, un marchand peu scrupuleux tente de capturer Kantarou et de voler ses secrets de technique explosive. Tokaido Gojuusan Tsugi est un jeu d'action à défilement horizontal développé par Sunsoft en 1986. Il n'a jamais été sorti en dehors du Japon. Le 29 juin 2001, le jeu a été lancé pour la plate-forme Windows dans le cadre de Sunsoft Classic Games 2 avec Ikki (qui a lui-même été réédité en tant que titre budgétaire en 2004). Le 27 décembre 2001, le jeu est sorti sur la PlayStation dans le cadre de Memorial Series: Sunsoft Vol. 3 avec l'aile de Madoola.
Fisher-Price - Firehouse Rescue (USA)	Fisher-Price : Firehouse Rescue sur Nes est un jeu d'action et de conduite. Vous devez sauver des animaux coincés dans les arbres et évacuer les personnes prisonnières d'incendies ! Conduisez votre camion de pompier tout droit sorti des jouets Fisher-Price dans le labyrinthe que forment les rues de le ville puis placez l'échelle au bon endroit pour secourir les victimes !
Fisher-Price - I Can Remember (USA)	I Can Remenber est un jeu ludo-éducatif proposé par Fisher-price en personne, sorti sur la console 8 bits Nintendo NES. Le jeu consiste en un jeu de memory clairement destiné aux enfants. Trois niveaux de difficulté sont disponibles ainsi qu'un mode deux joueurs où vous pourrez vous mesurer à un adversaire réelle ou virtuel , le but étant de retrouver le plus de paire que sont rival. Le jeu est affreusement lent et le fond sonore à la limite du supportable puisqu'il s'agit de comptine d'enfant en 8 bits.
Fisher-Price - Perfect Fit (USA)	Fisher-Price: Perfect Fit est un jeu qui crée des formes à l'écran (habituellement sous la forme de jouets Fisher-Price) que le joueur doit alors manipuler et assortir sur une série de silhouettes. Dans les niveaux simple, ce n'est qu'une question de déplacer la forme autour de l'écran. Dans les niveaux plus élevé, le joueur doit également retourner la forme verticalement, horizontalement, ou les deux, pour qu'il forme l'ajustement parfait pour une des silhouettes. Le jeu peu se jouer en contre la montre et il ya aussi un mode 2 joueurs, ou vous pouvez jouer contre l'ordinateur (appelé &quot;Electro&quot;).
Fist of the North Star (USA)	Fist of the North Star sur Nes est un jeu d'action/plates-formes se basant sur la série de Ken le Survivant (Kenshiro du manga &quot;Hokuto no Ken&quot; en japonais). Vous incarnez donc Ken qui doit sauver le monde en battant le diabolique empereur Heaven ! Traversez les niveaux le plus rapidement possible en ramassant les bonus et en découvrant les zones secrètes, mais n'oubliez pas qu'il y a une limite de temps ! Il s'agit du deuxième des quatre jeu sur l'univers de Ken le Survivant parus sur NES et le seul édité aux USA. Le nom japonais étant &quot;Hokuto no Ken 2: Seikimatsu Kyuuseishu Densetsu&quot;. La version US a subi quelques modifications mineures au niveau graphique et de l'IA des adversaires, l'écran titre est totalement différent et les scènes de fin de stage où apparaissent des personnages secondaires du manga qui viennent d'etre libérés par Ken ont disparues.
Flappy (Japan) (En)	Dans ce jeu de puzzle, vous contrôlez Flappy, une taupe jaune. Le but du jeu est d'aider Flappy à pousser la pierre bleue sur sa plate-forme bleue à chaque niveau. Les pierres rouges sont placées dans des endroits clés à travers les niveaux. Ils peuvent être poussés, empilés les uns sur les autres et même détruits. Flappy doit stratégiquement tirer parti de la gravité et des pierres rouges afin de dégager le chemin pour pousser la pierre bleue. Trois types d'ennemis différents essaieront d'empêcher Flappy de franchir le niveau, vous devez donc soit éviter les ennemis, les écraser par le haut avec les pierres, ou ramasser des champignons endormis pour les assommer temporairement.
Fleet Commander (Japan)	Fleet Commander est un jeu de stratégie développé et publié par ASCII Entertainment pour la Famicom en 1988. Il s'agit du premier jeu de bataille navale jamais lancé pour le système. Alors qu'il est censé représenter une bataille entre deux pays fictifs, le jeu est largement reconnu pour être une reconstitution de l'une des batailles navales cruciales qui ont eu lieu entre le Japon et les États-Unis vers la fin de la Seconde Guerre mondiale. Les joueurs contrôlent une flotte japonaise de croiseurs lourds, de cuirassés, de sous-marins et de porte-avions. Plusieurs détails ont mis ce jeu à part des jeux typiques de Famicom. Tout d'abord, en plus de la cartouche et du manuel, le jeu est également livré avec une grande carte et des modèles en plastique qui représentaient les navires et les avions. Le jeu ne montre jamais tout l'état de l'eau, il appartient donc au joueur d'utiliser les informations dont il dispose pour mettre à jour la représentation de la bataille sur la carte en utilisant les modèles en plastique. Deuxièmement, aucune musique de fond n'est entendue pendant la lecture de ce jeu. Enfin, ce jeu utilise un périphérique connu sous le nom de &quot;Turbo File&quot;, qui a été fabriqué et vendu par ASCII. Cet appareil était un complément matériel pour la Famicom qui a été utilisé pour sauvegarder la progression du jeu. Il était compatible avec un certain nombre d'autres titres.
Flight of the Intruder (USA)	Flight of the Intruder est une simulation de vol sur NES. En 1972, la guerre du Vietnam fait rage. Vous avez le choix entre deux des meilleurs avions de chasse de l'armée américaine pour attaquer l'armée vietnamienne du nord avec l'armée du sud comme alliée.
Flintstones, The - The Rescue of Dino & Hoppy (USA)	Quel remue-ménage dans la préhistoire lorsque les Pierrafeu, la plus illustre famille des cavernes, reçoivent une visite venue tout droit du XXXème siècle. Le Docteur Butler, ingénieux savant, a besoin de quelques dinosaures pour le zoo de la ville de l'Orbite; aussi a t'il inventé une machine à remonter le temps pour capturer Dino et Hoppy. Fred parviendra t'il à réunir toutes les pièces dont a besoin le grand Gazoo pour construire, lui aussi, une machine à remonter le temps? Réussira-t'il, avec l'aide de Wilma, Barney et Betty, à faire un saut dans le futur et à libérer ses amis préhistoriques? Qui a osé prétendre que l'histoire était un sujet ennuyeux!?
Flintstones, The - The Surprise at Dinosaur Peak! (USA)	Pépite et Bamm-Bamm se sont perdus loin de chez eux et on dirait que Fred et Barney les ont trouvés. Malheureusement, un volcan actif est en travers de leur chemin. Fred et Barney doivent maintenant traverser le monde pré-hystérique de Bedrock pour sauver les enfants. Fred manie le gourdin et Barney la fronde dans cette aventure pour toute la famille! Escaladez le flanc d'une falaise, utilisez les crocodiles comme trampolines, et passez à l'action avec les citoyens les plus célèbres de Bedrock à la recherche de leurs enfants. Récupérez les cinq légendaires gemmes de feu cachées et apportez-les au cupide Ptérodactyle pour ramener Pépite et Bamm-Bamm à la maison.
Flipull - An Exciting Cube Game (Japan) (En)	Flipull: An Exciting Cube Game est un jeu de réflexion développé par Daiei Seisakusho et publié par Taito Corporation, sorti au Japon en 1989.
Flying Dragon - The Secret Scroll (USA)	Flying Dragon : The Secret Scroll est un jeu d'action sur Nes qui raconte l'histoire de Ryuhi, un maître d'arts martiaux. Vous le suivez dans sa quête pour retrouver des parchemins magiques volés. Vous devez affronter les monstres sur votre chemin mais aussi vaincre en duel les boss en frappant leur point faible.
Flying Hero (Japan) (En)	Un jeu d'action impliquant des pompiers.
Flying Warriors (USA)	Dans le jeu d'action Flying Warriors sur Nes vous êtes confronté à un combat entre la dimension des ténèbres et celle de la lumière. Vous incarnez un maître en arts martiaux qui doit utiliser ses capacités pour détruire le terrible Demonyx.
Formation Z (Japan) (En)	Le joueur participe à un marathon en défilement horizontal, terrestre, maritime, aérien et extra-atmosphérique. Vous pouvez maintenir le bouton de tir enfoncé pour déclencher une rafale de feu, ce qui est particulièrement essentiel pour vaincre les boss. Le joueur peut maintenir le bouton Jump enfoncé pour passer d'un robot à un Aero Fighter. Certaines sections ont des confrontations sur terre et dans les airs; d'autres insistent sur les combats aériens. Votre temps dans l'Aero Fighter est limité par le carburant.
Formula 1 Sensation (Europe)	Formula 1 Sensation est un jeu de courses sur Nes. En plus des courses du championnat de Grand Prix F1, vous pouvez également choisir de pratiquer sur piste libre. Les voitures sont sur mesure et vous pouvez sélectionner le type de carrosserie de la voiture, la couleur, le châssis...
Formula One - Built to Win (USA)	Formula One: Built To Win est un jeu de course sur NES. Le joueur commence avec une Mini Cooper et gravit les échelons en commençant par les courses les moins bien classées de l'Est des États-Unis. En gagnant des courses, le joueur peut mettre à niveau les pièces de la Mini et établir un meilleur score sur plus de courses. Gagnez assez de courses pour débloquer des voitures plus rapides. Les autres voitures disponibles dans le jeu sont le Vector W2, la Ferrari F40, et bien sûr, la Formule 1. Les premières courses ont lieu à New York, Detroit et Miami. Les autres lieux à visiter sont Yellowstone, Denver, Dallas, Las Vegas, Los Angeles, San Francisco, et enfin Hawaii. En plus du mode normal, le menu principal du jeu propose également un mode libre qui vous permet de choisir librement l'une des 4 voitures du jeu pour courir sur une sélection de parcours.
Fox's Peter Pan & the Pirates - The Revenge of Captain Hook (USA)	Le Capitaine Crochet et son armée de pirates essaient de conquérir Neverland par la force. Peter Pan, avec l'aide de Clochette et d'un peu de poussière de fée, tentera d'arrêter le Capitaine Crochet une fois pour toutes. Le joueur contrôle Peter Pan, armé d'une épée. Vous commencez avec 3 vies et vous pouvez augmenter votre compteur de vie en collectant des coffres au trésor ou des fées Clochette à travers un niveau. Vous pouvez également collecter des sacs de poussière de fée pour voler temporairement. Vous devez vaincre tous les pirates d'un niveau pour passer au niveau suivant.
Frankenstein - The Monster Returns (USA)	Frankenstein : The Monster Returns est un jeu d'action sur Nes. Les villageois pensaient être à l'abri, mais le monstre de Frankenstein a déjà détruit les villages voisins et amassé une armée impie. Il a même capturé une jeune fille. Vous devez donc combattre des créatures cauchemardesques sur votre chemin vers le repaire de Frankenstein.
Free Fall (USA) (Proto 2)	Free Fall est un jeu d'action, développé et publié par Color Dreams, qui a été annulé avant sa sortie. Vous contrôlez une main qui doit attraper des objets qui tombent et les remettre en sécurité.
Freedom Force (USA)	Freedom Force est un jeu de tir sur NES. A l'aide du Zapper de la console, vous devez éliminer les nombreux ennemis qui apparaissent aux fenêtres ou par les portes tout en évitant soigneusement de tirer sur les otages.
Friday the 13th (USA)	Friday the 13th est un jeu d'action sorti sur NES. En attendant de se venger de la mort de sa mère, Jason se cache dans une sombre forêt. Un groupe d'amis a décidé de visiter le camp de Crystal Lake à proximité de l'antre de Jason. A vous de trouver Jason avant qu'il ne les massacre tous. Pour ce faire, vous disposez d'armes allant du petit couteau à la tronçonneuse.
Front Line (Japan) (En)	Front Line est un jeu d'action à défilement vertical sur Nes. Le but du jeu est d'infiltrer le territoire ennemi et de détruire leur forteresse. Pour ce faire, vous devrez parcourir des chemins parsemés d'embûches destinées à ralentir votre progression. Vous disposez d'une mitraillette et de grenades pour défaire les soldats et tanks que vous rencontrerez sur votre route.
Fun House (USA)	Fun House sur Nes est un jeu inspiré du TV Show américain du même nom. Dans une ambiance de fête, vous devez éviter les nombreux pièges qui vous attendent.
Fushigi no Umi no Nadia (Japan)	Fushigi no Umi no Nadia (Nadia et le Secret de l'Eau Bleu, de la série animée éponyme produit par Nippon Hoso Kyokai) est un Tactical RPG sorti exclusivement au Japon.
Future Wars - Mirai Senshi Lios (Japan)	Future Wars: Lios (Mirai Senshi: Raiosu = Future Soldier: Lios) est un jeu de stratégie tour par tour développé et publié par Pack-In-Video, les mêmes développeurs qui nous ont apporté Die Hard (NES). Dans ce jeu, vous incarnez Cecilia et son armée de robots. Vous devez vous rendre au château de Goinkia et l'empêcher de prendre le pouvoir. Pour ce faire, vous devez parcourir l'Overworld et sélectionner un lieu. Une fois que vous le faites, vous devez retirer le robot commandant l'ennemi et ensuite la base de l'ennemi. Alors vous gagnerez et serez autorisé à progresser. Parfois, vaincre des ennemis débloque de nouvelles armes.
Fuzzical Fighter (Japan)	Fuzzical Fighter est un shoot'em up sur NES. Le royaume Funny a perdu sa pierre dimensionnelle qui plonge peu à peu la ville dans le chaos. Mark, le personnage que vous incarnez, se porte volontaire pour tenter de retrouver et de récupérer la pierre. Vous partez alors à sa recherche à bord du Fuzzical Fighter, bravant les monstres et autres créatures sur votre passage. Le jeu comprend des phases de RPG entre chaque niveau lorsque vous faite escale dans les villes pour améliorer votre véhicule.
G.I. Joe - A Real American Hero (USA)	G.I. Joe : A Real American Hero est un jeu d'action plates-formes sur NES dans lequel vous incarnez une escouade de 3 membres du G.I Joe à choisir parmi Duke, Snake Eyes, Blizzard, Captain Grid-Iron et Rock 'n Roll (un agent est désigné d'office a chaque mission, les deux autres sont à choisir). Un sixième agent Hawk donne les ordres de mission et est disponible pour le stage final. Il est possible de contrôler des véhicules: le Buzz Boar, le Pogo et le Battle Copter. Les 6 missions que le commando G.I. Joe doit accomplir se déroulent en Amazonie, en Antarctique, à New York, dans les Black Hills et au Sahara. Le stage final étant au Quartier Général de Cobra. Chaque mission se déroule en trois phases, d'abord le commando doit se frayer un chemin jusqu'à une base du Cobra, ensuite les 3 agents doivent placer un certains nombre de bombes dans la base dans un temps imparti et enfin un combat contre un boss de fin de niveau parmis lesquels nous trouvons Range-Viper, Metal-Head, Overlord, Voltar, Destro et le commandant Cobra lui-même.
G.I. Joe - The Atlantis Factor (USA)	G.I. Joe : The Atlantis Factor est la suite de G.I. Joe : A Real American Hero sur Nes. Le commandant Cobra a survécu à la derniére confrontation et fait émerger l'ancien continent Atlantis qu'il utilise comme base. Avec une armée quasi indestructible et de puissantes armes spatiales, Cobra veut utiliser les pouvoirs des Atlantes depuis longtemps perdus dans le but de gouverner le monde.
Galaga - Demons of Death (World) (Evercade)	Dans Galaga sur NES, vous allez devoir piloter un vaisseau pouvant se déplacer uniquement de gauche à droite. Il vous faudra éviter les tirs de vos ennemis tout en les éliminant. Plusieurs boss feront leur apparition.
Galaxian (Japan) (En)	Galaxian est un shoot'em up sorti sur NES. Vous vous retrouvez en bas de l'écran alors qu'une horde d'aliens vous attend en haut. En vous déplaçant sur la gauche ou sur la droite, votre but est de terrasser le plus d'aliens possible. Ces derniers sont répartis en quatre catégories : les droïdes, les émissaires, les hornets et les commandants.
Galaxy 5000 - Racing in the 51st Century (USA)	Galaxy 5000 est un jeu de courses dans l'espace sur Nes où 4 vaisseaux spatiaux s'affrontent sur un circuit. Il existe plusieurs styles de contrôles différents et les vaisseaux peuvent sauter et même dire pardon lorsqu'ils se rentrent dedans !
Gambler Jiko Chuushinha (Japan)	Gambler Jiko Chuushinha est un jeu de mahjong axé sur les paris, basé sur le manga du même nom. Le jeu propose un large éventail de personnages issus du manga que le joueur peut affronter. Malgré la licence tirée du manga, le jeu reste principalement un jeu de mahjong, se concentrant sur la partie de ce jeu de société à base de tuiles, mais en utilisant une variation des règles plus complexe que la normale. Gambler Jiko Chuushinha est notable pour avoir impliqué plusieurs développeurs, dont Bits Laboratory, Yellow Horn et Game Arts. Le jeu a également donné naissance à de nombreuses suites qui reprennent essentiellement le même gameplay.
Gambler Jiko Chuushinha 2 (Japan)	La suite de Gambler Jiko Chuushinha, Gambler Jiko Chuushinha 2 est un jeu de mahjong Riichi basé sur le manga éponyme de Masayuki Katayama. Le jeu propose plusieurs modes : un mode libre (jouer contre des adversaires choisis par le joueur), un mode stratégie (où les joueurs voyagent à travers le Japon en affrontant divers adversaires dans un jeu de type shougi, avec la particularité que lorsqu'une pièce adverse est attaquée, une partie de mahjong détermine si la pièce est perdue ou non) et un mode tournoi.
Game Designer Yousei Soft - Dezaemon (Japan)	Dezaemon est une application de conception de jeu qui permet aux développeurs en herbe de créer leur propre shoot-up à défilement vertical. Les joueurs contrôlent l'apparence de leur vaisseau, conçoivent leur apparence (jusqu'à trois) et créent un écran de titre. Dezaemon est un jeu d'action, développé par Kid et publié par Athena, qui a été publié au Japon en 1991.
Game Party (Japan)	Game party est une compilation de minis-jeux sortis sur la console Nintendo NES. Jouable jusqu'à quatre la cartouche vous propose de jouer à différents petits jeux de sport tel que le basket, le hockey, le flipper, le football, le air hockey où encore le célèbre jeu de société le mastermind. Les jeux les plus faciles à prendre en main garantissent de bonnes tranches de rigolade lorsque vous jouez à deux.
Ganbare Goemon 2 (Japan)	Suite de Ganbare Goemon!, Goemon 2 vous remet dans la peau de Goemon alors qu'il traverse le Japon féodal cherchant à rendre justice à tous les méchants corrompus qu'il pourrait trouver. Rejoindre Goemon dans son aventure et le ninja farfelu Ebisumaru qui permet un gameplay simultané à 2 joueurs, marquant la plus grande différence en termes de gameplay avec l'original. Le jeu conserve la formule de beat'em up à défilement latéral simple et supprime même certains des éléments de type labyrinthe du jeu précédent, en ajoutant de nouvelles armes et des améliorations pour rendre le jeu plus axé sur l'action. Déambuler dans les étapes est toujours possible et vous pouvez entrer dans plusieurs magasins et lieux et déclencher des séquences humoristiques amusantes en accord avec l'esprit léger de la série.
Ganbare Goemon Gaiden - Kieta Ougon Kiseru (Japan)	C'est un RPG de style semi-humoristique situé dans le Japon médiéval. Il nous raconte les aventures de Goemon, un noble voleur et maitre d'art martiaux. Un jour, Goemon rentre chez lui et découvre que sa pipe à fumer préférée a disparu. Qui aurait pu faire un crime aussi horrible? Ebisumaru, l'ami de Goemon, propose de l'aider à découvrir le criminel et les deux partent dans un voyage plein d'aventures et de dangers. Comme la plupart des RPG de style console de l'époque, &quot;Goemon Gaiden&quot; utilise un système de combat au tour par tour simple. Vous parlez aux habitants des villes pour rassembler des informations, acheter des armes, des armures et des objets, combattre des ennemis au hasard, descendre dans des cachots et trouver des trésors.
Ganbare Goemon Gaiden 2 - Tenka no Zaihou (Japan)	Ceci est la suite du premier RPG Ganbare Goemon Gaiden (en parallèle). Goemon, un voleur rusé et un fervent chasseur de trésors, n'a rien à faire et reste à la maison. Mais son fidèle ami Ebisumaru a une bonne nouvelle: il y a un grand trésor à trouver quelque part dans une grande ville de l'autre côté de la mer. Bien sûr, le trésor ne sera pas simplement donné à Goemon: il devra auparavant effectuer une mission dangereuse. Les deux amis montent à bord d'un navire et le voyage commence Le jeu est très similaire à son prédécesseur, ainsi qu'à la plupart des autres jeux de rôle de style console de l'époque. Vous parlez à des citadins, achetez des équipements divers, descendez dans des cachots et combattez des ennemis et des boss au hasard dans des combats à tour de rôle. La perspective de combat est légèrement modifiée dans cette suite (vue de la bataille au-dessus de l'épaule au lieu d'images semi-animées).
Ganbare Goemon! - Karakuri Douchuu (Japan)	Premier épisode de cette série délirante à sortir sur console, Karakuri Douchuu est également la toute première cartouche de 2 mégabits à voir le jour sur Famicom. Armé d'une simple pipe, vous partez explorer différents niveaux dans le Japon de l'ère Edo (la spécificité de la série) où il faudra entreprendre des recherches pour en découvrir la sortie. Au programme, passages secrets à la Zelda, obtention de passes dissimulés ci et là pour progresser, bonus à récolter pour améliorer son personnage, armes qui se dégradent en fonctions des dégâts reçus et affrontements directement inspirés du beat'em all.
Ganbare Pennant Race! (Japan)	Ganbare Pennant Race! est un jeu NES de baseball par Konami. Ce n'est pas la suite de Exciting Baseball, le seul autre jeu de baseball de Konami pour le système, mais plutôt un nouveau jeu qui présente d'autres caméos de jeux Konami et des personnages de sa série populaire Ganbare Goemon. Plus précisément, l'équipe fictive de «Konami Goemontai» est une équipe entièrement composée de Goemons. D'autres équipes fictives incluent: Donuts, Gyruss, Caps, Swimmers, Walls, Targets, Lighters, Bubbles, Harps, Flowers, Brains, Olives et Konami Kurokotai.
Ganso Saiyuuki - Super Monkey Daibouken (Japan)	Ce jeu est basé sur le roman chinois Journey to the West. Le but du jeu est de survivre au long et pénible voyage de la Chine vers l'Inde. Les joueurs prennent le contrôle de Sun Wukong, le roi des singes, alors qu'il guide Xuanzang, un moine bouddhiste, dans sa quête
Garfield no Isshukan (Japan) (En)	A Week of Garfield est un jeu d'action sur NES. Vous incarnez le célèbre chat paresseux Garfield et devez combattre des souris, des oiseaux, des araignées et autres animaux en utilisant les attaques de Garfield à savoir des coups de pieds. Secourez le pauvre Odie des griffes de méchants chats lanceurs de couteaux et autres objets dangereux !
Gargoyle's Quest II (USA)	La loi de la jungle! Avant la conquête du monde par l'homme, l'Etrurie regorgeait de monstres. L'un d'entre eux, Firebrand the Gargoyle, doit œuvrer pour faire renaître la magie devenue de plus en plus rare au Royaume des Goules. Rejoignez-le lors du périlleux voyage au cours duquel il recherche l'origine d'un mystérieux rayon de lumière noire. Cette mission légendaire présente un héros aux ailes dures comme l'acier et aux griffes de lion. Crachez du feu sur les créatures hideuses qui ne cherchent qu'à vous dévorer! Evitez les attaques des éléments magiques, les pièges mortels et les adversaires rusés qui ne reculeront devant rien pour protéger leur épouvantable secret! Découvrez si vous êtes de taille à résoudre les énigmes tout en combattant pour votre survie!
Garry Kitchen's Battletank (USA)	Battle Tank sur Nes est un jeu de tir classique dans lequel vous contrôlez un tank et détruisez tous les ennemis se présentant à vous. Un mode Mission et un mode multijoueur sont proposés. Dans les deux cas, vous mènerez des combats dans une arène vue du dessus et participerez à de nombreux massacres en règle.
Gauntlet (USA)	Gauntlet sur Nes est un jeu d'action hack and slash dont l'objectif est de tuer tous ses assaillants dans un labyrinthe et d'atteindre le niveau suivant. Pour ce faire, le joueur a le choix entre quatre personnages différents. Chacun possède ses propres caractéristiques et correspond à un style de combat particulier. Gauntlet peut être joué à deux simultanément en coopératif.
Gauntlet II (USA)	Gauntlet II est un jeu d'action sur NES. Vous choisissez votre personnage parmi quatre : un sorcier, un guerrier, un elfe et un Valkyrie. Partez ensuite à la recherche de trésors et d'objets magiques dans des couloirs infestés de créatures malfaisantes.
Gegege no Kitarou 2 - Youkai Gundan no Chousen (Japan)	Gegege no Kitarou 2: Youkai Gundan no Chousen est un jeu RPG basé sur un manga et un anime du Japon sur un garçon qui est un yôkai, une classe de monstre spirituel à laquelle tous les personnages principaux appartiennent. Le personnage principal, Kitarou, est le dernier membre vivant d'une tribu des Ghost. Il lui manque l'?il gauche, mais ses cheveux recouvrent habituellement la cavité vide. Il se bat pour la paix entre les humains et yÅ ?? kai, ce qui implique généralement de protéger les premiers contre les ruses de ces derniers. Alors que le jeu suit la sortie de Gegege no Kitarou: Youkai Daimakyou (sorti sur U.S en tant que Ninja Kid), il ne s'agit pas d'une suite directe au jeu original, qui est un jeu d'action. Gegege no Kitarou 2 joue beaucoup comme un RPG traditionnel simplifié. Les combats sont au tour par tour, où le joueur doit entrer sa commande, puis regarder la séquence de l'événement jusqu'à ce que le tour soit terminé et que le tour suivant commence. Cependant, même si c'est simplifié, c'est en fait un jeu plutôt difficile et difficile. Au tout début du jeu, Kitarou lutte pour survivre à plus de deux combats contre des monstres avant de devoir retourner à la maison et se reposer jusqu'à ce qu'il atteigne le niveau 2. La majorité des ennemis ne fournissent des points d'expérience que dans le jeu. Bien que pour compenser, la quantité d'expérience nécessaire pour atteindre chaque niveau est également faible. Kitarou atteint le niveau 10 lorsqu'il atteint 999 points d'expérience. La carte de l'Overworld du jeu est une représentation assez fidèle du Japon, avec une partie de la Corée et une petite île non identifiée. Kitarou doit explorer la nation de l'île pour sauver sa petite amie et le reste du monde de l'assaut du mal Youkai qui menace de prendre le contrôle du monde des vivants. Il doit localiser plusieurs maisons, châteaux et entrées de grottes pour se frayer un chemin à travers le Japon, qui souffre de tempêtes spirituelles qui l'empêchent d'explorer de nouvelles régions de l'île jusqu'à ce qu'une tâche soit accomplie en premier.
Geimos (Japan) (En)	Geimos est un shoot'em up sur Nes dans lequel vous pilotez un vaisseau, volant à la surface d'une planète inhospitalière.
Gekitotsu Yonku Battle (Japan) (En)	Gekitotsu Shiku Battle est un jeu vidéo exclusif au Japon, sorti en 1989 par Irem pour le Family Computer.
Gemfire (USA)	Six magiciens et un dragon, prisonniés des joyaux magiques de la couronne Gemfire, sont libérés par la princesse Robyn, fille du souverain tyrannique d'Ishmeria, le roi Eselred. Parcourant la nation insulaire en long et en large, ils élisent chacun un chef issu des plus grandes maisons nobles pour être leur champion et renverser Eselred afin de ramener la paix à Ishmeria. Les joueurs choisissent l'un de ces nobles et cherchent à unir toutes les provinces sous leur bannière grâce à une combinaison de guerre et de diplomatie.
Genghis Khan (USA)	Genghis Khan est un jeu d'action/stratégie sur Nes. Au début vous pouvez choisir entre une conquête Mondiale, ou la conquête Mongole. Dans la première, il faut que vous unissiez tous les pays présents sur la carte. Dans le deuxième, vous incarnez le grand Temujin et vous devez réunir toutes les petites tribus de la Mongolie.
Genpei Touma Den - Computer Boardgame (Japan)	Genpei Touma Den : Computer Boardgame est un jeu de rôles sorti au Japon sur la console Nintendo NES. Vous incarnez Taira no Kagekiyo, un samouraï célèbre mort pendant la Guerre Genpei. Ressuscité, votre but et de vous venger des différents chefs de guerre qui vous ont fait périr par le passé.
George Foreman's KO Boxing (USA)	Vous incarnez le champion George Foreman dans ce jeu de boxe où vous devez battre des boxeurs fictifs pour remporter la ceinture dorée. George Foreman's KO Boxing propose une vue de côté et des matchs pouvant durer jusqu'à 10 rounds. A noter la possibilité de pouvoir effectuer des &quot;super punches&quot; pour envoyer l'adversaire dans les cordes et ainsi le bloquer tout en lui infligeant de sérieux coups.
Getsu Fuuma Den (Japan)	Un démon horrible nommé &quot;Dragon Master&quot; a été ranimé des enfer. Pour protéger la paix de l'au-delà, 2 frères Fuuma ont combattu le Maître Dragon. Tous 2 ont été tués, perdant leurs légendaires Wave Swords, également appelés Hadoukens. Pour venger leur mort, le dernier frères Fuuma a juré de tuer le Maître des dragons et de reprendre les Hadoukens. Getsufuma Den est un jeu d'action avec de légers éléments RPG. Vous voyagez à travers l'au-delà sur des chemins prédéterminés, vous conduisant aux magasins, ou rencontrer des personnages et aux donjons. Une fois dans un donjon, vous guidez votre personnage sur une plate-forme, sautant et combattant des ennemis avec votre épée ou d'autres armes. Certains donjons sont à la 1ère personne. Dans les donjons, vous pouvez collecter de l'argent et ensuite l'utiliser pour acheter des armes et autres accessoires sur le monde supérieur.
Ghost Lion (USA)	Legend of the Ghost Lion est un jeu vidéo de rôle au tour par tour du style Dragon Quest. Il s'agit d'une adaptation d'un film Japonais de 1988, &quot;Piramiddo no Kanata ni Howaito Raion Densetsu&quot;. La légende du Lion blanc raconte qu'un jour, un Lion a attaqué et ravagé le village. Le lion fut blessé par la lance d'un courageux soldat et disparût dans une caverne. Un jour, les parents d'une jeune fille nommée Maria, décidèrent de partir résoudre le mystère du Lion blanc, la laissant seule. Ils ne revinrent jamais. Alors que Maria part à la recherche de ses parents, elle tombe dans une rivière et se réveille dans un monde fantastique.
Ghostbusters (USA)	GhostBusters sur Nes est un jeu d'action basé sur le film S.O.S. Fantômes. Vous incarnez la fine équipe de chasseurs de fantômes et vous vous attaquez à toutes formes d'activités paranormales. Armé de votre fusil à protons, capturez tous les revenants indésirables de New York et mettez Guzer, le dieu summérien, hors d'état de nuire.
Ghostbusters II (USA)	L'histoire se déroule à New York. L'équipe SOS Fantôme doit se rendre d'urgence au musée d'art pour affronter Vigo de Carpathe, qui a transformé la ville en un cauchemar paranormal.
Ghosts'n Goblins (USA)	Ghosts'n Goblins est un jeu d'action/plates-formes sur Nes. Arthur le brave chevalier doit sauver sa princesse bien-aimée des griffes du démon King Astaroth. Différents challenges l'attende au fil des niveaux remplis de créatures malfaisantes à abattre.
Ghoul School (USA)	Ghoul School est un jeu d'action Nes à scrolling horizontal dans lequel vous incarnez un jeune élève d'une école frappée par la foudre. La charge électrique a libéré toutes sortes de monstres et de fantômes dans les salles de classe et les couloirs. Votre but est d'éviter tout ce beau monde pour vous échapper de l'établissement scolaire.
Gimmi a Break - Shijou Saikyou no Quiz Ou Ketteisen (Japan)	Le jeu Gimme a Break - Shijou Saikyou no Quiz Ou Ketteisen a été développé et publié par Yonezawa PR21 en 1991. Basé sur une émission asiatique, c'est un quiz où il faut répondre aux questions du présentateur. La particularité de ce jeu est la possibilité de connecter jusqu'à six contrôleurs supplémentaires sous forme de boutons avec une cloche, permettant à six personnes de concourir simultanément en matière d'érudition et de réaction.
Gimmi a Break - Shijou Saikyou no Quiz Ou Ketteisen 2 (Japan)	Gimme A Break: Shijou Saikyou no Quiz Ou Ketteisen est un jeu de quiz sorti pour la Famicom (NES) au Japon, basé sur un véritable jeu télévisé japonais diffusé de 1989 à 1992. Les joueurs peuvent répondre à des questions de culture générale contre des adversaires contrôlés par l'IA ou d'autres joueurs, avec pour objectif ultime de défier le Roi du Quiz du jeu.
Ginga Eiyuu Densetsu (Japan)	Ginga Eiyuu Densetsu, souvent traduit par Legend of the Galactic Heroes, est un jeu de stratégie sci-fi pour la NES où les joueurs contrôlent une flotte de vaisseaux spatiaux. Basé sur la longue série de romans space opera du même nom, adaptée également en manga et en anime, ce jeu fait partie des nombreuses versions vidéoludiques de la franchise. L'objectif est de gérer et de donner des ordres aux commandants de la flotte, menant finalement à des batailles à grande échelle contre des empires rivaux. Le jeu présente une version MIDI du &quot;Boléro&quot; de Ravel, ajoutant une ambiance opératique.
Ginga no Sannin (Japan)	Portage officiel de &quot;The Earth Fighter Rayiezax,&quot; initialement publié sur NEC PC-8801. En l'an 2300, l'humanité a créé un gouvernement fédéral terrestre et a commencé à coloniser les planètes environnantes. Cependant, une espèce extraterrestre venue des confins de l'espace a commencé à attaquer les forces humaines, mettant en péril la survie de la race humaine. Alors que la chute de la Terre semblait inévitable face à la puissance écrasante de l'ennemi, le commandant des forces terrestres a ordonné à toutes les unités dispersées sur les planètes colonisées de revenir sur Terre. Le joueur incarne un jeune soldat stationné avec l'unité Rayieza sur la planète Mars. L'aventure commence alors qu'il entreprend de retourner sur Terre avec les autres membres de son unité.
Goal! (USA)	Goal est un jeu de football sur Nes. Le soft propose 4 modes : Coupe du monde, Compétition de tir, Tournoi, et Mode deux joueurs. Les deux derniers modes permettent au deuxième joueur d'intégrer l'équipe du premier joueur ou, au contraire, de contrôler l'adversaire. La caméra est aérienne et offre la possibilité de voir d'assez nombreux footballeurs simultanément.
Goal! Two (USA)	Goal Two est une simulation de football sur Nes. Au menu : 24 équipes internationales, 3 modes de jeu dont un mode 2 joueurs et le championnat pour la Super Coupe. Les joueurs bénéficient de nombreux mouvements réalistes. Enfin, le jeu permet de paramétrer des tactiques défensives à l'équipe dans sa globalité. A vous de jouer !
Godzilla - Monster of Monsters! (USA)	Godzilla sur Nes est un jeu d'action à défilement horizontal. Les aliens débarquent de la planète X, c'est donc à nos amis Godzilla et Mothra de sauver les pauvres Terriens de la menace extraterrestre. Parcourez les différents environnements armé de vos griffes et du souffle dévastateur du reptile.
Godzilla 2 - War of the Monsters (USA)	Godzilla 2 est un jeu d'un style complètement différent du premier jeu Godzilla sur Nes, vous incarnez ici les forces militaires japonaises qui se battent contre Godzillaet la tâche ne sera pas facile ... En fait, vos attaques contre Godzilla ne lui font aucun mal. La stratégie devient alors essentielle dans ce jeu car vous devez positionner des forces dans des points stratégiques pour éloigner Godzilla des bâtiments importants et le diriger vers d'autres zones pour éviter qu'il ne détruise la ville.
Golf '92, The (Japan)	Le Golf '92 est un jeu vidéo d'ordinateur familial qui implique le golf avec des pros de golf japonais populaires. Il y a trois niveaux de difficulté et le jeu est presque entièrement en japonais. Il y a aussi trois modes: le classement (semblable aux événements majeurs de la PGA), le tournoi (en utilisant un format trouvé dans la plupart des séries éliminatoires sportives) et le jeu en stroke play. Les joueurs ont une foule pour jouer leur ronde de golf en face de. Dans les niveaux de difficulté les plus difficiles, les joueurs sont confrontés à des niveaux de vent proches de ceux d'un ouragan alors que le vent stagne presque dans le niveau de difficulté le plus facile [3]. L'un des inconvénients du jeu est que le joueur doit déterminer l'angle de son vol séparément de la force de leur swing et du type de club de golf qu'ils utiliseront.
Golf (USA, Asia) (En)	Golf sur Nes est un jeu de sport dans lequel 18 parcours sont proposés. Vous pouvez choisir votre joueur et son club pour participer à des parties en solo ou en multi jusqu'à 2 joueurs.
Golf Club - Birdy Rush (Japan)	Golf Club: Birdie Rush est un jeu de golf développé par Data East et publié pour le Famicom vers la fin de 1987. Il utilise une vue plongeante tout au long du jeu. Il dispose de 18 trous et permet aux joueurs de jouer dans un jeu de stroke, ou un tournoi, et permet aux joueurs de jouer seul, ou tête à tête. Il a été seulement sorti au Japon, et il a été suivi d'une suite pour le Super Famicom appelé Super Birdie Rush en 1992.
Golf Grand Slam (USA)	Golf Grand Slam sur Nes est un jeu de golf qui a pour but d'apporter des connaissances théoriques et pratiques aux joueurs. De nombreux conseils sont dispensés dans les deux modes d'Entraînement et le jeu prend en compte de nombreux paramètres : type de terrain, conditions climatiques, etc. Une fois préparé, grimpez les rangs du Golf Grand Slam Top 30, le tournoi du jeu.
Golfkko Open (Japan)	Un très beau simulateur de golf avec des effets 3D. Il dispose d'un système de visée et de rotation détaillé, bien qu'un nombre limité de cours, mais nécessite de faire défiler de nombreux écrans de texte japonais.
Golgo 13 - Top Secret Episode (USA)	Golgo 13 : Top Secret Episode sur Nes est un jeu d'action tiré du populaire manga japonais. Incarnez Golgo, un assassin désireux d'éliminer le leader du groupe Drek. Le jeu alterne des séquences de beat'em all traditionnels en scrolling horizontal et des phases de tir à la première personne.
Gomoku Narabe Renju (Japan)	Dans Gomoku Narabe Renju, les joueurs tentent à tour de rôle de connecter 5 de leurs pièces dans une ligne droite ou diagonale sans être bloqués par leur adversaire. Chaque partie gagnée donne au joueur un point. Le joueur avec le plus de points après un nombre déterminé de parties remporte le jeu global. Le jeu propose trois modes de difficulté. Dans la difficulté la plus difficile, le joueur doit gagner la partie avant qu'un compte à rebours ne soit décompté.
Goonies (Japan) (En)	Les Goonies est basé sur le film du même nom datant de 1985. Un groupe de jeunes tente de retrouver le trésor perdu de Willie le Borgne pour empêcher la saisie de leurs maisons. Malheureusement, le trésor est enterré sous la cachette de l'infâme gang Fratelli, une famille de criminels impitoyables qui fuient la loi. Vous incarnez Mikey, un asthmatique, qui doit trouver le trésor et sauver les autres Goonies avant que le temps ne soit écoulé. nnLe jeu se compose de six niveaux. Dans chaque niveau, vous devez collecter trois clés pour passer à la zone suivante. Vous pouvez les trouver en faisant sauter des portes avec des bombes lancées par des ennemis. Derrière les portes se cachent également des bonus et d'autres Goonies à sauver. Des ennemis tels que des rats, des squelettes et même des membres du Fratelli Gang tentent de vous arrêter.
Goonies II, The (USA)	The Goonies II est un jeu de plates-formes/action sur Nes. Le titre s'inspire du film éponyme, sorti en 1985 sur les écrans. Vous incarnez un jeune membre du gang des Goonies et vous partez sauver vos amis. De nombreux ennemis vous mettront des bâtons dans les roues, et il faudra que vous les éliminiez en leur assenant des coups de pieds ou des coups de pistolet neutralisant. Tout au long de l'aventure vous récolterez bombes et autres bonus.
Gorby no Pipeline Daisakusen (Japan) (En)	Gorby's Pipeline est une variation sur le jeu Tetris classique, avec des éléments de Pipe Dream / Pipe Mania et son jeu bonus. Alors que dans le jeu Tetris classique, vous devrez assembler les pièces géométriques en chute libre pour faire disparaître une rangée dans le Pipeline de Gorby, les formes géométriques sont remplacées par des pièces qui contiennent différentes formes et formes de pipelines. Le jeu commence avec une fuite d'eau en bas à droite de l'écran et vous avez pour objectif de rassembler les différentes pièces du pipeline de telle sorte que l'eau coule du bas vers la droite et disparaisse dans l'un des pipelines du côté gauche de l'écran. Si vous réussissez, une rangée disparaîtra.
Gorilla Man, The (Japan)	The Gorilla Man est un jeu de plateau pour la NES/Famicom, basé sur une série de mangas. Gorilla Man est le surnom d'un garçon nommé Ikedo Sadaharu, un lycéen qui ressemble beaucoup à un gorille. Le jeu met en scène plusieurs personnages de la série, y compris d'autres élèves et professeurs du lycée. Vous ne jouez pas en tant que Gorilla Man, mais il fait des apparitions fréquentes pour vous aider ou vous nuire.
Gotcha! - The Sport! (USA)	Gotcha! est un jeu NES basé sur le &quot;sport&quot; du paintball qui nécessite l'utilisation du NES Zapper. Vous devez traverser trois zones de combat différentes, attraper le drapeau des équipes adverses de l'autre côté du terrain, et revenir à votre drapeau sans vous faire tirer dessus.
Gozonji - Yaji Kita Chin Douchuu (Japan)	Un jeu qui, en termes de gameplay, s'apparente à une aventure textuelle. L'écran de jeu est divisé en deux parties. La partie supérieure est la partie graphique, où l'on voit tout ce qui se passe autour de soi, et la partie inférieure est la partie dialogue, où l'on voit non seulement des textes, mais aussi le visage des personnes qui les prononcent. Le jeu est très difficile à comprendre, car il est entièrement en japonais, et une traduction en anglais n'est pas prévue dans un avenir proche.
Gradius (USA)	Gradius sur Nes est un shoot dans lequel vous dirigez un vaisseau suréquipé, dernier rempart de sa planète. L'engin est armé de missiles sol-air, d'un canon double laser, et protégé par un champ de force qui vous permet également de vous téléporter. Traversez les niveaux jusqu'à atteindre le coeur du bastion ennemi pour un affrontement épique.
Gradius II (Japan) (En)	Gradius II est un shoot'em up sur NES. Le joueur est aux commandes du légendaire Vic Viper, un vaisseau spatial qui lutte contre la flotte de l'Empire Bacterion, menée par un certain Gofer. Un total de neuf niveaux accompagné de musique frénétique constitue cette grande aventure de l'espace.
Grand Master (Japan)	Grand Master est un RPG d'action, avec une intro cool, de la musique soignée, et surtout: un héros avec une épée si haut que vous ne pouvez pas la franchir, si bas que vous ne pouvez pas passer dessous, et si large que vous pouvez Ne pas le contourner. Le jeu lui-même joue dans une perspective descendante, un peu comme The Legend of Zelda, mais avec des éléments RPG supplémentaires ajoutés. Il dispose d'un système de leveling de base qui atteint 10 et des stats de base HP et MP qui augmentent de 10 niveau jusqu'à 99. Les étapes sont également dans la même veine que The Legend of Zelda en ce qui concerne les donjons, mais dans une forme beaucoup plus simple. Au lieu d'un surmonde, vous choisissez à la place de cinq étapes sur une carte du monde et chaque étape suit la même formule de base qui consiste à trouver la clé pour ouvrir la porte au boss. Chaque étape contient plusieurs ennemis qui réapparaissent, le point de chaîne occasionnel, et une poignée de coffres qui contiennent une nouvelle arme, un accessoire et des objets de guérison. La dernière étape suit également le même schéma, mais il y a environ cinq étapes combinées en une et les frontières sur la torture / redondance avec une série de labyrinthes et de longs passages qui prennent pour toujours à passer. Il est en désaccord avec les cinq premières étapes. Le jeu utilise un système de chemin de branchement basé sur l'ordre dans lequel vous désactivez toutes les étapes. Si certains événements ne sont pas déclenchés, vous obtiendrez une mauvaise fin. L'ordre optimal est le suivant: Château, Temple de Glace, Grotte, Pyramide, Tour. Si vous entrez dans la tour avant le niveau de la grotte, vous devreznnobtenir la mauvaise fin.Si vous entrez dans la pyramide avant le niveau de la grotte, vous obtiendrez une autre branche de l'histoire.
Great Battle Cyber (Japan)	Great Battle Cyber est un jeu d'action basé sur l'univers de SD Gundam. Le roster jouable comprend Kamen Rider Black, Victory Gundam, et Ultraman Taro. Les différences entre les personnages ne sont pas aussi marquées qu'on pourrait le penser : Kamen Rider, malgré ses combats à mains nues, a en fait la plus grande portée. L'attaque à l'épée du Victory Gundam décrit un arc, ce qui lui permet de dévier les attaques aériennes et de toucher les ennemis volants depuis le sol. Quant à Ultraman... il n'a rien de vraiment unique. Il occupe un terrain intermédiaire entre les autres, mais cela le rend moins intéressant à utiliser.
Great Deal (Japan) (En)	Great Deal combine un jeu de cartes et Tetris. Vous devez disposer d'un paquet de 52 cartes (avec joker) dans une grille de 5x5. Vous obtenez un bonus à la fin du tour si, toutes les cartes sont effacées et vous perdez des points pour chaque carte non effacée. Vous bénéficiez également d'un bonus pour le temps restant. Arriverez-vous au bout de chaque niveau avec les deux minutes que le jeu vous accorde par niveau ? C'est un concept innovant parmi les premiers jeux Tetris, et compte tenu de la complexité potentielle du jeu, échangeant du temps contre des points, vous offriras un peu de soulagement. Une bonne affaire vous donne des points pour 3 couleurs d'affilée, ou n'importe quelle ligne droite, ou 3 d'une sorte d'affilée ou en diagonale. Vous obtenez encore plus de points avec des combinaisons de 4 ou 5.
Great Waldo Search, The (USA)	The Great Waldo Search est un jeu d'observation sur NES. Le titre s'inspire de la célèbre série de bande dessinée Où est Charlie ?. Le but est de retrouver Charlie, l'homme à lunettes et au pull bariolé, ainsi que son chien ou le mage. Pour ce faire, vous baladez une loupe sur l'écran et cliquez sur l'endroit où vous pensez avoir trouvé Charlie.
Greg Norman's Golf Power (USA)	Ce jeu de golf vous proposera des terrains de golf pré-conçus dans des endroits tels que les États-Unis, le Japon, l'Angleterre, l'Ecosse, l'Allemagne, l'Espagne, la France, l'Australie et Hawaii mais le joueur a également la possibilité de concevoir son propre terrain de golf. Le jeu dispose des conditions météorologiques variables comme des averses, du vent et du soleil, il propose également trois niveaux de difficulté: novice, amateur et professionnel ainsi qu'un mode entrainement.
Gremlins 2 - The New Batch (USA)	Gremlins 2 : The New Batch est un jeu de plates-formes/action sur Nes. Incarnez le célèbre Gizmo qui doit rejoindre le Centre de contrôle des Gremlins afin de tous les éliminer. Ce jeu se déroule en plusieurs tableaux dans lesquels il faut se frayer un passage en évitant et en affrontant les obstacles par le biais de bonus (un arc par exemple).
Guardian Legend, The (USA)	Alyssa est une jeune femme androïde gardienne de la Terre qui a la capacité de se transformer en vaisseau spatial. Elle est envoyée sur Naju afin d'empêcher la planète d'entrer en collision avec la Terre. Après un premier combat contre un système de défense, l'héroïne se pose enfin. En arrivant sur Naju, elle découvre un message d'un habitant enregistré sur un ordinateur. Le message explique qu'il faut lancer le système d'auto-destruction pour annihiler la planète et les extra-terrestres qui l'ont envahie en même temps. Pour cela, il faut détruire les 10 systèmes de sécurité qui permettent de lancer la procédure. Alyssa parcourt alors la planète sur terre et dans les airs pour vaincre tous les extra-terrestres. Après un ultime combat contre leur chef suprême, elle déclenche l'auto-destruction et sauve la Terre de sa fin tragique.
Guerrilla War (USA)	Une île tropicale est opprimée par un dictateur, mais heureusement un ou deux braves soldats américains sont là pour rétablir la justice. Marchez à travers les rivières, les marais et les forêts pour renverser le dictateur. Le jeu se déroule verticalement et vous vous déplacez vers le haut de l'écran en tirant sur les ennemis, en trouvant de bons points de tir stratégiques et en collectant des bonus. Comme les soldats ennemis viennent vers vous en groupes, vous devez faire preuve de prudence lorsque vous les éliminez, que ce soit à l'aide de votre arme ou de grenades. Certains soldats transportent également des otages, vous gagnerez des points si vous ne les abattez pas et que vous tirez sur leurs ravisseurs. Chaque niveau se termine par un boss.
Gumshoe (USA, Europe)	Un jeu captivant qui se jouait avec le fusil a rayon de la NES. Il s'agit de l'histoire d'un homme dont la vie a ete enlevee et celui ci essaie de la retrouver a travers des niveaus totalement dejantes. Un jeu vraiment pas evident a la fin mais tres bon dommage que les graphismes ne soit pas au top.
Gun Nac (USA)	Le système solaire IOTA Synthética est l'endroit le plus branché de l'univers. Ce système, très éloigné de la Terre, fait partie d'une fédération d'étoiles artificielles sur lesquelles se côtoie des habitants vivant dans le plus pur bonheur. Mais un champ d'énergie vient d'engloutir le système et des événements surprenants se déroulent: les objets prennent vie, les animaux domestiques sont désormais d'une taille impressionnante, et tout ce petit monde attaque les habitants. Bien entendu il n'y a qu'une seule personne dans l'univers qui soit capable de remédier à cette situation...
Gun.Smoke (USA)	Gun.Smoke est un jeu d'action sur Nes. Vous devez parcourir les différents niveaux en tuant un maximum d'ennemis, le but étant d'avoir le meilleur score possible.
Gunhed - Aratanaru Tatakai (Japan)	Gunhed: The New Battle è un gioco di strategia basato sul manga di Kia Asamiya e sull'omonimo film live-action. Il gioco è ambientato su un'isola che è stata rilevata da un supercomputer completamente autonomo chiamato &quot;Kyron&quot;. Attirati dalla prospettiva di una risorsa energetica situata sull'isola, gareggi contro forze in competizione per sconfiggere il computer e proteggere questa &quot;super-energia&quot;.
Gyrodine (Japan) (En)	Gyrodine sur Nes est un shoot'em up dans lequel vous pilotez un hélicoptère dans le but d'éliminer le plus d'ennemis possible. Vous devez affronter des tanks, des avions de chasse et divers soldats en survolant des paysages différents.
Gyromite (World)	Gyromite sur Nes est un jeu d'action dans lequel vous devez aider un savant fou à désactiver toutes les bombes de son laboratoire avant la fin du temps imparti. Le titre est spécialement conçu pour être joué en partenariat avec ROB, le robot de la console NES. Celui-ci doit vous aider à ouvrir ou fermer des portes. Encore faut-il que vous parveniez à lui donner les bonnes commandes à temps.
Gyruss (USA)	Gyruss sur Nes est un shoot'em up spatial qui propose une innovation dans le genre : le défilement circulaire. Les vaisseaux ennemis apparaissent au centre de l'écran et se positionnent en cercles concentriques. Le joueur navigue de planète en planète pour finalement arriver sur Terre. De nombreux bonus parsèment les niveaux pour vous aider à éliminer la vermine de l'espace.
Haja no Fuuin (Japan)	Le sceau du Seigneur des Ténèbres Terarin a été brisé et Terarin a de nouveau été relâché dans le monde. Elle a volé le sceau d'or et ouvert la boîte de pandore, libérant des créatures diaboliques dans le monde. Un jeune héros est chargé par le roi pour arrêter Terarin. Il doit marcher sur les traces de Iason, un berger qui, une fois, a lâché accidentellement Terarin et s'est battu pour sceller à nouveau le Seigneur des Ténèbres. Le héros doit demander l'aide de trois compagnons, Guy le guerrier, Medi l'amazone et Treo le pirate (appelé Turo dans le manuel) et trouver les trois clés du repaire de Terarin. Pour faire face au Seigneur des Ténèbres, ils doivent trouver les armes et l'armure mystiques d'autrefois, puis vaincre Terarin et sceller le Seigneur des Ténèbres du monde.
Hammerin' Harry (Europe)	Hammerin' Harry est un beat'em all sur Nes qui se déroule dans la petite ville de Carpentersville, où quelques ouvriers appelés The Rusty Nailers se sont mis en tête de raser la maison appartenant à Harry. Très mécontent, ce dernier décide de tabasser tous les ouvriers de la ville...
Hana no Star Kaidou (Japan) (En)	Hana no Star Kaidou (qui peut être traduit librement par &quot;Blossoming Star Highway&quot;) est un jeu d'action pour la Famicom qui a été développé et publié par Victor Musical Industries en 1987. Il s'agit de deux musiciens qui rêvent d'obtenir un contrat d'enregistrement. grandes étoiles. Le joueur doit contrôler à la fois Moero et Goro sur l'écran en même temps. Ils courent, sautent et attaquent simultanément. Chacun a son propre compte de vie, et le jeu est terminé dès que l'un d'eux perd toute sa vie. En raison des contrôles unituitifs, et des mécanismes de jeu impitoyables, ce jeu est considéré comme assez difficile et généralement pas amusant à jouer.
Hanjuku Hero (Japan)	Hanjuku Hero est un jeu de rôle de stratégie en temps réel. Un roi a utilisé le pouvoir d'un œuf mystérieux pour unifier le continent. Cependant, après sont décès, les pays soumis à son gouvernement se sont rebellés.
Happily Ever After starring Snow White (USA) (Proto)	Le conte classique est de retour ... avec tout nouvel enchantement et une nouvelle tournure !!! Le prince bien-aimé de Blanche-Neige a été capturé par le diabolique Lord Maliss, le méchant frère de la toute aussi mauvaise belle-mère de Blanche-Neige, la méchante reine. Aider Blanche-Neige à sauver le prince avec les sept nains magiques, les cousines des sept nains originaux. Guidez Blanche Neige le long de son périlleux voyage à travers le royaume sinistre du Seigneur Maliss pour sauver le prince comme il l'a une fois sauvée. Le changement est fair-play ... et le jeu amusant !!! Basé sur le long métrage à succès &quot;Happily Ever After&quot;. Prototype de ROM inédit publié en ligne par Nintendo Player
Harlem Globetrotters (USA)	Harlem Globetrotters est un jeu de basket-ball sur Nes dans lequel vous pouvez jouer l'équipe des Harlem Globetrotters, ou bien celle des Generals, leurs rivaux. Au cours du jeu, paramétrable à souhait, l'équipe des Harlem Globetrotters a accès à quelques coups spéciaux, allant de la passe derrière le dos jusqu'au baissage de pantalon de l'arbitre !
Hatris (USA)	Un jeu dans lequel il faut empiler des chapeaux similaires sur les gens. C'est certes original mais c'est tres (trop) moyen pour être interessant.
Hayauchi Super Igo (Japan)	Il est basé sur le jeu de société connu sous le nom de Go. Le jeu comporte trois modes. Honinbo Battle est pour les joueurs standards, où les joueurs commencent au rang le plus bas et progressent jusqu'au rang de champion. Le jeu de rangs est destiné aux joueurs débutants, qui commencent au rang intermédiaire et montent et descendent en fonction de leurs performances. Le mode Dojo est un mode personnalisé qui vous permet d'adapter de nombreux aspects du jeu, notamment la taille de la grille, le nombre de joueurs, qui commence et s'il y a un handicap.
Heavy Barrel (USA)	Heavy Barrel est un jeu d'action sur Nes, dans lequel votre mission est d'infiltrer les sous-sols du complexe d'un missile nucléaire, car de dangereux terroristes en ont pris le contrôle. Pour empêcher l'utilisation de ce missile, il vous faut le Heavy Barrel, une arme expérimentale, composée de cinq morceaux qui ont été éparpillés et cachés dans la base.
Heavy Shreddin' (USA)	Heavy Shreddin sur Nes est un jeu de snowboard. Dévalez les pentes enneigées en veillant à ne pas vous ramasser un arbre ou autres obstacles encombrants ! Le jeu se compose d'un total de 18 pistes. Soyez le plus rapide et remportez la coupe du monde.
Heisei Tensai Bakabon (Japan)	Heisei Tensai Bakabon est un jeu d'action développé et publié par Namco, sorti au Japon en 1991. Le génie Bakabon est basé sur l'anime et le manga &quot;Heisei Tensai Bakabon&quot;. Le jeu est un jeu de plateforme ressemblant vaguement à Prince of Persia. Vous vous déplacez prudemment pour éviter les dangers, en prenant soin de ne pas faire de grosses chutes. Chaque monde du jeu comprend quatre niveaux, plus un tour de boss de style mini-jeu
Hello Kitty no Ohanabatake (Japan)	Hello Kitty no Ohanabatake est un jeu de plateforme sorti au Japon sur la Nintendo NES. Vous incarnez le sanguinaire chat Hello Kitty à qui il incombe la lourde tâche d'arroser des pots de fleurs, dans le but de faire germer les plantes. Contre vous se dresseront moult abeilles, escargots et ballons pour tenter de vous faire échouer votre mission périlleuse. Mais par bonheur si vous réussissez à faire fleurir toutes les plantes d'un niveau, les papillons, écureuils et autres escargots exploseront en formant une gerbe d?étoile et de paillette scintillant dans les airs. (attention néanmoins à l'extrême violence du jeu lorsque Hello Kitty assène des petits coups de maillet sur ses adversaires pour les immobiliser)
Hello Kitty World (Japan)	Hello Kitty World est un jeu de plate-forme sorti sur la console de salon Nintendo 8 bits. Hello Kitty et ces ami : Tippy et Mimi s'amusaient tranquillement avec des ballons, lorsqu'une ravale de vent emporta au loin l'ours Tippy qui c'était accroché bien trop de ballon à la ceinture. Une seule solution s'offre donc à Hello Kitty... s'harnacher de ballon et voler à son secours. Vous devrez donc contrôler le célèbre chat tout mignon, accroché à deux ballons et tenté d'éviter de vous les faire percer par les ennemis évoluant dans les airs autour de vous. Vous aurez la possibilité de vous défaire des ballons pour évoluer sur le plancher des vaches. Une fois au sol quelques pressions sur la flèche du bas vous permettrons de regonfler les ballons pour reprendre la voie des airs.
Heracles no Eikou - Toujin Makyou Den (Japan)	Dans ce jeu, vous jouez le rôle d'Héraclès (ou Hercule, en prononciation latine), le célèbre héros grec légendaire. À partir d'Athènes et errant dans toute la Grèce antique (et même la terre mythique des morts), vous devrez combattre de nombreux monstres, y compris des personnages populaires de la mythologie grecque comme Talos ou Hadès, et prouver votre gloire. Le jeu est très similaire à la série Dragon Warrior: vous affrontez des ennemis aléatoires dans des batailles au tour par tour, récoltez de l'expérience et de l'argent, et dans les villes parlez aux gens et achetez des armes, des armures et des objets. Il n'y a pas de carte du monde dans le jeu, mais un emplacement continu complet avec des villes et des zones de donjon.
Heracles no Eikou II - Titan no Metsubou (Japan)	The Glory of Heracles: Titan's Downfall (ou Herakles no Eikou II) est la suite d'un jeu qui s'est fortement inspiré de Dragon Quest, utilisant la même interface, la même façon de combattre. L'originalité de ce soft réside dans le background, puisqu'il fait référence à la mythologie grecque. Jamais sorti en dehors du Japon, ce volet à eu la chance de se voir doté d'une traduction anglaise faite par des fans. C'est cette version que vous tenez entre les mains.
HeroQuest (USA) (Proto)	L'adaptation machine d'un jeu de rôle plateau. En 3d isométrique, reprenant assez bien l'esprit du jeu plateau mais aux graphismes assez laids.
Hi no Tori - Houou Hen - Gaou no Bouken (Japan)	Hi No Tori est un jeu de plates-formes sur Nes. Votre but est d'évoluer à travers tous les niveaux de gauche à droite. Vous pouvez tirer sur vos ennemis, qui se transforment alors en cubes, que vous pourrez ramasser et placer à tout moment devant vous pour grimper dessus, faire des escaliers, passer au-dessus d'ennemis, vous rattraper en chute libre, etc.
Higemaru - Makai-jima - Nanatsu no Shima Daibouken (Japan)	Higemaru Makaijima (Makaijima Nanatsu no Shima Daibouken, litérallement : Hell Island: La Grande Aventure des 7 Iles) est un jeu d'action-aventure développé pour l'ordinateur familial Famicom et MSX, et sorti par Capcom en 1987. Il est la suite d'un jeu d'arcade de 1984 développé par Capcom connu sous le nom Pirate Ship Higemaru. Ni le jeu d'arcade, ni cette adaptation d'aventure n'ont été diffusés en dehors du Japon, bien qu'un prototype existe pour une sortie nord-américaine sur NES annulée, où elle devait être rebaptisée &quot;Île Makai&quot;. Dans Higemaru Makaijima, le héros du navire pirate Higemaru nommé Momotaru doit maintenant piloter son propre bateau à voile autour de l'océan entourant sept îles. Son but est de trouver le plus grand trésor. Pour ce faire, il doit collecter les clés qui ouvrent les portes de quai à chacune des îles en envahissant plusieurs navires pirates et en battant le capitaine à bord au combat. Le gameplay de ces navires pirates est pris directement du prédécesseur d'arcade, avec quelques petites modifications. Une fois que Momotaru a récupéré une clé d'un bateau pirate, il doit alors naviguer autour des îles à la recherche de la bonne porte de quai à laquelle la clé correspond. Une fois là, le joueur se lance dans une exploration de l'île pour trouver des objets, vaincre un boss et collecter des trésors avant de partir à la recherche d'une autre clé de l'île. Les sections d'exploration de l'île rappellent fortement les aspects d'exploration de donjon de The Legend of Zelda, à laquelle le jeu est souvent comparé.
High Speed (USA)	High Speed est un jeu de flipper sur Nes reprenant la vraie table du même nom créée par Williams Electronics. La table et les commandes sont conservées, mais le jeu rajoute quelques éléments tels qu'une bombe à éclairs, un hélicoptère magnétique, des morceaux de rouille, et toute une variété d'autres ennemis.
Hikari no Senshi Foton - The Ultimate Game on Planet Earth (Japan)	Dans le jeu vidéo, vous jouez un soldat qui doit naviguer à travers plusieurs étages d'un donjon contenant des objets et des pièges. Le joueur doit comprendre comment manoeuvrer à travers le donjon dans le but de collecter divers objets qui augmenteront sa capacité de recherche, et trouver divers disques qui contiennent des indices et des messages pour aider davantage le joueur. Le jeu est joué à partir d'une perspective de la troisième personne derrière l'épaule et contient des visuels pseudo-3D.
Hirake! Ponkikki (Japan)	Hirake Ponkikki propose une variété de jeux agaçants qui, s'ils étaient bien pensés, auraient pu être amusants comme Mario Party. Développé par Minato Giken et publié par Takara, qui a été publié au Japon en 1992.
Hiryuu no Ken II - Dragon no Tsubasa (Japan)	Les soldats Tusk menacent encore la paix et la stabilité, et le monde a besoin de la puissance du Flaying Dragon et de Ryuhi pour les vaincre.
Hiryuu no Ken III - 5 Nin no Dragon (Japan)	Ce jeu se concentre sur cinq guerriers qui se lancent dans une quête pour vaincre une force perverse. Le système de combat dans les jeux Hiryu no Ken est unique dans la mesure où il implique de attaquer / défendre des cibles sur votre ennemi ou sur vous-même, et qu'il s'agit du seul moyen de mener bon nombre de batailles.
Hiryuu no Ken Special - Fighting Wars (Japan)	Hiryu no Ken Special: Fighting Wars est un jeu de combat mixte pour la Famicom. Il se concentre sur les combats à la manière de tournois, avec des personnages issus d'une grande variété de domaines techniques. Cela vous donne la possibilité de choisir le style de combat que vous préférez ou que vous trouvez intéressant. La superstar de la lutte japonaise Jushin Thunder Liger apparaît en tant que personnage invité.
Hissatsu Doujou Yaburi (Japan)	Hissatsu Doujou Yaburi est un RPG est un beat-'em-up qui vous présente comme un artiste martial novice qui entreprend de parcourir l'ancienne campagne chinoise afin de perfectionner ses compétences et gagner la gloire et la fortune. À partir de votre village, vous devez explorer votre environnement en marchant et en sautant à travers le pays de manière simple à défilement latéral, c'est-à-dire jusqu'à ce que vous rencontriez un ennemi (collègues artistes martiaux, bandits, goules, etc.) et entrez en mode combat, ce qui vous permet de déclencher des attaques en fonction de votre niveau de compétence pour essayer de vaincre votre adversaire (toujours en utilisant le moteur de défilement latéral 2D).
Hissatsu Shigoto Nin (Japan)	Hissatsu Shigotonin (1990) est un jeu Famicom inspiré d'une série télévisée japonaise populaire. Situé dans un Japon féodal alternatif, le jeu suit Nakamura Mondo, un policier corrompu qui forme un groupe de personnes injustement traitées pour résoudre des mystères et éliminer des cibles. Le gameplay est découpé en épisodes, reflétant le format de la série, avec des intrigues et des assassinats parfois humoristiques. Le jeu combine éléments de détective et de meurtre, dans une ambiance qui rappelle les drames historiques avec une touche de comédie.
Hit the Ice (USA) (Proto 2)	Ce jeu de hockey radical vous oppose vous et votre équipe contre certains des patineurs les plus coriaces qui aient jamais fait un trou dans la glace! La victoire va à l'équipe qui botte, frappe, et envoie son adversaire dans la neige fondue. Les règles de hockey standard s'appliquent, plus quelques surprises pour remuer les choses. Alors enfilez vos patins et attachez votre masque - le hockey est sur le point de se déchaîner!
Hogan's Alley (World)	Hogan's Alley est un jeu de tir sorti en 1984 sur NES et nécessitant le NES Zapper. Le titre du jeu est issu du surnom d'un terrain d'entraînement de la ?NRA (National Rifle Association). Le jeu se joue seul et le joueur incarne un policier s'entraînant dans un stand de tir. Il tire sur des cibles en carton et il doit neutraliser les cibles hostiles tout en prenant garde aux civiles. Il y a trois modes de jeu : Le premier présente trois panneaux qui se retournent rapidement dans lesquels se trouvent un ou deux bandits et des gentils. Le second se déroule dans une ville où sont mélangés bandits et méchants, après avoir nettoyé l'écran des vilains, le joueur passe à une autre région. Le troisième est un jeu de jonglage avec des cannettes vides.
Hokkaidou Rensa Satsujin - Okhotsk ni Kiyu (Japan)	Vous incarnez à nouveau un inspecteur de la police de Tokyo chargé d'élucider un meurtre mystérieux. Cette fois, votre enquête initiale sur un cadavre retrouvé flottant dans la baie de Tokyo vous conduit rapidement à suivre la piste d'indices jusqu'à Hokkaido. Là-bas, avec l'aide de l'officier de police local Shunsuke &quot;Shun&quot; Saruwatari, vous visiterez de nombreuses attractions touristiques populaires et réelles tout en essayant de découvrir la vérité derrière une série de meurtres de plus en plus importante. Tout en conservant le même format d'aventure à la première personne, ce jeu abandonne l'interface orientée &quot;parser texte&quot; utilisée dans les versions précédentes du titre précédent, et introduit à la place le système de menus qui allait devenir typique des jeux d'aventure japonais. Le joueur choisit parmi un certain nombre de commandes simples pour trouver de nouvelles preuves et faire avancer l'intrigue.
Hokuto no Ken (Japan)	&quot; Ken !! Ken !! Survivant de l'enfer !! Ken !! Ken !! Dans le chaos des esprits !!! &quot; Voilà ! Les jeux sont rares, mais voilà une adaptation du fameux &quot; Ken le survivant &quot; en jeux-vidéos, le jeu est assez bien adapté pour une NES car quand donne un coup, on peut entendre un tit bip qui fait &quot; yah &quot; qui nous rappel les fameux cris du héors de la série. Le ptit côté pas mal aussi, est que quand on tue un méchant,comme dans le manga, son coprs explose!! Bien sur je prefere largement ma version Playstation mais celui la est quand même à télécharger!
Hokuto no Ken 3 - Shin Seiki Souzou Seiken Retsuden (Japan)	Ce jeu de rôle est basé sur la série animée Hokuto no Ken, a.k.a Fist of the North Star. En 1999, une attaque démoniaque a dévasté la population humaine. Pour reconstruire le monde en ruines et survivre dans une lutte contre les seigneurs démons et leurs serviteurs, l'humanité a besoin du pouvoir de l'étoile du Nord. Vous prenez le contrôle de Kenshirou, le héros de la série, et de ses amis, dans une quête pour sauver l'humanité et vaincre le mal. Kenshirou et ses amis affronteront divers ennemis qu'ils devront vaincre lors de batailles à tour de rôle. L'écran de combat affiche les deux parties sous forme d'images de style animé. Dans les combats de boss, Kenshirou devra vaincre ses adversaires un à un.
Hokuto no Ken 4 - Shichisei Haken Den - Hokuto Shinken no Kanata e (Japan)	Ce RPG se déroule dans l'univers de la série animée Hokuto no Ken, connue en dehors du Japon sous le nom de Poing de l'étoile du Nord. Vous, le jeune héros sans nom, retournez dans votre village natal après une absence prolongée, pour découvrir qu'un mal mystérieux l'a envahi et que tout le monde a besoin de son aide. Il décide d'enquêter sur la question et entame un dangereux voyage, au cours duquel il fait équipe avec certains des personnages de la série animée. Le gameplay est assez similaire à celui de Dragon Quest : vous interagissez avec des choses et des gens en choisissant des commandes dans un menu, vous vous promenez sur la carte du monde et vous combattez des ennemis au hasard à la première personne. Les ennemis et les membres de votre équipe sont représentés sous forme d'images animées pendant les combats.
Hollywood Squares (USA)	L'académie des neuf ça vous dis quelque chose ? Bein voila !!! Maintenant vous ne pourrez plus dire que vous ne connaissez pas :-) Et pour les plus agés une petite cure de jouvence ca ne fais pas de mal ! A condition bien-sûr de possèder quelques notions d'anglais.
Holy Diver (Japan) (En)	Le jeu porte le même nom que le premier album de Dio et le personnage principal est une représentation du chanteur et leader de ce groupe Ronnie James Dio. Le jeu reprend des thèmes assez présent dans la musique de Dio, ainsi qu'une imagerie similaire au clip de Holy Diver. Aussi, à la fin du jeu, on peut voir qu'il y a d'autres références musicales, telles que King Crimson, Slayer, Emperor ou encore Zakk W. et Randy R. (Zakk Wylde et Randy Rhoads, ont été guitaristes pour Ozzy Osbourne.) Bien qu'Holy Diver a été développé par Irem, il ressemble beaucoup à un jeu Konami. Il est assez similaire à Castlevania et un des niveaux reprend des textures ressemblant à celles de Contra.
Home Alone (USA)	Home Alone sur NES, adapté du film &quot;Maman J'ai Râté l'Avion !&quot;, vous met dans la peau de Kevin McCallister, dont les parents sont partis en vacances en l'oubliant. Kevin se retrouve donc seul chez lui. Vous devez tendre des pièges dans et autour de la maison afin d'éviter que des cambrioleurs ne s'y introduisent.
Home Alone 2 - Lost in New York (USA)	Home Alone 2 : Lost in New York sur NES est un jeu de plates-formes issu du film &quot;Maman, J'ai Encore Râté l'Avion !&quot;. Aux commandes du petit mais néanmoins futé Kevin McAllister, votre objectif est d'échapper aux majordomes de l'hôtel dans lequel le garçon s'amuse illégalement. Les deux compères et malandrins Harry et Marv sont également de la partie pour se venger de l'enfant. Le jeu se déroule en défilement horizontal et vous devrez sauter au-dessus des obstacles pour progresser dans l'hôtel.
Honoo no Toukyuuji - Dodge Danpei (Japan)	Honoo no Doukyuuji: Dodge Danpei est un jeu de sport, développé et édité par SunSoft, qui a été publié au Japon en 1992. C'est un jeu sur le Dodgeball (ballon prisonnier), mais dans ce jeu vous avez différents pouvoirs et cartes pour le jeu, c'est un jeu amusant .
Honoo no Toukyuuji - Dodge Danpei 2 (Japan)	Dodge Danpei 2 est un jeu de sport sur console Nintendo NES. Deuxième volet de la série, les développeurs on rajouté quelque amélioration par rapport à son prédécesseur. Le premier opus uniquement jouable avec un système de carte est maintenu, mais on voit apparaître un mode de jeu contre un ami ou l'ordinateur de dodge ball réelle (ballon au prisonnier).
Honshougi - Naitou 9 Dan Shougi Hiden (Japan)	Ce jeu permet aux joueurs de jouer au jeu de plateau japonais Shogi. Shogi est un jeu qui se joue de la même manière que les échecs. À tour de rôle, les joueurs déplacent leurs pièces de manière stratégique dans le but principal de capturer les pièces de leurs adversaires.
Hook (USA)	PETER PAN a atteint l'âge mûr, loin de l'île de NULLEPART, mais son vieil ennemi, LE CAPITAINE CROCHET ne l'a jamais oublié et prépare sa vengeance. En kidnappant les enfants de Peter, il attire notre héro dans l'île des PIRATES et des &quot;GARÇONS PERDUS&quot; pour un affrontement ultime. Avec l'aide de CLOCHETTE, la fidèle fée, vous jouez le rôle de PETER dans une aventure magique pleine de dangers et de surprises.
Hoops (USA)	Hoops sur Nes est un jeu de basket qui se déroule sur une moitié de court, et qui vous propose d'effectuer des parties en 1 contre 1 ou en 2 contre 2.
Hoppin' Mad (USA) (Proto)	Le joueur contrôle quatre ballons rebondissants qui doivent se frayer un chemin à travers douze environnements allant du parc au désert et de la plage au monde sous-marin, en collectant jusqu'à dix ballons dans chacun d'entre eux. Chacun des ballons doit faire face à plusieurs dangers, en sautant par-dessus ou en les écrasant. La collision avec l'un d'entre eux fera éclater le ballon. Le joueur peut accélérer ou ralentir les ballons, ou contrôler leur hauteur, afin d'éviter ces dangers. Si les quatre ballons ont été percés, le joueur perd une vie. Une fois les dix ballons collectés, le joueur est transporté dans l'environnement suivant, et lorsqu'il a réussi à traverser les douze environnements, il est ramené dans le premier environnement.
Hoshi o Miru Hito (Japan)	Des hommes et des femmes ayant développé des pouvoirs psychiques ont longtemps vécu parmi les humains, en dissimulant leurs extraordinaires facultés – ou Extra Sensory Power (ESP). Mais la troisième guerre mondiale eut malheureusement lieu, et les mutants furent traqués comme des bêtes. À la fin du XXIème siècle, il ne reste que des cendres de notre civilisation. Minami, lui aussi doté de pouvoirs psychiques, tente de survivre tant bien que mal… Il se rendra rapidement compte qu'un super ordinateur, Crew-III, manipule les esprits des habitants des dernières grandes villes du monde.
Hototogisu (Japan)	Hototogisu se déroule durant la période Sengoku du Japon féodal, une époque historique similaire à celle de nombreux autres jeux de simulation de guerre japonais, comme Nobunaga's Ambition de Koei. Le jeu est nommé d'après le petit coucou, un oiseau originaire du Japon. L'objectif est de gérer les responsabilités d'un daimyo (seigneur féodal) en équilibrant l'expansion et le développement des territoires à travers la guerre et la diplomatie. En 2008, Sengoku Efuda Yuugi: Hototogisu Ran a suivi sur PSP, utilisant la structure de son prédécesseur Famicom tout en ajoutant un élément de jeu de cartes à collectionner à la stratégie.
Hottarman no Chitei Tanken (Japan)	Les joueurs peuvent déterrer la terre sous la surface, trouver les clés derrière les quatre portes, puis trouver la porte au niveau suivant. Le jeu le plus évident à comparer est Dig Dug, mais sans les rochers et avec divers dispositifs comme les portes de téléportation, la vitesse, la dynamite, et un costume humide. Il y a 15 niveaux dans le jeu entier; qui se répètent après la fin du 15ème niveau. La lave peut cracher dans une direction verticale vers le joueur et le tuer; il ne se réinitialise pas même après que les joueurs perdent une vie (mais il se réinitialise après une partie). Les mots de passe sont activés en appuyant sur une combinaison de boutons donnée sur l'écran du mot de passe. Plusieurs mots de passe donnent des codes de triche qui font certaines choses; comme désactiver la lave à tous les niveaux du jeu. Certains types de blocs valent des points différents une fois qu'ils sont déterrés; allant de la saleté commune aux blocs destructibles. Le jeu comporte une clause de mort instantanée où les joueurs meurent dans un coup simple. Les ennemis tués réapparaissent au même endroit où ils ont été tués la première fois.
Hudson Hawk (USA)	Hudson Hawk est un jeu d'action sur NES basé sur le film du même nom. Vous incarnez un voleur malicieux nommé Hudson Hawk. Vous avez pour mission de voler trois oeuvres d'art de Da Vinci. Mais attention ce ne sera pas si facile que cela, des gardes de sécurité et des chiens vous barrent la route !
Hunt for Red October, The (USA)	The Hunt for Red October est un jeu d'action sur NES inspiré par le roman de Tom Clancy A la Poursuite d'Octobre Rouge. Vous incarnez le capitaine Marko Ramius. Vous avez rendez-vous avec l'US Navy et vous devez détruire le navire Red October soviétique. Malheureusement, les Russes sont au courant et font tout pour vous stopper.
Hyakkiyagyou (Japan)	Hyakki Yagyou doit son nom au défilé nocturne des 100 démons du folklore japonais, lorsque plusieurs yôkai et autres démons japonais sortent de leur cachette pour une seule nuit afin de faire peur aux gens. Le jeu est par ailleurs un RPG 8 bits assez traditionnel, bien qu'il comporte des aspects inhabituels tels que pouvoir voir les ennemis tout en se promenant (par opposition aux rencontres aléatoires habituelles à l'époque) et un protagoniste adulte aux proportions régulières. Il n'existe pas non plus de carte du monde d'au-delà: les villes et la nature infestée de monstres sont directement liées.
Hyaku no Sekai no Monogatari - The Tales on a Watery Wilderness (Japan)	Ce titre de Famicom par ASK combine la mécanique d'un jeu de plateau sur table avec le style de combat et la progression de personnage d'un jeu de rôle pour créer un hybride intéressant. Un à deux joueurs peuvent se lancer dans une grande aventure pour explorer le royaume de Yukiria et accomplir des quêtes pour ses habitants, avec de multiples fins possibles!
Hydlide (USA)	Hydlide est un jeu de rôle sur Nes. Partez à l'aventure pour sauver le monde de Hydlide, en proie à une invasion de démons. Utilisez vos armes ou la magie pour venir à bout des monstres et pensez à dormir et à manger de temps en temps pour faire remonter votre énergie. Le jeu permet un système de sauvegarde et de chargement rapide, à condition de ne pas éteindre la console ! Cependant, des mots de passe permettent de reprendre l'aventure où elle s'est arrêtée.
Hydlide 3 - Yami kara no Houmonsha (Japan)	Après que le seigneur dragon maléfique Varalys a essayé d'enchanter la princesse Ann, il a été pensé pour être vaincu par un guerrier courageux. Mais le mal ne peut jamais être vaincu une fois pour toutes - une fois de plus, une malédiction est tombée sur la terre, et vous, un jeune garçon sans nom, êtes le seul qui peut le sauver. Équipé de votre épée magique, vous devez parcourir le pays d'Hydlide et vaincre le mal une fois de plus. C'est le deuxième jeu NES de la série Hydlide (&quot;Hydlide 2&quot; n'était disponible que pour la plate-forme MSX). Vous pouvez choisir l'une des quatre classes de personnages pour commencer le jeu, et aussi améliorer votre classe pendant le jeu. Le combat est basé sur l'action: vous pouvez soit attaquer vos ennemis en les écrasant avec vos armes, soit lancer des sorts magiques. Dans les villes, il y a du matériel et des articles à acheter.
Hyokkori Hyoutan-jima - Nazo no Kaizokusen (Japan)	Le guide du jeu Hyokkori Hyoutan-jima - Nazo No Kaizokusen ne doit pas vous intimider; en réalité, tout est extrêmement simple. Les niveaux du jeu sont de véritables labyrinthes, et pour les terminer, il vous faudra faire preuve de rapidité et d'ingéniosité. Vous devrez déplacer le canon au bon endroit, actionner le levier, trouver le téléporteur requis, etc. Pour finir un niveau, vous devrez généralement trouver et ouvrir un coffre de pirate.
Hyper Sports (Japan) (En)	Six épreuves difficiles vous attendent dans ce jeu d'action hilarant. La séquence complète des événements est la nage, le tir au pigeon d'argile, la gymnastique, le tir à l'arc, le triple saut et l'haltérophilie. Vous devez compléter chaque événement pour pouvoir participer au suivant.
I Love Softball (Japan)	Le but du jeu est de remporter le championnat avec une équipe féminine de softball. Les joueurs choisissent parmi six lycées principaux issus de différentes régions du Japon. Les matchs se terminent après sept manches, sauf en cas d'égalité. L'intelligence artificielle est redoutable, rendant les victoires contre l'ordinateur difficiles, même pour les équipes humaines. Les lancers peuvent atteindre 120 km/h. Après avoir gagné le championnat national, le joueur affronte l'équipe féminine américaine de softball avant de passer au niveau professionnel. Le jeu rappelle la série Family Stadium et se déroule au stade Hanshin Kōshien. Une défaite oblige le joueur à recommencer, sauf s'il utilise un mot de passe pour revenir à l'étape précédente. Les mots de passe, bien que permettant de conserver la progression, sont longs et compliqués à retenir. La mascotte Pachio-kun, issue du jeu American Dream du même éditeur, annonce les équipes prêtes à frapper.
Ice Climber (USA, Europe, Asia) (En)	Partez à la conquête de pics escarpés, franchissez des ravins glacés et assommez des créatures des neiges, en solo ou en duo dans Ice Climber sur Nes. Utilisez votre marteau pour briser les blocs de glace et vous défendre, et sautez de palier en palier jusqu'au sommet. Franchissez le huitième palier pour atteindre le stage bonus, puis ramassez le plus de légumes possible et partez dans les airs avec l'un de vos amis condors.
Ice Hockey (USA)	Ice Hockey sur Nes est un jeu de hockey sur glace dans lequel le but est bien entendu, de remporter un maximum de matches possible. Il est possible de mettre en place des schémas tactiques en composant son équipe. Pour chaque membre de votre team, il est possible de sélectionner entre trois types de corpulence. Cela a une influence directe sur la défense et la capacité de votre équipe à effectuer des contre-attaques.
Ide Yousuke Meijin no Jissen Mahjong (Japan)	Ide Yosuke Meijin no Jissen Mahjong est un jeu de mahjong développé et publié par Capcom. Le jeu est livré avec un contrôleur unique explicitement conçu pour les jeux de Mahjong et qui ressemble à un clavier. Le jeu est injouable sans cela. Ide Yosuke Meijin no Jissen Mahjong est une variante du jeu Mahjong appelé &quot;Reach Mahjong&quot; ou &quot;Attack Mahjong&quot;.
Ide Yousuke Meijin no Jissen Mahjong II (Japan)	Il s'agit de la suite du troisième d'un trio de jeux de mah-jong tiers développés pour la Nintendo Famicom en deux mois au cours de l'année 1987, dont Mahjong Kazoku d'Irem et Family Mahjong de Namco. Il est le plus unique pour deux raisons. La première est qu'il est livré avec une manette unique explicitement conçue pour les jeux de Mahjong. La seconde est qu'il ne joue pas au jeu de mahjong traditionnel, mais plutôt à une variation du jeu connue sous le nom de &quot;Reach Mahjong&quot; ou &quot;Attack Mahjong&quot;.
Idol Hakkenden (Japan)	Jeu vidéo d'aventure texte exclusif au Japon développé par Natsume et publié par Towa Chiki en 1989 pour Family Computer. Erika, musicienne en herbe et idole de la pop, doit déjouer une intrigue qui pourrait ruiner sa carrière musicale. En tant que jeu d'aventure japonais, les joueurs doivent sélectionner des menus de dialogue afin de déterminer son avenir. Des amis (et parfois des rivaux) d'Erika lui donnent des conseils sur ce qu'il faut faire ensuite. Il y a six chansons dans le jeu; tous appartenant au genre J-pop. Erika doit tous les maîtriser pour devenir la plus grande idole de tout le Japon. Les paroles ne sont pas chantées par un doubleur. ils sont plutôt affichés en bas de l'écran.
Igo - Kyuu Roban Taikyoku (Japan)	Igo: Kyuu Roban Taikyoku est la première véritable tentative d'introduction du jeu de plateau japonais Go sur une console de salon, à savoir la Famicom. Le jeu a été conçu par Henk Rogers, un programmeur néerlandais qui jouerait des jeux de Go contre le PDG (à l'époque) de Nintendo, Hiroshi Yamauchi. C'est lors d'un de ces jeux que la perspective de développer un tel titre pour la Famicom a été discutée. Il a ensuite été converti du format de disque à la cartouche et publié en août 1987. Avant la sortie de ce jeu, Nintendo avait sorti un jeu qui a été joué sur le plateau Go en 1983, connu sous le nom de Gomoku Narabe Renju, mais les mécanismes de jeu ressemblaient plus à &quot;Connect Four&quot; (ou cinq, pour ainsi dire). Le vrai jeu de Go est traditionnellement joué sur grile 19 x 19, mais les permutations de possibilités prendraient trop de temps pour le processeur de Famicom à considérer, de sorte que la taille de la carte a été considérablement réduite à une grille 9 x 9 grille, ce qui permet une expérience plus simple en solo. Le jeu propose également un mode leçon, dans lequel les ninjas semblent enseigner au joueur les règles et la stratégie du jeu.
Igo Shinan '91 (Japan)	Igo Shinan (&quot;Leçons de Go&quot;) est une simulation du jeu de plateau populaire Go from Hect. Comme son nom l'indique, il apprend aux joueurs, qu'ils soient novices ou experts, à améliorer leur jeu de Go et leur propose des adversaires informatiques. Le joueur peut définir le niveau d'assistance qu'il souhaite recevoir, y compris la présentation des coups possibles (généralement, l'un d'entre eux est plus favorable que les autres) et la possibilité pour l'ordinateur de prendre le relais. Hect a fait suivre Igo Shinan de quatre suites, chacune faisant référence à l'année de sa sortie : Igo Shinan '91, Igo Shinan '92, Igo Shinan '93 et Igo Shinan '94. Igo Shinan, et toutes ses suites, sont sortis uniquement au Japon.
Igo Shinan '92 (Japan)	Igo Shinan (&quot;Leçons de Go&quot;) est une simulation du jeu de plateau populaire Go from Hect. Comme son nom l'indique, il apprend aux joueurs, qu'ils soient novices ou experts, à améliorer leur jeu de Go et leur propose des adversaires informatiques. Le joueur peut définir le niveau d'assistance qu'il souhaite recevoir, y compris la présentation des coups possibles (généralement, l'un d'entre eux est plus favorable que les autres) et la possibilité pour l'ordinateur de prendre le relais. Hect a fait suivre Igo Shinan de quatre suites, chacune faisant référence à l'année de sa sortie : Igo Shinan '91, Igo Shinan '92, Igo Shinan '93 et Igo Shinan '94. Igo Shinan, et toutes ses suites, sont sortis uniquement au Japon.
Igo Shinan '93 (Japan)	Igo Shinan (&quot;Leçons de Go&quot;) est une simulation du jeu de plateau populaire Go from Hect. Comme son nom l'indique, il apprend aux joueurs, qu'ils soient novices ou experts, à améliorer leur jeu de Go et leur propose des adversaires informatiques. Le joueur peut définir le niveau d'assistance qu'il souhaite recevoir, y compris la présentation des coups possibles (généralement, l'un d'entre eux est plus favorable que les autres) et la possibilité pour l'ordinateur de prendre le relais. Hect a fait suivre Igo Shinan de quatre suites, chacune faisant référence à l'année de sa sortie : Igo Shinan '91, Igo Shinan '92, Igo Shinan '93 et Igo Shinan '94. Igo Shinan, et toutes ses suites, sont sortis uniquement au Japon.
Igo Shinan '94 (Japan)	Fidèle à son nom, le jeu aide les joueurs, qu'ils soient novices ou experts, à améliorer leur stratégie de Go tout en offrant des adversaires informatiques stimulants. Le joueur peut ajuster le niveau d'assistance fourni par le jeu, y compris la présentation de coups possibles (généralement, l'un est plus favorable que les autres) et la possibilité de laisser l'ordinateur jouer à leur place. Il s'agit du dernier jeu de la série Igo Shinan pour la Famicom.
Igo Shinan (Japan)	Igo Shinan (&quot;Leçons de Go&quot;) est une simulation du jeu de plateau populaire Go from Hect. Comme son nom l'indique, il apprend aux joueurs, qu'ils soient novices ou experts, à améliorer leur jeu de Go et leur propose des adversaires informatiques. Le joueur peut définir le niveau d'assistance qu'il souhaite recevoir, y compris la présentation des coups possibles (généralement, l'un d'entre eux est plus favorable que les autres) et la possibilité pour l'ordinateur de prendre le relais. Hect a fait suivre Igo Shinan de quatre suites, chacune faisant référence à l'année de sa sortie : Igo Shinan '91, Igo Shinan '92, Igo Shinan '93 et Igo Shinan '94. Igo Shinan, et toutes ses suites, sont sortis uniquement au Japon.
Ikari III - The Rescue (USA)	Ikari III : The Rescue est un jeu d'action sur Nes. Dans ce troisième opus de la série des Ikari Warriors la fille du président a été capturée et c'est à vous qu'incombe la tâche de traverser les lignes ennemies pour la sauver. Vous commencez le jeu à mains nues mais vous trouverez de nombreuses armes au cours de la partie.
Ikari Warriors (USA)	Ikari Warriors sur NES est un jeu d'action à défilement vertical. Votre avion vient de s'écraser en pleine jungle en territoire ennemi, vous devez maintenant atteindre le village d'Ikari, mais de nombreux ennemis vous bloquent le passage, allant des simples soldats aux hélicoptères en passant par les tanks. Il va falloir vous en défaire pour accomplir votre mission !
Ikari Warriors II - Victory Road (USA)	L'histoire reprend directement à la fin d'Ikari Warriors. Félicités par le général Kawasaki pour l'avoir sauvé, Paul et Vince (aussi nommés Ralf et Clark) retournent dans leur pays natal dans un avion affrété par le général. Une mystérieuse tempête apparaît et ils sont précipités des milliers d'années dans le futur (ou une autre dimension !). Ils sont accueillis par une créature extraterrestre qui leur annonce que le méchant Zang Zip (Zangelt) a pris le contrôle de ce monde. Pour les aider à rentrer chez eux, utilisez leurs anciennes armes à feu ainsi que de nouvelles pour vaincre toujours plus d'ennemis comme des hommes verts cyclopes, ou encore des bêtes à tête de pierre et enfin le maléfique Zangelt.
Ike Ike! Nekketsu Hockey-bu - Subette Koronde Dairantou (Japan)	Ike Ike! Nekketsu Hockey Bu - Subette Koronde Dai Rantou est un jeu de Hockey loufoque à 3 vs 3 plus le gardien. Kunio et Shin s'entraînent au ballon prisonnier quand ils rencontrent Yoichi, capitaine de l'équipe de Hockey du Lycée Nekketsu. Yoichi demande l'aide de Kunio pour remettre l'équipe à flot, ce dernier accepte après l'avoir battu avec son équipe de ballon prisonnier. L'équipe va d'abord se mesurer aux autres clubs du lycée Nekketsu : le club de Kendo, de Base-Ball et même contre les majorettes avant de s'attaquer aux clubs sportifs des autres lycées : le club de Football Américain du lycée Hanazono, le club de roller du lycée Tanibana, le club de hockey du lycée Shirogane et finalement participer au tournoi inter-écoles contre les lycées Banba Industries, Shitennou Ji et Daisetsuzan. L'équipe de Kunio peut récupérer les tenues des équipes vaincues ce qui lui donne des bonus en attaque et défense et des fois des armes. Le jeu peut être jouer à 4.
Ikinari Musician (Japan) (En)	Ikinari Musicien propose un clavier comme le piano, une clé de sol sur la partition pour montrer l'emplacement des notes, une piste d'accompagnement 5 canaux, 4 choix de timbre et des contrôleurs pour manipuler les paramètres de synthétiseur communs tels que la le release et l'attaque, LFO, etc. Il est également fournit une fonction d'enregistrement et de lecture. Le joueur a beaucoup de choix de styles de la piste d'accompagnement, des styles populaires tels que le rock, la techno et le jazz, aux différentes saveurs ethniques telles que la Bossa, Rio, le Japon, l'Inde, l'Arabie, etc. Les pistes d'accompagnement représentant les styles utilisent des éléments familiers pour rendre le jeu plus accessible au grand public. Par exemple, dans le style écossais Cadence to Arms, un air de cornemuse familier est utilisé. La plupart des pistes d'accompagnement tournent autour d'un ou deux accords, ce qui permet une improvisation ouverte sur le clavier principal. Une fois que le style est choisi, le clavier principal est masqué de la façon dont seule l'échelle qui s'intègre facilement dans le style est disponible, par ex. échelle de blues, échelle pentatonique, etc. Le clavier est contrôlé par les d-pads UP-DOWN ou LEFT-RIGHT sur le contrôleur de jeu, il n'y a donc aucun moyen de jouer des sauts dans l'échelle. En raison de la limitation matérielle, le son produit est la musique chiptune 8 bits typique.
Ikki (Japan) (En)	Ikki se déroule dans le Japon médiéval, où un village projette une insurrection pour renverser son suzerain. Cependant, les seuls participants à la révolte sont vous, Gonbe, et le 2nd joueur, Tago. Vous combattrez contre des ninjas, des samouraïs et autres. Le jeu affiche du texte dans la direction verticale, ce qui était très inhabituel pour un jeu de la période, et tous les messages dans le jeu utilisent un discours qui rappelle les films jidaigeki. Le jeu se compose de 4 niveaux différents, le 5ème niveau étant une version alternative du 1er, le 6ème étant une version alternative du 2nd, et ainsi de suite. La difficulté augmente progressivement au fur et à mesure que le jeu progresse, et les niveaux de jeu tournent à l'infini. Il n'y a pas d'écran de fin pour le jeu, et l'achèvement du niveau 99 amène le joueur au niveau 00, qui est une version alternative du 4ème niveau. Le joueur revient au niveau 01 après avoir terminé le niveau 00.
ImageFight (USA)	Une mystérieuse forme de vie extraterrestre se répand dans la galaxie et tente de conquérir le monde. Elle a pris le contrôle de la base lunaire et menace de s'abattre sur la Terre. Les humains ont envoyé l'avion de combat le plus avancé pour s'opposer aux extraterrestres : l'OF-1. L'OF-1 a la capacité de changer de vitesse à tout moment et d'équiper différentes armes et nacelles. L'OF-1 est le dernier espoir de l'humanité ! ImageFight est un jeu de tir spatial de haut en bas à défilement vertical. Dans chaque niveau, il y aura des vaisseaux ennemis, des tourelles, des robots et d'autres machines tirant des projectiles ou essayant de vous éperonner.
Immortal, The (World) (QUByte Classics)	The Immortal est un jeu d'action/aventure sur NES. Pénétrez dans le cachot de la terreur où cauchemars deviennent réalité. Aventurez-vous dans plus de 50 salles à explorer et essayez de sortir vivant de ce maudit cachot.
Incredible Crash Dummies, The (USA)	The Incredible Crash Dummies sur NES vous propose d'incarner deux mannequins de crash-test dans des missions loufoques où le but est d'infliger à votre mannequin un maximum de coups et de dégâts. Les missions vont de la conduite de véhicules, au classique jeu de plates-formes.
Indiana Jones and the Last Crusade (USA)	Indiana Jones and the Last Crusade sur Nes est un jeu de plates-formes tiré du film éponyme. 4 niveaux durant, vivez les aventures du célèbre archéologue et combattez les nazis au poing ou avec votre fouet. Au-delà de la quête principale, à savoir la recherche du Graal, Indiana traverse différentes scènes du film dans lesquelles il doit trouver la croix de Conorado, un bouclier ainsi que son journal.
Indiana Jones and the Last Crusade - The Action Game (USA)	Indiana Jones and the Last Crusade diffère des deux autres jeux du même nom par un hybride de différent genre tel que l'action plateforme, la course à moto, la résolution d'énigme et même certains éléments d'aventure.
Indiana Jones and the Temple of Doom (USA)	Vous incarnez Indy qui doit traverser trois niveaux qui se répètent. Niveau de la mine : Traversez une mine à l'aide de votre fouet afin de libérer les enfants qui y sont retenus prisonniers. Utilisez votre fouet pour vous balancer à travers les gouffres, grimper aux échelles, rouler sur les tapis roulants et vous défendre contre les attaques des divers ennemis. Fuyez avec le chariot de la mine après avoir libéré tous les enfants. Niveau du chariot de mine : Choisissez le bon itinéraire à travers un réseau de voies ferrées en vous déplaçant dans un chariot de mine. Évitez les nids-de-poule, les rails cassés et les gardes pour atteindre la fin du chemin en toute sécurité. Niveau du temple : Dirigez-vous vers l'autel et saisissez la pierre de Sankara pendant que Mola Ram, les chauves-souris et les gardes Thuggee vous attaquent. Attention à la lave.
Indora no Hikari (Japan)	Autour de l'an 2000, l'humanité quitte une terre appauvrie et voyage à travers l'espace jusqu'à la plante Ibaru à environ 8 500 années-lumière. Là, les gens vivent paisiblement sous la protection d'un dieu dont la source d'énergie est la Lumière d'Indora. Cependant, un démon siphonne la lumière de la planète et le dieu commence à somnoler. La surface de la planète se transforme en un vaste désert et des monstres commencent à apparaître. Le joueur doit chercher à mettre fin au démon et restaurer la Lumière d'Indora au dieu qui protège la planète.
Infiltrator (USA)	Infiltrator est un jeu d'action/simulation sur NES. Jimbo McGibbets est de retour dans ce nouvel opus pour de nouvelles missions d'espionnage à pied ou à bord de votre hélicoptère.
Insector X (Japan)	Insector-X est un shoot'em up sur NES. Les Robots-Insectes unissent leurs forces obligeant le joueur à dégommer des abeilles, des mouches et autres bestioles peuplant nos jardins. Chaque niveau se termine par un boss et les bonus qui parsèment les tableaux ne seront pas de trop pour en venir à bout.
International Cricket (Australia)	HOWZAT !!? Vos coéquipiers poussent un grand cri d'appel à l'arbitre. Cela semble être une éternité avant qu'il lève le bras pour indiquer que le batteur est sorti. Out LBW pour un canard! Vos quilleurs rapides ont été mortellement précis. Espérons que vos batteurs pourront aussi bien performer quand c'est au tour de votre équipe de battre. Attention! Ce n'est pas un sport de spectateur. International Cricket vous donne le contrôle total des compétences de bowling, de bâton et de champ. Choisissez votre équipe dans la sélection internationale, sélectionnez les meilleurs joueurs pour la journée et que la meilleure équipe gagne. International Cricket est un jeu multijoueur qui vous permet de choisir de jouer un seul match ou une série de matchs. Pratiquez dans les filets ou allez directement dans le jeu. Que vous soyez au bâton ou sur le terrain, vos compétences feront la différence entre gagner et perdre.
Iron Tank - The Invasion of Normandy (USA)	Iron Tank sur Nes est un jeu d'action prenant place lors de la Seconde Guerre mondiale. Alors que les alliés préparent le gros des troupes pour l'assaut final sur les côtes de la Normandie, une unité d'élite est envoyée en éclaireur pour détruire la base principale des ennemis. A bord de votre tank, le Iron Tank, il vous faut secourir les otages et détruire les nombreux soldats et autres engins de guerre qui vous bloquent le passage.
IronSword - Wizards & Warriors II (USA)	Ironsword : Wizards & Warriors II est un jeu de plates-formes sur Nes. Le héros nommé, Kuros, doit tuer encore une fois le méchant Malkil qui a pris le contrôle des quatre éléments : le vent, l'eau, le feu, et la terre. Arriverez-vous à vous débarrasser du diabolique assistant et à libérer les quatre éléments ?
Isaki Shuugorou no Keiba Hisshou Gaku (Japan)	Le jeu porte sur les courses de chevaux et ses variantes commerciales où vous pouvez participer à des courses, et pas seulement parier sur les chevaux et leurs jockeys et attendre les résultats.
Ishin no Arashi (Japan)	Ce jeu de stratégie est quelque peu similaire à la série plus connue Romance of the Three Kingdoms et à d'autres jeux de simulation historique de la même société, mais il s'en distingue également par des options de diplomatie beaucoup moins complexes et par l'accent mis sur la navigation et les rencontres individuelles. Avant de commencer, le joueur choisit un général et personnalise ses paramètres (endurance, puissance d'attaque, charisme, connaissances). Le joueur contrôle ensuite le général avec les soldats de son choix, en le faisant naviguer sur des grilles représentant des villes et des campagnes du Japon, au tour par tour. Les grilles peuvent être occupées par des magasins, des écoles (pour former le général), des personnages et des groupes amis ou hostiles. Les batailles, ainsi que les négociations et les procédures diplomatiques, se déroulent automatiquement, et leur issue dépend des statistiques des personnages.
Isolated Warrior (USA)	Isolated Warrior est un jeu de tir sur Nes en vue isométrique. Partez seul en guerre contre des milliers d'aliens venus envahir notre Planète Bleue. Traversez les niveaux en ramassant diverses armes pour faciliter votre progression. Passwords: Niveau 2: 5963 Niveau 3: 8920 Niveau 4: 0705 Niveau 5: 5826 Niveau 6: 2687 Niveau 7: 3279 Armes puissance max: 6285 10 jauges de vie + max de bombes: 6502
Itadaki Street - Watashi no Omise ni Yottette (Japan)	Itadaki Street est un jeu de plateau numérique similaire à Monopoly, du créateur de Dragon Quest, Yuji Horii. Tout comme son inspiration, les joueurs se succèdent à tour de rôle, divisés en districts constitués de multiples propriétés. L'atterrissage sur une propriété vous permet de l'acheter, et posséder plusieurs propriétés dans le même district augmente leur valeur, mais atterrir sur une propriété appartenant à un autre joueur vous oblige à les payer en fonction de la valeur de la propriété. Un élément clé est la capacité d'investir dans les districts en achetant des actions, même si le joueur ne possède aucune propriété dans ce district, ce qui augmente la valeur de ces propriétés et donne au joueur une coupe de toutes les transactions impliquant ce district. Il y a aussi un mini-jeu de roulette, et un plateau de hasard où les joueurs peuvent choisir des prix aléatoires. Le but est d'être le premier joueur à amasser une certaine valeur nette, puis de retourner à la banque. Jusqu'à quatre joueurs peuvent jouer à la fois, avec des joueurs d'ordinateur remplissant tous les emplacements vides. Il y a 7 caractères différents et cinq configurations différentes à choisir.
Ivan 'Ironman' Stewart's Super Off Road (USA)	Super Off Road propose des courses de Monster truck. Le circuit est affiché en intégralité à l'écran et jusqu'à trois joueurs peuvent concourir en simultané. C'est un peu le Super Sprint (1986) du tout-terrain. Chaque victoire rapporte de l'argent. Le joueur peut ensuite améliorer les performances de son véhicule en achetant des modifications.
J.League Fighting Soccer - The King of Ace Strikers (Japan)	J.League Fighting Soccer est un jeu de football basé sur la saison inaugurale de la J. League japonaise. Le joueur peut choisir parmi 16 équipes et participer à la ligue, à un tournoi, à un match de démonstration ou à une partie à deux joueurs (via un câble de liaison).
J.League Super Top Players (Japan) (Datach)	J. League Super Top Players propose le choix entre dix équipes et plusieurs modes de jeu, dont un entraînement réel au tournoi ou aux tirs au but. Pour les modes de combat PK, chaque joueur doit sélectionner une équipe différente. Il doit ensuite scanner une carte de joueur (et non une carte d'équipe), et ce joueur aura alors une chance de tirer un coup de pied de réparation (si c'est son tour). Pour tous les autres modes, le joueur doit scanner une carte d'équipe et ce sera l'équipe qu'il jouera comme pour le (s) match (s). Le mode de jeu principal est le mode J.LEAGUE. Il est mis en place en saison / tournoi, avec 18 matchs par équipe. Il y a dix équipes au total dans cette version de J.League, et elles sont triées au hasard pour jouer contre une équipe différente chaque jour. Les jeux sont divisés en deux périodes de trois minutes chacune. Avant de commencer une partie, le joueur peut choisir la formation de ses onze joueurs actifs dans l'une des trois dispositions qu'il peut voir sur le petit écran (4-4-2, 4-3-3 ou 3-5-2). ).
J.League Winning Goal (Japan)	J-League Winning Goal est un jeu de football publié pour Game Boy et Family Computer qui tourne autour de la J-League. Il y a une exhibition, un mode saison, un mode éliminatoire et un mode d'entraînement. Le but du jeu est de gagner le championnat afin que l'équipe choisie par le joueur puisse être appelée la plus grande équipe du Japon.
Jack Nicklaus' Greatest 18 Holes of Major Championship Golf (USA)	Jack Nicklaus' Greatest 18 Holes of Major Championship Golf est un jeu de sport sur NES. Vous devez remporter tous les circuits de golf les plus célèbres du Monde. Le jeu peut s'apprécier en multijoueur jouable jusqu'à quatre.
Jackal (World) (Konami Collector's Series)	Jackal sur NES est un jeu d'action/courses vous mettant au volant d'un jeep avec pour objectif de sauver vos soldats amis retenus prisonniers. Vous pouvez bouger dans n'importe quelle direction et vous possédez deux armes, le minigun qui tire toujours vers le haut de l'écran ainsi que les grenades, qui peuvent être améliorées en bazooka. Un mode 2 joueurs est disponible.
Jackie Chan's Action Kung Fu (USA)	Jackie Chan's Action Kung Fu est un jeu d'action/plates-formes sur Nes. Vous incarnez le célèbre cascadeur de Hong Kong, Jackie Chan. A ses côtés vous devez secourir votre soeur jumelle Joséphine et empêcher la Chine de tomber sous le contrôle d'un maléfique mage.
Jajamaru Gekimaden - Maboroshi no Kinmajou (Japan)	JaJaMaru Gekimaden est un jeu de rôle d'action, avec un gameplay similaire à la légende de la Zelda. Les joueurs contrôlent le personnage principal à travers les villes, les donjons et une carte du monde. Chaque type de carte comporte une exploration descendante. En se déplaçant à travers un donjon, le protagoniste va progressivement récupérer la santé. Le protagoniste peut équiper différents types d'armes et d'objets qu'il peut acheter ou trouver et utiliser pendant le combat. Les donjons sont constitués de plusieurs pièces avec des ennemis à l'intérieur. Parfois, un ennemi perd de l'argent lorsqu'il est vaincu, ce qui peut être utilisé pour acheter des objets ou soigner des points de santé dans une auberge.
Jajamaru Ninpou Chou (Japan)	Jajamaru Ninpou Chou est un jeu vidéo de rôle sorti au Japon le 28 mars 1989 par Jaleco pour Family Computer. Il fait partie de la série Ninja JaJaMaru-kun de Jaleco et devait initialement faire l'objet d'une sortie en Amérique du Nord sous le nom de Taro's Quest, bien qu'elle n'ait jamais été publiée.
James Bond Jr (USA)	James Bond Jr. sur Nes est l'adaptation de la série d'animation éponyme diffusée au début des années 90 et inspirée des romans de Ian Fleming. De nombreux scientifiques ont disparu et James Bond Junior se charge de les retrouver. Des gadgets aideront le héros lors des phases d'action. Ce dernier doit également diriger des engins volants pour progresser dans l'aventure.
Jangou (Japan)	Le but principal du jeu est d'obtenir le plus de points. Avant de pouvoir jouer, vous devez d'abord entrer votre date de naissance et un code PIN composé de quatre chiffres. Après cela, vous devez entrer un nom. Une fois que vous êtes prêt, vous pouvez choisir l'un des cinq personnages et commencer. Il y a quelques parties dans une session et après chaque session, des points vous sont attribués, à vous et / ou aux trois autres joueurs. Jangou est un jeu qui joue similaire à Mahjong. Il a été porté sur de nombreuses consoles, y compris la Famicom au Japon.
Jarinko Chie - Bakudan Musume no Shiawase Sagashi (Japan)	Basé sur l'anime et manga Jarinko Chie, il raconte l'histoire d'une jeune fille débrouillarde qui aide son père à gérer une petite taverne à Osaka. Elle rend secrètement visite à sa mère, partie récemment, et prévoit de les réunir une fois que son père aura trouvé un emploi. Le jeu suit l'intrigue de plusieurs épisodes de l'anime. Principalement textuel, il comporte des mini-jeux pour progresser dans l'histoire. Le texte est écrit de haut en bas, de droite à gauche, et le jeu n'a jamais été traduit ni publié en dehors du Japon.
Jaws - Retro Edition (World)	Jaws sur NES est une adaptation du film Les Dents de la Mer 4. A bord de votre bateau, vous parcourez l'océan à la recherche du fameux requin tueur. Vous pourrez plonger pour récupérer des coquillages qui vous permettront alors d'améliorer votre bateau.
Jeopardy! (USA)	Jeopardy ! sur Nes est un jeu vidéo de quiz basé sur la fameuse émission préférée des américains. À partir de réponses, les trois joueurs doivent trouver la question correspondante. Le jeu s'étend sur 3 manches dans lesquelles les joueurs parient de l'argent avant de trouver la réponse.
Jeopardy! 25th Anniversary Edition (USA)	Le fameux jeu Jeopardy sur NES adapaté du jeu télévisé américain du même, ici dans son édition &quot;25ème anniversaire&quot;.
Jeopardy! Junior Edition (USA)	Le fameux jeu Jeopardy sur NES adapaté du jeu télévisé américain du même, ici dans son édition &quot;Junior&quot; adapté pour des jeunes joueurs de 7 ans et plus.
Jesus - Kyoufu no Bio Monster (Japan)	Jesus : Kyoufu no Bio Monster est un jeu d'aventures textuelles sorti au Japon sur Famicom. L'histoire se passe en 2061 et vous incarnez un pilote Japonais nommé Hayao Musou. Une comète du nom de Halley se dirige droit sur la terre. Vous faites parti d'un équipage spécial composé de personnes venant de 8 pays différents qui a été crée dans le but de faire des prélèvements sur la comète pour voir si elle peut apporter la vie sur la planète. Le jeu fait alterner les images des membres de l'équipage en vous offrant la possibilité de choisir les propos que vous leur tiendrez. Le jeu est difficilement accessible pour les non pratiquants de la langue nippone.
Jetsons, The - Cogswell's Caper (USA)	The Jetsons : Cogswell's Caper! est un jeu d'action sur Nes. Le titre s'inspire de la célèbre série télévisée et vous permet d'incarner George, dont la mission est de mettre un terme à l'activité concurrente de la compagnie des Cogwell. Pour ce faire, vous devez vous rendre d'un endroit à un autre en avion et prendre possession des ressources de votre adversaire. Le titre propose plusieurs niveaux d'action dans lesquels il vous faudra canarder les employés de la compagnie concurrente.
Jikuu Yuuden - Debias (Japan)	Jikuu Yuuden: Debias est un jeu de rôle développé par Now Production et publié par Namco, sorti au Japon en 1987.
Jimmy Connors Tennis (USA)	Jimmy Connor's Tennis est un jeu de tennis professionnel sur Nes qui comprend 3 niveaux de difficulté (débutant, moyen, confirmé). Il est même possible de s'entraîner au tir grâce à une machine à lancer des balles (100, 200, 300 balles). Vous pourrez vous mesurer aux plus grands sur les plus prestigieux courts du monde tels que l'U.S open, l'Open d'Australie ou encore Wimbledon.
JJ (Japan) (En) (Famicom 3D System)	JJ Est un jeu d'action développé et publié par Square pour la Famicom en 1987. En anglais, il est parfois appelé, Jumpin 'Jack, ou par son sous-titre, Tobidase Daisakusen Partie II. Le jeu a été seulement sorti au Japon. La suite de Tobidase Daisakusen (connu en Amérique du Nord comme WorldRunner 3D), JJ est un jeu de tir à défilement typique, mais il incorpore une vue à la troisième personne, où l'angle de la caméra est positionné derrière le personnage principal. Comme dans le titre précédent, le personnage principal Jack doit voyager à travers différents mondes, armés de son canon laser et de sa capacité de saut, pour vaincre les bêtes serpentines qui ont envahi les planètes. JJ était le dernier jeu de Square à utiliser le «mode 3D» et les lunettes 3D, et était le dernier travail de Square avant la création de la populaire franchise Final Fantasy. La bande-son de JJ se compose de huit pistes, et toutes sont remixées ou réutilisées dans le préquel du jeu, WorldRunner 3D. Le jeu a été marqué par Nobuo Uematsu, et est le 16ème travail de Uematsu de composition de musique de jeu vidéo.
Joe & Mac (USA)	Retournez à l'âge des cavernes grâce à Joe & Mac : Caveman Ninja sur NES. Seul ou en coopération, vous incarnez Joe et Mac, deux hommes de Cro-Magnon qui vont devoir se battre pour retrouver les femmes capturées par des créatures préhistoriques. Et si les autres hommes des cavernes peuvent être facilement vaincus à coups d'os ou de massues, il faudra ruser pour ne pas se faire croquer par le grand tyrannosaure.
John Elway's Quarterback (USA)	John Elway's Quarterback est un jeu de sport sur NES. Au départ, vous choisissez votre équipe parmi d'autres inconnues : il n'y a pas de licence NFL. Ensuite tout se déroule comme dans un soft classique de football américain.
Jongbou (Japan)	Jongbou est un jeu qui combine le jeu de société chinois traditionnel Mahjong avec un concept de casse-briques similaire à Breakout. Les joueurs font rebondir une balle autour d'une table de Mahjong remplie de tuiles cachées. L'objectif est de déloger les tuiles et de collecter celles nécessaires pour compléter une main gagnante en les attrapant lorsqu'elles tombent. La partie se termine soit lorsque toutes les tuiles sont tombées, soit lorsque le joueur réussit à obtenir une main gagnante.
Jordan vs Bird - One on One (USA)	Jordan vs Bird : One on One est un jeu de basket-ball sur NES. Deux des plus grandes légendes de la discipline se retrouvent dans ce face-à-face : Michael Jordan et Larry Bird. L'un spécialiste des dunks et l'autre des trois points. Le jeu vous demandera de vous affronter dans des matches simples ou dans des concours de lancer franc et de smashs. Il est possible d'y jouer à deux avec un ami.
Journey to Silius (World) (Evercade)	Journey To Silius est un jeu de plates-formes et de tir sur Nes qui se déroule dans un univers futuriste où la population de la terre est tellement grande que les humains ont dû créer des colonies spatiales. Vous êtes dans la peau de Jay McCray qui est en voie de quitter la Terre quand il apprend que son père a été tué par des terroristes sur la colonie de Silius.
Joust (USA)	Montez votre noble autruche et engagez le combat dans le jeu d'arcade classique Joust sur NES. Si vous jouez avec un ami, une cigogne sera sa monture. Ensemble, combattez trois types de chevaliers ennemis : les goujats rouges, les chasseurs argents et les Seigneurs des ténèbres bleu foncé. Alors que ces méchants volent à travers les caves à dos de véloces busards, frappez-les du dessus à coups de lance.
Joy Mech Fight (Japan)	Le scientifique maléfique Warunachi a piraté tous les robots pacifiques au Japon et prévoit maintenant de lancer une attaque pour la domination du monde. Heureusement, son ancien partenaire, le Dr Eamon, a sauvé un robot de la prise de contrôle et l'a maintenant programmé pour vaincre les autres robots et contrecarrer les plans diaboliques du Dr Warunachi. Joy Mecha Fight est un jeu de combat en 2D en tête-à-tête, dans lequel vous contrôlez un robot et tentez de vaincre votre adversaire en l'attaquant avec vos attaques normales et spéciales déclenchées. Chaque robot est composé de six segments. Le jeu comporte l'histoire, le combat instantané, et les modes Vs. Dans le mode histoire, vous commencez avec le robot Sukapon, et une fois d'autres robots vaincus, ils deviennent disponibles à la sélection au fur et à mesure que vous progressez dans l'histoire ainsi que tous les mouvements expliqués via un tutoriel avant combat.
Jumbo Ozaki no Hole in One Professional (Japan)	Il s'agit du deuxième jeu de golf de HAL Laboratory après Hole in One. Comme son prédécesseur, Hole in One Professional est un jeu de golf standard de 18 trous, joué du haut vers le bas. Les joueurs peuvent s'affronter jusqu'à quatre joueurs en parties par coups ou en match direct contre un ami ou l'ordinateur. Lorsqu'il joue contre l'ordinateur, le joueur affrontera un adversaire utilisant des clubs de métal, qui frappent plus loin que les clubs de bois standard. En plus des parties par coups et par match, les joueurs peuvent obtenir des mots de passe permettant de rejouer toutes les frappes spectaculaires réalisées (aigles, trous d'un coup et doubles aigles).
Jumpin' Kid - Jack to Mame no Ki Monogatari (Japan) (En)	Jumpin 'Kid: Jack to Mame no Ki Monogatari (&quot;Jumping Kid: Le conte de Jack et le haricot magique&quot;) est sorti au Japon le 19 décembre 1990 dans Family Computer. Une sortie nord-américaine était prévue mais finalement abandonnée. C'est un jeu de plate-forme similaire à Mega Man. Les haricots aident à améliorer l'attaque du joueur, tandis que les ressorts sont utilisés pour améliorer la hauteur de saut.
Jungle Book, The (World) (Disney Classic Games)	Le Livre de la Jungle sur NES est l'adaptation du film de Disney de 1967, lui-même inspiré du livre écrit par Rudyard Kipling. Vous incarnez Mowgli et devez ramasser des fruits, grimper aux arbres et combattre les ennemis de l'histoire comme Sher Khan. Le jeu permet de replonger dans l'univers d'un des classiques de Disney en retrouvant tous ses personnages et ses décors.
Jurassic Park (World) (Limited Run Games)	Jurassic Park est l'adaptation sur NES du film réalisé par Steven Spielberg en 1993. Dans ce jeu d'action, vous incarnez le docteur Alan Grant, le paléontologue héros du film. Vous devez tout d'abord secourir Tim et Alex en les ramenant à leur grand-père Hammond puis il faudra retourner au milieu des dinosaures afin de rétablir le courant pour pouvoir appeler les secours sur l'île.
Just Breed (Japan)	Le jeu est linéaire, et prend places dans les villes, où les personnages pourront se reposer et s'équiper, et dans les zones de combat, où l'action prend place sur une grille et chaque unité peut se déplacer et agir. Ce jeu se distingue des autres Tactical RPG par son système d'armées, où chaque personnage principal commande une armée composée de cinq autres personnages secondaires, et du fait qu'il y a des nids de monstres, d'où un monstre peut sortir chaque tour de son &quot;nid&quot;, ce qui oblige le joueur à non seulement vaincre ses ennemis, mais aussi &quot;bloquer&quot; les nids de manière à ne pas se faire envahir par les monstres, ce qui signifie une défaite imminente. Le joueur incarne le chef de la garde de la ville de Astholm, qui est protégée par le Saphire, une des six pierres précieuses légendaires. Le jeu commence le soir du festival annuel du Saphire. C'est alors qu'un groupe de monstres, commandé par le général Ezelkiel, volent la pierre légendaire et fuient immédiatement. Le joueur part alors à la poursuite des monstres, qui ont l'intention de voler toutes les pierres légendaires et de faire revivre une ère maléfique. Just Breed est l'un des jeux NES les plus gros, totalisant 6 mégabits. Il utilise le circuit intégré MMC5 de Nintendo pour obtenir des graphiques au-delà des possibilités de la console, et avoir deux voix sonores supplémentaires.
Juuouki (Japan) (En)	Juuouki est un portage japonais du célèbre jeu d'arcade &quot;Altered Beast&quot; de Sega sur la Famicom.
Juvei Quest (Japan)	Juvei Quest est un RPG qui pourrait facilement rivaliser avec les poids lourds comme Dragon Quest. Le titre contient une histoire immense, des personnages adorables, un système de combat réfléchi au tour par tour avec beaucoup de compétences et de capacités à utiliser. le jeu est même vendu avec un jeu de table. L'histoire elle-même se déroule à l'époque du Sengoku du Japon ancien attaqué par une force démoniaque appelée &quot;La Horde démoniaque&quot;, une interprétation assez vague du célèbre samurai borgne - Yagyuu Juubei, l'une des figures les plus romantiques de l'histoire japonaise qui a probablement vécu pendant le deuxième Shogun Tokugawa.
Kabuki - Quantum Fighter (USA)	Le décor - la Terre, le futur. L'ordinateur du Ministère de la défense chargé de protéger toute notre planète a été contaminé par un virus en constante évolution. Un seul volontaire a le courage d'affronter le virus sur son terrain. Converti en données informatiques élémentaires, puis transféré dans les circuits de l'ordinateur, cet héroïque guerrier voit sa structure moléculaire transformée par le Système de Transfert d'Images, jamais encore testé jusqu'à ce jour. Ce héros innattendu, le Quantum Fighter (Combattant de l'Infiniment Petit), voyage dans les circuits de l'ordinateur. Six niveaux remplis de défis, une maîtrise inégalée du jeu et un arsenal d'armes vous attendent!
Kabushiki Doujou (Japan)	&quot;Kabushiki Doujou&quot; est un jeu de simulation de trading boursier, dont le but est d'investir judicieusement en bourse et de développer un &quot;joli&quot; portefeuille. Le joueur reçoit régulièrement des objectifs financiers à atteindre avant que le prochain défi soit donné et peut acheter, vendre et gérer ses actions pour atteindre autant de richesse que possible.
Kaettekita! Gunjin Shougi - Nanya Sore! (Japan)	Kaettekita ! Gunjin Shougi : Nanya Sore !? est un jeu de shogi qui utilise le gunjin shogi, ou shogi militaire, variante du jeu d'échec. Le joueur commence par sélectionner l'un des cinq adversaires : un fantôme à tête de citrouille, un loup-garou, Al Capone, un extraterrestre, Adolf Hitler ou un lutteur de sumo. Le joueur reçoit alors un assortiment de pièces tandis que l'adversaire semble avoir le même nombre d'instances de la même pièce, bien qu'en vérité leurs formes réelles soient cachées au joueur. On doit utiliser son intelligence pour vaincre l'ennemi en pièces de shogi, qui ont des thèmes différents selon l'adversaire que le joueur a choisi (par exemple, lors du combat contre le fantôme à tête de citrouille, les deux camps ont des pièces sur le thème des légumes).
Kagerou Densetsu (Japan)	Kagerou Densetsu est une aventure RPG avec des batailles à défilement horizontal où les joueurs prennent le contrôle de 4 ninja pour vaincre le leader des quatre daevas qui menacent le monde.
Kaguya Hime Densetsu (Japan)	La légende de Kaguya-hime est l'une des histoires les plus populaires de la mythologie japonaise. Il était une fois, un vieil homme est allé dans la forêt pour couper du bambou, et a trouvé une petite fille. Il l'a emmenée chez lui et l'a nommée Kaguya-hime. Elle y a grandi et est rapidement devenue la plus belle fille du Japon. Beaucoup de jeunes hommes, y compris le fils de l'empereur lui-même, ont essayé de conquérir son coeur, mais en vain. Un jour, Kaguya-hime avoua qu'elle était un ange de la lune et retourna à la lune. Dans ce jeu, vous contrôlez le fils de l'empereur, et vous ferez de votre mieux pour atteindre Kaguya-hime et la protéger. Vous devez surmonter divers obstacles et rencontrer des personnages du folklore japonais. Le jeu est une aventure japonaise traditionnelle: toutes les actions sont effectuées en sélectionnant les commandes du menu, y compris le déplacement d'un endroit à l'autre. Vous visualisez les emplacements à partir de la perspective de la première personne, mais il existe également des parties où vous naviguez votre personnage à partir d'une vue de haut en bas. A côté des commandes d'aventure habituelles telles que &quot;look&quot;, &quot;take&quot;, ou &quot;use&quot; (un item d'inventaire), il y a quelques actions originales disponibles sous &quot;extras&quot;, comme &quot;kiss&quot;, &quot;attack&quot; et même &quot;undress&quot; &quot;.
Kaijuu Monogatari (Japan)	Kaijuu Monogatari (&quot;Shell Creature Story&quot;) est un RPG 8 bits pour la NES qui ressemble plus que superficiellement à Dragon Quest d'Enix. Comme beaucoup de contemporains RPG pour le système, il emprunte la prémisse de base (parler au roi, découvrir quoi faire ensuite, combattre une force maléfique) et le combat tactique au tour par tour et le développement progressif de son influence majeure, mais aussi beaucoup. de son esthétique: L'art de la boîte a quelques illustrations inspirées d'Akira Toriyama et le protagoniste porte une armure bleue familière. Le sous-titre de Kaijuu Monogatari - Shell Saurs Story - est une localisation de son nom japonais. L'intrigue, plus en détail, concerne une race de créatures de coquille pacifiques qui ont quatre guerriers élémentaires qui se sont unis pour combattre le méchant Fat Badger, mais ont été séparés dans la lutte finale. Le joueur doit unir les quatre en explorant le monde et en découvrant les emplacements des trois autres guerriers, puis en se regroupant pour une autre attaque. Une variante unique, mais qui deviendra également une caractéristique de Dragon Quest IV (donc un tour complet de l'innovation), est que le joueur est capable d'assumer l'un de ces quatre héros à tout moment en sélectionnant une option de menu, bien que chacun commence au niveau 1 et est très faible. Pour que le parti soit assez fort pour se rencontrer, chacun doit être élevé de manière indépendante à un niveau suffisamment élevé. Le jeu finira par engendrer sa propre franchise avec des suites et des spin-offs sortis pour le Super Famicom et Game Boy au Japon.
Kaiketsu Yanchamaru 2 - Karakuri Land (Japan)	Un jour, un mystérieux parc à thème appelé Karakuri Land est apparu à Edo. Il y avait diverses attractions mécaniques, construites autour de différents thèmes. Beaucoup de gens sont allés visiter, et le parc était très populaire. La princesse a demandé à Yanchamaru s'il voulait aller avec elle, mais comme il était occupé avec sa formation, elle est allée toute seule. Cependant, elle n'est pas revenue, et Yanchamaru doit donc se frayer un chemin à travers les attractions étrangement agressives pour trouver et sauver la princesse! Kaiketsu Yanchamaru 2 est la suite de Kid Niki, et une fois de plus met en vedette le grand combattant Yanchamaru. Chaque étape est basée sur un thème, comme un monde construit à partir de gâteaux et un monde construit à partir de volcans, et chacun est rempli d'ennemis animatroniques, avec un patron à la fin. Yanchamaru a son épée de filature fidèle, et peut également trouver des objets bonus pour améliorer ses capacités et augmenter son score.
Kaiketsu Yanchamaru 3 - Taiketsu! Zouringen (Japan)	La princesse a été kidnappée à nouveau, cette fois par une paire de figures menaçantes. Enfermée dans une tour, elle réussit à écrire un plaidoyer pour obtenir de l'aide sur un bout de papier, puis envoie un avion en papier hors de sa prison. Miraculeusement, il atteint son petit ami Yanchamaru qui, étant le samouraï droit qu'il est, se met immédiatement à la sauver. Kaiketsu Yanchamaru 3 est la suite finale de Kid Niki et représente un départ important par rapport aux deux premiers matchs. Non seulement le jeu propose un défilement quadridirectionnel complet et de grandes cartes à explorer, mais Yanchamaru lui-même arbore un tout nouveau look et de nombreuses nouvelles capacités. Son épée filante semble maintenant ressembler plus à un bo, et Yanchamaru peut maintenant l'utiliser pour tirer des vagues d'énergie sur les ennemis, rebondir sur la fin, tourner sur place, et même lancer hors des murs et des coins. En s'inspirant de Mega Man, il a maintenant la capacité de glisser dans des espaces étroits et sous des pointes dangereuses. Chaque étage contient de nombreuses clés et des portes verrouillées. N'importe quelle clé ouvrira n'importe quelle porte, et il est possible de compléter une étape sans même trouver toutes les clés et les portes. La dernière porte dans chaque étape mène à la salle du patron. Après avoir franchi chaque étape, votre performance est comptée, et en fonction de ce que vous avez fait, des bonus tels que des points ou des vies sont donnés.
Kamen no Ninja - Akakage (Japan)	Akakage est un ninja qui porte un costume rouge et noir et un masque rouge stylisé. Il a été créé par l'artiste manga japonais Mitsuteru Yokoyama. Ses aventures se déroulent au Japon Féodal, où Akakage et ses acolytes ninjas, Aokage (&quot;Blue Shadow&quot;, un petit garçon) et Shirokage (&quot;White Shadow&quot;, un vieil homme) combattent les seigneurs de la guerre maléfiques. Les ninjas utilisent leurs pouvoirs de combat surhumains et leurs gadgets high-tech pour vaincre ces chefs de guerre dans un genre appelé daikaiju, dans lequel les protagonistes combattent une série de monstres humanoïdes.
Kamen Rider SD - Granshocker no Yabou (Japan)	Kamen Rider SD: Granshocker no Yabou est un jeu de plateau numérique avec des éléments de RPG basé sur le manga Kamen Rider SD, faisant partie de l'univers Kamen Rider. Les joueurs choisissent parmi trois équipes de personnages : - Battle Team (Kamen Rider 1, Kamen Rider ZX, Kamen Rider Black RX) - Wild Team (Kamen Rider 2, Kamen Rider Amazon, Kamen Rider Stronger) - Mechanic Team (Kamen Rider V3, Kamen Rider X, Kamen Rider Super-1) Le but est d'arrêter une organisation maléfique nommée GranShocker et de sauver le monde de leurs plans terribles. Chaque rider possède trois paramètres clés : le niveau de vitesse, l'endurance, et la capacité de carburant. En vainquant les ennemis, les personnages gagnent de l'expérience pour monter de niveau et améliorer leurs statistiques, ainsi que de l'argent pour acheter divers objets dans les magasins. De plus, les joueurs peuvent gagner de l'argent en jouant dans les casinos.
Karakuri Kengou Den Musashi Lord - Karakuribito Hashiru (Japan)	Karakuri Kengou Den Musashi Seigneur: Karakuri Jin Hashiru! est un jeu de rôle basé sur le manga Musashi, le samouraï.
Karaoke Studio (Japan)	Karaoke Studio est un jeu vidéo de musique karaoké conçu pour Nintendo, ou Famicom. Le jeu est fourni avec un sous-système d'extension matérielle conçu pour être inséré dans la fente de la cartouche Famicom, et avec un microphone périphérique capable de détecter une voix humaine.
Karaoke Studio Senyou Cassette - Top Hit 20 Vol. 1 (Japan)	est un jeu vidéo de musique karaoké conçu pour l'ordinateur familial de Nintendo, ou Famicom. Le jeu est livré avec un sous-système d'extension matérielle conçu pour être inséré dans la fente de cartouche Famicom, et avec un périphérique de microphone capable de détecter une voix humaine
Karaoke Studio Senyou Cassette - Top Hit 20 Vol. 2 (Japan)	Karaoke Studio Senyou Casette Vol 2 est le troisième jeu de karaoké de la série. pour ce qui n'en aurait pas eu assez de chanter à tue tête sur les deux opus précédents, bandai remet le couvercle en sortant cette troisième et dernière version de karaoké. Tout comme dans la seconde disquette, on compte un total de 32 musiques. Certaine ont disparue, d'autres sont encore là depuis la première version.
Karate Champ (World) (Evercade)	Karate Champ est un jeu mixant action et combat sorti sur NES. Jouable seul ou à deux joueurs, votre objectif est de battre tour à tour et dans neuf endroits différents les meilleurs champions de karaté afin de prouver que vous possédez les meilleures compétences. Pour ce faire, vous disposerez d'une très grande variété de mouvements et de techniques.
Karate Kid, The (USA)	Malgré son titre, le jeu The Karate Kid sur NES s'inspire en réalité du film The Karate Kid 2. Vous incarnez Daniel Larusso et vous traversez plusieurs niveaux, correspondants à autant de phases d'une compétition de karaté. Plusieurs styles de gameplay se côtoient. Ainsi les niveaux oscillent entre action, combat et plates-formes.
Karateka (Japan) (En)	Karateka est un jeu de combat sur NES. Le diabolique Akuma a détruit votre patrie et kidnappé votre princesse Mariko. En tant que maître en arts martiaux, vous êtes le seul capable d'atteindre le palais d'Akuma pour se dresser contre lui.
Karnov (USA)	Karnov est un jeu d'action sorti sur NES qui vous met dans la peau de Jinborov Karnovski, un géant travaillant dans un cirque, qui part à la recherche d'un trésor perdu. Vous devrez parcourir neuf niveaux pour toucher au but tout en détruisant les ennemis qui se trouvent sur votre chemin à l'aide de vos poings et de votre pouvoir qui consiste à pouvoir cracher du feu. La version Américaine est plus facile (continue illimités) et a été amputé de ses cinématiques.
Kawa no Nushi Tsuri (Japan)	Kawa no Nushi Tsuri est un RPG basé sur la pêche. Vous jouez comme un jeune homme dont la s?ur est vraiment malade. Tu dois attraper ce gros poisson appelé le roi de la rivière pour la guérir. Donc, vous faites la seule chose logique: Voyage d'un trou de pêche à un trou de pêche en essayant d'obtenir le roi de la rivière. Malheureusement, ce roi de la rivière est très populaire, car toutes sortes d'animaux vous attaquent pendant votre voyage.
Keiba Simulation - Honmei (Japan)	Contrairement à un jeu de course traditionnel, il ne permet pas de contrôler les courses ou de parier. Le joueur ajuste les paramètres de chaque course et des chevaux participants, modifiant des aspects comme la fatigue, l'âge et le poids du jockey. Ensuite, il observe la course se dérouler avec ces réglages pour voir le résultat. Le but semble être de simuler les résultats probables des courses réelles pour les passionnés de courses, plutôt que pour les jeux de hasard.
Kekkyoku Nankyoku Daibouken (Japan)	Dans le jeu d'action Antarctic Adventure sur Nes, vous devez aider un pingouin à rejoindre différentes bases le plus rapidement possible. Il faudra faire attention aux obstacles sur le parcours tels que des phoques ou des crevasses. Le pingouin peut ramasser du poisson pour gagner des points supplémentaires.
Kero Kero Keroppi no Daibouken (Japan)	Kero Kero Keroppi no Daibouken (la grande aventure de Keroppi) est basé sur le personnage populaire de Sanrio, Keroppi. C'est un jeu de puzzle pour enfants où Keroppi doit sauver sa petite amie Keroleen qui est enfermée dans un château. Pour ce faire, il doit résoudre les énigmes basées sur l'action dans sept mondes différents avec quatre types d'étapes différentes (la surface du labyrinthe, volant un avion, un niveau de Reversi, et à travers un champ de lave). Tous les objets du jeu sont prédéterminés; il y a un besoin de mémoriser le modèle pour chaque playthrough de sorte qu'un joueur puisse avancer dans les niveaux plus rapidement une fois qu'ils ont atteint un degré d'expertise dans le jeu.
Kero Kero Keroppi no Daibouken 2 - Donuts Ike wa Oosawagi!! (Japan)	Ce jeu vidéo a le personnage de Sanrio à la recherche d'enfants perdus qui ont été kidnappés par des monstres. Essentiellement un clone standard de Super Mario Bros., le joueur contrôlant la grenouille de bande dessinée doit sauter autour des plates-formes en sautant sur des méchants ou les tuer avec son arme de croassement. Chaque niveau de bonus implique des personnages assortis de la franchise Sanrio dans un format similaire au jeu de cartes Concentration. Les écrans d'interception montrent la progression du personnage tout au long du jeu. Les niveaux vont de la forêt au bord de la mer.
Keroppi to Keroriinu no Splash Bomb! (Japan)	&quot;Keroppi to Keroriinu no Splash Bomb!&quot; est un jeu Bomberman assez amusant, avec un bon aspect d'itinérance libre aux niveaux, ce qui signifie que vous devez trouver votre chemin à travers les niveaux pour atteindre le boss, contrairement à la plupart des jeux Bomberman où chaque niveau est principalement un écran. Il comporte également une histoire très originale. Little thingy blanc, qui se révèle comme Teruteru Chan à la fin, est en train de faire un tour et va être kidnappé! Alors ... étant les héros que Keroppi et Keroleen sont, ils partent, armés de ballons d'eau pour sauver Teruteru Chan.Le mode deux joueurs propose un jeu simultané, ce qui peut vous être utile en mode solo. Les niveaux vont de la forêt au bord de la mer.
Ki no Bouken - The Quest of Ki (Japan)	Le troisième jeu de la série Tower of Druaga est en fait un préquel du jeu original. Juste après que le démon Druaga ait volé la tige de cristal bleu, la déesse Ishtar envoie la prêtresse Ki pour la récupérer.Le joueur contrôle Ki à sa hauteur des 60 niveaux de la tour. Comme dans le jeu original, elle doit trouver la clé pour sortir de chaque étage de la tour dans un temps limité. Mais contrairement à l'original, ce jeu est un jeu de plateforme, et le joueur contrôle un Ki non armé qui doit éviter les pièges de la tour. Pour monter en flèche, elle peut se précipiter et sauter, et elle continuera de s'élever aussi longtemps que le bouton de saut est maintenu. Si elle frappe un plafond en sautant ou un mur lorsqu'elle se précipite, elle tombera à terre et sera stupéfaite d'un moment.Ki trouvera également des coffres avec des objets pour l'aider (comme des chaînes à des niveaux plus élevés de la tour ou des ailes qui l'aideront à la contrôler), effets qui ne dureront que jusqu'à ce qu'elle quitte le sol où elle les a trouvés.
Kick Off (Europe) (En,Fr,De,It,Nl)	Kick Off est un jeu de football sur NES. Contrairement à la plupart des titres du genre, les matches se jouent avec une vue de dessus. L'autre particularité réside dans le fait que le ballon ne colle pas aux pieds des joueurs, il faut alors pratiquer le mode entraînement pour apprendre à bien contrôler la balle. Chaque joueur possède des caractéristiques propres, divisées en quatre catégories : vitesse, endurance, précision et agressivité.
Kickle Cubicle (USA)	Le royaume est recouvert de glace! Et il a toutes les chances de le rester si Kickle n'intervient pas! Voilà que le cruel Roi Sorcier s'est introduit dans le Royaume Fantastique et qu'il a recouvert de glace les Quatres Terres. Il s'est emparé de ses habitants et de leurs Palais, et les a cachés au plus profond de la banquise. Et maintenant Kickle, armé de son souffle glacial, se prépare à secourir ses amis. Venez lui prêter main forte pour que le royaume ne soit plus plongé dans un hiver sans fin.
KickMaster (USA)	Vous êtes un servant du roi et casser du monstre à grand coup de pieds (la seule attaque possible, normal vu le titre...). Le jeu est assez beau, les musiques pas geniales mais pas répugnantes non plus ; quand vous tuez un monstre, trois items partent en l'air, vous pourrez en recuperer plusieurs avec un peu d'entrainement...Le seul defaut est sa maniabilité, sinon le jeu est dans la moyenne... (à noter les cut scene belles pour la NES)
Kid Icarus (USA, Europe)	Une aventure passionnante de la mythologie grecque. Dans le royaume lointain du &quot;Domaine des Anges&quot;, la méchante Medusa a volé les Trois Trésors Sacrés et emprisonné la déesse de la lumière, Palutena. En tant que Kid Icarus, votre mission consiste à trouver les trésors, détruire Medusa et libérer Palutena. Amassez des armes et de l'énergie tout en voyageant parmi les ruines au cours de votre mission destinée à vaincre Medusa et son armée et à secourir Palutena ainsi que les trésors du Palais Céleste. Si vous y parvenez, vous serez le héros du &quot;Domaine des Anges&quot;. Pouvez-vous réussir?
Kid Klown in Night Mayor World (USA)	Vous incarnez Kid Klown et devez contrer les plans de Blackjack. A chaque niveau, celui-ci lance une bombe et vous devez courir le plus vite possible en évitant les obstacles pour arriver avant la bombe et l'empêcher d'exploser. Il faut de plus ramasser quatre cartes avant l'arrivée, sinon le niveau doit être recommencé. Ce jeu aurait dû être Mickey Mouse Dream Balloon aux USA (Mickey Mouse III: Yume Fuusen en Japonais), troisème jeu de Kemco ayant pour star Mickey Mouse. Mais Capcom obtint les droits Disney pour les jeux vidéos Nintendo aux USA juste avant sa sortie, obligeant Kemco a modifier le jeu à la dernière minute avec un nouveaux personnage et de nouvelles cinématiques.
Kid Kool and the Quest for the Seven Wonder Herbs (USA)	Kid Kool and the Quest for the Seven Wonder Herbs sur Nes est un jeu de plates-formes. Vous partez en quête de sept herbes curatives pour sauver un roi de la maladie. Sur votre route se dressent des monstres mais n'ayez crainte ! Vous croiserez une étrange créature appelée Wicky que vous pouvez allègrement balancer sur vos ennemis pour vous en défaire.
Kid Niki - Radical Ninja (USA)	Dans ce jeu d'action en side-scrolling, Kid Niki doit sauver sa bien-aimée Princesse Margo qui a été kidnappée par le Stone Wizard. Vous êtes équipé d'un nunchaku pour éliminer tous les sbires qui se dressent sur votre chemin. Vous pouvez également trouver une cloche d'or, dont le tintement abattra tous vos ennemis de loin, une cloche d'argent qui créera un bouclier de son impénétrable autour de vous, un mini-Niki qui vous donnera une vie supplémentaire, et une mini-princesse qui vous évitera la mort. Il y a sept domaines que vous devez traverser, chacun ayant un boss à la fin. Les sept boss sont le Death Breath, Spike, le Stone Buddha, la Horned Witch, le Green Grub, le Mad Monk, le Samurai Guard, et le Stone Wizard.
Kidou Senshi Z Gundam - Hot Scramble (Japan)	Mobile Suit Z Gundam: Hot Scramble est un jeu vidéo multi-genre de 1986, développé par Game Studio et publié par Bandai sur Family Computer. Basé sur l'anime Mobile Suit Z Gundam, il s'agit de l'un des tout premiers jeux vidéo de la licence Gundam. En dehors de la réédition bien plus tardive sur Famicom Mini, il existe deux versions du jeu : la sortie originale et une édition spéciale issue de la version test en salle, parfois surnommée Final Version. Seules 1000 copies de cette seconde version ont été distribuées, ce qui en fait l'un des jeux vidéo les plus rares de l'histoire.
King Kong 2 - Ikari no Megaton Punch (Japan)	King Kong 2 : Ikari no Megaton Punch est l'adaptation du film éponyme sorti la même année. Dans ce jeu, vous incarnez Kong, cherchant à délivrer sa compagne retenue captive. Pour cela il vous faudra parcourir neuf zones différentes (base militaire, zone montagneuse, jungle, cité, etc.) et détruire vos ennemis à coups de poings, en les écrasants ou bien encore en leur envoyant des rochers. Le jeu se déroule entièrement en vue de dessus comme dans un Zelda et certains items sont cachés.
King's Knight (USA)	King's Knight est un jeu de tir en vue de dessus sur le thème de la fantasy où quatre héros doivent s'unir pour vaincre un dragon et sauver une princesse désespérée. C'était l'un des premiers jeux publiés par Square Soft (maintenant Square Enix). King's Knight est une variante du Knightmare de Konami qui s'est extrêmement bien vendu.
King's Quest V (USA)	King's Quest V : Absence Makes the Heart Go Yonder! est un jeu d'aventure sur NES. En une belle après-midi ensoleillée, le roi Graham décide de sortir faire une promenade. Mais à son retour, son château avait disparu à cause d'un mauvais sort jeté par le maléfique Mordack. Dans la peau de Graham, vous devez tout faire pour retrouver Mordack.
Kings of the Beach - Professional Beach Volleyball (USA)	Avec Kings Of The beach les amateurs de volley-ball vont se régaler. Ce jeu sorti sur Nes est dédié au monde du volley-ball sur plage. Les duels se font en deux contre deux. Incarnez les célèbres Sinjin Smith et Randy Stoklos. Parcourez quinze niveaux sur des plages de sable fin telles que les plages de Hawaï et Sydney et écrasez la vingtaine d'adversaires pour devenir éventuellement le Roi de la plage.
Kirby's Adventure (USA)	Kirby est de retour! Que serait le Pays des Songes sans rêves? Un cauchemar! Source onirique, la Fontaine des Rêves s'est tarie, privant tout le pays de ses rêves merveilleux! Et c'est Kirby, notre petite boule rondouillarde, qui doit ramener aux Songeurs leurs siestes si agréables! L'appétit de Kirby pour l'aventure est plus énorme que jamais. Son chemin, il le déblaie en gobant et en avalant de nouveaux ennemis. Un vrai festin! Il peut aussi s'emparer de la capacité du brigand qu'il met au tapis! Avec cette puissance, Kirby peut peaufiner vingt astuces toutes nouvelles qui l'aideront à progresser dans le Pays des Songes devenu Cauchemar! Kirby's Adventure regorge de mondes totalement nouveaux à explorer.
Kiteretsu Daihyakka (Japan)	Kiteretsu Daihyakka est un jeu de plate-forme d'action pour le Nintendo Entertainment System. Le jeu est basé sur une bande dessinée japonaise qui a également obtenu une série animée. Kiteretsu a fait une machine de voyage Dream World, le Dream Mirror. Mais il est tombé en désordre et a dispersé Kiteretsu et ses amis dans Dream World. C'est à Kiteretsu de les sauver et de rentrer chez eux. Le jeu dispose d'une plate-forme standard avec une fonctionnalité supplémentaire où le joueur peut marcher et sauter à l'envers. Le joueur doit également trouver des plans utilisés pour créer de nouvelles inventions pour progresser dans le jeu.
Kiwi Kraze - A Bird-Brained Adventure! (USA)	The New Zealand Story sur NES est un jeu de plates-formes. Le joueur contrôle Tiki, un kiwi dont l'objectif est de secourir ses amis kidnappés par un léopard de mer. Chaque niveau achevé permet de sauver l'un des siens. Pour se défendre, le joueur peut user de flèches comme arme de base, puis acquérir des bombes, des lasers, ou encore des boules de feu.
KlashBall (USA)	KlashBall (SpeedBall sur d'autres supports) sur NES est un jeu de sport futuriste mettant aux prises 2 équipes de 5 joueurs. Au coeur d'une arène métallique, tous les coups sont permis pour mettre la balle dans les buts adverses. Il existe deux modes de jeu : Match d'Exhibition ou un Mode Tournoi pour se frotter aux meilleurs.
Klax (Japan)	Klax est un jeu d'action / puzzle dont le but est d'attraper les tuiles qui tombent de couleurs assorties et de créer des rangées, des colonnes ou des diagonales d'une seule couleur. Chaque niveau demande un motif différent, et les tuiles tombent de plus en plus vite, plus nombreuses à la fois, et avec de plus en plus de couleurs au fur et à mesure que le jeu progresse.
Knight Rider (USA)	Knight Rider est un jeu de courses sur Nes basé sur la célèbre série K2000. Vous devez parcourir les routes des Etats-Unis au volant de la voiture parlante Kitt. En effet, une bombe a été volée par des terroristes dans un site militaire, et vous devez tout faire pour les rattraper.
Konami Hyper Soccer (Europe)	Konami Hyper Soccer est un jeu de football sur Nes. Le soft propose des modes ultra-classiques : Match Exhibition, Tournoi, Penalty. On choisit son équipe parmi différentes sélections nationales et on doit ensuite répartir des points dans diverses catégories : attaque, défense, chance etc.
Konami Wai Wai World (Japan)	Le joueur commence le jeu en tant que Konami Man, et peut basculer entre Konami Man et Konami Lady. Si deux joueurs jouent, alors l'un joue Konami Man et l'autre Konami Lady. Les deux joueurs ne sont pas en mesure de changer de personnage jusqu'à ce qu'ils sauvent au moins un personnage de l'un des six niveaux. Le joueur doit jouer à travers six différents niveaux sélectionnables qui ont lieu dans différents jeux Konami et enregistrer le personnage vedette de ce jeu avec une clé à laquelle le joueur peut alors jouer. Chaque personnage a des capacités différentes pour commencer ainsi que celles qu'ils peuvent éventuellement gagner. Le joueur s'aventure à travers ces six premiers niveaux d'une manière non linéaire avec un gameplay.
Kouryuu Densetsu Villgust Gaiden (Japan)	Armed Dragon Fantasy Villgust sur Nes est un jeu de rôle dans lequel vous incarnez un soldat kobold, le seul pouvant sauver le monde. Cependant, la quête est difficile, il vous faut donc recruter des soldats pour vous accompagner afin de braver les nombreux dangers qui vous attendent aux quatre coins du monde. Le jeu se base sur l'animé du même nom, Villgust. Vous avez la possibilité de combattre automatiquement ou en temps réel.
Koushien (Japan)	Little League Baseball : Championship Series sur Nes vous plonge dans la peau d'une équipe de base-ball américaine, asiatique ou européenne. Le titre propose de s'adonner à ce sport seul contre l'ordinateur, ou à deux. Le jeu se veut assez technique et que vous préfériez jouer batteur, coureur ou défenseur, vous avez du pain sur la planche.
Krion Conquest, The (USA)	The Krion Conquest est un jeu d'action sur Nes dans lequel vous incarnez une sorcière, seul espoir d'une terre en proie à une invasion. En effet, l'empire de Krion compte bien faire de la Terre un de ses nouveaux territoires. Francesca, c'est le nom de la sorcière, peut lancer toutes sortes de magie contre ses ennemis, et ainsi promettre à notre chère planète un avenir plus radieux.
Krusty's Fun House (USA)	Krusty's Fun House sur Nes est un jeu de réflexion dans lequel vous incarnez le clown pathétique des Simpsons. La maison de Krusty a été envahie par des rats et il vous incombe la tâche de les faire partir en les dirigeant vers des pièges. Pour ce faire, manipulez judicieusement les éléments de l'environnement de manière à conduire les rats dans la bonne direction.
Kujaku Ou (Japan)	Kujaku Ou le Roi Paon, qui est un jeune moine du Mt. Koya sous la direction de son Maître, est envoyé pour enquêter sur d'étranges incidents paranormaux prenant le contrôle du Japon. Muni d'incantations magiques du bouddhisme japonais ésotérique de Shingon, il peut invoquer Fudo fougueux, Kannon miséricordieux, Indra houleux, Marishi vaillant, Mayu ailé le Paon Lord et d'autres divinités du panthéon dans ce roman visuel passionnant. Battez les démons du Grand Grimoire! Demoiselles de sauvetage! Comprend une bataille culminante entre le Seigneur des Ténèbres et le serpent Yamata, et une fin alternative secrète où le héros devient un démon. Développé à partir du populaire Manga de Makoto Ogino.
Kujaku Ou II (Japan)	La suite passionnante de Peacock King! Le jeu original est Kujyaku Ou de 1990 sur NES, un RPG graphique et d'aventure basé sur la populaire série manga de Makoto Ogino, &quot;Peacock King&quot;. L'aventure continue alors que Peacock affronte l'incarnation du général Nobunaga Oda. Faites équipe avec Asura, un esprit fougueux, le maître de Jukindo Onimaru, et le maître zen Kou Kaifou pour combattre les serviteurs missionnaires de Nobunaga avec une vaste gamme de sorts de Shingon! Voyagez dans le monde mystique du Mandala du Lotus et battez les démons hindous, les boddhisattvas sombres et le plus méchant des méchants, le Phénix! Une histoire passionnante où Peacock King découvre ses origines sombres et sa soeur jumelle maléfique Tomoko!
Kung Fu (Japan, USA) (En)	Kung Fu est un beat'em all sur NES. Le méchant Mr X a capturé une jolie fille nommée Sylvia. Ainsi le valeureux Thomas, maître en kung-fu, se lance à sa recherche. Dans chaque niveau une flopée de soldats ainsi qu'un boss tenteront de barrer la route à notre héros.
Kung-Fu Heroes (USA)	Dans le jeu d'action Kung Fu Heroes sur Nes les maîtres Jacky et Lee retournent chez eux après un long voyage. Ils découvrent que la princesse Min-min a été enlevée et les dix trésors du royaume ont disparu. Jacky et Lee devront parcourir huit châteaux pour éliminer la menace qui plane dans le royaume et retrouver la princesse Min-min. Il est de plus jouable à deux en simultané.
Kunio-kun no Nekketsu Soccer League (Japan)	Kunio-kun no Nekketsu Soccer League est un jeu de football 6 versus 6 jouable a 4 avec l'adaptateur. Il s'agit du dixième épisode sur NES de la prolifique série « Nekketsu Koha Kunio-kun » qui peut à peu près être traduit par « le voyou Kunio du lycée Nekketsu » et qui a offert une douzaine de titres à la NES (Renegade, Nintendo World Cup, Crash 'n the Boys: Street Challenge, etc..). Il s'agit d'une suite de Nintendo World Cup, connu au Japon sous le nom de Nekketsu Koko Dodgeball-bu: Soccer-hen. Le Nekketsu FC, l'equipe de foot du lycée du héros Kunio, veut devenir numero un mondiale et va affronter les meilleures équipes nationales.
Kurogane Hiroshi no Yosou Daisuki! - Kachiuma Densetsu (Japan)	Ce jeu est un simulateur de courses hippiques. Vous ne contrôlez pas le cheval pendant la course. Vous choisissez un cheval, les détails de la compétition, et vous suivez en détail le déroulement des courses, du départ à l'arrivée. L'action est montrée sous différents angles, et avant les courses, vous devrez choisir parmi de nombreux paramètres tout en naviguant à travers divers dialogues et écrans animés. La victoire dépend d'un calcul précis des paramètres du cheval en fonction des conditions de la course. Le japonais complique la compréhension des alternatives possibles...
Kyonshiizu 2 (Japan)	Kyonshis 2 est un jeu d'action et d'aventure de Taito et est basé sur le film du même nom, qui à son tour était la suite d'un film connu en occident sous le nom de Mr. Vampire. Le jeu lui-même n'a pas de prédécesseur : alors que Phantom Fighter est basé sur le film précédent de la série, le jeu est venu après celui-ci et n'a aucun rapport.
Kyoto Hana no Misshitsu Satsujin Jiken (Japan)	Kyouto Hana no Misshitsu Satsujin Jiken est le dernier opus de la trilogie des jeux Yamamura Misa Suspense pour la Famicom, sorti au Japon. Comme les autres jeux de la série, il se joue en vue à la première personne avec des options textuelles à sélectionner. Vous devrez parfois cliquer sur des éléments à l'écran avec un pointeur, mais la majeure partie du jeu consiste à choisir des actions à partir d'un menu. L'histoire se déroule à la mi-août, où le corps d'une femme a été retrouvé. Vous devez enquêter pour retrouver le meurtrier, en accomplissant diverses tâches telles que se rendre à différents endroits et interroger des témoins sur ce qu'ils ont vu ou entendu. Le joueur peut sauvegarder sa partie à tout moment durant le jeu.
Kyoto Ryuu no Tera Satsujin Jiken (Japan)	Kyouto Ryuu no Tera Satsujin Jiken est le premier jeu d'une série de jeux de mystères criminels développée par Taito, basé sur les œuvres de l'écrivain japonais prolifique Yamamura Misa. Comme beaucoup de ses homologues de jeux d'aventure criminels sur Famicom, le but est de traquer un tueur en utilisant les compétences de détective fournies : examiner les scènes de crime, recueillir des preuves et interroger des suspects et d'autres PNJ utiles. Le jeu, ainsi que ses suites, n'ont jamais été localisés ou publiés en dehors du Japon.
Kyouryuu Sentai Zyuranger (Japan)	Le joueur commence le jeu en tant que Boi dans la première étape, suivi par Mei, Dan, Goushi et Geki dans les étapes suivantes. Chaque Zyuranger commence sa scène en maniant le pistolet Ranger standard, qui peut être remplacé par l'Arme légendaire correspondante du personnage en trouvant l'entrée de la pièce de Barza dans chaque étape. Chaque étape contient également dix pièces éparpillées qui reconstitueront complètement la jauge de vie du joueur une fois complètement rassemblée, aussi bien affichent un alambic de mecha du caractère et de ses caractéristiques. À la fin de chaque étape, le joueur affrontera l'un des principaux méchants du spectacle. Les vilains affrontés sont Pleprechuan, Tottpatt, Bookback, Grifforzer et Bandora elle-même.
Kyuukyoku Harikiri Koushien (Japan)	Kyuukyoku Harikiri Koushien est un jeu de baseball pour la Famicom, qui ne ressemble à aucun autre. Le principal point d'attraction avec celui-ci est qu'il y a environ 100 équipes parmi lesquelles choisir. De plus, les statistiques de baseball traditionnelles ne sont pas utilisées, mais chaque joueur a une force et une vitesse définies, et c'est tout ce que vous devez savoir. Un ajout intéressant est le capteur de puissance, qui peut aider votre équipe à aller de l'avant s'il est utilisé correctement
Kyuukyoku Harikiri Stadium - '88 Senshu Shin Data Version (Japan)	Il s'agit d'une version mise à jour du jeu original de Taito &quot;Kyuukyoku Harikiri Stadium&quot;. Comme son prédécesseur, il s'agit d'un jeu de simulation de baseball simple pour la Famicom qui n'est jamais sorti en dehors du Japon. Hormis une mise à jour de la liste et quelques améliorations graphiques, il y a peu de différence entre ce jeu et le jeu précédent de la série. Ce processus consistant à apporter des améliorations progressives mineures entre les versions annuelles finirait par devenir une pratique courante dans les jeux de sport sur console.
Kyuukyoku Harikiri Stadium - Heisei Gannen Ban (Japan)	Un RPG bien connu qui se veut le jeu de baseball ultime. Sa principale particularité réside dans l'utilisation d'un mot de passe.
Kyuukyoku Harikiri Stadium III (Japan)	Kyuukyoku Harikiri Stadium III est un jeu de baseball développé et publié par Taito Corporation pour la plate-forme Famicom (NES). Kyuukyoku Harikiri Stadium III est le troisième jeu de la série japonaise de baseball pour la Famicom. Il s'agit d'un jeu de baseball pour Famicom publié par Taito, bien que le développeur exact (Taito sous-traitait généralement ses jeux pour Famicom à des développeurs indépendants tels que TOSE ou Micronics) ne soit pas connu avec certitude. Le nom signifie en fait quelque chose comme &quot;Ultimate Excitement Stadium&quot; et &quot;Harikiri&quot; ne doit pas être confondu avec &quot;Harakiri&quot;, qui signifie suicide rituel par éviscération. D'une part, les battes de baseball sont trop émoussées.
Labyrinth (Japan)	Ce jeu est tiré du film américain du même nom sorti en 1986 avec David Bowie (Le petit bonhomme bleu que vous voyez sur le screenshot) et Jennifer Connelly (en rouge). Une toute jeune fille romantique se sentant mal à l'aise dans sa famille s'évade en lisant des contes fantastiques. Son livre favori &quot;le Labyrinthe&quot; lui ouvre une nuit les portes d'un autre monde. Sarah voit son jeune frère, Toby, enlevé par une troupe de lutins aux ordres du séduisant et cruel Jareth. Elle part au secours de l'enfant et pénètre dans le labyrinthe qui mène au palais du ravisseur.
Lagrange Point (Japan)	Au 22ème siècle, l'humanité a quitté la Terre. Une nouvelle ère spatiale a commencé, appelée l'ère d'Isis. Les êtres humains ont construit une oasis dans l'espace profond, une station spatiale appelée LaGrange Point. À partir de là, ils pourraient envoyer des expéditions sur des planètes éloignées et explorer l'espace. Vous contrôlez un jeune pilote nommé Jin. Un jour, lorsque vous descendez à LaGrange depuis votre vaisseau spatial, vous êtes attaqué par de mystérieux envahisseurs robotiques. Votre tâche consiste maintenant à voyager dans l'espace et à découvrir la cause de l'agression. Mais vous ne soupçonnez même pas que vous serez bientôt impliqué dans un mystère profond qui était destiné il y a longtemps ... &quot;LaGrange Point&quot; est l'un des rares RPG de style console à être installé dans un environnement de science-fiction et à proposer des vols spatiaux. Le système de combat vous oblige à utiliser des points spéciaux (appelés BP) pour effectuer des attaques simples, lancer des sorts et utiliser diverses techniques qui vous coûteront votre HP. Vous combattez des monstres et des boss aléatoires dans un combat au tour par tour, vu de la perspective de la première personne, comme dans la série Phantasy Star.
Lasalle Ishii no Child's Quest (Japan)	Le jeu met en vedette Lasalle Ishii, une personnalité de la télévision japonaise, et se concentre sur un manager accablé (le protagoniste, nommé par le joueur) et son groupe J-Pop en devenir, &quot;Childs&quot;, composé de trois membres. Pour obtenir la renommée et les fonds nécessaires à la réussite du groupe, le joueur (dans le rôle du manager) doit &quot;combattre&quot; divers responsables stressés pour les convaincre d'accorder des royalties au groupe, l'équiper du matériel nécessaire pour se produire, et voyager à travers le Japon pour conclure des accords et obtenir plus de financement. De plus, l'équipe opère en combat comme une entité unique - chaque équipement s'applique simultanément à tous les membres du groupe. Le jeu ressemble beaucoup à Dragon Quest en termes de gameplay, mais il se distingue par son cadre moderne japonais et son concept inhabituel.
Laser Invasion (USA)	Laser Invasion est un jeu de tir sur Nes dans lequel le joueur est installé dans le poste de pilotage d'un hélicoptère armé jusqu'aux hélices. A bord de cet engin survitaminé, il doit faire régner la loi et faire mordre la poussière à des adversaires, au sol ou en l'air, prêts à tout pour lui faire toucher terre. Le jeu est divisé en trois grandes parties dont chacune a une particularité de jouabilité. D'ailleurs le jeu est jouable avec le pistolet de la Nes : le Nes Zapper.
Last Action Hero (USA)	Last Action Hero sur Nes est inspiré du film du même nom mettat en scène Arnold Schwarzenegger. Vous êtes Jack Slater, un héros de films d'action, qui doit tout faire pour empêcher le cruel Benedict de s'emparer du ticket de cinéma magique, permettant de passer de l'écran à la réalité.
Last Armageddon (Japan)	La Terre a changé. Nous ne savons pas encore ce qui est arrivé à l'humanité, mais nous savons qu'elle a été éradiquée. La nouvelle Terre s'appelle Makai - le monde des démons. Des générations de créatures mythologiques habitent la planète, d'où l'être humain a mystérieusement disparu. Un jour, une vague d'énergie frappe la Terre. Les chefs des démons réalisent qu'une race extraterrestre robotisée venue de l'espace menace leur existence. L'explosion transforme la Terre en un terrain vague. De nombreux démons meurent dans le chaos de la destruction. C'est maintenant aux démons restants de repousser les envahisseurs extraterrestres, de ramener la paix à la race démoniaque, et peut-être d'en savoir plus sur le destin tragique de l'humanité.
Last Ninja, The (USA)	The Last Ninja sur Nes est un jeu d'action dans lequel vous incarnez le seul et dernier survivant de votre clan qui a été sauvagement massacré. Vous n'avez plus qu'une seule idée en tête : la revanche. Traquez et tuez les meurtriers avec l'arsenal du parfait Shinobi : katana, nunchaku et shuriken. Contrairement à ce que son titre laisse entendre, cet épisode est le second de la série.
Last Starfighter, The (USA)	The Last Starfighter estun shoot 'em up basé sur le film de 1984 du même nom. Le héros doit piloter un chasseur d'étoiles extraordinairement puissant pour détruire une armada ennemie. L'action se déroule dans l'espace en défilement latéral, le vaisseau reste toujours aligné au milieu de l'écran mais peut avancer ou reculer tout en accélérant et décélérant. Les ennemis viennent à vous de toutes les directions et dans toutes les formations. Le jeu dispose également d'un mode à 2 joueurs où chaque joueur joue à tour de rôle.
Law of the West (Japan)	L'Ouest est hors de contrôle et un nouveau shérif est en ville. Alors que vous vous promenez dans les rues poussiéreuses de cette ville de cow-boys pour faire régner l'ordre, vous rencontrez de nombreux personnages, des bandits armés et des dames. nnVous devez discuter avec les personnages afin qu'ils vous laissent passer et si vous n'y arrivez pas, vous devrez peut-être utiliser vos compétences de tir rapide et faire la loi.
Layla (Japan)	Layla, un membre de 17 ans du groupe de forces spéciales CAT, a besoin de sauver son partenaire et petite amie Iris qui a été kidnappé par le malade Dr Manitoka. Huit astéroïdes doivent être explorés à la recherche d'Iris, chacun divisé en deux sections : la première partie impliquant la surface de l'astéroïde alors que la seconde partie traite de la base réelle ennemi. L'écran du jeu défile toujours de gauche à droite et aucun retour arrière n'est permis. Tout en naviguant au travers des intérieurs caverneux des astéroïdes, des disques de mot de passe doivent être récupérés par le joueur. À la fin de chaque base attend un boss qui doit être vaincu.
Lee Trevino's Fighting Golf (USA)	Lee Trevino's Fighting Golf est un jeu de golf sur Nes. Il propose deux parcours de 18 trous, un en Amérique, l'autre au Japon. Le jeu est jouable à quatre avec seulement deux manettes, des joueurs partageant une même manette. Les environnements reprennent les éléments classiques de parcours de golf : un green, un fairway ou même de l'eau. Quatre personnages sont jouables, partageant des caractéristiques différentes.
Legacy of the Wizard (USA)	Legacy Of The Wizard est un jeu de rôle-action sur Nes. Le joueur contrôle une famille composée du père, bûcheron ; de la mère, experte en magie ; du fils, courageux guerrier ; de la fille, athlète ; et enfin d'un monstre domestique. Le joueur doit choisir quel membre de la famille incarner selon les situations, chaque personnage ayant des caractéristiques différentes. C'est au joueur de les utiliser au mieux, et de pouvoir, enfin, faire mordre la poussière à un dragon démoniaque...
Legend of Kage, The (USA)	Vous incarnez Kage, un ninja habile qui cherche à sauver la princesse Kiri des mains du seigneur de la guerre Yoshi. Armé uniquement d'une épée et de shurikens, vous devez vous frayer un chemin parmi d'innombrables sbires et un boss occasionnel pour accomplir votre tâche. Les niveaux comprennent la forêt, les douves, l'intérieur et l'extérieur du château. Ces niveaux se répètent au fil des saisons. Le gameplay est à défilement latéral. Les mouvements de Kage incluent la capacité de sauter très haut dans les airs, d'attraper et de grimper aux arbres, de bloquer et d'attaquer avec son épée, et de lancer des shurikens. Le jeu est parfois difficile car le joueur meurt en un seul coup. Le jeu à deux est possible, mais les joueurs doivent se relayer.
Legend of Robin Hood, The (USA) (Proto 2)	Encore un beau jeu qui n'a jamais fini sur les étagères. Ce jeu était en production, malheureusement le film de Kevin Costner également, en même temps. Cela s'est avéré un mauvais timing pour Arcadia. Ce jeu en était dans les dernières étapes avant sa sortie. Mais à ce moment crucial, le film de Kevin Costner est sorti: Robin Hood, prince des voleurs. Arcadia n'avait malheureusement pas les fonds pour obtenir une licence de Nintendo et du film, ils ont donc été forcés de se retirer. Le jeu lui-même est très amusant, c'est un RPG d'action et il montre la vie de tous les Merry-Men.
Legend of Zelda, The (USA)	The Legend of Zelda sur Nes vous présente la première aventure du jeune Link. Débutez votre périple dans le fantastique monde d'Hyrule. A l'aide de votre épée, de votre bouclier et de votre intelligence, retrouvez les huit fragments de la Triforce et sauvez la princesse Zelda.
Legendary Wings (USA)	Legendary Wings est un jeu d'action en vue de dessus. Dans un univers mêlant mythologie grecque et armes futuristes, vous volez à travers 6 niveaux et tentez de faire mordre la poussière à tout un tas d'ennemis aux intentions plus que belliqueuses. Des bonus sont présents sur la piste et rendent votre avion plus rapide, plus résistant ou plus meurtrier.
Legends of the Diamond - The Baseball Championship Game (USA)	Legends Of The Diamond sur Nes est un jeu de base-ball. Le titre intègre 30 joueurs célèbres, 2 stades différents ainsi que les traditionnels modes Exhibition et Tournois. Il est jouable à deux joueurs.
Lemmings (USA)	Votre tâche dans Lemmings sur NES est de secourir les petites créatures aux cheveux verts sur 120 niveaux. Un pourcentage d'individus à maintenir en vie vous est indiqué pour chaque mission. A vous de vous adapter à la configuration du terrain de jeu en assignant des tâches telles que creuser, construire un escalier ou encore bloquer le passage dans l'optique de ramener à bon port vos infatigables Lemmings.
Lethal Weapon (USA)	l'arme fatale vous connaissez ??? le film avec mel gibson et danny glover!! voici l'adaptation du premier film en plate forme assez sympa
Life Force (USA)	Shoot Them Up dérivé de la série Gradius de Konami. Le joueur dirige le vaisseau Vic Viper à travers six stages alternant scrolling horizontal et scrolling vertical. Il est possible de récupérer des power-up pour améliorer l'armement du vaisseau, par exemple un tir multiple. Les boss doivent être vaincus en détruisant leur c?ur. Une option multijoueur permet de jouer à deux en même temps.
Lion King, The (Europe)	Le Roi Lion est l'adaptation sur NES du film de Disney sorti en 1994. Vous parcourez la savane avec Simba, de son plus jeune âge jusqu'à son retour dans la tribu des lions à l'âge adulte. Tous les personnages et passages du film sont présents, de même que les musiques qui permettent aux nostalgiques de plonger pleinement dans l'univers d'un des classiques de Disney.
Little Lancelot (USA) (Piko Interactive)	The Legend of Prince Valiant est un jeu d'action/aventure sur Nes. Le titre raconte l'histoire de Valiant qui recherche Camelot. Le joueur contrôle ainsi le prince et il lui permet de sauter, marcher, et jeter des objets sur ses ennemis.
Little League Baseball - Championship Series (USA)	Little League Baseball : Championship Series sur Nes vous plonge dans la peau d'une équipe de base-ball américaine, asiatique ou européenne. Le titre propose de s'adonner à ce sport seul contre l'ordinateur, ou à deux. Le jeu se veut assez technique et que vous préfériez jouer batteur, coureur ou défenseur, vous avez du pain sur la planche.
Little Mermaid, The (USA)	La Petite Sirène sur Nes vous propose d'incarner Ariel dans un jeu d'action où votre objectif sera de secourir vos amis, transformés par la diabolique Ursula. Prenez garde aux congres, palourdes et autres créatures marines, peu enclines à vous aider dans votre tâche.
Little Nemo - The Dream Master (USA)	Little Nemo : The Dream Master sur Nes est un jeu d'action/plates-formes qui se déroule en 2D, avec un défilement vertical. Un enfant nommé Némo parcourt les niveaux en ramassant les clés parsemées ici et là. Pour ce faire, il dispose des compétences de ses ennemis lorsqu'ils ont été suffisamment nourris et endormis.
Little Ninja Brothers (USA)	Little Ninja Brothers sur Nes c'est avant tout une histoire ! Ce jeu de rôle/action vous propulse dans un monde où les ninjas règnent en maître. Blu Boltar, le chef du clan Yoma envahit Chinaland et fait prisonnier son empereur et se déclare seigneur des terres. Vous incarnez Jack et Ryu, deux maîtres ninjas, qui vont tout faire pour libérer l'empereur du joug du vilain Blu Boltar. Il 'agit du deuxième jeu de cette serie après &quot;Kung Fu Heroes&quot;. Une suite est disponible sur SNES &quot;Super Ninja Boy&quot; ainsi que deux spin off sur Game Boy.
Little Samson (USA)	La plus folle de toutes les aventures! La Forge Impériale a été envahie par Ta-Keed le Prince des Ténèbres! Seuls les possesseurs des Cloches Magiques peuvent empêcher son armée de détruire le royaume. Dirigé par le jeune alpiniste, Samson, une équipe de héros improbables est prête à bannir le diable à jamais! Devenez un dragon cracheur de feu, une solide statue de pierre vivante ou une agile et astucieuse souris! Transpercez le ciel et crachez des boules de feu avec Kikira le Seigneur Dragon! Ecrasez les troupes ennemies de vos poings de granit avec Gamm le Seigneur de la Pierre. Echappez aux derniers terribles monstres tout en posant des bombes avec K.O. la souris. Ces créatures rejoignent Samson pour former une alliance unique et puissante, dernier espoir pour la Forge Impériale!
Lode Runner (USA)	Lode Runner est un jeu de action/réflexion sorti sur NES. Le but consiste à récupérer un certain nombre de pièces d'or afin d'activer un SAS qui vous permettra de passer au niveau suivant. Ce n'est évidemment pas si facile car certaines des pièces sont cachées dans des niveaux inférieurs. Pour y accéder, le sol est constitué de pierres qui peuvent être détruites par le héros mais qui se reconstituent au bout d'un moment. Des monstres seront là pour vous empêcher de triompher.
Lone Ranger, The (USA)	The Lone Ranger sur Nes est un jeu d'action inspiré d'une série télévisée américaine des années 50. Vous incarnez un justicier masqué dans le Far West du 19ème siècle dont les camarades ont été assassinés par un truand, Butch Cavendish. Ce dernier vient de capturer le Président et c'est à vous seul de le délivrer en parcourant 8 niveaux remplis d'ennemis, dans la plus pure tradition des westerns.
Loopz (USA)	Loopz sur Nes est un jeu de réflexion dans lequel vous devez créer des formes à l'aide des pièces qui vous sont données. Le but est de créer la forme la plus grande afin de gagner le plus de points possible. Lorsque la forme est complète, c'est-à-dire lorsqu'il n'y a pas de trous, la figure disparaît.
Lost Word of Jenny - Ushinawareta Message (Japan)	Jenny est sur le chemin du théâtre pour s'entraîner pour un prochain rôle. Son script est cependant volé et doit suivre les pages dans différentes étapes qui sont entrées dans le monde du hub. Une fois que vous collectez une clé et mémorisez des lettres et des chiffres, vous allez au théâtre et utilisez-les pour déverrouiller le cadenas à combinaison. Jenny a 2 capacités: frapper et donner des coups de pied, et après avoir ramassé des bonus, lancer des étoiles et pulvériser des insectes
Lot Lot (Japan)	Dans Lot Lot, vous contrôlez directement une flèche et indirectement une autre qui suit votre flèche d'origine avec un délai (d'environ) 4 secondes. Lorsque vous appuyez sur le bouton, toutes les boules sur le compartiment qu'une flèche indique sont immédiatement échangées avec le contenu du compartiment que l'autre flèche indique. Le but de Lot Lot Lot est de sortir autant de petites balles (qui ressemblent aux balles Pachinko) des compartiments de la grille et de les faire descendre dans les cases de points afin d'atteindre le score demandé, et de passer au tour suivant.
Low G Man - The Low Gravity Man (USA)	Low G-man sur Nes est un jeu d'action et de plates-formes dans lequel vous incarnez un homme pas tout à fait ordinaire. En effet vous possédez une combinaison spéciale vous permettant des sauts extraordinaires. En 2284, des aliens auront reprogrammé de nombreux robots et votre mission est d'arrêter tout ce bazar.
Lunar Pool (USA)	Voici Lunar Pool,un jeu de billard (lunaire) fait en colaboration avec Fuji TV. Sur un menu simpliste,on peut choisir le niveau de glissemment de la balle,et le niveau (60 en tout!). La maniabilité est bonne, sans plus,et les bruitages excellents mais la musique répétitive.Les graphismes sont plutot bons pour la NES. C'est la meilleure simulation de billard, faute de meilleure concurrence. Je lui donne 8/10,surtout pour son mode 2 joueurs!
Lupin Sansei - Pandora no Isan (Japan)	Lupin Sansei: Pandora no Isan, &quot;Lupin le troisième: Legacy of Pandora&quot; est un jeu vidéo basé sur la populaire série Lupin III de Monkey Punch et est une suite au film The Castle of Cagliostro. Il a été développé par TOSE et publié par Namco sous leur label Namcot le 6 novembre 1987 au Japon seulement. Le jeu est un peu similaire au titre d'arcade de Namco, Rolling Thunder, avec l'ajout de plusieurs gadgets et la possibilité de basculer entre les trois personnages principaux. Lupin et ses alliés peuvent trouver d'autres personnages dans chaque étape qui peuvent être soudoyés pour obtenir des informations. La persistante Zenigata fait également une apparition, présente à chaque étape, tentant d'arrêter Lupin.
M.C. Kids (USA)	Aussi connu sous le nom de M.C Kids, Mc Donald land est un jeu de plates-formes sur Nes. Vous incarnez un jeune garçon rendu au pays imaginaire de Mc Donald afin d'y retrouver le sac magique de Ronald Mc Donald. Jouable aussi à deux en coopération, Mc Kids reste très classique dans son gameplay, vous avancez et tuez des ennemis en leur jetant des pierres. Sept niveaux sont proposés et vous devrez trouver des artefacts magiques cachés pour passer de l'un à l'autre.
M.U.L.E. (USA)	MULE (pour Multiple Use Labor Element - élément de travail aux usages multiples) est un jeu vidéo écrit en 1983 par Dan Bunten, Bill Bunten, Jim Rushing et Alan Watson pour les studios Ozark Softscape, et publié par Electronic Arts. Bien plus qu'un jeu, c'est un simulateur économique, dont le but est de coloniser une petite planète, en jouant sur la production, l'offre et la demande de ses ressources. Le jeu se déroule sur Irata, une petite planète en cours de colonisation, comprenant une rivière, des montagnes, des déserts et un magasin (the store). Quatre joueurs (les joueurs manquants étant automatiquement pris en charge par l'ordinateur) sont invités à choisir la race de leur personnage colonisateur : Mechtron, Gollumer, Packer, Bonzoïd, Spheroïd, Flapper, Leggite ou Humanoïd, chaque race ayant des avantages et des inconvénients qui vont de pair avec des stratégies différentes. Les colons débarquent sur Irata, avec la somme de 1.000 $, ainsi que l'équivalent de 300 $ d'énergie et de nourriture pour démarrer. Pour remporter la partie avec le maximum de points, il ne suffit pas seulement d'amasser la plus grande quantité de richesses, mais aussi de coopérer avec les autres pour la survie de la colonie et de lui permettre de réaliser le plus gros score possible.
M.U.S.C.L.E. - Tag Team Match (USA)	M.U.S.C.L.E. est un jeu de catch dans lequel il faudra choisir 2 lutteurs pour participer à des combats par équipe contre ou avec un ami. Chaque lutteur possède un mouvement spécial qu'il peut utiliser en collectant des boules de pouvoir qui apparaissent autour du ring. L'univers est tiré du manga Kinnikuman appelé Muscleman en Francais.
Mach Rider (Japan, USA) (En)	Dompter la route et sauver le monde, voilà le programme de Mach Rider sur NES. Enfourchez votre moto et sauvez les survivants de l'invasion des Forces du Mal sur Terre. Il vous faudra parcourir dix niveaux vertigineux et éliminer vos adversaires à l'aide de votre mitrailleuse ou en les poussant hors de la route. Utilisez le mode Design pour créer vos propres circuits, mais attention, ceux-ci sont supprimés quand vous éteignez la console.
Mad Max (USA)	Mad Max est un jeu de courses/action sur Nes. Vous incarnez Mad Max et vous conduisez un Interceptor à travers un univers post-apocalyptique. Au fil des différents niveaux vous devez combattre le mal et les bandits.
Mafat Conspiracy, The (USA)	Dans Mafat Conspiracy Golgo 13 sur Nes vous incarnez Golgo 13 aka Duke Togo, un tireur d'élite et assassin de profession. Dans ce chapitre, Golgo doit retrouver un satellite disparu du système de défense laser SDI.
Magic Candle, The (Japan)	The Magic Candle sur NES est un jeu de rôle dont le héros principal doit sceller le démon Dreax à l'intérieur de la bougie magique, avant que celle-ci ne soit entièrement consumée, signifiant de même la libération du démon. De nombreux voyages, quêtes et explorations de zones sont au programme.
Magic Darts (USA)	Magic Darts sur Nes est un jeu de fléchettes dans lequel vous pouvez jouer à 6 différents types de jeu : le 301, 501, 701, le count up, l'horloge et le half it. Vous avez aussi la possibilité entre 10 personnnages (un singe, un alien, un robot...). Pour plus de précision le lancer dépend de 4 facteurs : la position, la courbe, l'angle ainsi que la puissance. Ce jeu permet à 4 joueurs de s'affronter les uns contre les autres.
Magic Johnson's Fast Break (USA)	Magic Johnson's Fast Break est un jeu de sport sur NES. Il s'agit d'un soft de basket où vous commencez avec une équipe donnée. A chaque victoire, vous remportez un salaire qui vous permet d'acheter de nouveaux joueurs de plus en plus performants.
Magic of Scheherazade, The (USA)	The Magic Of Scheherazade est un jeu de rôle/action sur Nes. Vous incarnez un magicien, pris au piège dans les affres du temps. Piégé par le sombre sorcier Sabaron, vous traversez plusieurs niveaux correspondant à plusieurs périodes historiques. Les combats se déroulent au tour par tour.
Magical Taruruuto-kun - Fantastic World!! (Japan)	Magical Taruruuto-kun - Fantastic World est un jeu de plateforme sur Nintendo NES tiré du manga de Tatsuyama Egawa sortie dans les années 80. Ce soft n'est pas sans rappeler un certain Mario Bros.3. Vous dirigez un jeune homme qui affronte ses ennemis grâce à sa langue, et devez finir une succession de petit niveau en ramassant des oeufs qui vous donneront des bonus (vie supplémentaire, évolution ...)
Magical Taruruuto-kun 2 - Mahou Daibouken (Japan)	Magical Taruruuto-kun 2 - Mahou Daibouken est le deuxième opus de la série à voir le jour sur Nintendo NES. Vous incarnez une nouvelle fois le héros des mangas de Tatsuyama Egawa dans une aventure similaire au premier soft. Notre héros se bat cette fois avec ses mains contrairement au premier opus où il combattait l'ennemi avec sa langue. Vous parcourez plusieurs mondes comprenant de nombreux niveaux en tachant de ne pas vous faire toucher par les nombreux ennemis qui les occupent.
Magician (USA)	Magician sur Nes est un jeu de rôle en scrolling horizontal dans lequel vous incarnez Paul un apprenti magicien du pays de Serenna qui part en quête initiatique pour apprendre la magie des maîtres mages du pays de Merlwood. Le joueur devra naviguer à travers nombre de puzzles pour acquérir des objets, armes et nouveaux sorts afin de libérer le pays du joug d'Abadon, le méchant sorcier.
Magmax (USA)	Magmax sur Nes est un jeu de tir à défilement horizontal dans lequel le joueur contrôle la partie haute d'un avion qui au fur et à mesure de l'avancée se complétera de différents morceaux pour finir transformé en un robot géant pour stopper les ennemis qui tentent de vous détruire.
Magnum Kikiippatsu - Empire City - 1931 (Japan)	Empire City : 1931 sur Nes est un jeu d'action dans lequel vous incarnez un agent fédéral qui a reçu l'ordre d'éliminer toute activité criminelle dans la ville de New York.
Maharaja (Japan)	Maharaja est un jeu d'aventure avec des éléments RPG publié par Sunsoft et développé par Quest. Le protagoniste est un jeune homme qui récupère une boîte aux trésors mystique appartenant au Maharaja du Gange. Il est récompensé par un festin pour récupérer l'objet, mais la princesse l'avertit plus tard dans la nuit que la générosité du Maharaja est une ruse et qu'il est contrôlé par un sorcier diabolique et qu'il projette de tuer le héros le matin. Le héros s'échappe du palais pour chercher un moyen de libérer le Maharaja et de sauver la princesse, obtenant l'aide des dieux en cours de route. Maharaja dispose d'une interface de jeu d'aventure avec une petite fenêtre de visualisation pour tout ce que le personnage voit, ainsi qu'une liste de commandes sur le côté que le personnage du joueur peut essayer. La parole et d'autres textes descriptifs apparaissent sous la fenêtre d'image. En outre, le joueur peut également se retrouver mêlé à des batailles aléatoires qui se déroulent comme d'autres RPG au tour par tour de l'époque. Le joueur peut trouver et équiper de nouveaux équipements ainsi que d'apprendre de nouveaux sorts que le jeu continue. Le jeu n'a jamais été officiellement localisé en anglais et n'a jamais été publié à l'extérieur du Japon. Une traduction de fan a été créée en 2009.
Mahjong (Japan)	le mahjong (a ne pas confondre avec le solitaire) est un jeu ou le but est d'avoir une main composée de 4 combinaison (brelan ou suite) et d'une paire avant vos adversaire ,vous pouvez augmenter la valeur de celle-ci avec des critères spéciaux.
Mahjong Club Nagatachou - Sousaisen (Japan)	Un jeu de mahjong nommé d'après le quartier de Nagatachō à Tokyo, où se trouve le Parlement japonais. Le jeu présente divers hommes politiques japonais se mettant en scène en tant que joueurs.
Mahjong RPG Dora Dora Dora (Japan)	Mahjong RPG Dora Dora Dora est un jeu de société sorti sur Nintendo NES en 90. Ce soft offre une nouveauté encore jamais exploitée dans le célèbre jeu de société Chinois qu'est le Mahjong. En effet le jeu vous propose de jouer des parties simples contre un ordinateur ou la possibilité de parcourir une aventure dans un véritable RPG. Il est alors question de se battre contre vos ennemis en vous affrontant autour d'une table.
Mahjong Taikai (Japan)	Mahjong Taikai est un jeu de mahjong dans lequel le joueur est en compétition avec des personnages historiques célèbres. La plupart des opposants sont des chefs de guerre célèbres tels que Julius Caesar, Zhuge Liang, Gengis Khan, Oda Nobunaga, Napoléon et d'autres.
Mahjong Taisen (Japan)	Jeu de rôle de mahjong futuriste aux règles classiques, où vous vous écrasez à bord d'un vaisseau spatial sur une planète inconnue. Celle-ci est peuplée d'une population médiévale fantastique. Peu après l'accident, vous rencontrez un garde qui vous conduit auprès du roi, ravi de vous affronter lors de votre première partie de mahjong. Votre personnage possède des vies et du mana qui augmentent avec son niveau. Le mana est utilisé pour des actions spéciales pendant les parties. Au cours de votre voyage, vous pouvez communiquer, interagir avec les objets et participer à différents combats. Si vous préférez éviter les combats, vous pouvez acheter une «anneau d'évasion» dans les boutiques (comme de nombreux autres objets).
Mahou no Princess Minky Momo - Remember Dream (Japan)	Jeu d'aventure basé sur le manga &quot;Princess Minky Momo&quot; (&quot;Il était une fois Gigi&quot; en Francais)
Maison Ikkoku (Japan)	Maison Ikkoku est un jeu d'aventure graphique basé sur un menu japonais basé sur les séries d'anime et de manga. Les joueurs contrôlent Yusaku Godai et devront l'aider à trouver une photo secrète qui a été cachée par le manager. Godai devra soudoyer les habitants, qui se déplacent constamment dans la maison pour avoir accès à la chambre de Kyoko. Mais même si Godai arrive dans la salle du directeur et essaie de regarder la photo encadrée, il se passera toujours quelque chose qui forcera Godai à quitter la pièce. Ainsi, après de multiples tentatives, Godai prend la décision logique (ou non) de rassembler des photos de tous les habitants de la pension pour que Kyoko lui montre la photo. Le jeu permet au joueur de se déplacer entre différents endroits de la pension et de la ville, en manquant constamment d'argent et rencontrant tous les acteurs de la bande dessinée originale, y compris Nikaido qui n'apparaissait pas dans l'anime.
Majaventure - Mahjong Senki (Japan)	Il s'agit d'un jeu NES qui traite de la version originale du Mahjong, un jeu d'origine asiatique vieux de plusieurs siècles, mais avec une touche unique de style RPG. Le Mahjong est un jeu addictif qui ressemble beaucoup au poker, mais avec des tuiles. Il a ses propres complexités, et étant en japonais, cela ne facilite pas les choses pour les anglophones. Cependant, une fois que vous avez appris les règles, vous pouvez passer un moment incroyablement amusant avec ce jeu !
Major League (Japan)	Le meilleur film de baseball BD se traduit ici par un jeu d'ordinateur familial! Combats acharnés entre 14 équipes de ligues majeures aux États-Unis et les ligues japonaises! Tout synthétiseur IC vous fait sentir comme si vous étiez vraiment dans le stade.
Major League Baseball (USA)	Major League Baseball sur Nes, est un jeu de base-ball bénéficiant d'une jouabilité orientée arcade. Les 26 équipes de la ligue de l'époque sont présentes. Avant chaque match le joueur aura la possibilité de choisir son line-up selon ses préférences.
Majou Densetsu II - Daimashikyou Galious (Japan)	La suite du jeu MSX de Konami, Knightmare. Alors que le premier jeu était un jeu de tir vertical à défilement vertical, The Maze of Galious est un jeu de plate-forme de flick-screen de vue de côté. Le joueur contrôle Popolon et Aphrodite, entrant dans le château maléfique du prêtre Galious pour libérer leur fils Pampas, encore né, des griffes maléfiques du prêtre. Majou Densetsu II: Daimashikyou Galious est un jeu de rôle développé et publié par Konami, sorti au Japon en 1987.
Maniac Mansion (Japan)	Le manoir Edison a toujours été une vieille maison effrayante en bordure de la ville. Des rumeurs font état d'expériences étranges et de créatures bizarres vivant parmi la famille Edison. On raconte même qu'une météorite se serait écrasée près de la maison il y a près de 20 ans. Plus récemment, une fille nommée Sandy a disparu du lycée local et son petit ami Dave jure qu'il a vu le Dr Fred l'enlever. Dave sait qu'il ne peut pas y arriver seul et qu'il aura besoin de l'aide de deux autres élèves s'il veut avoir un espoir d'infiltrer le manoir et de sauver Sandy. nnLes joueurs commencent par choisir deux étudiants pour accompagner Dave au manoir Edison, et peuvent ensuite passer d'un personnage à l'autre à volonté. La plupart des actions sont effectuées en sélectionnant des verbes à l'écran et en les appliquant à un objet. Chaque personnage conserve une personnalité distincte et peut avoir une façon de résoudre un problème différente de celle de ses camarades.
Maniac Mansion (USA)	Le manoir Edison a toujours été une vieille maison effrayante en bordure de la ville. Des rumeurs font état d'expériences étranges et de créatures bizarres vivant parmi la famille Edison. On raconte même qu'une météorite se serait écrasée près de la maison il y a près de 20 ans. Plus récemment, une fille nommée Sandy a disparu du lycée local et son petit ami Dave jure qu'il a vu le Dr Fred l'enlever. Dave sait qu'il ne peut pas y arriver seul et qu'il aura besoin de l'aide de deux autres élèves s'il veut avoir un espoir d'infiltrer le manoir et de sauver Sandy. nnLes joueurs commencent par choisir deux étudiants pour accompagner Dave au manoir Edison, et peuvent ensuite passer d'un personnage à l'autre à volonté. La plupart des actions sont effectuées en sélectionnant des verbes à l'écran et en les appliquant à un objet. Chaque personnage conserve une personnalité distincte et peut avoir une façon de résoudre un problème différente de celle de ses camarades.
Mappy (World) (Evercade)	Dans Mappy sur NES vous contrôlez une souris policière dont l'objectif est de récupérer des produits électroménagers dans la demeure d'un chat. Vous êtes poursuivi par cinq chats que vous pourrez assommer pour un court temps en leur claquant la porte au nez ou encore pousser cruellement dans un micro-ondes pour vous en débarrasser définitivement.
Mappy Kids (World) (Evercade)	Mappy Kids sur Nes est un jeu de plates-formes en 2D du type Mario dans lequel vous incarnez une petite souris qui peut frapper ses adversaires ou encore faire tourner sa queue à la manière d'un hélicoptère pour gérer sa chute.
Mappy-Land (USA)	Mappy la souris a une petite amie nommée Mapica. Afin de faire plaisir à sa petite amie, Mappy part en mission pour collecter des cadeaux pour sa moitié. Malheureusement, le chat Nyamco et sa légion de chats roses veulent retrouver Mappy pour en faire leur casse croute. Le but du jeu est de collecter six objets de chaque niveau sans se faire manger par un chat. Les objets que le joueur collecte (morceaux de fromage, alliances, arbres de Noël ou balles de baseball) varient en fonction de l'étape à laquelle il joue. Il y a également des objets spécifiques à chaque étape en arrière-plan qui aideront le joueur à vaincre ses adversaires félins.
Marble Madness (USA)	Une adaptation du jeu d'arcade. Marble Madness est un jeu de labyrinthe abstrait pour un ou deux joueurs selon la plateforme. Le but est de guider une petite bille de verre à travers un labyrinthe tridimensionnel et d'atteindre la ligne d'arrivée avant la fin du temps imparti. Les secondes restantes sur le chronomètre lorsque la ligne d'arrivée est franchie sont transférées au niveau suivant. En plus de devoir faire naviguer la bille sur des passerelles et des rampes dangereuses, de nombreux obstacles et des créatures hostiles tenteront de ralentir la progression de la bille ou de la faire tomber du bord d'une plate-forme, faisant perdre encore plus de précieuses secondes jusqu'à ce qu'une bille de remplacement apparaisse.
Mario Bros. (World)	Mario Bros. est un jeu de plateforme d'abord sorti en arcade puis porté sur NES, Atari 2600 et bien d'autres machines. C'est l'occasion de rencontrer Luigi pour la première fois. Dans ce jeu, jouable à 2 simultanément, on doit débarrasser les égouts de vilaines créatures en les renversant puis en leur donnant un coup de pied. Seuls les Shellcreepers persisteront dans l'univers de Mario en devenant les Koopas. Le jeu est très amusant à 2 car on peut jouer en coopération ou se faire des crasses entre joueurs comme se placer sous une créature renversée pour la réactiver au moment où l'autre joueur va pour lui donner un coup de pied.
Mario is Missing! (USA)	Dans Mario is missing ! Sur Nintendo, Mario a disparu, ou plutôt a été capturé par Bowser. Bowser a également envoyé des Koopas dans 25 villes du Monde, chargés de voler des objets appartenant aux monuments historiques de chaque lieu. Luigi doit alors récupérer les objets en tuant les Koopas et les remettre aux monuments correspondants. Des questions sont posées à chaque fois que l'on rend un objet. Après avoir récupéré les objets de toutes les villes, Luigi et Yoshi devront sauver Mario.
Mario's Time Machine (USA)	Mario's Time Machine sur Nintendo vous fait remonter le temps avec les plus grands personnages de l'histoire. Bowser a volé des objets appartenant à des personnages historiques grâce à sa machine à remonter le temps et c'est à Mario de récupérer la pomme de Newton, la partition de Beethoven et bien d'autres objets dans le château de Bowser. Mario doit rendre chaque objet à son époque pour ne pas perturber l'histoire. Il doit également compléter la biographie des personnages en question.
Marusa no Onna (Japan)	Marusa no Onna est un jeu d'aventure basé sur le film japonais &quot;A Taxing Woman&quot;. Ry? Ko Itakura, une auditrice des impôts, examine les comptes de diverses sociétés japonaises, découvrant des revenus cachés et recouvrant des impôts impayés. Un jour, elle persuade son patron de la laisser enquêter sur le propriétaire d'une chaîne d'hôtels d'amour qui semble éviter les taxes, mais après une enquête, aucune preuve n'est trouvée. Au cours de l'enquête, l'inspecteur et le propriétaire inspecté, Hideki Gond?, Ont développé un respect tacite l'un envers l'autre.
Mashin Eiyuuden Wataru Gaiden (Japan)	Mashin Eiyden Wataru, &quot;Wataru la légende du héros magique et divin&quot;) est un action-RPG du style de Zelda 2 basé sur le manga éponyme connu en France sous le nom d'&quot;Adrien le sauveur du monde&quot;, une série loufoque aux personnages très attachants et qui frisent souvent le ridicule : un héros chevalier au grand coeur mais qui combat sur des patins à roulette, un samouraï attaché aux traditions mais paresseux et tricheur, et une princesse ninja naïve qui ne pense qu'à s'amuser, manger et dormir.
Masuzoe Youichi - Asa Made Famicom (Japan)	Masuzoe Youichi est une aventure textuelle qui suit la vie d'un homme d'affaires dans un bureau. Il donne des ordres à sa secrétaire, communique avec son patron et ses employés, et appelle des clients. Le menu des commandes se trouve à droite (particulièrement distinctif grâce à ses pictogrammes), le texte explicatif est en bas, et les graphismes occupent la majeure partie de l'écran à gauche. Le jeu est divisé en quatre parties, avec des quiz insérés entre elles, dont les réponses permettent de faire progresser l'intrigue.
Matsumoto Tooru no Kabushiki Hisshou Gaku (Japan)	Matsumoto Tooru no Kabushiki Hisshou Gaku 2 est la suite du Matsumoto Tooru original Kabushiki Hisshou Gaku. Ce jeu est un simulateur de négociation d'actions ressemblant à quelque chose comme Wall Street Kid. Le joueur doit savoir quelles actions sont en hausse ou en baisse, identifier les tendances et investir judicieusement pour assurer une vie heureuse et prospère.
Matsumoto Tooru no Kabushiki Hisshou Gaku - Part II (Japan)	Matsumoto Tooru no Kabushiki Hisshou Gaku 2 est la suite du Matsumoto Tooru original Kabushiki Hisshou Gaku. Ce jeu est un simulateur de négociation d'actions ressemblant à quelque chose comme Wall Street Kid. Le joueur doit savoir quelles actions sont en hausse ou en baisse, identifier les tendances et investir judicieusement pour assurer une vie heureuse et prospère.
Mechanized Attack (USA)	Mechanized Attack sur Nes est une adaptation du titre sorti d'abord sur bornes d'arcade. Il s'agit d'un jeu de tir dans lequel le joueur possède un minigun et part à l'assaut d'une île tropicale, refuge d'une armée de cyborgs. Dans ce soft le joueur peut utiliser soit la manette de la Nes ou le Light Zapper pour mener à bien sa mission.
Mega Man (World) (Evercade)	Mega Man (Rock Man au Japon) est un jeu de plateforme à défilement latéral. Mega Man a la capacité de sauter et de tirer avec l'arme implantée dans son bras. Il doit traverser les niveaux des six robots et les vaincre au combat. Ce faisant, Mega Man est capable d'acquérir le pouvoir détenu par le robot. Ces pouvoirs peuvent alors être utilisés de manière interchangeable avec son arme principale et cibler les faiblesses spécifiques de ses ennemis.
Mega Man 2 (USA)	Il est de retour! Et cette fois, le diabolique Dr. Wily (autrefois, puissance suprême de l'univers) a créé des robots encore plus sinistres pour développer son attaque. Mais vous, MegaMan, avez aussi accru votre puissance et votre habileté. Pourrez-vous sauver l'humanité des funestes desseins du Dr. Wily? Chacun des 8 empires est gouverné par un Super Robot. Vous devez vaincre chaque adversaire sur son terrain et amasser des armes le long de votre périple. Après avoir détruit les 8 robots, vous devrez affronter le Cerveau lui-même: le malfaisant Dr. Wily. Mais méfiez-vous MegaMan, car le Dr. Wily a des pouvoirs que ses créatures ne possédaient pas. L'Univers compte sur votre adresse et votre courage, assuré de votre victoire finale.
Mega Man 3 (USA)	Mega Man 3 explose dans un enchainement de combats contre des robots! C'est la révolte des robots et personne n'est en sécurité! Mega Man l'est encore moins que quiconque. Cette fois, notre ami cybernétique superpuissant en découd avec une horde de cinglés métalliques qui en ont par dessus la tête d'obéir! Et ils utilisent tous les destructeurs d'androïdes conçus à ce jour pour que vous en soyez pleinement conscient! La rage saisit Mega Man, qui fonce tête baissée vers une galaxie de centres miniers à la recherche de cristaux d'énergie. Mais il faut plus que du cœur au ventre pour lutter contre les Maîtres Robots phénoménaux qui règnent sur ces mondes. C'est une mission hors du commun, la pire - et la meilleure - que Mega Man a eu à accomplir jusqu'ici!
Mega Man 4 (USA)	Des robots russes en folie! La ville avait été paisible pendant toute une année et voici qu'elle est à nouveau la proie d'une terreur robotique! Un intrigant scientifique, le Dr Cossack vient de débarquer avec huit nouveaux forcenés métalliques plus gros et plus diaboliques que tout ce que le Dr Wily a jamais pu imaginer. Un grand remue-ménage cybernétique se prépare alors que les rues de la cité explosent dans un crépitement de métal en fusion! Armé du nouveau Mega Buster, Mega Man court, saute, esquive pour se frayer un chemin à travers des labyrinthes de mâchoires métalliques et atteindre la citadelle sibérienne du Dr Cossack pour l'ultime affrontement cataclysmique!
Mega Man 5 (USA)	La vengeance de Protoman! Protoman est devenu fou! Détruire la moitié de la ville ne lui semble pas suffisant. Maintenant, il a enlevé le Dr Light et le retient - ainsi que la cité - en otage. Armé de son Mega Buster perfectionné, Mega Man arrive à la rescousse. Mais huit des soldats cybernétiques de Protoman n'ont qu'une idée en tête: le mettre au rebut une bonne fois pour toutes! Tout le poids du monde pèse sur vos épaules alors que vous affrontez Gravity Man! Esquivez les attaques de pierre de Stone Man et réduisez-le en poussière! Chevauchez les vagues et voguez vers la puissance marémotrice de Wave Man. Aidez Mega Man à anéantir les huit robots de Protoman. Enfin, soyez prêt au combat du siècle qui va opposer les frères ennemis!
Mega Man 6 (USA)	Que les jeux commencent! Ils sont venus des États-Unis, du Canada et du Japon. Les meilleurs concepteurs du monde et leurs meilleurs guerriers robotiques sont venus concourir au Premier Tournoi Annuel de Robotique. Mais ce qui a commencé comme un jeu a soudainement pris une tournure terrifiante! À la veille du Grand Championnat, le sponsor de l'événement a annoncé que l'ensemble du tournoi n'était qu'un plan élaboré pour mettre la main sur les robots les plus puissants du monde! Maintenant face à une armée de mercenaires métalliques, Mega Man doit combattre un nouvel ennemi féroce - Le mystérieux Mr. X!
Meikyuu no Tatsujin - Daimeiro (Japan)	Dans Dai Meiro: Meikyuu no Tatsujin le joueur doit naviguer dans un labyrinthe en 3D et atteindre le but. En cours de route, le joueur doit trouver tous les objets spéciaux pour ouvrir la dernière porte. À chaque étape, le POW du joueur est épuisé, ce qui peut être régénéré en collectant des objets le long du chemin. Il y a des salles et des objets secrets qui peuvent aider le joueur à atteindre le but. Il y a aussi trois mini-jeux qui peuvent être trouvés dans le labyrinthe. Une mini-carte peut être mise en place, mais cela coûtera du POW. Le jeu n'a pas de combat à proprement parler ou de rencontres aléatoires. Il y a trois niveaux de difficulté, ce qui change complètement la disposition des labyrinthes.
Meimon! Daisan Yakyuubu (Japan)	Meimon! Daisan Yakyuubu (Meimon ! Le troisième club de baseball) est un jeu de simulation de baseball sur Famicom, adapté du manga et de l'anime éponymes qui relatent l'histoire d'une équipe de baseball lycéenne outsider et les péripéties qui l'entourent. Le joueur peut accéder au mode histoire — qui met en scène des séquences issues du manga — en sélectionnant l'option Dramatic Mode dans le menu de l'écran-titre ; ce choix permet également d'afficher les portraits des personnages dans le mode de jeu principal. Le jeu en lui-même est un titre de baseball assez classique pour la NES. La perspective lors des phases de lancer et de frappe se situe directement derrière le batteur, et le joueur déplace l'ensemble des joueurs de champ simultanément lorsque la balle est frappée.
Meimon! Takonishi Ouendan - Kouha 6 Nin Shuu (Japan)	Meimon! Takonishi Ouendan (souvent localisé sous le nom de The West Tako Cheerleaders) est un jeu de stratégie sur Famicom basé sur un manga où un jeune rejoint l'équipe de cheerleading redoutée de son école. En 1987, ce manga a aussi eu une adaptation en film. Les joueurs déplacent des personnages sur une carte urbaine et combattent des équipes rivales de cheerleaders pour la domination. Les combats se déroulent dans un mini-jeu de timing où il faut entrer une commande avant que le poing de l'adversaire n'atteigne le personnage. Les attaques puissantes nécessitent une exécution rapide et présentent un risque élevé. Après chaque victoire, l'équipe du joueur peut monter de niveau et acquérir des attaques spéciales puissantes.
Meitantei Holmes - Kiri no London Satsujin Jiken (Japan)	Meitantei Holmes: Kiri no London Satsujin Jiken («Le Grand détective Holmes: le brouillard du meurtre à Londres») est un jeu de type aventure basé sur le mystère et le meurtre où le joueur dirige Sherlock Holmes dans Londres pour trouver des indices et interroger des témoins et des suspects. Il s'agit de la suite du jeu précédent Sherlock Holmes de Towa Chiki (Sherlock Holmes: Hakushaku Reijou Yuukai Jiken) et a reçu une suite (Meitantei Holmes: M-Kara no Chousenjou). Aucun de ces jeux n'a été sorti en dehors du Japon.
Meitantei Holmes - M kara no Chousenjou (Japan)	Meitantei Holmes : M-Kara no Chousenjou est un jeu vidéo d'aventure moderne à la première personne pour l'ordinateur familial qui est basé sur les histoires d'Arthur Conan Doyle. Dans Kiri no London Satsujin Jiken, le joueur prend le contrôle de Holmes et Watson dans les rues de Londres. Le joueur peut collecter des indices et aussi des shillings afin de payer des choses comme un billet de car, qui leur permet de parcourir Londres plus rapidement. Tous ces jeux vidéo sont sortis exclusivement au Japon. Dans le rôle du détective fictif, le joueur doit traverser des endroits comme la France, l'Autriche et l'Allemagne pour résoudre le mystère. Les joueurs peuvent choisir de commencer une nouvelle aventure ou d'en poursuivre une ancienne en utilisant un mot de passe composé de caractères japonais. Les joueurs peuvent s'attendre à des défis de la part du professeur Moriarty, l'ennemi juré de Sherlock Holmes. Il y a également dix autres personnages avec lesquels interagir.
Mendel Palace (USA)	Mendel Palace est un jeu d'action sur Nes. Vous incarnez Bun-Bun, et vous partez à la recherche de votre petite-amie Candy, prisonnière de ses rêves. Dans le jeu, vous combattez des poupées que vous devez pousser contre les murs pour les éliminer. Vous devez, en outre, récolter les étoiles disposées sur le sol de chaque niveau.
Metal Gear (USA)	Metal Gear sur NES est un précurseur du jeu d'infiltration. Le héros, Solid Snake, doit infiltrer Outer Heaven, une base où est construit une nouvelle arme, le Metal Gear. Le jeu mêle un scénario complet à des phases de jeu d'action et d'infiltration. Divers Boss, pièges, armes et équipements parsèment le jeu offrant au joueur une aventure riche et variée.
Metal Max (Japan)	&quot;Metal Max&quot; est un RPG se déroulant dans un monde futuriste, où des monstres et des créatures mécaniques errent sur les terres et où de nombreuses personnes vivent dans d'énormes cavernes souterraines. Vous jouez le rôle d'un jeune garçon qui vit dans une ville avec son père et sa sœur aînée. Votre plus grand rêve est de devenir un &quot;chasseur&quot; - de tuer les monstres qui errent dehors et de recevoir des récompenses. Votre père n'approuve pas votre rêve, mais vous décidez néanmoins d'explorer les grottes souterraines qui entourent votre ville, d'en apprendre davantage sur le monde dans lequel vous vivez et de devenir finalement un vrai chasseur et d'aider à renverser le mal qui menace le monde. Le jeu est un RPG de type console avec des rencontres aléatoires et des combats au tour par tour vus du point de vue de la troisième personne, comme dans Final Fantasy. Vous pouvez également piloter divers véhicules. Vous pouvez participer à des batailles tout en conduisant ces véhicules, en effectuant diverses techniques spéciales.
Metal Storm (World) (Retro-Bit)	Un virus informatique pas banal. L'ordinateur central de la Station de Combat Cyberg chargé du maintien de la paix dans le système solaire est devenu fou. Il est totalement hors de contrôle. Le LaserGun qu'il exploite a déjà détruit Neptune. La Terre est sa prochaine cible. En tant que champion de haute technologie, vous devez entrer dans le cœur de Cyberg et activer le mécanisme d'autodestruction du système. L'humanité compte sur votre savoir-faire et votre ténacité pour y parvenir. Mais le temps est compté... Oh oui, encore une chose. Les capacités de votre combinaison &quot;Gravity Flip&quot; sont essentielles pour la réussite de cette mission. Le costume vous permet de vous déplacer aussi bien à l'envers que à l'endroit, vous en aurez bien besoin pour mettre cet ordinateur en &quot;veille&quot; définitive!
MetalMech - Man & Machine (World) (Evercade)	MetalMech : Man & Machine est un jeu d'action sur Nes. Vous incarnez le pilote du MetalMech, une sorte de gros robot surarmé. A bord de la machine, vous disposez d'une puissance de feu confortable mais serez aussi une proie facile pour vos ennemis. Vous pourrez alors descendre du robot et vous faufiler dans certains endroits plus étroits.
Metro-Cross (Japan)	Metro Cross sur Nes vous fait jouer un skateur devant traverser une série de niveaux tout en évitant les obstacles sur son chemin. Vous pouvez sauter mais également vous déplacer de haut en bas. Les niveaux deviennent de plus en plus complexes au fil du jeu et tout est une question de réflexe.
Metroid (USA)	Vous êtes seul contre la méchante Mother Brain! A l'intérieur de Zèbes, la planète aux mille passages secrets et interminables, le Metroid se multiplie. Le Metroid, seul , est inoffensif. Mais entre les mains de Mother Brain, il peut détruire la galaxie. Portez votre costume spatial pour pouvoir absorber l'énergie nécessaire à votre quête de Pouvoirs tels les rayons de glace, les rayons ondulés, les bottes de saut et Varia. Procurez-vous ces pouvoirs spéciaux qui vous aideront à vaincre Mother Brain.
Mezase Pachi Pro - Pachio-kun (Japan)	Le premier jeu à mettre en scène Pachio-kun, la mascotte d'une série de jeux sur le thème du pachinko par Coconuts Japan, Mezase Pachi Pro : Pachio-kun (&quot;Aiming For Pachinko Pro : Pachio-kun&quot;) est simplement une salle de pachinko virtuelle avec 72 machines différentes sur lesquelles le joueur peut tenter sa chance. Le jeu récompense les vétérans attentifs du pachinko en faisant en sorte que plusieurs des machines possèdent des particularités, telles que la fréquence des gains, la courbure de certaines quilles qui favorise la trajectoire d'une boule vers le bas, etc. Pachio-kun doit simplement se pencher pour examiner les machines de plus près afin de déterminer comment faire payer la machine. L'objectif général est de continuer à jouer sur chaque machine, en gagnant soit par une stratégie déterminée, soit par simple persévérance, jusqu'à ce que toutes les machines aient été vidées de leur contenu. C'est ainsi que vous gagnerez la partie.
Mezase! Top Pro - Green ni Kakeru Yume (Japan)	Le jeu propose quatre modes : stroke, course, challenge et train. Le joueur peut choisir son club, ajuster sa posture, puis appuyer sur le bouton A pour déterminer la force du coup. Un menu caddie, accessible via le bouton B, offre des conseils, des options comme le mulligan, ou même un réconfort si le joueur rate plusieurs coups. En mode challenge, l'argent gagné permet d'acheter de nouveaux clubs et de recruter des caddies. Le jeu simule différents terrains, comme l'herbe et le sable, et prend en compte le vent. Il inclut également un mode deux joueurs où chacun joue à tour de rôle.
Michael Andretti's World GP (USA)	Michael Andretti's World Grand Prix est un jeu de Formule 1 sur Nes. Le titre propose 16 tracés, du circuit de Monaco, à celui de Hongrie, en passant par celui du Canada. Il propose aussi 4 voitures différentes. Le jeu est jouable seul ou à deux en écran partagé.
Mick & Mack as the Global Gladiators (USA) (Proto 5)	Un prototype du portage NES inédit de Global Gladiators. Global Gladiators est un jeu de plates-formes assez classique dont le fait le plus remarquable est que les personnages ont été créés par McDonalds (oui, LE McDonalds). En parcourant les 12 niveaux du jeu, vous remarquerez des logos McDonalds, des hamburgers et toutes sortes d'objets de type restaurant familial alors que vous emmenez Mick et Mack (les protagonistes du jeu) dans un voyage pour nettoyer &quot;Monsters of Slime World&quot;, &quot;Toxi-Town&quot; et plus encore.
Mickey Mousecapade (USA)	Mickey Mousecapade est un jeu de plates-formes sur Nes. Le joueur contrôle Mickey, qui est suivi par sa chère et tendre Minie dans le palais du rire, une forêt ou encore un bateau pirate. Ils sont ici pour sauver une mystérieuse jeune fille qui n'est autre que Alice, de Alice au pays des merveilles.
Mickey's Adventure in Numberland (USA)	Mickey's Adventures in Numberland est un jeu de plates-formes ludo-éducatif sur Nes. Vous incarnez Mickey et devez récupérer au moins un chiffre par niveau. Le titre propose 5 environnements différents, ainsi que trois niveaux de difficulté. Le jeu est destiné à un jeune public.
Mickey's Safari in Letterland (USA)	Mickey's Safari in Letterland est un jeu de plates-formes ludo-éducatif sur Nes. Le titre, destiné aux plus jeunes, propose une aventure de Mickey dans le pays des lettres. Le but de la célèbre souris est de récolter différentes lettres afin d'épeler des mots. Le jeu est très simple, et il est quasiment impossible d'échouer.
Might & Magic - Secret of the Inner Sanctum (USA)	Might and Magic Book I sur Nes est un jeu de rôle dans l'univers médiéval de Varn où l'un des 4 rois qui règnent sur le pays se trouve être un imposteur venant de l'espace. Votre but est donc d'arrêter l'invasion extraterrestre en créant une équipe de 6 personnages que vous dirigez à la première personne. Vous pouvez spécifier la classe, le sexe et l'âge de vos personnages, mais attention avec ce dernier choix, ils peuvent en effet mourir de vieillesse...
Mighty Bomb Jack (USA)	Mighty Bomb Jack, la suite du Bomb Jack original, apporte le side-scrolling à la série et vous rapproche plus d'un jeu de plateforme que de l'aspect arcade/puzzle du premier jeu. Une fois de plus, vous incarnez le super-héros à la cape affamé de bombes. Récupèrez les bombes pour gagner des points et évitez de vous faire toucher par les nombreux monstres qui surgissent des caisses et autres. Le jeu propose désormais de nouveaux décors comme les nuages et les forêts, ainsi que les habituels arrière-plans de sphinx et de pyramides du titre original.
Mighty Final Fight (USA)	Mighty Final Fight sur NES est un beat'em all dans lequel vous choisissez parmi trois personnages jouables au style de combat différent pour partir à la d'une fille kidnappée par le gang de malfrats Mad Gear. Traversez six niveaux plus deux niveaux bonus et ramassez des armes pour venir à bout des boss qui concluent chaque stage. Cette mouture propose une version super déformée des personnages.
Millipede (Japan) (En) (Proto)	Millipede est un jeu vidéo de type shoot 'em up développé et édité par Atari Inc., sorti en 1982 sur borne d'arcade et Atari 2600. Il fait suite à Centipede, et dispose d'un gameplay similaire, mais avec un nouvel essaim d'insectes ! Le but est de détruire le mille-pattes alors qu'il traverse la forêt de champignons vers le bas de l'écran. Lorsque tous les segments du mille-pattes ont été détruits, le joueur passe au niveau suivant, plus difficile.
Millipede (USA)	Millipede est un jeu vidéo de type shoot 'em up développé et édité par Atari Inc., sorti en 1982 sur borne d'arcade et Atari 2600. Il fait suite à Centipede, et dispose d'un gameplay similaire, mais avec un nouvel essaim d'insectes ! Le but est de détruire le mille-pattes alors qu'il traverse la forêt de champignons vers le bas de l'écran. Lorsque tous les segments du mille-pattes ont été détruits, le joueur passe au niveau suivant, plus difficile.
Milon's Secret Castle (USA)	Milon's Secret Castle est un jeu de plates-formes en 2D sur Nes. Vous incarnez Milon, un jeune habitant du royaume d'Hudson, qui doit, à l'aide d'un simple pistolet à bulles magique, secourir la reine Eliza des griffes d'un terrible mage. De plus, il vous faut retrouver un instrument magique qui permet aux habitants de parler entre eux. Le titre propose plusieurs énigmes et puzzles à résoudre, ainsi que des phases d'exploration.
Mindseeker (Japan)	Mindseeker est un jeu d'aventure de Namco qui teste la perception extra-sensorielle et les capacités psychiques latentes du joueur. Il met en scène le médium de la télévision japonaise Masuaki Kiyota, qui est surtout connu dans son pays natal pour un numéro de pliage de cuillère similaire à celui du médium israélien Uri Geller. Le joueur peut explorer le monde en utilisant deux commandes : Feel et Exit. La commande Exit permet simplement de déplacer le personnage vers une nouvelle zone, tandis que la commande Feel permet au joueur d'interagir avec les différents objets et personnes du monde ; dans le cadre du jeu, le terme &quot;feel&quot; est analogue à &quot;sense&quot;. Le joueur a également la possibilité de saisir son propre nom au début du jeu. Outre les éléments du jeu d'aventure, une grande partie du jeu consiste à jouer à des mini-jeux conçus pour tester les capacités psychiques du joueur, comme un jeu de cartes où le joueur doit deviner quel symbole apparaîtra ensuite.
Minelvaton Saga - Ragon no Fukkatsu (Japan)	Saga Minelvaton: Ragon no Fukkatsu est un jeu de rôle dans la série Minelvaton, suivi par Silva Saga et se terminant par Silva Saga II: La légende de la lumière et des ténèbres. Minelvaton Saga se déroule sur le monde Minelvaton, dans la région connue sous le nom de Southern Ofelia. Dans le royaume de Palmeccia, le roi et la reine ont été assassinés par les mains d'un serviteur de Ragon, fils du Zuhl. Le joueur prend le contrôle du prince de Palmeccia dans une quête de vengeance pour tuer le méchant Ragon. Fondamentalement, le jeu se joue et ressemble à Dragon Quest. Le joueur a le contrôle d'un seul personnage et peut explorer un certain nombre de villes, de donjons et la carte du monde elle-même. Cependant, une fois que le joueur reçoit le bateau pour la navigation, le jeu devient non linéaire car le joueur peut explorer presque n'importe où. Une autre caractéristique unique est le système de combat. Comme un RPG typique, il y a des batailles aléatoires, mais le combat réel ressemble à une sorte de RPG d'action. Au combat, le joueur commence au bas de l'écran face aux ennemis qui sont en haut. Afin de vaincre les ennemis, le joueur doit en rencontrer un pour échanger des coups. L'analogue le plus proche de ce système inhabituel est le MMORPG, ou le jeu solo MMORPG-Final, Final Fantasy XII. Au-delà de cela, l'intrigue de base et une partie du concept du système de combat semble avoir été coopté par Sega's Sword of Vermilion.
Mini-Putt (Japan)	Mini Putt est un jeu de golf miniature qui propose 4 parcours, Deluxe, Classique, Traditionnel et Défi. Jusqu'à 4 joueurs peuvent jouer ou s'entrainer sur n'importe quel trou de n'importe quel parcours. Chaque parcours offre son propre niveau de difficulté. Deluxe et Challenge ont des collines difficiles et des plans de parcours. Le défi étant la difficulté du parcours. Le Classic propose des ponts animés et autres obstacles. Le traditionnel est votre terrain de golf miniature standard qui nécessite des coups de bande bien placés. Pour faire un tir, à l'aide du joystick, déplacez le réticule dans la direction approximative et la distance où vous souhaitez que la balle aille. Lorsque vous êtes prêt à tirer, appuyez sur le bouton de tir. Vous remarquerez que le niveau augmente dans la barre de puissance. Lorsque la barre atteint la distance souhaitée, appuyez à nouveau sur le bouton de tir. Lorsque vous relâchez le bouton de tir, la barre commence à redescendre. La marque où vous avez arrêté le déplacement de la barre indique la puissance avec laquelle vous frappez la balle. Lorsque la barre atteint le bas de la barre d'alimentation, elle se déplace horizontalement sur la barre de précision. Au milieu de la barre de précision se trouve la ligne centrale. Trop à gauche du centre, il tire vers la gauche. Trop à droite du centre, il tire vers la droite. Appuyez sur le bouton de tir au bon moment pour frapper la balle. Si le parcours s'avère trop difficile, visitez l'option d'entrainement. Nous ne pouvons pas tous être un pro.
Minna no Taabou no Nakayoshi Daisakusen (Japan)	Minna no Taabou no Nakayoshi Daisakusen est un puzzle game sorti au Japon sur la console 8 bits Nintendo NES. Il s'agit en fait d'un jeu de mémoire amélioré. Vous incarnez un bonhomme dans un plateau où son présentent un certain nombre de cartes. Votre but est simple : retrouver les paires. Des ennemis évoluent autour de vous, et vous devrez veiller à ne pas les toucher. Au fur et à mesure que vous progressez dans les niveaux, le nombre de cartes et d'ennemis augmente, et des briques apparaissent pour créer un labyrinthe et vous forcer à emprunter des chemins un peu plus délicat.
Miracle Piano Teaching System, The (USA)	The Miracle Piano Teaching System est un jeu musical sur Nes. Le titre vous propose de jouer du piano, en vous apprenant à lire le solfège. De plus, il propose plusieurs partitions que vous pouvez jouer directement sur la console de Nintendo grâce à l'accessoire vendu avec le jeu, c'est-à-dire un véritable petit piano.
Miracle Ropit's - 2100 Nen no Daibouken (Japan)	En 2100, une fille utilise un costume de robot. Si le joueur est touché une fois, le costume est perdu et le joueur doit jouer en tant que petite fille. Un autre coup et le joueur perd une vie. Bien que le jeu ne soit sorti au Japon que pour la Nintendo Famicom, le texte du jeu est en anglais et est totalement lisible par les anglophones. Ce jeu doit être joué deux fois afin de voir la vraie fin, tout comme dans &quot;Ghosts 'n Goblins&quot;.
Mirai Shinwa Jarvas (Japan)	Mirai Shinwa Jarvas (littéralement Future Legend Jarvas) est un RPG développé et publié par Taito. Il s'agit d'un homme nommé Jarvas qui voyage dans le temps à partir du futur pour conquérir le monde du passé et devenir le leader. Vous devez amener les gens à se joindre à vous et prendre le contrôle des châteaux ennemis. Ce jeu est généralement considéré comme plutôt mauvais par la plupart. Quand vous commencez le jeu, vous n'avez aucune information sur où vous êtes et où vous devriez essayer d'aller. Une fois que vous avez trouvé une ville, vous devez rejoindre une guilde. Vous pouvez seulement augmenter votre niveau en revenant à la guilde une fois que vous avez accumulé suffisamment d'expérience.
Mission - Impossible (USA)	Mission : Impossible est un jeu d'action sorti sur Nes. Votre tâche va consister à neutraliser les dirigeants d'un Etat secret spécialisé dans la construction de bombes ultra-puissantes. Pour réussir cette opération, vous disposerez d'un arsenal intéressant d'armes et de gadgets, dans le plus pur style des James Bond, McGyver ou ... euh... Inspecteur Gadget.
Mississippi Satsujin Jiken (Japan)	Meurtre sur le Mississippi, entièrement intitulé Meurtre sur le Mississippi: Les Aventures de Sir Charles Foxworth, est un jeu d'aventure policier de 1986 développé et publié par Activision pour les ordinateurs Commodore 64, Commodore 128 et Apple II. Il a également été autorisé à sortir au Japon exclusivement par Jaleco, qui a porté le jeu sur la Nintendo Famicom et le MSX2 sous le nom de Mississippi Satsujin Jiken. C'est un jeu d'aventure dans lequel le joueur doit résoudre un mystèrieux assassinat sur le navire de luxe &quot;Delta Princess&quot;. Alors qu'il se rendait à la Nouvelle-Orléans en provenance de Saint-Louis sur le navire &quot;Delta Princess&quot;, le détective Sir Charles et Watson est pris au milieu d'une enquète pour meurtre, qu'ils doit résoudre.
Mito Koumon - Sekai Manyuu Ki (Japan)	Mito Koumon II: Sekai Manyuuki (littéralement &quot;World Tour Chronicle&quot; de Mito Koumon) est un jeu d'aventure. C'est la suite de Tenka no Goikenban: Mito Koumon et son apparence et son gameplay sont très similaires. Comme dans ce jeu, le joueur contrôle l'un des serviteurs de Mitsukini Tokugawa alors qu'il rassemble des indices et des preuves de crimes dans la région tout en évitant ou en combattant les PNJ hostiles. Contrairement au premier jeu, qui se déroule entièrement au Japon, Tokugawa traverse le monde pour résoudre des problèmes. La première étape est l'Amérique (plus précisément le Far West, comme il serait chronologiquement exact pour le XVIIe siècle), bien qu'il y ait beaucoup d'autres lieux à visiter dans le monde, y compris la Transylvanie.
Mitsume ga Tooru (Japan)	The Three-Eyed One : Le joueur contrôle Hosuke Sharaku , le dernier homme à trois yeux. Dans l'intro, nous voyons un autre homme à trois yeux, le prince Godaru, chevauchant l'ancien char Gomorrhe. Godaru détruit une partie de la ville puis kidnappe l'ami de Sharaku, Wato Chiyoko.
Mizushima Shinji no Daikoushien (Japan)	Mizushima Shinji no Daikoushien est un jeu de simulation de baseball basé sur le manga Daikoushien de Shinji Mizushima. Le jeu met en scène des personnages du manga dans des couleurs vives. La partie jeu de baseball est tout à fait classique par rapport aux autres jeux du genre.
Moai-kun (Japan)	Moai Kun est un jeu de plates-formes sur Nes dans lequel vous incarnez Moai, une statue de l'Ile de Pâques. Le but est d'arriver à la fin de chaque niveau en évitant les pièges et en anéantissant vos ennemis. Vous serez parfois bloqué par des rochers, vous devez alors les exploser.
Moero!! Juudou Warriors (Japan)	Un tournoi olympique de judo réunit les meilleurs pratiquants du monde. Avant de se qualifier pour les Jeux Olympiques, les joueurs doivent parcourir le globe et vaincre plusieurs adversaires. Une fois aux JO, ils devront affronter neuf adversaires, chacun représentant son pays au plus haut niveau. En fonction des performances, les joueurs peuvent rentrer chez eux avec une médaille de bronze, d'argent ou d'or. Lors des combats de judo, l'objectif est de projeter l'adversaire au sol pour un Ippon. Pendant le combat, deux jauges doivent être surveillées : la jauge de puissance, qui mesure la force actuelle du combattant, et la jauge de chance, qui évalue la probabilité de réussir une projection. Après chaque match, le joueur peut choisir d'améliorer la force, la technique ou l'endurance de son personnage.
Momotarou Densetsu (Japan)	La légende de Momotarou appartient au folklore populaire japonais et asiatique. Le jeu suit l'histoire principale. Un vieux couple, qui vivait paisiblement dans une petite maison, a trouvé une pêche géante qui flottait le long de la rivière. Comme ils voulaient manger la pêche, ils trouvèrent à l'intérieur un enfant. Ils l'ont appelé &quot;Momotarou&quot; - &quot;pêcheur&quot;. Quand Momotarou a grandi, il décida de débarrasser le pays des démons du mal. Il doit trouver trois compagnons fidèles - un chien, un singe et un faisan, qui l'aideront à vaincre les démons.C'est un RPG japonais traditionnel. Vous déplacez Momotarou sur la carte du monde, en visitant des villes et des donjons. Les monstres vaincus apportent des points d'expérience et augmentent le niveau de Momotarou. Les ennemis apparaissent au hasard, et le combat est basé sur le tour et est vu du point de vue de la première personne.
Momotarou Densetsu Gaiden (Japan)	Le jeu est basé sur de célèbres contes folkloriques japonais. Momotarou est un garçon qui a été trouvé dans une énorme pêche (d'où son nom, &quot;peach guy&quot;). Quand il grandit, il se rend sur l'île des démons, les combat, prend leur trésor et rétablit la paix dans son village. Dans ce jeu, vous ne jouez pas directement l'histoire de Momotarou, mais contrôlez trois autres personnages populaires du folklore japonais, jouant trois histoires distinctes: comme Yashahime, la fille du roi de l'enfer Emma; Binbougami, ou &quot;dieu de la pauvreté&quot;, qui est détesté par les gens parce qu'il leur prend de l'argent; et Urashima, le légendaire pêcheur qui a sauvé une tortue et s'est lié d'amitié avec le clan des dragons. Bien que les histoires originales n'aient rien ou peu à voir les unes avec les autres ou avec l'histoire de Momotarou, le jeu lie les histoires ensemble en présentant Momotarou en tant que personnage dans chacune d'elles. Bien qu'il s'agisse principalement d'un jeu pour enfants (l'histoire est racontée à la manière d'un conte de fées), il s'agit d'un RPG à part entière de style console avec des niveaux, une gestion de groupe, des voyages sur la carte du monde, des donjons, des villes, des armes et des armures, et des combats contre des ennemis apparaissant au hasard, vu à la première personne.
Momotarou Dentetsu (Japan)	Momotarou Dentetsu (et non pas densetsu, qui signifie &quot;légende&quot;, mais dentetsu, qui signifie &quot;train&quot; !) est le premier opus d'une longue série de jeux de plateau librement inspirés du célèbre conte populaire japonais de Momotarou. Ce dernier est un jeune garçon découvert dans une immense pêche par un vieux couple et qui devint plus tard le sauveur de son village en vainquant les démons maléfiques et en s'emparant de leur trésor. Le jeu peut se jouer contre une intelligence artificielle ou des adversaires humains (jusqu'à trois). Il s'agit d'un jeu de plateau où les trains des joueurs se déplacent sur une carte du Japon, divisée en sections marquées par des cercles indiquant le nombre de déplacements possibles. Ce nombre est déterminé par le lancer d'un dé. Certains cercles spéciaux permettent d'accéder à divers lieux typiquement japonais, où des bonus peuvent être obtenus avant de poursuivre la &quot;compétition ferroviaire&quot;.
Money Game, The (Japan)	Les joueurs commencent avec 1 000 000 yen et doivent investir judicieusement pour améliorer leur logement, passant d'un petit appartement à un manoir avec piscine. Le jeu utilise un journal virtuel, un téléphone et un ordinateur, nécessitant une maîtrise du japonais. Les joueurs doivent gérer les taux d'intérêt, les taux de change et leurs relations personnelles, comme acheter une voiture et sortir avec une petite amie. Réussir mène au mariage et aux enfants, tandis que l'échec entraîne un &quot;game over&quot; pour mauvaises décisions d'investissement. Il a inspiré une suite, Wall Street Kid, mais aucun autre jeu indépendant sur le marché boursier n'a suivi.
Monopoly (USA)	De la Rue de la paix aux Champs Elysées, en passant par la Gare de Lyon... Exercez vos talents de promoteur immobilier dans Monopoly, l'adaptation sur NES du célèbre jeu de plateau de Parker.
Monster in My Pocket (USA)	Basé sur la ligne de jouets du meme nom, Monster in My Pocket suit les aventures d'un vampire miniature et du monstre de Frankenstein alors qu'ils se battent contre d'autres créatures folkloriques et mythologiques de la même taille.
Monster Maker - 7 Tsu no Hihou (Japan)	Monster Maker : Nanatsu no Hihou (traduction libre de &quot;Monster Maker : The Seven Sacred Treasures&quot;) est un JRPG fantastique sorti uniquement au Japon pour la NES (Famicom) en 1991. Dans le jeu, les joueurs explorent la carte du monde et les donjons qui sont représentés par une disposition de cartes à jouer qui sont retournées au fur et à mesure de leur progression. Les batailles se déroulent au tour par tour, avec invocation de monstres.
Monster Party (USA)	Monster Party est un jeu d'action en 2D sur Nes. Vous incarnez Mark, un jeune garçon qui, de retour d'un match de base-ball, rencontre Bert, un monstre ressemblant à une gargouille violette. Celui-ci requière votre aide pour sauver son monde. Pour ceci, vous pourrez fusionner avec Bert et devrez casser du méchant avec votre batte de base-ball. Le jeu n'est sorti officiellement qu'aux USA. La version Japonaise est restée au stade de prototype. L'ambiance y était plus gore que dans la version US (sang dans l'ecran titre au lieu du slime de la version US, monstres plus effrayants). Les boss y étaient des parodies des blockbusters americains (Gremlins, Alien, Planète des singes, etc..) qui auraient posé des problèmes pour l'obtention de la license au Japon. Mots de passe: Niveau 2 rE2 KfW s6B Niveau 3 !P, 1Dt 6tC Niveau 4 ?d7 ?of Fy1 Niveau 5 sVi !GV Vh! Niveau 6 FCc JRK 2Ts Niveau 7 T6X iAt Azn Niveau 8 Bs- DCI aDh Niveau Fin DTvgs.iNT
Monster Truck Rally (USA)	Monster Truck Rally est un jeu de courses sur Nes. Vous devez sélectionner un Monster Truck parmi neuf différents. Vous concourrez ensuite sur des circuits comprenant des obstacles de tout genre qui mettent à mal vos talents de conducteur et vos amortisseurs !
Moon Crystal (Japan)	Moon Crystal est un excellent jeu de plates-formes sorti sur la Nintendo NES en 1992 dans lequel vous incarnez un jeune homme du nom de Ricky qui part à la recherche de son père scientifique kidnappé par le compte Crimson. Ce dernier le force à utiliser la puissance du cristal de lune pour ré-susciter les morts et ainsi conquérir le monde. Vous devrez alors traverser un total de 7 niveaux pour tenter de retrouver votre père et sauver le monde par la même occasion. Vous débutez l’aventure avec un simple couteau que vous pourrez améliorer en trouvant des items sur votre chemin. Graphiquement, Moon Crystal repousse les limites de la NES autant pour les animations que pour son Gameplay.
Morita Shougi (Japan)	Morita Shougi est une adaptation pour Famicom du jeu de société japonais &quot;Shougi&quot;, similaire aux échecs. Il s'agit du deuxième jeu de Shougi sorti pour la Nintendo Famicom au Japon. Le jeu propose plusieurs modes, permettant de jouer contre un autre joueur humain ou contre une IA avec trois niveaux de difficulté. De plus, il offre de vastes options d'édition, permettant de créer une configuration de plateau selon vos préférences, en plaçant les pièces de Shougi où bon vous semble. Le jeu permet également d'interrompre une partie en cours et de revenir en arrière dans les mouvements effectués.
Mother (Japan)	Mother est un jeu de rôle à la première personne sur Nes. Vous incarnez un jeune garçon dont la maison est possédée par un esprit torturé. Vous découvrez très vite qu'un drame s'y est déroulé. Avec trois autres compagnons, vous partez donc à l'aventure pour comprendre les tenants et les aboutissants de ce mystère. Les rencontres avec les ennemis se font aléatoirement et vous pouvez utiliser des pouvoirs psychiques spéciaux pour les anéantir.
Motocross Champion (Japan)	C'est de la folie pure. Et pour prendre le drapeau à damier, vous aurez besoin d'une intensité pure pour passer des centaines d'obstacles, y compris le Head Spinning Loop et la Sky Riding Ramp. Vous aurez également besoin de compétences de précision pour faire le plein de Nitro Turbo Boosts qui vous propulseront vers la victoire! Il y a 8 pistes de championnat et 3 niveaux ultra-difficiles (Rookie, World Class et Daredevil) à choisir. Vous pouvez même courir contre l'horloge ou l'ordinateur.
Motor City Patrol (World) (Evercade)	Motor City Patrol est un jeu d'action en vue de dessus sur Nes. Vous incarnez un officier de police et combattez le crime dans des rues peuplées de vils individus. Plus vous avancez dans le jeu, plus les criminels que vous appréhendez sont dangereux et recherchés.
Mottomo Abunai Deka (Japan)	Mottomo Abunai Deka est un jeu d'action pour le Nintendo Entertainment System. Le jeu est basé sur une série télévisée japonaise. Le jeu est un défilement latéral de 1-2 joueurs. Vous le joueur contrôle Taka ou Yuuji, ou les deux en même temps. Vous vous retrouverez face à de nombreux ennemis du gang des Yakuza, &quot;The Silver Stars&quot;, et plus tard vous serez conduit à la corruption au sein du département de police et au méchant principal à la fin. En jouant au jeu, vous aurez également trois mini-jeux, qui sont une galerie de tir, une course en voiture rapide et une fusillade avec l'un des ennemis du patron. Tout en jouant la partie de défilement latéral de ce jeu, si vous voulez changer d'arme, appuyez sur start puis sur A pour faire défiler la sélection. Le nom original du jeu est Mottomo Abunai Deka, qui a été rebaptisé The Detectives les plus dangereux. Tout le texte a été traduit au mieux de ma connaissance. Le principal problème avec le texte est qu'il y a un problème de défilement qui a été résolu le mieux possible pour l'instant.
Moulin Rouge Senki - Melville no Honoo (Japan)	Moulin Rouge Senki : Melville no Honoo est une simulation de guerre stratégique avec des éléments de RPG pour la Famicom. Le joueur contrôle un groupe de héros avec une armée entière sous leur contrôle, et combat d'autres armées et des rencontres aléatoires avec des monstres. Pour commencer le jeu, le joueur doit acheter et équiper son armée avant de partir. Les batailles du jeu se déroulent en formations au tour par tour, et chaque formation agit séparément et peut cibler différentes formations du côté de l'ennemi. Par exemple, les archers peuvent viser n'importe laquelle des quatre rangées de forces ennemies, alors que les combattants de mêlée de première ligne sont beaucoup plus limités.
Mouryou Senki Madara (Japan)	Etant bébé, Madara a été trouvé flottant dans une rivière près du mont Shumi. L'aîné Tatara l'a sauvé, construit des gadgets pour remplacer ses parties manquantes et l'a élevé avec son petit-fils Kirin. Lors du 15ème anniversaire de Madara, alors que la plupart du monde était déjà tombé aux mains des Moki contrôlés par l'Empereur Miroku, Madara part à la recherche de son vrai corps et sauve le monde du Moki.Mouryou Senki Madara est un RPG dans lequel les joueurs contrôlent une fête composée de deux personnages sur quatre explorant les villes, les donjons et une carte du monde d'un point de vue top-down. Les batailles se produisent au hasard et les personnages se déplacent et se battent de manière autonome, bien qu'il soit possible de faire une pause à n'importe quel moment et de commander des personnages pour combattre, défendre, utiliser de la magie ou des objets ou fuir. En outre, une stratégie de combat de base (attaquer, défendre, arrêter ou fuir) peut être sélectionnée à partir d'un menu tactique, où il est également possible de modifier la formation de départ des personnages.
Mr. Gimmick (World) (Evercade)	Mr. Gimmick est un jeu de plates-formes sur NES. Vous incarnez une peluche verte du nom de Gimmick offerte en cadeau à une fillette, qui va littéralement délaisser tous ses autres jouer pour ne s'occuper que de vous. Les autres jouets, jaloux, vont vous envoyer dans un monde parallèle afin que vous disparaissiez à jamais. Et voilà comment débute votre histoire, vous devez faire tout votre possible pour tenter de revenir auprès de la fillette. Pour se défendre, votre personnage à la capacité de créer une étoile qu'il peut ensuite lancer sur ses ennemis. Vous affronterez toutes sortes d’adversaire durant 6 niveaux pour réussir à retrouver le confort des bras de votre propriétaire.
Ms. Pac-Man (USA) (Namco)	Ms. Pac-Man sur Nes est un jeu d'arcade dans lequel vous dirigez une petite boule jaune dans un labyrinthe infesté de fantômes à votre poursuite. A vous de leur échapper tout en ramassant les pac-gommes sur votre chemin. Attrapez des bonus afin de pourchasser les fantômes à votre tour et les dévorer pendant un court laps de temps. Mais attention à leur course aléatoire ! Il s'agit de la suite du célèbre Pac-Man de 1981. Cette seconde version du jeu éditée sur NES par Namco en 1993 (par opposition à la version adaptée de l'arcade par Tengen trois ans plus tôt) présente plusieurs différence avec le jeu d'arcade Ms. Pacman: le compteur de fruits continue en montrant des bananes au-dela du niveau 6 alors qu'il s'arretait dans la version arcade. Les couleurs des labyrinthes sont différentes et leur taille a été réduite pour s'accorder à la taille des écrans de téléviseurs, l'ordre de ces labyrinthes est différent et quatre nouveaux types (Racetrack niveaux 17 et 29, Multi-area with one tunnel niveaux 21 et 30, big open area board niveaux 24 et 32, Cross-area quad où les fantômes ne clignotent pas au niveau 31) ont été crées ainsi que deux nouveaux interludes (Junior 2 et Junior 3). Ainsi, après les 24 premiers niveaux, une serie de 8 labyrinthes conduisant au niveau 32 se répète à l'infini.
Mugen Senshi Valis (Japan)	C'est en 1987, lorsque Valis ne s'était pas encore converti au Hentai, que paraît le premier volet « officiel » de la série. Il s'agissait à la base du portage d'une production Wolf Team, Mugen Senshi Valis : The Phantasm Soldier. C'est une entreprise du nom de Tokuma Soft qui est cette fois aux commandes et le résultat sera au final très éloigné de l'original si l'on excepte le scénario. Le jeu surfe sur la vague des magic-girl :vous prenez le contrôle d'une simple collégienne dont la ville est envahie par des créatures venues d'ailleurs et qui parviendra à libérer son vrai potentiel de guerrière tout en bikini un fois qu'elle aura pénétré dans son véritable monde d'origine. Dès le départ, le premier niveau est gigantesque et l'on s'y perd trop facilement, l'action est répétitive et la difficulté extrêmement élevée. On y prend donc trop peu de plaisir en comparaison des autres jeux du genre dont Faxanadu fait malheureusement partie. Une cartouche dispensable, ce que l'on regrettera étant donné le potentiel qu'elle laissait entrevoir.
Muppet Adventure - Chaos at the Carnival (USA)	Muppet Adventure : Chaos at the Carnival sur NES est une compilation de 6 mini-jeux d'arcade basé sur l'univers du Muppet Show. Peggy la cochonne a été enlevée et vous devez aider Kermit à la retrouver, et la tirer des griffes du sinistre Docteur Grump.
Murder Club - Honkaku Mystery Adventure (Japan)	D'un point de vue gameplay, Murder Club est un &quot;Digital Comic&quot;. Le joueur contrôle le détective privé J.B. Harold, qui doit enquêter sur le meurtre d'un riche homme d'affaires nommé Bill Robbins et traduire le meurtrier en justice. Le joueur doit : trouver des indices, rassembler des preuves, interroger des suspects, établir le mobile du crime et finalement, s'assurer que l'affaire tiendra la route au tribunal. Au coeur du système de jeu se trouve une carte avec toutes les destinations possibles, de nouvelles venant bien sûr s'ajouter au fur et à mesure que l'enquête progresse. Dans chacun de ces lieux se trouve généralement une ou plusieurs personnes, que vous aurez le loisir de questionner à votre guise via des menus textuels sobres et efficaces. Si certaines déclarations vous semblent suspectes, libre à vous de demander un mandat à votre supérieur afin de procéder à une perquisition et récolter d'éventuelles pièces à conviction.
Musashi no Bouken (Japan)	Ce jeu est basé sur le légendaire Musashi Miyamoto, célèbre bretteur japonais. Ce jeu est un Dragon Quest-like c'est-à-dire que le gameplay est exactement le même que dans Dragon Quest. Le joueur contrôle uniquement Musashi, cependant une Intelligence Artificielle vous aidera tout au long du jeu au cours des combats.
Musashi no Ken - Tadaima Shugyou Chuu (Japan)	Musashi no Ken - Tadaima Shugyou Chuu (littéralement «l'épée de Musashi - maintenant au milieu de l'entraînement») est basé sur une série de mangas japonais écrits et illustrés par Motoka Murakami qui se concentre sur le kendo, simplement intitulé Musashi no Ken. Le gameplay et le design dans les parties de combat en tête-à-tête ressemblent à l'autre jeu de combat de Taito, Great Swordsman, en particulier son mode kendo. L'intrigue du jeu est sur le fils de deux champions de Kendo nommé Musashi. Il s'efforce de devenir aussi bon au Kendo que ses parents. Toute l'histoire tourne autour du monde du Kendo et de ses futurs concurrents. L'anime est divisé en deux parties. La première partie suit les premières années de Musashi à l'école primaire tandis que la deuxième partie suit ses années de lycée. Dans le premier épisode, Musashi se lie d'amitié avec un chiot Akita qui est à ses côtés tout au long de la série. Il existe deux modes différents: solo et deux joueurs VS. mode. En mode solo, le joueur représente Musashi au milieu de son entraînement. Il doit traverser plusieurs parcours d'obstacles en ramassant des épées et d'autres objets le long du chemin. Dans le même temps, son animal de compagnie Akita suivra le parcours derrière lui. Musashi ne doit pas tomber trop loin derrière son chien. Après avoir terminé trois cours, Musashi participera à un tournoi de Kendo basé sur des armes et des combats de style 2D. Il doit vaincre cinq concurrents pour gagner le tournoi. Les épées que Musashi recueille pendant les parcours d'obstacles lui donnent accès à des mouvements d'attaque spéciaux s'il en a assez récolté. Si le joueur réussit à gagner, le jeu continuera depuis le début à un niveau de difficulté plus élevé. Après avoir remporté le championnat une deuxième fois, le match est terminé. En mode deux joueurs contre, chaque joueur sélectionne à partir d'une liste de concurrents, et les sélectionne secrètement en appuyant sur différentes entrées sur le pavé de commande. Les sélections sont révélées une fois que cinq sélections ont été faites. Chaque joueur s'affronte ensuite dans un match de Kendo avec chacune de ses sélections. Celui qui obtient trois victoires ou plus gagne la partie.
Mutant Virus, The - Crisis in a Computer World (USA)	Dans The Mutant Virus, vous jouez le rôle de Ron Trainer, le meilleur des meilleurs dans le corps d'élite de Computer Master Debuggers. Et récemment, quelque chose s'est très mal passé. CPI, l'Institut central de programmation, contrôle tous les ordinateurs de la ville qui, à leur tour, contrôlent tout dans la ville même. Il y a quelques bugs dans ce système et c'est votre travail de vous en débarrasser et de découvrir comment ils sont arrivés là. Vous serez miniaturisé et envoyé dans l'ordinateur avec un vaccin.Vous devrez visiter tous les systèmes informatiques infectés et utiliser le vaccin pour contenir le virus.
My Life My Love - Boku no Yume - Watashi no Negai (Japan)	My Life My Love : Boku no Yume Watashi no Negai est un jeu de société pour la Famicom. Il s'agit d'un jeu de plateau pour un seul joueur. Vous commencez en tant qu'ange au paradis. Votre numéro est tiré au sort, ce qui signifie que vous êtes le prochain ange à être livré à la Terre pour devenir un être humain. Vous commencez comme un enfant et vivez toute votre vie (vous mourrez à 100 ans). Tout au long du jeu, vous ferez de votre mieux pour améliorer vos statistiques dans six catégories : connaissances, santé, amitié, amour, popularité et richesse. Vous serez classé parmi la population japonaise pour voir comment vous vous en sortez dans les six catégories. Le Japon a une population de 130 millions d'habitants. Vous commencerez donc à 130 000 000 et tenterez d'atteindre la première place. L'ensemble du parcours est très long.
Mystery Quest (USA)	Dans le jeu d'action Mystery Quest sur Nes vous incarnez Hao, un apprenti magicien mis au défi par le plus grand des magiciens. Vous devez trouver les 4 talismans disséminés dans quatre châteaux. Votre magie vous est précieuse pour parvenir àvaincre les Monstres et les pièges qui se dressent sur votre route.
Nagagutsu o Haita Neko - Sekai Isshuu 80 Nichi Daibouken (Japan)	Jeu video sorti en 1986 exclusivement au japon, puis adapté 4 ans plus tard en Amérique du Nord sous le titre &quot;Puss'n Boots Pero's Great Adventure&quot; mais avec de nombreuses modifications (level design, boss, head-up display) Jeu basé sur un roman de Jules Vernes (le monde en 80 jours) , le personnage principal Pero (un chat surement prénommé ainsi d'apres l'auteur du du Chat botté, Charles Perrault) doit parcourir le monde en moins de 80 jours, sur son chemin il aura des monstres à vaincre. La particularité du jeu c'est que 1 min dans le jeu correspond à 1 jour, si le décompte arrive à son terme et que le joueur n'a pas fini de parcourir les différents pays la partie est terminée.
Nakajima Satoru Kanshuu - F-1 Hero 2 (Japan)	Nakajima Satoru F-1 Hero 2 est un jeu vidéo de Formule 1 sur ordinateur familial exclusif au Japon. Il s'agit de la suite du jeu japonais pour ordinateur familial &quot;Nakajima Satoru : F-1 Hero&quot; (sorti sous le nom de &quot;Michael Andretti's World GP&quot; aux États-Unis), et est basé sur la saison 1991 de Formule 1. Il y a 16 tours et seulement quatre voitures à choisir.
Nakayoshi to Issho (Japan)	Le méchant Rakira a volé les stylos des créateurs des titres les plus célèbres de Nakayoshi : Goldfish Warning, Pocket Park, MinMin, Taiou ni Smash! Kurumi-chan to Shichinin no Kobitotachi et Sailor Moon, qui est le plus long et le plus difficile. Le combat est basé sur la chance et sauver le jeu peut parfois être difficile.
Namco Classic (Japan)	Namco Classic est un jeu de golf développé par Namco et publié pour la Famicom en 1988. Le jeu propose le mode Round Play, où vous pouvez vous entraîner sur le parcours ou jouer avec des amis, ainsi que le mode Tournament, où vous affrontez un adversaire contrôlé par l'ordinateur pour remporter un tournoi. En 1991, le jeu a été adapté pour la Game Boy, avec un parcours différent mais une mécanique de jeu similaire. En 1996, la version Game Boy a été incluse dans la compilation Namco Gallery Vol. 1.
Namco Classic II (Japan)	Namco Classic II est un jeu de golf sorti seulement au Japon pour la Nintendo Famicom
Namco Prism Zone - Dream Master (Japan)	Dream Master est un jeu de rôle développé par Birthday et publié par Namco, sorti au Japon en 1992.
Namcot Mahjong III - Mahjong Tengoku (Japan)	Bienvenue à 'Namco Mahjong III : Mahjong Tengoku' pour NES, sorti par Namco en 1991. Il s'agit du troisième jeu de la série après &quot;Family Mahjong&quot; et &quot;Family Mahjong II&quot;. Ce jeu concerne la version japonaise populaire de l'ancien jeu de société, appelé &quot;Reach Mahjong&quot;. Il comporte de nombreuses règles complexes. Si vous connaissez le Mahjong d'autres nationalités ou variétés, il n'est pas simplement facile de passer à cette version, mais il est utile d'en connaître les bases.
Nangoku Shirei!! - Spy vs Spy (Japan)	Nangoku Shirei !!: Spy vs Spy est un jeu de stratégie d'action pour Nintendo Entertainment System. Ceci est la version traduite en anglais de la suite du jeu NES Spy Vs. Espion. Dans cette suite au premier jeu Spy vs Spy, les espions sont maintenant échoués sur une île déserte après avoir échappé aux avions dont ils s'étaient échappés lors du premier match. Cette fois, au lieu des quatre éléments qui vous permettent de partir pour l'aéroport, les espions doivent essayer de collecter 3 pièces d'un missile. Si vous ne le faites pas dans un délai imparti, un volcan va éclater et détruire toute l'île. Il y a de nouveaux pièges et un seul canon pour participer au combat, plutôt que les gros bâtons du jeu précédent.
Nantettatte!! Baseball (Japan)	Dans Nantettatte!! Baseball, contrôlez l'une des 16 équipes au style cartoon et menez-les à la victoire. Le gameplay, simple et familier des jeux de baseball sur NES, offre cinq modes : versus, saison (30 à 130 matchs), tournoi multijoueur, home run derby, et un mode &quot;Observation&quot; pour suivre un match contrôlé par l'IA. Chaque équipe a ses forces et faiblesses, avec huit titulaires et, pour sept d'entre elles, des frappeurs désignés. Les matchs se déroulent dans l'un des quatre stades, qui sont tous identiques.
Nantettatte!! Baseball + Nantettatte!! Baseball - Ko-Game Cassette - '91 Kaimaku Hen (Japan)	Dans Nantettatte!! Baseball, contrôlez l'une des 16 équipes au style cartoon et menez-les à la victoire. Le gameplay, simple et familier des jeux de baseball sur NES, offre cinq modes : versus, saison (30 à 130 matchs), tournoi multijoueur, home run derby, et un mode &quot;Observation&quot; pour suivre un match contrôlé par l'IA. Chaque équipe a ses forces et faiblesses, avec huit titulaires et, pour sept d'entre elles, des frappeurs désignés. Les matchs se déroulent dans l'un des quatre stades, qui sont tous identiques.
Nantettatte!! Baseball + Nantettatte!! Baseball - Ko-Game Cassette - OB All Star Hen (Japan)	Nantettatte!! Baseball est un jeu de baseball avec une fonctionnalité innovante permettant de mettre à jour les effectifs des équipes sans avoir besoin d'acheter un nouveau jeu au prix fort. Cette mise à jour est effectuée en insérant une mini-cartouche qui actualise les rosters dans le jeu principal. Cette version inclut la cartouche d'extension OB All Star Hen.
Napoleon Senki (Japan)	Napoleon Senki est un jeu vidéo de stratégie tactique en temps réel développé par Lenar et publié par Irem en mars 1988 pour le Family Computer. Ce jeu vidéo permet au joueur de reconstituer les guerres napoléoniennes en utilisant une vue d'ensemble. En commençant par les premières batailles contre le Saint-Empire romain germanique pour s'emparer de territoires pour la jeune République française pendant les guerres révolutionnaires françaises en 1796, Napoléon guidera les guerres révolutionnaires françaises jusqu'à leur fin en 1802. Toutes les nations qui ont participé aux guerres napoléoniennes ont été incluses, comme la Russie tsariste, la Grande-Bretagne et l'Empire espagnol. La première bataille de Napoléon dans le jeu se situe dans l'actuelle Italie, ce qui lui confère une importance égale dans l'histoire italienne et française.
NARC (USA)	NARC sur NES est un jeu d'action mettant en scène les viriles aventures de deux flics plutôt copains luttant contre les narcotrafiquants. Vous devrez traverser 8 niveaux remplis d'action avant d'arriver jusqu'à la tête de l'organisation de malfrats.
Navy Blue (Japan)	Dans NavyBlue, les joueurs commandent une flotte navale dont l'objectif est de vaincre les forces navales ennemies et de détruire leur base principale. Le jeu est basé sur les règles générales du Battleship. La flotte est présentée avec une carte quadrillée de 4 à 7. La carte permet au joueur de sélectionner sa prochaine zone de combat adjacente, horizontalement ou verticalement. Plus le joueur s'éloigne de sa base, plus il devra affronter de véhicules ennemis au combat. Le nombre de véhicules ennemis varie de quatre à huit selon le lieu de la bataille.
Nekketsu Kakutou Densetsu (Japan)	Nekketsu Kakutou Densetsu est un jeu de combat a deux contre deux. Il s'agit du neuvième épisode sur NES de la prolifique série « Nekketsu Koha Kunio-kun » qui peut à peu près être traduit par « le voyou Kunio du lycée Nekketsu » et qui a offert une douzaine de titres à la NES (Renegade, Nintendo World Cup, Crash 'n the Boys: Street Challenge, etc..). Kunio et Riki trouvent une note dans le casier de son lycée une note d'un dénommé Double Tiger invitant les plus forts étudiants à s'affronter dans un tournoi. Le personnage que vous créer a reçu cette même note. Vous choississez donc un coéquipier parmi les seize disponibles réparites en quatre catégories : Combattant classique, expert en arts martiaux, Kung Fu fighter ou maître de Judo et Vous évoluerez dans des niveaux en en distribuant de nombreux coups de poings et de pieds. Le jeu est jouable a quatre
Nekketsu! Street Basket - Ganbare Dunk Heroes (Japan)	Nekketsu! Street Basket - Ganbare Dunk Heroes est un jeu de basket loufoque à 2 contre 2. Il s'agit du onzième épisode sur NES de la prolifique série « Nekketsu Koha Kunio-kun » qui peut à peu près être traduit par « le voyou Kunio du lycée Nekketsu » et qui a offert une douzaine de titres à la NES (Renegade, Nintendo World Cup, Crash 'n the Boys: Street Challenge, etc..). Kunio a gagné un voyage aux USA, il va y retrouver son ami Johnny (présent dans le jeu Bikkuri Nekketsu Shin Kiroku! - Harukanaru Kin Medal, Crash'n The Boys - Street Challenge en anglais) et sera suivi par son rival et acolyte de toujours Riki ainsi que de Godai embarqué sans son consentement Ils vont en profiter pour se confronter aux équipes de basket locales : US Navy, New York, Florida, Texas, Hawaii, San Francisco et Las Vegas Le jeu est jouable à quatre simultanément.
NES Open Tournament Golf (USA)	Dans NES Open Tournament Golf sur Nes, vous incarnez Mario et autres dans des parties de golf proposant deux points de vue : une vue d'ensemble pour paramétrer son futur coup et une vue 3D pour viser et frapper la balle.
NES Play Action Football (USA)	Nes Play Action Football sur Nes est un jeu de football américain vous permettant de choisir entre 8 teams composées de vrais joueurs de la saison 1989 de football. Votre objectif sera de gagner des matchs et ainsi espérer remporter le Power Bowl.
New Ghostbusters II (Europe)	New Ghostbusters II sur NES est une adaptation plus ou moins fidèle du film S.O.S. Fantômes 2. Vous pouvez choisir votre chasseur de fantômes parmi 5 personnages : les quatre héros + Louis. Du tribunal à la maison de Vigo en passant par le métro ou le musée, votre périple vous conduira à débarrasser 6 zones de tous ses spectres.
NFL (USA)	NFL sur Nes est un jeu de football américain, le premier de sa catégorie à avoir la licence NFL. Le jeu dispose donc des 28 équipes de la saison mais malheureusement pas des joueurs officiels. NFL est orienté stratégie : vous vous occupez vous-même des tactiques de jeu afin d'emmener votre équipe jusqu'à la victoire.
NHK Gakuen - Space School - Sansu 6 Nen (Ge) (Japan)	La série Space School était une série de jeux éducatifs créés en collaboration par Konami, Tokyo Shoseki (un éditeur de manuels japonais) et NHK (Organisation nationale de radiodiffusion du Japon) en 1989. Les jeux avaient été développés pour être des outils d'enseignement mathématique, chacun publié en deux parties («Jou» et «Ge»), pour les mathématiques de l'école élémentaire de 4e, 5e et 6e année, générant un total de six jeux de la série, chacun accompagné de manuels / cahiers d'exercices à utiliser tout en jouant. Tous les jeux de la série ont été conçus et nécessitent l'adaptateur Konami Q-Ta Famicom.
Nichibutsu Mahjong III - Mahjong G Men (Japan)	Une collection regroupant les ports de deux jeux d'arcade de Nichibutsu : Mahjong G-Men '89 (un jeu de Mahjong en 1v1 avec un thème d'enquête mystérieuse) et Oh! Paipii (un jeu de puzzle de Mahjong à blocs tombants), mais sans le contenu érotique présent dans leurs versions d'arcade. La collection propose trois modes de jeu : 1. Mahjong Dojo (mode de jeu rapide. Choisissez parmi une sélection de huit adversaires IA issus du mode histoire.) 2. Puzzle Game: Oh! Paipii (jeu de puzzle Mahjong à blocs tombants. Utilisez la croix directionnelle pour déplacer la tuile tombante et le bouton A pour &quot;tourner&quot; sa couleur. Les rangées sont éliminées en formant des mains complètes, et les points sont attribués selon les critères de scoring du Mahjong riichi.) 3. Mahjong G-Men (mode histoire avec deux scénarios : &quot;La secrétaire assassinée&quot; et &quot;La tuile dorée disparue&quot;. Résolvez les mystères en gagnant des parties de Mahjong.)
Nigel Mansell's World Championship Racing (USA)	Nigel Mansell's World Championship sur Nes reprend l'intégralité de la saison 1992 de Formule 1, année où Nigel Mansell fut sacré champion du monde. Au volant de la voiture du Britannique, vous disputez le championnat aux côtés des onze autres pilotes, qui ont tous les noms réels de la saison 92 comme Alesi ou Schumacher. A chaque grand prix, on peut régler les ailerons et la transmission de vitesse de la voiture et même choisir ses pneus.
Nightmare on Elm Street, A (USA)	A Nightmare on Elm Street est un jeu d'action sur Nes inspiré du film Les Griffes de la Nuit en français. Vous devez trouver la maison du méchant Freddy Krueger et sauver vos amis. Divers objets et armes sont à ramasser pour éliminer vos adversaires, mais aussi le boss Freddy Krueger.
Nightshade (World) (Digital)	Vous êtes NightShade dans le jeu d'aventure du même nom sur NES. En tant que super-héros, votre mission est de rétablir l'ordre à Metro City et donc de contrecarrer les plans du vilain Sutekh. Vous guidez votre personnage en lui donnant des ordres à travers diverses situations remplies d'humour. Quelques séquences un peu plus tournées vers l'action interviennent de temps en temps et vous devrez alors vous battre en sélectionnant vos coups.
Nihonichi no Mei Kantoku (Japan)	Nippon Ichi no Meikantoku est un jeu de gestion de baseball où tu prends le contrôle d'une équipe en supervisant l'entraînement des joueurs et divers autres aspects de la formation. Tu peux regarder les matchs se dérouler et intervenir en cours de partie, par exemple en changeant de lanceur, en modifiant les positions des joueurs de champ ou l'ordre des batteurs. Le jeu débute par la création de ton entraîneur et l'entrée de ton nom, puis tu reçois un nombre aléatoire de points d'attributs à répartir dans quatre catégories différentes. Ensuite, tu choisis une équipe à diriger et cinq autres à affronter.
Niji no Silk Road (Japan)	Le jeu se déroule au Moyen Âge, tout autour de la célèbre soie, qui relie la Chine et le Moyen-Orient. Dans le royaume fictif Littleland, le méchant Zrool a conspiré contre la famille royale. Il a tué le roi et la reine et a usurpé le trône, déclenchant une sombre ère de tyrannie. Mais l'un des gardes du roi, Radley, prit le jeune héritier du trône et l'amena solidement à Damas, où il grandit. Réalisant qu'il est le vrai prince de la dynastie Littleland, le jeune héros suit les instructions de Radley et se lance dans une quête pour trouver sept pièces arc-en-ciel magiques, qui seules pourront détruire Zrool. Le jeu est un RPG de type console avec perspective à la première personne, combat au tour par tour, et quelques éléments de gameplay intéressants. Vous n'obtenez ni points d'expérience ni argent d'ennemis aléatoires. Au lieu de cela, en combattant beaucoup votre popularité augmente, et vous êtes en mesure d'échanger des articles en les achetant dans une ville et en vendant dans une autre. Le trading est le seul moyen efficace d'obtenir de l'argent dans le jeu. Vous devenez plus fort en achetant et en équipant de meilleures armes et armures. En outre, il y a un facteur de soif dans le jeu. Vous devez boire de l'eau régulièrement, sinon vous serez séché à mort.
Ninja Crusaders (USA)	Dans Ninja Crusaders, les forces d'envahisseurs aliens sont descendues sur Terre et ont quasiment éradiqué l'espèce humaine. Cependant, certains ninjas ont survécu à l'assaut, 2 ninjas en particulier, nommés Blade et Talon, sont chargés de débarrasser la terre de cette menace extraterrestre. Ninja Crusaders est un jeu d'actionen side-scrolling qui peut être joué seul ou avec 2 joueurs en coopération. Pour vous aider a remplir votre mission vous trouverez différents types d'armes au fil des niveaux.
Ninja Gaiden (USA)	Shadow Warriors (Ninja Gaiden en Amérique du Nord) est un jeu vidéo de plates-formes/action, tout premier épisode de la série et de la trilogie du même nom sur NES. Ryu Hayabusa est le dernier héritier du clan Ninja Dragon. Armé de l'ancestrale épée Dragon du clan, il part aux Etats-Unis enquêter et venger la mort de son père Ken Hayabusa. La mort de ce dernier est liée au secret des deux statuettes démoniaques des ténèbres et de la lumière que Shinobi utilisa pour enfermer le démon. Traqué par la CIA, leur agent Irene Lew et leur chef Forster, Ryu va être dirigé vers les confins de l'Amazonie par l'archéologue Walter Smith. Walter Smith y a découvert les ruines d'un temple vieux de plus de 2000 ans censé être la prison du démon et qui est désormais accaparé par un dénommé Guardia de Mieux alias &quot;The Jaquio&quot; qui s'est approprié une des statuettes démoniaques..
Ninja Gaiden II - The Dark Sword of Chaos (USA)	Shadow Warriors II : The Dark Sword of Chaos (Ninja Gaiden II en Amérique du Nord) est un jeu vidéo de plates-formes/action, deuxième épisode de la trilogie du Ninja Gaiden sur NES. Un an après les événements du précédent épisode, Ashtar l'empereur des ténèbres qui avait mandaté Jaquio aprend sa défaite. Il prépare un nouveau plan de conquête du monde par l'ouverture du portail des ténèbres. Una agent de l'U.S. Army Special Intelligence dénommé Robert T. Sturgeon est envoyé requérir l'aide de Ryu Hayabusa afin de combattre Ashtar. Robert informe également Ryu qu'Irene a été capturée et est détenue dans la tour de Lahja.
Ninja Gaiden III - The Ancient Ship of Doom (USA)	Ninja Gaiden III : The Ancient Ship of Doom est un jeu vidéo de plates-formes/action, troisième épisode de la trilogie du Ninja Gaiden sur NES mais qui n'a jamais été édité en Europe. L'histoire se passe entre les événements de Ninja Gaiden et Ninja Gaiden II. Le joueur contrôle Ryu Hayabusa, faussement accusé du meurtre d'Irene Lew, agent de la CIA qu'il sauve dans le premier Ninja Gaiden, et part mener l'enquête sur l'identité et les motivations de ceux qui ont monté cette machination contre lui. De rebondissements en révélations, le scénario intègre également des éléments de science-fiction jusque-là inédits dans la série, comme le voyage dans l'hyperespace, la transformation génétique, et la présence d'un vaisseau spatial. Le gameplay est similaire à celui des précédents jeux de la série, tout en enrichissant les habilités de Ryu Hayabusa, qui peut désormais s'accrocher par dessous à des tuyaux et des rampes, peut allonger son épée grâce à des améliorations et tirer à la verticale lorsque le besoin s'en fait sentir.
Ninja Hattori-kun - Ninja wa Syugyou de Gozaru no Maki (Japan)	Ninja Hattori-kun (littéralement &quot;Little Ninja Hattori&quot;) est un jeu vidéo de 1986 développé et publié par Hudson Soft pour le Nintendo Family Computer exclusivement au Japon. Il est basé sur Fujiko Fujio A (le pseudonyme de Motoo Abiko) série de mangas japonais du même nom, qui devint plus tard une série animée et une franchise asiatique. Le jeu a été présenté à peu près en même temps que l'anime a été diffusé. Il s'agit du cinquième jeu Famicom le plus vendu en 1986, avec une vente d'environ 1 500 000 exemplaires au cours de sa vie. L'intrigue commence quand un jeune nommé ninja Kanzo Hattori était à la recherche de son maître afin de compléter son entraînement. Alors qu'il cherchait son maître, il rencontra Ken (Ken'ichi) Mitsobahis, un jeune garçon de dix ans, et en fit son remplaçant temporaire, afin de développer la confiance de Ken, tout en continuant de nombreuses aventures ensemble. Il visait un jeune public de la même manière que le manga et l'anime sur lequel il est basé. Dans le jeu, le joueur contrôle Kanzo Hattori dans un jeu d'action à défilement latéral. Hattori doit courir vers la droite sur divers terrains, mais principalement à travers les bois. En plus d'utiliser des étoiles de lancer, Hattori peut accéder à l'une des autres techniques ninja, comme Kagebashin, Happou no Shuriken, etc. En fait, il apprend un total de 11 ninpous; cependant, il doit d'abord collecter des parchemins qui fournissent ces capacités avant de pouvoir les utiliser. En raison de contrôles lents, il peut être difficile d'éliminer certains des obstacles auxquels il sera confronté sans les capacités de ninja pour améliorer sa mobilité.
Ninja Jajamaru - Ginga Daisakusen (Japan)	Ninja Jajamaru: Ginga Daisakusen est un générique plateforme japonais qui a été plutôt inspiré par Super Mario Bros 3. Un project pour libérer ce jeu à l'étranger était en cour mais a été oublié avant d'avoir pu se concrétiser. Jajamaru revient donc enfin dans le monde du défilement horizontal dans le cinquième et dernier opus de Famicom. Pour commencer, il ressemble à Super Mario Bros 3 comme un clone. Le style graphique est très similaire, et la barre d'état est presque exactement la même. Même si les armes préférées de Jajamaru dans le passé ont été les shuriken, ici il ne peut tuer les ennemis qu'en sautant sur ??leurs têtes. En maintenant le bouton B, vous commencez à courir sur place, vous permettant de s'élancer et faire des sauts plus élevés. Vous pouvez trouver des power-ups en frappant les blocs avec votre tête et vous pouvez sauter également sur eux.
Ninja JaJaMaru's Big Adventure (USA) (Retro-Bit Generations)	Jajamaru no Daibouken est un jeu d'action/plate-forme Japonais sorti sur Nintendo NES. Vous contrôlez le Ninja Jajamaru-kun armé de ses shurikens dans le but de sauver la Princesse Sakura des griffes des pirates. Le jeu se déroule en scrolling horizontal et vous devez sauter de plate-forme en plate-forme pour atteindre la fin du niveau. De nombreux ennemis tenteront de vous barrer la route, à vous d'être le plus adroit possible pour vous frayer un passage dans les nombreux tableaux.
Ninja Jajamaru-kun (Japan)	Ninja JaJaMaru-kun (&quot;petit ninja à la volonté de fer&quot; en japonais) est un jeu d'action où vous incarnez JaJaMaru, un ninja dont la mission est de libérer la princesse Sakura des griffes du diabolique Lord Namazu. Pour cela, utilisez de redoutables shuriken et éliminez tous les monstres qui croisent votre chemin. Profitez également des objets spéciaux (tels que la grenouille géante que vous pouvez chevaucher) pour parvenir au bout de votre quête et traversez de nombreux stages truffés de monstres et de fantômes typiquement Japonais.
Ninja Kid (USA)	Ninja Kid est un jeu d'action en side-scolling dans lequel un gamin ninja doit sauter et se frayer un chemin à travers une série de niveaux afin de remplir sa quête. Bien qu'armé de balles de ninja par défaut, il a parfois l'occasion de ramasser d'autres objets offensifs tels que des étoiles de ninja, des boomerangs ou des boules de feu. La version originale Japonaise, Gegege no Kitarou : Youkai Daimakyou, met en scène Kitaro du manga eponyme. Son arme principale sont ses cheveux au lieux de fléchettes et il utilise un doigt volant au lieu de shuriken, his vest instead of the feather, and a geta instead of a boomerang. Les ennemis sont également tirés du manga dans la version japonaise et les niveaux sont sensiblement différents.
Ninja-kun - Ashura no Shou (Japan)	Ninja-kun Ashura no Shou est un jeu d'action développé par UPL et produit pour les arcades en 1987. Il est le successeur spirituel du Ninjakun original d'UPL. Il a été publié autour du monde avec le titre Ninja-Kid II, et aux États-Unis avec le titre Rad Action. Ashura no Shou développe le gameplay de base présenté dans Ninjakun, en introduisant de nouveaux concepts d'exploration et en défiant le joueur pour accomplir 31 étapes d'action, avec des niveaux de ramification, des ennemis plus gros et des batailles de boss. Le jeu a été porté au MSX et publié par HAL Laboratory. Il a également été porté à la Famicom en 1988. Une sortie américaine pour la NES était prévue sous le nom de Ninja Taro, mais finalement annulée. Le port de Famicom a été publié sur la console virtuelle Wii au Japon en 2009.
Ninja-kun - Majou no Bouken (Japan)	Ninja-kun est en mission. Lui seul doit escalader la montagne et entrer dans Demon Castle et le nettoyer de ses habitants maléfiques. Il fera face à des ennemis tout le long du chemin, et il doit les éliminer avant qu'il ne puisse progresser vers la deuxième montagne, et sur le château. Quand il réussit, il doit recommencer au bas de la montagne contre un groupe d'ennemis plus dur.
Ninjara Hoi! (Japan)	Un RPG très amusant dans le Japon féodal en utilisant le même système RPG classique de Dragon Quest.
Nintendo World Championships 1990 (USA) (Competition Cart)	La fameuse cartouche dorée de la Nintendo. Elle était utilisée dans un grand concours aux État-Unis en 1990. Le but était d'ammasser le plus grand nombre de points dans 3 jeux, en un temps donné. La cartouche contient Mario Bros, Rad Racer, et Tetris. Ce n'est pas très intéressant à jouer mais si vous tombez sur le jeu, je vous conseille de l'acheter puisqu'elle vaut extrèmement chère.
Nintendo World Cup (USA)	Nintendo World Cup, connu au Japon sous le nom de Nekketsu Koko Dodgeball-bu: Soccer-hen, littéralement « Club de Dodgeball du lycée de Nekketsu : édition football » est un jeu de football 6 versus 6 jouable a 4 avec l'adaptateur. Il s'agit du quatrième de la prolifique série « Nekketsu Koha Kunio-kun » qui peut à peu près être traduit par « le voyou Kunio du lycée Nekketsu » et qui a offert une douzaine de titres à la NES (River City Ransom, Crash 'n the Boys: Street Challenge, etc..). le joueur contrôle un seul personnage, mais peut en contrepartie donner des instructions à ses coéquipiers, pour qu'ils récupèrent le ballon ou lui fassent une passe. À ce gameplay assez peu réaliste, on peut également faire mention du fait que les joueurs peuvent utiliser cinq fois par mi-temps un coup de pied ou de tête spécial, qui peuvent être utilisés dès que le joueur fait une bicyclette ou un plongeon la tête la première, ou encore qu'il frappe la balle en prenant de l'élan. L'école de Nekketsu est opposé a 12 autres Lycées. 5 de ces équipes peut être sélectionnée en mode versus. Les versions Européennes et Américaines remplacent les lycées japonais par des équipes nationales jouant une coupe du monde. 13 équipes sont disponibles, toutes jouables en mode versus : USA, Pays-Bas, Japon, France, Cameroun, Russie, Mexique, Angleterre, Espagne, Brésil, Allemagne de l'Ouest, Argentine, Italie. Les scènes d'intro et les nombreux interludes ont été supprimés dans les versions Européennes et Américaines. Toutefois, ces versions occidentales permettent de jouer à 4 joueurs.
Nishimura Kyoutarou Mystery - Blue Train Satsujin Jiken (Japan)	Il s'agit du premier jeu d'une série d'aventures policières basées sur les romans de l'auteur japonais Kyotaro Nishimura. Ces romans se concentrent souvent sur des meurtres ayant lieu dans ou autour des trains, et ce jeu ne fait pas exception. Un corps est découvert dans un Blue Train, nom donné aux trains-couchettes japonais reliant les grandes villes, et le personnage du joueur est chargé de résoudre le mystère. Comme dans d'autres franchises similaires, le but du jeu est de résoudre le mystère en parlant avec des témoins et des suspects, et en interagissant avec l'environnement pour découvrir l'identité du meurtrier.
Nishimura Kyoutarou Mystery - Super Express Satsujin Jiken (Japan)	Il s'agit de la deuxième de deux aventures sur la NES. Nishimura Kyoutarou est un romancier né le 6 septembre 1930, spécialisé dans les histoires mystérieuses. Il y a eu d'autres jeux pour diverses plateformes. Le déroulement du jeu est plus ou moins une grande collection de mini-investigations dans le cadre de l'affaire principale. À chaque fois, son supérieur l'envoie sur une petite affaire dans laquelle il doit suivre les indices du meurtre.
Noah's Ark (Europe)	Dieu a demandé à Noë de mettre deux spécimens de chaque espèce d'animal à bord de son arche pour les sauver du déluge. Cependant, des gens malintentionnés du monde entier ont capturé différentes espèces animales, empêchant Noë de faire son travail. Noë devra faire le tour du monde et libérer les animaux des personnes qui les retiennent prisonniers.
Nobunaga no Yabou - Bushou Fuuun Roku (Japan)	L'histoire de Nobunaga se déroule pendant la guerre civile japonaise du XVIe siècle. Dans ce jeu de stratégie en temps de guerre, 15 seigneurs de guerre différents sont représentés sur plusieurs territoires. Le jeu se déroule dans l'un des deux scénarios suivants: le début de la guerre civile en 1555 ou Nobunaga entouré de ses ennemis en 1571 a la victoire. La gestion de la population, des approvisionnements et de l'armée constitue le gameplay et la manipulation réussie de ces chiffres dans la bonne combinaison pour attaquer et se défendre contre des intentions hostiles est ce qui mènera vos forces à la victoire.
Nobunaga's Ambition (USA)	Au XVIe siècle, la période Sengoku du Japon a divisé la nation en de nombreux États féodaux, chacun dirigé par un daimyo. Nombreux étaient ceux qui rêvaient de conquérir le pays, de devenir Shogun et de régner sur tout le pays. L'un de ces daimyos était l'ambitieux Nobunaga Oda, un souverain sans pitié et un stratège renommé. Les joueurs prennent le rôle de Nobunaga Oda ou de l'un des nombreux autres daimyos pour tenter de conquérir le Japon. Nobunaga's Ambition est un jeu de stratégie au tour par tour qui peut être joué dans différents modes. Les joueurs commencent par sélectionner un scénario de 17 régions ou un scénario plus large de 50 régions. Ensuite, le joueur doit choisir un daimyo, dont les attributs sont évalués dans plusieurs catégories : âge, santé, ambition, chance, charme et QI. Au fur et à mesure de la progression du jeu, ces valeurs changent en fonction des événements du jeu.
Nobunaga's Ambition II (USA)	Nobunaga's Ambition II est un jeu vidéo de stratégie au tour par tour développé et publié par Koei en 1988. Il fait suite à Nobunaga's Ambition et se déroule au xvie siècle dans le Japon médiéval. Il propose deux scénarios. Dans le premier, le Japon est partagés entre de nombreux seigneurs qui tentent chacun d'unifier le pays. Dans le second, qui se déroule quelques années avant le premier, le joueur fait face au seigneur Nobunaga qui contrôle déjà la moitié du pays. Le jeu se déroule au tour par tour sur une carte du Japon divisée, en provinces, sur laquelle le joueur contrôle des samourais auxquels sont ratachés des unités militaires. A chaque tour, le joueur peut réaliser différentes actions, comme transférer des hommes ou des ressources d'une province à une autre ou développer l'agriculture, le commerce ou les fortifications de sa région.
North and South (USA)	Les Tuniques Bleues est un jeu de stratégie sorti sur NES. Inspiré de la bande dessinée du même nom, vous allez revivre les plus grands moments de la guerre de Sécession des Etats-unis en compagnie du sergent Chesterfield et du caporal Blutch.
Nuts & Milk (Japan) (En)	Dans ce jeu d'arcade le gameplay est assez simple, le héros, nommé &quot;Milk&quot; doit récolter tous les fruits à l'écran afin de libérer sa petite amie (ne me demandez pas quel est le lien) qui est prisonnière d'une maison. Votre rival &quot;'Nuts' &quot; tentera de vous éloigner de votre but. Pour obtenir le fruit, Milk montera des échelles et sautera sur différentes plateformes. Les points sont accumulés en obtenant le fruit, en sautant par-dessus les noix et en complétant le niveau dans le plus court laps de temps (en obtenant le score bonus). Deux modes de jeu sont inclus ainsi qu'un éditeur de niveau.
Obocchama-kun (Japan)	Le jeu Obocchama-kun est un jeu de plateau multijoueur mettant en scène le personnage éponyme, Obocchama-kun, un garçon riche et arrogant créé par Yoshinori Kobayashi. Ce personnage satirique reflète les attitudes de la société japonaise durant la bulle économique de la fin des années 1980 et du début des années 1990.
Oeka Kids - Anpanman no Hiragana Daisuki (Japan)	Le jeu est basé sur une série animée populaire pour les enfants. Le héros Anpanman est le fils du boulanger Jam-ojisan. Sa tête est entièrement faite de pain et de confiture de haricots. Il sauve des créatures affamées, à qui il donne à manger une partie de sa tête, et combat le méchant Baïkinman (&quot;Germ Man&quot;) et ses serviteurs. Ce jeu contient cinq mini-jeux, dont certains à des fins éducatives. Le jeu est entièrement contrôlé par un dispositif spécial en forme de souris qui est livré avec. Les mini-jeux sont: 1. Essayez d'attraper les pommes qu'Anpanman laisse tomber du ciel en courant dans un petit champ. 2. Combinez les pièces du puzzle pour créer des images des personnages de l'animé. 3. Entraînez-vous à écrire des syllabes japonaises (hiragana) avec l'aide d'Anpanman. 4. Déterminez les différences entre des images similaires. 5. Découvrez les visages des personnages en cliquant sur les espaces vides d'un tableau. Découvrir le visage d'un ennemi vous fera échouer (un concept qui n'est pas sans rappeler le démineur).
Oishinbo - Kyuukyoku no Menu Sanbon Shoubu (Japan)	Oishinbo nous place dans le rôle de Yamaoka Shiro alors qu'il participe à un brainstorming pour le prochain banquet VIP de Tozai News. Il rencontre un trio de gourmands visitant sa publication, dont l'un vante les mérites culinaires du foie gras. Shiro est dédaigneux en raison de son apparence laide (sans parler de la cruauté envers les animaux), provoquant une vive dispute entre les deux. Rempli de rage, Shiro retourne à son bureau pour essayer de trouver un plat qui fera sortir le foie gras de l'eau. C'est ici que le jeu commence sérieusement, et la caractéristique la plus familière du genre ADV commence à se relever: le travail occupé. Le joueur doit regarder et interagir avec tout ce qu'ils peuvent éventuellement s'ils veulent faire des progrès, souvent plusieurs fois. La longueur du jeu est souvent ridicule, comme lorsque Shiro ne peut visiter sa propre cafétéria qu'après avoir lu un panneau qui l'informe qu'il existe.
Okkotoshi Puzzle - Tonjan! (Japan)	Okkotoshi Puzzle Tonjan est un jeu de réflexion de NMK qui met en scène des cochons anthropomorphes poussant des tuiles de mahjong dans un labyrinthe, en essayant de pousser des piles entières dans l'un des nombreux trous de la zone. Des points bonus sont accordés pour avoir poussé en premier certaines tuiles spécifiques dans les trous, et il y a une tuile en particulier qui complète le niveau une fois poussée dans un trou et qui est la seule cible obligatoire. Les niveaux suivants augmentent le nombre de tuiles et la difficulté, en ajoutant des tuiles poisson qui font perdre une vie au joueur si elles sont poussées dans un trou.
Onyanko Town (Japan)	Les joueurs doivent jouer le rôle d'une mère chat appelée Milky qui vit dans une métropole dangereuse pleine de chiens. Les chiens veulent tuer Milky avant qu'elle ne puisse sauver son fils Michael qui a erré dans la ville par ses propres moyens (et s'est perdu). Les joueurs doivent attraper le poisson pour gagner une invincibilité temporaire. Cependant, les autres ennemis peuvent encore tuer la chatte comme le marchand de poisson (qui est le seul méchant humanoïde dans le jeu), les automobiles sur la route, avec les bouches d'égouts et les pylônes. La ville est divisée en routes pour la circulation automobile et les trottoirs pour les chiens errants. Les marchands de poisson remplacent complètement les chiens après le 30ème niveau; provoquant la redondance de l'icône d'invincibilité (poisson). Contrairement à la série de jeux vidéo Teenage Mutant Ninja Turtles (en particulier la première sortie de NES qui sortira quatre ans plus tard en 1989), les bouches d'égouts ouvertes tuent le joueur au lieu de l'aider à échapper aux chiens errants. Les serpents d'égout sortent également pour tuer le joueur avec son venin. Les cônes triangulaires peuvent momentanément bloquer la progression du joueur. Le jeu était destiné à un public beaucoup plus jeune que ce qui était considéré comme &quot;moyen&quot; dans la communauté Nintendo Entertainment System à cette époque. En utilisant la chanson de musique classique Ballet des poussins dans leurs coques (composée par Modest Moussorgsky) comme musique de fond, il y a un thème commun tout au long du jeu de &quot;chien attrape chat, chat capture poisson&quot; - imitant la chaîne alimentaire.
Operation Wolf (USA)	Operation Wolf est un jeu de tir sur NES adapté de la célèbre borne d'arcade. Vous êtes un mercenaire envoyé dans la jungle par le gouvernement américain pour sauver des otages retenus par des guérilleros locaux. Traversez 6 missions et sauvez un maximum de gens avec votre mitrailleuse et vos grenades pour obtenir la meilleure fin possible et la plus grosse prime remise par le Président des États-Unis himself !
Orb-3D (USA)	Dans le jeu d'action Orb-3d sur Nes, vous incarnez un explorateur qui devra affronter le méchant Krohn et l'empêcher de créer un trou noir. Vous avez pour cela votre vaisseau le Millennium Orb et devrez passer les 30 niveaux avant de réussir.
Osomatsu-kun - Back to the Me no Deppa no Maki (Japan)	Le jeu propose deux plateaux. Un petit plateau à l'intérieur de la boîte, et un plus grand plateau pliable. Les joueurs peuvent choisir entre deux variantes de jeu, chacune utilisant l'un des plateaux. Dans les deux variantes, deux à quatre personnes peuvent jouer. Dans la variante du jeu qui utilise le grand plateau, l'objectif de tous les joueurs est de construire un &quot;Iyami&quot; à partir de six pièces. À chaque tour, la roulette à l'intérieur de la boîte est utilisée pour déterminer le nombre d'étapes à franchir sur le plateau, et les chiffres imprimés sur le plateau déterminent quelle partie du corps de l'Iyami un joueur peut choisir. La première personne à finir de construire Iyami gagne la partie.
Otaku no Seiza - An Adventure in the Otaku Galaxy (Japan)	Fuyuu City est une ville futuriste dans un pays où tout le pouvoir est entre les mains des femmes, qui sont beaucoup plus fortes que les hommes. Cinq femmes belles, intelligentes et fortes forment un groupe appelé &quot;Aurora&quot;. Ce sont eux qui contrôlent la ville de Fuyuu et ses environs. Un type sans nom se retrouve dans la ville de Fuyuu avec la mémoire perdue. Il est outré par ce qu'il y voit, et décide d'aider les hommes discriminés.
Othello (USA) (HAL Laboratory)	Othello sur Nes est la célèbre adaptation du jeu de plateau éponyme. Le but étant de remplir le plateau avec autant de jeton de sa couleur que possible. Pour cela vous devrez piéger votre adversaire en coinçant ses jetons avec les vôtres afin qu'ils prennent votre couleur.
Outlanders (Japan)	Outlander sur Super Nintendo est un jeu de courses disposant d'une bonne dose d'action. Votre but est de conduire votre voiture tout en essayant de survivre face aux hordes de motards qui veulent votre peau. Heureusement votre bécane est équipée d'une mitraillette et vous pouvez tirer au fusil à pompe par la fenêtre quand les ennemis se rapprochent un peu trop. Certaines phases se déroulent à pied et il faut se débarrasser de ses adversaires à mains nues ou à l'aide d'un pistolet.
Over Horizon (Europe)	Over Horizon est un jeu de tir vu de côté sur Nes dans lequel vous guidez un vaisseau spatial. Vos trois armes vous aideront à venir à bout des différents niveaux proposés.
Overlord (USA)	Overlord, aussi connu sous le nom Supremacy: Your Will Be Done, est un jeu vidéo de stratégie en temps réel conçu par David Perry et Nick Bruty et produit par Probe Software. Le jeu se déroule dans un univers de science-fiction. L'objectif est de créer et de protéger des colonies sur diverse planètes tout en essayant de détruire les colonies de l'adversaire.
P.O.W. - Prisoners of War (USA)	P.O.W. : Prisoners of War sur NES est un jeu d'action qui vous amène à incarner un prisonnier de guerre dans sa fuite du camp d'emprisonnement. Vous aurez à votre disposition nombre d'armes et d'attaques de mêlée pour y parvenir.
Pac-Land (Japan)	Pac-Land est un jeu de plates-formes sur NES. Contrairement à la tradition, ce jeu Pac-Man est en vue de profil. Le héros doit rapporter une fée à Fairy-Land puis revenir chez lui. Mais les fantômes ne l'entendent pas de cette oreille et feront tout pour arrêter la boule jaune dans son périple. Le jeu comporte 16 niveaux et peut être pratiqué à deux joueurs.
Pac-Man (World) (Evercade)	Pac-Man sur Nes est l'adaptation d'un des plus grands succès arcades de toute l'histoire du jeu vidéo. Vous contrôlez Pac-Man, petite boule jaune croque-tout, dans des labyrinthes peuplés de fantômes colorés. Le but du jeu consiste à manger tous les petits points jaunes. Le moindre contact avec un des ectoplasmes est fatal.
Pac-Man - Championship Edition (USA, Europe) (Namco Museum Archives Vol 1)	A l'instar du tout premier Pac-Man, dans Pac-Man Championship Edition vous devrez faire évoluer Pac-Man à travers les différents labyrinthes en lui faisant manger des pastilles colorées, des pastilles de puissance et des objets bonus (tels que des fruits, des clés et une multitude d'autres objets), le tout évidemment en évitant les quatre fantômes à sa poursuite dans les labyrinthes. Pour vous débarrasser d'eux, avalez une pastille de puissance, ils vireront alors au bleu et pourront être mangé…
Pachi-Slot Adventure 2 - Sorotta-kun no Pachi-Slot Tanteidan (Japan)	Suite de Tokyo Pachi-Slot Adventure, c'est un jeu d'aventure mettant en scène le pachinko, croisement d'un flipper et d'une machine à sous. Développé par la même société qui a réalisé American Dream (à ne pas confondre avec la société de jeux vidéo sans licence Color Dreams), le joueur débute dans un salon de pachinko tout en essayant de gagner des balles pour poursuivre son aventure.
Pachi-Slot Adventure 3 - Bitaoshii 7 Kenzan! (Japan)	Suite de Tokyo Pachi-Slot Adventure et Pachi-Slot Adventure 2, ce jeu mélange aventure, pachinko et machines à sous. Développé par la même entreprise qui a créé American Dream (à ne pas confondre avec la société de jeux non licenciés Color Dreams), le joueur commence son aventure dans un salon de pachinko, où il doit gagner des billes pour progresser.
Pachicom (Japan)	Pachicom est une simulation de jeu de pachinko. Le pachinko peut être décrit comme un jeu qui est un croisement entre le flipper et une machine à sous. Ce jeu propose deux modes de jeu différents. Le mode A permet au joueur de jouer jusqu'à ce qu'il atteigne un score d'au moins 3000. Le but est d'atteindre ce score le plus rapidement possible. Cependant, le jeu peut se terminer prématurément s'il n'y a plus de balles à tirer. Le jeu B permet au joueur d'essayer d'obtenir un score aussi élevé que possible, mais avec une limite de temps supplémentaire. Le jeu contient plus de 200 agencements de plateau différents. Dans le menu principal, il suffit de choisir Jeu A ou B pour qu'un plateau soit attribué aléatoirement au joueur. Le gameplay est essentiellement passif. Les joueurs peuvent seulement ajuster le bouton de pression de tir qui affecte la vitesse et l'endroit où les boules atterrissent.
Pachinko Daisakusen (Japan)	Pachinko Daisakusen est un jeu de hasard pour le Nintendo Entertainment System. Voici une traduction anglaise de Pachinko Daisakusen. Maintenant, vous pouvez profiter de l'un des jeux de loisirs les plus populaires du Japon et de la forme de jeu pour la NES en anglais! :) Profitez!
Pachinko Daisakusen 2 (Japan)	Pachinko Daisakusen 2 est un jeu de hasard pour le Nintendo Entertainment System. Voici une traduction anglaise de la 2ème partie de Pachinko Daisakusen.
Pachio-kun 2 (Japan)	Il s'agit d'une suite du jeu de pachinko innovant Pachio-kun. Le nombre de magasins a augmenté par rapport au jeu précédent, passant à 10. De plus, le nombre de tables de pachinko uniques, telles que la table Kong, la table UFO, etc., a également augmenté.
Pachio-kun 3 (Japan)	Pachio-kun 3 est la suite des 2 premiers Pachio-kun sur Famicom. Comme dans les premiers jeux, le but est d'aider une boule de pachinko intelligente nommée Pachio-kun à mettre en faillite une série de salons de pachinko et à libérer tous ses frères miniatures de leurs goulags mécaniques tape-à-l'œil.
Pachio-kun 4 (Japan)	Pachio-kun 4 sur NES marque le retour de Pachio-kun, bien décidé à sauver ses amis retenus prisonniers dans des casinos. Comme toujours, le jeu propose de nouvelles tables et de nouvelles machines de pachinko pour varier le plaisir.
Pachio-kun 5 (Japan)	La dernière aventure de Pachio-kun sur la Famicom reste très similaire aux épisodes précédents de la franchise, avec encore plus de nouvelles machines de Pachinko et davantage de casinos à traverser pour libérer les amis de Pachio-kun.
Palamedes (USA)	Palamedes sur Nes est un puzzle-game qui consiste à faire des lignes avec des dés. Vous devez aligner les chiffres sur les faces des dés pour réussir. Un ami pourra également vous affronter.
Palamedes II - Star Twinkle, Hoshi no Mabataki (Japan)	Palamedes II peut être décrit comme &quot;son prédécesseur, renversé&quot;. Comme précédemment, votre objectif est de réorganiser un ensemble de dés et de les mettre dans une rangée pour l'élimination. Seules les séries de dés telles que 4-4-4-4-4 ou 1-2-3-4-5 peuvent être éliminées, et en fonction de la série, cela entraînera l'élimination d'une ou de plusieurs rangées de dés écran. Contrairement aux Palamède d'origine, cette fois, votre personnage se tient au-dessus des dés, et la pile de dés croissante l'écrase à moins qu'il ne fasse les combinaisons correctes pour éliminer la pile. C'est un peu comme Tetris et un peu comme Klax. Deux modes sont disponibles: Le mode 1 place votre joueur au sommet d'une pile qui doit être éliminée. Il peut être joué seul (seul), contre un autre humain (match) ou dans une quête contre l'ordinateur. Le mode 2 place votre joueur sur une pile déjà bien fournie, mais contrairement au mode 1, les piles ne peuvent pas être réarrangées pour atteindre les dés désirés, vous devez donc vous contenter de ce qui est dans la couche supérieure pour correspondre à tous les dés est montré sur le dessus du terrain de jeu. Un joueur adverse fait de même, et le premier à atteindre le fond gagne. Si les deux joueurs n'ont plus de dés correspondants, un compte à rebours commence à révéler un nouveau dé, et il est nécessaire de réagir rapidement pour trouver celui correspondant dans votre pile. En raison de la nature du mode 2, il ne peut pas être joué seul, seulement en mode match ou quête.
Panic Restaurant (USA)	Aidez ce cuisinier moustachu à récupérer son restaurant! C'est un certain &quot;Ohdove&quot; qui en a pris possession et pour le ravoir vous aller devoir passer à travers une dizaine de niveaux armé de vos ustentiles de cuisine! Vous commencez avoir une poêle, mais vous allez en croisez d'autres pendant le jeu tel que la cuillère, la fourchette, les assiettes et j'en passe! Ceux-cis vont vous servir à vous débarrasser d'ennemis tel que des poulets rôtis, des carrotes avec une face, des plats de gellatine et plusieurs autres tous aussi loufoques qu'étrange. Panic Restaurant est un bon petit jeu de plate-forme qui est aussi très beau graphiquement et ses musiques sont entrainantes! C'est un jeu que je conseil à tout le monde !
Paperboy (USA)	Paperboy sur NES est l'adaptation du succès arcade du même nom. Vous incarnez un jeune livreur de journaux à vélo et devez effectuer votre tâche le plus rapidement possible. Prenez garde tout de même aux divers obstacles, à savoir les automobilistes, chiens, skaters et autres trous dans la chaussée.
Paperboy 2 (USA)	Reprenant le concept du premier épisode, Paperboy 2 vous emmène livrer les journaux sur NES. Vous avez le choix entre Paperboy et Papergirl pour enjamber votre vélo et distribuer les journaux à travers la ville. Attention cependant à les donner aux bonnes personnes et à éviter les obstacles comme les chiens ou les voitures. Il est d'ailleurs possible d'inverser les rôles et de poser des pièges sur la chaussée pour empêcher l'autre joueur de faire son travail.
Parallel World (Japan)	Ayant été aspiré et coincé dans un univers alternatif, vous et votre petite amie devez trouver votre chemin autour des casse-tête d'un magnifique château pour revenir à la maison. Le château lui-même se compose d'un total de vingt mondes constitués de cinq étapes chacun, dont chacun est rempli à ras bord d'ennemis. De votre vue aérienne, vous devez utiliser votre pavé directionnel pour déplacer votre personnage autour de la grille et pousser les obstacles à l'écran dans vos ennemis pour les détruire afin que les clés s'échappent ainsi que d'autres goodies (temps supplémentaire, points bonus, etc.), mais gardez à l'esprit que vous devrez utiliser ces mêmes obstacles pour construire un chemin vers la sortie. Et n'oubliez pas de travailler vite non plus, car vous n'avez que 100 secondes pour effacer chaque puzzle. Échouez et vous perdrez une vie (vous commencez avec seulement trois). Ce jeu peut être joué avec un ou deux joueurs (jeu simultané). Le premier joueur contrôle le garçon. Le joueur deux devient la fille. Les deux doivent avoir leur intelligence à leur sujet pour passer outre les hordes de ressorts, de rouleaux fous, de sorcières, de zombies, et bien plus encore pour en faire leur maison en un seul morceau.
Parasol Henbee (Japan)	Parasol Henbee est un jeu de plateforme d'action basé sur un dessin animé japonais du même titre.Le Red-Oni Aliens ont envahit Fairtale Land et c'est à Henbee de sauver le monde. Ce jeu a été publié uniquement au Japon pour la Nintendo Famicom.
Parasol Stars - Rainbow Islands II (Europe)	Parasol Stars est un jeu d'action/plates-formes sur Nes. Bub et Bob, qui ont gardé leur forme humaine du précédent épisode, doivent défaire le terrible &quot;Chaostikahn&quot; et tuer tous les ennemis présents dans la multitude de stages. Les deux garçons ne sont armés que de parasols.
Paris-Dakar Rally Special (Japan)	Paris-Dakar est un jeu de course imaginatif avec des éléments de plateforme et d'action-aventure. Il propose des voitures du rallye Dakar qui peuvent tirer des balles, un conducteur capable de sortir de la voiture pour explorer et descendre un pont ou contourner d'autres obstacles, des sections sous-marines et parfois éviter une flotte de chars et de chasseurs. Chaque étape comporte son propre twist unique.
Parodius (Europe)	Parodiant Gradius et tous les jeux du genre, Parodius est un shoot'em up sur Nes. Vous avez le choix entre quatre créatures et objets volants et devez parcourir les niveaux avec une vue de profil, en tirant sur tout ce qui bouge. L'aspect parodique permet de remplacer les univers futuristes et tragiques par des ennemis fantaisistes et des mondes pleins de couleurs.
Peepar Time (Japan)	Peepar Time est similaire au jeu Blodia sur Game Boy. Vous contrôlez une étrange machine sautillante qui se déplace sur des cases à 4, 3 ou 2 directions. Vous pouvez changez l'orientation des tuiles, mais si la machine tombe dans l'eau, vous perdez. Si elle atteint une impasse, elle rebondit. Si elle rencontre un ennemi, vous perdez également. Votre machine dispose d'un réservoir qui permet de couvrir 60 cases. Vous pouvez recharger ce réservoir et trouver de l'or pour accumuler des points. L'objectif ultime est de trouver une clé et de parvenir à la tente à la fin du niveau.
Penguin-kun Wars (Japan)	Sorti en 1985 au Japon, Penguin-Kun Wars est un jeu d'action sur Famicom. Dans ce titre, vous incarnez un pingouin dans un tournoi qui vous oppose à d'autres animaux. Vous devrez vous mesurer à des souris, des koalas, ou encore des pandas dans des duels sous forme de dodge ball. Chaque match se déroule en deux sets gagnants, et le but est de repousser tous les ballons dans le camp adverse, tout en évitant les tirs ennemis sous peine d'être étourdi quelques instants. Le jeu est entrecoupé de stages bonus qui augmente vos points accumulés. Le soft offre la possibilité de disputer le tournoi jusqu'à huit joueurs.
Pennant League!! - Home Run Nighter (Japan)	Home Run Nighter: Pennant League!! est un jeu de baseball sur Famicom dans le moule de Pro Yakyuu Family Stadium: Tous les athlètes ont un apparence caricaturale très déformé. Home Run Nighter va encore plus loin que ses contemporains en attribuant à chaque batteur des équipes fictives leur propre sprite unique. Certains seront plus grand, tandis que d'autres auront des traits faciale exagérés. Il est possible que certains des athlètes (et les managers, qui apparaissent pendant la phase de préparation) aient été basés sur de vrais joueurs de baseball japonais.
Pennant League, The - Home Run Nighter '90 (Japan)	The Pennant League: Home Run Nighter '90 est un jeu de baseball similaire à Pro Yakyuu Family Stadium (Japon) et R.B.I. Baseball (USA).
Perfect Bowling (Japan)	Perfect Bowling est un jeux de Bowling sortie exclusivement sur Famicom au Japon. Dans ce jeu le joueur est confronté à differents adversaires controlés par l'IA. Chaque adversaire a sa propre personnalité, style de jeu et apparence. Contrairement à ce que laisse présager l'illustration de la boite de jeu (style années 50-60), l'ambiance est plutot futuriste avec la preparation des quilles à l'aide de lasers et la mode vestimentaire des protagonistes, futuriste (vision des années 80). Le jeu octroie pas mal d'options afin de jouer precisement, comme donner une legere rotation à la boule ou encore jouer avec la force de lancer. On peut meme choisir le poids de la boule et notre bras de lancer (droite ou gauche) durant la phase de creation de personnage!
Perman (Japan)	Perman: Enban wo Torikaese !! est un jeu de plateforme d'action pour la Nintendo Entertainment System. Le jeu est basé sur une bande dessinée japonaise et a une émission de télévision animée. La soucoupe spatiale de Birdman a été volée par Dr. Mad et c'est à Perman de la récupérer et sauver le monde. Le jeu dispose de plate-forme standard et a deux personnages jouables, Perman et Booby le singe. Il y a aussi les batailles de boss qui ressemble à des jeux de plateau.
Perman Part 2 - Himitsu Kessha Madoodan o Taose! (Japan)	Paaman (ou peut-être Parman) est une bande dessinée au Japon qui est faite par Fujiko Fujio qui a fait Doraemon. Comme ce n'était pas déjà évident juste en les regardant, tous les quatre personnages que vous avez le choix de contrôler ont la capacité incroyable de voler d'une manière incroyablement maladroite. Il y a une vue de côté, où vous pouvez voler, et une vue de dessus, où vous marchez à l'intérieur des bâtiments et des choses. Vous ne pouvez pas voler, mais vous pouvez sauter, ce qui est plutôt inutile. Ce qui est cool à propos de ce jeu, c'est le nombre incroyable de salles de bonus folles et amusantes dans lesquelles vous pouvez aller, et parfois, à la fin de ces salles, vous pouvez gagner des choses chouettes, comme de nouvelles armes ou des améliorations d'armes.
Pescatore (Japan) (Proto)	Pescatore est un jeu non sorti qui ressemble à un Tetris.
Phantom Fighter (USA)	Phantom Fighter est un jeu de combat sur Nes dans lequel vous incarnez un guerrier chinois chasseur de fantômes. Vos péripéties vous amèneront dans différentes villes pour chasser les esprits.
Pictionary - The Game of Video Quick Draw (USA)	Pictionary est un jeu de plateau développé par Software Creations et publié par LJN sur NES. Il est basé sur le jeu de société du même nom, les joueurs peuvent jouer jusqu'à quatre équipes de joueurs illimités.
Pin Bot (USA)	Pin Bot est un jeu vidéo de flipper développé par Rare et publié par Nintendo sur NES. Il a été lancé en Amérique du Nord en avril 1990. Il s'agit d'une conversion du flipper du même nom (développé et fabriqué par Williams en 1986). La version NES du jeu reproduit avec précision certains aspects du gameplay et de l'esthétique du flipper, tout en introduisant de nouvelles fonctionnalités et des défis supplémentaires.
Pinball (Japan, USA) (En)	Pinball sur NES est un jeu de flipper. Comme dans un véritable flipper, l'objectif est de propulser la balle et de ne jamais la laisser passer entre les flips. Vous trouverez de nombreuses façons surprenantes d'augmenter votre score. Pinball comporte également un niveau bonus dans lequel Mario doit secourir Pauline, comme il le fit dans Donkey Kong.
Pinball Quest (USA)	Pinball Quest est un &quot;Pinball RPG&quot; qui propose quatre modes de jeu différents. Le mode RPG comporte six tables de flipper, où vous utilisez vos batteurs pour envoyer la boule sur les ennemis, trouver des clés, et éventuellement sauver la Princess Bali. Les autres modes, POP! POP !, Viva Golf, et Circus, sont des tables de flipper spécialisés dans les sports, le golf et le cirque.
Pipe Dream (USA)	Un classique ! Vous devez faire un circuit de tuyaux de diverses formes pour qu'un liquide y circule sans problème.
Pirates! (USA)	La guerre moderne ne fait pas le poids face au réalisme féroce de six raids de pirates du XVIe siècle, le long de la côte espagnole. Aye, matey ! C'est pourquoi le pillage et la mise à sac sont de nouveau à la mode, alors que vous jouez le rôle d'un pirate des mers. Que ce soit un boucanier anglais, un aventurier hollandais, un renégat espagnol ou un explorateur français, chacun a un niveau de compétence et un impact stratégique différents. En tant que crapule, vous ferez du troc avec les marchands ennemis, vous échangerez les cartes de trésors cachés, vous négocierez avec des gouverneurs sans scrupules et vous forgerez des alliances avec des monarques qui préféreront vous poignarder dans le dos plutôt que de vous accorder un prêt pour de nouveaux navires. Mais ce n'est que la moitié de la bataille ! Vous devrez également prendre d'assaut des villes, vous battre à l'épée avec des commandants de garnison, assiéger des forts et faire feu avec vos canons sur une armada d'ennemis navals, dont des galions de guerre espagnols, des frégates hollandaises, des navires marchands français et des sloops anglais.
Pizza Pop! (USA, Europe) (Broke Studio)	Un livreur de pizza est amoureux d'une fille nommée Betty. Vous devez livrer les pizzas dans le temps imparti et lutter contre votre rival, qui vous mettra des bâtons dans les roues, afin d'acheter des bijoux à votre bien aimée.
Plasma Ball (Japan)	Plasma Ball est un jeu d'action dans lequel vous incarnez un des différents robots colorés et combattez de nombreux adversaires dans des arènes aux formes et designs toujours différents et variés. Votre arme : une balle rebondissante qui ricoche sur les murs de l'arène et les éléments de décor. Il vous faudra la repousser avec votre bouclier ou vous en saisir pour l'envoyer à pleine puissance sur votre adversaire. Relevez le défi des arènes seul ou à deux !
Platoon (USA)	Platoon sur Nes est une adaptation du film éponyme. Vous jouez chaque segment du long métrage grâce à des phases à la jouabilité différente. La première sera un jeu à défilement horizontal dans la jungle où vous pouvez sauter et vous accroupir pour passer les obstacles. Vous aurez ensuite par exemple la traversée de tunnels en vue à la première personne.
Pocket Zaurus - Juu Ouken no Nazo (Japan)	Pocket Zaurus: Ju Ouken no Nazo (peut-être traduit par &quot;Pocket Zaurus: Mystère des Dix Rois Épées&quot;, les Dix Rois sont les dix juges de l'enfer qui examinent la conduite des défunts récemment) est un jeu d'action développé par Bandai et publié en Février 1987. Au moment de la sortie de ce jeu, Bandai a produit une ligne de stylos dinosaure, similaire à un thème de l'école fourni sous le label Pocket Zaurus. En tant que tel, le jeu lui-même a un léger aspect éducatif. Le jeu est un jeu d'action à défilement horizontal. Vous contrôlez Hashimoto-Zaurus, du nom de Hashimoto, un employé de Bandai qui a vraisemblablement inventé le concept de Pocket Zaurus. Malgré le fait de partager le nom avec la ligne de produits, les caractères qui ressemblent à ceux utilisés dans le produit ne sont presque jamais vus, et les ennemis ne sont pas du tout liés non plus. L'idée du jeu a été soumise par un lecteur du magazine de jeux &quot;Family computer Magazine&quot;, publié par Tokuma Shoten.
Pooyan (Japan) (En)	Pooyan sur Nes est un jeu d'action reprenant le principe du jeu d'arcade du même nom dans lequel vous jouez une cochonne, Mrs. Pig, qui essaye de protéger ses petits des attaques des loups. Mrs. Pig monte et descend sur un câble d'où elle peut tirer des flèches afin de détruire les ballons auxquels s'accrochent les loups pour planer vers les petits cochons ! Vous devez les faire tomber afin qu'ils ne puissent pas les atteindre.
Popeye (Japan)	Popeye est un jeu de plates-formes sur NES. Vous incarnez le célèbre marin et devez gagner le coeur d'Olive. Celle-ci se trouve en haut de l'écran et laisse tomber des gages d'amour que vous devez collecter pour passer au niveau suivant où il s'agira d'éviter Brutus. Vous pouvez assommer temporairement ce dernier en trouvant une boîte d'épinards !
Popeye no Eigo Asobi (Japan)	Popeye no Eigo Asobi (le jeu anglais de Popeye) est le spin-off exclusif japonais du jeu d'arcade de Popeye. Le jeu comprend trois modes: Word Puzzle A, Word Puzzle B et Word Catcher. Dans Word Puzzle A (basé sur le premier niveau du jeu original), le joueur reçoit le terme japonais pour un mot dans l'une des six catégories suivantes: Animal, Pays, Nourriture, Sports, Science et Autres (en raison de limitations techniques, ces termes sont affichés entièrement en tant que katakana, indépendamment de leur origine). Des carrés vides pour le mot anglais sont donnés, et le joueur doit manoeuvrer Popeye autour pour pointer vers les lettres de l'alphabet afin de remplir les blancs. Chaque mauvaise entrée de lettre incite Brutus / Bluto à frapper un panier portant Swee'Pea; le joueur doit résoudre le casse-tête avant que le panier de Swee'Pea ne tombe de la plate-forme à laquelle il est attaché. Le joueur peut également perdre le puzzle en frappant le &quot;?&quot; icône. Si le puzzle est perdu ou perdu, le mot anglais correct sera affiché. Word Puzzle B est identique au mode &quot;A&quot;; Cependant, le joueur ne reçoit pas le terme japonais à l'avance. Dans le mode Word Catcher à deux joueurs (basé sur le troisième niveau du jeu original), le premier joueur contrôle Popeye et le second contrôle Bluto. Trois mots japonais sont affichés sur le côté gauche de l'écran, et les deux joueurs s'affrontent pour recueillir des lettres lancées par Olive Oyl pour épeler leurs équivalents anglais. Un joueur gagne quand il ou elle a correctement orthographié cinq mots.
Portopia Renzoku Satsujin Jiken (Japan)	Portopia Renzoku Satsujin Jiken est une aventure textuelle de meurtre à la première personne du meurtre de Yuji Horii (de la gloire de Dragon Quest) dans l'industrie du jeu. Initialement publié pour le système PC-6001 en 1983, le port NES permet aux joueurs d'entrer des commandes en les sélectionnant via leur gamepad à partir d'une liste de verbes et de rechercher des graphiques à l'écran pour les points chauds. L'histoire met les joueurs dans la peau d'un détective de police japonais sans nom dans une quête pour résoudre le meurtre d'un directeur de banque. Lors de ses voyages à travers de vrais cadres japonais, le protagoniste anonyme et silencieux est assisté par son collègue Yasu qui exécute ses ordres.
Power Blade (USA)	Power Blade sur Nes est le remake du jeu Japonais Power Blazer sorti sur Famicom. D'abord baptisé Power Mission, il fut appelé Power Blade après les dernières modifications. Le jeu est très différent de l'original japonais, le héros style manga ressemblant a Mega Man est remplacé par un sosie de Schwarzenegger, les niveaux ont été totalement repensés, les boss sont différents, le gameplay est enrichi et les cinématiques corrigées et rallongées L'action se déroule en 2191, époque où la Terre est menacée par un ordinateur hors contrôle qui la gouvernait avant. Vous incarnez Nova, un agent secret spécialiste du boomerang qui a pour mission de retrouver 6 agents dans 6 zones différentes. Ceux-ci lui délivreront des cartes à bande afin de parvenir à la dernière zone de jeu, et ainsi détruire l'unité centrale folle.
Power Blade 2 (USA)	Le jeu d'action Power Blade 2 sur Nes vous place à nouveau dans la peau de l'agent secret Nova, 9 ans plus tard, qui a cette fois pour mission secrète d'infiltrer et de détruire la Fondation Delta. Ces derniers sont sur le point de vendre la dernière génération de cyborgs de combat au plus offrant, ce qui menace fortement la sécurité de la nation.
Power Blazer (Japan)	Power Blazer est un jeu d'action/plateformes qui se déroule en 2191, époque où la Terre est menacée par un ordinateur hors contrôle qui la gouvernait avant. Vous incarnez Steve Treiber, un soldat hautement entrainé envoyé en mission commando derrière les lignes ennemies afin de défaire le Brain Master et sauvé le monde. Il est équipé d'un puissant boomerang de combat appelé le &quot;Power Blazer&quot;. Le joueur peut choisir de commencer par n'importe quel des six niveaux disponibles au début du jeu et la plupart d'entre eux ont différents chemins possibles. Les versions Européennes et Américaines baptisés &quot;Power Blade&quot; ont subi un profond remake tant au niveau du gameplay que des graphismes et des niveaux donnant un jeu totalement différent de cette version Japonaise.
Power Punch II (USA)	Dans le jeu de boxe Power Punch 2 sur NES, vous suivez l'histoire de Mark &quot;Tough Guy&quot; Tyler, le champion du monde poids lourd de boxe, imbattable depuis sa médaille d'or olympique. Un jour, lui et son manager décident de défier le monde entier, prétendant que personne n'arrive à la cheville de Tough Guy. Ce message est perçu très loin de la Terre par la Fédération Intergalactique de boxe, qui invite Tyler à défendre son titre face aux meilleurs boxeurs de l'univers.
Power Soccer (Japan)	Un jeu de soccer simplifié avec 6 joueurs par équipe. Le joueur choisit l'une des deux équipes, puis joue une série de 5 matchs contre des équipes contrôlées par l'ordinateur, ou un match contre un deuxième joueur. Avant chaque match, le joueur peut choisir entre une formation orientée à gauche ou à droite. Le gameplay utilise une vue de dessus sur un terrain vertical, avec un passage en vue rapprochée lorsque le ballon est près du but.
Predator (USA)	Predator sur NES est un jeu d'action adapté du film éponyme mais qui ne reprend pas exactement le même scénario puisque notre héros commence déjà tout seul après la mort de son escouade. La progression se déroule à l'horizontal dans des niveaux où il faudra sauter, courir et tirer sur de nombreux ennemis. Le Predator faisant lui quelques rares apparitions.
President no Sentaku (Japan)	President no Sentaku est un jeu de stratégie, développé par Another et publié par Hot-B en 1990 au Japon
Prince of Persia (USA)	Prince of Persia sur NES est un jeu de plates-formes se déroulant dans le Moyen-Orient. Le joueur contrôle le Prince de Perse qui peut marcher, courir, se baisser, sauter, s'accrocher et combattre à l'épée. Le but est de terminer tous les niveaux pour libérer la princesse dans le temps imparti, c'est-à-dire une heure. Chaque niveau consiste en un donjon de plus en plus grand et parsemé d'embûches (précipices, dalles se dérobant sous les pieds, pics sortant du sol).
Princess Tomato in the Salad Kingdom (USA)	Il y a de nombreuses saisons, le &quot;royaume de la salade&quot; était un pays paisible. Mais un jour, le ministre Pumpkin trahit le roi Brocoli, enleva la princesse Tomato, vola l'emblème royal du Navet et les emmena dans son château dans les montagnes de Zucchini. Il envoya ses cruels &quot;Farmies&quot; terroriser le royaume de la salade. Peu de temps après, le roi est mort, incapable de se remettre de la perte de sa fille. Mais il vous a promis, à vous, le courageux Sir Cucumber, la main de la princesse et le royaume tout entier, si vous sauvez la belle Tomato des griffes du maléfique Pumpkin. Princesse Tomate est un jeu d'aventure dans lequel vous interagissez avec l'environnement en choisissant des commandes dans un menu, comme les traditionnels &quot;check&quot; ou &quot;give&quot;, et les moins traditionnels &quot;praise&quot; ou &quot;percy&quot;. Percy est un petit kaki qui sera votre fidèle compagnon tout au long de votre quête et qui vous aidera en de nombreuses occasions.
Pro Sport Hockey (USA)	Pro Sports Hockey sur Nes vous permet de jouer avec pas moins de 24 équipes de la NHL avec en tout 288 joueurs ! Dans cette version vous pourrez vous entraîner, jouer en mode exhibition ou encore concourir dans le mode Super cup. En entraînement, il vous sera aussi possible de jouer l'attaque comme la défense afin de planifier vos tactiques pour mener votre équipe à la victoire.
Pro Wrestling (USA)	Pro Wrestling sur Nes est un jeu de catch dans lequel vous incarnez les catcheurs de l'une des équipes suivantes : Mad Soldiers, Orient Express, Great Maskmen et Crush Brothers. Chaque combattant possède ses propres spécificités, par exemple le fait de pouvoir utiliser des objets du décor. Pour finir le jeu, il faut compléter les ligues mexicaines, pacifiques et mondiales.
Pro Yakyuu - Family Stadium '87 (Japan)	R.B.I. Baseball 2 comprend les 26 équipes de la ligue majeure, chacune avec une liste complète de joueurs. Vous pouvez choisir n'importe quelle équipe de la Ligue nationale ou de la Ligue américaine. Vous pouvez même jouer l'une des équipes All-Star de 1989. Le jeu propose des options pour un joueur et deux joueurs, ainsi qu'un mode mot de passe qui vous permet de jouer une saison complète (un match contre chaque équipe de la division). En outre, un mode de surveillance vous permet d'avoir la meilleure place dans la salle pour un match contrôlé par l'ordinateur. Cette deuxième version est similaire au jeu original en termes de gameplay. Cette fois, le jeu utilise les équipes et les statistiques de la saison 1989. Tout comme dans le jeu original, vous pouvez voir ce que c'est que de se présenter au marbre comme Ricky Henderson, de lancer la balle comme Nolan Ryan et d'attraper une balle en ligne comme Ozzie Smith.
Pro Yakyuu - Family Stadium '88 (Japan)	Le Pro Yakyuu Family Stadium '88 est le troisième de la série Pro Yakyuu Family Stadium de Namco. Comme son prédécesseur immédiat, le Pro Yakyuu Family Stadium '87, il s'agit d'une version légèrement remaniée de l'original avec des listes mises à jour. Comme pour la pratique moderne, Namco a publié ces jeux chaque année avec peu de distinction à chaque nouvelle itération. Contrairement aux versions précédentes, vous avez désormais le choix entre quatre stades. Outre la taille du stade, la présence de vent et le gazon disponible dans le stade affectent des éléments du jeu. Le concept de «joueurs forts» a également été introduit dans cette version. Deux joueurs de la formation de départ sont choisis au hasard pour que leurs statistiques augmentent plus que d'habitude. Pendant la septième manche, l'effet «Lucky 7» se produit et tous les joueurs reçoivent un statut amélioré. La fonction d'édition d'équipe apparaît pour la première fois dans ce jeu (les équipes modifiées disparaîtraient lorsque l'alimentation de la console était éteinte car aucune batterie de secours n'était incluse). Bien qu'il s'agisse de la deuxième suite du Pro Yakyuu Family Stadium, publié aux États-Unis par Tengen sous le nom de R.B.I. Baseball, Pro Yakyuu Family Stadium '88 ne doit pas être confondu avec R.B.I. Baseball 3. Bien que le premier R.B.I. Le baseball était une localisation directe, par la suite R.B.I. Les jeux de baseball ont été créés aux États-Unis et sont entièrement indépendants de la série Family Stadium de Namco.
Pro Yakyuu Satsujin Jiken! (Japan)	Pro Yakyuu Satsujin Jiken! est une parodie de l'abondance de jeux d'aventure de type &quot;roman visuel&quot; et de simulateurs de baseball sur Famicom, en particulier les sorties annuelles de Pro Yakyuu Family Stadium. Le joueur incarne un joueur de baseball professionnel accusé à tort d'un meurtre et doit résoudre l'affaire tout en étant en fuite. Capcom a ajouté divers modes supplémentaires au jeu, tels que des mini-jeux et une séquence de shoot-'em-up qui se déclenche chaque fois que le protagoniste est attrapé par la police.
Punch-Out!! (USA)	&quot;Punch-Out!! featuring Mr. Dream&quot; vous permet d'enfiler les gants d'un jeune boxeur, Little Mac, qui doit montrer de quoi il est capable en montant sur le ring pour affronter une série d'adversaires charismatiques venus du monde entier aux court des 3 circuits proposés. Le combat final vous fera affronter le poids lourd Mike Tyson ! Ce jeu est basé sur le jeu d'arcade &quot;Punch-Out!!&quot; sorti en 1983 et est la réédition du jeu NES &quot;Mike Tyson's Punch-Out!!&quot; qui sera retiré 1990 aux USA et 1991 en Europe avec le remplacement de Myke Tyson par un boxeur semblable (ainsi qu'à Piston Honda) et qui combat de façon identique, avec seulement quelques changements sur son visage et sa couleur de peau et un un plus grand nombre de victoires (99 victoires en 99 matchs dont 99 par KO..): La légende raconte que la modification de ce personnage est due à l'actualité délictueuse du véritable Mike Tyson, auquel Nintendo ne voulait plus associer son image. Nintendo démentit argumentant que l'affaire de viol dans laquelle Mike Tyson a été impliquée (1991) s'est déroulée après la décision de Nintendo de ne pas renouveler son contrat avec Tyson (1990), ce dernier venant de perdre son titre de champion du monde poids lourds contre Buster Douglas. Ceci dit Mike Tyson était avait déjà maille à partir dans d'autres affaires avec la justice. Le code pour combattre Mr Dream est 007 373 5963.
Punisher, The (USA)	The Punisher sur NES est l'adaptation du comics Marvel. Ce jeu de tir sur rails vous permet d'incarner Frank Castle pour nettoyer les rues de la ville. Dirigez son viseur pour tirer sur les ennemis et esquivez les balles en vous déplaçant à droite ou à gauche. Plusieurs bonus peuvent être ramassés pour améliorer l'arsenal ou la santé.
Puss 'n Boots - Pero's Great Adventure (USA)	Rejoignez Pero alias le Chat Botté, mascotte de la Toei Animation, alors qu'il voyage dans le temps pour vaincre le diabolique comte Gruemon (des fois appelé Count Gourmon) dans cette aventure ! Visitez de nouveaux lieux étranges tels que le Far West, l'Arabie, Londres, New York et l'espace! Rencontrez les habitants de ces superbes lieux et abattez les! Venez piloter un avion, un sous-marins et même une montgolfière ! Il s'agit de l'adaptation américaine du jeu Japonais Nagagutsu o Haita Neko - Sekai Isshuu 80 Nichi Daibouken voire une suite le jeu est assez différent et Pero voyage non plus autour du monde mais dans le temps.
Puyo Puyo (Japan)	Formidable à ne pas manquer, une sorte de tetris de fou et pour les fous, qui consiste à regrouper les &quot;boules&quot; de couleur au minimum par quatre afin de les faire disparaître mais au fil des niveaux de nouvelles couleurs apparaisent rendant ainsi la tâche plus difficile.
Puzslot (Japan)	Puzslot est un jeu de puzzle à blocs tombants avec une mécanique unique inspirée des machines à sous. Les blocs tombent par paires et peuvent être tournés avec le bouton A (comme dans Puyo Puyo). Une ligne de 3 blocs ou plus de la même couleur dans n'importe quelle direction disparaît (similaire à Columns). L'élément unique est que les blocs tombants passent en revue chaque image, s'arrêtant lorsque le bloc atterrit ou que le joueur appuie sur le bouton B. Les points sont attribués en fonction de l'image correspondante (7 et BAR valent beaucoup plus), du nombre de blocs dans une ligne effacée et des combos en chaîne. Chaque niveau a un objectif de score que le joueur doit atteindre avant que le compteur de blocs n'atteigne zéro.
Puzznic (USA)	Le défi dans chaque niveau de Puzznic est de manœuvrer une sélection de blocs pour les mettre en place de manière à les éliminer tous, en les faisant entrer en contact avec des blocs de même style. Vous contrôlez une croix directionnelle qui peut déplacer un bloc vers la gauche ou la droite, ce qui peut le faire tomber s'il n'y a pas de bloc sous l'espace qu'il occuperait. La résolution des niveaux présente de nombreuses complications. Les plates-formes mobiles signifient que vous devez déplacer un bloc à un moment donné, ou dans un ordre particulier, pour éviter qu'elles ne soient bloquées.
Pyokotan no Daimeiro (Japan)	Pyokotan no Dai Meiro est un jeu d'action pour Nintendo Entertainment System. Voici une traduction complète en anglais pour le jeu Pyokotan no Daimeiro. Tout a été complètement traduit. Mise à jour de V0.99 à V1.0 - Correction des problèmes avec les noms de niveau sur les écrans de pause, réorganisation et incidents de couleur sur l'écran titre, une phrase de dialogue manquante, et changé le nom du jeu de l'étang pour mieux correspondre au menu de sélection du mini-jeu Profitez!
Q-bert (USA)	Ce jeu est tellement renversant - Il vous surprendra! Les Rois du Chaos de Tazmanie ont piégé votre copain Q*bert dans leur faille temporelle perfide. Et, avec près de 40 pyramides périlleuses qui le sépare de la sortie, il est dans les ennuis jusqu'à son &quot;schnoz&quot;! Maintenant, vous êtes son seul espoir. Mais pour le sortir de là , vous devrez être le plus rapide, faire rebondir notre héros au nez rond et faire correspondre les carrés de la pyramide avec le code couleur de sortie. Pendant tout ce temps, vous éviterez les millions de Boules Whammy qui vous tombent sur le coin de la crête - SPLAT! De plus, vous devez déjouer les ennemis les plus malicieux de Q*bert - Ugg, Wrong-Way, Slick, Sam et Coily (le serpent à tête violette le plus mince que vous ayez jamais rencontré) - qui seront sur votre dos dès la case départ. C'est la folie ici, un joyeux bazar de malice et de chaos. Et si vous n'avez pas les nerfs solides - vous pouvez devenir fou!
QIX (USA)	Dans le puzzle-game Qix sur NES, vous devez guider un marqueur pour grignoter petit à petit l'écran. Lorsque le marqueur s'aventure au centre de l'écran, il laisse un trait derrière lui. Chaque zone fermée que vous aurez dessinée sera alors validée. Votre but est de valider un certain pourcentage de l'écran. Mais attention, des ennemis rôdent ! Faites donc attention à ce qu'ils ne touchent ni votre marqueur, ni votre ligne pour ne pas perdre de vie.
Quarter Back Scramble (Japan)	Quarter Back Scramble est un jeu de sport sortie au Japon sur la console 8 bits de Nintendo. Seul ou à deux, vous disputez des rencontres de football américain en vue de dessus pendant 5, 10 ou 15 minutes. Avant chaque coup d'envoi a lieu le fameux tos qui détermine qui de vous ou de votre adversaire engagera le match. Vous devrez alors choisir les bonnes combinaisons pour tenter de franchir la défense adversaire pour réussir à marquer et remporter le match.
Quarth (Japan) (En)	Vous contrôlez un vaisseau et vous pouvez tirez des blocs, avec ces blocs et ceux qui décendent tranquillement vers le bas, vous pouvez former des rectangles ou des carrés pour faire des points... C'est assez dur à expliquer mais je peux ajouter que vous pouvez jouer à deux joueurs en versus ou en équipe. Mais essayez ce jeu au moins une fois , il en vaut la peine !
R.B.I. Baseball (USA)	R.B.I. Baseball sur Nes vous propose le premier jeu de base-ball avec la ligue majeure et la RBI pour la première fois en jeu vidéo. Les équipes jouables intègrent Detroit, Californie, Houston, San Francisco et même les équipes nationales All-stars. En mode 1 joueur vous affrontez l'IA mais vous pourrez aussi affronter un ami.
R.C. Pro-Am (USA)	R.C. Pro-Am vous propose de diriger votre voiture radio-commandée dans ce jeu de courses sur Nes. Pour gagner, vous devrez venir à bout de vos trois adversaires sur 32 pistes tout en évitant les obstacles sur votre route.
R.C. Pro-Am II (USA)	R.C. Pro-Am II sur Nes vous propose une fois encore de diriger votre voiture radio-commandée contre vos 3 adversaires. Cette fois, vous pourrez améliorer votre voiture en collectant les symboles en forme de dollar sur la piste. Astuce: entrez &quot;NES&quot; en guise de nom pour obtenir 5000 dollars à dépenser avant la première course.
Racket Attack (USA)	Racket attack est un jeu de tennis sur Nes dans lequel vous choisissez entre deux modes de jeu. Dans le premier, vous devez enchaîner 7 matches avec une difficulté croissante et dans le second est un mode à deux joueurs.
Rackets & Rivals (Europe)	Rackets & Rivals est un jeu de Tennis sorti sur la console Nintendo 8 bits dans les années 90. Un large choix sur le menu d'accueil vous permet de customiser votre personnage. Choisissez sa main forte ainsi que ses points forts. Vous aurez ensuite le choix de vous lancer dans une compétition ou d'effectuer des sessions d'entraînements. Vous aurez la possibilité de jouer à deux dans des matchs en simple l'un contre l'autre, ou en double, et même à deux contre un seul ordinateur. Un jeu complet facile à prendre en main.
Rad Racer (USA)	Rad Racer est un jeu de courses en 3D orienté arcade sur Nes. Il s'agira ici d'atteindre la ligne d'arrivée des 8 courses présentes dans les temps. Pour cela, des checkpoints le long de la route augmenteront votre réserve de temps.
Rad Racer II (USA)	Rad Racer 2 est un jeu de courses en 3D orienté arcade sur Nes. Il s'agira ici d'atteindre la ligne d'arrivée des 16 courses présentes dans les temps. Pour cela, des checkpoints le long de la route augmenteront votre réserve de temps, mais attention aux autres voitures ou obstacles vous barrant la route.
Radac Tailor-Made (Japan)	Le fabricant de pneus et vélos Bridgestone a produit ce logiciel Famicom afin d'aider les clients à customiser des vélos sur mesure à l'aide des pièces détachées du fabricant. Radac Tailor-Made était donc uniquement dédié aux concessionaires agréés Bridgestone qui installaient sans doute un kiosque pour que les clients puissent l'utiliser.
Radia Senki - Reimei Hen (Japan)	Radia Senki - Reimeihen, développé par Tecmo, sorti en 1991 sur Famicom vous fait incarner un héros amnésique en quette de sa propre identité. Vous vous réveiller en pleine nature et êtes rapidement rejoint par un habitant du village voisin. Au fur et à mesure de l'histoire, vous trouverez des indices qui vous permettront d'en savoir plus sur votre passé. Les combats contre les ennemis se déclenchent de façon aléatoire et vous aurez la précieuse aide de vos camarades pour venir à bout des combats. A noter qu'une maîtrise parfaite du Japonais est recommandée pour pouvoir jouer convenablement à cette cartouche.
Raid on Bungeling Bay (USA)	Raid on Bungeling Bay est un jeu d'action en vue de dessus sur NES. Vous contrôlez un hélicoptère dont la mission est de détruire tout ce qui bouge. Dans chaque niveau, des ennemis nombreux et variés vous attaquent et vous devez vous en débarrasser et détruire une usine. Il est possible de ravitailler et de réparer l'hélicoptère en cours de partie.
Rainbow Islands (USA)	Rainbow Islands est un jeu de plates-formes sur Nes. Bub et Bob, les deux héros de Bubble Bobble, sont redevenus humains au terme de leur précédente aventure et ils doivent désormais sauver les îles arc-en-ciel d'une bande de monstres. Il faudra sauter et utiliser votre pouvoir pour créer des arcs-en-ciel au cours des sept mondes du jeu, divisés en quatre niveaux chacun.
Rainbow Islands - Bubble Bobble 2 (Europe)	Il s'agit du second épisode de la série Bubble Bobble. Dans cette nouvelle aventure, le joueur incarne Bub ou Bob, qui ont repris leur forme humaine après avoir été transformé en « Bubble Dragon » dans le 1er épisode. Les habitants de sept îles ont été enlevés par « Boss of Dark Shadow ». Le but du jeu est de rejoindre le sommet de chaque niveau avant que la montée des eaux ne submerge le héros. Bub a le pouvoir de lancer des arcs-en-ciel magiques qui font office d'armes et de plates-formes temporaires.
Rally Bike (USA)	Rally Bike sur Nes est un jeu de motos dans lequel vous voyagerez de San Francisco à New York. Pour cela vous devez vous qualifier à chacune des 6 étapes que comporte le jeu.
Rambo (USA)	Rambo sur Nes est un jeu d'action à défilement horizontal inspiré du film. Vous incarnez Rambo, soldat des forces spéciales envoyé au VietNam pour une mission de reconnaissance. Mais ce dernier désobéit aux ordres et décide de venir en aide aux villageois. C'est à partir de ce moment-là que tout commence à aller mal.
Rampage (USA)	RAmpage est un jeu d'action dans lequel les joueurs ont la possibilité de diriger trois types de monstres, tous créés à partir d'humains mutants : « George », un gorille à la King Kong, « Lizzie », un reptile à la Godzilla, et « Ralph », un loup-garou géant. L'objectif est de détruire tous les immeubles du quartier en résistant aux forces armées qui tentent de s'interposer (hélicoptères, tanks, bateaux, soldats) et en faisant peu de cas des civils (les monstres peuvent manger les passants). Chaque niveau est réussi une fois le quartier réduit en ruines.
Rampart (Japan) (Konami)	Rampart est l'adaptation sur NES du jeu de stratégie sorti sur borne d'arcade en 1990. Après avoir choisi un emplacement pour votre château parmi les quatre possibilités, vous placez des canons pour vous défendre contre les bateaux qui vous bombardent. Après chaque bataille, vous disposez de quelques secondes pour reconstruire vos remparts avant une nouvelle attaque. Pour cela, des blocs de plusieurs formes apparaissent, façon Tetris, et vous devez les combiner sans laisser de vide.
Rampart (USA) (Jaleco)	Rampart est l'adaptation sur NES du jeu de stratégie sorti sur borne d'arcade en 1990. Après avoir choisi un emplacement pour votre château parmi les quatre possibilités, vous placez des canons pour vous défendre contre les bateaux qui vous bombardent. Après chaque bataille, vous disposez de quelques secondes pour reconstruire vos remparts avant une nouvelle attaque. Pour cela, des blocs de plusieurs formes apparaissent, façon Tetris, et vous devez les combiner sans laisser de vide.
Remote Control (USA)	Remote Control était un programme télévisuel produit par MTV Durant cinq saison de 1987 à 1990. Ce fut le premier programme de MTV n'ayant aucun lien avec la musique. Grâce à leur télécommand, trois concurrents choisissent parmi 9 chaines thématiques orientés vers la pop culture. Ils doivent ensuite répondre aux questions de la chaine en choissisant parmi les trois réponses proposées.
Ren & Stimpy Show, The - Buckeroo$! (USA)	The Ren & Stimpy Show: Buckeroo$! est un jeu de plateforme développé par Imagineering Inc. sur NES. Howard Phillips a agi en tant que producteur exécutif. L'histoire du jeu commence avec Stimpy fabriquant quelque chose dans son laboratoire. Cette nouvelle invention s'avère être le Gametron 5000 Moneymaker, une machine qui vous donne de l'argent pour chaque jeu vidéo que vous complétez. Stimpy parle à Ren de sa nouvelle invention, et ils s'assoient tous deux et essaient de terminer chaque match.
Renegade (World) (Evercade)	Au cours d'une balade avec votre petite amie dans les rues de Brooklyn, celle-ci se fait kidnapper par une bande de rebelles. Votre objectif est donc de la sauver des griffes de ses ravisseurs. Le jeu est composé de 5 niveaux différents et vous disposez d'une large palette d'attaques.
Rescue - The Embassy Mission (USA)	Rescue : The Embassy Mission est un jeu d'action sur Nes. Des terroristes ont envahi une ambassade et retiennent toutes les personnes s'y trouvant à l'intérieur. Avec votre groupe de commandos vous devez prendre d'assaut le bâtiment et libérer les otages.
Ring King (USA)	Disponible sur Nes, Ring King est un jeu de sport dans lequel vous incarnez un apprenti boxeur prêt à tout pour devenir le Champion du Monde. Vous aurez la possibilité de choisir les capacités uniques de votre poulain ainsi que des attaques spéciales. De plus, après chaque combat vous récupérerez des points de pouvoir que vous pourrez redistribuer pour améliorer les techniques de votre cogneur.
Ripple Island (World) (Red Art Games)	Sur Ripple Island, les humains et les animaux coexistent en harmonie. Un jour cependant, le malveillant empereur Gerogēru pénètre dans l'habitat de l'île et kidnappe la princesse Nasarell. Le roi Dotella, désemparé, propose à la population que quiconque sauve sa fille ait l'honneur de l'épouser. En entendant l'appel du roi, un jeune villageois nommé Kyle décide qu'il sera celui qui sauvera la princesse. Les joueurs jouent le rôle de Kyle. Le voyage de Kyle le mènera à travers cinq zones différentes de l'île composées de plusieurs lieux différents à visiter. Pendant le jeu, une image de l'endroit où se trouve le joueur s'affiche en haut de l'écran, et les actions disponibles sont présentées en dessous. Les actions disponibles sont les suivantes : bouger, regarder, parler, prendre, manipuler et voir l'inventaire, entrer, tirer et pousser.
River City Ransom (World) (Evercade)	Street Gangs est le version européenne de River City Ransom aux USA et de Downtown Nekketsu Monogatari au Japon. C'est le 1er épisode où Kunio s'allie avec son rival des épisodes précédents : Riki. Ceux-ci vont combattre les lycéens des autres lycées. Beaucoup de personnages reviendront dans les épisodes suivants de la série. Dans les versions Américaines et Européennes, Kunio est appelé Alex et Riki est renommé Ryan, ils traversent River City pour sauvez Cindy, la petite amie de Ryan qui a été enlevée par un gang de voyous ayant pour boss un dénommé &quot;Slick&quot;. Les costumes de lycéens sont remplacés par des jeans et t-shirt plus occidentaux et les ennemis sont des gangs portant les noms &quot;Generic Dudes&quot;, &quot;Frat Guys&quot;, &quot;Jocks&quot; ou &quot;Squids&quot;.
Road Fighter (Europe)	Disponible sur Nes, Road Fighter est un jeu de courses dans lequel vous devez franchir la ligne d'arrivée avant le temps imparti. Prenez garde aux nombreux pièges et obstacles sur la route : attention aux murs et autres véhicules qui vous feront perdre de l'essence si vous les percutez, bien que vous puissiez en récupérer grâce à des jerricans apparaissant sur l'asphalte.
RoadBlasters (USA)	RoadBlasters est un jeu de courses sur NES disposant d'une bonne dose d'action. Le but est de franchir la ligne d'arrivée en un seul morceau au cours des cinquante niveaux du jeu. De nombreux ennemis vous attendent sur la route et feront tout pour vous arrêter. Heureusement vous disposez de plusieurs armes pour riposter et d'autres bonus peuvent également être ramassés sur le parcours.
Robin Hood - Prince of Thieves (USA)	Disponible sur Nes, le jeu de rôle Robin Hood : Prince Of Thieves vous permet d'incarner le célèbre prince des voleurs, qui doit retourner en Angleterre après avoir été emprisonné à Jérusalem. De retour au pays, Robin apprend que son père a été assassiné et que le shérif de Nottingham règne sur l'Angleterre en l'absence du roi Richard. Joignez vous à la résistance avec vos compagnons dans la forêt de Sherwood qui deviendra votre QG, et complétez les nombreuses missions qui vous attendent !
Robo Warrior (USA)	RoboWarrior sur Nes est un jeu d'action futuriste. Sur Altile, une planète vivant en harmonie, de terribles changements climatiques surviennent. C'est un coup de l'Empire Xantho ! La terre décide donc d'envoyer son RoboWarrior le plus puissant afin de contrer cette terrible menace.
Robocco Wars (Japan)	Dans Robocco Wars vous prenez le contrôle du R-10, un Robot qui a la capacité de changer de forme pour s'adapter à l'environnement. C'est ainsi que suivant le stage (une dizaine en tout), ce sera un avion, un sous-marin, ou une sorte de tank. Si vous cherchez un petit jeu sympa et pas trop difficile, nousvous conseillons ce titre.
RoboCop (USA)	RoboCop est un jeu d'action sur NES. Vous êtes à Néo-Détroit, en 2015. Les quartiers sont à feu et à sang et l'OCP prend le contrôle de la ville. Au coeur d'une sombre machination entre pouvoir, corruption et trafic de drogue, vous incarnez RoboCop, le seul espoir.
RoboCop 2 (USA)	RoboCop 2 sur Nes est un jeu d'action inspiré du film. Contrairement au premier opus, il n'y a pas de limite de temps et vous êtes capable de sauter. Les missions sont à objectifs divers comme la destruction d'armes nucléaires ou la destruction de tous les ennemis se trouvant sur votre chemin.
RoboCop 3 (USA)	RoboCop 3 sur NES est un jeu mêlant plates-formes et tir. Vos missions consistent pour la plupart à porter secours à des collègues ou des civils en mauvaise posture. Vous trouverez en chemin des kits de réparation qui vous permettront de récupérer l'énergie que vous auront enlevée vos nombreux assaillants.
RoboCop Versus The Terminator (USA) (Proto)	Jeu tiré de la bande déssinée éponyme écrit par Frank Miller et dessinée par Walter Simonson en 1992. Si le jeu fut édité sur plusieurs plateformes, la version de la NES fur développé en fin de vie de la console, les développeurs migrant sur la SNES, et ne fut finalement jamais édité mais distribué online pour l'émulation. L'histoire commence alors que Skynet envoie 3 terminators du futur a notre époque pour protéger Alex J. Murphy alias Robocop qu'un soldat humain a pour mission de tuer, Flo Langer. Mais quand Murphy va découvrir que la technologie utilisé pour sa cybernétique va servir au développement de Skynet et à la destruction du monde, il va s'associer à Flo et combattre les terminators et l'OCP.
Rock 'n' Ball (USA)	Rock 'n' Ball sur Nes est un jeu de flipper dans lequel vous trouverez de nombreux modes de jeu comme le Battle Flipper ou le Sports Flipper. A chaque mode ses caractéristiques, aussi préparez-vous pour une bonne dose d'adrénaline seul ou entre amis !
Rocket Ranger (USA)	Rocket Ranger sur Nes est un jeu d'action/aventure où vous incarnez un homme moderne envoyé en 1940 pour détruire une base lunaire construite par les Nazis. Ceux-ci projettent d'utiliser du Lunarium, une mystérieuse substance découverte sur la Lune, pour réduire l'intelligence de l'espèce humaine. Vous devez les en empêcher en détruisant leurs fabriques de missiles, à l'aide de votre technologie ultra sophistiquée impliquant un jet-pack et des armes à feu contemporaines.
Rocketeer, The (USA)	The Rocketeer sur NES est un jeu d'action qui permet au joueur de revivre la plupart des scènes du film éponyme de Walt Disney. Faire la course contre un avion ou encore se battre sur un dirigeable sont quelques-unes des missions de cet homme volant avec son jet pack sur le dos. Des phases de tir sont aussi présentes où il est possible de s'envoler tout en mitraillant ses ennemis.
Rockin' Kats (USA)	Rockin' Kats sur Nes est un jeu d'action dans lequel vous incarnez Willy, un jeune chat jazzman dont la petite amie a été capturée par Mugsy, le caïd local. Vous devez aider notre héros à la sauver des griffes de votre ennemi à travers 7 niveaux aux thèmes différents.
Rockman 2 (Taiwan) (En) (Rockman 123)	Il est de retour! Et cette fois, le diabolique Dr. Wily (autrefois, puissance suprême de l'univers) a créé des robots encore plus sinistres pour développer son attaque. Mais vous, MegaMan, avez aussi accru votre puissance et votre habileté. Pourrez-vous sauver l'humanité des funestes desseins du Dr. Wily? Chacun des 8 empires est gouverné par un Super Robot. Vous devez vaincre chaque adversaire sur son terrain et amasser des armes le long de votre périple. Après avoir détruit les 8 robots, vous devrez affronter le Cerveau lui-même: le malfaisant Dr. Wily. Mais méfiez-vous MegaMan, car le Dr. Wily a des pouvoirs que ses créatures ne possédaient pas. L'Univers compte sur votre adresse et votre courage, assuré de votre victoire finale.
Rockman III (Taiwan) (En) (Rockman 123)	Mega Man III Return modifie la plupart des graphismes du Mega Man III original. La conception des niveaux, le placement des ennemis et leurs résistances ont également été revus afin d'augmenter la difficulté, mais l'IA reste inchangée. Si vous cherchiez un hack de Mega Man III avec de nouveaux éléments de gameplay et des actions ennemies inédites, ce n'est malheureusement pas celui-ci. En revanche, si vous êtes en quête de défi, vous pourriez envisager de l'essayer.
Rockman IV (Taiwan) (En) (Rockman 123)	Des robots russes en folie! La ville avait été paisible pendant toute une année et voici qu'elle est à nouveau la proie d'une terreur robotique! Un intrigant scientifique, le Dr Cossack vient de débarquer avec huit nouveaux forcenés métalliques plus gros et plus diaboliques que tout ce que le Dr Wily a jamais pu imaginer. Un grand remue-ménage cybernétique se prépare alors que les rues de la cité explosent dans un crépitement de métal en fusion! Armé du nouveau Mega Buster, Mega Man court, saute, esquive pour se frayer un chemin à travers des labyrinthes de mâchoires métalliques et atteindre la citadelle sibérienne du Dr Cossack pour l'ultime affrontement cataclysmique!
Rockman V (Taiwan) (En) (Rockman 123)	La vengeance de Protoman! Protoman est devenu fou! Détruire la moitié de la ville ne lui semble pas suffisant. Maintenant, il a enlevé le Dr Light et le retient - ainsi que la cité - en otage. Armé de son Mega Buster perfectionné, Mega Man arrive à la rescousse. Mais huit des soldats cybernétiques de Protoman n'ont qu'une idée en tête: le mettre au rebut une bonne fois pour toutes! Tout le poids du monde pèse sur vos épaules alors que vous affrontez Gravity Man! Esquivez les attaques de pierre de Stone Man et réduisez-le en poussière! Chevauchez les vagues et voguez vers la puissance marémotrice de Wave Man. Aidez Mega Man à anéantir les huit robots de Protoman. Enfin, soyez prêt au combat du siècle qui va opposer les frères ennemis!
Rockman VI (Taiwan) (En) (Rockman 123)	Que les jeux commencent! Ils sont venus des États-Unis, du Canada et du Japon. Les meilleurs concepteurs du monde et leurs meilleurs guerriers robotiques sont venus concourir au Premier Tournoi Annuel de Robotique. Mais ce qui a commencé comme un jeu a soudainement pris une tournure terrifiante! À la veille du Grand Championnat, le sponsor de l'événement a annoncé que l'ensemble du tournoi n'était qu'un plan élaboré pour mettre la main sur les robots les plus puissants du monde! Maintenant face à une armée de mercenaires métalliques, Mega Man doit combattre un nouvel ennemi féroce - Le mystérieux Mr. X!
Rod Land (World) (Retro-Bit) (256KiB)	Rodland est un jeu d'action sur NES. Le soft comprend 40 écrans où il faut déblayer tous les méchants ennemis. Pour chaque adversaire tué, vous recevez un bonus qui vous sert à tuer d'autres ennemis avec des coups spéciaux.
Roger Clemens' MVP Baseball (USA)	Roger Clemens' MVP Baseball est un jeu de base-ball. Les vingt-six équipes correspondent au championnat Americain de baseball (MLB) de 1991 mais les noms de franchises et de joueurs n'est pas exact à cause du défaut de license. Les joueurs ressemblent toutefois aux officiels de par leur stats et leur ressemblance. Seul Roger Clemens, vainqueur du Trophée Cy Young de 1991 avec les Boston Red Sox et parrain du jeu porte son vrai nom. Le jeu propose une saison complète avec playoffs et incluant la National Division et l'American Division comme en MLB ainsi qu'un mode exhibition jouable e mode deux joueurs.
Rokudenashi Blues (Japan)	Rokudenashi Blues est un jeu de rôle basé sur le manga japonais de Masanori Morita. Le jeu vous permet de jouer en tant que Taison Maeda ainsi que trois autres personnages, chacun avec leur propre scénario. La majeure partie du jeu se déroule au lycée.
Rollerball (USA)	Rollerball est une simulation de flipper pour un à quatre joueurs. Il y a deux modes de jeux inclus. Skycrapper qui met en scène est une grande table de 4 plateau ou chaque joueur s'affronte individuellement pour le meilleur score. Le mode Matchplay permet à deux joueurs de s'affronter simultanément, le but étant de réduire le score de son adversaire à zéro. Pour cela chaque joueur dispose de ses propres flippers et de sa propre bille, les points sont attribués en fonction des différentes cibles touchés sur la table.
Rollerblade Racer (USA)	Un simple jeu de roller qui consiste a enchainer des figures et a éviter des obstacles.Pas franchement terrible, ce jeu s'adresse uniquement aux collectionneurs et aux fans de roller(et encore!)
Rollergames (USA)	RollerGames sur SNES est une adaptation de la série américaine éponyme de roller derby, le sport extrême le plus populaire du 21ème siècle.
Rolling Thunder (Japan)	Le joueur incarne l'agent Albatross. Il est le meilleur de l'unité Rolling Thunder, la plus puissante des forces de police secrète dans le monde. Sa mission est de secourir Leila Blitz, un agent féminin capturé par Geldra, une société criminelle essayant de conquérir le monde depuis sa base secrète de New York. L'agent Albatross doit combattre les troupes de l'armée privée de Geldra dirigée par un gnome nommé Maboo. Le jeu possède une dizaine de niveaux.
Romance of the Three Kingdoms (USA)	Basé sur les événements de l'ère des Trois Royaumes en Chine (3ème siècle), et sur le célèbre roman de Luo Guanzhong Sanguo Yanyi, vous prenez le commandement de l'un des nombreux seigneurs de guerre rivalisant pour le contrôle après la Rébellion des turbans jaunes. Ce jeu de stratégie / RPG présente des centaines de personnages historiques réels de l'ère des Trois Royaumes. Le but du jeu est d'être le souverain suprême des restes de la chute de la dynastie Han. Pour ce faire, vous devez construire un puissant empire en conquérant les provinces et en recrutant des généraux dignes de commander votre armée. Combattre dans des batailles massives, triompher de catastrophes naturelles et capturer la forteresse ennemie sera votre lot quotidien dans ce jeu. En fin de compte, réussirez-vous à unir la Chine ?
Romance of the Three Kingdoms II (USA)	Romance of the Three Kingdoms II est la suite sur NES de l'adaptation du roman historique de Luo Guangzhong. Le jeu relate l'histoire chinoise des deuxième et troisième siècles après J.C. Les neuf scénarios vous font incarner le gouverneur de la province que vous sélectionnez. En dirigeant l'un des héros de guerre de chaque période comme Liu Bei, Cao Cao ou Sun Jian, vous devrez user de stratégie pour tenter de régner sur la Chine en créant des alliances ou déclarant la guerre aux ennemis.
Romancia (Japan)	Dans Romancia: Dragon Slayer Jr., vous êtes un jeune guerrier que le roi envoie en mission pour sauver une princesse perdue. Vous devez quitter la ville et entrer dans les affreuses catacombes infestées de monstres afin de compléter votre quête. Au départ, le jeu est du style orienté RPG de Dragon Slayer mais il tend plus vers l'action de plateforme médiévale. Le héros a des points de vie, peut acheter des objets et des armes, utiliser la magie et rester dans les auberges pour récupérer la santé. Cependant, au lieu de recevoir des points d'expérience et de devenir plus fort, vous devez simplement attaquer plus rapidement (en heurtant votre adversaire sur les niveaux de la plate-forme) et sauter plus haut.
Roundball - 2-on-2 Challenge (USA)	Dans Round Ball : The Two On Two Challenge, jeu de basket sur Nes, le joueur évolue seulement sur une moitié de terrain de basket-ball. Vous avez le choix entre 24 personnages fictifs différents, jouables lors de tournois en 1 contre 1 ou en 2 contre 2. En plus de cela, le temps de chaque partie peut être réglé selon votre bon vouloir.
Route-16 Turbo (Japan)	Route-16 Turbo est une version actualisée d'un ancien jeu d'arcade intitulé Route 16, développé conjointement par Tehkan (puis Tecmo) et Sunsoft (de la même manière que Warpman de Namco est une version actualisée de Warp & Warp). Route-16 Turbo reprend le concept établi dans Route 16, en améliorant la qualité des graphismes, mais en gardant le même objectif de jeu. Le jeu est une combinaison presque parfaite de Rally-X et de Venture. Le joueur conduit une voiture à travers plusieurs blocs zoomés pour collecter des sacs d'argent et d'autres objets, et se déplace entre les blocs le long d'une vue zoomée du monde.
RPG Jinsei Game (Japan)	RPG Jinsei Game est un jeu de rôle réservé au Japon pour Family Computer, similaire à Jinsei Game, qui est la version japonaise de The Game of Life. Le but est d'explorer une ville pleine de magasins, de lieux de travail et de lieux d'apprentissage. En partant de chez lui, le joueur doit gagner de l'argent et des statistiques afin de débloquer les meilleures fonctionnalités du jeu. Contrairement à la plupart des jeux basés sur la série Jinsei Game, le RPG Jinsei Game n'utilise pas de système de rotation. Au lieu de cela, le contrôleur est utilisé pour le mouvement et des rencontres aléatoires sont présentées comme dans Dragon Quest. Le joueur peut également parler à des inconnus qui pourraient lui donner des conseils ou lui faire quelque chose de malveillant. Comme dans le jeu de société Game of Life, le joueur doit choisir parmi une série de carrières allant de musicien à photographe et même à lutteur professionnel. La plupart de ces tâches sont banales tandis qu'une des quêtes implique directement la poursuite d'objets volants non identifiés. Les bâtiments essentiels à la quête (autres que les magasins et les lieux d'apprentissage) peuvent être entièrement explorés ; sinon, le joueur parle simplement au résident. Les combats peuvent se dérouler comme dans un vrai jeu de rôle. Cependant, les statistiques des joueurs sont utilisées à la place des points de vie et des points magiques.
Rush'n Attack (USA)	Rush'n Attack, disponible sur Nes, est un titre d'action dans lequel vous incarnez un béret vert durant la Guerre Froide qui doit infiltrer le camp ennemi afin de délivrer des prisonniers. Avec votre fidèle poignard, vous allez ramasser des armes le long des niveaux qui vous permettront de vous frayer un chemin. Personnalisez votre partie avec quatre niveaux de difficulté et partez sauver vos compatriotes.
Rygar (USA)	Le monde d'Argool a besoin d'un héros pour chasser les forces du mal et restaurer la paix. Etes-vous l'élu, celui que tout le monde attend ? Rygar sur NES vous apporte la réponse. Ce jeu combinant action et aventure alterne entre vue de profil durant les scènes d'action et une vue en hauteur lors des phases transitoires.
S.C.A.T. - Special Cybernetic Attack Team (USA)	En 2029, une armée alien emmené par Vile Malmort à bombardé massivement la terre avant de connecté leur station spatiale en orbite terrestre avec les ruines de New York. Une équipe de soldats mi-homme mi-machine, le SCAT, est le dernier rempart de l'humanité face aux envahisseurs extraterrestres. Le joueur 1 incarnera Arnold et le joueur 2 Sigourney en référence aux acteurs des films d'action et science-fiction des années 80.
Saint Seiya - Ougon Densetsu (Japan)	Les Chevaliers du Zodiaque : La Légende d'or est un jeu vidéo basé sur l'univers du manga Saint Seiya et suivant les deux premiers arcs de l'animé: &quot;Le Sanctuaire, première partie&quot; et &quot;Le Sanctuaire, les 12 maisons, deuxième partie&quot;, c'est-à-dire les 73 premiers épisodes. Il s'agit en fait d'une adaptation en français (menu du jeu et dialogues des personnages) du titre Saint Seiya: ?gon Densetsu paru au Japon sur Famicom en 1987. Fait rarissime, en dehors du Japon, le titre a donc été uniquement commercialisé en France. Le jeu propose un mode « histoire » et un mode « versus » dans la version japonaise. Le mode histoire retrace l'histoire de la partie Sanctuaire de la série télévisée. Le jeu se compose de phases d'exploration en scrolling horizontal, où les combats se déroulent à la manière beat them all, et les combats contre les autres chevaliers en tour par tour. Ces combats utilisent un système de cosmos qu'il faut attribuer à son attaque et sa défense à chaque tour, pour infliger plus de dégâts ou réduire les dommages reçus, le cosmos étant en quantité limité. Le mode versus propose d'incarner Seiya dans une série de combats au tour par tour, contre des adversaires de plus en plus puissants. A la fin du jeu, on vous donne ce mot de passe qui vous permet de recommencer en étant quasiment invincible: TU.AS GAGNE!! TU.ES PASSE.. MAITRE!
Saint Seiya - Ougon Densetsu Kanketsu Hen (Japan)	Saint Seiya - Ougon Densetsu Kanketsu Hen sur Nes est un jeu d'action inspiré du dessin animé Les Chevaliers du Zodiaque. Vous contrôlez à tour de rôle les 4 chevaliers de Bronze qui doivent une fois de plus sauver la princesse Athéna. Le jeu est divisé en deux parties, une de plates-formes simple et l'autre plus axée jeu de rôle.
Saiyuuki World (Japan)	Saiyuuki World est un jeu de plate-forme d'action pour la Nintendo Entertainment System. Saiyuuki World est un voyage vers l'ouest. Un bon jeu qui vous oblige à utiliser vos objets / attaques à bon escient. Et, chose étrange, cela ressemble presque à un clone de Bikkuriman World pour le PC-Engine. Pas vraiment autre chose à dire. Allez y jouer maintenant! Profitez :-)
Sakigake!! Otoko Juku - Shippuu Ichi Gou Sei (Japan)	Sakigake !! Otokojuku: Shippuu Ichi Gou Sei est un jeu d'action beat em up pour la Nintendo Entertainment System. Litteralement &quot;Charge! Men's Private School&quot; est une série de mangas écrite et illustrée par Akira Miyashita. Il a été à l'origine sérialisé au Weekly Shen-Nen Jump de 1985 à 1991. Il est mis en scène dans une école privée pour garçons qui enseigne l'oendan aux adolescents en difficulté. Les étudiants sont formés pour «faire revivre l'esprit du Japon» et participer principalement à des cours de combat.
Samsara Naga (Japan)	Le Sansara Naga se déroule sur les terres fantastiques de l'Inde à l'époque védique et mélange aussi des éléments du folklore japonais tels que la légende de Brahman Umibozu («mer bonze»). Beaucoup de PNJ dans le jeu vous diront que les vaches sont des animaux sacrés et quelques-uns mentionneront la tour de Rta Satya. Il y a un jeu d'armure dans le jeu appelé Armure du Dharma, qui empêchera le joueur d'infliger ou d'être blessé. L'histoire tourne autour d'un garçon / fille qui vole un précieux oeuf d'autruche du village d'Orissa et décide de réfléchir sur ses actions; aspirant à devenir un dragon pour restaurer leur honneur perdu. Le protagoniste partira à l'aventure en sauvant des vies, en accomplissant de bonnes actions et en élevant un dragon nouvellement éclos. Il y a des boss et de nombreux vendeurs de rue de PNJ vont tenter de vous arnaquer avec des objets défectueux ou tenter de vous agresser. Alors que le protagoniste principal ne se met pas à niveau et que ses statistiques de base sont fixées à 40 STR, 40 DEF. Le dragon que vous relevez est de niveau. Les mécanismes de jeu plus uniques à ce jeu incluent la capacité de nourrir des corps morts à votre dragon pour élever son niveau, des armures enchantées, des événements de carte de champ, des repères cachés, quelques quêtes secondaires, et des mini-jeux. Les mécanismes de gameplay et de gameplay de Sansara Naga sont similaires à ceux de Dragon Quest I, Pokémon et Earthbound. Les Montagnes d'argent sont aussi appelées les Cieux.
Sanada Juu Yuushi (Japan)	Ce RPG se déroule à l'époque Sengoku, avec Sanada Yukimura (alias Sanada Nobushige) comme héros principal, un célèbre samouraï du Japon médiéval. Yukimura, surnommé &quot;Héros qui n'apparaît qu'une fois tous les cent ans&quot; et &quot;Démon écarlate de la guerre&quot;, est célèbre pour son rôle lors du siège d'Osaka. Le jeu s'inspire de la légende des Dix Braves de Sanada, un groupe de ninjas loyaux. Sanada doit retrouver et recruter ces ninjas, chacun imposant une tâche avant de se joindre à lui. Les combats, au tour par tour, sont uniquement en un contre un, mais le joueur peut changer de personnage entre les rounds. Contrairement à Dragon Warrior ou Final Fantasy, ce jeu se concentre sur des duels individuels. Jamais sorti hors du Japon, il a fait l'objet d'un remake pour mobiles en 2005.
Sangokushi - Chuugen no Hasha (Japan)	En tant que jeu de stratégie de guerre, l'objectif du joueur et de la faction choisie est de revendiquer toute la Chine sous son contrôle. Les joueurs peuvent recueillir des informations, envahir d'autres territoires ou améliorer leurs statistiques, ainsi qu'acheter des armes et des provisions pour leurs armées. Le jeu offre au joueur un certain nombre d'actions par tour avant de laisser les adversaires contrôlés par l'ordinateur effectuer leurs tours. Sangokushi fait référence à un roman écrit sur la période des Trois Royaumes en Chine, lorsque le pays fut temporairement divisé en trois États en guerre. Cela diffère du roman Romance of the Three Kingdoms, un récit largement romancé écrit quelque temps après la fin du conflit, qui a donné lieu à de nombreuses adaptations en jeux vidéo, notamment la série Romance of the Three Kingdoms de Koei et leur série ultérieure Dynasty Warriors.
Sangokushi II - Haou no Tairiku (Japan)	Romance of the Three Kingdoms II est la suite sur NES de l'adaptation du roman historique de Luo Guangzhong. Le jeu relate l'histoire chinoise des deuxième et troisième siècles après J.C. Les neuf scénarios vous font incarner le gouverneur de la province que vous sélectionnez. En dirigeant l'un des héros de guerre de chaque période comme Liu Bei, Cao Cao ou Sun Jian, vous devrez user de stratégie pour tenter de régner sur la Chine en créant des alliances ou déclarant la guerre aux ennemis.
Sanma no Meitantei (Japan)	Sanma no Meitantei (&quot;Grand Détective Sanma&quot;) est un jeu d'aventure de détective sur Famicom, développé et publié par Namco en 1987. À la manière de Portopia Renzoku Satsujin Jiken, le joueur doit visiter divers lieux associés à la victime du meurtre pour découvrir des indices qui ouvrent de nouveaux lieux afin de trouver plus de preuves et identifier le coupable. Le jeu est entièrement en japonais et n'a jamais été traduit en anglais. L'histoire se déroule lors d'une soirée organisée par le président Yoshimoto dans sa villa, où Katsura Buntin est retrouvé assassiné dans le coffre-fort, avec en prime le vol du diamant &quot;Star of Africa&quot;. En tant qu'assistant du détective Sanma Akashiya, vous devez aider à résoudre l'affaire. Le jeu inclut un mini-jeu parodique de Galaxian et des effets sonores tirés d'autres succès de Namco tels que Dig Dug et Xevious.
Sanrio Carnival (Japan)	Le genre de ce jeu est un jeu de puzzle. Le joueur doit placer des blocs avec différents visages de personnages Sanrio sur eux. La correspondance de trois de ces caractères (par exemple verticalement) les fait disparaître et cela compte comme une «ligne». Il existe différents modes de jeu, comme le cours d'introduction de la version Famicom (où le terrain de jeu est petit, les icônes de personnages Sanrio sont relativement grands et le seul objectif est de créer des lignes) et le mode &quot;highscore&quot;. le champ est grand, les icônes occupent beaucoup moins de l'écran et l'objectif autre que d'effacer les lignes est de marquer le plus de points et de niveaux.
Sanrio Carnival 2 (Japan)	Le genre de ce jeu est un jeu de puzzle, comme le Sanrio Carnival original. Le jeu comporte un mode dans lequel le joueur doit avancer à travers plusieurs étapes, telles que celle mettant en vedette le personnage Minna no Tabo.
Sanrio Cup - Pon Pon Volley (Japan)	Sanrio Cup: Pon Pon Volley est un jeu vidéo de volleyball mettant en vedette plusieurs des personnages populaires de Sanrio, dont Hello Kitty, Keroppi et Minna no Tabo. Les matchs peuvent être joués avec deux, trois ou quatre joueurs. Les joueurs peuvent choisir entre trois pistes différentes de musique de fond, ou simplement jouer sans la musique. Le jeu est essentiellement un jeu de volleyball / tennis mais sans les filets, ressemblant étroitement à quatre carrés. Il y a une option pour augmenter le niveau de difficulté qui modifie le niveau d'intelligence avec lequel le jeu commandé par ordinateur. Il y a des occasions de commettre des reports. Après la fin de la partie, le joueur reçoit un grand trophée d'autruche. Bien que le jeu ait été publié exclusivement au Japon, une traduction en anglais a été faite.
Sansuu 1 Nen - Keisan Game (Japan)	Un jeu éducatif composé de quatre mini-jeux différents. Les mini-jeux inclus sont: Addition 1 - Les joueurs contrôlent une voiture et doivent la conduire dans le bon nombre pour répondre à un problème de maths.
Sansuu 2 Nen - Keisan Game (Japan)	Un jeu éducatif composé de quatre mini-jeux différents. Les mini-jeux inclus sont: Addition & Soustraction 1 - Les joueurs contrôlent une flèche dans un labyrinthe de donjons. Les joueurs peuvent seulement quitter le donjon lorsqu'ils trouvent un coffre au trésor.
Sansuu 3 Nen - Keisan Game (Japan)	Un jeu éducatif composé de quatre mini-jeux différents. Les mini-jeux inclus sont: Division 1 - Les joueurs contrôlent un sous-marin dans un plan d'eau. Les joueurs doivent piloter le sous-marin dans la bonne réponse à un problème de division.
Sansuu 4 Nen - Keisan Game (Japan)	Un jeu éducatif composé de quatre mini-jeux différents. Les mini-jeux inclus sont: Division - Les joueurs contrôlent un homme devant un bâtiment qui a plusieurs portes. Entrer dans une porte amène le joueur dans une pièce séparée.
Sansuu 5 & 6 Nen - Keisan Game (Japan)	Un jeu éducatif composé de deux mini-jeux différents. Les modes de jeu inclus sont les suivants: Multiplication décimale - Les joueurs contrôlent un vaisseau spatial dans un jeu de tir à défilement latéral. Les navires ennemis qui explosent gagnent les points du joueur.
Satsui no Kaisou - Soft House Renzoku Satsujin Jiken (Japan)	Satsui no Kaisou: Soft House Renzoku Satsujin Jiken est un jeu d'aventure sur Famicom développé par Hyperware. Le joueur, un jeune homme, doit résoudre le meurtre d'un développeur de logiciels. Le jeu se déroule en explorant des lieux, en parlant aux personnages et en collectant des indices. Au fur et à mesure, d'autres meurtres surviennent au sein de l'entreprise de jeux, ajoutant des défis à l'enquête. Le joueur a trois jours pour résoudre l'affaire avant l'intervention de la police, avec un délai strict imposé par le président de l'entreprise. L'auteur du jeu se présentera avant l'identification du coupable, offrant une dernière chance de sauvegarde. Le jeu dispose de plusieurs fins selon les choix faits après l'identification du meurtrier.
Scarabeus (USA) (Proto)	Prototype très cool, il s'agit de Pyramids Of Ra pour le gameboy et ils ont essayé de le porter aux Nes
SD Battle Oozumou - Heisei Hero Basho (Japan)	Initialement un jeu de sumo, la série s'est étendue à divers titres de crossover et a même influencé la série Super Robot Wars. Les jeux impliquent généralement des héros SD affrontant un mal plus grand combiné et font parfois référence aux personnages comme des figurines Gachapon. Ce jeu met en scène des personnages des franchises Ultraman, Kamen Rider, Super Sentai et Gundam se battant dans des matchs de sumo à travers différentes arènes.
SD Gundam - Gachapon Senshi 2 - Capsule Senki (Japan)	Ce jeu est le deuxième opus d'une série de jeux de stratégie pour Famicom basée sur Gundam. Votre objectif est de mener votre armée de mechas à la victoire contre vos ennemis et à la conquête de territoires. Cette fois-ci, jusqu'à 12 unités peuvent se déplacer en un seul tour. De plus, jusqu'à sept usines peuvent être occupées.
SD Gundam - Gachapon Senshi 3 - Eiyuu Senki (Japan)	Il s'agit d'une adaptation en jeu vidéo de la série basée sur l'anime Mobile Suit Gundam, incluant Super Deformed Gundam. C'est le troisième opus d'une série de cinq jeux vidéo. Deux modes de jeu principaux sont disponibles : le mode simulation et le mode combat. Le premier permet de produire des unités, de les déplacer et d'occuper des zones. Le second permet de lancer vos unités à l'attaque des unités ennemies. Il y a 4 types d'unités qui correspondent également à des étapes : terrestre, spatiale, Sengokuden et Gaiden. Chaque étape propose 10 scénarios.
SD Gundam - Gachapon Senshi 4 - NewType Story (Japan)	SD Gundam World Gachapon Senshi 4 est basé sur la célèbre série SD Gundam. C'est un jeu de stratégie tour par tour classique où tu dois capturer la base adverse pour remporter la victoire. De nombreux types de robots de combat sont à ta disposition pour atteindre cet objectif. L'aspect le plus intéressant du jeu réside dans son niveau de personnalisation : avant chaque partie, tu peux régler des options telles que l'argent de départ de chaque joueur, le nombre d'unités présentes sur le champ de bataille (peu ou beaucoup), ainsi que le choix entre joueurs humains ou contrôlés par l'ordinateur. Ce volet améliore les précédents épisodes de la série en proposant désormais des batailles scénarisées en plus des habituelles cartes de confrontation libre.
SD Gundam - Gachapon Senshi 5 - Battle of Universal Century (Japan)	Ceci est le dernier volet de la série SD Gundam World à être publié sur la Famicom. L'objectif du jeu est de conquérir à la fois la Terre et l'espace, en dirigeant votre armée dans des batailles contre des groupes d'armées rivales. Il y a 10 scénarios prédéfinis dans le jeu, chacun avec un nombre spécifié d'équipes et une limite de temps pour accomplir les objectifs. (Le joueur peut également choisir un Scénario Libre.) Une fois un scénario choisi et les paramètres du jeu définis (tous les paramètres peuvent être modifiés en mode Scénario Libre), le joueur et l'ordinateur alternent pour naviguer des unités à travers une série de menus, dans l'espoir de rassembler suffisamment de forces pour occuper une zone. Une fois une zone capturée, le joueur qui l'a prise obtient de l'argent qu'il peut utiliser pour renforcer ses unités. Le premier joueur à capturer les 21 zones (ou le joueur le mieux placé lorsque le temps est écoulé) remporte le scénario. Une mémoire à batterie permet aux joueurs de sauvegarder leur progression et de revenir au jeu plus tard.
SD Gundam - Gundam Wars (Japan) (Datach)	Gundam Wars est un jeu pour Famicom qui utilise l'accessoire Datach Joint ROM System sorti uniquement au Japon. Fondamentalement, cet appareil lit les codes-barres des cartes spéciales fournies avec le jeu, les données des personnages / objets étant écrites sur ces cartes. C'est la seule façon de jouer au jeu, car vous devez sélectionner un personnage ou un objet en glissant sa carte. En plus de cette innovation intéressante, SD Gundam Wars est une sorte de jeu de stratégie / action. Les batailles sont automatiques, vous ne contrôlez donc rien à part le balayage de vos personnages au début et le balayage des éléments au début de chaque tour.
SD Gundam Gaiden - Knight Gundam Monogatari (Japan)	SD Gundam Gaiden: Knight Gundam Monogatari est un jeu de rôle basé sur le projet SD Gundam Gaiden Sieg Zion Hen, se déroulant 10 ans après la fin de SD Gundam Gaiden: Kikoushin Densetsu. Après la mort de son père, Zero Gundam part en quête pour récupérer les Compétences Sacrées du Clan Thunder et vaincre l'ennemi de son père, Vice Gundam.
SD Gundam Gaiden - Knight Gundam Monogatari 3 - Densetsu no Kishi Dan (Japan)	Le troisième et dernier volet de la série SD Gundam Gaiden: Knight Gundam Monogatari sur NES/Famicom est Densetsu no Kishi Dan, ce qui signifie &quot;les chevaliers légendaires&quot;. L'histoire de ce jeu est totalement indépendante des deux premiers jeux. Bien qu'elle se déroule dans le même univers, les personnages ne se croisent pas, donc vous ne rencontrerez ni Amuro ni Knight Gundam. À la place, vous découvrirez les chevaliers de la Table Ronde, version Gundam ! Bien que ce soit toujours un RPG au tour par tour et un clone de Dragon Warrior, ce jeu apporte plusieurs changements notables par rapport aux deux précédents.
SD Hero Soukessen - Taose! Aku no Gundan (Japan)	Un jour, Emmy s'occupait de sa machine à gashapon (ces machines à griffes), quand elle et sa machine ont été enlevées par le maléfique Dark Brain. Cependant, les gazhapons des héros légendaires Ultraman, Gundam, Shaider et Kamen Rider, ont été libérés de la machine. Maintenant, les héros doivent sauver Emmy de Dark Brain. C'est le même Emmy de la série Great Battle and Super Robot Wars OG.
SD Keiji - Blader (Japan)	Le détective SD Blader est sorti au Japon en 1991 et jamais porté sur les côtes occidentales, ce qui était une honte car c'est un jeu de rôle imaginatif, humoristique et stimulant dans un Tokyo futuriste. Heureusement, une excellente nouvelle traduction des fans rend le jeu accessible à un public plus large. Blader est un détective spatial et arrive sur Terre dans le vaisseau spatial Galaxy, qui reste sa base pendant le jeu. Le système de combat est basé sur le tour, le taux de rencontre dans les donjons est très élevé, et le jeu se déplace à un rythme rapide avec des alliés rejoignant et quittant la partie à différents intervalles. SD Blader est un peu comme un RPG de Dragon Quest au début avec de belles histoires sous-marines impliquant chaque ville, sauf que vous utilisez des fusils et de la science plutôt que des épées et de la sorcellerie: et c'est très amusant à jouer.
SD Sengoku Bushou Retsuden (Japan)	Un jeu de stratégie de style Sengoku utilisant des graphismes SD et des mécanismes simplifiés. Choisissez votre Daimyo et partez à la conquête du pays.
Secret Ties (USA) (Proto)	Secret Ties est un projet d'adaptation en jeu vidéo de Master Thief Sugar, un manga créé par Takao Saito, qui a également réalisé Golgo 13. Le jeu a été terminé, mais n'est jamais sorti. Le jeu ressemble beaucoup à Ninja Gaidan. Le rythme est très rapide. Vous pouvez grimper aux murs, sauter, donner des coups de pied, des coups de poing, beaucoup de plaisir. C'est très amusant !
Section-Z (USA)	Section Z est un jeu d'action sur Nes dans lequel vous dirigez Capitaine Commando : le dernier rempart des forces terrestres contre une invasion d'aliens belliqueux. 4 boss vous attendent dans la station spaciale que constitue le vaisseau-mère alien.
Seicross (USA)	Seicross est un jeu de tir en vue de côté sur Nes. Vous incarnez un pétra, habitant des profondeurs, et partez à l'assaut de la surface pour sauver les autres pétras en détresse. Vous aurez pour cela votre moto et de nombreux power-up à récolter sur le chemin.
Seikima II - Akuma no Gyakushuu! (Japan)	Ce jeu est inspiré du groupe de Heavy-Métal japonais fondé en 1982 par Damian Hamada, baptisé Seikima-II et très populaire à l'époque. Selon l'imaginaire créé par le groupe lui-même, ses membres seraient des démons venus propager sur Terre le culte de Satan en utilisant le Heavy-Métal. Chaque démon ferait partie d'une classe hiérarchique différente : « Son Excellence Demon Kogure » étant le chef des démons et « Sa Majesté Damian Hamada » le prince héritier de l'enfer. Pour la petite histoire : Conformément à « la prophétie » et après avoir terminé la conquête du monde, le groupe s'est dissout à la fin du siècle le 12 décembre 1999 à 23 h 59 min 59 s (heure du Japon).
Seirei Gari (Japan)	Le garçon Michimune et la fille Miu vivent avec bonheur dans une petite maison avec leur vieux grand-père. Un jour, alors qu'ils étaient sur le point de célébrer l'anniversaire de Miu, la pièce devint soudainement sombre et une silhouette démoniaque apparut de nulle part. Ironiquement, l'être sombre s'est adressé à votre grand-père en disant que ça faisait longtemps. Apparemment, grand-père savait aussi qui ou quoi ce chiffre était, puisqu'il l'appelait sous le nom de Rosenkreuz. Rosenkreuz explique qu'il a attendu cent ans, mais maintenant il est possible de ramener le dieu du mal et de contrôler le monde! Mais pour une raison inconnue, il a besoin de Miu. Rosenkreuz frappe votre grand-père et kidnappe Miu! Avant que grand-père ne meure, il ne pouvait que murmurer: &quot;Save ... Miu ...&quot;. Et ainsi, Michimune se lance dans un dangereux voyage au pays du mal, pour sauver Miu des griffes de Rosenkreuz. &quot;Seirei Gari&quot; est un jeu d'aventure sur le thème de l'horreur dans le style des plus connus Uninvited ou Deja Vu. Chaque action est effectuée en choisissant une commande dans le menu. Vous devriez examiner chaque emplacement avant que les objets deviennent &quot;visibles&quot; et que vous puissiez interagir avec. Parfois, vous aurez également des compagnons à vos côtés qui vous aideront dans votre quête.
Seiryaku Simulation - Inbou no Wakusei - Shancara (Japan)	Shancara est une planète qui a récemment déclaré son indépendance de l'Empire Galactique et est maintenant déchirée par une guerre civile. Quatre grandes figures politiques se disputent le soutien des 12 partis politiques de Shancara afin de devenir président de la planète. En tant que l'un de ces quatre personnages, vous devez utiliser tous les moyens nécessaires pour obtenir le soutien des partis politiques. Vous devrez &quot;faire des dons&quot; (acheter des voix) en versant de grosses sommes d'argent pour convaincre les partis de vous soutenir, engager des assassins pour faire disparaître vos adversaires, et participer à des guerres civiles pour vaincre, capturer et exécuter vos rivaux.
Sekiryuuou (Japan)	Le jeu est basé sur un manga japonais se déroulant pendant une guerre civile chinoise historique. Le joueur contrôle le protagoniste via une série de menus pour résoudre une série d'énigmes. Le jeu, ainsi que le manga dont il est inspiré, dépeignent une période de l'histoire chinoise ancienne entre les dynasties Qin et Han, quelques décennies avant le début de l'ère des Trois Royaumes. Comme il se doit pour une période de transition, il y avait beaucoup d'intrigues et de conflits menant au changement de pouvoir, fournissant une riche source d'inspiration pour des romans et mangas futurs.
Sesame Street - 123 (USA)	Ce titre ludo-éducatif est basé sur les mathématiques pour les enfants de 3 à 6 ans avec des personnages de 1 Rue Sesame. Sesame Street 1 2 3 comprend une compilation de 2 jeux précédemment publiés:nn1. Astro-Grover: Les enfants jouent avec Grover et les Zips de la planète Zap en comptant, en additionnant et en soustrayant des Zips pour améliorer leurs compétences de base en mathématiques. 2. Formes magiques d'Ernie: Les enfants travaillent avec Ernie pour associer des formes et des couleurs assorties dans les problèmes qu'il leur présente.
Sesame Street - ABC & 123 (USA)	Il s'agit d'une compilation des deux jeux Sesame Street 1 2 3 et Sesame Street A B C.
Sesame Street - ABC (USA)	Ce titre ludo-éducatif pour les enfants de 3 à 6 ans, basé sur la série 1 Rue Sésame est divisé en deux parties:nnLetter-Go-Round: En attrapant et en faisant correspondre des lettres sur une grande roue tournante, les enfants pratiquent la reconnaissance et l'association des lettres, l'orthographe simple et la formation des mots. Ernie's Big Splash: Les enfants peuvent aider Ernie à trouver son canard en caoutchouc pour son bain en construisant un passage entre le porte-savon de Duckie et la baignoire d'Ernie. Cela aide les enfants à pratiquer la planification, la prédiction et la résolution de problèmes.
Sesame Street - Big Bird's Hide & Speak (USA)	Big Bird's Hide and Speak est un titre ludo-éducatif basé sur la licence de 1 Rue Sesame. Il est conçu pour enseigner la reconnaissance, la mémorisation et la lecture aux jeunes enfants. C'est l'un des rares jeux NES à utiliser la parole numérisée.
Sesame Street - Countdown (USA)	Jeu ludo-éducatif mettant en scène le compte von Count de la rue Sesame, dont le but est d'apprendre a identifier les nombres. Vous devez retrouver des nombres déterminés, éparpillés dans différents niveaux.
Shadow Brain (Japan)	Shadow Brain est un dungeon-RPG futuriste et dystopique en vue subjective. Ce jeu eut à sa sortie deux particularités. Le groupe japonais &quot;The Alfee&quot;, en photo sur la jaquette, participa à son développement et le jeu futlivré avec une VHS présentant son univers. Ces deux spécificités s'explique par les deux sociétés qui l'ont développé et édité: Pony Canyon et Scitron, la première publiant aussi des vidéos et la seconde étant un label de musique de jeux sur ordinateurs et consoles. En l'an 2040, Un cataclysme non précisé par la VHS frappa l'humanité alors à son apogée, les forêts de grattes-ciels gigantesques et les véhicules flottant dans les airs laissèrent place à une nouvelle civilisation post apocalyptique renaissant de ses cendres et où la mégalopole de Lemuria, la plus rapide dans son développement, devint des 2090 le symbole d'espoir pour les survivants de l'humanité. La survie vie en Lémurie demeurait toutefois précaire. Les humains menaient désormais une opposition féroce aux robots et aux humains modifiés appelés &quot;cyborgs&quot;. Les disputes territoriales devinrent chose courante et de sinistres créatures issues d'expériences biotechnologiques s'échappèrent régulièrement de leurs fermes leurs laboratoires attirés par les villes. Un jeu en réseau nommé &quot;Brain Trip&quot; et requérant une connexion directe au cerveau devint un sucés incontournable dans la population de Lémuria, le réseau utilisé se répandit dans tous les villes et villages et les addictes de plus en plus nombreux ne se doutaient pas que leur plus terrible ennemi était caché en son sein. Retour en 1990, le professeur Rudger est un proéminent scientifique étudiant les voyages dans l'espace et le continuum espace-temps. Ses travaux ambitieux et révolutionnaires sont encore méconnus de ses pairs. Son fils Jun, héros que vous allez incarner, est un génie passionné d'informatique et de jeux vidéos qui est parvenu à mettre au point une intelligence artificielle gràce à l'assistance et aux conseils de son père. IA qui s'est développé si rapidement que Jun décida de brider ses capacités pour le moment. Un jour, Rudger et Jun furent contacté du futur par Layla, une mystérieuse femme connue sous le pseudo de &quot;Digital Venus&quot; dans les années 2090, son époque, qui sollicitait leur aide. Grace aux données de Layla, le professeur Rudger put mettre au point une machine à voyager dans le futur qu'il décida de tester personnellement. Quand Jun s'aperçu de la disparition de son père, il partit immédiatement à sa poursuite et se réveilla 100 ans plus tard à Lémuria. Un robot nommé &quot;Helper&quot; l'attendait et lui transmis un message de son père lui expliquant que, traqué par un puissant ennemi, il doit rester caché. &quot;Helper&quot; avait également pour Jun un VDS, un système multifonctions permettant notamment de se connecter au réseau. Dès que Jun équipa ce VDS, il fut contacté par Layla qui, découverte par l'ennemi, eu à peine le temps de donner à Jun les instructions à suivre pour trouver son père avant que la connection ne soit perdue.
Shadow of the Ninja (USA)	Au 21e siècle, le maléfique empereur Garuda a conquis New York et tué nombre de ses habitants. Vous incarnez Hayate ou Kaede, deux ninjas essayant de libérer la ville du contrôle de Garuda. Blue Shadow est un jeu d'action à défilement latéral typique, consistant à courir, couper et sauter à travers 5 niveaux, chacun avec 4 sous-stations avec des ennemis nombreux et variés et un ennemi ennemi à la fin.
Shadowgate (USA)	Shadowgate est un jeu d'aventure sur NES. Vous prenez le contrôle d'un aventurier envoyé à l'ancienne porte Shadowgate. Votre but est de trouver un objet mystique connu sous le nom de &quot;Staff of Age&quot;. Vous devez aussi tuer le démoniaque Seigneur Warlock pour l'empêcher d'invoquer le terrible démon Behemoth.
Shanghai (Japan) (En)	Shanghai est l'une des premières adaptations en jeu vidéo du jeu de tuiles joué avec les pierres chinoises de mahjong - essentiellement un jeu de puzzle qui n'a pas grand-chose à voir avec les véritables règles du mahjong. Le jeu se compose de 144 tuiles, chacune représentant une image différente qu'il faut retirer en les associant par paires. Les tuiles sont disposées en grille, la plus haute étant située au centre. Une tuile ne peut être retirée que si aucune tuile ne se trouve à côté d'elle sur au moins un côté. Cette version informatique peut générer une configuration de plateau aléatoire et propose cinq défis prédéfinis, dont certains sont limités à cinq ou dix minutes, ainsi qu'un mode multijoueur.
Shanghai II (Japan)	Shanghai II est une variante du jeu de puzzle également connu sous le nom de mahjong solitaire. 144 tuiles de mahjong sont disposées en rangées et empilées les unes sur les autres selon différents motifs. Le but du joueur est d'éliminer les paires de tuiles assorties qui n'ont pas de tuiles adjacentes des deux côtés, jusqu'à ce que le plateau soit vide. Cette variante propose six motifs nommés d'après des animaux : tigre, scorpion, singe, serpent, panthère et dragon. Le joueur peut choisir d'afficher des indices ou d'inverser n'importe quel nombre de coups. Un mode contre la montre est également disponible.
Shatterhand (USA)	En l'an 2030, le groupe de militaires Metal Command dirigés par le Général Gus Grover veut dominer le monde à l'aide d'une armée de soldats cyborg. Pour le contrer, la division LORD envoie Steve Hermann, un ancien policier du Bronx, qui possèdent des mains cybernétiques. Le jeu est composé de 7 niveaux: une usine, une raffinerie, une fête foraine, une station de filtration, un centre de recherche anti-gravitationnelle, une ville en ruine, et le site de lancement de missile du General Grover. Shatterhand est accompagné par 8 robots satellites qui peuvent être appelés en fonction de combinaison de lettres grecques alpha and beta récoltées le long des niveaux.
Sherlock Holmes - Hakushaku Reijou Yuukai Jiken (Japan)	Le grand détective Sherlock Holmes a un nouveau cas à résoudre. Cette fois, l'affaire implique le kidnapping mystérieux de la comtesse. Holmes fait alors la course à travers l'Angleterre à la recherche d'indices qui pourraient l'aider à résoudre l'affaire. Le jeu, sorti en 1986, le met dans la peau de Sherlock Holmes, et dans cette interprétation, son seul moyen d'interroger quelqu'un pour obtenir des informations est de les attaquer jusqu'à ce qu'ils soient à court de résistance et de révéler les indices. Le jeu alterne entre une vue élargie des rues de l'Angleterre et une vue agrandie défilement latéral des bâtiments, des égouts ou des parcs. En plus d'interroger les gens à des fins d'information, Holmes devrait chercher des trous ou des arbres aléatoires qui pourraient contenir des indices importants ou des éléments d'inventaire.
Shikinjou (Japan)	Shi-Kin-Joh (&quot;Cité Interdite&quot;) est un jeu de puzzle similaire à Sokoban dans lequel le joueur doit atteindre un but en poussant des tuiles surdimensionnées de mahjong qui bloquent le chemin. Lorsque deux tuiles correspondantes sont poussées l'une à côté de l'autre, elles disparaissent. D'autres types de tuiles verrouilleront les tuiles mobiles qui entrent en contact avec elles.
Shin Moero!! Pro Yakyuu (Japan)	Shin Moero!! Pro Yakyuu (New Burning!! Pro Baseball) est le sixième jeu de la série Moero!!, une série de jeux de sport (parfois appelée Moero 6!! Shin Moero!! Pro Yakyuu), et le troisième de la série à être associé au baseball. Une addition curieuse à cette version est celle des biorythmes, qui indiquent au joueur l'état d'esprit de chaque athlète : si un athlète ne se sent pas bien, un ou plusieurs de ces biorythmes seront bas et le joueur devra adapter sa stratégie en conséquence. Bien que populaire dans les années 70, l'idée que les biorythmes mathématiques puissent prédire les performances d'un athlète lors d'un match a été largement discréditée comme pseudoscience à l'époque de la sortie de ce jeu.
Shin Satomi Hakken-Den - Hikari to Yami no Tatakai (Japan)	Shin Satomi Hakkenden: Hikari à Yami no Tatakai (&quot;Les huit nouvelles chroniques de chiens: La bataille de la lumière et des ténèbres&quot;) est un RPG japonais classique qui suit l'histoire du roman historique du XIXe siècle Nansou Satomi Hakkenden (ou Huit chroniques de chiens). Les demi-frères samouraï, tous descendants d'un chien, se sont réunis pour vivres diverses aventures à travers la période japonaise de Sengoku. Le jeu est plus particulièrement basé sur un film d'action de 1983, sorti en occident sous le nom de «Legend of the Eight Samurai», qui est lui-même basé sur un roman d'aventure de 1982 nommé Shin Satomi Hakkenden. Le jeu offre la particularité de pouvoir choisir d'incarner un des huit samouraïs, chacun commençant le jeu à un endroit différent. Leur objectif est de se rencontrer et de recruter leurs frères, formant finalement un groupe de huit personnes. Le jeu est par ailleurs relativement conforme aux canons du genre: le joueur partage son temps entre explorer les villes et parler aux PNJ, et combattre des monstres et des soldats ennemis dans les donjons et la carte du monde extérieur via un système de combat au tour par tour.
Shingen the Ruler (USA)	Shingen The Ruler est un jeu de stratégie/gestion sur Nes. Comme le puissant guerrier Shingen Takeda, vous devrez prendre le contrôle de toutes les régions du Japon féodal et ce grâce à votre habile gestion des troupes ou à votre stratégie audacieuse.
Shinsenden (Japan)	Shinsenden est un RPG de Tamtex et Irem pour la Famicom et propose un décor de mysticisme oriental avec des moines et des créatures du folklore chinois / japonais. L'histoire du jeu concerne un moine qui s'entraîne avec son partenaire, Raichi, et découvre un voyageur de temps blessé qui conduit finalement Raichi à être enlevé et le héros poursuivant ses ravisseurs.
Shogun (Japan)	Ce jeu simule la vie d'un Shogun dans le Japon féodal.
Shooting Range (USA)	Shooting Range est un jeu vidéo NES publié par Bandai en 1989 utilisant le zapper de la NES. Il propose des mini-jeux ressemblant à l'Old West; à l'exception du niveau de la lune. L'objectif est simple: tirez sur les cibles rouges et blanches sur la tête du personnage et surveillez votre niveau d'énergie. Il comprend également un jeu de style carnaval où vous tirez sur des bouteilles de verre dans un saloon.
Short Order + Eggsplode! (USA)	Cette cartouche utilise le power pad et contient deux jeux. &quot;Short Order&quot; est un jeu de type Simon dans lequel vous recevez une commande et devez faire un hamburger exactement comme l'indique cette commande. &quot;Eggsplode&quot; est un jeu dans lequel vous devez détruire les bombes qu'un renard place sous les nids de poulet avant d'exploser sans détruire les poulets ou leurs ?ufs.
Shougi Meikan '92 (Japan)	Shogi (parfois écrit Shougi) est un jeu de société populaire au Japon. Il se joue un peu comme les échecs, avec des pièces et des mouvements similaires. Ce jeu ne permet pas réellement de jouer vous-même, mais vous permet plutôt de regarder des parties jouées par des professionnels célèbres lors de tournois, et d'essayer de deviner quels mouvements sont les plus appropriés pendant la partie. Une suite a été publiée un an plus tard, intitulée Shogi Meikan '93.
Shougi Meikan '93 (Japan)	Shōgi Meikan '93 sur NES, édité par Hector, est la suite de Shōgi Meikan '92. Le shōgi, parfois appelé « échecs japonais », est un jeu de plateau très populaire au Japon, proche des échecs occidentaux par ses pièces et ses déplacements. Contrairement à un jeu classique, ce titre ne permet pas de jouer directement, mais propose de regarder des parties disputées par de célèbres professionnels en tournoi et de tenter de deviner les coups les plus appropriés.
Shoukoushi Ceddie (Japan)	Shoukoushi Cedie est le titre japonais du roman Little Lord Fauntleroy de Frances Hodgson Burnett (1886). L'histoire suit un enfant de New York découvrant qu'il est l'héritier d'un comté en Angleterre, déménageant dans son domaine et apprenant à devenir un noble. En 1988, Fuji Television a créé une série animée de 43 épisodes basée sur ce roman, et ce jeu vidéo est une adaptation de cette série. Développé pour la Famicom, le jeu fonctionne comme un jeu d'aventure classique : le joueur se déplace, parle aux personnages et trouve des objets pour résoudre des énigmes. Au lieu de sélectionner des destinations via un menu, le joueur se déplace manuellement avec une vue de dessus. Le jeu inclut aussi des séquences où le joueur doit éviter les piétons en quittant le domaine. En cas de collision ou d'erreur, il est réprimandé par son tuteur et doit répondre à des questions de culture générale.
Shounen Ashibe - Nepal Daibouken no Maki (Japan)	Le personnage principal, Asibe, emmène Goma-chan dans un voyage pour rencontrer Sugao-kun au Népal, dans une aventure de type choix-commandes divisée en trois chapitres d'une seule histoire.
Shufflepuck Cafe (Japan)	Shufflepuck Café sur NES est un jeu de réflexes basé sur le système de air-hockey. Votre vaisseau a besoin de réparations et c'est sans un sou en poche que vous partez dans un bar, le Shufflepuck Café, défier vos concurrents au air-hockey. Vous espérez gagner le tournoi local et ainsi empocher la somme de 15000 crédits, qui correspond parfaitement au montant de vos réparations.
Side Pocket (USA)	Side Pocket sur NES est une simulation de billard/snooker. Vous parcourez les États-Unis à travers des défis et tournois. Le jeu offre la possibilité d'affronter un ami en branchant une deuxième manette, et ce en jeu traditionnel, ou bien en défi &quot;9-Ball Game&quot;, qui consiste à être le premier à empocher neuf billes.
Silent Service (USA)	Silent Service est une simulation de sous-marins sur Nes. Vous incarnez un membre des forces sous-marines américaines, et êtes chargé de la contre-attaque dirigée vers le Japon. Avec différents niveaux de réalisme, et donc de difficulté, contrôlez des paramètres tels que la profondeur maximum, les torpilles, etc. Le soft propose un mode Campagne, en plus des modes Entraînement et Mission unique, qui vous permettra de gagner du galon... Si vous restez en vie...
Silk Worm (USA)	Le jeu vous place aux commandes d'un hélicoptère dont la mission sera de vaincre des vagues d'ennemis avant d'affronter un des deux boss récurrents présents en alternance à la fin des stages. Les ennemis arrivent à l'écran, le plus souvent par la droite, et vous les détruisez. Il n'y a aucune variation dans le déroulement des niveau : le décor ne représente jamais un obstacle, le défilement ne connait aucun changement et les adversaires sont toujours à peu près les mêmes. L'intérêt principal du jeu est le jeu à deux. Le second joueur dispose d'une jeep. Etant au sol, il faudra jouer différemment du premier joueur, et les adversaires débarquant littéralement par dizaines, tout l'intérêt du multijoueur sera donc d'élaborer des stratégies pour tirer le meilleur parti possible des forces et des faiblesses de chaque appareil.
Silva Saga (Japan)	Silva Saga est remarquable pour être un jeu très ressemblant à Dragon Quest dans le look du jeu, mais il se sent comme une philosophie de conception très différente. Minelvaton Saga, Silva Saga et Silva Saga II (Ce troisième épisode était sur SNES) font tous partie de la même série. Silva Saga est un jeu qui serait ennuyeux pour quelqu'un qui n'aime pas les jeux Dragon Quest sur le NES. Après tout, le jeu est essentiellement Dragon Quest, avec une mécanique plus facile et une philosophie de conception différente. Cependant, si vous aimez les jeux Dragon Quest, vous obtenez moins de grincement, de la musique plutôt sympa, des graphismes agréables et un nouveau monde à explorer.
Silver Surfer (USA)	Silver Surfer sur Nes un jeu de tir dans lequel vous incarnez le célèbre Surfeur d'Argent, héros de la galaxie. Afin de repousser le retour de Galactus, qui détruira toute vie, vous devez récupérer les pièces d'un dispositif cosmique disséminées sur plusieurs planètes et gardées par des créatures maléfiques. Arriverez-vous à sauver le monde à temps ?
SimCity (USA) (Proto)	Dans Sim City vous jouez le rôle d'un maire d'une ville, devant gérer le budget et la construction, pour attirer des habitants et faire grandir votre bourgade. La difficulté est au rendez-vous et on se rend vite compte qu'il est difficile de gérer les désirs des habitants, la sécurité, le trafic routier et les différentes catastrophes (inondation, tremblement de terre ...) qui peuvent réduire vos efforts à néant, le tout en jonglant avec un budget toujours trop serré. Le premier mode de jeu vous fait partir de zéro, avec tous les bâtiments et infrastructures à construire. Dans le mode Catastrophe, vous prenez les commandes d'une cité déjà construite et devez faire face aux catastrophes naturelles, ainsi qu'à des émeutes et autres événements inattendus.
Simpsons, The - Bart vs. the Space Mutants (USA)	The Simpsons : Bart vs the Space Mutants sur Nes est un jeu de plates-formes dans lequel vous incarnez Bart Simpson qui part en croisade contre les mutants envahisseurs venus de l'espace. Pour faire la part des choses entre les mutants et les simples autochtones, Bart utilise des lunettes àRayons X. Sauvez Springfield et enrayez la conspiration visant à détruire la ville avec une arme secrète.
Simpsons, The - Bart vs. the World (USA)	The Simpsons : Bart vs the World sur NES, est une compilation de mini-jeux où vous incarnez le turbulent Bart Simpson. Vous avez le choix entre 5 jeux, dont 1 est à débloquer. Dans l'1 d'entre eux, qui s'apparente à un jeu de plates-formes, vous devrez aider Bart à s'échapper d'un bateau. Il y a également 1 jeu de cartes, un puzzle, un questionnaire sur les Simpsons, et enfin, un jeu dans lequel vous ferez du skateboard sur la Muraille de Chine.
Simpsons, The - Bartman Meets Radioactive Man (USA)	Bartman Meets Radioactive Man sur Nes est un jeu de plates-formes se déroulant dans l'univers de la célèbre série télévisée. Vous incarnez Bartman, le double héroïque de Bart, qui doit délivrer Radioactive Man d'une dimension parallèle. Le jeu comprend quatre niveaux et sera le dernier jeu estampillé &quot;Simpsons&quot; à sortir sur Nes.
Skate or Die (USA)	Skate or Die comprend cinq styles de skate distincts, que l'on peut essayer individuellement ou à tour de rôle. La première épreuve est le freestyle, dans lequel votre objectif est de marquer le plus de points possible en 10 tentatives. Les juges déterminent le style et l'habileté dont vous avez fait preuve. Dans le saut en hauteur, votre tâche consiste à sauter le plus haut possible au bout de la rampe. Les épreuves de descente sont des courses avec vue aérienne. Dans la course de descente, vous essayez simplement de terminer le parcours en 90 secondes. Dans le &quot;Downhill Jam&quot;, vous essayez de surpasser un adversaire tout en esquivant ou en sautant par dessus les obstacles. Vous pouvez utiliser des mouvements d'attaque pour éliminer les obstacles ou renverser votre adversaire. La joute dans la piscine est un combat en un contre un à l'aide d'un bâton, dans une fosse autour de laquelle vous pouvez skater.
Skate or Die 2 - The Search for Double Trouble (USA)	Skate or Die 2 : The Search for Double Trouble est un jeu de skate sur Nes. Vous incarnez un jeune skateur essayant tant bien que mal de continuer à exercer sa passion après que le maire de la ville ait interdit le skate. Roulez à toute vitesse à travers les niveaux et évitez les tirs ou les oeufs que les habitants tentent de vous lancer.
Ski or Die (USA)	Ski or Die est un jeu vidéo de sport d'hiver multi-épreuves. Il a été conçu par les californiens Michael Kosaka, Nana Chambers et Michael Abbott et fait suite à Skate or Die! de 1987 qui prenait pour cadre les sports de glisse urbains et dont il reprend globalement la structure. On y trouve les disciplines suivants : Snowboard en half-pipe Ski acrobatique Descente Bataille de boules de neige Course de bouées
Sky Destroyer (Japan)	Sky Destroyer est un jeu de combat aérien. Les joueurs jouent le rôle d'un avion de guerre qui doit vaincre divers combattants ennemis dans les airs et en mer. L'avion de guerre du joueur est équipé de mitrailleuses et peut également tirer des torpilles. L'objectif principal est de détruire une île fortifiée à la fin de chaque scène en y tirant une torpille.
Sky Kid (USA)	Sky Kid vous fait incarner le Baron Rouge en personne ! Dans ce jeu de tir en vue de côté sur Nes, vous devez réussir à atteindre le point d'atterrissage à la fin du niveau, mais attention à ne pas vous faire descendre !
Sky Shark (World) (Evercade)	Flying Shark sur NES est un jeu de tir dans lequel vous pilotez un avion, le Sky Shark. De nombreuses améliorations sont disponibles au fil de l'aventure afin de vous débarrasser plus aisément des ennemis qui jalonnent votre parcours. Six améliorations sont disponibles pour chaque arme ainsi que 3 niveaux de difficulté.
Slalom (USA)	Dans Slalom, vous devez skier sur différentes pistes et battre le chrono pour passer à la prochaine des 24 pistes. D'autres skieurs, des arbres, des bonhommes de neige, des lugeurs et des bosses se mettront en travers de votre chemin et vous ralentiront si vous vous écrasez contre eux. Les drapeaux de slalom sont situés sur les pistes, et le fait de skier du mauvais côté fera que votre joueur dérapera momentanément et perdra de la vitesse, ainsi, pour obtenir les meilleurs temps, vous devez vous assurer de ne manquer aucun drapeau.
Smash T.V. (USA)	Smash T.V. sur NES vous place dans un morbide, mais heureusement fictif, jeu télévisé, où deux combattants armés jusqu'aux dents s'affrontent à travers diverses arènes remplies d'individus mortellement dangereux. Le but est de faire plus de dégâts que votre adversaire, tout en récoltant un maximum de cadeaux.
Smurfs, The (Europe) (En,Fr,De,Es)	Dans Les Schtroumpfs sur Nes, vous incarnez un habitant du village, désigné pour aller porter secours à trois de ses amis, capturés par le diabolique Gargamel. Tracez votre route à travers les forêts, montagnes, marais et autres grottes dans ce jeu de plates-formes au visuel fidèle à la BD.
Snake Rattle n Roll (USA)	Snake Rattle And Roll est un jeu de plates-formes en 2D isométrique sur Nes. Incarnez Rattle ou Roll, deux serpents qui, pour finir les niveaux qu'ils vont parcourir, devront manger et encore manger, afin de grossir et pouvoir actionner la porte de sortie !
Snake's Revenge (USA)	Episode hors série de la saga Metal Gear, Snake's Revenge est un jeu d'action infiltration qui se veut la suite de Metal Gear sur Nes. Dans cet opus Solid Snake reprend du service et doit à nouveau s'infiltrer pour détruire le Metal Gear. Cet épisode reprend les caractéristiques de la série, à savoir l'action/infiltration équipé de diverses armes et gadgets, mais avec moins de scénario pour plus d'action.
Snoopy's Silly Sports Spectacular! (USA)	Participez en tant que Snoopy et son cousin Spike à 6 mini-jeux autour de l'Italie dans cette mini-collection de jeux de sports développée par Kemco sur NES.
Snow Brothers (USA)	Snow Bros. Nick & Tom est un jeu de plates-formes sur NES se présentant comme une succession de tableaux à écran fixe. Le but est d'éliminer tous les ennemis de chaque niveau grâce aux Snow Brothers qui disposent de pouvoirs magiques liés au froid et à la neige. Nick et Tom tenteront de retrouver le vil King Scorch, responsable du kidnapping de leurs princesses.
Soccer (Japan, USA) (En)	Soccer sur Nes permet de sélectionner votre team parmi sept équipes nationales : Brésil, Allemagne, Espagne, France, Angleterre, Japon et Etats-Unis. La possibilité d'affronter vos amis apporte un intérêt supplémentaire. Il est l'un des premiers jeux à intégrer des tirs au but à la fin de la période réglementaire.
Soccer League - Winner's Cup (Japan)	Pendant le jeu, le terrain défile horizontalement à l'écran. Les joueurs choisissent l'une des huit équipes internationales et tentent de remporter la Coupe du Monde. Les équipes que le joueur peut sélectionner incluent : le Japon, l'Allemagne, le Brésil, la France, la Corée du Sud, l'Angleterre, l'Argentine et les États-Unis. Les joueurs peuvent choisir de jouer en solo contre l'ordinateur ou de s'affronter en tête-à-tête avec un autre joueur. Bien que le jeu ne soit jamais sorti en dehors du Japon, la plupart des options sont écrites en anglais.
Solar Jetman - Hunt for the Golden Warpship (USA)	Solar Jetman : Hunt for the Golden Warpship est un jeu d'action en 2D vu de côté sur Nes. Le Golden Warship, fleuron de la flotte spatiale a été capturé par les aliens et ses 12 morceaux dispersés aux 4 vents solaires. A vous de les récupérer sur plusieurs planètes inconnues et hostiles.
Solomon's Key (USA)	Vous et Dana, le magicien de Lyrac, devez déchiffrer les secrets du manuscrit de Solomon afin de rétablir la paix dans les constellations. La magie de Dana, les armes et les pouvoirs mystiques, vous aideront à libérer la Princesse des Fées retenue prisonnière, et tirer parti des forces maléfiques à l'intérieur des constellations. Mais tout d'abord, vous avez besoin de la clef!
Solstice - The Quest for the Staff of Demnos (USA)	&quot;Surgissant de l'ombre... Se dressera un défi à vore sagesse&quot; Joignez-vous à la quête de Shadax tandis qu'il recherche, dans la sinistre forteresse de Kâstleröck, les six morceaux du Sceptre magique de Demnos dans une courageuse tentative pour arracher la Princesse Eleanor à Morbius, le magicien maléfique.
Son Son (Japan) (En)	SonSon est un jeu d'action qui propose au joueur d'incarner un garçon-singe dont le but est de rejoindre la statue de Bouddha. Son parcours initiatique est bien entendu semé d'embûches, et c'est à coups de boules de feu et autres prises de karaté que le jeune garçon va devoir se battre contre ses ennemis, rats et chauves-souris. Le jeu, en deux dimensions à défilement horizontal, peut aussi être jouer à deux en coopération.
Soreike! Anpanman - Minna de Hiking Game! (Japan)	Anpanman parcourt le monde en aidant les gens. Mais qu'est-ce que c'est Anpanman? Il est un super-héros dont la tête est faite de petits pains remplis de confiture de haricots. Soreike! Anapanman est un jeu de société amusant pour la Famicom, basé sur un dessin animé du même nom. Il est relativement simple et simple à jouer, sansnncaractéristiques complexes ou obstacles à surmonter. Il y a huit cartes et une neuvième à débloquer, et jusqu'à trois joueurs humains peuvent participer. Rejoignez Currypanman et Shokupanman alors que vous essayez de battre Baikinman!
Space Harrier (Japan)	Le personnage dirigé à la troisième personne peut courir ou voler, et doit éviter les obstacles et tirs ennemis. Faites preuve d'adresse pour arriver au terme des 18 niveaux, chacun se terminant par un affrontement avec un boss.
Space Hunter (Japan)	En 2199, après une guerre nucléaire dévastatrice, l'humanité est au bord de l'extinction… Afin de survivre, des robots et des cyborgs ont été créés pour aider les humains, mais une révolte cybernétique éclate. Les cyborgs insurgés et leur chef De Ga mènent une véritable Vendetta contre leurs maîtres, les humains. Pour les combattre, vous incarnez « Demon Kogure » (membre du groupe de Heavy-Métal japonais Seikima-II ayant réellement existé de 1982 à 1999) en mission pour sauver ses camarades démons qui ont été capturés et emprisonnés par le dieu Zeus.
Space Invaders (Japan)	LE classique sur console. A posseder absolument pour tout fan de jeux video qui se respecte ou alors il vous faut absolument le decouvrir si vous ne connassez pas ce jeu d'anthologie
Space Shadow (Japan)	Space Shadow est un jeu de tir sur rails de science-fiction inspiré du classique de Ridley Scott, Alien (1979). Ce jeu a été publié par Bandai et était inclus dans un pack avec le Hyper Shot Machine Gun, un pistolet type uzi pour NES.
Space Shuttle Project (USA)	Space Shuttle Project est un jeu de simulation de navettes spatiales sur Nes. Vous avez été affecté à différentes missions importantes pour la NASA et devrez faire appel à vos talents pour mener à bien tout le projet du pré-lancement à l'atterrissage.
Spartan X 2 (Japan)	Spartan X 2 sur Nes est une version améliorée du beat'em all Kung Fu. Vous dirigez donc le karatéka Thomas qui part chercher Sylvia kidnappée par le vilain Mr X. Sur votre chemin, vous devrez battre de nombreux ennemis bien décidés à vous arrêter.
Spelunker (USA)	Spelunker est un jeu d'action sur NES. Vous devez parcourir des kilomètres de galeries à la recherche d'une légendaire pyramide souterraine et de ses vastes trésors. Pour ce faire il vous faudra vous balancer au bout de cordes, utiliser chariots et radeaux, activer des ascenseurs, collectionner des clés, des bombes ou encore des objets précieux...
Spelunker II - Yuusha e no Chousen (Japan)	Le magnifique royaume des fées est gouverné depuis des millénaires par le maléfique démon Geyla. Vous incarnez un héros sans nom à la quête d'un trésor, qui va par la même occasion tout faire pour destituer l'infâme Geyla. Ce jeu, qui introduit une composante jeu de rôle, demande au joueur de faire des choix entre l'appât de l'or et la soif de justice. Ces choix auront en effet une incidence directe sur le déroulement du scénario.
Spider-Man - Return of the Sinister Six (USA)	Spider-Man: Return of the Sinister Six est un jeu vidéo d'action et de plates-formes sorti en 1992 sur NES. Le jeu a été développé par Bits Studios et édité par LJN et Flying Edge. Le jeu est basé sur une mini-série de Marvel Comics sur Spider-Man et les Sinister Six au début des années 1990. Il s'agit d'un un jeu en side-scrolling qui vous met dans le rôle de Spidey à travers six niveaux contre Electro, Sandman, Mysterio, Vulture, Hobgoblin et Docteur Octopus. Vous devrez résoudre certains puzzle (comme trouver une clé) pour terminer certains niveaux. Spidey peut faire des sauts, grimper aux murs, frapper, tirer des toiles pour se balancer et effectuer des coups de pied. La collecte de cartouches de toile permet à Spidey de tirer des projectiles.
Splatterhouse - Wanpaku Graffiti (Japan)	Splatterhouse sur Nes est le premier titre de la série à apparaître sur consoles de salon. Dans ce titre titre d'action bien gore, vous dirigez Rick, un étudiant en parapsychologie qui est parti avec sa fiancée Jennifer à la recherche du Docteur West. Mais celle-ci se fait kidnapper et c'est à vous de la sauver. Enfilez votre Masque Maudit pour vous transformer en brute épaisse prêt à libérer sa rage sur ses ennemis démoniaques et les monstrueux boss qui vous attendent à la fin des niveaux.
Spot - The Video Game (USA)	Spot est un jeu de plateau sur NES mettant en scène la mascotte &quot;Spot&quot; de la marque de boisson 7up. Le jeu se joue à 4 joueurs, humains ou ordinateurs. En partant chacun d'un coin du plateau, le but est de répandre sa couleur au maximum.
Spy Hunter (USA)	Dans Spy Hunter, l'action se déroule en vue de dessus. Votre voiture est équipée de mitrailleuses pour vous aider à éliminer les nombreux ennemis sur la route mais veillez à ne pas tirer sur les civils. De temps en temps, vous rencontrerez un fourgon d'armes, et si vous foncez dessus, votre voiture sera équipée d'une deuxième arme. À plusieurs endroits, la route se divise et vous pouvez entrer dans un hangar pour transformer temporairement votre voiture en bateau. Des voitures essaieront de vous sortir de la route, des ennemis vous tireront dessus depuis l'arrière d'une limousine et des hélicoptères vous largueront des bombes.
Spy vs Spy (USA)	Spy vs. Spy propose une bataille indirecte entre deux espions rivaux qui se déplacent dans de nombreuses salles. Le but est de collecter des objets secrets et de les ranger dans une mallette puis de quitter l'immeuble avant l'adversaire ou avant la fin du compte à rebours. Chaque espion peut poser des pièges pour tuer son rival, lui faire perdre ses objets et lui infliger une pénalité de temps. Le joueur peut par exemple utiliser un seau d'eau coincé au-dessus d'une porte, un pistolet attaché à un meuble, une bombe artisanale ou encore un ressort géant. La quantité de chaque arme par espion est limitée et le jeu propose une parade pour chacun de ces pièges.
Sqoon (USA)	Dans ce shoot'em up horizontal, vous contrôlez le sous-marin de Narikeen, Sqoon. Sqoon est équipé de deux armes; un lance-missiles évolutif qui tire droit devant pour éliminer les étranges ennemis neptuniens et une bombe de glace qui tire vers le bas pour faire exploser les usines et autres installations. Détruire ces bâtiments libère les humains à l'intérieur, qui ensuite flottent pour que vous puissiez les sauver. Lorsque vous avez neuf personnes à bord, une petite île mobile apparaîtra à la surface, vous permettant de déposer les humains et de faire le plein de carburant. Vous aurez besoin de sauver beaucoup de personnes et de vous ravitailler régulièrement, car votre sous-marin ne tient que 60 secondes avec un réservoir d'essence. Il y a huit niveaux dans le jeu, chacun étant situé dans un pays différent.
Square no Tom Sawyer (Japan)	En 1855, Tom Sawyer et ses amis grandissent dans la ville de St. Petersburg, Missouri aux États-Unis. Étant des enfants sauvages, Tom Sawyer et son meilleur ami Huckleberry Finn entrent toujours dans de nouvelles aventures et une sorte de problème ou un autre. Donc ce n'est pas totalement inattendu un jour quand Tom Sawyer part à l'école et se rend compte qu'il est en retard ... Square no Tom Sawyer est un RPG à défilement horizontal qui présente des personnages et des situations tirés des romans Tom Sawyer de Mark Twain. Les joueurs contrôlent Tom lui-même et jusqu'à trois autres personnages qui peuvent rejoindre sa fête à un moment donné. En ville, il y a une variété de personnes à qui l'on peut parler et des magasins où les articles peuvent être achetés et vendus. En dehors des villes, des monstres et des animaux féroces des forêts sont rencontrés au hasard et doivent être combattus. En entrant en mode combat, le jeu se transforme en une vue à la troisième personne derrière la fête de Tom. Le joueur peut émettre des commandes telles que Fight, Item et Run pour chacun des personnages de la partie et ces actions se produiront à leur tour. Les batailles gagnées gagnent les points d'expérience des personnages participants. Ces points d'expérience peuvent être alloués pour augmenter les statistiques spécifiques des personnages. Les joueurs peuvent accumuler de nouveaux objets pour l'utiliser au combat, mais ne jamais avoir à composer avec des personnages.
Stack-Up (World)	Stack-Up ou Robot Block, est un jeu vidéo conçu pour être utilisé avec le robot R.O.B. Dans ce jeu vous devez sautiller avec le professeur Hector sur les différentes lignes ou colonnes afin d'activer les commandes ROB correpondantes. Dans le mode direct le joueur doit à l'aide de R.O.B manipuler cinq disques de couleur et les mettre dans un certain ordre. Dans le mode memory, le but reste le même mais vous programmez à l'avance les séquences de mouvements et ne pouvez vérifier leur fonctionnement qu'en exécutant votre programme. Le mode bingo 1 joueurs semblable au mode direct, les personnnages de Flipper et Spike sautilleront pour essayer de saboter vos commandes. En mode 2 joueurs, le second joueur controle le professeur Vector, le but étant d'amener les disques de couleurs vers ses propres plateaux respectifs, le 1-2 pour le joueur 1 et 4-5 pour le joueur 2.
Stadium Events (USA)	Stadium Events, qui transforme votre maison en un stade passionnant, vous propose d'augmenter vos capacités physiques et améliorer votre record sportif. Vous allez affronter un coureur en mode Tournoi, et dans 4 épreuves pour un score total en mode olympique. Les noms des 6 meilleurs gagnants et leurs scores apparaîtront sur le panneau d'affichage électronique. Les 3 meilleurs gagnants seront sur le podium !
Stanley - The Search for Dr. Livingston (World) (Evercade)	Stanley : The Search For Dr. Livingston est un jeu de plates-formes sur Nes. Durant l'année 1870, vous incarnez un journaliste envoyé au Congo pour interviewer le Dr. Livingston. Mais celui-ci a disparu. A vous de le retrouver.
Star Force (Japan)	En l'an 2010 de l'Almanach Dimensionnel, une mystérieuse planète rebelle est apparue dans les ténèbres du cosmos. Elle s'appelait Gordess et ses habitants, animés par la guerre, pillaient les ressources de toutes les planètes qu'ils rencontraient et ne laissaient que la mort dans leur sillage. Combattre les Gordess semblait impossible, et pourtant, contre toute attente, un brave pilote chevauchant un patrouilleur de l'espace défia l'armée extraterrestre. Les gens ont appelé ce patrouilleur spatial &quot;Final Star&quot;, leur seul espoir. La Gordess commet des massacres depuis 2000 ans. En tant que pilote de &quot;Final Star&quot;, pouvez-vous y mettre un terme ?
Star Force (USA)	En l'an 2010 de l'Almanach Dimensionnel, une mystérieuse planète rebelle est apparue dans les ténèbres du cosmos. Elle s'appelait Gordess et ses habitants, animés par la guerre, pillaient les ressources de toutes les planètes qu'ils rencontraient et ne laissaient que la mort dans leur sillage. Combattre les Gordess semblait impossible, et pourtant, contre toute attente, un brave pilote chevauchant un patrouilleur de l'espace défia l'armée extraterrestre. Les gens ont appelé ce patrouilleur spatial &quot;Final Star&quot;, leur seul espoir. La Gordess commet des massacres depuis 2000 ans. En tant que pilote de &quot;Final Star&quot;, pouvez-vous y mettre un terme ?
Star Luster (World) (Evercade)	Dans Star Luster, le joueur incarne Dan Heinick, pilote du chasseur stellaire Gaia. Sa mission est de combattre l'être maléfique Battura et ses sbires, qui cherchent à conquérir l'univers. Le jeu se déroule en vue à la première personne, depuis l'intérieur du cockpit.
Star Soldier (USA)	Star Soldier est un shoot'em up sur Nes. Starbrain, une redoutable intelligence artificielle, tente d'envahir la Terre avec ses robots. Incarnez un pilote surentraîné aux commandes du vaisseau Caesar, et vaporisez la vermine robotique avant qu'elle arrive à ses fins.
Star Trek - 25th Anniversary (USA)	Le vaisseau Enterprise est sur une mission de 5 ans: explorer de nouveaux mondes étranges, rechercher une nouvelle vie et de nouvelles civilisations, aller audacieusement là où aucun homme n'est allé auparavant. Alors que l'Enterprise étudie d'étranges perturbations gravitationnelles, il est entraîné dans un trou dimensionnel et se retrouve dans un espace inconnu avec des moteurs de distorsion brisés. Maintenant, le capitaine Kirk et son équipe doivent essayer de réparer le navire et trouver un moyen de rentrer chez eux.
Star Trek - The Next Generation (USA)	Star Trek : The Next Generation est l'adaptation sur NES de la deuxième série Star Trek, sous-titrée La Nouvelle Génération et diffusée entre les année 80 et 90. Vous êtes aux commandes de l'USS Enterprise, dirigé par le capitaine français Jean-Luc Picard. Vous devez répondre aux appels de détresse de plusieurs personnes sur les différentes planètes de l'univers Star Trek. Une fois arrivé à destination, vous formez une équipe de quatre pour secourir les personnes qui vous ont appelé.
Star Trek V - The Final Frontier (USA) (Proto)	Star Trek V: The Final Frontier était un jeu de plateforme en 2D développé par Bandai pour la NES. Il était basé sur le film Star Trek V: The Final Frontier, mais a été annulé avant sa sortie prévue. Le jeu inachevé présente des incohérences avec plusieurs éléments de l'intrigue et des personnages du film terminé. En 2006, une version prototype de quatre niveaux a été diffusée en ligne sous forme de fichier ROM, jouable via émulation sur PC ou sur une NES réelle. Les deux premiers niveaux et le niveau final étaient des jeux de tir horizontal. Le troisième niveau proposait un combat spatial où le joueur dirigeait l'USS Enterprise-A à travers un champ d'astéroïdes, puis affrontait un croiseur Klingon près de la &quot;planète de la création&quot;.
Star Voyager (USA)	Star Voyager est un shooter spatial sur NES se déroulant à la première personne de l'intérieur du cockpit d'un vaisseau spatial.
Star Wars (Japan) (Namco)	Ce Star Wars est sorti en 1987 par Namco sorti exclusivement au Japon. En dépit d'être basé sur le premier film de Star Wars , certains niveaux sont basés sur les deux derniers films Star Wars . Le jeu est un jeu de plateforme à défilement latéral commun où le joueur contrôle Luke Skywalker (apparaissant avec des cheveux noirs en raison des limitations de couleur), alors qu'il voyage pour rejoindre la Rébellion contre l'Empire.
Star Wars (USA)	Dirigez Luke Skywalker, Han Solo, et la Princesse Leia. Vous battrez les Stormtroopers, Jawas, Banthas, les chasseurs de primes, et les droïdes de guerre. Luttez contre les périls du désert de Tatooine, la station spatiale de Mos Eisley, les défenseurs de l'Empire... Et si vous devenez un vrai Jedi, détruisez la Death Star.
Star Wars - The Empire Strikes Back (USA)	Star Wars : The Empire Strikes Back est un jeu d'action/plates-formes sur Nes basé sur le film L'Empire Contre-Attaque de la saga La Guerre des Etoiles. Incarnez Luke Skywalker et revivez les moments-clés du célèbre film de George Lucas : retrouvez votre chemin sur la planète Hoth, affrontez les créatures de Dagobah, montez à bord du Faucon Millénium et affrontez le terrible Dark Vador.
Starship Hector (USA)	Starship Hector est un jeu de tir à défilement vertical dans lequel vous prenez le contrôle d'un petit starfighter en vous frayant un chemin à travers une planète extraterrestre avec pour objectif de détruire toutes les forces ennemies. Votre vaisseau est équipé à la fois d'un laser standard et d'une arme au sol tirée indépendamment, que vous devez coordonner pour vaincre les ennemis terrestres et aériens. Une barre de bouclier garde la trace de vos dégâts et vous pouvez la reconstituer en battant certains ennemis dans plusieurs étapes.
StarTropics (USA)	Mike Jones est invité par son oncle archéologue à venir le rejoindre sur une île tropicale. Mais une fois arrivé, le jeune garçon se rend compte que son oncle a été kidnappé. Pour le retrouver il va devoir explorer l'île de fond en comble et combattre des monstres grâce à un inventaire bien rempli. StarTropics sur NES commence...
Stealth ATF (USA)	Aux commandes du Stealth Advanced Tactical Fighter F-117 (le célèbre bombardier F-117) vous serez chargé d'acomplir un certain nombre de missions périlleuses consistant à anéantir des menaces sérieuses d'attaques terroristes par les airs. Vous avez à votre disposition un puissant mitrailleur d'une grande précision, un lance missile bien équipé et très efficace, et en option le mode STEALTH, qui vous permet de devenir invisible visuellement et de projetter des ondes ultra-soniques afin de pertuber les radars ennemis. Un simulateur de vol plutot réussi, dont les musiques ne manquent pas de fun. On regrettera cependant que le jeu soit si peu varié, et aussi long pour le coup (aucun moyen d'obtenir de vies supplémentaires d'alleurs, ce qui est assez traumatisant quand on sait qu'à l'écran de Game Over, on peut tout recommencer... si on en a enore envie ! ) Bon jeu quabnd même, qui sera apprécié par petits et grands, sauf si vous avez perdu votre âme d'enfant joueur invétéré de la NES.
STED - Iseki Wakusei no Yabou (Japan)	Star date 0991 ... Voie Lactée ... Une augmentation soudaine de l'activité des monstres dans la Galaxie. Nos héros reçoivent un signal de détresse mystérieux d'une planète voisine qu'ils commencent à étudier. Le jeu propose un combat au tour par tour vu de la 1ère personne dans laquelle seul l'ennemi attaquant / attaqué actuel est visible. Dans les villes, les personnages peuvent acheter des armes (y compris des armes à base d'énergie qui ont besoin d'être rechargées), des articles, des équipements de protection, des magies (ESP) ou traiter leurs blessures (différentes parties du corps peuvent être endommagées).
Stinger (USA)	Dans ce shoot'em up à défilement vertical et horizontal, vous devez combattre les aliens de la planète Attackon à bord de votre vaisseau spatial. Retrouvez le Professeur Cannelle lâchement enlevé avant que les extraterrestres ne changent la terre en boule de coton géante ! Pour combattre les ennemis étranges, vous avez à votre disposition de nombreuses armes et canons de plus en plus puissants grâce aux bonus et améliorations récoltés.
Street Cop (USA)	Un des rares jeux NES qui utilise le Power Pad. Vous jouez un flic qui doit pourchasser et attraper les criminels. Le jeu vous emmène à travers les rues d'une ville, où vous devez retourner chaque coin de rue et continuer à courir pour attraper les méchants. Vous utilisez le power pad pour courir dans les rues, plus vite vous courez plus vite le flic courrera. Il faut utiliser la manette pour utiliser votre matraque pour appréhender le criminel.
Street Fighter 2010 - The Final Fight (USA)	Street Fighter 2010 : The Final Fight est un jeu d'action qui introduit des combats et des phases de plates-formes dans un univers futuriste pour l'époque, à savoir l'année 2010. Le personnage principal (Ken aux Etats-Unis, Kevin au Japon) est un guerrier cybernétique qui doit combattre des aliens dans des environnements en 2D et sauver l'humanité.
Strider (USA)	Strider est un jeu d'action/plates-formes sur NES. En l'an 2089, le Grand Maître Meio a mis au point un plan diabolique pour conquérir l'univers tout entier. Vous incarnez Hiryu, un Strider de premier ordre avec pour mission de mettre un terme aux agissements de Meio. Il faudra courir, sauter et tuer vos ennemis grâce à votre épée plasma au cours des cinq niveaux que compte le jeu.
Sugoro Quest - Dice no Senshitachi (Japan)	Sugoro Quest est un jeu trans-genre. C'est un jeu de rôle, mais il comporte de nombreux éléments de jeu de société. Cela peut sembler une combinaison étrange, mais cela fonctionne étonnamment bien. Cela ressemble presque à une simulation de jeu de rôle sur table. L'histoire arrière est assez simple. Le royaume de Siland est en proie à divers problèmes, qui impliquent tous des monstres vivant dans des grottes qui font des ravages dans la campagne. Bien sûr, quel genre de jeu serait-il s'il n'y avait pas des héros intrépides pour intervenir et réparer les choses? C'est là que les quatre Dice Heroes interviennent. Les quatre Dice Heroes seront, bien sûr, sous votre contrôle. Les quatre héros de dés sont vos personnages fantastiques de base. Il y a le combattant, il a une force modérément élevée et un bon équilibre de tout. Il y a le nain, qui a beaucoup de force et d'endurance, mais il est idiot comme une brique. Il y a l'elfe, qui est vraiment bon en magie mais qui n'a pas de HP et très peu de force. Ensuite, il y a le demi-elfe, qui est juste et équilibré. Vous devez choisir un de ces personnages avant chaque niveau, et vous êtes coincé avec eux jusqu'à ce que vous ayez fini. Maintenant, tout cela peut sembler cliché, et vous auriez raison. Mais tous les clichés de l'histoire sont décalés, mais le gameplay décalé. Chaque zone est composée d'un chemin qui est prédéterminé pour la plupart. Chaque fois que vous vous déplacez, vous lancez un dé et déplacez autant d'espaces. Certains carrés déclenchent des événements, qui vont des rencontres avec les citadins, aux tuiles de distorsion, au printemps de guérison, et plus encore. Certains carrés ont plusieurs sorties, et celle que vous finissez par utiliser dépend du personnage que vous êtes ou de la façon dont vous répondez à une certaine question. Toute case sans événement mène à une bataille. La bataille est un peu différente de la plupart des jeux de rôle NES. Vous affrontez des monstres tête-à-tête, et chaque côté lance un dé. Le côté qui roule le nombre le plus élevé obtient un nombre d'attaque égal à la différence entre les jets de dés. Donc, si vous obtenez un quatre et que le monstre en lance deux, vous obtenez deux attaques. Le perdant doit s'asseoir là et le prendre. Dans la même partie de la cravate, vous gardez le rouleau attachant et roulez à nouveau. Le vainqueur de ce jet obtient l'attaque, et le défenseur perd ses défenses. Utiliser la magie fonctionne sur le même principe. Fondamentalement, chaque niveau continue comme ça jusqu'à ce que vous mouriez, ou vous atteignez la grotte où réside le boss. Ensuite, vous pouvez retourner au château, acheter de l'équipement et obtenir votre prochaine affectation jusqu'à la fin du match. Si vous êtes à la recherche d'un jeu de rôle NES qui est un bon départ par rapport aux clones de Dragon Warrior et de Final Fantasy, ce jeu est parfait pour vous.
Sukeban Deka III (Japan)	Yui Kazama, une écolière délinquante, est prise en charge par le gouvernement et forcée de combattre le crime pour se racheter. Elle reçoit le nom de code &quot;Saki Asamiya&quot; et un yo-yo en métal qui a doublé comme un insigne et fait pour infiltrer les lycées du Japon pour enquêter et arrêter les activités criminelles.
Summer Carnival '92 - Recca (Japan) (En)	Développé par Naxat Soft pour leur tournoi &quot;Summer Carnival&quot; en 1992, RECCA est un shoot 'em up rapide et frénétique qui a repoussé les limites techniques de la NES. Envolez-vous dans des stages remplis d'ennemis et ramassez des améliorations pour vos armes principales et secondaires. Cessez de tirer pendant un instant afin de charger votre énergie plasma, et utilisez-la en tant que bombe ou que bouclier. La bande-son rythmée de RECCA est l'une des plus impressionnantes sur la NES. Ce tour de force technique à l'action palpitante ne vous laissera pas une seconde de répit !
Super Black Onyx (Japan)	La rumeur dit que le légendaire Onyx noir, un artefact qui accorde la jeunesse et le bonheur éternels à ceux qui le trouvent, se trouve dans la Tour noire près de la ville d'Utsuro. Vous réunissez un groupe d'aventuriers courageux et vous vous aventurez dans la tour, en battant des monstres sur votre chemin vers le grand trésor. L'Onyx noir est le tout premier jeu de rôle réalisé par une société japonaise. Son gameplay est similaire à celui des premiers jeux Wizardry et Ultima, avec des monstres à tuer et des donjons à explorer, le tout avec des visuels sombres et réalistes. Vous créez un groupe (jusqu'à cinq membres) et explorez un donjon en 3D ressemblant à un labyrinthe, en combattant des ennemis aléatoires en chemin. Vous rencontrez également des aventuriers que vous pouvez convaincre de rejoindre votre groupe. Le moteur de combat est basé sur le tour par tour.
Super C (World) (Konami Collector's Series)	Le Faucon rouge extraterrestre est de retour et compte conquérir la planète Terre. C'est maintenant au tour de Scorpion et Mad Dog de se battre à travers cinq niveaux et de sauver la planète. Basé sur le jeu d'arcade, Super C est la suite de Contra. Le gameplay est une combinaison de défilement latéral/plate-forme et de vue de dessus. Il existe une grande variété d'ennemis à vaincre, en commençant par des lieux terrestres et en progressant vers des lieux plus extraterrestres. Pour vous aider, des améliorations d'armes peuvent être trouvées au fur et à mesure de la progression du jeu. Deux joueurs peuvent jouer simultanément, ou un joueur peut tenter d'affronter le Faucon rouge lui-même.
Super Cars (USA)	Super Cars est un jeu de courses sur Nes. Afin de progresser, le jeu propose 9 circuits ainsi que 4 niveaux de difficulté. Chaque course vous permet de remporter de l'argent afin de rendre votre bolide plus puissant.
Super Chinese 3 (Japan)	Comme Little Ninja Brothers avant lui, Super Chinese 3 incorpore des éléments de jeu de rôle dans le gameplay
Super Dodge Ball (World) (Evercade)	Super Dodge Ball sur NES est un jeu de ballon prisonnier se basant sur l'univers loufoque de la licence série « Nekketsu Koha Kunio-kun » qui peut à peu près être traduit par « le voyou Kunio du lycée Nekketsu » et qui a offert une douzaine de titres à la NES (Renegade, River City Ransom , Nintendo World Cup, Crash 'n the Boys: Street Challenge, etc..). Au sein de plusieurs modes de jeu (coupe du monde, versus et bean ball où on ne joue qu'un joueur contres les autres membres de son équipe), le joueur doit abattre les membres de l'équipe adverse à coup de lancer de ballon, envoyé violemment en pleine face, afin de remporter le match. Les équipes présentes sont USA, Pro All-Stars, England, India, Iceland, China, Kenya, Japan, URSS et Shadow (un clône de la team USA avec de meilleures stats). Dans la version Japonaise, les équipes Team USA et Team Pro All-Stars sont remplacées par les équipes Nekketsu High School et Hanazono High School (conduite par Riki, éternel rival de Kunio, héros de la série). La version japonaise est également jouable à quatre en mode Bean Ball avec l'adaptateur et une petite voix dit Namen nayo! (&quot;Don't mess with me!&quot;) - la phrase credo de Kunio - lorsque que l'on appuie sur reset.
Super Dyna'mix Badminton (Japan)	Radicalement différent des autres sports de raquette comme le tennis, le badminton utilise une navette à forte traînée qui lui donne une trajectoire irrégulière. Dans cette adaptation de jeu vidéo, le joueur contrôle le joueur japonais dans une compétition contre cinq adversaires : Canada, États-Unis, Royaume-Uni, Corée du Sud et Chine. Chaque match se joue au meilleur des cinq manches, disputé en 15 (garçons) ou 11 (filles) points. Quatre courts différents peuvent être choisis. Le long du d-pad, deux boutons sont utilisés pour contrôler le joueur - l'un pour balancer la raquette, l'autre pour sauter. En suivant l'ombre de la navette, le joueur peut se positionner correctement, puis la frapper dans un timing parfait, en lui donnant assez de puissance et d'élévation pour atteindre le côté de l'adversaire, puis (avec un peu de chance) descendre hors de portée de l'adversaire. Le fait de sauter permet au joueur de frapper le volant vers le bas mais toujours au-dessus du filet, ce qui réduit considérablement le temps de réaction pour un retour correct.
Super Glove Ball (USA)	Super Glove Ball est un jeu du studio Rare sorti en 1990 sur NES, spécialement conçu pour être joué avec le contrôleur Power Glove. Cependant, il peut également être joué avec un contrôleur NES standard. Il a été vendu séparément du Power Glove. Situé dans l'année 2005 alors futuriste, l'histoire est que le commandant de la navette du joueur a été pris au piège dans un labyrinthe dimensionnel dans l'espace. Lui seul peut sauver le commandant en lançant des boules d'énergie sur les murs. Quatre types différents de boules d'énergie peuvent être utilisés; les effets vont du ralentissement de l'adversaire à leur mort pure et simple.
Super Jeopardy! (USA)	Jeopardy est un jeu americain qui consiste a gagner de l'argent en repondant a des questions a mises vous pouvez choisir 500 $ 200$ 100$ et 50$ si vous repondez juste vous gagner cette somme vous repondez faux vous devrez donner cette somme
Super Kick Off (Europe) (Proto)	Kick Off est un jeu de football sur NES. Contrairement à la plupart des titres du genre, les matches se jouent avec une vue de dessus. L'autre particularité réside dans le fait que le ballon ne colle pas aux pieds des joueurs, il faut alors pratiquer le mode entraînement pour apprendre à bien contrôler la balle. Chaque joueur possède des caractéristiques propres, divisées en quatre catégories : vitesse, endurance, précision et agressivité.
Super Mario Bros. (World)	La princesse a été kidnappée par le diabolique Bowser, et c'est à Mario et à son frère Luigi de sauver la situation. La toute première aventure de plate-forme pour les Mario Brothers permet au joueur d'explorer niveau après niveau, avec Bowser à affronter en tant que boss de fin de niveau. Les bonus incluent le Super Mushroom, qui augmente la taille et la puissance de Mario, la fleur de feu, lui permettant de tirer des boules de feu sur les ennemis, et le starman toujours important pour une courte rafale d'invincibilité. Chaque niveau comprend une section bonus remplie de pièces de monnaie plus un raccourci à travers le niveau, de nombreux mauvais achats et obstacles à franchir, et un drapeau de fin de niveau, dans lequel plus le joueur l'attrape, plus il lui attribue de points. Certains niveaux incluent également des points de distorsion, ce qui amène le joueur à des niveaux plus élevés.
Super Mario Bros. + Duck Hunt (USA)	Super Mario Bros. / Duck Hunt est une cartouche multi-jeux sortie sur NES en 1986 aux États-Unis et en 1987 en Europe. Comme son nom l'indique, cette cartouche regroupe les jeux Super Mario Bros. et Duck Hunt.
Super Mario Bros. + Duck Hunt + World Class Track Meet (USA)	Cette compilation de jeu regroupe Super Mario Bros., Duck Hunt et World Class Track Meet.
Super Mario Bros. + Tetris + Nintendo World Cup (Europe)	Super Mario Bros. / Tetris / Nintendo World Cup est une cartouche multi-jeux sortie sur NES en 1992 uniquement en version PAL, regroupant l'Europe, l'Australie et la Nouvelle-Zélande. Comme son nom l'indique, cette cartouche regroupe les jeux Super Mario Bros., Tetris et Nintendo World Cup. La cartouche était soit vendue en boîte dans le commerce, soit en bundle avec la NES Top Loader, ce qui fut le cas pour l'Australie et la Nouvelle-Zélande
Super Mario Bros. 2 (USA)	Mario est de retour! Plus grand et plus fort que jamais! Il s'agit cette fois d'un combat sans merci pour libérer le royaume de Subcon du sortilège que lui a jeté le méchant Wart. Aidé de Mario, de Luigi, de Toad et de la Princesse, vous devez retrouver Wart dans des mondes bizarres aux niveaux multiples et le battre! Vous possédez cette fois un pouvoir très spécial - le pouvoir d'arracher- et, désormais, tout ce que vous trouvez vous sert d'arme. Mais prenez garde! Vous n'avez jamais encore eu affaire à de tels adversaires! Des Shyguy et des Tweeter! Des Ninji et des Beezo! Vous n'avez jamais vécu pareille aventure! Seule votre ruse et votre agilité peuvent vous sauver...
Super Mario Bros. 3 (USA)	Combattez des monstres et de petits patrons, évitez les fantômes, le soleil brûlant et les boulets de canon et récupérez le sceptre royal. Super Mario 3 compte encore plus de zones accessibles par tuyau, offre plus d'occasions d'obtenir des vies supplémentaires et comporte un élément nouveau: des costumes! Le costume de raton-laveur permet à Mario de voler et de briser des blocs de brique. Le costume de grenouille lui permet de nager plus vite que les poissons meurtriers.
Super Mogura Tataki!! - Pokkun Mogurar (Japan)	Super Mogura Tataki !! Pokkun Mogura (&quot;Super Mole Bash ! Pokkun Mole&quot;) est un jeu d'action pour Famicom basé sur le jeu classique de foire/arcade &quot;whac-a-mole&quot;. Le but est de frapper les taupes qui sortent de huit endroits différents sur le sol avant qu'elles ne se baissent rapidement. Dans les phases ultérieures, les taupes sont remplacées par d'autres animaux et personnages à abattre rapidement. Le jeu est sorti avec un maillet en caoutchouc et un périphérique Power Pad spécial plus petit (connu au Japon sous le nom de Family Trainer) avec une grille de boutons correspondant aux trous d'où sortent les taupes. Comme le Power Pad comportait douze boutons, les différents niveaux pouvaient être configurés différemment : par exemple, le premier niveau comportait un anneau de huit boutons sur le côté droit du pad, tandis que le niveau suivant incluait les rangées de boutons gauche, droite et inférieure pour former un U autour d'une île.
Super Momotarou Dentetsu (Japan)	Super Momotarou Dentetsu est un jeu de société basé sur le train et les moyens de transport, avec des éléments financiers, qui met en scène le personnage Momotarou de Hudson, basé sur le héros du folklore japonais du même nom. C'est le deuxième jeu de la série Momotarou Dentetsu et le premier à être sorti sur une console 16 bits - le PC Engine - d'où le &quot;Super&quot; du titre. Plusieurs années après sa sortie sur PC Engine, Super Momotarou Detetsu est également sorti sur la Nintendo Famicom et le Game Boy. Il a reçu une suite dans Super Momotarou Dentetsu II et un grand nombre de successeurs. Le but du jeu est de parcourir la carte et d'acquérir des territoires par le biais de transactions commerciales, un peu comme au Monopoly ou à Itadaki Street. Les joueurs doivent se battre les uns contre les autres pour des ressources limitées, ainsi que contre les menaces des CPU comme le Dieu de la Pauvreté.
Super Pinball (Japan)	Super Pinball est une simulation de flipper sur NES, offrant six tables interconnectées que le joueur peut explorer et sur lesquelles il peut obtenir des scores élevés. Le but général du jeu est de trouver et de collecter certaines pièces de Mahjong pour compléter une main gagnante, mais le jeu de Mahjong lui-même n'a pas grand-chose à voir avec le gameplay réel, si ce n'est de fournir une condition de victoire. Le jeu a été publié par Coconuts Japan, une société surtout connue pour avoir publié les jeux de pachinko Pachio-kun. Pachio-kun lui-même fait une brève apparition sur l'écran de titre de Super Pinball.
Super Pitfall (USA)	Super Pitfall sur Nes est le troisième épisode de la saga Pitfall. Se déroulant en défilement horizontal et vertical, ce jeu de plates-formes comporte 270 tableaux, qu'il vous faudra traverser si vous souhaitez sauver Rhonda, la nièce du héros, et récupérer le diamant Raj.
Super Real Baseball '88 (Japan)	Ce titre s'est différencié des autres jeux de baseball en obtenant la permission de la Professional Baseball Organization of Japan d'utiliser les noms officiels des 12 équipes de baseball japonaises et de leurs joueurs. Il s'agissait d'une caractéristique révolutionnaire à l'époque. C'était également le premier jeu à représenter un stade existant avec son nom réel, le Tokyo Dome, qui venait d'ouvrir peu avant la sortie du jeu. Le joueur de champ et de première base Warren Cromartie, anciennement membre des Expos de Montréal et jouant pour les Yomiuri Giants à l'époque, a été choisi pour aider à promouvoir le jeu.
Super Rugby (Japan)	Bien qu'il partage son nom avec le syndicat international de rugby Super Rugby, ce dernier a été formé des années après la sortie de ce jeu, donc le nom est une coïncidence. Il ne doit pas non plus être confondu avec le jeu Super Famicom de 1994, Super Rugby. Le jeu utilise une perspective descendante du terrain avec les deux côtés orientés verticalement, et le joueur peut attribuer des points à diverses statistiques avant de jouer un match pour se concentrer sur certains domaines de son style de jeu. Les options incluent un match d'exhibition &quot;Entraînement&quot; unique, un jeu &quot;Ligue&quot; qui oppose le joueur à plusieurs équipes CPU et un &quot;Vs&quot;. mode pour que deux joueurs humains s'affrontent.
Super Spike V'Ball (World) (Evercade)	Disponible sur Nes, Super Spike V' Ball est une simulation de volley-ball. La particularité du titre est qu'il propose 3 tournois avec chacun un mode de difficulté différent. De plus, 4 équipes en double sont disponibles, chacune avec des caractéristiques distinctes des autres. Les environnements du soft sont variés puisque vous pourrez affronter des équipes tout autour du Monde, du Brésil au Japon en passant par le Mexique et l'Italie.
Super Spike V'Ball + Nintendo World Cup (USA)	Super Spike V'Ball / Nintendo World Cup était un jeu inclus dans l'ensemble sportif de la Nintendo Entertainment System. L'ensemble comprenait une console NES standard, quatre manettes de jeu et l'adaptateur multijoueur à quatre points. La cartouche comprenait deux jeux développés par Technos : # Super Spike V'Ball, un jeu de volley-ball de plage à deux contre deux où l'on jouait sur un tournoi, se terminant par le championnat du monde. Le jeu pouvait accueillir jusqu'à quatre joueurs sur un match à la fois ; # Nintendo World Cup, un jeu de football où vous (et un ami) choisissiez de représenter une équipe et jouiez plusieurs matchs jusqu'à ce que vous gagniez la Coupe du monde. Le jeu comportait peu ou pas de règles, ce qui signifie que vous pouviez frapper vos adversaires autant que vous le souhaitiez, sans craindre que l'arbitre ne s'interpose. Les deux jeux étaient compatibles avec l'adaptateur multijoueur Four Score NES inclus.
Super Sprint (Japan) (En)	Super Sprint est un jeu de courses sur NES. Jouable en solo ou avec un ami, la difficulté des épreuves devient de plus en plus importante au fur et à mesure que vous avancez dans le jeu. Des obstacles peuvent aussi se dresser sur votre route. L'obtention de clés vous permet d'améliorer les caractéristiques de votre voiture (pneus, accélération ou vitesse).
Super Spy Hunter (USA)	Super Spy Hunter sur Nes est un jeu d'action se déroulant en 2525, dans lequel vous incarnez un agent secret pilotant un véhicule ultra-futuriste capable de rouler, nager et voler. En effet, des terroristes menés par un certain &quot;X&quot; ont prévu d'attaquer les Nations Unies, voilà pourquoi la CIA vous charge de les arrêter. Les niveaux se passent sur la route en compagnie d'autres véhicules, l'écran défilant de haut en bas.
Super Star Force (Japan)	C'est un shoot-em-up développé et édité par Tecmo en 1986 pour la Nintendo Famicom. C'est la suite du jeu Star Force, qui est un shmup vertical sans fin qui était très populaire dans les salles d'arcades japonaises et a également été publié en Amérique mais a eu moins de succès. Contrairement à son prédécesseur, Super Star Force a une partie de jeu de plateforme à la Zelda-like, a deux fins possibles, et est un peu moins linéaire. Tout cela fait qu'il est très similaire au jeu NES &quot;The Guardian Legend&quot;, même si Super Star Force n'atteint pas son niveau de qualité.
Super Team Games (USA)	Un jeux moyen qui consiste a faire des courses avec des obstacles a 1 ou 2 players. Les graphiques sont laids ! On se lasse vite de ce jeu !
Super Turrican (Europe)	un bon vieux jeu!!! à prendre absolument ... mais pas sur nes , sur SNES!
Super Xevious - Gump no Nazo (Japan)	Super Xevious est un shooting 2D réalisé par Namco et fait partie de la série Xevious. Xevious est connu comme l'un des tireurs les plus difficiles et les plus rapides et Super Xevious est encore plus dur et plus rapide! Les ennemis du premier jeu Xevious sont de retour! Mais cette fois ils ne sont pas seuls. Non, ils ont amené des amis méchants avec eux! C'est votre travail, en tant que pilote de chasse, de les faire exploser! Détruisez tout en vue! Certaines structures terrestres qui doivent être détruites sont cachées et s'appellent Sol Citadelles. Pour localiser ces structures cachées, vous devez garder un ?il sur la cible-vue qui va clignoter quand elle va au-dessus des structures. Super Xevious prend tous les grands éléments de l'original Xevious et a aussi quelques améliorations. Quelques exemples d'améliorations sont, par exemple, l'option shield et l'option upgrade. Le bouclier vous protège de la mort immédiate si vous êtes touché lors d'une attaque. L'option de mise à niveau vous donne la possibilité de mettre à jour vos bombes, vos lasers et vos boucliers.
Superman (USA) (Kemco)	Le jeu d'action plates-formes sur Nes vous place dans la peau de l'Homme d'Acier venu de la planète Krypton. Au départ, vous incarnez Clark Kent mais au fur et à mesure que vous récupérerez de l'énergie, vous pourrez vous transformer en Superman et bénéficier de nombreux super-pouvoirs. Votre but est d'empêcher Lex Luthor et des criminels kryptoniens de détruire la ville de Metropolis.
Superman (USA) (Proto) (Sunsoft)	Le jeu d'action plates-formes sur Nes vous place dans la peau de l'Homme d'Acier venu de la planète Krypton. Au départ, vous incarnez Clark Kent mais au fur et à mesure que vous récupérerez de l'énergie, vous pourrez vous transformer en Superman et bénéficier de nombreux super-pouvoirs. Votre but est d'empêcher Lex Luthor et des criminels kryptoniens de détruire la ville de Metropolis.
Swamp Thing (USA)	Swamp Thing est un jeu d'action plates-formes 2D sorti sur NES en 1992, qui met en scène des super héros. Développé par Imagineering et édité par THQ, c'est une adaptation du comic et dessin animé du même nom. Dans les bayous de Louisiane, le laboratoire du Dr Alec Holland est attaqué par son rival le Dr Anton Arcane. Celui-ci veut voler la formule d'une solution sur laquelle Dr Holland travaille. À la suite de l'explosion du laboratoire et d'un contact avec la solution, le Dr Holland est transformé en Swamp Thing (la Créature du marais). Swamp Thing doit retrouver les échantillons restant de la solution et combattre le Dr Arcane et ses sbires.
SWAT - Special Weapons and Tactics (Japan)	SWAT: Special Weapons and Tactics est un jeu de rôle développé par Shouei et publié par Toei Animation. Ce jeu a été seulement publié au Japon pour la Famicom et n'a jamais été traduit de la langue japonaise originale. Le joueur prend le contrôle d'une équipe de cinq membres d'agents antiterroristes spéciaux qui entrent dans un bâtiment où se déroule une prise d'otages. Leur but est de faire sortir les méchants et libérer les otages. Les batailles avec des hommes armés se déroulent dans une bataille au tour par tour de style RPG traditionnel. Les joueurs entrent les commandes pour chaque membre survivant de l'équipe, y compris l'arme à attaquer et la cible à attaquer. Lorsqu'il n'est pas au combat, le joueur voit le bâtiment dans une perspective de donjon 3D traditionnelle, se déplaçant dans les couloirs, choisissant les salles à explorer, les pièges à désarmer et comment procéder jusqu'à la fin du jeu dans un délai donné.
Sweet Home (Japan)	Sweet Home (Suito Homu) est un jeu vidéo basé sur le film d'horreur japonais du même nom. 30 ans auparavant, un artiste célèbre, Ichiro Mamiya, a caché plusieurs fresques dans son manoir avant de disparaître mystérieusement. 30 ans plus tard, une équipe de cinq chercheurs de trésors entrent dans le manoir abandonné pour tenter d'y trouver les précieuses ?uvres d'arts. Rendu à l'intérieur, la porte d'entrée est verrouillée par le fantôme d'une femme inconnue, qui menace de tuer tous les intrus. L'équipe décide de se séparer pour trouver une sortie alternative. Toutefois, le manoir est dangereux car il est sur le point de s'effondrer et, aussi, parce qu'il est peuplé de monstres. Le jeu est un soft à la troisième personne en vue isométrique. Il est considéré comme un des prémices du survival-horror actuel, c'est principalement ce jeu qui a servi d'inspiration à Shinji Mikami pour la création de la saga Resident Evil en 1996. L'exemple le plus frappant étant les chargements représentant des portes qui s'ouvrent. Le thème assez mature est assez rare sur NES.
Sword Master (USA)	Sword Master sur Nes est un jeu d'action/aventure dans lequel vous incarnez un chevalier prêt à secourir une jeune damoiselle en détresse, capturée par un magicien corrompu et un démon hideux. A travers 7 niveaux différents, notre héros devra faire face à des hordes d'ennemis monstrueux comme des guerriers squelettes, des hommes-lézards ou des chauves-souris géantes. Vous aurez notamment la possibilité de vous transformer en magicien pour terrasser certains boss récalcitrants.
Swords and Serpents (USA)	Swords And Serpents est un jeu de rôle sur NES. Dans les profonds donjons reposent des trésors fabuleux. Beaucoup de braves ont essayé de les récupérer, tous ont échoué. Malheureusement pour eux, ils tombèrent nez à nez avec un horrible serpent roi. Est-ce que votre groupe de combattants sera de taille à battre ce monstre et ainsi prendre le fameux trésor qu'il garde ?
Taboo - The Sixth Sense (USA)	Il s'agit d'une diseuse de bonne aventure vidéo-ludique. Ecrivez une question avec la manette et après avoir mélangé les cartes, le jeu essaiera de prédire votre futur. Évidemment, Tabou: The Sixth Sense est destiné uniquement à des fins de divertissement, et doit être abordé comme tel.
Tag Team Wrestling (USA)	Tag Team Wrestling est un jeu de sport sorti sur NES. Ce jeu de catch est plutôt centré sur les combats en équipe et vous avez le choix entre deux possibilités : jouer avec l'équipe des &quot;gentils&quot; ou bien avec celle des &quot;méchants&quot;.
Taito Chase H.Q. (Japan)	Chase H.Q trouve indéniablement son inspiration dans Out Run, mais avec un concept différent : un jeu de gendarme et de voleur à la sauce course poursuite. Vous incarnez un membre du département des enquêtes spéciales de &quot;Chase Headquarters&quot; et êtes chargé de traquer des fugitifs en fuite avant de les mettre hors d'état de nuire. Vous avez à votre disposition une voiture (vue de derrière) et il y a un compte à rebours avant la fin duquel vous devez atteindre le fugitif. Cette tâche est souvent rendue plus difficile par la circulation sur la route et les choix d'emprunter deux routes, l'une d'elles est plus lente et le risque est de tomber derrière la voiture ennemie. Une fois la voiture ennemie rattrapée, le joueur bénéficie de temps de bonus supplémentaire bonus pendant lesquelles il doit entrer en collision avec la voiture un certain nombre de fois.
Taito Grand Prix - Eikou e no License (Japan)	Taito Grand Prix: Eikou e no License est un jeu vidéo de course de Formule 1 de 1987 pour Famicom, une exclusivité japonaise. Ce jeu vidéo emmène le joueur à travers des circuits de course de rue randomisés en plus des différents circuits de la saison 1987 de Formule 1. Il y a plus de quinze pistes de stock-cars et huit titres de Formule 1. Le mode Ouvert permet au joueur de s'exercer individuellement à chaque parcours sans aucune pression de quelque part que ce soit en dehors de la limite de temps. Le mode normal est plus restrictif; le jeu force le joueur à errer de ville en ville jusqu'à ce qu'il termine sa carrière en remportant une saison complète de Formule Un. Il y a trois types de musique (jouer à partir d'une cassette audio) et une bande-son vide. Les chansons instrumentales jouées dans le jeu étaient: Offside Way, Crushing Light et Faraway Dream. Sur le flyer promotionnel pour ce jeu vidéo, un véhicule de course de Formule Un a été montré avec le logo de Ford montré sur le véhicule. Cependant, il n'y a aucun véhicule Ford Motor Company utilisé dans l'ensemble du jeu.
Taiyou no Yuusha - Fighbird (Japan)	Un mec maléfique essaie de déclencher une guerre en volant tout le pétrole. Choisissez entre les pilotes Kesota ou Katori pour l'arrêter dans ce jeu de tir à défilement vertical. Le joueur peut basculer entre différents véhicules pendant le jeu. Réservoir, forage, fusée, bombardier, jet. Finalement, le mech Fire Bird est ajouté à la liste. Chaque véhicule a plusieurs armes qui peuvent être changées pendant le jeu. intitulé après l'épisode 2 de la série Brave, The Brave Fighter de Sun Fighbird. La série Brave a été animée par Sunrise et distribuée par Nagoya TV. Apparemment, &quot;Fighbird&quot; est vraiment l'orthographe correcte au Japon.
Takahashi Meijin no Bouken-jima IV (Japan)	Un jeu de plates-formes/action sur Nes dans lequel vous incarnez Higgin, un homme préhistorique. Ses amis dinosaures ont été kidnappés, et c'est à vous qu'il revient de les retrouver et de les ramener. Vous devez combattre toutes sortes d'ennemis différents avec votre tomahawk, mais aussi avec des os, un parasol ou un pistolet à bulles. Une fois que vous avez délivré un dinosaure, vous pouvez grimper sur son dos et utiliser ses propres pouvoirs.
Takahashi Meijin no Bugutte Honey (Japan)	Dans ce spin-off inhabituel d'Adventure Island (basé sur l'anime inspiré d'Adventure Island susmentionné), le joueur contrôle à la fois Maître Takahashi (Maître Higgins à l'Ouest) et la dame abeille éponyme Bugutte Honey alors qu'ils parcourent chaque monde à la recherche de huit œufs cachés. Après avoir collecté un œuf, le joueur est emmené dans un mini-jeu de style Arkanoid « chauve-souris et balle » où le but est de sortir par le haut du deuxième écran (chacun de ces niveaux fait deux écrans de haut). Quitter avec succès le niveau Arkanoid permet au joueur d'obtenir l'une des huit lettres qui composent un message secret : une fois que ce message a été entièrement révélé, le joueur passe au monde suivant avec quatre mondes au total.
Takeda Shingen (Japan)	Dans ce simulateur de stratégie de guerre, le joueur prend le contrôle du légendaire génie militaire Shingen Takeda durant la période Sengoku du Japon au 16e siècle. L'objectif est d'unifier le Japon sous la domination de Shingen. Développé par Another et publié par Hot-B, le jeu a ensuite donné lieu à une suite, Takeda Shingen 2, en 1989. Bien que cette suite ait été adaptée pour les États-Unis sous le nom Shingen the Ruler, le jeu original est resté exclusif au Japon.
Takeshi no Chousenjou (Japan)	Takeshi No Chousenjou est un jeu d'aventure étrange et controversé à défilement horizontal où le personnage erre dans dans les rues et batiments de Tokyo puis dans les iles du Pacifique Sud. L'intrigue du jeu (un salarié découragé cherche à trouver un trésor caché sur une île) est présenté comme ayant été créé par Takeshi Kitano (acteur, animateur, humoriste, etc..) alors qu'il était ivre dans un bar. Kitano explique toutefois que l'intrigue était uniquement le résultat d'une conversation d'une heure dans un café près de sa société de production. Dans tous les cas ce dernier prétend détester les jeux vidéo.. Le joueur se bat d'abord contre son patron et ses collègues de travail, puis contre des gangsters yakuza dans un établissement de jeu de pachinko. Le joueur peut utiliser un deltaplane pour survoler une étrange contrée appelée le &quot;Pays Rouge&quot; (un amalgame entre l'Union Soviétique et l'Allemagne nazie). Il peut chanter dans un karaoké (en utilisant le microphone intégré à la seconde manette non disponible sur les versions Américaines et Européennes). Il peut divorcer et même frapper sa femme et ses enfants (vraisemblablement à mort). Le joueur doit déchiffrer une carte, ce qui demande au joueur de patienter entre cinq et dix minutes avant de crier dans le micro de la seconde manette, ou au choix attendre une heure sans toucher aux commandes pour que la carte devienne lisible d'elle même. Le détail étant que rien n'indique au joueur ce qu'il doit faire lors de cette phase et qu'aucun indice dans le jeu n'est fourni sur les laps de temps à attendre.. Bref, malgré son game design controversé, Takeshi no Chousenjou est régulièrement listé par le public japonais dans les classements des meilleurs jeux de la Famicom (peut-être par sarcasme). Sur l'écran de fin du jeu, le joueur qui attend cinq minutes peut voir apparaître Takeshi qui déclare : « Pourquoi avez-vous pris ce jeu autant au sérieux ? ». 30 720 coups de poing sur l'écran de démarrage permettent également de gagner..
Takeshi no Sengoku Fuuunji (Japan)	Takeshi no Daibouken met en vedette l'acteur et comédien japonais &quot;Beat&quot; Takeshi Kitano, qui était apparu pour la première fois sur la Famicom dans le jeu parodique Takeshi no Chousenjou. Semblable au jeu de société Destins, les joueurs se déplacent sur un plateau pour gagner de l'argent et rencontrent parfois des événements tels que des mini-jeux, où ils peuvent augmenter leur richesse s'ils réussissent, ou des pénalités. Le jeu a pour thème l'ère Sengoku, avec des personnages samouraïs et un joueur tatoué qui lance des dés pour déterminer le nombre de cases qu'un joueur peut avancer sur le plateau.
TaleSpin (USA)	On vole et on s'amuse! Attachez vos ceintures! Vous êtes en partance pour une bonne partie de rigolade avec Baloo dans son avion cargo, le Mini-Zingallo. Il doit livrer des marchandises à tous les habitants du cap. Mais Don Carnage et sa stupide bande de pirates le suivent de près pour s'emparer du fret!
Tamura Koushou Mahjong Seminar (Japan)	Aussi connu sous le nom de Mahjong Seminar by Tamura Mitsuaki, ce jeu de mahjong est soutenu par le joueur de mahjong Tamura Mitsuaki.
Tanigawa Kouji no Shougi Shinan II (Japan)	Le légendaire joueur de Shogi Kouji Tanigawa fait figure d'instructeur pour le joueur et l'apprend à jouer au Shogi et à gérer des situations difficiles.
Tanigawa Kouji no Shougi Shinan III (Japan)	Tanigawa Kouji no Shogi Shinan III (&quot;Instructional Shogi III de Kouji Tanigawa&quot;) est un jeu de Shogi avec de nombreux tutoriels, le troisième de la série présentée par Kouji Tanigawa, un expert de Shogi dans la vie réelle. Le jeu propose différents modes, dont un où le choix des pièces à déplacer est déterminé par une machine à sous. Contrairement à son prédécesseur, qui est sorti à la fois sur MSX et Famicom Disk System, Shogi Shinan III était exclusif à la Nintendo Famicom et n'a pas été porté sur d'autres plateformes.
Tantei Jinguuji Saburou - Toki no Sugiyuku Mama ni (Japan)	Il s'agit du quatrième opus de la série Jake Hunter/Tantei Jinguuji Saburou, le deuxième et dernier à sortir sur Famicon. Le joueur incarne le détective privé Saburo Jinguji, basé à Shinjuku, qui doit résoudre un meurtre mystérieux. L'histoire est racontée en flashback, alternant entre le présent et le passé, avec les séquences du passé affichées en sépia. Le gameplay consiste à interroger des personnages et à collecter des preuves pour résoudre l'affaire.
Tantei Jinguuji Saburou - Yokohamakou Renzoku Satsujin Jiken (Japan)	Le player incarne Saburou Jinguuji, un détective privé qui enquêtera sur une série de meurtres mystérieux dans la ville de Yokohama. Le gameplay consiste à explorer différents lieux, interagir avec des personnages non-joueurs (PNJ), collecter des indices et résoudre des énigmes qui mènent à la découverte du coupable. Le jeu utilise un système de dialogue où le joueur peut poser des questions et choisir différentes options de réponses, influençant le déroulement de l'enquête. Le joueur devra rassembler des preuves pour résoudre le mystère, divers personnages ayant des histoires et des motivations différentes donneront des indices précieux. La narration est linéaire mais immersive, avec des éléments de suspense.
Tao (Japan)	Tao (??, lit. &quot;Road&quot;) est un jeu vidéo d'aventure pour le Nintendo Family Computer sur la vie d'un nomade à la recherche de l'illumination spirituelle. Sur le chemin de l'illumination, le joueur parcourt de ville en ville les quêtes de divers personnages non-joueurs durant l'année 1999. Sur le chemin, le personnage à tête rouge développe un alter ego nommé Tao (qui peut être invoqué en frottant sur un morceau de pierre), ils doivent empêcher l'apocalypse de se produire en accomplissant les quêtes nécessaires. Les joueurs doivent également visiter des villes en or pour compléter le jeu. Il y a des anciens et des gens ordinaires à l'extérieur du village qui donnent des conseils en quittant la ville en marchant sur les voies ferrées. Un temple bouddhiste peut être exploré près du point de départ du joueur.
Target - Renegade (World) (Evercade)	Target : Renegade sur NES est un jeu d'action. Mr.Big est de retour en ville et a cette fois capturé votre frère. Il le retient dans le Big's Pig Pen situé dans la partie supérieure de la ville. Le problème est que tous les gangs de la ville sont à votre recherche. Vous commencez la partie avec vos seuls poings, mais rassurez-vous, de nombreuses armes deviendront disponibles au fil de l'aventure.
Tashiro Masashi no Princess ga Ippai (Japan)	Tashiro Masashi no Princess ga Ippai est un jeu vidéo japonais pour la Nintendo Famicom (NES) de l'ancien comédien Masashi Tashiro, sorti en octobre 1989. L'histoire parle du héros Masashi Tashiro qui doit sauver les quatre princesses en détresse. Une fin heureuse et quatre fins malheureuses ont été utilisées dans le jeu; devenir l'un des premiers jeux vidéo à avoir plusieurs fins. Le jeu n'a pas eu beaucoup de succès, mais il a commencé à apparaître fréquemment et à obtenir des prix élevés sur des sites d'enchères en ligne comme Yahoo! après 2000, lorsque Masashi Tashiro a été arrêté et condamné à plusieurs reprises en relation avec le voyeurisme et l'abus de drogues.
Tatakae! Chou Robot Seimeitai Transformers - Convoy no Nazo (Japan)	Probablement le premier jeu à être basé sur les jouets Transformers, Convoy no nazo oppose le joueur comme Ultra Magnus, qui doit découvrir le secret de Convoy (connu sous le nom d'Optimus Prime dans la plupart du monde). Pour le découvrir, Ultra Magnus doit voyager à travers un ensemble de mondes de type plateforme et combattre une gamme de boss, allant du Megatron, à travers la série de combineurs à un emblème volant Decepticon (!). Ultra Magnus commence en mode robot, où il peut sauter loin, mais ses coups de feu ne voyagent qu'à mi-chemin de l'écran. Appuyez sur, et Magnus se transforme en une remorque. En mode remorque, il peut passer sous les avions et tirer vers le haut. Quand un avion est abattu, il se transforme en un robot, qui doit être tué avec le tir vers l'avant. Plus tard, le jeu devient plus orienté plateforme.
Tecmo Baseball (USA)	Comme son nom l'indique, Tecmo Baseball sur Nes est une simulation de base-ball. Cinq modes de jeu sont disponibles : 1 joueur, 2 joueurs, 1 joueur Allstar, 2 joueurs Allstar et un mode Spectateur. Quatorze équipes composent le titre, réparties en 2 catégories dont la division nationale et la division américaine.
Tecmo Bowl (USA)	Tecmo Bowl est une simulation de football américain sur Nes. Le titre propose deux modes de jeu : le mode Action dans lequel vous jouez des matchs en temps réel sur le terrain, et le mode Coach dans lequel vous êtes à la tête d'une équipe et devez gérer la stratégie. Le jeu propose 12 équipes différentes avec de vrais joueurs pour des parties seul ou à deux.
Tecmo Cup - Soccer Game (USA)	Tecmo Cup Soccer Game est un jeu de football sur Nes inspiré du célèbre manga Olive et Tom. Le titre vous propose d'incarner Robin Field, un jeune garçon passionné de foot. Ce dernier participe à la Tecmo Cup, la Coupe du monde des jeunes, réunissant les meilleurs espoirs de la planète. A travers les différents matchs, il vous faudra choisir entre plusieurs actions proposées afin de remporter la partie.
Tecmo NBA Basketball (USA) (NES-BK)	Tecmo NBA Basketball est un jeu vidéo de basket - ball qui a publié par Tecmo pour la Nintendo Entertainment System . Comme Tecmo Super Bowl , le jeu propose des cutscenes pendant les matcs. Il y a une option pour jouer un match Allstars , mais contrairement à Tecmo Super Bowl , il n'y a pas d' option pour sélectionner les joueurs de ces equipes . Le jeu propose une apparence de Michael Jordan, toutes les équipes NBA et les joueurs actuels de la saison 1991-92 de la NBA . Les Los Angeles Lakers dispose de Magic Johnson en dépit de son arret de jouer dans la NBA au cours de cette saison. Le jeu propose une apparence de Michael Jordan et toutes les équipes NBA et les joueurs actuels de la saison 1991-92 de la NBA . Le Los Angeles Lakers équipe dispose Magic Johnson en dépit de son pas en train de jouer dans la NBA au cours de cette saison.
Tecmo Super Bowl (USA)	Tecmo Super Bowl est un jeu de football américain sur Nes. Jouez avec les vrais joueurs de la NFL (National Football League) en suivant les véritables calendriers de saison. Des effets météo (pluie, neige) sont également présents. Faites grimper votre équipe jusqu'au sommet et remportez le fameux Super Bowl !
Tecmo World Cup Soccer (Europe)	Tecmo World Cup Soccer est un jeu de football sur NES vous permettant de choisir entre plusieurs équipes nationales pour disputer des parties de ballon rond.
Tecmo World Wrestling (USA)	Tecmo World Wrestling sur Nes est une simulation de catch dans laquelle vous pourrez exercer vos talents de lutteur professionnel aux quatre coins du Monde. Dix catcheurs fictifs sont disponibles, ainsi qu'une palanquée de coups pour la plupart réels, et vous aurez également la possibilité d'entraîner votre protagoniste via une série d'exercices comme des abdominaux ou des haltères.
Teenage Mutant Ninja Turtles (USA)	Teenage Mutant Ninja Turtles sur Nes est un jeu d'action dans lequel vous dirigez les fameuses tortues ninja Donatello, Michelangelo, Leonardo et Rapahël. Vous pouvez alterner quand vous voulez pour profiter des armes et caractéristiques de chacune et ainsi défaire le maléfique Schredder.
Teenage Mutant Ninja Turtles - Tournament Fighters (USA)	Teenage Mutant Ninja Turtles : Tournament Fighters est un jeu de combat sur NES se déroulant dans l'univers des Tortues Ninja. Retrouvez vos 4 tortues préférées ainsi que d'autres personnages de la série comme Shredder. Le jeu propose un mode histoire où vous choisissez un seul personnage et allez jusqu'au bout pour sauver April et Splinter. Un mode tournoi est également présent mais vous vous battez uniquement pour la gloire (et l'argent) dans celui-ci.
Teenage Mutant Ninja Turtles II - The Arcade Game (USA)	TMNT 2 : The Arcade Game est un jeu d'action sur Nes inspiré de la franchise des Tortues Ninja. L'intrigue place nos 4 héros face à Shredder et ses sbires ayant enlevé la jeune reporter April O'Neil. Tout au long du jeu, vous combattrez des hordes d'ennemis mais également des boss connus comme le diabolique Krang. Cette version-ci contient des niveaux supplémentaires, de nouveaux boss ainsi que de nouvelles musiques.
Teenage Mutant Ninja Turtles III - The Manhattan Project (USA)	Le jeu d'action TMNT 3 : The Manhattan Project est la suite du jeu TMNT 2 : The Arcade Game, sorti également sur Nes en 1989. La reporter April O'Neil a une nouvelle fois été enlevée par l'infâme Shredder, mais ce dernier révèle aux Tortues Ninja qu'il a transformé Manhattan en île flottante. A vous de l'arrêter en repoussant les assauts ennemis des 8 niveaux du jeu et de sauver April !
Tenchi o Kurau II - Shokatsu Koumei Den (Japan)	Le jeu est basé sur la bande dessinée &quot;Tenchi o kurau&quot; de Hiroshi Motomiya, elle-même basée sur le roman &quot;Romance des Trois Royaumes&quot; de Luó Guànzhong et suit l'intrigue principale des événements historiques. Vous commencez le jeu en tant que Liu Bèi, l'un des plus grands héros chinois, dans la mission de restaurer le pouvoir de la dynastie Han. Le sceau impérial a été volé des cendres de Luòyáng et Yuán Shù a réclamé le trône. Vous devez le traduire en justice. Au service de la dynastie des empereurs Han et Cao Cao, vous accomplissez des quêtes sans oublier votre fraternité avec Guan Yu et Zhang Fei. En voyageant à travers la Chine, vous pouvez ajouter des héros à votre groupe et rencontrer différents adversaires, où le combat coule. Le pouvoir des membres du groupe est estimé en milliers de personnes.
Tenka no Goikenban - Mito Koumon (Japan)	Ce jeu se déroule autour du personnage historique japonais Mito Koumon qui, en tant que gouverneur à la retraite, voyageait à travers le Japon pour observer d'autres districts. Partout où il enquêtait, il trouvait des habitants qui rencontraient des problèmes ou observait une certaine corruption au sein du gouvernement local. Mito Koumon enquêtait sur ces situations, déguisé en homme du peuple, pour ensuite révéler la corruption et sa véritable identité lorsque le mystère était résolu. Il améliorait ainsi la vie des habitants de la région, avant de se rendre dans un autre district pour y découvrir d'autres problèmes. Le jeu n'est sorti qu'au Japon et n'a jamais été traduit en anglais. Il a eu une suite : Mito Koumon II : Sekai Manyuuki.
Tenkaichi Bushi - Keru Naguuru (Japan)	Tenkaichi Bushi est un jeu de combat d'arts martiaux en tête-à-tête situé dans la Chine ancienne. En utilisant des graphiques 2D à défilement latéral avec une conception de dessin animé distincte, le joueur prend le contrôle d'un seul combattant alors qu'il tente de vaincre son adversaire dans des combats à un tour. Le combat est contrôlé avec un seul bouton d'attaque qui peut déclencher toutes sortes de mouvements lorsqu'il est pressé en conjonction avec les flèches directionnelles. Ces mouvements varient d'un combattant à l'autre, car les joueurs peuvent choisir parmi 15 combattants différents, chacun avec leurs propres statistiques et mouvements, puis rivaliser avec les autres pour voir qui a l'honneur de devenir grand maître.
Tennis (Japan, USA) (En)	Tennis sur Nes permet de jouer au tennis en simple ou en double contre des adversaires de cinq niveaux différents. Exercez-vous aux reprises de volée et aux smashes pour pouvoir espérer gagner le dernier tournoi. Pour l'anecdote, un célèbre personnage de Nintendo fait son apparition sur la chaise de l'arbitre, un indice : il porte la moustache...
Terao no Dosukoi Oozumou (Japan)	Terao no Dosukoi Oozumou (&quot;Terao's Big Thud Sumo&quot;) est un jeu de sumo pour la Famicom approuvé par le lutteur de sumo professionnel Terao Tsunefumi, qui avait atteint le rang sekiwake (le troisième plus élevé) la même année où ce jeu est sorti. Les joueurs nomment leur propre lutteur de sumo et s'affrontent dans une série de matchs, leur station s'améliorant ou diminuant en fonction de leur bilan de victoires/pertes. Le mode histoire consiste à se promener sur une carte du monde, à parler à des PNJ et à rencontrer au hasard d'autres lutteurs, menant à des matchs impromptus.
Terminator 2 - Judgment Day (USA)	Terminator 2: Judgment Day est basé sur le film du même nom. Le joueur a le rôle d'un Terminator T-800 et doit protéger John Connor d'être tué par un Terminator T-1000. Le jeu prend place sur cinq niveaux avec les objectifs suivants : Niveau 1 : Obtenir une arme. Niveau 2 : Une course de moto en vue isométrique. Niveau 3 : Localiser et secourir Sarah Connor de l'asile. Niveau 4 : Aller poser des charges explosives pour détruire le building Cyberdine. Niveau 5 : Affronter le T-1000.
Terminator, The (USA, Europe)	Tout comme dans le film, vous assumez le rôle de Kyle Reese, un voyageur du futur qui revient à L.A. pour protéger la vie de Sarah Conner - la belle femme qui détient la clé de la survie de la race humaine. Votre mission: Dépasser et déjouer une machine à tuer brutale connue sous le nom de Terminator. Il est gros, il est mauvais et il est pratiquement imparable - espérons que vous soyez plus intelligent! Le jeu comporte 10 niveaux principaux basé sur l'univers du film.
Terra Cresta (USA)	Faisant suite à Moon Cresta, Terra Cresta est un shoot 'em up à scrolling vertical sorti en 1985, édité et développé par Nichibutsu. Le joueur pilote un petit vaisseau spatial. Au cours de la partie le joueur peut récupérer plusieurs modules qui s'attacheront à son vaisseau, lui permettant de tirer dans plusieurs direction à la fois et le rendant ainsi de plus en plus puissant. Le module final transforme le vaisseau en Phénix, celui-ci devient alors invulnérable pendant un laps de temps. Il est également possible d'utiliser le second bouton afin de séparer les modules du vaisseau et de pouvoir tirer dans plusieurs directions. Le joueur commence le jeu avec 3 vies. Il est également possible de jouer à 2 de manière alternée.
Tetrastar - The Fighter (Japan)	Tetrastar The Fighter est un jeu de tir en 3D par Home Data et publié par Taito. En l'an 2089, l'humanité forme une alliance avec l'empire intergalactique Baal mais bientôt la Terre découvre les véritables intentions de l'alien. Un groupe de résistance assemble le projet Tetrastar pour se préparer à la menace potentielle à venir. Mais le projet mené par le général Nelson est bientôt mis en attente et une paix de courte durée s'installe. Mais le tout n'était qu'une invasion hostile et l'empire Baal rompt finalement l'alliance et attaque la Terre. La première mission du joueur est d'empêcher la destruction de New York, puis de récupérer Omega, le fidèle robot-navigateur, pour le faire dériver vers le monde des extraterrestres. Le super combattant Tetrastar peut se déplacer autour de l'écran et tirer un pistolet Vulcan standard. Des armes spéciales sont disponibles plus tard dans le jeu: Bombes (WID), Missiles Homing (AAM), Napalm Bombs (NAP) et le puissant Bio Cannon (BIO) - ils sont accessibles via le bouton Select et déclenchés en appuyant sur A. Ils viennent tous en quantités limitées et doit être rempli en ramassant des dosettes de puissance le long du chemin. Tetrastar propose de jolies scènes et des cinématiques qui dévoilent l'histoire épisodique du jeu.
Tetris (Bulletproof) (Japan) (En)	La version de Tetris sortie au Japon pour la Famicom est considérablement différente de la version de Tetris sortie pour la NES dans le reste du monde. Développé par la société Bullet Proof Software de Henk Roger, le jeu propose une maniabilité inhabituelle qui en fait l'une des conversions de Tetris les moins appréciées sur cette console (y compris la version Tengen sans licence). En plus des contrôles, cette version de Tetris est également particulière, le joueur se voyant conféré des &quot;vies&quot;, qu'il doit doit épuiser avant que le jeu ne se termine. Le joueur doit compléter 25 lignes avant de passer au niveau suivant.
Tetris (USA)	Tetris sur Nes est le célèbre puzzle-game dans lequel vous devez empiler des briques afin de constituer des lignes qui s'effaceront au fur et à mesure de votre progression. La difficulté augmente au fil de votre avancée. Cette version de Nintendo propose deux modes : le mode 1 où il faut assemblez les blocs à l'infini et le mode B où il faut simplement réaliser 25 lignes.
Tetris 2 (USA)	Tetris 2 est un puzzle-game sur Nes. Il s'agit de la suite du mondialement célèbre Tetris. Ici, le but n'est pas de faire des lignes pour qu'elles disparaissent, il faut aussi gérer la couleur. Ainsi, chaque pièce qui tombe est composée de différentes couleurs. Trois pièces de même couleur qui se touchent disparaissent.
Tetris 2 + Bombliss (Japan) (En)	Tetris 2 + BomBliss est une version du célèbre jeu de puzzle soviétique, offrant deux variantes : Tetris classique et un nouveau jeu appelé BomBliss. Le Tetris classique propose trois modes : le mode A (infini, avec une vitesse qui augmente jusqu'à ce que le joueur perde), le mode B (atteindre 25 lignes dans des conditions difficiles), et le mode C (similaire au mode A, mais avec une pile d'obstacles qui monte du bas). BomBliss, quant à lui, introduit un puits rempli de motifs de blocs et de bombes. Compléter une ligne n'efface pas celle-ci, mais active les bombes pour détruire les blocs, l'objectif étant de vider complètement le puits. BomBliss offre trois modes : Concours (vider un champ avec le moins de blocs possible), Puzzle (vider un champ avec une séquence de pièces prédéfinie), et Construction (créer ses propres niveaux). La cartouche inclut aussi une version bataille à deux joueurs du Tetris classique.
Tetsudou Ou - Famicom Boardgame (Japan)	C'est un jeu de plateau dans lequel 4 joueurs jouent avec des voitures de chemin de fer. Le but du jeu est d'acquérir le maximum d'actifs et de traverser les points de destination autant que possible en compétition avec vos autres joueurs. Voici une traduction complète en anglais du jeu, Tetsudou Ou: Famicom Boardgame pour le système Famicom!Maintenant, vous pouvez profiter de ce petit jeu de société amusant où jusqu'à 4 joueurs s'affrontent pour posséder le plus de chemins de fer, avoir le plus d'argent, et arriver à vos destinations! En conjonction avec le travail de RG-Soft, nous avons été en mesure de terminer ce projet et d'obtenir 98% du jeu terminé. Seuls quelques noms sur la carte apparaîtront brouillés en raison de problèmes de code, mais cela n'empêchera en aucun cas le jeu. Nous espérons que vous apprécierez cela!
Tetsuwan Atom (Japan)	Dans ce titre, le joueur incarne le personnage principal, Atom (Astro Boy), un robot doté de pouvoirs extraordinaires créé par le professeur Tenma. Le but du jeu est de progresser à travers différents niveaux représentant des environnements familiers de l'univers d'Astro Boy, comme la ville, la forêt ou l'usine. Le gameplay est un mélange de plates-formes et d'action. Atom peut sauter, voler pendant un court instant ainsi utiliser ses attaques de poing et de pieds pour combattre les ennemis. Le joueur doit affronter une variété d'ennemis robotiques et de boss à la fin de chaque niveau pour continuer sa progression. Des pièces de monnaie, des vies supplémentaires et des bonus peuvent être récupérés au fil du jeu. La réalisation technique est fidèle à l'esthétique de l'anime, avec des graphismes colorés et des animations fluides pour l'époque. Le jeu propose un défi relativement accessible tout en restant fidèle à l'esprit du personnage d'Astro Boy.
Thexder (Japan) (En)	Thexder, un jeu de tir/plateforme japonais, propose de nombreux niveaux et des ennemis variés dont la difficulté augmente progressivement. Vous pilotez un robot de style Battletech capable de passer d'un robot à un jet à tout moment. Votre arme vise automatiquement, mais consomme une quantité fixe d'énergie rechargeable, si vous n'avez plus d'énergie, vous devez attendre quelques secondes avant de pouvoir tirer à nouveau. Votre robot dispose également d'un bouclier qui peut être activé pour vous protéger des dégâts, mais cela ne dure que quelques secondes et consomme une partie de votre énergie vitale.
Thomas the Tank Engine & Friends (USA) (Proto)	Partez en voyage sur l'île de Sodor avec Thomas, Percy, Bertie, Sir Topham Hatt et d'autres amis de la célèbre émission de PBS SHINING TIME STATION. Huit aventures différentes vous attendent, le jeu vous permettant d'explorer toute l'île à travers un réseau de différents rails. Vous pouvez même créer vos propres parcours personnalisés pour Thomas et ses compagnons ! En mode Course, vous jouez en tant que Thomas contre Percy ou Bertie pour tester votre rapidité. Les jeunes joueurs trouveront de l'aide en mode Spécial, et Sir Topham Hatt posera des questions de trivia astucieuses tout au long du jeu. Il y a de nombreux puzzles vidéo à résoudre et beaucoup d'indices à découvrir dans cette collection de jeux conviviale pour les plus jeunes.
Three Stooges, The (USA)	The Three Stooges est un jeu d'action sur NES. Rejoignez l'équipe composée de Moe, Larry et Curly dans le but de venir en aide à un orphelinat en récoltant une certaine somme d'argent.
Thunder & Lightning (USA)	Thunder & Lightning est un jeu de casse-brique avec deux personnages Mr. Chin et le Thunder Warrior. Vous controlez Mr. Chin qui porte la barre qui lui servira à maintenir la balle en jeu pour détruire toutes les briques de chaque niveau.
Thunderbirds (USA)	Thunderbirds sur Nes est un jeu d'action dans lequel vous incarnez la célèbre équipe de la série télévisée du même nom. Un alien du nom de Hood vous somme de lui remettre les Thunderbirds, ces véhicules de secours futuristes dans un délai de 60 jours. C'est justement le temps qu'il vous faudra pour trouver les sources d'énergie de Hood, en pilotant les 5 jets de la famille Tracy, à travers le Monde entier.
Thundercade (USA)	Thundercade est un shoot 'em up vertical développé par SETA et sorti sur NES en 1989. Les joueurs contrôlent une moto équipée de canons de sidecar et soutenue par un bombardier B-7. Il y a quatre niveaux dans le jeu: une ville sans nom, la base militaire des terroristes, les régions boisées et la forteresse contenant la centrale nucléaire.
Tiger-Heli (USA)	Tiger-Heli sur Nes est un shoot'em up où le joueur contrôle un hélicoptère de l'armée ultra-équipé. L'objectif est de détruire le pays de Cantun contrôlé par les terroristes. De nombreuses cibles hostiles sont à éliminer comme par exemple des tanks, des avions ou encore des bateaux.
Time Diver - Eon Man (USA) (Proto)	La Terre, 60 ans dans le futur. Le monde est pratiquement sans crime grâce au Clear System, inventé par Kane Nelson, un scientifique extraordinaire. Mais une organisation secrète nommée Romedrux décide de défier ce système en déclenchant une vague de criminalité. Pour réussir, ils doivent empêcher la création du Clear System, ce qui implique d'éliminer Kane ou ses ancêtres. Los Angeles, 1993. Dan Nelson se pensait être un étudiant ordinaire vivant à LA, jusqu'au jour où il est attaqué par des guerriers Romedrux. Durant l'attaque, Dan découvre l'existence de son futur fils, Kane, et jure de protéger sa famille à travers le temps. Une course contre la montre dans ce nouveau thriller de science-fiction signé Taito !
Time Lord (USA)	Jeu vraiment cool où on voyage à travers le temps. Hélas, pas mal de points négatifs aux tableau: Graphismes moyens, difficulté élevée, et une bande son horrible! ) Si on coupe le son, le jeu est agréable quand même Le jeu comprend un niveau préliminaire, suivi de 4 niveaux historiques : l'Angleterre médiévale aux environs de 1250, le Far West américain des années 1860, les Caraïbes aux alentours de 1650, et la France pendant la deuxième guerre mondiale en 1943. La quête doit se terminer dans le vaisseau spatial du Roi de Drakkon avant le début de l'année 3000. Time Lord peut utiliser des armes d'époque pour combattre. Dans chaque niveau, le joueur doit trouver 5 orbes dorées qui permettent à la machine à voyager dans le temps de fonctionner.
Time Zone (Japan)	Oh non! Sur le chemin pour rencontrer votre petite amie Haruka, notre petit héros intrépide a été pris en embuscade par ce méchant infâme, voyageant dans le temps, le professeur Time. Maintenant, il est temps de le rejoindre alors qu'il traverse le temps et l'espace pour la sauver de ses griffes maléfiques. Dans ce jeu de course et d'action de saut, vous vous retrouverez jeté n'importe où de la préhistoire à l'avenir lointain et vice versa, vaincre quoi que ce soit des dinosaures aux samouraïs aux étrangers juste pour la récupérer. Votre arme principale ?? votre casquette de baseball toujours robuste. Lancez-le simplement et laissez-le simplement revenir en arrière ou sauter en l'air pour le laisser voler autour de vous pendant une courte période de temps. Et si vous avez la chance de récolter suffisamment de carillons, vous assisterez à la puissance destructrice et à l'invincibilité du skateboard. Combiné avec une foule d'obstacles dangereux si répandue dans les plates-formes et vous avez vous-même dans un marmite tout en essayant de s'attaquer au professeur Time. Poursuivez et battez-le avec votre casquette pour que le héros et Haruka puissent vivre heureux pour toujours.
Times of Lore (USA)	Le royaume d'Albereth est attaqué par des forces barbares. Le roi Valwyn repoussa les barbares, mais fut blessé au combat. À la recherche d'un endroit où il pourrait se reposer et reprendre des forces, il quitta la ville, mais ne revint jamais. Aujourd'hui, un nouveau héros doit se lever et défendre sa patrie. Le jeu consiste à déplacer le protagoniste en temps réel (jour et nuit) à travers différents terrains, comme des forêts, des villes et des donjons. Le personnage recueille des objets de base, comme des potions de santé et de magie, et des armes de plus en plus puissantes au fur et à mesure qu'il accomplit des tâches et fait avancer l'intrigue. Les conversations sont gérées par des phrases clés. Les combats impliquent plusieurs types de créatures dont il peut y avoir plusieurs variantes.
Tiny Toon Adventures (USA)	Ces mini Toons ont de gros problèmes. C'esrt vrai. Montana Max, l'ennemi numéro un de la bonne ville d'Acme Acres, vient de kidnapper Babs Bunny, la superbe représentante de la gente lapine. Le destin de cette demoiselle vêtue de fourrure repose maintenant entre les pattes de Buster Bunny et de ses compagnons: Dizzy Devil, Furrball et Plucky Duck. Pour sauver Babs, vous devez vaincre chacun des chefs et dérober les clés des cinq cages. Vous devrez aussi vous frayer un chemin à travers des forêts hantées, de répugnants bateaux de pirates, des pièces cachées, des ruelles sombres, des salles secrètes et Wackyland pour finalement parvenir au Manoir de Monty. Mais pour réussir à vous rendre aussi loin, vous devrez déjouer les pièges et les planchers mouvants, et gardez un oeil sur les interrupteurs et les portes. Aussi, est-il préférable pour vous de continuer à sauter sinon ce pourrait bien être la fin de nos petits amis.
Tiny Toon Adventures - Cartoon Workshop (USA)	Lumières ! Caméra ! Action ! Maintenant, vous pouvez faire plus que juste regarder les Tiny Toons à la télé. Vous pouvez faire votre propre dessin animé ! C'est facile, amusant et même pas besoin d'un diplôme de l'école d'animation Acme.
Tiny Toon Adventures 2 - Trouble in Wackyland (USA)	Tiny Toon Adventures 2 : Trouble in Wackyland est un jeu d'action/plates-formes sur Nes. Buster Bunny reçoit une invitation pour ouvrir un nouveau parc d'attractions. Il accepte volontiers en ignorant la réalité : cette invitation est en fait un piège. Maintenant, ses amis et lui devront surmonter tous les obstacles et survivre dans Wackyland...
Titan (World) (Evercade)	Titan est un mix d'arcade 2D et de puzzle. Pour une raison quelconque, les professeurs fous du futur ont tendance à inventer d'étranges jeux de divertissement dans lesquels chaque participant meurt.
Titan Warriors (USA) (Proto 1)	Titan Warriors est un shoot'em up annulé sur NES qui fut développé par Capcom en 1988. Ce jeu devait une suite de Vulgus sorti sur Arcade au Japon, développé et publié par Capcom en 1984.
TM Network - Live in Power Bowl (Japan)	TM Network: Live in Power Bowl est un jeu exclusivement japonais pour la Famicon, mettant en vedette le groupe J-Pop TM Network. La musique de fond du jeu est la chanson &quot;Come On Everybody&quot; tirée de leur album Carol -A Day In a Girl's Life 1991- (utilisant la puce sonore 8 bits de la Famicon). Fait intéressant, le jeu utilise le moteur sonore NES d'Atlus, développé par Tsukasa Masuko.
To the Earth (USA)	En l'an 2050, la Terre a été attaquée par les vilains Raggosiens et c'est à vous de sauver la planète! Vous devrez piloter votre vaisseau, The Tempest, sur les planètes Uranus, Saturne, Jupiter et Terre afin de récupérer certains minéraux qui peuvent être utilisés pour combattre les Raggosiens. Les Raggosiens vont essayer de vous empêcher d'atteindre ces destinations, vous devez donc utiliser le zapper Nintendo pour riposter. De nombreux vaisseaux ennemis (et très rapides!) passeront à l'écran et tenteront de détruire votre vaisseau. Vous devez tirer sur les vaisseaux et les missiles avant que votre vaisseau ne subisse trop de dégâts. De temps en temps, une comète volera, et si vous lui tirez dessus, une barrière temporaire sera formée pour protéger votre vaisseau des tirs ennemis. Parfois, vous pouvez également gagner une bombe intelligente qui apparaît dans le bas de l'écran et détruit tous les ennemis si elle est tirée. Chaque niveau se termine par un boss.
Toki (USA)	Les mains de Bashtar ont arraché Moho à son bien-aimé Toki. Toki n'est pas mieux loti : il a été transformé en singe par le sorcier Vookimedlo. Toki doit maintenant sauver son amour et trouver un moyen de se retransformer en homme. Toki comprend plussieurs niveaux : le labyrinthe des grottes, le lac Neptune, les cavernes de feu, le palais de glace, la jungle sombre, le palais d'or ... La principale attaque de Toki contre ses ennemis consiste à leur cracher dessus, mais il peut aussi leur sauter dessus pour les vaincre. Le crachat normal de Toki peut être transformé en souffle de feu en trouvant le bon objet. Les autres objets comprennent un casque de football qui protège temporairement Toki, des chaussures de saut en hauteur, des horloges qui ajoutent du temps, des pièces qui augmentent le nombre de vies de Toki, et des fruits qui augmentent le score total.
Toki no Tabibito - Time Stranger (Japan)	Toki no Tabibito: Time Stranger est un jeu d'aventure axé sur les commandes textuelles et les dialogues. Le joueur incarne un policier voyageant dans le temps, visitant des personnages importants de l'histoire japonaise, répondant à leurs questions et avançant progressivement vers le présent. La majorité du jeu se déroule en vue à la première personne, avec l'autre personne en face du personnage principal, qui pose et répond aux questions. Il y a quelques séquences en vue à la troisième personne où le joueur doit regagner sa machine à voyager dans le temps avant qu'elle ne parte. Bien que le jeu offre quelques chemins alternatifs selon les choix de dialogue, son récit est assez linéaire.
Tokoro-san no Mamoru mo Semeru mo (Japan)	Avec la célébrité japonaise &quot;Tokoro-san&quot; en tant que protagoniste, il s'agit d'un jeu de sauts et de course ordinaire. Pour sauver un bébé, Tokoro-san doit traverser Tokyo, armé seulement d'un pistolet à eau. Mignons méchants qui ressemblent à des créatures fantastiques courir à lui et doivent être abattu. D'autres sortent de trous dans le sol sous des plates-formes qui s'effondrent, et certains monstres, une fois tirés, fuiront Tokoro-san et écraseront tous les monstres sur leur chemin. Le tir du pistolet utilisera la réserve d'eau, ce qui diminuera la portée des tirs. Laisser les ennemis seuls quand c'est possible est donc une bonne stratégie. Quand Tokoro-san pénètre dans une maison, il faut traverser une bataille de boss avant de pouvoir choisir un chemin vers d'autres quartiers de la ville. Lorsque le joueur est frappé trop souvent par des monstres, ou que le pistolet à eau manque d'eau, le jeu est terminé.
Tom & Jerry - The Ultimate Game of Cat and Mouse! (USA)	Retrouvez le chat et la souris préférés des enfants dans le jeu d'action sur console NES Tom & Jerry. Notre célèbre souris doit retrouver son cousin Tuffie mais pour cela elle doit traverser dix niveaux sans se faire prendre au piège par le bon vieux Tom. Heureusement vous disposez de divers bonus permettant à Jerry de s'échapper.
Tombs & Treasure (USA)	Tombs And Treasure sur Nes est un jeu d'aventure se jouant à la manière d'un pointé cliqué. Le célèbre archéologue Imes a disparu en explorant les ruines du tombeau Maya de Chichen Itza et c'est à vous de le retrouver. Vous incarnez deux jeunes adultes qui tenteront de percer le mystère de cette disparition ainsi que celui de la Clé du Soleil en interagissant avec les objets que vous trouverez sur votre passage.
Top Gun (USA)	Top Gun est un jeu d'action/simulation sur Nes. En reprenant la célèbre licence Top Gun, ce jeu vous propose de dangereuses missions aériennes. Armé de missiles et de canons, vous devez triompher de vos adversaires en faisant attention à la vitesse et l'altitude.
Top Gun - The Second Mission (USA)	Top Gun : The Second Mission sur Nes est une simulation de pilotage d'avions de chasse basée sur l'univers du film. Vous contrôlez le F-14 Tomcat, en vue de cockpit et devez détruire absolument tout sur votre passage excepté votre piste d'atterrissage. 2 autres modes sont également présents, dont un Versus en écran scindé contre un autre joueur.
Top Rider (Japan)	Top Rider est un jeu de course de motos du point de vue derrière la moto. Le joueur peut choisir entre deux modes : Grand Prix, dans lequel le joueur participe à plusieurs courses consécutives et Touring, dans lequel le joueur peut choisir l'un des quatre parcours pour une seule course. Le jeu se distingue par son périphérique inhabituel: une moto gonflable avec un contrôleur de guidon spécial intégré. Le joueur peut s'asseoir sur le périphérique une fois complètement gonflé et utiliser le guidon pour contrôler la moto à l'écran.
Top Striker (Japan)	Être le seul titre basé sur la TV Anime Moero! Top Striker, le jeu se joue dans une perspective gauche-droite. Contrairement à tous les autres jeux de football courants de son époque, il n'est possible de contrôler qu'un seul joueur de football (joueur vedette) qui possède un tir spécial. Les équipes sont basées sur des équipes de football d'Italie. Il s'agit notamment de Naples et Milan, par exemple. Il existe également des équipes nationales comme l'Angleterre, l'Allemagne et l'Italie.
Total Recall (USA)	Total Recall est un jeu d'action sorti sur Nes. Basé sur le film du même nom, Total Recall le jeu vous propose de revivre toute l'aventure de Douglas Quaid le long de son trajet pour atteindre Mars. Sur le chemin vous aurez de nombreux ennemis à affronter.
Totally Rad (World) (Evercade)	Totally Rad sur Nes est un jeu d'action/aventure dans lequel vous incarnez Jake, un apprenti magicien au service du maître Zebediah Pong. Un jour, alors que Jake s'entraîne à développer ses pouvoirs magiques, sa petite amie Allison se fait kidnapper par des inconnus. Notre héros se met en quête de découvrir où et pourquoi ses ravisseurs l'ont emmenée.
Touchdown Fever (USA)	Touchdown Fever est un jeu de football d'arcade de SNK. Affrontez l'ordinateur, un adversaire humain, ou faites équipe avec un autre joueur humain contre l'ordinateur. Choisissez des quarts de cinq, dix ou quinze minutes pour un match de ligue (match unique) ou un tournoi. Il ya 12 équipes de villes de la NFL disponibles (six à l'est, six à l'ouest), bien qu'il n'y ait pas de licence officielle de la NFL ni de vrais joueurs de la NFL.
Touhou Kenbun Roku (Japan)	Ce jeu d'aventure permet de changer de personnage tout au long de l'histoire. Le packaging du jeu le présente comme une « aventure psychédélique nouvelle vague » et son scénario est considéré comme assez bizarre, mettant en scène un personnage transporté en 1275, où il rencontre Marco Polo et interfère généralement avec les efforts de Polo pour établir le commerce entre l'Asie et l'Europe. Le jeu est conçu pour être comique et parodie même plusieurs éléments de conception de jeux courants à l'époque. Il n'a jamais été publié en dehors du Japon ni traduit depuis le japonais original.
Toukon Club (Japan)	Sélectionnez une personne parmis huit lutteurs, et se frayer un chemin vers la victoire. Un large éventail d'attaques et de conditions sont à votre disposition.Un système d'angle dynamique unique montre l'action de lutte d'une manière toute neuve et spectaculaire, permettant des actions dans tous les coins du ring !
Toukyou Pachi-Slot Adventure (Japan)	Le jeu vidéo Tokyo Pachi-Slot Adventure est une aventure qui combine le divertissement des pachinko et des machines à sous. Il est suivi de deux suites, Pachi-Slot Adventure 2 et Pachi-Slot Adventure 3. Développé par la même société que celle qui a créé American Dream (à ne pas confondre avec la société de jeux vidéo non licenciée Color Dreams), ce jeu commence avec le joueur dans un salon de pachinko, où il doit gagner des billes pour poursuivre son aventure.
Tower of Druaga, The (World) (Evercade)	Vous contrôlez un chevalier héroïque, qui est en fait le prince Gilgamesh, qui doit tenter de sauver la jeune fille du démon Druaga. Vous êtes armé d'une épée et d'un bouclier pour attaquer et défendre. Vous vous déplacez d'étage en étage, qui sont construits comme des labyrinthes, à la recherche de la clé, cette clé déverrouillera la sortie de la scène. Les objets peuvent être trouvés en tuant (tous) les ennemis.
Town & Country Surf Designs - Thrilla's Surfari (USA)	Thrilla's Surfari est un jeu d'action sur Nes dans lequel vous incarnez Thrilla Gorilla, un sportif de l'extrême dont la petite amie vient d'être kidnappée par un magicien maléfique, Wazula. Notre héros devra s'équiper de son skateboard ou de sa planche de surf afin d'éviter les différents obstacles et ennemis sur son passage à travers les 7 niveaux du jeu.
Town & Country Surf Designs - Wood & Water Rage (USA)	T&C Surf Designs propose à la fois des jeux de skateboard et de surf. La section de skate (appelée Street Skate Session) est un jeu d'action à défilement latéral où vous devez naviguer à travers un parcours d'obstacles dans le temps imparti. Idéalement, vous voulez gagner autant de points que possible en effectuant des figures, en sautant par-dessus des objets et en collectant des bonus. Si vous vous écrasez trop souvent (ou si vous tombez dans un trou, si vous manquez de temps, etc ...), le jeu sera terminé. Dans la section surf (appelée Big Wave Encounter), vous devez surfer sur une vague géante jusqu'à la plage. Comme pour le skate, vous pouvez gagner des points en effectuant des figures et en collectant des bonus; De même, le jeu se termine si vous vous écrasez trop souvent. Vous pouvez choisir de jouer à l'un ou l'autre des jeux, ou d'alterner entre les deux (l'option Wood & Water Rage). Vous pouvez sélectionner plusieurs personnages de T&C Surf Designs, tels que Thrilla Gorilla, Kool Kat, Joe Cool et Tiki Man.
Toxic Crusaders (USA)	Toxic Crusaders sur Nes est un jeu d'action basé sur la série animée du même nom. Les protecteurs de Tromaville, les Toxic Crusaders doivent faire face au Dr. Killemoff et ses Radiations Rangers, malheureusement tous se font capturer par ce dernier. Tous sauf un, Toxie qui part à la rescousse de ses camarades à travers les 6 niveaux du jeu, armé uniquement d'une serpillère...
Track & Field (USA)	Track & Field sur NES est un jeu qui rassemble des disciplines olympiques dans un style très arcade. Retrouvez le lancer de javelot, le saut en longueur, le 100 mètres sprint, le 100 mètres haies, le lancer de marteau et le saut en hauteur. Complétez avec succès chacune des sessions pour vous voir remettre une médaille puis recommencez les épreuves avec un niveau de difficulté plus élevé.
Track & Field II (USA)	Track & Field II sur Nes est un jeu de sports basé sur les Jeux Olympiques d'Eté. De nombreuses disciplines sont au programme comme le triple saut, la natation, le lancer de marteau, le tir à l'arc ou encore le saut à la perche.
Treasure Master (USA)	Treasure Master sur Nes est un jeu de plates-formes dans lequel vous devrez vous mettre en quête de trésors fabuleux. Le soft vous emporte dans différents mondes où vous devrez accumuler le plus de matériaux possible pour passer au niveau suivant. Faites toutefois bien attention aux ennemis qui essaieront de vous arrêter !
Triathlon, The (Japan) (En)	Participez à des épreuves de cyclisme, de natation et de course à pied, mais dans un jeu vidéo où c'est moins fatigant... et beaucoup moins bon pour votre santé.
Trog! (USA)	Trog sur Nes est puzzle-game dans lequel vous devrez récupérer des oeufs de dinosaures sur des cartes en forme de grilles. Réincarné en bête préhistorique, vous devrez faire attention aux hommes des cavernes qui peuvent vous attraper pour vous manger. Heureusement, vous pourrez riposter en avalant un ananas qui vous transformera en T-Rex affamé et ainsi récolter plus de points !
Trojan (USA)	Trojan sur Nes est un jeu d'action/aventure dans lequel le monde est dirigé par Achilles, un guerrier maléfique. Vous incarnez Ryu, un maître en arts martiaux qui décide de se confronter à Achilles afin de ramener la paix et l'ordre dans le monde. Seulement équipé d'une épée et d'un bouclier, vous devrez terminer les 6 chapitres du jeu pour atteindre votre but ultime.
Trolls in Crazyland, The (Europe)	Un jeu de plateforme ou un enfant avec un casque de baseball nommé Ponpon attaque ses ennemis en tirant des balles au pied. Plus il est blessé, plus il est puissant. La version européenne remplace ponpon par un jouet troll en plastique.
Tsuppari Oozumou (Japan)	Tsuppari Oozumou est un jeu de sumo où le but est de faire sortir l'adversaire du ring. Les adversaires deviennent plus difficiles au fur et à mesure que le jeu progresse. Différentes prises peuvent être effectuées en fonction des combinaisons de boutons et de directions.
Tsuri Kichi Sanpei - Blue Marlin Hen (Japan)	Tsurikichi Sanpei: Blue Marlin Hen (littéralement: Maniac de pêche Sanpei: Blue Marlin Chaper) est une simulation de pêche. Il a été publié au Japon à la fois pour l'ordinateur familial Famicom et MSX en 1988. Il est basé sur le manga japonais Tsurikichi Sanpei, qui a été écrit et illustré par Takao Yaguchi. Le manga a été publié en série dans le magazine Weekly Shenen de Kodansha de 1973 à 1983. La série parle d'un garçon qui découvre qu'il a du talent et une grande passion pour la pêche, et essaye de maximiser son potentiel en participant à différents concours de pêche. Il rencontre toutes sortes de rivaux et de compagnons qui l'aident à accroître ses compétences. Comme il fait face à divers défis, il apprend à résoudre des problèmes difficiles et apprend de ses erreurs dans la mesure où il est capable de pêcher n'importe quoi hors de l'eau. Dans le jeu, Sanpei est en compétition pour le premier prix du &quot;1988 Famicom International Billfish Tournament&quot; en capturant le plus grand Blue Marlin possible.
Twin Cobra (USA)	Twin Cobra sur NES est un shoot'em up en scrolling vertical dans lequel vous dirigez un hélicoptère et devrez détruire tout ce qui vous barrera la route : tanks, tourelles, hélicoptères de combat... Vous avez aussi la possibilité de changer de type d'armes quand vous le souhaitez entre un tir omnidirectionnel, un laser, etc.
Twin Eagle (USA)	Twin Eagle est un jeu de tir de style arcade à défilement vertical. Vous contrôlez un hélicoptère et vous avez besoin de gagner des points en tirant ou en bombardant les différents ennemis que vous rencontrerez. Les avions, les hélicoptères, les chars, les canons antiaériens, les fantassins et bien d'autres tenteront de mettre fin à votre mission! De temps en temps, vous pouvez trouver des otages lorsqu'un bâtiment est détruit; essayer de sauver autant d'otages que possible pour gagner des points supplémentaires. Votre hélicoptère a la capacité de ramasser des armes supplémentaires. Après avoir détruit certains ennemis, un power-up sera laissée derrière, ce qui peut vous donner l'un des quatre différents types de puissance de feu (la mitrailleuse ordinaire, le canon, le tir bi-directionnel ou les missiles). D'autres power-ups peuvent être trouvés : des bombes (qui peuvent être utilisées pour détruire tout sur l'écran), une vitesse supplémentaire, et une augmentation des armes (augmente les capacités de n'importe quel type d'arme que vous avez actuellement).
TwinBee (Japan) (En)	Les power-ups sous forme de cloches peuvent être collectés en tirant sur des nuages. La couleur de la cloche changera si le joueur tire dessus, en prenant l'une des couleurs possibles: 1. Jaune: accorde des points bonus; 2. Blanc: améliore les armes du joueur en un canon jumeau; 3. Bleu: augmente la vitesse du joueur (jusqu'à cinq niveaux); 4. Vert: crée des copies d'image de l'engin pour plus de puissance de feu; 5. Rouge: fournit un bouclier pour supporter les dégâts. Les cloches verte et rouge ne peuvent pas être combinées. Des power-ups alternatifs peuvent être collectés à partir du sol, comme une cloche alternative qui améliore le vaisseau avec un pistolet à trois voies et une étoile qui détruit tous les ennemis à l'écran. Un coup dans la section centrale de l'engin le détruira. Les tirs qui frappent l'un des bras de l'engin ne détruiront que le bras. Si les deux bras sont perdus, l'engin ne pourra plus tirer de bombes et devra être réparé par une ambulance. Dans le mode à deux joueurs, TwinBee (cyan craft) et WinBee (red craft) ont la même vitesse et ils peuvent rejoindre &quot;au corps à corps&quot; et tirer une super explosion. Toujours en mode deux joueurs, si un vaisseau est touché par l'autre par derrière, il tirera quatre tirs multidirectionnels.
TwinBee 3 - Poko Poko Daimaou (Japan)	Twinbee 3 : Poko Poko Daimao sur Nes est le 3ème opus de la série des Twinbee. Ce shoot'em up en scrolling vertical vous replonge dans la peau d'un Twinbee ou un Winbee parcourant le royaume fantastique tout en dézinguant de nombreux ennemis à la pelle. Au fur et à mesure que vous détruisez vos opposants vous gagnerez des améliorations de vos armes pour plus de destruction.
U-Force Power Games (USA) (Proto 1)	compilation de mini-Jeu annulée. Initialement prévue pour être utilisée avec le U-Force controller.
Uchuu Keibitai SDF (Japan)	Space Defense Force SDF est un jeu de tir spatial à défilement vertical. Bien qu'il défile verticalement, vous bénéficiez également d'un mouvement horizontal. L'action n'est pas frénétique, mais le jeu est encore un peu difficile en raison des vagues d'attaque ennemies serrées et de la possibilité d'être abattu dans le dos. Pour cette raison, vous ne devez pas laisser les ennemis passer indemnes, car ils peuvent vous tirer dessus en dehors de l'écran. À certains moments, les capsules sous tension se matérialiseront dans l'espace. Ils vous donneront non seulement une plus grande puissance de feu, mais serviront également d'armure reconfigurable, ce qui est le principal argument de vente de SDF. L'armure peut être déplacée de votre torse vers votre dos, et lorsqu'elle est déplacée dans un grand arc, elle détruira tous les ennemis qu'elle heurte. Une fois fixé à votre dos, elle accordera également une petite augmentation de vitesse. Apprendre à utiliser l'armure est la clé pour survivre dans ce jeu.
Uchuusen Cosmo Carrier (Japan)	Nous sommes en 1999. Les envahisseurs extraterrestres forcent lentement notre lune en orbite vers la Terre. Dans cent heures, toute vie sur Terre sera détruite. Votre mission est de voyager de planète en planète dans notre système solaire et d'intercepter la flotte extraterrestre. Uchuusen : Cosmo Carrier est un jeu de stratégie d'action où vous pilotez le Cosmo Carrier titulaire et combattez les extraterrestres tout en acquérant des renseignements sur le système solaire, les planètes et ses lunes. Les informations recueillies par les satellites avec vos Mechs déployables vous aideront à trouver la force extraterrestre et à la détruire. Une fois déployés, vos Mechs se promènent à la surface et combattent des tourelles pour trouver des objets/indices.
Ufouria - The Saga (World) (Evercade)	Disponible sur Nes, Ufouria est un jeu de plates-formes dans lequel vous incarnez Bop-Louie, un humanoïde ressemblant à un bonhomme de neige venant de la planète Ufouria. Ce dernier devient amnésique suite à une chute et doit retrouver ses amis, eux aussi ayant perdu la mémoire. De nombreux mondes sont à explorer, seulement il vous faudra l'aide de vos compagnons pour les débloquer.
Ultima - Exodus (USA)	Ultima III : Exodus est un jeu de rôle sur NES. Après la défaite de ses parents Minax et Mondain, Exodus qui est devenu adulte décide de se venger de la mort de ses géniteurs. Vous devez donc le retrouver et faire tout votre possible pour l'arrêter. Vous voyagez à travers des villes très vastes et détaillées et vous rencontrez de nombreuses personnes à qui parler.
Ultima - Quest of the Avatar (USA)	Ultima IV : Quest of the Avatar sur NES est le quatrième jeu de rôle de la série fondée par Richard Garriott. Le but est de devenir prophète (un &quot;avatar&quot;) d'une nouvelle religion (une &quot;philosophie de vie&quot;). Pour ce faire, le joueur doit exercer les 8 vertus de l'avatar et trouver un ouvrage nommé Codex de la sagesse ultime.
Ultima - Warriors of Destiny (USA)	Ultima : Warriors of Destiny sur NES (Ultima V sur les autres supports) est un jeu de rôle dans lequel vous incarnez le héros de Britanie. Une nouvelle menace surgit. Après la disparition du seigneur British, le tyran Blackthorn gouverne désormais les terres de Britanie. Celui-ci en profite pour envoûter le peuple et le placer sous son emprise.
Ultimate Air Combat (USA)	Disponible sur Nes, Ultimate Air Combat est un jeu d'action dans lequel vous incarnez le fleuron des pilotes de chasse américains envoyé par la Maison Blanche pour arrêter un certain dictateur Don Gwano. Ce dernier s'apprête à envahir les pays limitrophes, à vous de le stopper grâce à des frappes tactiques sur ses bases militaires. Le soft propose 3 modèles d'avions différents, une dizaine d'armes disponibles et plus d'une trentaine de missions à remplir.
Ultimate Basketball (USA)	Ce jeu ressemble beaucoup à double dribble avec + d’équipes(7) et + d’options(tournoi). En revanche le jeu est + saccadé et un peu trop fou fou pour une bonne lecture du jeu.Ce n’est pas un jeu catastrophique mais en dessous des meilleurs.
Ultraman Club - Kaijuu Daikessen!! (Japan)	Club Ultraman: Kaijuu Dai Kessen !! est un jeu de plateforme d'action pour le Nintendo Entertainment System. Ultraman Club: Great Kaiju Battle est un jeu de plateforme assez simple, typique de l'ère NES. Vous marchez généralement droit / haut et battez divers méchants de la franchise Ultraman. Vous pouvez également utiliser des sous-armes et passer d'une arme à l'autre. De temps en temps, vous obtenez un mini-jeu de ballon où vous pouvez gagner plusieurs prix. Une chose à garder à l'esprit, cependant, est que plusieurs des Ultramen semblent très similaires, avec les seules différences réelles dans leur ?uvre d'art étant autour de la zone de l'épaule. Cela peut causer un peu de confusion quant à savoir qui parle. Rappelez-vous juste qu'après avoir battu un patron, Ultraman Zoffy parle à votre Ultraman, votre Ultraman ne parle pas à lui-même! Après avoir travaillé sur la façon dont le texte est formaté dans ce jeu, le piratage était assez simple, bien que le script ait dû être réduit pour tenir dans l'espace disponible. Les noms de planète entre les étapes se sont toutefois avérés difficiles, donc ils n'ont pas été traduits pour l'instant.
Ultraman Club - Supokon Fight! (Japan) (Datach)	Comprend les personnages classiques d'Ultraman participant aux Jeux Olympiques. L'un des sept jeux sortis pour le Datach Joint ROM System, un accessoire d'amélioration du marché secondaire de Bandai pour Famicom, permettant au système de jouer à certains jeux compatibles. Sa principale caractéristique est la fente de lecture de carte / code-barres sur le devant utilisée pour ajouter des personnages ou des objets au jeu.
Ultraman Club 2 - Kaettekita Ultraman Club (Japan)	Ultraman Club 2: Ultraman Club Returns est le deuxième opus de la série Ultraman Club et s'inscrit dans la même lignée que Final Fantasy et Dragon Quest. Vous vous baladez simplement en combattant des monstres et des extraterrestres pour sauver des personnes ou des planètes. Les combats sont essentiellement des batailles au tour par tour, semblables à celles des clones de Dragon Quest.
Uncanny X-Men, The (USA)	The Uncanny X-Men est un jeu d'action/aventure sur Nes. Choisissez deux des six X-Men proposés (Cyclope, Wolverine, Tornade, Colossus, Icemand, et Diablo) pour, une fois de plus, contrer les plans de Magneto. Avec l'aide de l'ordinateur ou d'un ami, cherchez dans chaque niveau le poste de commandes caché et détruisez-le.
Uncharted Waters (USA)	La famille Franco était autrefois l'une des maisons les plus influentes du Portugal. Jusqu'à ce que le chef de famille parte pour un voyage désastreux à la recherche du royaume du Prêtre Jean. Le chaos qui s'ensuivit mit fin à la noblesse du nom Franco. Cent ans ont passé et le Portugal a prospéré grâce à ses empires maritimes et commerciaux. Le jeune Leon Fanco souhaite restaurer la réputation de sa famille et se faire un nom en tant que marin. Au cœur de son ambition se trouve la belle Christiana, convoitée par l'héritier présomptif du royaume. À cette fin, Leon a travaillé dur pour financer son premier navire. La première étape de son rêve accomplie, Franco prend la mer avec le meilleur ami de son père comme second, parti à la recherche de la gloire, de l'aventure et de la fortune sur les mers et dans des eaux inexplorées.
Uninvited (USA)	Uninvited sur NES est un jeu d'aventure horrifique dans lequel vous devrez explorer une maison abandonnée. Pendant que vous conduisez, une vision vous surprend et entraîne un accident. Lorsque vous vous réveillez, votre frère est introuvable. Il ne peut qu'être dans ce manoir peu accueillant qui se dresse devant vous. Vous décidez de partir à sa recherche sans savoir que le manoir appartenait à un sorcier et son apprenti.
Untouchables, The (USA)	Basé sur le film de 1987 les incorruptibles de Bryan de Palma et essaye d'en suivre l'intrigue. Dans le Chigago des années 20 en pleine prohibition, Eliot Ness et son équipe sont déterminés à mettre un terme à Al Capone et à son gang. Le jeu propose 7 niveaux : Les rues, l'entrepôt, le pont, les allées, la gare, l'otage, et le toit. Certains de ces niveaux proposent des séquences d'actions classiques, d'autres des séquences de tirs en vue TPS ou vous commencez derrière un mur et vous devez abattre un certain nombre de gangsters avant le temps impartis, lors de ces séquences le personnage se met automatiquement à couvert pour recharger.
Urban Champion (World)	Urban Champion sur Nes est un jeu de combat dans lequel deux personnages rivaux décident d'un rendez-vous pour se battre. Le premier personnage qui arrive à pousser le second dans un trou de bouche d'égout remporte la partie. Seuls les coups de poings sont autorisés.
Urusei Yatsura - Lum no Wedding Bell (Japan)	Lamu : Lum no Wedding Bell est un jeu de plates-formes/action inspiré du manga éponyme de Rumiko Takahashi. Vous incarnez Lamu, une extraterrestre aux jupes aussi légères que ses moeurs, qui doit atteindre la fin des niveaux en tirant sur toutes sortes de bestioles et en se frayant un passage à travers une architecture pleine de pièges.
Ushio to Tora - Shinen no Taiyou (Japan)	Basé sur la série animée Ushio & Tora, ce jeu raconte l'histoire d'un garçon nommé Ushio. Il vit dans un Tokyo moderne avec son père, mais sa lignée familiale remonte à l'époque des samouraïs au Japon. Il y a cinq cents ans, un démon terrorisait le pays. L'ancêtre d'Ushio, brandissant une lance magique venue de Chine, a réussi à lier le monstre à un rocher à l'aide d'un artefact. Incapable de tuer le démon, il a construit un temple autour de celui-ci et y est resté comme moine pour s'assurer qu'il ne s'échapperait pas. Ushio trouve le démon toujours attaché à la roche dans le sous-sol de l'un des bâtiments du temple. Malheureusement, en brisant le sceau des portes du sous-sol, Ushio a libéré l'énergie maléfique du démon, qui attire d'autres monstres. Ushio appelle le démon Tora, car cela lui rappelle un tigre (Tora est le mot japonais pour tigre). Tora doit rester avec Ushio, parce qu'il tient la lance magique, et pour l'aider à vaincre sa propre volonté maléfique ! Le jeu se déroule comme un RPG traditionnel sur console, avec des batailles au tour par tour, où Ushio utilise la magie de sa famille, et Tora ses capacités démoniaques. Vous explorez Tokyo en déplaçant Ushio de haut en bas, et à l'intérieur des maisons et des donjons, la vue passe à la première personne, comme dans les premières aventures de &quot;fiction interactive&quot;. De Ushio à Tora : Shinen no Daiyo est un jeu exclusivement japonais et n'est pas le même que le titre d'action de la SNES &quot;Ushio & Tora&quot;.
Utsurun Desu. - Kawauso Hawaii e Iku (Japan)	Bien qu'il s'agisse ostensiblement d'un jeu de plates-formes traditionnel dans lequel le joueur contrôle Kawauso-kun, le jeu est réputé pour être l'un des premiers titres à avoir tenté de s'affranchir des conventions du jeu vidéo de l'époque. Parmi les autres nouveautés du jeu, citons une série de faux écrans titres que le joueur doit traverser au début, et la possibilité pour le personnage principal de traverser l'arrière-plan à certains moments pour contourner des fosses de pics qui semblent impossibles à franchir. En outre, l'attaque du personnage nécessite que le joueur maintienne le bouton d'attaque enfoncé pendant que le jeu fait défiler les coups spéciaux possibles, les attaques les plus puissantes n'étant mises en évidence que pendant une courte période.
UWC (USA) (Proto)	UWC (Universal Wrestling Corporation) est un jeu de catch. Il n'a pas pu voir le jour du grand public pour la simple et bonne raison, il fallait la validation de Nintendo à l'époque. Seul WCW World Championship Wrestling a été retenu. Le but du jeu est d'épingler avec succès votre adversaire en abaissant ses points de vie.
Valkyrie no Bouken - Toki no Kagi Densetsu (Japan)	Valkyrie no Bouken : Toki no Kagi Densetsu est un jeu de rôle/action sur Nes. Le titre vous permet d'incarner Valkyrie, une héroïne aux cheveux blonds et au casque ailé. Vous partez à l'aventure et devez combattre les armées du sombre démon Karmooz.
Vegas Connection - Casino kara Ai o Komete (Japan)	Vegas Connection - Casino Kara Ai O Komete est un jeu de casino. Le joueur peut choisir de résoudre le mystère ou aller directement aux jeux de hasard du blackjack, des machines à sous et de la roulette. La majeure partie de l'aventure du jeu consiste à trouver le kidnappeur de Marian et à l'appréhender.
Vegas Dream (USA)	Vegas Dream sur Nes est une sorte de party-game. Vous incarnez un touriste en vadrouille à Las Vegas, et au portefeuille garni de 700 dollars. A vous de multiplier cette somme en jouant au black jack, à la roulette ou aux machines à sous, et de repartir les poches pleines !
Venus Senki - Back the City (Japan)	Venus Wars sur Nes est un jeu de stratégie se déroulant en l'an de grâce 2089, 71 ans après que la planète Vénus soit rendue habitable. Vous incarnez Hound, un rebelle leader d'un groupe de motards et vous êtes en rogne. Vous allez libérer la ville de Io des 2 gangs qui se livrent une bataille sans merci. Dans ce jeu de stratégie vous évoluez au tour par tour tout comme vos ennemis. A vous de faire les bons choix.
Vice - Project Doom (USA)	Vice : Project Doom est un jeu de tir/plates-formes à défilement vertical pour le moins original. Le jeu comporte en effet 11 niveaux, qui alternent entre plates-formes traditionnelles, phases de shoot et phases de conduite. Le but de tout cela : délivrer Reese, votre coéquipier, tombé aux mains de bandits peu recommandables.
Videomation (USA)	Avec Videomation, tout le monde est un artiste! Videomation propose des outils de dessin, des tampons et une fonction d'animation qui laisse libre cours à votre imagination! Utilisez-le avec la NES pour créer des images vives avec des couleurs spectaculaires. Branchez votre magnétoscope avec Videomation pour créer des ajouts merveilleux et fous à vos vidéos de famille. C'est assez facile pour tout le monde! Apportez l'action d'une bataille de vaisseaux spatiaux ou le mystère d'une forêt sombre dans votre maison. Rappelez-vous, les seules limites à Videomation sont votre propre imagination!
Volguard II (Japan) (En)	Volguard II est un jeu de tir à défilement latéral qui fait suite à Volguard. Les joueurs doivent se frayer un chemin à travers 25 zones dans l'un des quatre niveaux de difficulté proposés par le jeu. Les joueurs contrôlent un vaisseau volant qui a la capacité de tirer à la fois des balles et des bombes, mais les balles ne sont utilisables que si le vaisseau a suffisamment de puissance pour le faire.
Volleyball (USA, Europe)	Volleyball sur NES est simulation de sport apparue 1986. Voilà le titre de retour en 2007 et le concept est le même : choisissez parmi une sélection d'équipes féminines et masculines du monde entier et affrontez l'ordinateur ou un ami. Vous disposez d'une grande variété de mouvements mais ne baissez pas la garde !
Wacky Races (USA)	Vous incarnez Diabolo, le célèbre chien de Satanas, dans un jeu de plate-forme sans grand intérêt. Vu qu'il n'y a pas la moindre course de voitures, on peut se demander pourquoi le jeu s'appelle comme ça.
Wagyan Land (Japan)	Wagan Land est une série de jeux de plateforme publiée par Namco (maintenant Namco Bandai Games) qui a été vendue exclusivement au Japon. La série met en vedette Wagan, une créature mystérieuse ressemblant à un dinosaure mécanique vert qui doit protéger sa patrie de Wagan Land du savant fou Dr. Devil. Les jeux comportent des étapes standard de défilement latéral où le joueur doit atteindre le but, aussi bien que la rencontre de patron où le joueur doit concourir dans un mini-jeu tel que la concentration et les shiritori. L'objectif du jeu est d'atteindre la fin de chaque scène d'action en utilisant au mieux les attaques sonores de Wagan et sa capacité de saut. Le joueur doit affronter un boss à la fin de certaines étapes, mais au lieu de combattre le boss au combat, le joueur doit lancer un mini-jeu où il doit marquer plus de points que son adversaire. Les graphiques de cet opuscule présentaient des arrière-plans simples avec des couleurs vives. Le thème du boss qui a ensuite été utilisé dans Wagan Land 2 et Super Wagan Land a d'abord été utilisé dans cet épisode pour les mini-jeux de shiritori et de concentration.
Wagyan Land 2 (Japan)	Wagyan Land 2 se joue à peu près de la même manière que le premier Wagyan Land. Vous êtes un dinosaure vert, et vous marchez vers la droite et tirer des syllabes différentes de votre bouche, qui ne blessent pas réellement les ennemis. Ils restent juste gelés pendant un certain temps, selon la puissance de votre attaque. Une fois que vous obtenez quatre power-ups, vous devenez invincible, et vous pouvez enfin tuer vos ennemies. Ce qui n'arrive pas souvent.
Wai Wai World 2 - SOS!! Parsley Jou (Japan)	Wai Wai World 2: SOS !! Persil J?, allumé &quot;Wai Wai World 2: SOS !! Parsley Castle&quot; est un jeu de plateforme de Famicom sorti en 1991 au Japon par Konami. C'est une suite à Konami Wai Wai World, et met en vedette divers personnages de Konami. Le joueur commence le jeu en choisissant l'un des quatre groupes de caractères qui se composent de trois différents caractères Konami. La plupart des niveaux sont des parodies de différents niveaux des jeux Konami. Le gameplay est la plupart du temps comme un jeu de plate-forme simple, semblable à Contra. Dans ces niveaux, vous commencez avec le personnage principal Rickle (ou Rikkuru) qui, en récupérant un power-up spécial, peut se transformer temporairement en l'un des trois personnages différents que le joueur a choisi au début de la partie. Il existe également des niveaux de tireur spatial, de conduite et de puzzle. Après certains niveaux, vous pouvez choisir différents chemins qui consistent en différentes étapes.
Wall Street Kid (USA)	Wall Street Kid sur Nes est une sorte de simulateur de trader. Votre oncle décédé vous lègue deux milliards de dollars, à vous de les investir correctement pour multiplier ce magot.
War on Wheels (USA) (Proto)	War On Wheels permets aux joueurs d'attaquer physiquement tout adversaire qu'ils ne pouvaient pas distancer en patinant. Bien que le jeu ait été presque terminé, il a été annulé sans explication claire. Des critiques du jeu existent dans des magazines de l'époque, mais personne ne semble savoir pourquoi un titre aussi proche de l'achèvement n'a jamais été commercialisé.
Wario's Woods (USA)	Wario's Woods sur NES est un puzzle-game du genre Tetris reprenant les personnages Wario, Toad et Birdo de l'univers Mario. En duel, face à l'ordinateur ou à un autre joueur, vous contrôlez Toad et devez déplacer les animaux lancés par Wario et les bombes lancées par Birdo afin de faire correspondre leurs couleurs pour qu'ils disparaissent. Le but étant de ne plus avoir d'animaux et de bombes sur son écran.
Warpman (World) (Evercade)	Ce jeu est une version actualisée de Warp Warp. Les joueurs prennent à nouveau le contrôle du chasseur de monstres alors qu'il se bat contre différents types de Beroberos ennemis. Le jeu propose deux types de gameplay. Tout d'abord, les joueurs commencent dans le monde de l'espace. Les joueurs contrôlent le chasseur de monstres d'une perspective de haut en bas. Le joueur est équipé d'une arme qu'il peut utiliser pour tirer sur les monstres ennemis. Le chasseur de monstres ne peut marcher que dans les quatre directions cardinales et ne peut donc tirer que dans la direction où il se trouve. L'objectif est d'éliminer tous les monstres ennemis du champ de jeu pour terminer un niveau. En outre, si vous éliminez trois monstres de même type et de même couleur à la suite, un monstre spécial apparaîtra et pourra être abattu pour obtenir des points bonus. Parfois, ces monstres spéciaux portent une lettre du mot EXTRA. En rassemblant les cinq lettres de ce mot, le joueur obtient une vie supplémentaire.
Wayne Gretzky Hockey (USA)	Wayne Gretzky Hockey est un jeu de sport sur Nes. On y retrouve toutes les composantes d'un jeu de hockey classique, avec notamment les bastons entre joueurs. Le titre offre également un large panel d'options de coaching ainsi que la possibilité de créer votre propre équipe et vos joueurs.
Wayne's World (USA)	Wayne's World sur NES est un jeu de plates-formes qui propose au joueur d'incarner Wayne dans une aventure qui ne suit pas la trame du film. En effet, Garth, son ami de toujours, a été aspiré dans un jeu vidéo et kidnappé par l'infâme Zantar. Wayne se lance alors à sa poursuite avec sa fidèle guitare électrique qui envoie des ondes mortelles à ses ennemis.
WCW World Championship Wrestling (USA)	WCW : World Championship Wrestling est un jeu de catch en 2D isométrique sur Nes. Possédant les licences de la National Wrestling Alliance, le jeu propose des matchs en un contre un ou en deux contre deux, avec des légendes du catch telles que Nature Boy, Total Package ou The Dragon.
Werewolf - The Last Warrior (USA)	Inspiré du hit arcade Altered Beast, et comme son nom le laisse présager, vous incarnez un loup-garou toutes griffes dehors en quête de justice, qui s'en va sauver un monde en proie à la mégalomanie d'un savant fou, usant de ses moult sous-fifres pour y répandre la désolation. Vous parcourrez onze niveaux dont certains vous offriront quelques embranchements. Le héros pourra se transformer, à l'aide de bonus, en bête féroce, ce qui aura pour conséquence de décupler ses facultés, sa vie et sa force. Ainsi, sous cette forme, vous pourrez vous accrocher aux murs, ramper dans des passages étroits, vous suspendre au plafond, etc. La forme humaine, moins puissante, vous permettra tout de même d'utiliser un tir spécial pour compenser. Bien qu'il ne soit pas dénué de défauts, le gameplay de ce jeu reste néanmoins intéressant et l'esthétisme plutôt réussi pour de la NES.
Wheel of Fortune (USA)	Wheel of Fortune sur Nes n'est ni plus ni moins que l'adaptation de la célèbre émission télévisée &quot;La Roue de la Fortune&quot;. Le but du jeu est donc de deviner, lettre après lettre, la phrase ou le mot mystère. Plusieurs types d'éléments sont à deviner : phrase, personne, titre, etc. Vous pouvez jouer contre deux autres joueurs, ordinateurs ou humains.
Wheel of Fortune - Family Edition (USA)	Wheel of Fortune : Family Edition sur Nes n'est ni plus ni moins que l'adaptation de la célèbre émission télévisée &quot;La Roue de la Fortune&quot;. Le but du jeu est donc de deviner, lettre après lettre, la phrase ou le mot mystère. Plusieurs types d'éléments sont à deviner : phrase, personne, titre, etc. Vous pouvez jouer contre deux autres joueurs, ordinateurs ou humains. Cette édition propose de nouveaux mots à trouver adaptés pour la famille entière.
Wheel of Fortune - Junior Edition (USA)	Wheel of Fortune : Junior Edition sur Nes n'est ni plus ni moins que l'adaptation de la célèbre émission télévisée &quot;La Roue de la Fortune&quot;. Le but du jeu est donc de deviner, lettre après lettre, la phrase ou le mot mystère. Plusieurs types d'éléments sont à deviner : phrase, personne, titre, etc. Vous pouvez jouer contre deux autres joueurs, ordinateurs ou humains. Cette édition propose de nouveaux mots à trouver adaptés aux jeunes joueurs.
Wheel of Fortune Featuring Vanna White (USA)	Wheel of Fortune : Featuring Vanna White sur Nes n'est ni plus ni moins que l'adaptation de la célèbre émission télévisée &quot;La Roue de la Fortune&quot;. Le but du jeu est donc de deviner, lettre après lettre, la phrase ou le mot mystère. Plusieurs types d'éléments sont à deviner : phrase, personne, titre, etc. Vous pouvez jouer contre deux autres joueurs, ordinateurs ou humains. Cette édition se distingue par l'intégration de Vanna White, l'hôtesse qui tourne les lettres.
Where in Time Is Carmen Sandiego (USA)	Where in Time is Carmen Sandiego ? est un jeu d'aventure sur NES. Carmen Sandiego, célèbre chef de la Ligue internationale des scélérats du mal, voyage dans le temps en volant des trésors inestimables. Il vous incombe de l'attraper avant qu'elle ne change le cours de l'histoire.
Where's Waldo (USA)	Where's Waldo? est un jeu d'observation sur Nes. Basé sur la fameuse série de livres &quot;Où est Charlie ?&quot;, le soft en reprend le concept, à savoir retrouver le bonhomme au pull rouge rayé et aux lunettes rondes dans des environnements pleins de couleurs et au milieu d'autres personnages. Au fur et à mesure que vous augmentez la difficulté, l'image sur laquelle vous cherchez s'agrandira et dépassera même de votre écran. Selon l'écran, du temps sera imparti.
Who Framed Roger Rabbit (USA)	Who Framed Roger Rabbit ? est un jeu vidéo d'action-aventure créé pour la NES par Rare et publié par LJN Toys Inc. en 1989. Le jeu est vaguement basé sur le film du même nom et combine des mécaniques de jeux d'aventures avec un gameplay d'action plus traditionnel.
Whomp 'Em (USA)	Whomp 'Em raconte l'histoire d'un petit amérindien nommé Soaring Eagle qui cherche à remplir son sac magique de totems. Ces totems sont protégés par des boss redoutables à la fin de différents environnements répartis sur tout le territoire. Chaque totem donne à Soaring Eagle un nouveau pouvoir pour l'aider à terminer son voyage.
Widget (USA)	Widget est un des premiers jeu de plate forme sorti sur NES. Si les décors ne sont pas très convaincants, les personnages quant à eux, sont plutôt réussis. Vous incarnez un petit extra terrestre du nom de Widget. Le jeu a le nom de la série Widget mais pas vraiment le personnage car dans la série Widget est VIOLET et peut se transformer en tout ce qui existe pour sauver le monde des méchants pollueurs et méchants braconniers tentant de détruire notre belle planète bleue. Mais la il est bleu et il doit quand même sauver le monde. Les musiques sont bonnes sans toutefois être persistante. La durée de vie est correcte on y revient avec plaisir. Bref un bon jeu mais pas le meilleur de la NES.
Wild Gunman (Japan, USA) (En)	Jeu unique en son genre. Un peu dans l'esprit de Lucky Luke, il ne faut pas tirer + vite que son ombre mais que son adversaire. Bien fun pendant 5 ou 10 minutes mais quand même original surtout pour l'époque!
Willow (USA)	Willow est un jeu de rôle sur Nes. Adapté du film du même nom, ce titre vous propose d'incarner le héros, Willow, l'élu qui doit rendre sa forme humaine à la magicienne Fin Raziel et tuer la sorcière maléfique Bavmorda. Faites bon usage de votre équipement pour venir à bout du mal.
Wily & Right no Rockboard - That's Paradise (Japan)	Très inspiré par le Monopoly, Wily & Right no Rock Board : That's Paradise sur Nes est un jeu de société s'appuyant sur l'univers de Mega Man. On y retrouve pas mal de personnages dont les deux professeurs : le Dr Light et le Dr Wily.
Win, Lose or Draw (USA)	Win, Lose or Draw sur Nes est l'adaptation de l'émission Dessinez c'est Gagné. Le principe est simple, vous avez 60 secondes pour deviner ce que l'ordinateur est en train de dessiner. Si vous ne réussissez pas, l'équipe adverse bénéficie de 15 secondes supplémentaires et empoche la mise si elle trouve. Faites donc preuve d'imagination.
Wing of Madoola, The (World) (Red Art Games)	Le royaume de Badham était autrefois l'hôte de la légendaire statue d'oiseau Wing of Madoola. Quiconque possédait l'aile aurait un pouvoir énorme. De nombreuses guerres ont été causées par des nations qui voulaient contrôler ce puissant artefact.
Winter Games (USA)	Winter Games sur Nes est une simulation de jeux de sport se déroulant durant les Jeux Olympiques d'hiver. Au programme, plusieurs disciplines sont disponibles comme le patinage, le slalom ou encore la luge et le biathlon.
Wit's (Japan)	Un jeu ou des espèces patineurs laissent un mur derrière leur passage et doivent tenter d'enfermer leur adversaire un peu comme dans le combat de moto du film Tron. Il faut vaincre les cinq adversaires dans l'ordre de son choix pour pouvoir bloquer l'ultime et dernier ennemi, le dr. Wit.
Wizardry - Knight of Diamonds - The Second Scenario (USA)	Wizardry II : The Knight of Diamonds sur Nes est un jeu de rôle en vue à la première personne. Le terrible Davalpus qui menaçait le royaume de Llylgamyn a été battu par le Prince, équipé du sceptre légendaire de Gnilda. Ce dernier a été placé par le dieu Gnilda lui-même au fin fond d'un temple. Votre mission est d'aller récupérer ce bâton afin de préserver la paix.
Wizardry - Proving Grounds of the Mad Overlord (USA)	Wizardry : Proving Grounds of the Mad Overlord est un jeu de rôle sur Nes dans lequel vous contrôlez un maximum de 6 aventuriers. Envoyez-les dans un donjon pour combattre des monstres et collecter des trésors. L'action se déroule dans le domaine de Trébor et votre but est de récupérer une amulette magique dans les sous-sols du donjon du château et de triompher de Werdna.
Wizardry II - Llylgamyn no Isan (Japan)	Comme ses prédécesseurs, c'est un RPG en vue subjective de type dungeon crawler, où le joueur forme une équipe de six personnages pour explorer un vaste donjon labyrinthique, combattant des ennemis aléatoires en tour par tour et revenant parfois en ville pour se reposer, s'équiper et s'approvisionner. Les personnages doivent être importés du premier ou du deuxième jeu. Classes, système de combat et mécaniques restent similaires aux deux premiers volets, mais l'alignement (bon, mauvais ou neutre) joue un rôle plus important : si le premier niveau est accessible à tous, les cinq autres imposent des restrictions d'alignement, exigeant par exemple la présence d'au moins un personnage bon ou mauvais, ou l'absence totale de neutres.
Wizards & Warriors (USA)	Wizards & Warriors est un jeu de plates-formes sur NES. Vous dirigez le chevalier Kuros et devez délivrer une princesse captive du terrible sorcier Malkil, qu'on dit être le maître de Merlin en personne. Dans votre traversée de la forêt d'Elrond et des interminables cavernes jusqu'au château d'Ironspire, vous devez aussi délivrer, à l'aide de votre épée Brightsword, plusieurs demoiselles en détresse.
Wizards & Warriors III - Kuros...Visions of Power (USA)	Wizards & Warriors III : Kuros Visions of Power est un jeu d'action/plates-formes sur Nes. Le but est de retrouver des statues qui vous permettront d'entrer dans les diverses guildes d'Elrond. Une fois entré, vous pourrez participer à une épreuve, qui se conclut par le combat contre un boss.
Wolverine (USA)	A la recherche de son passé l'Arme X, Wolverine parcourt les rues de Tokyo ainsi que les méandres du complexe dans lequel il subit ses greffes, mais ceci ne sera pas de tout repos puisque son vieil ennemi Dent de sabre lui opposera pièges et sbires afin de le ralentir.
Woody Poko (Japan)	Vous contrôlez une ancienne figure en bois nommée &quot;Poco&quot;. Il vit en harmonie avec les humains depuis de nombreuses années. Pour Poco, le voyage consiste à trouver la fée qui enseigne aux gens à retrouver des amitiés avec des poupées en bois. Les ennemis rencontrés à travers le jeu sont des créatures étranges et des vieillards ennuyeux. Vous pouvez choisir d'attaquer et de voler dans les magasins, mais après avoir volé, l'apparence du joueur est changée pour ressembler à celle d'un voleur. Les hôtels et les maisons de pion ne peuvent plus admettre le joueur pour le reste du jeu après un vol a eu lieu. Le jeu gère les cycles jour/nuit.
World Boxing (Japan)	World Boxing est un jeu de sport, développé par Natsume et publié par TSS, qui est sorti au Japon en 1990. Il s'agit d'un clone de Pirate. Il s'agit d'une exclusivité japonaise intéressante qui a fait son chemin jusqu'aux Etats-Unis. UU Avec de grands graphiques et une perspective unique.
World Champ (USA)	World Champ est un jeu de boxe en 2D sur Nes. Le jeu offre la possibilité de choisir sa catégorie de poids, d'évoluer en championnat et de jouer jusqu'à huit en multijoueur.
World Games (USA)	World Games sur NES est une compilation de jeux supposés représenter le sport national d'une pléthore de nations. Sorti à l'origine sur Nes, il vous faudra passer par des épreuves désopilantes comme le saut de tonneaux, le slalom ou encore les plongeons.
Wrath of the Black Manta (USA)	Wrath of the Black Manta est un jeu tiré de l'arcade, avec un défilement horizontal sur Nes. Le crime augmente à New York, et de plus en plus d'enfants disparaissent mystérieusement. Une seule solution : vous, Black Manta, un ninja surentraîné. Traversez les 5 niveaux du jeu en tabassant tous les méchants. Vous pouvez même en interroger certains !
Wrecking Crew (World)	Wrecking Crew sur NES est un jeu de plates-formes dans lequel le joueur incarne Mario reconverti en casseur de briques. Il penche également du côté du puzzle game puisque la progression nécessite une certaine réflexion.
Wurm - Journey to the Center of the Earth! (USA)	Wurm : Journey To The Center Of The Earth sur Nes est un jeu particulier, qui offre, au travers de ses 5 niveaux, trois gameplays différents : conduite de véhicule, plates-formes en défilement horizontal et combat à la première personne ! Le tout avec un seul objectif : exterminer des mutants.
WWF King of the Ring (USA)	Un petit jeu de catch sympas comme on les aiment , les graphismes sont super bien fait pour l'époque !
WWF WrestleMania (USA)	WWF Wrestlemania sur Nes est le tout premier jeu de catch de la ligue WWF sur une console Nintendo. On y retrouve six principaux combattants de l'époque, comme Hulk Hogan ou Randy Savage.
WWF WrestleMania - Challenge (USA)	Ce jeu met en scène de nombreux grands noms de la WWF, comme Rick Rude, The Big Boss Man, Andre The Giant, &quot;The Macho Man&quot; Randy Savage, Hulk Hogan, &quot;Hacksaw&quot; Jim Duggan, Brutus &quot;The Barber&quot; Beefcake et The Ultimate Warrior. Vous pouvez suivre une petite carrière en essayant de devenir le champion de lutte de la WWF . Il y a aussi des affrontements en un contre un. Les Tag Teams de 2 contre 2 sont également une autre option. Dans la série des survivants, 3 catcheurs affrontent 3 catcheurs, et la dernière équipe debout après l'élimination de l'autre est le vainqueur.
WWF WrestleMania - Steel Cage Challenge (USA)	WWF WrestleMania : Steel Cage Challenge sur Nes est un jeu de catch vous mettant aux prises avec des combattants officiels tels Randy Savage, Shawn Michaels et bien d'autres. Seul ou en équipe, réduisez votre adversaire en poussière grâce aux techniques et coups spéciaux. Le jeu propose divers modes de combat dont un duel en cage, le vainqueur étant le premier parvenant à s'échapper.
Xenophobe (USA)	Un appel de détresse est reçu des stations spatiales en orbite autour de votre planète, puis c'est le silence. Un seul vaisseau s'échappe, piloté par un homme meurtri qui raconte l'histoire de capsules qui éclosent en Xenos crachant de l'acide. Un petit groupe d'ingénieurs a été envoyé pour combattre la menace Xenos avant qu'elle ne s'empare de toutes les stations spatiales et, finalement, de votre planète. Rassemblez votre groupe d'ingénieurs et combattez les Xénos sur chaque station, en essayant de la nettoyer ou de l'abandonner. Vous commencez avec un laser standard, mais vous pouvez acquérir des armes supplémentaires au fur et à mesure que vous en trouvez, notamment des phasers, des fusils à éclairs, des pistolets Poofer et des bombes.
Xevious - The Avenger (World) (Evercade)	Xevious est un shoot'em up sur Nes, le premier à proposer un scrolling vertical et la possibilité d'attaquer les ennemis aussi bien sur le sol que dans les airs. Vous devez protéger la Terre de l'impitoyable Xevious, et pour cela, votre seule défense sera le Soulvalou Fighter Plane.
Xexyz (USA)	Dans Xexyz sur Nes, des extraterrestres ont attaqué la Terre, déjà en sale état après une guerre nucléaire. Incarnez le sauveur de l'humanité en éliminant toute la vermine galactique à l'aide de power-up surpuissants dans ce jeu de tir/plates-formes à défilement horizontal.
Yamamura Misa Suspense Series - Kyoto Zai-Tech Satsujin Jiken (Japan)	Yamamura Misa Suspense: Kyoto Zai-tech Satsujin Jiken est le dernier volet de la trilogie des jeux Yamamura Misa Suspense sortis sur Famicom au Japon. Comme les autres jeux, le jeu se déroule à la première personne avec des options de texte à sélectionner.
Yasuda Fire & Marine - Safety Rally (Japan) (Not For Resale)	Ce jeu rare n'a pas été vendu en magasin, mais a plutôt été distribué par la compagnie d'assurance Yasuda en 1989. Il a pour but d'enseigner aux enfants des concepts de sécurité générale et de prévention des risques.
Yie Ar Kung-Fu (Japan) (En) (Rev 1.4)	Yie Ar Kung-Fu sur NES est un jeu de combat en 2D dans lequel vous incarnez Oolong, un jeune combattant qui doit affronter onze maîtres en arts martiaux, chacun ayant sa spécialité. Il va donc falloir adapter votre style pour chaque combat si vous voulez remporter le tournoi. Affûtez également votre maniement de l'arme blanche, de jet ou de poing, car vos opposants n'hésiteront pas à s'équiper.
Yo! Noid (USA)	Yo! Noid sur Nes met en scène le Noid, la mascotte de Domino's Pizza dans les années 80. Il s'agit en réalité d'un jeu de plates-formes dans lequel vous devez rattraper un imposteur qui sème la panique en ville, et en même temps livrer des pizzas. La version japonaise originale &quot;Kamen no Ninja Hanamaru&quot; mettait en scène un petit ninja devant délivrer des enfants.
Yoshi (USA)	Dans Mario and Yoshi, l'espace de jeu est divisé en quatre colonnes, sur lesquelles des monstres, représentés par différents ennemis de la série Super Mario, tombent du haut de l'écran jusqu'en bas à la manière d'un Tetris. Lorsqu'ils atterrissent, les monstres se transforment en blocs. Lesdits blocs finissent par s'accumuler pour remplir de plus en plus les colonnes sur l'espace de jeu, le but étant d'empêcher les monstres d'atteindre la ligne marqué sur la partie supérieure de l'écran. Pour éliminer un bloc, celui-ci doit entrer en contact avec un autre bloc correspondant au même monstre. Par exemple, si un bloc représentant un Goomba tombe sur un autre bloc Goomba, les deux disparaissent. Le joueur prend le contrôle de Mario, qui se trouve en dessous de l'espace de jeu. Celui-ci a le pouvoir d'échanger deux colonnes adjacentes à tout moment. Ainsi, le joueur doit fréquemment échanger les colonnes pour s'assurer qu'aucune d'entre elles ne dépasse la partie supérieure de l'espace de jeu. Des points sont donnés au joueur lorsqu'il élimine des blocs.
Yoshi's Cookie (USA)	Dans Yoshi's Cookie sur NES, Yoshi et Mario travaillent dans une usine à gâteaux. A chaque niveau, vous avez un nombre égal de rangées et de colonnes de cookies qu'il faut déplacer afin d'aligner les gâteaux. Plus vous progressez, plus le nombre de colonnes et de rangées augmente et plus le jeu est rapide. Dans le mode deux joueurs, vous avez le choix entre Mario, Yoshi, la Princesse et Bowser qui ont tous des caractéristiques différentes.
Youkai Club (Japan)	Ceci est un jeu de type plate-forme d'action extrêmement difficile. Ce jeu est principalement similaire aux autres variantes de course et de saut de Mario Bros que nous connaissons. Ce jeu cependant, jette un peu dans un thème de type Castlevania. Vous voyagez la plupart du temps vers le haut et pas côte à côte comme la plupart des jeux de défilement latéraux similaires. Cela contribue à rendre le jeu plus difficile que les autres. Il a également une tournure supplémentaire que vous devez contourner les obstacles, les lignes de feu qui sortent du sol, et bien d'autres choses. Vous collectez des clés, des bombes et d'autres objets dont je ne suis pas sûr où vous les utilisez parce que je ne suis pas allé aussi loin. Dans l'ensemble, c'est un jeu amusant, mais très difficile.
Youkai Douchuuki (Japan)	Tarosuke, en route vers son destin determiné par Buddha, voyage au travers du &quot;Jigoku&quot; (l equivalent de l enfer Japonais) en combattant les &quot;Yokai&quot; (monstres mythiques Japonais). Il peut les detruires en leur envoyant des boulettes de Ki. Le jeu comporte cinq niveaus: Jigoku Iriguchi (la Porte de l'nfer), Kugyou no Michi (le Chemin de la Pénitence), Yuukai (la Mer fantôme), Sabaki no Tani (la Vallée du jugement) et Rinnekai (la Terre de la Transmigration). Il existe plusieurs chemins possibles qui peuvent être empruntés à differents moments ce qui von t déterminer sur l'une des cinq fins possibles du jeu. Chaque niveau est ponctué par un combat contre un boss. Avant ces combats, Tarosuke s'agenouille à un temple de Bouddha et prie, appelant &quot;Monmotaro&quot; (à ne pas confondre avec &quot;Momotar?&quot;), un esprit qui flotte dans l'air envoyant des boules d'énergie sur le boss et ses sbires. L'histoire s'inspire notamment du conte d'Urashima Tar? le pêcheur qui sauva une torute qui était en fait la fille du roi de l'océan. Selon ses actions pendant la partie, Tarosuke connaitrea l'une des 5 destinéées suivantes: il finira en enfer, au monde des goules affamées, dans le onde des bêtes, retournera dans le monde des humains ou sera accépté au paradis. Notez qu pour gagner sa place au paradis, Tarosuke ne doit ni collecter ni tuer quoi que ce soit au niveau 5.
Young Indiana Jones Chronicles, The (USA)	The Young Indiana Jones Chronicles est un jeu de plates-formes sur Nes basé sur la série TV éponyme. Dans ce titre, le jeune Indiana Jones se lance dans des aventures qui lui feront parcourir le globe, réunir des trésors et se battre pour ce qui est bon et droit.
Ys (Japan)	Ys sur NES est un jeu de rôle dans lequel vous incarnez Aron, un aventurier expert en maniement d'épées. La quête à accomplir consiste à retrouver les six livres d'Ys et de découvrir le secret qu'ils renferment avant que Dull Dekt ne s'en serve à des fins personnelles.
Ys II - Ancient Ys Vanished - The Final Chapter (Japan)	Ys II : Ancient Ys Vanished : The Final Chapter est un jeu de rôle sur NES. Après qu'une brillante lueur soit apparue au dessus de la Tour de Dahm, Adol Christin est retrouvé inconscient par une jeune fille nommée Lilia. Celle-ci lui dit qu'il se trouve dans le monde d'Ys... Ys II propose une jouabilité originale ; vous devez en effet charger l'ennemi pour lui faire des dégâts. A vous de choisir l'angle et l'élan pour votre coup.
Ys III - Wanderers from Ys (Japan)	Ys III : Wanderers from Ys est un jeu de rôle sur NES. Dogi décide de rentrer chez lui après d'inquiétantes rumeurs liées à son village. Toujours prêt à partir à l'aventure, Adol, son fidèle ami, se joint à lui pour tenter de déterminer la cause de ces nouveaux problèmes. Le joueur incarne Adol qui peut se servir de son épée et d'autres objets pour se défaire de ses nombreux ennemis.
Yu Yu Hakusho - Bakutou Ankoku Bujutsukai (Japan) (Datach)	Basé sur la série de mangas et d'animes YuYu Hakusho créée par Yoshihiro Togashi. Le protagoniste est Yusuke Urameshi, un lycéen délinquant qui est tué en essayant de sauver un jeune garçon d'être heurté par une voiture. Yusuke est ramené à la vie et se voit rapidement confier la tâche de participer au tournoi d'arts martiaux pour vaincre le démon Rando. L'un des sept jeux sortis pour le Datach Joint ROM System, un accessoire d'amélioration du marché secondaire de Bandai pour Famicom, permettant au système de jouer à certains jeux compatibles. Sa principale caractéristique est la fente de lecture de carte / code-barres sur le devant utilisée pour ajouter des personnages ou des objets au jeu.
Yume Penguin Monogatari (Japan)	Vous êtes un pingouin, votre petite amie veut vous quitter parce que vous êtes...TROP GROS !!! Mais elle vous laisse une chance si vous réussissez les niveaux en étant plus mince ( c'est ce que j'en ai compris...mais le jeu est en japonais alors c'est pas certain ) Vous devez parcourir les niveaux en ramassant les bouteilles qui font maigrir mais rester z sur vos gardes, pleins d'ennemis vous lancent de la bouffe pour que vous rendre de plus en plus gros. C'est un jeu de plate-forme que j'ai bien aimé qui et le fait de faire attention à son poids est un défi de plus ! Jeu à essayer !!
Zanac (USA)	Zanac sur Nes est un jeu de tir très particulier. En effet, il est sans doute le premier jeu à utiliser une IA évolutive pour les bots. Le jeu étant à défilement vertical, si le joueur dégomme trop facilement les ennemis venant de gauche, l'IA pourra très bien en faire apparaître plus à droite pour le submerger, par exemple.
Zelda II - The Adventure of Link (USA)	Zelda II : The Adventure of Link sur Nes nous fait retrouver les bottes du héros d'Hyrule, le grand Link. Partez à la recherche de la Triforce pour réveiller la princesse Zelda, plongée dans un sommeil profond, tandis que les sbires de Ganon tentent de ressusciter leur maître. Le titre propose une carte du monde, une vue de côté permettant un défilement horizontal et introduit des éléments qui deviendront cultes dans la suite de la série.
Zen - Intergalactic Ninja (USA)	Zen Intergalactic Ninja est un jeu de plates-formes un peu particulier sur Nes, tiré d'un comics du même nom. Vous incarnez Zen, un ninja écologique qui doit repousser des aliens pollueurs, à grand renfort de katana, de fusil et de grenades.
Zippy Race (Japan)	Eh bien ca ressemble quand même a &quot; Hang on &quot; sur Master System sauf que la c'est sur NES, donc prenez quand même si vous êtes en manque de nostalgie...
Zoda's Revenge - StarTropics II (USA)	Mike Jones, lanceur de baseball émérite et aventurier à ses heures perdues, est de retour pour une nouvelle aventure qui le mènera à travers les âges ! Cette suite de StarTropics est l'un des derniers jeux à être sortis sur NES en Amérique du Nord. Revivez avec Mike les grandes étapes de l'histoire, de la Préhistoire à la conquête de l'Ouest ! Rencontrez des personnalités historiques telles que Léonard de Vinci ou Cléopâtre et affrontez les vengeurs de Zoda, la créature extraterrestre vaincue par Mike lors de sa première aventure. Zoda s'apprêterait-il à faire son retour ?
Zoids - Chuuou Tairiku no Tatakai (Japan)	Le joueur prend le contrôle du personnage principal dans les trois premières adaptations animées de la série, le Zoid semblable à Godzilla connu sous le nom de Gojulas. Le jeu combine des éléments traditionnels de RPG, comme se déplacer dans les villes, interagir avec les personnages et explorer une vaste carte du monde en mosaïque. Cependant, lors des rencontres avec des ennemis, le jeu passe à une vue à la première personne, permettant de combattre d'autres Zoids dans une perspective similaire à celle de Battlezone. Le système de vue du monde utilise une fonction appelée &quot;rencontres symboliques&quot;, permettant au joueur de voir les Zoids ennemis qui le poursuivent et l'attaquent. Les combats se déclenchent lorsque le joueur entre dans le même espace qu'un Zoid ennemi, moment auquel il peut choisir de fuir ou d'attaquer.
Zoids 2 - Zenebas no Gyakushuu (Japan)	Zoids 2 : Zenebasu no Gyakushuu (ou &quot;Zoids 2 : Zenebas' Counterattack&quot;) est un jeu d'action et de rôle pour NES/Famicom. Il s'agit de la suite du jeu Famicom &quot;Zoids : Chuuou Tairiku no Tatakai&quot;. Comme dans le premier jeu, l'exploration se fait dans le style typique des RPG, tandis que les combats sont menés à la première personne.
Zoids Mokushiroku (Japan)	Zoids: Mokushiroku, ou Zoids: Apocalypse, est un jeu de stratégie basé sur la franchise de Tomy's Zoids. Il joue comme un jeu de stratégie ordinaire, mais lorsque deux unités se font face, il devient plus orienté vers l'action. Le joueur peut choisir entre un jeu de stratégie au tour par tour ou un jeu de stratégie en temps réel, ce qui rend ce jeu unique parmi d'autres jeux de stratégie. Des tremblements de terre se produisent occasionnellement, ce qui peut changer l'environnement en bloquant les chemins, en en créant de nouveaux, etc.
Zombie Hunter (Japan)	Un jeu de plate-formes sympa et moche ^^ où vous devez éliminer des zombies
Zombie Nation (USA)	Dans Zombie Nation sur Nes, une météorite contenant une créature démoniaque a transformé tous les Américains en zombies. Pour les soigner, une seule solution : retrouver un katana magique. Incarnez Namakubi, un samouraï, dans ce jeu de tir à défilement horizontal, et délivrez les USA de ce mal diabolique.
Zunou Senkan Galg (Japan) (En)	Zunou Senkan Galg est un shoot'em up dans lequel vous contrôlez un vaisseau spatial dans un défilement en scrolling vertical. Le jeu consiste à récupérer des pièces en détruisant les adversaires et les bunkers sur la map. Les ennemis sont les seules choses qui changent puisque les décors restent les mêmes tout comme la bande-son.
