#key	synopsis
'89 Dennou Kyuusei Uranai (Japan)	Questo gioco è una simulazione di oroscopo/chiromante. All'inizio del gioco, inserisci il tuo nome, quindi scegli il tuo compleanno e sesso. A seconda della tua scelta, d'ora in poi vedrai un pianeta che governa il tuo destino. Dopodiché, attraversi una varietà di menu e sottomenu per conoscere la tua vita. Puoi scoprire cosa generalmente ti aspetta nella vita o semplicemente inserire una data esatta e leggere il tuo oroscopo. Puoi controllare lo stato della tua salute e dei tuoi oggetti fortunati, oltre a sapere che tipo di persona sei. Naturalmente, puoi anche aggiungere i dati di un'altra persona e vedere se c'è la possibilità di una relazione romantica tra voi due.
10-Yard Fight (USA, Europe)	10-Yard Fight è un semplice gioco arcade basato sul football americano. Un giocatore può giocare contro il computer o un secondo giocatore testa a testa e può scegliere tra cinque livelli di difficoltà (liceo, college, professionista, playoff e Super Bowl). Se vinci una partita a un livello di difficoltà inferiore, la partita successiva viene giocata automaticamente al livello di difficoltà successivo più alto.
1942 (Japan, USA) (En)	Una conversione del gioco arcade, 1942 è uno sparatutto a scorrimento verticale per uno o due giocatori. L'anno è il 1942 e tu sei un audace pilota di caccia &quot;Super Ace&quot;. Inizi e finisci ciascuno dei numerosi livelli su una portaerei e poi fai volare il tuo aereo in battaglia contro il nemico sia in mare che in terra. Dopo aver distrutto alcune formazioni aeree, puoi raccogliere diversi potenziamenti per aumentare la tua potenza di fuoco e le possibilità di sopravvivenza.
1943 - The Battle of Midway (USA)	Il sequel di 1942, che è ancora uno sparatutto a scorrimento verticale, vede il giocatore combattere ancora una volta sopra le nuvole durante la seconda guerra mondiale, questa volta in un'intensa battaglia appena al largo delle isole Midway. Gli aggiornamenti al gameplay includono una barra dell'energia, che può essere abbattuta venendo colpita dal fuoco in arrivo o utilizzando un'arma speciale. La barra dell'energia può essere ricaricata raccogliendo power-up, mentre armi speciali (fulmini, cicloni e onde) possono abbattere tutti i combattenti sullo schermo in quel momento.
1999 - Hore, Mitakotoka! Seikimatsu (Japan)	Quattro studenti delle scuole superiori giapponesi stavano accampandosi in campagna, quando improvvisamente videro un UFO atterrare nelle vicinanze. Prima che riuscissero a capire qualcosa, un piccolo alieno rosa con una faccia dall'aspetto severo è uscito dall'astronave e ha annunciato che la fine del secolo è vicina - e nell'anno 1999 accadrà qualcosa di straordinario.
3-D WorldRunner (USA)	Da qualche parte in un luogo noto come Solar System #517, il malvagio Grax e la sua orda di Serpentbeast stanno terrorizzando le persone degli otto mondi. È necessario un eroe che sappia correre e saltare. Salta tra i mondi, in effetti. Quell'eroe è il WorldRunner. 3-D WorldRunner è un gioco in terza persona, dietro il giocatore, che si muove &quot;avanti&quot; verso lo schermo e lontano da te. La tua unica abilità è la capacità di saltare. Salta su buche, nemici e in cima a colonne. Gli oggetti bonus si trovano nell'aria, sopra le colonne e sdraiati a terra. Inoltre il gioco è visualizzabile in 3D con un paio di occhiali 3D (inclusi nella confezione originale).
4 Nin Uchi Mahjong (Japan)	Questo è un gioco di mahjong generico e molto primitivo. È il secondo gioco di mahjong di Nintendo realizzato per Famicom, il primo intitolato semplicemente Mahjong. Questo gioco ha tessere più piccole rispetto al primo, ma consente alle persone di giocare contro tre avversari informatici invece di uno. Entrambi i giochi sono realizzati con un'unica PROM da 16kbyte e CHROM da 8kbyte, quindi non utilizzano chip mapper speciali.
720 Degrees (USA)	In 720º su NES, prendi il tuo skateboard e attraversi Skate City, il più grande skatepark mai costruito. Puoi fare ollie e grind per ottenere il massimo dei punti nelle competizioni, al fine di ottenere medaglie. A tale scopo sono previste rampe speciali intorno al parco principale.
8 Eyes (World) (Digital)	Il gioco si svolge in un universo post-apocalittico in fase di ricostruzione. Il “Grande Re” ha gli 8 gioielli formati al centro delle 8 esplosioni nucleari che hanno quasi distrutto la Terra, detti anche 8 Occhi. Giochi nei panni di Orin e del suo falco da battaglia Cutrus e la tua missione è infiltrarti negli 8 castelli e recuperare i gioielli combattendo i soldati mutanti del re.
A Ressha de Ikou (Japan)	A Ressha de Ikou è un gioco di costruzione di simulazione. Il titolo si traduce in &quot;Let's Take the A-Train&quot;. I giocatori devono utilizzare le risorse a loro disposizione per creare un vivace centro ferroviario e aumentare i loro profitti man mano che procedono.
Aa Yakyuu Jinsei Icchokusen (Japan)	In questo gioco devi aiutare un ragazzino a diventare una star del baseball. Il tuo obiettivo è superare le scuole elementari e superiori, sviluppare la sua personalità (rendendolo più attraente, ecc.) e infine lasciarlo arruolare da una squadra di baseball professionista. Tutto ciò si ottiene giocando (da solo, contro computer o in modalità a due, tre e quattro giocatori) un gioco da tavolo in cui porti il ​​tuo eroe attraverso una serie di campi. A differenza della maggior parte dei giochi simili, la quantità di campi che puoi avanzare non è determinata da un lancio di dadi, ma da un misuratore di potenza in movimento che devi fermare al momento giusto per saltare la quantità desiderata di campi.
Abadox - The Deadly Inner War (USA)	Da qualche parte nella galassia, un'enorme creatura spaziale aliena nota come Parasitis viaggia tra i regni digerendo la sua preghiera. La sua ultima vittima è il pianeta Abadox che ora è consumato dall'entità aliena. Tuttavia, per digerire questo pianeta, Parasitis ha dovuto assumere la forma del pianeta stesso. La flotta stellare di Abadox, la World Alive Force (WAF), usa questo tempo per lanciare un assalto a tutto campo alla forma di vita aliena, di cui tu sei un solo soldato.
Addams Family, The (USA)	The Addams Family è un platform a scorrimento laterale basato sul film con lo stesso nome. Il giocatore assume il ruolo di Gomez che cerca i suoi familiari scomparsi. Per trovarli deve esplorare sei diverse parti della villa, ad es. i boschi, che sono livelli base della piattaforma: il giocatore si sposta da sinistra a destra saltando molto ed evitando i nemici. Alcuni di loro possono essere eliminati con un salto in testa. La differenza principale rispetto alle altre versioni di questo gioco è un design dei livelli unico. C'è anche un misuratore di vita che permette di essere colpiti più spesso prima di morire.
Addams Family, The - Pugsley's Scavenger Hunt (USA)	The Addams Family: Pugsley's Scavenger Hunt è un platform a scorrimento laterale basato sulla seconda serie TV animata The Addams Family (1992). L'intera famiglia Addams è tenuta prigioniera da vari mostri in tutta la villa e Pugsley ha bisogno di salvarli. Sono nascosti in varie parti del palazzo, ad es. la foresta, a cui si può accedere in qualsiasi ordine. Il gameplay segue i consueti standard platform: Pugsley si muove da sinistra a destra saltando molto ed evitando i nemici. nnQuesta versione del gioco è fortemente basata sulla versione SNES di The Addams Family: presenta la stessa trama con un altro personaggio principale e un level design quasi identico. Un'altra differenza rispetto alla versione SNES di questo gioco è che Pugsley può prendere solo due colpi prima di morire, ma c'è un potenziamento aggiuntivo che lo rende più veloce e gli dà un colpo in più.
Advanced Dungeons & Dragons - Dragons of Flame (Japan)	Ambientato tra i giochi d'azione di AD&D Dragonlance della SSI Heroes of the Lance e Shadow Sorcerer. Questo gioco segue la tradizione di Heroes of the Lance con una vista a scorrimento laterale orientata all'azione, una fuga dai giochi di ruolo GoldBox standard. Dal punto di vista della trama, si svolge anche tra questi due giochi, seguendo da vicino i moduli del romanzo / gioco scritti da Weiss / Hickman. Prendi il controllo di un personaggio alla volta, con ogni eroe che ha abilità diverse.
Advanced Dungeons & Dragons - DragonStrike (USA)	A differenza del suo omonimo sui computer, questa versione di DragonStrike è un gioco d'azione diretto con una prospettiva dall'alto verso il basso. Ambientato durante la Guerra delle Lance nel mondo di Dragonlance di Krynn, il giocatore controlla i draghi nelle missioni contro le forze del male. All'inizio del gioco, è possibile selezionare uno dei tre draghi (Bronzo, Argento e Oro), ciascuno con attributi diversi in velocità e armatura e due diversi attacchi di respiro. In ciascuna delle oltre 12 missioni, è necessario completare diversi obiettivi: cacciare i draghi nemici, affondare le navi e distruggere le fortezze. Il drago può cambiare tra bassa e alta quota per evitare ostacoli e fuoco nemico e per attaccare determinati tipi di nemici: le truppe di terra possono essere distrutte solo dalla quota inferiore, i draghi solo da quella superiore. I draghi nemici uccisi lasciano dei potenziamenti che garantiscono protezione temporanea, velocità o consentono al drago di recuperare la salute. Alcune delle missioni includono battaglie con i boss contro grandi nemici come un kraken gigante o un potente mago oscuro. Nella modalità a due giocatori, il secondo giocatore (che può selezionare un drago diverso) può continuare nella missione in cui il giocatore precedente ha fallito.
Advanced Dungeons & Dragons - Heroes of the Lance (USA)	Basato sulle parti successive del libro Dragonlance Dragons of Autumn Twilight, gli eroi scendono in una città in rovina alla ricerca dei dischi di Mishakal. Il gameplay consiste in un combattimento orizzontale con una mappa simile a un labirinto che usa le porte per cambiare la visuale. Il party è composto dagli 8 Heroes of the Lance, che ne usano uno alla volta e il giocatore può passare da uno all'altro in qualsiasi momento. Ogni personaggio ha diversi tipi di attacchi e incantesimi che li rendono più adatti a combattere diversi nemici e ad agire come vite. Uno dei giochi di AD&D che prende una pausa dal solito stile di gioco di ruolo.
Advanced Dungeons & Dragons - Hillsfar (USA)	Hillsfar (o Advanced Dungeons & Dragons: Hillsfar) è un videogioco di ruolo sviluppato da Westwood Studios e pubblicato da Strategic Simulations nel 1989 su MS-DOS, Amiga, Atari ST e Commodore 64 poi portato su NES nel novembre 1993. Offrire missioni generato in modo casuale, il gioco si basa sulle regole di Dungeons and Dragons e si svolge nell'universo dei Forgotten Realms. In totale, Strategic Simulations ha venduto oltre 100.000 copie del gioco. I giocatori hanno la possibilità di creare i propri eroi, scegliere personaggi pre-disegnati o importare i loro personaggi da altre simulazioni strategiche, giochi Inc (ad esempio Pool of Radiance o Curse of the Azure Bonds). Quando crea un eroe, il giocatore può scegliere la sua razza (nano, umano, elfo o gnomo), la sua classe (sacerdote, guerriero, mago o ladro) e il suo allineamento. Le caratteristiche del nuovo personaggio (la sua forza, intelligenza, carisma) vengono assegnate in modo casuale. Il gioco si svolge nella città immaginaria di Hillsfar.
Advanced Dungeons & Dragons - Pool of Radiance (USA)	Situata sulla sponda settentrionale del Mare della Luna nei Forgotten Realms, Phlan era una volta una fiorente città commerciale. Tuttavia, ultimamente i mostri hanno iniziato a stabilirsi al suo interno, trasformando gradualmente interi quartieri in rovine. Solo New Phlan è rimasto sotto il controllo umano, ma i suoi abitanti hanno paura di avventurarsi nelle aree infestate dai mostri. Per ripulire il vicino fiume Barren e ricostruire Phlan, le autorità locali hanno diffuso voci su presunte ricchezze nascoste da qualche parte in città. Un gruppo di avventurieri, attratti da queste notizie, salpa verso Phlan e accetta la ricerca. Pool of Radiance è il primo adattamento del sistema di gioco di ruolo Advanced Dungeons & Dragons in un formato di gioco per computer.
Adventure Island (USA)	Nel Sud Pacifico, il Maestro Higgins vive pacificamente indossando solo una gonna di erba e un berretto. Questo fino a quando il malvagio sciamano decide di catturare la principessa Leilani e tenerla come sua. Spetta al Maestro Higgins raccogliere asce da lancio, palle di fuoco e skateboard per aiutare la sua nobile ricerca. Il gioco è uno scroller laterale, il Maestro Higgins si muove sullo schermo da sinistra a destra e trova i suoi power-up in uova giganti. Ciò include uno skateboard che si traduce in un grande aumento della velocità, fino a quando il Maestro Higgins non viene colpito e perde la sua potenza. Se non è su uno skateboard, un colpo significa morte istantanea. Un'altra meccanica di gioco è la fame che viene indicata da un metro che diminuisce costantemente. Se arriva a zero, l'eroe muore e l'unico modo per riempirlo è raccogliere cibo lungo la strada. I boss lo aspettano alla fine dei livelli, fino allo sciamano malvagio in persona.
Adventure Island 3 (USA)	La tua ragazza viene nuovamente rapita dagli alieni e tu devi salvarla, facendoti strada con la forza attraverso vari livelli. Il gameplay e il design non sono cambiati molto da Adventure Island II: Aliens in Paradise: c'è una mappa del mondo, puoi scegliere gli oggetti prima di iniziare un livello, i livelli stessi sono piuttosto brevi (a differenza di Adventure Island, dove ogni livello grande conteneva più fasi). Svolgi le attività standard dell'&quot;isola dell'avventura&quot;: cavalca vari tipi di dinosauri, lancia boomerang a lumache, uccelli, serpenti e teschi, raccogli uva e mele, salta su pietre e, naturalmente, cavalca il tuo vecchio fidato skateboard.
Adventure Island II (USA)	In Adventure Island II: Aliens in Paradise il giocatore assume il ruolo di Master Higgins che deve salvare la sua cavegirl dagli alieni che vogliono anche dominare la Terra. Gli elementi di gioco di base sono gli stessi del suo predecessore Adventure Island: il Maestro Higgins cammina attraverso i livelli mentre combatte contro vari nemici. Un colpo provoca la sua morte prematura a meno che non porti uno dei vari potenziamenti, ad es. armi o uno skateboard che migliora la sua velocità. Ha anche bisogno di raccogliere cibo per riempire la sua barra della fame in costante diminuzione: la morte attende se raggiunge lo zero.
Adventures in the Magic Kingdom (USA)	Questo è il tuo biglietto per avventure mozzafiato nel Magic Kingdom! Unisciti all'entusiasmante avventura mentre cerchi nel Magic Kingdom le sei chiavi d'argento che sbloccheranno il castello incantato. Usa tutte le tue capacità e risorse per raggiungere il tuo obiettivo. Rispondi alle domande trivia Disney per accedere alle attrazioni. Diventa l'ingegnere di un treno in fuga a Big Thunder Mountain. Corri con le auto Autopia attraverso un labirinto di ostacoli. Indossa i tuoi abiti da marinaio mentre combatti con i bucanieri scuri di Pirati dei Caraibi. Lanciati nei buchi neri della Space Mountain. Prendi una chiave d'argento dai macabri abitanti di Haunted Mansion. Quali altre avventure ti aspettano nel Magic Kingdom? Dovrai solo scoprirlo da solo!
Adventures of Bayou Billy, The (USA)	La tua migliore ragazza Annabelle è stata rapita dal malvagio Gordon, il &quot;re gangster di Bourbon Street&quot;, e nei panni di Bayou Billy è tuo compito riaverla indietro! Bayou Billy è un gioco d'azione arcade con tre diversi tipi di gioco: combattimento, tiro e guida. Le sezioni di combattimento si svolgono sia nelle paludi che nelle città, dove puoi prendere a pugni, calciare e saltare a calci i numerosi nemici (e creature della palude!) Che incontrerai. La sezione di tiro può essere giocata con il Nintendo Light Zapper o il controller. Hai una quantità limitata di munizioni per superare il livello e se finisci perdi una vita. Nella sezione di guida la tua jeep è armata di mitragliatrici e granate per aiutarti a superare i numerosi veicoli nemici sulla strada per la tua destinazione. Ci sono un totale di nove livelli, oppure puoi giocare nella modalità pratica che ti consente di scegliere di giocare individualmente un combattimento, uno sparo o un giro di guida.
Adventures of Dino Riki (USA)	Da qualche parte nella terra dei dinosauri, un eroe noto come Dino-Riki si propone di combattere contro le bestie dei tempi antichi e dimostrare il diritto dell'uomo alla sopravvivenza nell'evoluzione. Controlli Dino-Riki da una prospettiva dall'alto verso il basso mentre lo schermo scorre verso l'alto. Dino Riki deve sparare ai nemici sulla sua strada, oltre a saltare i box ed evitare gli ostacoli. Le sue possibilità aumentano quando ottiene potenziamenti delle armi come palle di fuoco o boomerang. Anche Angel Wings aiuta e lascia che Dino Riki voli sopra il suolo. Alla fine di ogni livello, Dino-Riki affronta una creatura boss.
Adventures of Dr. Franken, The (USA) (Proto)	Franky, una delle tante creazioni del dottor Von Frankenbone, si è svegliato e ha scoperto che il suo amore, Bitsy, è svanito. Scoprendo che le altre malvagie creazioni del castello hanno preso Bitsy e lasciato pezzi di lei in giro per il castello, Franky deve trovare la sua strada attraverso i molti livelli e rimettere insieme Bitsy. nnFranky può sparare attraverso molte delle creature malvagie, ma devi anche schivare oggetti che cadono e saltare sopra le botole per rimanere in vita. Le prese di corrente possono ricaricare Franky in piena salute, mentre le lampade devono essere utilizzate per vedere attraverso i dungeon oscuri. nnLa versione NES non è mai stata rilasciata ufficialmente, esiste solo un prototipo.
Adventures of Gilligan's Island, The (USA)	La trama è basata su una sitcom televisiva degli anni '60 chiamata Gilligan's Island. La tua nave si è schiantata su un'isola deserta e ora devi tornare alla civiltà. Le persone bloccate sull'isola sono: Gilligan e lo Skipper (l'equipaggio della nave), un milionario e sua moglie, un professore, e Mariann, una ragazza semplice del Midwest degli Stati Uniti. nnNonostante il nome, giocherai come Skipper. Gilligan ti segue come aiutante comico. Il gioco è diviso in quattro episodi; l'obiettivo è sempre quello di localizzare tutti i membri dell'equipaggio in un periodo di tempo limitato. Per farlo, i due eroi devono navigare nell'isola labirintica e raccogliere oggetti: ogni personaggio trovato fornisce suggerimenti per il passaggio successivo.
Adventures of Lolo (Japan) (En)	La principessa Lala è stata rapita e il principe Lolo deve salvarla. Usa la tua arguzia e le tue risorse per affrontare un castello pieno di insidie e salvare Lala! Adventures of Lolo contiene 50 stanze con divertenti rompicapi. Colleziona tutti i blocchi cuore di ogni stanza per aprire il forziere. Diversi mostri e altri ostacoli bloccheranno la tua strada. Se raccogli alcuni blocchi cuore, potrai ottenere dei colpi magici che tramuteranno i nemici in uova, che potrai utilizzare per attraversare i fiumi. Ma fai attenzione: i nemici non resteranno a lungo nei loro gusci!
Adventures of Lolo (USA)	La principessa Lala è stata rapita e il principe Lolo deve salvarla. Usa la tua arguzia e le tue risorse per affrontare un castello pieno di insidie e salvare Lala! Adventures of Lolo contiene 50 stanze con divertenti rompicapi. Colleziona tutti i blocchi cuore di ogni stanza per aprire il forziere. Diversi mostri e altri ostacoli bloccheranno la tua strada. Se raccogli alcuni blocchi cuore, potrai ottenere dei colpi magici che tramuteranno i nemici in uova, che potrai utilizzare per attraversare i fiumi. Ma fai attenzione: i nemici non resteranno a lungo nei loro gusci!
Adventures of Lolo 2 (USA)	Continua a divertirti con Lolo e Lala, i protagonisti del classico rompicapo Adventures of Lolo! Al suo ritorno dal castello popolato di fantasmi, Lala viene nuovamente rapita da Great Devil. Per salvarla il principe Lolo deve affrontare i labirinti della torre e del castello del cattivone. Fortunatamente lungo il tragitto Lala è riuscita a esaminare ogni labirinto e a lasciare degli indizi. La gemma che Lolo trova nel forziere presente in ogni stanza apre un passaggio che gli consente di accedere alla stanza successiva. Per riuscire nel suo intento Lolo deve inoltre spingere delle mattonelle, raccogliere i Blocchi cuore, trasformare i nemici in uova con i Colpi magici e parare i loro attacchi spostando i Blocchi smeraldo. Aiuta Lolo e Lala a liberarsi dalle grinfie di Great Devil e a sconfiggerlo per sempre!
Adventures of Lolo 3 (USA)	Questa volta, Lolo ha un amico rosso che farà per lui parte del lavoro. A differenza dei due precedenti giochi di Lolo, qui si può vagare per una mappa del mondo ed entrare in diversi luoghi in modo non lineare. Tuttavia, alcuni luoghi rimangono bloccati fino a quando non si trova una chiave dopo aver completato un altro livello. Il gameplay è molto simile a quello dei due giochi precedenti. Dovete raccogliere tutti i cuori in ogni stanza. I nemici vi impediranno di farlo, e altri appariranno quando avrete mangiato tutti i cuori per poi affrettarvi verso l'uscita. Gli enigmi consistono per lo più nello spingere le cose per evitare che i nemici vi fermino.
Adventures of Lolo II (Japan)	Questa volta, Lolo ha un amico rosso che farà per lui parte del lavoro. A differenza dei due precedenti giochi di Lolo, qui si può vagare per una mappa del mondo ed entrare in diversi luoghi in modo non lineare. Tuttavia, alcuni luoghi rimangono bloccati fino a quando non si trova una chiave dopo aver completato un altro livello. Il gameplay è molto simile a quello dei due giochi precedenti. Dovete raccogliere tutti i cuori in ogni stanza. I nemici vi impediranno di farlo, e altri appariranno quando avrete mangiato tutti i cuori per poi affrettarvi verso l'uscita. Gli enigmi consistono per lo più nello spingere le cose per evitare che i nemici vi fermino.
Adventures of Rad Gravity, The (USA)	In questo gioco sei Rad Gravity, un eroico astronauta futuristico. Uno scienziato pazzo sconvolge l'universo pacifico ed è tuo compito visitare vari pianeti per ristabilire il contatto tra tutti i mondi. Le viste variano tra pianeti verdeggianti, fosse di lava e salti pericolosi, con variazioni di gravità e crateri. Il gioco è un platform e in ogni mondo devi combattere contro molti nemici. Puoi raccogliere diverse armi e barre della salute aggiuntive che ti aiuteranno quando affronterai il boss malvagio. Con il computer principale puoi scegliere la tua prossima destinazione, ma molti enigmi si basano sull'utilizzo di oggetti trovati in un mondo diverso; per esempio. un traduttore alieno.
Adventures of Rocky and Bullwinkle and Friends, The (USA)	Le avventure di Rocky e Bullwinkle and Friends su Nes è un gioco platform basato sull'omonimo universo dei cartoni animati. I vili Boris e Natasha sono riusciti a sequestrare oggetti preziosi dal Frostbite Falls Museum e i nostri due eroi devono fare di tutto per raggiungerli. Oltre ai livelli platform, diversi minigiochi punteggiano l'avventura mentre altri personaggi della serie fanno la loro comparsa.
Adventures of Tom Sawyer (USA)	Le famose imprese letterarie di Tom Sawyer prendono vita in questa avventura in cui interpreti Tom Sawyer (o Huck Finn in un gioco a 2 giocatori). L'avventura inizia nel sogno di Tom mentre dorme a scuola. nnIl controllo in questo tipico gioco platform consiste nel saltare e lanciare sassi. Evita molti ostacoli come i barili che rotolano; sconfiggi nemici persistenti come pirati, topi e persino un polpo gigante. Aiuta Tom a navigare lungo il fiume Mississippi, attraverso foreste, case infestate e il cielo sopra.
After Burner (Japan) (En)	Afterburner è una conversione dell'omonimo gioco arcade. L'obiettivo è semplice: usa il tuo Tomcat F-14 e spara a quanti più nemici puoi. Questo aereo ha due armi: missili di blocco e cannoni Vulcan (fondamentalmente mitragliatrici). In alcune versioni c'è un'opzione per far sparare automaticamente i cannoni in ogni momento. Il gioco è visto da dietro l'aereo con te che combatti ondate su ondate di combattenti nemici. Ma in fondo offre la solita meccanica sparatutto, il che significa che trascorri la maggior parte del tuo tempo schivando e sparando. A volte ti imbatti in un aereo di rifornimento amico e se attracchi con esso puoi rifornire i tuoi missili.
Ai Sensei no Oshiete - Watashi no Hoshi (Japan)	In Ai Sensei no Oshiete: Watashi no Hoshi, hai bisogno dell'aiuto di Ai Sensei (&quot;Insegnante d'amore&quot;) per conoscere il tuo destino. Fondamentalmente, il gioco è una simulazione di indovino/oroscopo. Non c'è nessuna sfida nel gioco: l'unica cosa che devi fare è fornire informazioni su di te (come quando sei nato, dove sei cresciuto, ecc.). Quindi inserisci la data corrente. Successivamente, puoi accedere a un ampio menu, dove puoi imparare varie cose su di te parlando con Ai Sensei. Queste cose includono l'oroscopo generale, il tuo destino che dipende dai pianeti, la tua vita amorosa futura, ecc. Le spiegazioni possono essere piuttosto dettagliate e sono spesso accompagnate da immagini, che variano a seconda del personaggio che hai creato.
Aigina no Yogen - Balubalouk no Densetsu Yori (Japan)	Aigiina No Yogen: Balubalouk Non Densetsu Yori segue le avventure sceniche di Jason mentre attraversa Balba alla ricerca delle Aura-Stars, oggetti magici creati dal re Aighina. Le sue avventure lo portano attraverso sei dungeon di diverse dimensioni nella sua ricerca per liberare il paese dal male. Lungo la strada, Jason deve trovare anche la principessa Laira, la figlia del re Aighina e l'unica che sa usare le Aura-Stars.
Air Fortress (USA)	Gli abitanti del pianeta Farmel, che hanno recentemente acquisito la tecnologia per viaggiare nello spazio, hanno perlustrato la galassia alla ricerca di una serie di mostruose &quot;fortezze aeree&quot; che si muovevano nella loro direzione. Ben presto hanno scoperto che le fortezze si comportavano come parassiti interstellari, consumando tutte le risorse e gli esseri viventi sul loro cammino. La Federazione Spaziale inviò la sua flotta più potente, che fu rapidamente eliminata dalle potenti fortezze. In un'ultima manovra, inviarono un unico guerriero di nome Hal Bailman, dotato di una tuta spaziale corazzata, di armi potenti e di un caccia spaziale, per infiltrarsi nelle fortezze e distruggerle dall'interno.
Airwolf (Japan) (Kyugo)	Airwolf è uno sparatutto orizzontale di Kyugo Boueki e basato sulla popolare serie televisiva americana andata in onda negli anni '80. Il giocatore prende il controllo di un super elicottero nome in codice Airwolf, un velivolo militare capace di velocità supersoniche e capacità stealth, e intraprende pericolose missioni sotto copertura.
Airwolf (USA) (Acclaim)	Airwolf è un simulatore di volo con vista dalla cabina di pilotaggio basato sulla serie TV degli anni '80 con il super elicottero titolare. Arcangelo ti affida la missione (sempre la stessa; soccorrere le persone) dopodiché la missione inizia; metà dello schermo è la cabina di pilotaggio e la mappa, il resto la tua visuale attraverso la finestra. Raggiungi le icone sulla mappa il più velocemente possibile, tieni premuti i pulsanti di fuoco e spera per il meglio. La chiave per la vittoria è pianificare il percorso ottimale.
Akagawa Jirou no Yuurei Ressha (Japan)	Il gioco è basato sul romanzo poliziesco Ghost Train, il primo scritto dal popolare autore giapponese Akagawa Jiro. Interpreti un giovane detective che indaga su uno strano caso: otto persone sono scomparse e si sentono voci su un misterioso treno fantasma. Ti dirigi in un villaggio remoto per saperne di più su quegli eventi. In questo gioco di avventura, puoi spostare il tuo eroe dalla prospettiva in terza persona, ma puoi lasciare uno schermo solo tramite un comando di menu. Il menu è unico per ogni luogo; in alcuni di essi potrai esplorare una stanza spostandoti attorno a un cursore e facendo clic sugli oggetti, mentre in altri parlerai con persone di vari argomenti.
Akira (Japan)	Il gioco è basato sull'omonimo film d'animazione. L'anno è il 2019, 31 anni dopo la terza guerra mondiale. Gli eventi del gioco (e del film) si svolgono in una città futuristica chiamata New Tokyo, controllata da militari corrotti e bande rivali. Controlli Kaneda, il leader di uno di questi ragazzi e il personaggio principale del film. L'amico d'infanzia di Kaneda, Tetsuo, viene ferito durante l'inseguimento in autostrada e portato dai militari. Mentre cerchi di liberare il tuo amico, scopri che uno strano potere sta crescendo dentro di lui...
Akuma-kun - Makai no Wana (Japan)	In questo gioco interpreti il ruolo di un ragazzino a cui viene assegnato un incarico molto importante da un saggio mago. Secondo un'antica profezia ebraica (dice il mago), il mondo diventerà un posto migliore se l'umanità stabilirà un contatto con i demoni. Devi studiare l'arte dell'evocazione e adempiere la profezia. La tua prima missione è individuare Cerberus, il cane da guardia dell'inferno.
Akumajou Special - Boku Dracula-kun (Japan)	Kid Dracula è un insolito scorrimento laterale di Konami. È una parodia della popolare serie Castlevania della compagnia. Invece di interpretare un membro della famiglia Belmont, interpreti il giovane Kid Dracula. Sei stato svegliato dal tuo sonno dal demone malvagio Garamos, che ha devastato il castello di Dracula. Sta a te fermarlo viaggiando attraverso diversi luoghi, tra cui il castello di Dracula, New York, il mare e l'Egitto!nnIl gameplay consiste in un'azione di piattaforma salta e spara molto standard. Man mano che avanzi negli 8 livelli, acquisisci la capacità di eseguire incantesimi, come trasformarti in un pipistrello, e diversi attacchi speciali, come un attacco diffuso / homing. Puoi anche spendere le monete che ottieni quando sconfiggi i nemici in uno dei numerosi minigiochi che compaiono quando sei tra i livelli.
Al Unser Jr. Turbo Racing (USA)	A differenza del suo omonimo, il pilota IndyCar Al Unser Jr., questo gioco descrive le gare di Formula 1. Una stagione è composta da sedici gare, ciascuna composta da prove libere illimitate, un giro di qualificazione e la gara vera e propria (la posizione di partenza dipende dal risultato delle qualifiche). Ovviamente l'obiettivo è vincere il campionato ottenendo risultati di gara di successo. Questi risultati cambiano anche la quantità di &quot;punti di preparazione&quot;, che rappresentano la qualità dell'auto, che i giocatori possono utilizzare prima della gara successiva. Oltre al campionato è disponibile anche una modalità a cronometro (con o senza avversari AI).
Aladdin (Europe)	Il gioco di Virgin basato sul film d'animazione Disney del 1992 è un platform a scorrimento laterale. Il giocatore controlla Aladdin, che deve farsi strada attraverso diversi livelli in base ai luoghi del film: dalle strade e sui tetti di Agrabah, la Grotta delle Meraviglie e la prigione del Sultano allo scontro finale nel palazzo del Gran Visir Jafar. Le guardie del Sultano e anche gli animali del deserto vogliono ostacolare Aladino sulla sua strada. Può difendersi con la spada o lanciando mele. Oltre alle mele, Aladdin può anche raccogliere gemme che possono essere scambiate con vite umane e continuano con un commerciante itinerante. Trovare le icone Genie o Abu abilita round bonus. Il round bonus Genie è un gioco di fortuna giocato per mele, gemme o vite extra. Nel round bonus di Abu, il giocatore controlla la scimmietta che deve catturare oggetti bonus che cadono dal cielo, ma senza toccare nessuno degli oggetti indesiderati come sassi e pentole.
Alex DeMeo's Race America (USA)	Race America è un gioco di corse campestre per 2 auto. O 2 giocatori possono competere sullo stesso schermo, oppure il computer può controllare il secondo giocatore. Il gioco offre otto coloratissimi avversari contro cui gareggiare, ognuno dei quali dovrebbe avere vantaggi distinti in una gara. Ogni gara inizia da una prospettiva a scorrimento laterale mentre i 2 concorrenti sfrecciano fuori dal cancello. Dopo una certa distanza, la prospettiva si sposta in terza persona e il pilota in testa occupa la metà superiore dello schermo mentre il pilota in seconda è relegato nella metà dello schermo inferiore. Occasionalmente, il gioco utilizza anche una vista dall'alto. Per aumentare la sfida, le auto del gioco hanno cambi manuali a 6 marce che i giocatori devono cambiare usando il pad di controllo, ma non premendo il pulsante del gas.
Alfred Chicken (USA)	Alfred il pollo deve salvare i suoi amici e il suo uccello (scusate il gioco di parole) Floella dai polli Meka. Il risultato è un gioco platform attraverso livelli a tema diverso, che si completano salendo in cima al livello o uccidendo un boss. Sono stati inclusi giochi bonus e stanze segrete e la progressione a volte richiede la risoluzione di enigmi posizionali.
Alien 3 (USA)	Alien 3 su NES ti porta subito dopo la fine del film &quot;Aliens&quot;. Ellen Ripley, la protagonista della saga, sta dormendo criogenicamente a bordo della Sulaco. Un alieno si è infiltrato a bordo, decimando l'equipaggio e facendo schiantare la nave sul pianeta Fiorina 161. Aiuta Ripley a sopravvivere e salva i prigionieri dalle grinfie degli alieni in attesa dell'arrivo dei soccorsi.
Alien Syndrome (Japan) (En)	Alien Syndrome on Nes è un gioco d'azione adattato dall'omonimo titolo uscito sui terminali arcade. Ancora una volta, gli extraterrestri stanno causando miseria agli umani. La tua missione è salvare tutti gli individui prigionieri e scappare prima che il conto alla rovescia finisca, altrimenti esploderai con la bomba che hai piazzato. Il risultato consiste in un epico scontro con la regina madre degli alieni.
All-Pro Basketball (USA)	All Pro Basketball è un gioco di basket su Nes che vede otto diverse squadre immaginarie l'una contro l'altra in partite cinque contro cinque. Puoi giocarci da solo o in coppia, in cooperazione o uno contro l'altro. Nota anche che il gioco offre la possibilità di guardare una partita tra computer e computer.
Alpha Mission (USA)	Al di là, nella galassia di Tetrenova, è stata combattuta una guerra che ha esaurito le risorse e persino i mondi. I sopravvissuti si uniscono e cercano un nuovo posto da ricostruire. Scelgono un pianeta apparentemente non sviluppato, la Terra. nnUsando la tua nave di difesa &quot;Syd&quot;, devi distruggere le forze d'invasione e gli obiettivi a terra con le bombe. Ottieni potenziamenti per guadagnare energia per i potenziamenti della nave che ti consentono di trasformarti in una macchina più potente. Il gioco stesso è uno sparatutto verticale, che si muove continuamente verso la parte superiore dello schermo.
Amagon (USA)	In Amagon, la tua missione è indagare su un'isola pericolosa e infestata da mostri. Nei panni di Amagon, inizi il gioco solo con una mitragliatrice e una quantità limitata di munizioni per proteggerti dagli abitanti dell'isola. Il gameplay è un gioco platform in stile arcade con sei livelli, ognuno con una varietà di creature e un grande boss alla fine. Quando distruggi un nemico, a volte viene lasciato un potenziamento. Raccoglierli può darti punti extra, una vita extra, più munizioni o una mega chiave. Se hai abbastanza punti e raccogli una chiave mega, hai la possibilità di trasformarti in Megagon. In questa forma, sei di taglia più grande, puoi saltare ulteriormente e hai una forza maggiore. Inizi la trasformazione con una quantità di mega punti; ogni volta che una creatura ti ferisce, si perdono punti. Quando tutti i mega punti saranno esauriti, tornerai alla tua dimensione normale.
America Daitouryou Senkyo (Japan)	In questo gioco diventi un candidato per diventare un nuovo presidente degli Stati Uniti. Scegli un candidato tra i tanti disponibili (sia repubblicani che democratici), quindi aumenti la tua popolarità in vari stati, gareggiando con altri candidati. Devi eccellere in ogni area della politica, dalla diplomazia straniera all'approvazione delle leggi in uno stato. Dopo ogni fase, ti vengono mostrate le statistiche in cui il tuo successo viene confrontato con quello di altri presidenti. Puoi anche controllare in qualsiasi momento la reazione delle persone alle tue azioni, facendo sondaggi e vedendo quanto bene stai facendo.
America Oudan Ultra Quiz - Shijou Saidai no Tatakai (Japan)	Questo gioco ha due modalità: storia e torneo. La modalità torneo è quella più semplice: gareggi contro sette avversari in un quiz che riguarda vari aspetti storici, geografici, sociali e culturali degli Stati Uniti d'America. Alcune domande richiedono di scegliere &quot;sì&quot; o &quot;no&quot;, mentre altre ti presentano un breve elenco di possibili risposte, di cui dovresti scegliere quella corretta. Le risposte dei partecipanti sono a tempo.
American Dream (Japan)	In questo gioco da casinò, puoi scegliere una delle due modalità di gioco: &quot;gioco&quot; e simulazione. Nella modalità di simulazione, il tuo personaggio, una creatura simile a un uovo dall'aspetto divertente, entra direttamente in un casinò dove può scambiare denaro con gettoni e tentare la fortuna alle slot machine. Nella &quot;modalità di gioco&quot;, vieni portato in un elicottero in un'area &quot;mappa del mondo&quot; dall'alto in basso. Ti viene detto che questa è Brooklyn, New York, e inizia a vagare per la zona, ottenendo gradualmente l'accesso a diverse case da casinò. Ci sono anche incontri casuali, durante i quali potrai scommettere dei soldi e utilizzare una slot machine direttamente dalla mappa del mondo.
American Gladiators (USA)	American Gladiators è concesso in licenza dal popolare programma televisivo con lo stesso nome. Presenta una serie di eventi che mettono alla prova la forza, la velocità e l'abilità dei giocatori contro una squadra addestrata di dieci &quot;Gladiatori&quot;, cinque maschi e cinque femmine. I personaggi femminili sono Ice, Gold, Lace, Blaze e Zap, molti di loro conoscono i loro successi nel bodybuilding. I principali personaggi maschili sono Turbo, Nitro (ha presentato diversi spot televisivi nazionali statunitensi), Gemini, Thunder e Laser (Mr. Montana nel 1986). nnIn totale ci sono sette eventi, tutti visti da viste in terza persona. L'ultimo è il corso d'assalto Eliminator, in cui gareggi direttamente contro un avversario.
Ankoku Shinwa - Yamato Takeru Densetsu (Japan)	Il gioco è basato su antiche leggende giapponesi su Yamato Takeru, un leggendario eroe dell'antico Giappone. Il gioco inizia quando Yamato Takeru è un ragazzo di tredici anni. Suo padre è stato ucciso in circostanze misteriose. Cercando tra le sue cose, il ragazzo ha trovato una cartolina che gli ha fornito il suo primo indizio per le indagini. Da quel momento inizia la sua avventura.
Anticipation (USA)	Anticipation è un videogioco da tavolo da uno a quattro giocatori (sia computer che umani). Lo scopo del gioco è di essere il primo a raccogliere una carta per ciascuno dei quattro colori sul tabellone di gioco. Durante ogni turno il computer visualizzerà punti apparentemente casuali, quindi una matita inizia a collegare i punti per formare un'immagine. Il primo giocatore che identificherà correttamente l'immagine guadagnerà una carta per il colore dell'immagine disegnata. Mentre l'immagine viene disegnata, un dado sullo schermo conterà alla rovescia da 6 a 1. Qualunque sia il valore mostrato quando un giocatore identifica con successo l'immagine è il numero di spazi che il pezzo di gioco del giocatore muoverà sul tabellone di gioco per il turno successivo. Il colore dello spazio su cui si ferma il pezzo di gioco determinerà la categoria per l'immagine successiva da disegnare.
Aoki Ookami to Shiroki Mejika - Genchou Hishi (Japan)	Come nella prima parte potresti partecipare a due conquiste: la conquista mongola e la conquista del mondo. Nella prima devi unire tutte le piccole tribù del paese. La conquista del mondo è più complessa: devi usare tutti i tuoi sensi per creare il mondo come desideri.
Arcadia VI (USA) (Proto)	Arcadia VI è una multi-cartuccia incompiuta rilasciata su NES con 6 giochi. L'unico proto noto, attualmente ha solo 4 partite. Delle 4 partite, solo una (Tennis) è stata completata. I 4 giochi sulla cartuccia sono: Tennis, Xerxes, Ghurka e Twin Cam Turbo.
Arch Rivals - A Basketbrawl! (USA)	Arch Rivals è una conversione del gioco arcade di successo Midway. È un gioco di basket 2 contro 2 che si distingue dalla massa per il suo approccio &quot;senza regole&quot;. Fare fallo con altri giocatori è più che accettato, è incoraggiato. Scegli tra dodici squadre diverse e otto giocatori, ognuno con i propri tratti e personalità.
Archon (USA)	Una scacchiera è piena di troll, maghi, cavalieri e altri esseri magici. Solo un altro gioco di strategia? Non ci contare. Quando sfidi un quadrato tenuto dal nemico, il tabellone esplode in un campo di battaglia. Le tue abilità strategiche sul tabellone di gioco determineranno il tuo destino in battaglia mentre affronti il ​​tuo avversario in un emozionante duello all'ultimo sangue. Con sedici personaggi diversi e un tabellone in continua evoluzione, non giocherai mai lo stesso gioco due volte. Se il Goblin prende l'aria con la sua mazza, la spada veloce del Cavaliere può rubare una gamba o due.
Arctic (Japan) (En)	Arctic è un puzzle game d'azione che si descrive come &quot;giocare su rotaia attivo&quot;. Ciascuno degli oltre due dozzine di stadi è costituito da una serie di binari in varie disposizioni, spesso attorcigliati l'uno sull'altro e divisi in varie direzioni. Ogni fase contiene un numero di palline colorate che iniziano negli slot corrispondenti e, dopo averle lanciate, l'obiettivo è riportare le palline negli slot del colore corrispondente. L'unica interazione che il giocatore ha con il tabellone è cambiare due serie di split; ci sono divisioni gialle e blu, che reindirizzeranno tutte le palline che si muovono attraverso di esse e il giocatore può girare solo tutte di un colore come gruppo.
Argus (Japan) (En)	Argus è un gioco di tiro verticale standard come Raptor o Tyrian; questo gioco ha una forte somiglianza con Terra Cresta, un gioco arcade. Non c'è storia, questo gioco è uno sparatutto arcade diretto. Il gioco scorre verso l'alto mentre ondate di nemici tentano di ostacolare i tuoi progressi, sparando proiettili lenti e veloci contro la tua nave. Armati di missili aria-aria e aria-terra, fatti strada in avanti mentre cerchi bonus. Gli edifici disegnati in modo grezzo devono essere colpiti o evitati poiché è possibile schiantarsi contro di essi. Mentre avanzi, il gioco consente alla tua nave di spostarsi all'estrema sinistra o destra secondo necessità. Infine, alla fine di ogni livello dovrai distruggere un grosso nemico.
Arkanoid (USA)	Il concetto originale di Breakout prevede il controllo di un bastone nella parte inferiore dello schermo e il suo utilizzo per prendere e dirigere una palla in modo da colpire tutti i mattoni disposti nella parte superiore dello schermo. È stato impopolare per oltre un decennio, prima che Taito lo facesse rivivere con alcune nuove idee in questo gioco arcade. La trama del gioco ridefinisce il pipistrello come un'astronave Vaus, la palla come un fulmine di energia e i mattoni formano un muro misterioso che impedisce alla nave di progredire verso la salvezza.
Arkanoid II (Japan) (En)	Revenge of Doh è un sequel diretto del successo arcade originale Arkanoid. Insieme a un motore grafico migliorato, suono e musica migliori, un migliore supporto hardware e più livelli, Revenge of Doh dispone anche di un editor integrato e ti consente di creare i tuoi set di livelli! Revenge of Doh continua la trama di Arkanoid come segue, presa direttamente (compresi gli errori di battitura) dal gioco: È trascorso un lungo periodo di tempo e la forza di controllo della dimensione Doh è tornata in vita. Occupando l'enorme nave stellare Xorg, è entrata nel nostro universo da una dimensione diversa. Mixtec, un'astronave di tipo Arkanoid, ha lanciato l'astronave Vaus II per effettuare un attacco preventivo su Xorg.
Arkista's Ring (USA)	Un personaggio malvagio di nome Shogun ha rubato l'anello elfico di Arkista, e così facendo ha precipitato l'intero regno degli Elfi nell'oscurità. Tutta la speranza degli elfi risiede in una guerriera elfa di nome Christine. Dotata all'inizio solo di un inchino, procede a trovare l'anello e riportare la sua casa alla normalità. nnQuesto è un gioco che può essere paragonato a The Legend of Zelda, anche se più lineare nel suo gameplay. Il gioco è suddiviso in molte fasi, l'obiettivo di ogni essere è semplicemente trovare una via per la fase successiva. Giocando in stile puzzle, sparerai a tutti i nemici sullo schermo, guadagnerai la chiave nascosta e troverai l'uscita corretta. I nemici sconfitti rilasceranno casualmente bonus che possono essere raccolti; questi oggetti includono il ripristino della salute, una maggiore armatura e miglioramenti alle armi. nnCompletare l'intero gioco richiede una progressione di successo attraverso 125 fasi.
Armadillo (Japan)	Armadillo è un giovane cowboy del Texas, innamorato di Sheryl, la ragazza più carina dello stato. Ma un'organizzazione malvagia rapisce la sua dolce metà. Le cose si complicano ulteriormente quando anche il famoso Billy The Shell intraprende una missione per salvare Sheryl. Riuscirà Armadillo a salvare la ragazza e a sconfiggere i suoi nemici?
Artelius (Japan)	Molto tempo fa esisteva una civiltà avanzata nel Sistema Solare. Ma un giorno, nelle vicinanze apparve un buco nero. Molte persone vi furono risucchiate e trasportate in un'altra dimensione, che chiamarono Artelius. Era governato dal re malvagio Sarbelor, che costruì una macchina chiamata Galax, che squarciò la dimensione in spazi solitari pieni di asteroidi accessibili da punti di curvatura. Lo scienziato amante della pace Dr. Rado ha costruito te, un cyborg che può viaggiare nello spazio, e ti ha affidato la missione di trovare e distruggere Sarbelor.
Asmik-kun Land (Japan)	Asmik non è solo il nome di una società di sviluppo di giochi, ma, come apprendiamo da questo gioco, è anche un simpatico draghetto rosa. Di recente, i mostri hanno iniziato a invadere il pacifico paese dei draghi. L'unico modo per fermare questa invasione è contattare i sei Dei Drago. Sfortunatamente, quegli dei sembrano dormire. Quindi ora Asmik deve viaggiare in tutto il mondo per trovare sei magici divisori, che lo aiuteranno a risvegliare i draghi e a sconfiggere i mostri.
Asterix (Europe) (En,Fr,De,Es,It)	L'anno è il 50 aC. La Gallia è interamente occupata dai Romani. Ebbene, quasi del tutto... Un piccolo villaggio gallico continua a sfidare le forze di occupazione, gli abitanti del villaggio protetti da una pozione magica che li rende invincibili. Ma ora Obelix è svanito! I romani hanno confermato la sua cattura e lo hanno portato in una destinazione sconosciuta. nnAstérix è un gioco platform basato sull'omonimo fumetto, in cui il piccolo e baffuto Gallia deve progredire attraverso livelli situati in tutta Europa, combattendo contro romani e vari animali aggressivi lungo la strada, per salvare il suo amico Obelix prima che Cesare lo getti in pasto ai leoni ....
Astro Fang - Super Machine (Japan)	Da qualche parte nella galassia si trova il pianeta RS-121, un pianeta desolato che ha subito terribili disastri che hanno reso la vita impossibile. Sul pianeta rimane ancora una sola costruzione: un'autostrada chiamata Black Line. Si dice che un'antica leggenda sia in qualche modo collegata a questa autostrada. Tu, un uomo di nome Riber, decidi di partecipare a una gara di corse sulla Black Line. Ma sii pronto: la competizione può portare risultati mortali...
Astro Robo Sasa (Japan) (En)	Questo è un gioco di tiro con una svolta. Hai il controllo di un piccolo personaggio che deve attraversare una serie di fasi. Ogni fase è composta da un solo schermo e contiene diversi pacchetti di energia nascosti dietro vari ostacoli. Il tuo obiettivo è consumare tutti i pacchi di energia in una determinata fase o (cosa a volte più facile, ma con terribili conseguenze per le fasi successive) distruggerli. Se riesci a mangiare i pacchetti di energia, guadagnerai più punti energia, che verranno trasferiti alla fase successiva. Avrai bisogno dei punti energia perché ogni colpo della tua pistola ti costa uno e ogni collisione con i vari nemici che volano in giro può esaurirne la maggior parte.
Astyanax (USA)	Sei Astyanax, un ragazzo di sedici anni che fa lo stesso sogno notte dopo notte: una principessa, che chiede aiuto. Un pomeriggio, Cutie, una folletta, ti convoca nel mondo di Remnia per salvare la principessa del regno. Tu sei il prescelto menzionato dalle loro profezie!
Athena (USA)	Atena, la dea della saggezza, si è stancata della sua vita all'interno del castello e si avventura nel mondo fantastico oltre le mura del castello. Creature strane e spaventose ti attaccheranno ad ogni turno, ma lungo la strada troverai armi: una palla e una catena, un arco e una freccia e una potente spada. Puoi anche mettere le ali e prendere il volo, o diventare una sirena per esplorare le profondità dell'oceano.
Athletic World (USA)	Questo gioco &quot;Family Fun Fitness&quot; consiste in una serie di eventi sportivi competitivi che richiedono l'uso del Nintendo Power Pad. nnUno dei pochi giochi che tentano di combinare l'esercizio fisico in un'esperienza di videogiochi; potrai provare molti eventi come saltare gli ostacoli, correre su per le colline, saltare i tronchi, fare rafting (stare in piedi su una zattera e schivare/saltare i rami) e altro ancora. nnIl mondo atletico offre tre modalità di gioco, allenamento, principiante ed esperto. Questo è anche uno dei pochi giochi Nintendo che ti chiede di inserire il tuo nome, età, sesso e data corrente prima di giocare.
Atlantis no Nazo (Japan) (En)	In &quot;Atlantis no Nazo&quot;, interpreti un archeologo senza nome che deve scendere nelle pericolose caverne del continente perduto Atlantide, e alla fine trovare la strada per il santuario interiore con il leggendario tesoro. Il gioco si svolge come un platform standard basato sull'azione. I livelli presentano molti nemici e lacune su cui devi saltare. La tua unica arma sono candelotti di dinamite. Quando lanci un bastone, rimbalzerà sul pavimento ed esploderà solo dopo un paio di secondi, quindi sono necessari mira e tempismo molto precisi per sconfiggere i nemici. Molti livelli contengono scrigni del tesoro opzionali e porte nascoste che portano a livelli bonus. A volte la progressione di livello non è lineare, ad es. puoi saltare direttamente a una zona con numero alto se trovi la porta corrispondente nel livello. Tutti i livelli sono a tempo. Il protagonista muore quando cade in una fossa, tocca un nemico o scade il tempo.
Attack Animal Gakuen (Japan) (En) (Famicom 3D System)	Attack Animal School è più che un po' ispirato dal popolare Space Harrier di Sega, ma con un'ambientazione più carina. Come nel suo modello, voli verso lo schermo o corri per terra, reso in un campo 3D a scacchi. L'eroe è stato sostituito da una studentessa in uniforme, che deve abbattere i nemici che volano, saltano o strisciano verso di lei. I nemici non sono più astronavi, asteroidi o draghi. Invece, sono vari animali carini e pelosi, come canguri, cactus con fasce, tartarughe e mosche. Anche i draghi di fine livello sono decisamente più carini, con il boss di primo livello che è un soffice koala. Attack Animal Gakuen è uno dei pochi giochi Famicom a supportare gli occhiali 3D (come Space Harrier 3D per il Master System), sebbene sia perfettamente giocabile senza occhiali.
Attack of the Killer Tomatoes (USA)	Basato sull'omonimo spettacolo di cartoni animati, Attack of the Killer Tomatoes pone il giovane Chad Finletter in una missione per farsi strada oltre i malvagi pomodori mutanti e impedire al pazzo Dr. Putrid T. Gangreen di scatenare il suo Doomsday Tomato. Con tutti i cittadini di San Zucchini terrorizzati dalle verdure zannute provenienti dalle fogne, il Ciad sarà da solo ad affrontare la piaga del pomodoro. Il dottore non lo prende alla leggera, tuttavia, e ha inviato la sua squadra speciale di pomodori, Zoltan, Beefstake, Mummato, Fang, Ketchuck e Tomacho, a fermarlo. Il gioco è un gioco di salto a piattaforme a scorrimento laterale in cui il metodo principale per fermare i pomodori assassini è saltarci sopra. Da lì schizzeranno, scapperanno o si trasformeranno in pezzetti di pomodoro più piccoli. Esistono power-up energetici per ripristinare la salute di Chad.
Aussie Rules Footy (Australia)	Non è difficile capire di cosa tratta questo gioco, a giudicare dal suo titolo: una simulazione del calcio australiano, un codice di calcio che è poco conosciuto al di fuori dell'Australia ma è molto popolare in alcune aree del paese. Puoi allenare i tuoi giocatori (uno, due o tre giocatori alla volta), giocare una singola partita o partecipare a un torneo australiano, scegliendo una squadra e guidandola verso la vittoria.
B-Wings (Japan) (En)	B-Wings è basato sul popolare gioco arcade Battle Wings. È uno sparatutto spaziale a scorrimento verticale che deve il suo nome al combattente spaziale dei film di Star Wars. Hai un'ampia varietà di armi a tua disposizione: fuoco, cannoni, salto, martello, ecc. Ogni arma ha i suoi vantaggi e svantaggi. Ad esempio, il cannone spara potenti e rapide esplosioni, ma puoi sparare solo direttamente davanti a te; Il furgone copre diverse direzioni, ma ha una bassa velocità; Anti costruisce uno scudo protettivo intorno a te ogni volta che spari, ma la sua portata è molto piccola e così via. Puoi cambiare le armi ogni volta che vieni ucciso, prima di esaurire le vite e perdere la partita. In genere, alla fine di un livello dovrai affrontare un boss nemico.
Babel no Tou (Japan) (En)	Babel no Tou è un puzzle game giapponese in cui devi spostare i pezzi per poter accedere all'uscita.
Back to the Future (USA)	In Ritorno al futuro, l'adolescente degli anni '80 Marty McFly viene erroneamente inviato 30 anni nel passato dove interrompe i suoi genitori dall'incontrarsi. Di fronte all'estinzione per mano di un paradosso temporale, Marty deve trovare un modo per riunire i suoi futuri genitori e tornare ai suoi tempi.
Back to the Future Part II & III (USA)	Ritorno al futuro II e III è un gioco di piattaforma basato sui film con lo stesso nome. L'obiettivo del gioco è quello di raccogliere oggetti fuori posto in periodi di tempo diversi, come il 1955, 1985 e 2015, e riportarli al loro periodo di tempo e posizione appropriati. Il gioco spesso richiede al giocatore di risolvere un piccolo puzzle per scoprire che l'oggetto si adatta alla posizione che ha trovato.
Bad Dudes (USA)	Questo gioco d'azione a sei livelli è stato convertito da una coin-op di Data East. Il gameplay consiste nel battere una serie di ragazzi per completare il livello, quindi un cattivo di fine livello. L'azione si svolge su due diversi livelli dello schermo, che possono essere saltati o navigati tramite scale. Sono disponibili mosse come pugni e calci. Il metodo di controllo rende il salto laterale piuttosto complicato.
Bad News Baseball (USA)	Benvenuto nel mondo di Bad News Baseball, un luogo in cui i conigli fungono da arbitri, i fuoricampo sfuggono all'atmosfera terrestre e i battitori perdono i sensi quando escono. Bad News Baseball è un'importazione giapponese per un pubblico più giovane. Il gioco ha due campionati - Ultra e Super league - con 12 squadre che rappresentano le città della major league che usano nomi di squadre e giocatori immaginari. Ci sono diverse modalità tra cui scegliere all'inizio del gioco. Puoi giocare un torneo a un giocatore contro il computer: scegli una squadra e gioca contro ogni altra squadra una volta. Oppure puoi giocare a una serie di tre partite contro un amico. C'è anche una modalità all-star, che ti permette di costruire una squadra di 23 giocatori dai roster di uno dei campionati. E se vuoi guardare una partita, c'è una modalità spettatore.
Bad Street Brawler (USA)	Scorrimento laterale in cui puoi picchiare persone innocenti. Anche se sembra un po' strano, il gioco è proprio questo: camminare per la strada come aspirante wrestler e picchiare nonnine, ciechi, gorilla e altri astanti. Ma cerca di non farti picchiare mentre la nonna tenta di darti un po' della tua stessa medicina agitandoti la borsa. All'inizio calci e pugni sono le tue mosse base, ma man mano che il gioco avanza e avanzi di livello, nuove mosse e attacchi diventano disponibili e anche nuove persone da battere. È un caos pubblico molto prima di artisti del calibro di Grand Theft Auto.
Baken Hisshou Gaku - Gate In (Japan)	Baken Hisshou Gaku: Gate In (o &quot;Horse Betting Certain Victory School: Gate In&quot;) è un gioco di simulazione di corse di cavalli per NES/Famicom. L'idea è che ci sono un gran numero di parametri che puoi regolare, come la durata di una gara, dove si tiene, il lignaggio dei cavalli, il temperamento naturale dei cavalli e così via. Dopo aver impostato tutti i parametri che vuoi, puoi iniziare la gara e vedere quale cavallo vince. Non c'è vittoria o perdita dal tuo punto di vista (nessuno dei cavalli è &quot;tuo&quot; e non puoi piazzare scommesse o altro), devi solo cambiare i parametri e vedere cosa succede. L'idea è che questo gioco ti insegnerà a scommettere bene sulle corse di cavalli permettendoti di giocare con i parametri e sperimentare per trovare quelle che sono considerate le condizioni importanti che determinano ciò che fa andare bene un cavallo in una corsa.
Bakushou! Star Monomane Shitennou (Japan)	Questo gioco è una divertente &quot;simulazione di stelle&quot;, o, per meglio dire, un gioco di strategia con elementi di fortuna, in cui il tuo obiettivo è diventare un musicista famoso o una star del teatro giapponese, riuscendo in particolare nel monomane, una tecnica di imitazione. Ci sono quattro personaggi nel gioco che sono controllati dai giocatori o dal computer. I turni del gioco sono determinati da un lancio di dadi. I personaggi si trovano su una mappa della città e si muovono in base al numero di dadi che hanno tirato, in modo simile ai giochi da tavolo di tipo monopolistico. Ogni volta che ti fermi, accedi a un luogo in cui accadono varie cose: puoi selezionare pezzi teatrali ed esibirti sul palco, cercare di impressionare le persone, ecc. A volte atterri in un luogo che porta a un mini-gioco (nuoto, gioco della palla, e altri). Vincere un gioco del genere dà un ulteriore impulso alla tua carriera.
Bakushou!! Ai no Gekijou (Japan)	In &quot;Bakushou!! Ai no Gekijou&quot;, crei da uno a quattro personaggi. Scegli il loro nome e sesso, così come i loro genitori (tra diversi disponibili). Questo determina la personalità e le abilità dei tuoi personaggi (il loro livello di intelligenza, condizione fisica, ecc.). Quindi guidi i tuoi personaggi adolescenti attraverso una serie di eventi tipici. Ad esempio, all'inizio sarai a scuola e dovrai risolvere semplici esercizi matematici. Dopodiché, ti viene presentato un calendario, che è il tuo tabellone nel gioco.
Bakushou!! Jinsei Gekijou (Japan)	Bakushou!! Jinsei Gekijou è un gioco da tavolo che è allo stesso tempo una simulazione di vita. Quattro personaggi partecipano al gioco, uno dei quali è controllato da te e gli altri dall'IA del computer o da altri giocatori. All'inizio, tutti i tuoi personaggi si trovano in una &quot;posizione di partenza&quot;, su una mappa composta da cerchi, alcuni dei quali vuoti, mentre altri rappresentano un edificio o un determinato evento. Un lancio di dadi determina quante mosse farà il personaggio. A seconda del cerchio su cui calpesta il personaggio, accadranno cose diverse. Cerchi casuali ti porteranno in un viaggio o rappresenteranno una semplice giornata trascorsa con la tua famiglia. Altri aggiungeranno denaro al personaggio, o lo faranno allenare e migliorare le sue condizioni fisiche, ecc. I personaggi si muovono sull'intero tabellone, vivono le loro vite, visitano la scuola, si incontrano, ecc.
Bakushou!! Jinsei Gekijou 2 (Japan)	&quot;Bakushou!! Jinsei Gekijou 2&quot; è un gioco da tavolo, durante il quale segui la vita di un massimo di 4 personaggi. È meglio giocare in multiplayer, ma puoi anche consentire al computer di giocare per altri personaggi o crearli tutti da solo. Nel gioco, ti viene presentata una tavola composta da tessere. Un lancio di dadi determina la quantità di passi che un personaggio farà sul tabellone. A seconda della tessera su cui calpesta, si verificheranno eventi diversi. Se la tessera è vuota, si verificherà un evento casuale. Altre tessere sono collegate a un certo aspetto della vita di una persona. Ad esempio, le tessere &quot;apprendimento&quot; attiveranno un evento che renderà il personaggio più intelligente (come studiare per la scuola) e una tessera con un'icona &quot;amore&quot; porterà a un incontro romantico e aumenterà il livello di amore del personaggio.
Bakushou!! Jinsei Gekijou 3 (Japan)	Bakushoo!! Jinsei Gekijou 3 è il terzo e ultimo capitolo della serie. Questo è ancora una volta un gioco di simulazione di vita sotto forma di un gioco da tavolo in cui devi condurre il tuo personaggio verso una carriera stabile e promettente.
Ballblazer (Japan) (En)	Nell'anno 3037, lo sport più competitivo dell'universo conosciuto è Ballblazer. Ballblazer è un gioco di calcio futuristico in 3D, in cui il giocatore (all'interno di un Rotofoil) si trova su un campo di gioco individuale di 1155 caselle (la griglia) presentato in una prospettiva in prima persona. L'obiettivo del giocatore è lanciare una palla fluttuante (Plasmorb) nella porta avversaria (Goalbeams). Il giocatore può competere con un avversario umano o con il computer. Il gioco può essere giocato contro il computer o contro un altro umano.
Balloon Fight (USA)	In Balloon Fight il giocatore deve volare grazie all'aiuto di due palloncini e provare a scoppiare quelli dei suoi avversari prima che questi scoppino i suoi. Per scoppiare i palloncini dei suoi avversari il personaggio deve atterrarci sopra, questi poi useranno dei paracaduti per scendere in sicurezza a terra. Il giocatore dovrà poi distruggere l'avversario che è caduto passandoci sopra prima che questo possa gonfiare un altro palloncino e unirsi nuovamente alla battaglia. Se entrambi i palloncini del giocatore vengono scoppiati, questo cadrà in acqua e perderà una vita. È presente una seconda modalità di gioco, chiamata &quot;balloon trip&quot; dove l'obiettivo è quello di collezionare il maggior numero possibile di palloncini mentre si cerca di evitare l'oceano sottostante e fulmini che formano dei muri con dei labirinti.
Baltron (Japan) (En)	Nell'anno spaziale 2999, il potente Impero Bismark ha deciso di lanciare un attacco al pianeta Terra. Prima, tuttavia, devono occupare un piccolo pianeta chiamato Star Leonion in modo che possano usarlo come punto di partenza per il loro attacco principale al pianeta Terra.
Banana (Japan) (En)	In questo gioco di puzzle, devi guidare una talpa attraverso vari livelli, arrivando all'uscita. Il compito non è così semplice come sembra. Innanzitutto, la talpa non può saltare o arrampicarsi a meno che non ci sia una scala nelle vicinanze. Quindi devi pianificare il tuo percorso in anticipo, altrimenti puoi rimanere bloccato in fondo. In secondo luogo, i massi cadranno e ti bloccheranno la strada. E terzo, hai una moglie. Dovresti prima trovarla e poi condurla in sicurezza verso l'uscita. La moglie a volte renderà le cose più difficili, costringendoti a trovare strade alternative per l'uscita. Ma a volte sarà anche d'aiuto, spingendo via i massi e liberandoti la strada.
Bananan Ouji no Daibouken (Japan)	Nel grande regno delle banane, la nazione delle banane possiede un grande simbolo di prosperità: una grande banana. Un giorno, il principe è impegnato in una conversazione con il Dragonmaster, quando il malvagio Drago Paprika vola sopra dicendo &quot;ciarlatano, ciarlatano!&quot;, e... oh orrore - ruba la santa banana! Il Dragonmaster è disperato. &quot;Non temere&quot;, - dice il Principe, - &quot;perché io intraprenderò il viaggio pericoloso e restituirò al popolo il nostro bene più caro&quot;. Ed è proprio quello che fa!
Bandai Golf - Challenge Pebble Beach (USA)	Uno o due giocatori possono giocare una partita in questo video corso modellato sulla vera spiaggia di ciottoli. Ogni giocatore può selezionare il proprio handicap. Ognuna delle 18 buche ha ostacoli da golf familiari: bunker, piste e ostacoli d'acqua. Dovrai anche affrontare alcuni dei pericoli di Madre Natura come le mutevoli condizioni del vento e l'ostacolo più difficile di Pebble Beach: l'oceano.
Bandit Kings of Ancient China (USA)	Nel XII secolo, l'Imperatore Hui Zhong si trova di fronte a una ribellione interna guidata dal Ministro Imperiale Gao Qiu. La dinastia Song giunge al termine e Gao Qiu diventa il nuovo sovrano. Assumi il ruolo di un sovrano esiliato che deve aumentare le sue forze per poter sfidare e distruggere Gao Qiu, ripristinando così Hui Zhong sul trono. Il gioco è uno strategico militare, come molti giochi della Koei, ma invece di conquistare un paese, l'obiettivo è detronizzare il despota della Cina. Inizi da un livello basso e devi guadagnarti la fama conquistando prefetture più piccole, formando alleanze e combattendo piccole battaglie. Devi guadagnare il diritto di attaccare la prefettura della casata di Gao Qiu, è fuori portata finché non sei abbastanza potente.
Barbie (USA)	Barbie ha un grande giorno domani, quindi ha bisogno di riposarsi una buona notte. Ha strani sogni su tutte le sue attività pianificate. Deve attraversare cinque livelli composti da un totale di tredici livelli per superare la notte. Barbie viaggia attraverso vari luoghi nel centro commerciale, in spiaggia e nel negozio di bibite cercando di farcela dal lato sinistro di ogni livello a quello destro. Ogni livello è popolato con animali e con oggetti viventi del tipo che potresti trovare in quella posizione. Può saltare con il pulsante A e lanciare cristalli con il pulsante B. Più a lungo tieni premuto il pulsante, più lontano viene lanciato ogni cristallo. Ha tre tipi di cristalli, ognuno dei quali ha un effetto diverso. Uno si fa aiutare dalle creature, uno le sconfigge e l'altro ha effetti variabili.
Barcode World (Japan)	Questo videogioco è stato rilasciato esclusivamente in Giappone il 18 dicembre 1992 per il Nintendo Family Computer. Come suggerisce il titolo, si tratta di un videogioco in cui i giocatori utilizzano un Barcode Battler II (un palmare per la scansione di carte) insieme a un'interfaccia Famicom-Barcode Battler con licenza Nintendo fornita con il gioco e non venduta separatamente. Per giocare era necessario anche un set speciale di carte Barcode Battler con codici a barre impressi su di esse, inclusa la &quot;Carta bianca&quot; che consentiva ai giocatori di scansionare qualsiasi codice a barre (specialmente quelli che si trovano sui prodotti di consumo).
Bard's Tale II, The - The Destiny Knight (Japan)	Il seguito del popolare gioco di ruolo Bard's Tale. Dopo che i tuoi personaggi hanno sconfitto il mago Mangar the Dark e liberato Skara Brae dall'eterno inverno, tutto sembrava a posto nel mondo. Fortunatamente per le tue prospettive di lavoro, il malvagio Arcimago Lagoth Zanta si presenta e divide la Bacchetta del Destino in sette pezzi, sparpagliandoli per tutta la terra. La Bacchetta del Destino ha protetto le terre per 700 anni e senza di essa il regno cadrà nel caos. Quindi spetta al tuo gruppo riforgiare la Bacchetta del Destino. Inoltre, uno di voi deve salire alla posizione di Arcimago e usare la bacchetta per sconfiggere Lagoth Zanta.
Bard's Tale, The (USA)	Il seguente testo dalla copertina della scatola riassume la premessa:nnMolto tempo fa, quando la magia prevaleva ancora, il malvagio mago Mangar l'Oscurità minacciò una piccola ma armoniosa cittadina di campagna chiamata Skara Brae. Creature malvagie trasudarono in Skara Brae e si unirono al suo dominio delle ombre. Mangar ha congelato le terre circostanti con un incantesimo di Eternal Winter, isolando totalmente Skara Brae da ogni possibile aiuto. Poi, una notte, i miliziani del paese sono scomparsi tutti. Il futuro di Skara Brae era in bilico. E chi è rimasto a resistere? Solo una manciata di giovani guerrieri non provati, utenti di magia junior, un paio di bardi appena grandi per bere e alcuni ladri disoccupati. Sei lì. Tu sei il capo di questo gruppo disordinato di combattenti per la libertà. Per fortuna hai un Bardo con te che canta le tue glorie, se sopravvivi. Perché questa è roba da leggende. E così inizia la storia...
Barker Bill's Trick Shooting (USA)	Tira fuori la Zapper Light Gun e fai esplodere una varietà di oggetti in Trick Shooting di Barker Bill. Il gioco inizia abbastanza semplice; spara palloncini in aumento evitando il cane spensierato. Man mano che attraversi ogni fase, le sfide diventano più difficili. Ogni livello offre una nuova sfida, tra cui Balloon Saloon, Flying Saucers, Window Pains (gioco di parole o errore di traduzione?) e Fun Follies.
Baseball (USA, Europe)	Il baseball è un gioco in cui il giocatore può lanciare, colpire, schierare e correre proprio come in una vera partita di baseball. Il giocatore può scegliere tra le modalità USA e Giappone, due squadre diverse e tra una formazione di giocatori unici. Nella partita a 1 giocatore, il giocatore è contro il computer e nella partita a 2 giocatori, il suo amico è il suo avversario.
Baseball Fighter (Japan)	Baseball Fighter è un gioco di baseball pubblicato esclusivamente in Giappone. Nonostante fosse stato rilasciato nel 1991, aveva una grafica e un gameplay dall'aspetto primitivo, con la sua unica qualità salvifica che il fielding avrebbe mantenuto la stessa prospettiva di visuale della battuta. Il gioco presenta squadre regionali giapponesi, con un'unica squadra immaginaria degli Stati Uniti.
Baseball Simulator 1.000 (USA)	In Baseball Simulator 1.000 puoi scegliere tra quattro diversi campionati; tre con sei squadre preimpostate ciascuna e una in cui puoi costruire le squadre da zero. Affronta il computer o sfida un amico a competere in una stagione di 5, 30, 60 o 165 partite. Le partite si svolgono in sei stadi. nnIn qualità di manager, costruisci la tua squadra assegnando una serie di punti per la media di battuta, i fuoricampo, la velocità di corsa e l'abilità in campo tra i tuoi giocatori. Quindi, personalizzi il tuo staff di lancio dividendo i punti per ERA, velocità, palle curve destra e sinistra, campi che affondano e resistenza. Le tue responsabilità manageriali includono anche decidere chi è destrorso e chi è mancino e se i tuoi lanciatori lanciano in overhand o sidearm.
Baseball Stars (USA)	Questa versione per NES di Baseball Stars è il primo vero gioco della popolare serie di SNK. È anche il gioco più completo della serie. Puoi creare, nominare, aggiornare e gestire la tua squadra, nonché personalizzare il logo e i colori della squadra. Puoi anche modificare le statistiche di ogni singolo giocatore pagandogli più soldi (guadagnati dalle partite vincenti). Ci sono otto squadre gimmick già create con cui puoi anche giocare, tra cui American Dreams, Lovely Ladies e Ghastly Monsters. Puoi impostare un campionato personalizzato che manterrà le statistiche complete su tutti i giocatori del campionato. Tutte le partite si giocano nel famoso stadio SNK.
Baseball Stars II (USA)	Il secondo della serie Baseball Stars, Baseball Stars 2 è stato realizzato da Romstar. Contiene un gioco di baseball più raffinato a scapito di alcune delle caratteristiche di personalizzazione che avevano le prime Baseball Stars. Le funzionalità di ritorno includono una modalità crea una squadra, l'aggiornamento e l'assunzione/licenziamento di giocatori e la modalità lega. Le funzionalità mancanti rimosse per questo gioco includono la ridenominazione dei giocatori, la ridenominazione delle squadre e le femmine non sono più presenti. Questo sequel contiene 12 squadre prefabbricate e 6 slot per squadre create dagli utenti. Ci sono quattro stadi selezionabili per giocare in questo periodo.
Bases Loaded (USA)	Bases Loaded è un gioco d'azione di baseball per uno o due giocatori con un'ampia varietà di opzioni e grafica e suoni realistici. Puoi selezionare tra dodici squadre diverse e scegliere una formazione per ciascuna squadra. Ogni squadra ha 30 giocatori con caratteristiche diverse da imparare. Durante il gioco puoi controllare tutte le posizioni in campo e lanciare qualsiasi cosa, da una palla veloce a una palla curva. Quando sei alla battuta puoi provare a colpire un fuoricampo, bunt o rubare basi. Il gioco può essere un gioco singolo o uno stendardo completo.
Bases Loaded 3 (USA)	Bases Loaded 3 è stato l'ultimo ingresso di Jaleco nella popolare serie di baseball nel 1991. Le modifiche rispetto al titolo precedente includevano difensori leggermente più dettagliati, una nuova prospettiva del campo (piazza di casa nella parte superiore dello schermo, campo centrale in basso), una squadra modificabile e un nuovo obiettivo: giocare la partita perfetta di baseball contro il computer. Vincere semplicemente la partita non era più sufficiente; il giocatore ora doveva evitare i comuni passi falsi del baseball come commettere un errore e colpire, al fine di guadagnare una valutazione perfetta. Contro il lancio molto intelligente del computer, questo potrebbe rivelarsi piuttosto difficile.
Bases Loaded 4 (USA)	Bases Loaded 4 è stata l'ultima voce a 8 bit di Jaleco nella lunga serie di baseball. Il gioco presentava animazioni leggermente più elaborate rispetto al suo predecessore e difensori molto più grandi. Rimosso è stato l'obiettivo di giocare una partita impeccabile; invece il gioco prevedeva modalità più tradizionali, inclusi giochi di esibizione e giochi per l'intera stagione. nnOrientato più al gameplay arcade dal ritmo frenetico che alla simulazione, Bases Loaded 4 non è stato concesso in licenza dalla Major League Baseball o dalla Major League Baseball Players' Association. Pertanto, non presentava squadre o giocatori americani (o giapponesi, del resto).
Bases Loaded II - Second Season (USA)	In questa versione di Bases Loaded alleni la tua squadra attraverso una stagione di 130 partite in una divisione orientale o occidentale di una lega di baseball professionistica. Vinci il gagliardetto e parti per le World Series! Puoi anche giocare testa a testa con un amico. nnScegli tra sei squadre in ogni divisione. Una volta che prendi il tuo posto in panchina, sei il manager, destreggiandoti con la tua formazione e combattendo l'ordine. Dovrai anche essere in qualche modo uno psicologo mentre impari a interpretare le valutazioni delle prestazioni dei giocatori. Questa caratteristica unica di Bases Loaded II classifica ogni giocatore in tre categorie: fisico, sensibilità e intellettuale. Ogni valutazione è come un bioritmo, che va su e giù, proprio come nella vita reale. Le valutazioni delle prestazioni dei giocatori simulano ciò che i giocatori stanno realmente attraversando: serie e crolli.
Batman - Return of the Joker (USA)	The Joker lives again in SunSoft's sequel to their NES original. The Joker has somehow managed to escape from Arkham Asylum once again, and Batman must fight him across seven stages to restore peace to Gotham City. Batman carries a gauntlet shooting basic bullets by default. This can be upgraded with weapon powerups located in boxes throughout the level, giving access to homing and energy weapons. Every upgrade weapon can be charged up for a secondary attack, different for each weapon. Batman also has a slide useful against most enemies and some bosses.
Batman - The Video Game (USA)	La versione per NES di Batman: The Video Game è vagamente basata sul film del 1989. È un gioco a scorrimento laterale, con un Batman vestito di blu che combatte nemici come robot, soldati pieni di jet, ninja e mutanti. Il gioco consiste in cinque livelli in qualche modo legati al film: strade di Gotham City (con Killer Moth come boss finale), AXIS Chemical Factory (con Machine Intelligence System come boss), Underground Conduit (con Electrocutioner come boss), le rovine del laboratorio ( il Dual-Container Alarm come boss) e la Cattedrale di Gotham (con Firebug come boss) dove Batman affronta finalmente il Joker. Prima di ogni livello, viene visualizzato un filmato con scene del film.
Batman Returns (USA)	Come l'altro adattamento di Konami di Batman Returns, la versione per NES è un picchiaduro a scorrimento laterale. Oltre all'azione di rissa, presenta anche due sezioni in cui il giocatore controlla la Batmobile e il Batskiboat visti nel film.
Batsu & Terry - Makyou no Tetsujin Race (Japan) (En)	Batsu & Terry è un manga giapponese che segue le avventure di una coppia di amici omonimi che sono studenti delle superiori e stelle del baseball. Il gioco controlla in modo molto simile a qualsiasi platform a scorrimento laterale, con un pulsante per saltare e un altro per attaccare. Il personaggio principale inizia come Batsu, che usa le palle da baseball per attaccare i nemici con un arco verso l'alto o verso il basso a seconda della direzione tenuta durante il tiro. Dopo essere stato colpito da un numero sufficiente di nemici, Terry prende il sopravvento e attacca i nemici con un attacco di pipistrello a corto raggio. Uccidere i nemici con la mazza fornisce a Terry più vita, ma la mancanza di portata è uno svantaggio.
Battle Baseball (Japan)	Battle Baseball è un gioco sportivo del tutto particolare in cui puoi giocare nei panni di Godzilla come batterista. Questo gioco, tradotto esclusivamente in giapponese, può essere giocato in coppia.
Battle Chess (USA)	Battle Chess è un gioco di scacchi abbastanza tipico, ma ha una svolta: tutti i pezzi sono rappresentati da piccole figure realistiche che camminano sulla scacchiera e quando un pezzo ne prende un altro, entrambi prendono parte a una battaglia animata. C'è un'animazione diversa per ogni permutazione, a seconda di quali pezzi vengono catturati o catturati. Puoi anche giocare in 2D senza animazione.
Battle Fleet (Japan)	Battle Fleet è un gioco di strategia a turni che può essere giocato sia in single player contro l'IA che contro un secondo giocatore umano. Il gioco offre 4 scenari brevi e 4 scenari lunghi, per un totale di 8 livelli. Pac-man, con indosso un berretto da marinaio, fa la sua comparsa nel gioco mentre scegli le impostazioni per lo scenario selezionato.
Battle of Olympus, The (USA)	La trama è vagamente basata sul mito di Orfeo ed Euridice: il giovane Orfeo ama la bella Elena (all'inizio di una partita però i nomi possono essere cambiati), ma questa in seguito al morso di un serpente velenoso viene trasformata in una statua di pietra. La dea Afrodite, mossa a compassione, rivela al giovane che Elena non è morta, ma è stata rapita dal dio degli inferi Ade. Orfeo si imbarca quindi in un'avventura che gli farà visitare tutta la Grecia, incontrare gli dei dell'Olimpo e lo porterà a scontrarsi con numerose creature mitologiche.
Battle Rush - Build Up Robot Tournament (Japan) (Datach)	Il giocatore deve costruire il proprio robot da combattimento da utilizzare in un torneo di combattimento. Questi robot sono costruiti in fabbriche che assegnano al robot un nome oltre a installarne testa, corpo, spalle e piedi. Il giocatore ha una lobby pre-partita per prepararsi all'azione di combattimento robotico. Tutte le partite hanno round di 60 secondi (a differenza del round di 99 secondi della maggior parte dei moderni videogiochi di combattimento). Entrambi i robot hanno un indicatore separato per energia e danni. Oltre a mosse speciali (che sembrano munizioni) possono essere lanciati pugni e calci standard.
Battle Stadium - Senbatsu Pro Yakyuu (Japan)	Battle Stadium è un gioco di baseball per Famicom praticamente senza campane né fischietti. L'unica caratteristica aggiunta è la possibilità di creare una squadra personalizzata usando giocatori integrati nel gioco normale. Questo è anche uno dei pochi giochi a fare uso dell'accessorio Battle Box, che essenzialmente ti consente di archiviare i dati di salvataggio su di esso in modo da poter giocare con i tuoi amici (pensa al Gameboy Game Link, ad esempio). Rispetto ad altri giochi di baseball su Famicom, questo è in realtà un po' difficile, ma è più veloce degli altri.
Battle Storm (Japan)	Il gioco consente ai giocatori di eseguire strategie di combattimento con carri armati, aeroplani, basi militari e missili non nucleari. nnQueste armi avanzate consentono ai giocatori di mettere in scena una terza guerra mondiale immaginaria e di simulare la guerra moderna. I giocatori possono assumere il personaggio di varie star del cinema d'azione hollywoodiano come Sylvester Stallone, Chuck Norris, Eddie Murphy, Bruce Lee e Arnold Schwarzenegger. Le fasi includono una giungla, una foresta, la palude e il terreno urbano.
BattleCity (World) (Star Fox - Assault)	Battle City è una versione raffinata del vecchio gioco arcade di Namco Tank Battalion. Distruggi diversi carri armati nemici, mentre cerchi di tenerli lontani dalla tua base. Dopo aver distrutto 20 carri armati nemici, avanzi al livello successivo con una disposizione diversa. In ogni livello ci sono alcuni ostacoli che puoi usare a tuo vantaggio. Gli ostacoli includono mattoni rossi che puoi sparare via, mattoni d'argento altamente corazzati, acqua e ghiaccio. Inizi il gioco con un carro armato di base, che puoi potenziare per migliorare a poco a poco. nnLa versione per NES include una modalità di costruzione, quindi puoi creare i tuoi livelli dopo aver giocato a tutti i 35 livelli originali.
Battleship (USA)	Battleship per NES è come il gioco di battaglia di carta e penna con alcune differenze notevoli. Le modifiche includono la dimensione della griglia che è 12 per 8 invece dello standard 10 per 10, il sottomarino lungo dell'unità a 3 griglie è stato rimosso e può essere effettuato un solo colpo per turno indipendentemente dal fatto che colpisca o meno. La differenza più notevole è che possono essere utilizzate più armi. Ogni nave trasporta un'arma speciale che può sparare molti missili in molti punti su una griglia prestabilita, ad esempio in uno schema a X. Più grande è la nave, maggiore è l'area della griglia. Ogni nave può sparare il missile speciale solo una volta per partita e se la nave che trasporta l'arma viene distrutta, l'arma diventa inutilizzabile.
Battletoads (USA)	La Regina Oscura ha attaccato e rapito (rospìto?) il tuo migliore amico... Non solo, ha rapito la ragazza più bella in circolazione! Allora, cosa farai? Gridare? Piagnucolare? Nascondere? Chiama gli Starcops? NO! Perché sei un Battletoad! I Battletoad non piangono, non si nascondono e non chiedono aiuto! E di certo non piagnucolano! Diventano PAZZI e poi PARI! Quindi prendi il tuo blaster, salta sul Toadster e vai a prenderli! Potrai controllare un battletoad attraverso vari livelli. Alcuni sono picchiaduro a scorrimento laterale, altri sono cadute verticali lungo un pozzo, combattono mentre procedi, altri ti fanno guidare un razzo o una tavola da surf, sparare o evitare i nemici. Alla fine di ogni area, c'è un boss. In alcune aree, circa a metà, potresti avere un mini-boss.
Battletoads-Double Dragon (USA)	La Terra è sotto il fuoco di Colossus, una corazzata delle dimensioni di una città. Usando potenti cannoni laser, ha distrutto la maggior parte delle forze di difesa della Terra, mentre le sue numerose truppe ripuliscono il resto del pianeta. Tutti si aspettano 5 guerrieri. nnI Battletoad, che sono ben consapevoli delle forze del male nella galassia, uniscono le forze con Billy e Jimmy Lee di Double Dragon per difendere la Terra dalla nave mortale e dalle sue truppe. Usando una serie di mosse speciali devi farti strada attraverso le strade fino al cuore della nave e distruggerla.
Be-Bop-Highschool - Koukousei Gokuraku Densetsu (Japan)	Be-Bop High School: Koukousei Gokuraku Densetsu (&quot;Be-Bop High School: Senior Paradise Legend&quot;) è un'avventura/RPG per NES che segue le disavventure di un gruppo di delinquenti delle scuole superiori giapponesi mentre vanno in giro a litigare e guadagnarsi il rispetto. Il gioco è principalmente un gioco di avventura ricco di testo, anche se consente al giocatore di camminare per la mappa del mondo con il controller e incontrare NPC. La maggior parte dei giochi di avventura per NES all'epoca consentivano al giocatore di muoversi solo tramite un menu.
Beauty and the Beast (Europe)	Disney's Beauty and the Beast è un tipico gioco platform a scorrimento laterale basato sull'omonimo film Disney. Il giocatore assume il ruolo di Bestia. Come Beast il giocatore può camminare, saltare e colpire i nemici con i pugni. La Bestia può anche arrampicarsi contro i muri. nnI livelli presentano vari potenziamenti che possono essere raccolti (come cuori che fanno guadagnare al giocatore vita extra e una lente d'ingrandimento che mostra al giocatore un prossimo pezzo del livello) che possono essere e lungo la strada il giocatore deve fare attenzione alla fossa trappole e vari nemici.
Beetlejuice (USA)	Basato sul film di Michael Keaton del 1988, Beetlejuice segue la trama approssimativa del film. Un ghoul di nome Beetlejuice viene assunto da una coppia recentemente scomparsa per spaventare i nuovi occupanti della loro vecchia casa. Il gioco è un gioco d'azione a scorrimento laterale in cui il personaggio principale può correre, saltare e calpestare la casa mentre raccoglie &quot;punti spaventosi&quot; per raggiungere il suo obiettivo finale. La casa è dotata di tutti i tipi di trappole, compresi i laser a incenerimento, e anche le torce fanno male.
Best Keiba - Derby Stallion (Japan)	Best Keiba Derby Stallion è un gioco di simulazione in cui il giocatore ha una scuderia e denaro iniziale e deve allevare cavalli da corsa campioni. Oltre ad addestrare i cavalli, possono allevarli e, eventualmente, venderli una volta che diventano troppo vecchi per correre. Il giocatore può anche assumere fantini per cavalcare i loro cavalli per le gare e può scommettere sulle gare per guadagnare un po' di fondi extra.
Best of the Best - Championship Karate (USA)	Best of the Best Championship Karate è un gioco di combattimento realistico. Dopo aver scelto il tuo combattente per i suoi parametri (forza, resistenza e resistenza), puoi scegliere tra 55 mosse diverse. Ora puoi allenare il tuo combattente in palestra prima dei veri combattimenti. Per padroneggiare il gioco, è necessario alternare allenamento e combattimenti, poiché l'allenamento migliora la resistenza, la forza e la resistenza. Fai attenzione, perdere un combattimento riduce questi parametri, quindi devi essere pronto prima di salire sul ring!
Best Play Pro Yakyuu '90 (Japan)	Best play pro Yakyuu 90 'è il terzo capitolo della serie su Nintendo. È una partita di baseball che si avvicina abbastanza alla seconda parte, perché non ha evoluzione.
Best Play Pro Yakyuu (Japan)	È il primo gioco della serie Best Play Pro Yakyuu. A differenza di giochi di baseball simili sviluppati per Famicom, questo gioco ha un'enfasi particolare sulla simulazione della gestione del baseball, invece di concentrarsi sull'abilità di giocare a baseball. Di conseguenza, i giocatori in realtà non colpiscono, lanciano o schierano la palla. Piuttosto, la loro interazione nel gioco si ottiene cambiando le formazioni e alternando lanciatori e difensori per dare alla tua squadra le migliori possibilità che ha di vincere una gara di gagliardetti di campionato.
Best Play Pro Yakyuu II (Japan)	È il primo gioco della serie Best Play Pro Yakyuu. A differenza di giochi di baseball simili sviluppati per Famicom, questo gioco ha un'enfasi particolare sulla simulazione della gestione del baseball, invece di concentrarsi sull'abilità di giocare a baseball. Di conseguenza, i giocatori in realtà non colpiscono, lanciano o schierano la palla. Piuttosto, la loro interazione nel gioco si ottiene cambiando le formazioni e alternando lanciatori e difensori per dare alla tua squadra le migliori possibilità che ha di vincere una gara di gagliardetti di campionato. Una versione aggiornata del gioco (denominata &quot;Shin Data&quot;) è stata pubblicata l'11 ottobre 1988, che conteneva informazioni aggiornate sui giocatori di ciascuna squadra. Entrambe le versioni del gioco sono state rilasciate solo in Giappone e non sono mai state tradotte dall'originale giapponese.
Best Play Pro Yakyuu Special (Japan)	Questo è il quarto gioco della serie che migliora tutti i precedenti senza rivoluzionarli.
Bigfoot (USA)	Gioco di monster truck in cui vai da Los Angeles a New York attraverso diversi tipi di gare. nnAd ogni fermata, per prima cosa guidi un round di qualificazione contro il tuo avversario, che è in prospettiva dall'alto verso il basso. Qui puoi raccogliere denaro e diversi potenziamenti da utilizzare per vincere contro il tuo avversario. Dopo questa qualifica, entri in una corsa testa a testa in prospettiva laterale, dove devi spingere continuamente a destra ea sinistra. In questa vista ci sono tutti i tipi di eventi, inclusi Car Crush, Mud Race e Drag Race. Prima di queste gare, puoi (leggi: devi) anche acquistare potenziamenti per le tue auto, con i soldi che hai raccolto nella gara di qualificazione. nnIl gioco è supportato per giocare a 2 giocatori.
Bikkuriman World - Gekitou Sei Senshi (Japan)	Il gioco è basato sulla serie animata &quot;Bikkuriman World&quot;. Una volta il mondo era un posto pacifico. Tre razze - Angeli, Demoni e Talismani - coesistevano nel mondo, protette dalla Santa Dea Nadia. Un giorno, Nadia ha mandato al mondo i suoi figli gemelli. Jura, il capo dei Demoni, rapì uno dei bambini e lo divorò. L'altro bambino si rifugiò presso gli Angeli e divenne presto il loro capo, noto come Super Zeus. Condusse gli Angeli alla vittoria sui Demoni. Ma Nadia, vedendo come il suo mondo viene lacerato dalla guerra, lo ha diviso in due. Sono passati anni. Sei un giovane eroe di nome Yamato Ouji, cresciuto nel mondo degli angeli. Super Zeus ti manda alla ricerca di altri Holy Warriors, per riunire i mondi e per portare la pace eterna a tutte le razze.
Bill & Ted's Excellent Video Game Adventure (USA)	Bill e Ted sono due liceali degli anni '80 che parlano surfisti di San Dimas, in California. Dopo gli eventi del film Bill e Ted's Excellent Adventure, sembrano liberi di formare la band che un giorno unirà il popolo della Terra e porterà la pace nel mondo. Tranne... Rufus ritorna dal futuro con un avvertimento che qualcuno ha deformato il continuum temporale rapendo personaggi storici e bloccandoli nel periodo sbagliato (...oooh, in pratica cosa hanno fatto Bill e Ted nel primo film?) spetta ai ragazzi sistemare il pasticcio. nnIl giocatore controlla Bill o Ted, che si sono separati per affrontare la missione (consentendo a ciascuno di lasciare oggetti per assistere l'altro)
Bill Elliott's NASCAR Challenge (USA)	La firma dell'ex campione Bill Elliott adorna uno dei primi giochi di corse NASCAR. Ci sono sei brani, inclusi i preferiti come Watkins Glen e Talladega. Il gioco si gioca attraverso una visuale dell'auto. Le modifiche aerodinamiche e l'effetto di stiro sono incorporati. È dotato di una modalità pratica e di gare complete. Molte auto di marca Pontiac e Ford, completamente personalizzabili. I dettagli della traccia sono poligoni ombreggiati piatti. I replay istantanei sono controllati da un sistema in stile videoregistratore.
Binary Land (Japan) (En)	In questo gioco, devi guidare due pinguini, un maschio e una femmina, attraverso livelli verticali dall'alto verso il basso. I pinguini sono innamorati l'uno dell'altro e devono essere riuniti! I pinguini iniziano su lati opposti, separati da muri, mattoni e altri ostacoli. Prendi il controllo di uno dei pinguini. L'altro fa esattamente i tuoi stessi movimenti, ma nella direzione opposta. Quindi, se ad esempio vedi un nemico alla sinistra del pinguino che non stai controllando, devi sparare a destra per colpirlo. Devi raggiungere la cima del livello in modo tale che i due pinguini arrivino contemporaneamente nella casella in alto, provenendo da lati opposti. Nemici come i ragni metteranno la ragnatela sulla tua strada o ti attaccheranno. Puoi ucciderli per ottenere punti. Ci sono vari power-up che appaiono casualmente sui livelli. Dovresti anche stare attento a non esaurire il tempo.
Bio Force Ape (USA) (Proto)	Bio Force Ape ti permette di giocare nei panni di uno scimpanzé domestico che deve salvare la sua famiglia prendendo il misterioso siero Bio Force e trasformandosi in un wrestler professionista. Ha ricevuto un profilo estremamente positivo in Nintendo Power - &quot;estremamente positivo&quot; era l'impostazione predefinita di NP all'epoca - ma poi è svanito, presumibilmente per non essere mai più visto. La scorsa settimana, tuttavia, gli archivisti di Lost Levels non solo hanno acquisito la cartuccia prototipo perduta da tempo, ma ne hanno caricata una versione riproducibile su Internet.
Bio Miracle Bokutte Upa (Japan) (En)	In questo gioco controlli un bambino! Il bambino striscia attraverso mondi immaginari, fatti di caramelle, cioccolato, giocattoli e altre cose che un bambino si sognerebbe. Deve attraversare quei livelli di piattaforma per sconfiggere o evitare vari nemici. Il modo in cui il bambino affronta i nemici è piuttosto insolito: li gonfia. Quando sono gonfiati, i nemici perdono il controllo e iniziano a fluttuare, fino a quando non esplodono. Il bambino può sfruttare questo a proprio vantaggio, cavalcando i nemici mentre galleggiano, calciandoli in varie direzioni, facendoli rimbalzare sui muri, usandoli come proiettili per colpire altri nemici, ecc. Tali strategie sono necessarie quando si ha a che fare con i boss. incontrare. Ci sono vari oggetti sparsi per i livelli, come il latte, che ripristina completamente la tua salute.
Bio Senshi Dan - Increaser Tono Tatakai (Japan)	L'anno è il 2081. La Terra è diventata un pianeta devastato, invaso da mostri, controllato da una misteriosa entità nota come Increaser. L'unica speranza per salvare l'amata Terra risiede in te, un giovane guerriero di nome Dan. Sei stato mandato in una macchina del tempo nell'anno 1999, quando stava iniziando l'invasione dei mostri. Il tuo compito è trovare la tua strada attraverso labirinti infestati da mostri e sconfiggere l'Aumentatore, qualunque esso sia. nnIl gioco è un platform d'azione con più enfasi sull'esplorazione che sul gameplay &quot;salta e corri&quot;.
Bionic Commando (USA)	Interpreti un soldato con un braccio bionico che si estende e si contrae. Il tuo braccio ti consente di aggrapparti a oggetti fissi per oscillare e salire di livello: non è consentito saltare! Il braccio afferra anche gli avversari e li tira verso di te. nnLa tua missione è infiltrarti nella fortezza nemica, trovare il tuo compagno scomparso, &quot;Super Joe&quot;, ed eliminare il leader malvagio, &quot;Generalissimo Kilt&quot;, della forza d'invasione che ha attaccato la tua gente negli ultimi 2 anni. nnDopo la maggior parte dei livelli, il Bionic Commando riceverà oggetti. Spesso questi elementi sono necessari per completare con successo altri livelli. Inoltre, ogni livello richiederà un comunicatore di colore diverso per dare un senso al traffico dei messaggi
Bird Week (Japan) (En)	In &quot;Bird Week&quot;, controlli un uccellino e il tuo obiettivo è trovare cibo per i tuoi uccellini. I due bambini sono seduti su un ramo, mentre tu voli in giro e cerchi di catturare alcune farfalle o altro per nutrire i tuoi bambini. Ci sono anche uccelli ostili che volano in giro, che cercano di ucciderti o di portarti via il cibo. Dopo aver dato cibo a sufficienza ai tuoi figli, procedi al livello successivo.
Black Bass, The (Japan)	L'obiettivo è che il giocatore catturi il maggior numero possibile di black bass dall'alba al tramonto. Il giocatore può selezionare un gioco per principianti o un gioco di classifica. Un gioco di classifica richiede una password. Da qui, un giocatore può selezionare una posizione sul lago da cui iniziare e iniziare a pescare. Il semplice lancio di un'esca con la potenza desiderata avvierà il processo. Un pesce può essere attirato spostando l'esca e se morde, il giocatore può provare ad avvolgerlo. Troppi avvolgimenti costanti portano alla rottura della lenza e alla perdita sia del pesce che dell'esca. Tra un casting e l'altro, il giocatore può effettuare determinate selezioni. Tra le selezioni disponibili c'è l'opzione per cambiare il tipo e/o il colore dell'esca utilizzata.
Black Bass, The (USA)	In The Black Bass sei un angolare in un torneo di pesca Black Bass. In questo torneo, inizi sul Lago Amanda come angolare di classe C in 200a posizione. Devi trovare una buona posizione sul lago per pescare in quanto le dimensioni, il tipo (tipi di pesce: Black Bass, Trota fario, Trota iridea e Luccio), la quantità di pesce e gli ostacoli variano a seconda di dove ti trovi sul lago. Una volta selezionata la posizione ideale, scacci l'esca usando un misuratore di potenza e mentre la riavvolgi lentamente indietro. Devi cercare di attirare il pesce interessato agitando l'esca nell'acqua e se il pesce afferra l'esca devi avvolgere il pesce torna ad assicurarsi che la lenza non si spezzi oltre ad evitare eventuali ostacoli sul percorso.
Blades of Steel (USA)	Basato sul gioco arcade, Blades Of Steel è un gioco d'azione arcade di hockey (il gameplay non richiede la necessità di preoccuparsi delle statistiche o di fornire la possibilità di personalizzare le squadre). Due giocatori possono giocare l'uno contro l'altro o un giocatore contro il computer . In una modalità giocatore ci sono opzioni di modalità gioco singolo e torneo. Di tanto in tanto potrebbe scoppiare una rissa, che fornirà una vista ravvicinata dei due giocatori. Il giocatore ha il controllo durante la sequenza del gioco di combattimento in miniatura, con il perdente che deve trascorrere del tempo in panca puniti. L'arbitro interromperà le risse che durano troppo a lungo e chiamerà alcuni rigori come la formazione di ghiaccio. Sono presenti anche diversi brevi clip di voci digitalizzate.
Blaster Master (USA)	La classica storia di un ragazzo e della sua rana che scappa, diventa radioattiva e salta in un buco. Ancora più importante, tuttavia, è la storia di un ragazzo che trova un carro armato da battaglia completamente funzionante, il SOFIA 3°, e si avventura nel sottosuolo. La sua missione... per trovare nuove armi e parti aggiuntive per il carro armato che a sua volta gli permetterà di esplorare più aree, fino a quando alla fine troverà quella rana mutante amante della libertà. E mentre è laggiù potrebbe anche sconfiggere il malvagio Boss del plutonio che desidera minacciare la Terra.
Block Out (USA) (Proto)	Forme 3D casuali diventano sempre più veloci... ruotale e falle rotolare per creare strati completi e farli sparire! Crea i tuoi puzzle: il tuo più grande sfidante potresti essere te stesso! Gara a due giocatori fianco a fianco. Completa un livello e scaricalo sul tuo avversario! Dotato di una prospettiva 3D unica, BLOCKOUT libera la potenza del tuo Genesis a 16 bit. 11 livelli di difficoltà: da principiante ad avanzato. Personalizza set di blocchi e pozzi per 750 diverse combinazioni di partenza! Nonostante gli altri port per console conosciuti di Blockout, ce n'erano due anche per NES: il primo è un prototipo ufficiale inedito sviluppato nel 1990 dalla Technos Japan Corp. sotto il nome &quot;Block Out&quot;, mentre il secondo è un clone non autorizzato programmato da Hwang Shinwei e pubblicato da lui stesso e da RCM Group nel 1989/1990 (intitolato 3D Block).
Blodia Land - Puzzle Quest (Japan) (En)	Blodia Land: Puzzle Quest è un colorato e attivo puzzle di diapositive con l'enfasi più sul divertimento che sul cervello astratto. Ogni livello ha un percorso tortuoso, che svanisce mentre la piccola anatra drago perduta avanza. Se il giocatore mescola le tessere in modo errato, il drago gira e muore. Otto diversi labirinti in stile SMB con più di dieci livelli ciascuno e minigiochi in vicoli ciechi creano uno dei puzzle game più colorati ed estesi che il NES ha da offrire.
Bloody Warriors - Shan-Go no Gyakushuu (Japan)	In &quot;Bloody Warriors&quot;, interpreti il ruolo di un giovane senza nome di un antico villaggio, che subisce gli attacchi di un mostro feroce. Ti viene assegnato il compito di trovare la tana del mostro e di sconfiggerlo. Tuttavia, al tuo ritorno al villaggio, scopri che alcune persone sono state rapite dalle truppe imperiali. Ora devi scoprire le vere motivazioni degli Empries e risolvere un grande mistero. nnIl gameplay in &quot;Bloody Warriors&quot; è simile alla serie Dragon Quest: viaggi sulla mappa del mondo, combatti mostri casuali in battaglie a turni in prima persona e visiti città e dungeon. La principale differenza è l'aggiunta di battaglie strategiche. Ad un certo punto dovrai reclutare cavalieri e combattere interi eserciti di nemici.
Blue Marlin, The (USA)	&quot;The Blue Marlin&quot; è una simulazione di pesca. Inizi in Florida e ti fai strada attraverso varie fasi di pesca in Florida e Hawaii. Ogni fase contiene tre diverse posizioni. Naviga la tua barca da una vista dall'alto, scegli un posto appropriato e quindi inizi a pescare. Puoi scegliere la lunghezza della lenza, quanto in profondità la metti nell'acqua, quale esca usi, ecc. Più peschi e migliore è il pesce che catturi, migliori sono le statistiche che guadagni.
Blues Brothers, The (USA)	I Blues Brothers sono in fuga dalla legge. Prendi il controllo dell'ingombrante Jake o dell'agile Elwood in questo gioco platform a cinque livelli. Devi attraversare una prigione, un fiume e la grande città per raggiungere la libertà. Devi anche trovare i tuoi record mancanti e raccoglierli. Tutto e tutti sono contro di te, ma puoi raccogliere e lanciare casse di magazzino per sconfiggere i tuoi avversari.
Bo Jackson Baseball (USA)	Bo Jackson è stato il primo atleta all-star in due sport importanti, il baseball e il football americano. Bo Jackson Baseball è un gioco sulla carriera di Bo Jackson nel baseball. Questo gioco gioca una partita di baseball standard da nove (o 5 - 8 se lo desideri) inning di baseball. Ci sono tre livelli di difficoltà che danno accesso ai giocatori a tutti i livelli fermi. Quando lanci ti vengono dati 5 diversi tipi di lancio che il lanciatore sceglie premendo il pulsante direzionale corretto prima del lancio, quindi tenendolo nascosto al tuo avversario. La battuta viene eseguita allo stesso modo, ma il tipo di colpo viene scelto quando il battitore colpisce la palla.
Bokosuka Wars (Japan) (En)	Re Ogreth dell'Impero Basam ha invaso il tuo paese e ha catturato o trasformato in rocce e alberi tutti i tuoi soldati. Tu, re Suren, sei completamente solo. In un tentativo disperato, decidi di andare al castello di re Ogreth e di sconfiggerlo. Speri di riuscire a trovare un modo per riportare i tuoi soldati da te... nnIn questo gioco di strategia, il tuo obiettivo sembra semplice: cammina per una distanza di 600 metri e sconfiggi re Ogreth. Ma farlo non è affatto semplice. Sbattendo contro alberi e rocce, re Suren può riportare in vita i suoi soldati.
Bomberman (USA)	Bomberman era un robot in una fabbrica di bombe che desiderava ardentemente la sua libertà. Circolavano voci secondo cui la fuga in superficie avrebbe consentito al robot di diventare umano. Uscire sarebbe il trucco. Ogni stanza è abitata da mostri che devono essere neutralizzati e l'uscita stessa è nascosta sotto i mattoni. nnIl primo della serie Bomberman. Bomberman è un gioco per giocatore singolo con una vista dall'alto verso il basso e controlli semplicistici. Infatti, oltre al movimento, hai una sola abilità: posizionare le bombe.
Bomberman II (USA)	Il nostro eroe, il Bomberman bianco (Bomberman Shiro), un giorno stava camminando per strada quando ha assistito a una rapina. Era Bomberman nero (Bomberman Kuro) il rapinatore. Ma Black Bomberman ha buttato a terra White Bomberman, e poi ha lasciato i soldi in modo che fosse incastrato. Ora Bomberman è stato portato in prigione e deve combattere per uscire da questo posto usando l'unico metodo che conosce: bombe esplosive.
Bonk's Adventure (USA)	Gioco platform preistorico in cui hai il controllo di un bambino e devi guidarlo attraverso i livelli evitando ogni sorta di stranezze. nnIl gioco è molto simile a qualsiasi altro gioco di piattaforma a cui tu abbia mai giocato, ma ha le sue caratteristiche uniche come la possibilità di arrampicarsi su pareti verticali con i denti e fare un tuffo di testa da un salto. I potenziamenti si presentano sotto forma di pezzi di carne e conferiscono maggiore velocità e invulnerabilità nelle fasi successive. nnSe hai mai giocato a Chuck Rock, allora sai cosa aspettarti da questo, un gioco platform standard di palude con un tema preistorico.
Booby Kids (Japan) (En)	Il gioco è ambientato in un ambiente preistorico, completo di uomini delle caverne e dinosauri. Giochi nei panni di un ragazzino che deve raccogliere tesori senza essere ucciso da quelle feroci creature. L'unica cosa che puoi fare per immobilizzare i nemici è piazzare una trappola prima che si avvicinino a te. Questo ti dà l'opportunità di guadagnare tempo prezioso. I nemici salteranno fuori dalle trappole pochi secondi dopo. Il gioco è diviso in livelli con difficoltà crescente. Ad ogni livello, il tuo obiettivo è raccogliere tutto il tesoro prima di poter procedere. Muori se permetti a un nemico di toccarti.
Boulder Dash (USA)	Sei Rockford e devi scavare in grotte infestate da mostri in cerca di diamanti. In ogni livello devi raccogliere un certo numero di questi diamanti, per aprire un portale per la fase successiva. I nemici possono essere schiacciati da massi che cadono, che vengono rilasciati quando viene rimosso il terreno sottostante o vengono spinti su un terreno vuoto, ma fai attenzione perché questi possono anche schiacciarti. Nei livelli successivi, la difficoltà è aumentata di molti elementi del puzzle e limiti di tempo più brevi.
Bram Stoker's Dracula (USA)	Dracula di Bram Stroker è un gioco platform a scorrimento laterale liberamente ispirato all'omonimo film del 1992. I giocatori assumono il ruolo di Jonathan Harker la cui missione è distruggere il conte Dracula dirigendosi prima in Transilvania e poi a Londra. nnJonathan Harker può muoversi a destra ea sinistra, saltare e attaccare con un'arma, la più basilare delle quali è un coltello. Il display di stato sullo schermo mostra la barra della salute di Harker, il conto alla rovescia per completare il livello e l'arma attualmente in mano. In tutti i livelli si possono trovare caselle di punti interrogativi (simili ai giochi di Mario), attaccarli rivelerà potenziamenti che includono ripristino della salute, aumento del timer e nuove armi.
Break Time - The National Pool Tour (USA)	È ora di &quot;raccoglierli&quot; in questa versione in ritardo di FCI. Scegli uno dei quattro diversi giochi - Rotazione, 8-ball, 9-ball e 14-1 Rack Game - ognuno basato sulle regole del biliardo professionale. Come se non bastasse, sono incluse anche le modalità di pratica e di visione e il &quot;Tour della piscina nazionale&quot;, in cui devi mettere alla prova le tue abilità contro cinque diversi professionisti in cinque diverse città per diventare il campione. Dispone di commenti digitalizzati e salvataggio della password.
BreakThru (USA)	BreakThru è uno sparatutto 2D con veicoli a scorrimento laterale. La tua missione: corri, salta e fatti strada attraverso cinque livelli (montagne, ponte, pianure, città e aeroporto) di difese nemiche per riconquistare il caccia rubato. Tuttavia, una miriade di soldati nemici, mine, veicoli e aerei cercherà di fermarti. Oh sì... e non dimenticare di fare attenzione agli attacchi di razzi e ai sassi che cadono!
Bubble Bobble (USA)	Bubble Bobble è la storia di due umani, Bub e Bob, che vagano nella misteriosa grotta dei mostri e si trasformano magicamente in dinosauri. L'unico modo per tornare indietro è raggiungere la fine della caverna... Bubble Bobble è un gioco platform, con ogni livello a schermo singolo. I nemici devono essere eliminati da un livello per passare a quello successivo. Con un giocatore che controlla Bub e l'altro che controlla Bob, il giocatore può saltare e raccogliere oggetti per punti (come frutta). Il vero potere che Bub e Bob hanno, tuttavia, è la capacità di soffiare bolle. Queste bolle possono essere piattaforme su cui saltare o per intrappolare i nemici.
Bubble Bobble Part 2 (USA)	Cubby e Rubby, discendenti di Bub e Bob dell'originale Bubble Bobble, devono salvare la loro amica Judy, che è stata rapita dai malvagi Skull Brothers! Il gioco è molto simile al gioco originale: usi un dinosauro che sputa bolle sui nemici, intrappolandoli fino a quando non tocchi le bolle per farle scoppiare e sconfiggere i nemici intrappolati. Ma Cubby e Rubby hanno due abilità che i loro antenati non avevano: tenendo premuto il pulsante di attacco, possono fluttuare verso l'alto - e rilasciandolo, spareranno diverse bolle contemporaneamente. Possono anche raccogliere oggetti speciali che aumentano i loro punti, velocità e potenza d'attacco. Questo gioco presenta 80 livelli, nuovi nemici e minigiochi bonus.
Bucky O'Hare (USA)	Il capitano Bucky O'Hare e il suo fedele equipaggio; Blinky, Deadeye, Jenny e Willy combattono per salvare l'Aniverse dal flagello della Toad Armada. Questo fino a quando la nave di Bucky non viene attaccata e il suo equipaggio fatto prigioniero. Ora un coniglio solitario in missione, Bucky deve combattere per salvare i suoi compagni da quattro pianeti ostili e poi affrontare l'Air Marshall sulla sua nave ammiraglia. Buck O'Hare è un gioco a scorrimento laterale basato sull'omonimo cartone animato. Le abilità principali di Bucky sono un salto e un'arma blaster, che può caricare per fare un salto ancora più potente. Le barre della vita e delle armi sono visualizzate nella parte inferiore dello schermo. Bucky può ottenere nuove armi durante il gioco dai membri del suo equipaggio.
Bugs Bunny Birthday Blowout, The (USA)	Lo scoppio del compleanno di Bugs Bunny si svolge quando Bugs viene invitato al suo 50esimo compleanno. Poiché alcuni degli altri cartoni animati della Warner Bros. non sono stati invitati (incluso Wile E. Coyote), hanno deciso di impedire a Bugs di andare a questa festa. nnUn gioco con licenza Warner Bros, The Bugs Bunny Birthday Blowout è un gioco platform 2D a scorrimento laterale. Gli insetti possono saltare sopra e su alcuni nemici e cercare di raccogliere quante più carote possibile. Gli insetti possono usare il suo martello per distruggere i nemici e per trovare alcuni segreti.
Bugs Bunny Crazy Castle, The (USA)	Questo gioco è il primo della serie Crazy Castle di Bugs Bunny per Game Boy. Lo scopo di questo gioco è spostare Bugs negli 80 livelli di un castello e raccogliere tutte le carote. A prevenire i progressi di Bugs ci sono i soliti personaggi della Warner Bros., come Daffy Duck, Yosemite Sam e Sylvester. Bugs stesso non ha mosse di attacco, ma puoi trovare vari oggetti come incudini e guantoni da boxe per contrastare i tuoi nemici.
Bump 'n' Jump (USA)	Bump 'N' Jump è un gioco di corse d'azione giocato da un punto di vista dall'alto verso il basso. Mentre corri attraverso le strade insidiose e in continua evoluzione, le numerose auto nemiche cercheranno di buttarti fuori strada. Devi assicurarti di urtare le auto prima di essere urtato e schiantarti contro le fiancate! La tua auto ha anche la capacità di saltare abbastanza in alto se hai abbastanza velocità. Questo è utile per saltare sopra le auto nemiche se ce ne sono troppe sulla strada e deve essere usato anche per saltare le fessure nella carreggiata e altri ostacoli autostradali. Man mano che i livelli avanzano, la strada diventa più stretta con più ostacoli sulla strada e le altre auto aumentano di numero e di aggressività.
Burai Fighter (USA)	I Burai, una razza di alieni super-cervello malvagi, hanno lanciato il loro piano per conquistare l'universo con il loro esercito di creature metà organiche e metà robot: i robot-mutanti. Sta a te fermarli! Allaccia il tuo jet pack e preparati a diventare l'ultimo Burai Fighter. Burai Fighter è uno sparatutto arcade con due modalità di gioco. La maggior parte dei livelli è a scorrimento laterale e verticale con layout predefiniti. Tuttavia, alcuni livelli sono diversi: prospettiva dall'alto verso il basso, con un layout casuale. Ad ogni modo, sarai armato con una varietà di armi, tra cui diverse pistole (laser, missili, anelli) e la potente bomba al cobalto che uccide tutto sullo schermo. Burai Fighter utilizza una meccanica di gioco leggermente diversa rispetto ad altri sparatutto. Puoi sparare in 8 direzioni e quando tieni premuto il pulsante di fuoco continui a sparare in quella direzione.
BurgerTime (USA)	Nei panni dello chef Peter Pepper, devi respingere i nemici del cibo mentre prepari hamburger perfetti! Usa un pizzico di pepe per stordire Mr. Hot Dog, Mr. Egg e Mr. Pickle, o attirali sopra o sotto panini per hamburger, lattuga, formaggio o pomodori per sfuggire alle loro grinfie! Preparare hamburger perfetti diventa progressivamente più difficile attraverso le sei schermate di BurgerTime!
Business Wars (Japan)	Business Wars è un videogioco di avventura testuale rilasciato per il Family Computer giapponese. nnMolta strategia viene utilizzata quando i giocatori devono prendere decisioni e negoziare. I messaggi arrivano sempre utilizzando lo stile del feed di dati per rendere il gioco più professionale. Il gioco può finire con una sconfitta se viene presa la decisione sbagliata nel momento sbagliato (simile alla morte in un gioco d'azione). Il giocatore dovrà avere a che fare con strozzini nei Caraibi, dirigenti aziendali spietati di società rivali, sessioni di arbitrato e componenti che a volte fanno sembrare il gioco più simile a un gioco di strategia. Non ci sono oggetti da usare e pochissima azione (con lo spostamento del ragazzo in un edificio per uffici virtuale).
Cabal (USA)	Originario delle sale giochi, Cabal è uno sparatutto in cui il protagonista corre avanti e indietro lungo la parte inferiore dello schermo, schivando e schivando proiettili e granate del nemico. La manovra di rollio dalla sala giochi non è stata implementata nella versione PC. Il giocatore risponde al fuoco spostando un bersaglio sullo schermo che muove anche il personaggio del giocatore e può esporlo al fuoco nemico.
Cadillac (Japan)	Cadillac è un puzzle game per Nintendo Nes che si gioca come un Tetris ma con le carte. Devi creare combinazioni di carte simili al poker (pari, tris, straight...) per farle sparire e vincere soldi.
Caesars Palace (USA)	Questo gioco ti permette di giocare nel casinò Caesars Palace. Vaghi per il casinò e giochi a video poker, roulette, blackjack, la ruota dei soldi Big Six o 3 tipi di slot machine. Scommetti e vinci fiches e poi le scambi con denaro quando vuoi. L'interazione avviene tramite un cursore, tutto è visto dalla prospettiva in prima persona. Vieni al casinò in taxi: riuscirai a lasciarlo nella tua limousine?
California Games (USA)	California Games era l'originale &quot;Extreme Games&quot; - quello che la generazione odierna potrebbe chiamare &quot;X-Games in the sun&quot;. I giocatori possono selezionare gli sponsor (assenti in alcune versioni) e competere in eventi come skateboard, footbag, surf, pattinaggio a rotelle, flying disc (frisbee) e BMX. L'evento di surf è classificato dai giudici, che assegnano un punteggio per aiutare i giocatori a migliorare la loro routine. Le versioni Atari (2600 e Lynx) del gioco omettono gli eventi del disco volante e del pattinaggio a rotelle, mentre la versione Genesis omette solo l'evento del disco volante.
California Raisins - The Grape Escape (USA) (Proto 1)	The California Raisins: The Grape Escape è un videogioco California Raisins sviluppato da Radiance per Nintendo Entertainment System. Capcom prevedeva di pubblicare il gioco nel 1990, ma la sua uscita fu annullata a causa della diminuzione della popolarità dei California Raisins a causa del calo delle vendite di uvetta alla fine degli anni '80 e all'inizio degli anni '90. Nel gioco d'azione a scorrimento laterale per giocatore singolo, il giocatore controlla un'uva passa della California attraverso cinque fasi nel tentativo di salvare la band e le note musicali della loro band che sono state rubate dalla banda di musicisti gelosi. Il giocatore cammina, salta, si arrampica sulle viti, cammina sulla luna (premendo il pulsante &quot;seleziona&quot;) e spara una scorta illimitata di gelatine d'uva come proiettili. Come nel caso di altri giochi Capcom, come Mega Man e DuckTales, puoi giocare ai primi quattro livelli nell'ordine che preferisci, ma il livello finale è disponibile solo dopo aver raccolto le note musicali da ciascuno dei quattro livelli .
Capcom's Gold Medal Challenge '92 (USA)	Cattura lo spirito della competizione di livello mondiale con la Gold Medal Challenge '92 di Capcom! Allenati e competi con un massimo di sette amici in 18 eventi da batticuore. Ora è il momento di pompare davvero e diventare fisico! Dai forza ai tuoi amici nel sollevamento pesi e lasciali nella polvere nella corsa dei 100 metri. Fai un tuffo enorme negli incontri di nuoto e lascia tutti gli altri sulla tua scia. Guadagna un 10 perfetto nel Vault e guarda come la folla si scatena! Con la Gold Medal Challenge '92 di Capcom, tutte le emozioni e l'eccitazione di una competizione di livello mondiale sono a portata di mano!
Captain America and the Avengers (USA)	Il Mandarino ha messo fuori combattimento Iron Man e la Visione. Questa volta è personale. nnGiochi nei panni di Capitan America o Occhio di Falco. Nella modalità per un giocatore, devi farti strada attraverso vari teppisti per salvare Iron Man e la Visione. Questo gioco è uno scroller laterale, che ricorda in qualche modo Bionic Commando in cui combatti attraverso un livello, quindi ti sposti su una mappa aerea per decidere dove andare dopo. Tra i livelli, Wasp ti dà suggerimenti.
Captain ED (Japan)	Captain ED è uno sparatutto a scorrimento verticale. I giocatori pilotano una nave attraverso sette diversi livelli dello spazio per salvare i loro amici dalla prigionia e sconfiggere Doguma. I giocatori devono abbattere le navi nemiche per guadagnare denaro. Il personaggio principale (non necessariamente chiamato Ed) deve farsi strada attraverso lo spazio (rappresentato da tessere multicolori) per distruggere i &quot;7 Masters of Space&quot;. Periodicamente dovrà fermarsi a comprare benzina o altri oggetti. I sette dei fortunati fanno la loro apparizione come opposti ai 7 Maestri.
Captain Planet and the Planeteers (USA)	Basato sull'omonima serie di cartoni animati, Captain Planet and the Planeteers sono protettori ambientali. Ogni planeteer è dotato di uno speciale potere elementale che viene utilizzato per combattere l'inquinamento, preservare l'ambiente e mantenere tutto a forma di nave. Quando i poteri dei Planeteers si combinano, evocano Captain Planet, un supereroe Captain Planet, guardiano della Terra, viene evocato. I poteri di Gaia vegliano sul mondo e assegnano i Planeteers dove sono necessari.Captain Planet and the Planeteers è un gioco d'azione a scorrimento laterale diviso in due sezioni: livelli interni e livelli esterni. I livelli esterni di solito mettono i Planeteers in una sorta di veicolo che può muoversi in una qualsiasi delle otto direzioni sullo schermo. I planetieri possono usare uno qualsiasi dei loro poteri elementali, drenati da una barra dell'energia: il fuoco lancia una palla di fuoco direttamente davanti a sé, l'acqua lancia un'onda d'acqua, il vento scatena una corrente d'aria difensiva, la terra lancia pietre sulla terra e il cuore calma le creature animali .
Captain Silver (Japan)	In Captain Silver per NES, gioca nei panni di Jim, un giovane con un gusto per l'avventura che si imbarca in una spedizione alla ricerca di un tesoro segreto. Durante il suo viaggio, attraversa villaggi, giungle e barche per raggiungere i mari orientali in un gioco platform in cui raccogliere tutte le lettere del Capitano Silver dà una vita extra. Avanti, marinaio!
Captain Skyhawk (USA)	Captain Skyhawk è un gioco sparatutto su Nes. Giochi nei panni di un pilota di caccia il cui obiettivo è liberare la Terra da un'invasione aliena. Devi distruggere le basi aliene prima che prosciughino tutte le forze viventi del pianeta. Ai comandi del tuo F-14, sei equipaggiato con quattro diversi tipi di armi, di cui devi fare buon uso durante le 9 missioni che compongono il gioco.
Captain Tsubasa II - Super Striker (Japan)	Capitan Tsubasa Vol. II: Super Striker è il secondo gioco della serie Captain Tsubasa, un gioco di ruolo di calcio basato sull'omonimo anime. Super Striker è stato rilasciato il 20 luglio 1990 in Giappone per Famicom, pubblicato e sviluppato da Tecmo. Il gioco consente ai giocatori di fare delle scelte e quindi di guardare come si comportano in campo.
Casino Derby (Japan)	Gioco di corse di cavalli con tre opzioni: Derby, Jockey e Bingo.
Casino Kid (USA)	Sei Casino Kid, un giovane senza nome che ha 500$ in tasca ed è pronto ad affrontare i migliori giocatori di poker e blackjack del casinò per aumentare significativamente questo importo. Ti muovi in una grande sala da casinò e parli con le persone. Alcune persone si limiteranno a chattare con te, mentre altre ti sfideranno a un gioco: blackjack o poker. All'inizio, la maggior parte delle persone non accetterà di giocare con te. Dovrai sconfiggere gli avversari in un ordine particolare per poter vincere tutti i giochi di blackjack e poker e affrontare l'avversario finale.
Casino Kid II (USA)	Casino Kid 2 su Nes ci fa rivivere un'avventura di The Kid. Già il più grande giocatore degli Stati Uniti, ora devi diventare il campione del mondo! Viaggia per il mondo e gioca a poker, blackjack e roulette.
Castelian (USA)	Castelian su NES è un gioco d'azione/piattaforma in cui controlli una piccola rana verde (sembra incrociata con un maiale) per issarla in cima a 8 torri che immagazzinano l'acqua, in cui tu e i tuoi compagni umani vivevate. La cartuccia è tecnicamente geniale, ricrea un effetto 3D che dà l'impressione di girare attorno alle torri. La tua salita sarà disseminata di nemici di ogni tipo e le tue uniche armi sono le palle da lanciare all'avversario. Puoi saltare premendo A e mantenendo la direzione in cui vuoi saltare. L'ascesa sarà particolarmente complicata aggiungendo la cattiva reazione delle chiavi, i nemici che seguono il movimento della torre e il tempo concesso.
Castle of Dragon (USA)	Darklarza, il Dragon Master, terrorizza il regno da molti anni. Il re si è ritirato in esilio con il suo cavaliere più valoroso, Geraden, per tenere il suo forte. Darklarza mette in scena un attacco alla fortezza in esilio del re e riesce a rapire la principessa. Spetta a Geraden viaggiare attraverso il regno, salvare la principessa e porre fine al regno di Darklarza una volta per tutte.
Castle Quest (Japan)	Castle Quest è un gioco di strategia liberamente basato sugli scacchi di Hudson Soft. È un interessante mix di fantasia eroica e scacchi classici: il giocatore deve usare i suoi pezzi, una mossa in quel momento, per catturare il re avversario proteggendo il proprio. Tuttavia, Castle Quest presenta molti più pezzi degli scacchi tradizionali come Maghu, Ninja, Orchi, Mummie e persino Draghi.
Castlequest (USA)	In un mondo immaginario, la giovane principessa Margarita è stata rapita da Mad Mizer, l'Oscuro Signore del Castello di Groken (Castello di Groken), situato nelle Montagne Proibite. Il principe Rafael va in suo soccorso. Il gioco si svolge interamente nel castello. Per progredire Rafael deve raccogliere le chiavi nei labirinti del castello di Groken che contiene 100 stanze disposte in un quadrato 10x10.
Castlevania (World) (Konami Collector's Series)	Anno 1691. La Transilvania ha potuto godere di un secolo di pace per merito del leggendario eroe Christopher Belmont, un cacciatore di vampiri che sconfisse il conte Dracula cento anni prima, per mezzo di una frusta benedetta chiamata Ammazzavampiri. Gli abitanti di un villaggio transilvano si stavano godendo la pace festeggiando la Pasqua, in onore della resurrezione di Gesù Cristo. Tuttavia, ogni cento anni, il potere di Cristo si indeboliva, e il cuore degli uomini diventava nero, portando alcuni di loro ad anelare al caos e alla distruzione. Durante quel periodo, un ordine oscuro decise di resuscitare il conte Dracula, in modo che lui potesse diffondere il caos e la rovina in tutto il mondo. Mentre la celebrazione della pasqua proseguiva con un gran Carnevale, i membri del culto si riunirono in un monastero abbandonato ai margini del villaggio, e lì eseguirono un rituale oscuro per far risorgere il conte Dracula.
Castlevania II - Simon's Quest (World) (Konami Collector's Series)	Il protagonista del gioco è il cacciatore di vampiri Simon Belmont, che dopo aver sconfitto il conte Dracula rimane con ferite che provocano una maledizione. Per liberarti dalla maledizione, dovrai raccogliere cinque parti di Dracula (unghia, osso, cuore, anello e occhio) e bruciarle. Queste parti si trovano nelle cinque dimore di Dracula che appaiono nel gioco e per essere ottenute, è necessario lanciare un paletto su di esse. Ognuna di queste parti di Dracula conferisce a Simon Belmont un'abilità speciale. Arrivato a Castlevania, Simon deve bruciare tutte e cinque le parti di Dracula e deve affrontare l'ultimo nemico del gioco: il Conte stesso. Questo gioco ha tre finali, a seconda del tempo impiegato da Simon per combattere il Conte.
Castlevania III - Dracula's Curse (World) (Konami Collector's Series)	Avendo luogo 100 anni prima degli eventi di Castlevania 1 e Castlevania 2, Dracula il Vampiro è insorto per minacciare il piccolo villaggio di Warakiya. I cittadini che avevano bandito la famiglia Belmont ora chiedono l'aiuto di Trevor Belmont per uccidere Dracula. Nel suo strano castello, Dracula ha assemblato un enorme esercito di creature non morte per spazzare via la Terra dalla vita e portare l'oscurità eterna. Trevor accetta di aiutare e equipaggia la frusta ereditaria della sua famiglia, la &quot;Vampire Slayer&quot;, per distruggere Dracula.
Cat Ninden Teyandee (Japan)	Edoropolis ospita una razza di Animaleidi, animali antropomorfi che sono una combinazione di carne e parti del corpo cibernetico. Sono governati dallo Shogun Tokugawa Lei Lei e da sua figlia, Tokugawa Usako. Sfortunatamente per loro, il Primo Ministro Kitsunezuka Ko'on No Kami sta attivamente cercando di deporre entrambi e vuole assumere il potere con la forza! Ha sempre un piano nelle maniche, che di solito prevede l'attacco alla città usando un esercito di Ninja Crows, guidati da Karamaru e Karasu Gennarisai (che funge anche da consigliere di Ko'on No Kami).
Caveman Games (USA)	Giochi olimpici ambientati nell'età della pietra. Gli eventi includono discoteche, gare di dinosauri, fuochi d'artificio, lancio di compagni, gare di sciabole e la cripta dei dinosauri. Con il supporto per un massimo di sei giocatori, devi selezionare il tuo cavernicolo da un totale di sei diversi personaggi con background diversi, tutti con abilità e svantaggi diversi.
Chack'n Pop (Japan) (En)	Chack'n Pop è un gioco d'azione per console Nintendo a 8 bit. Giochi nei panni di un piccolo personaggio giallo capace di camminare sui muri e lanciare bombe. Devi raccogliere tutte le uova dello stesso livello ed eliminare tutti i nemici per passare a quello successivo.
Challenger (Japan) (En)	Uno dei primi titoli per NES di Hudson Soft, Challenger è un gioco in stile arcade che combina lo scorrimento laterale, l'azione corri e salta con un gameplay esplorativo dall'alto. Il gioco è composto da due parti. nnIl primo livello (o &quot;scena&quot;) ti vede correre il tempo per arrivare davanti a un treno, dove un cattivo dalla faccia viola tiene in braccio la tua dolce metà (o forse solo una principessa anonima). Hai a tua disposizione un fidato coltello da lancio per prenderti cura dei nemici. Dovrai anche schivare gli ostacoli e saltare gli spazi vuoti nel treno. Questa sezione è tratta dal precedente gioco di Hudson, Stop the Express. nnLa scena 2 ti colloca in un ambiente sopraelevato, simile a un labirinto, dove devi ancora una volta combattere il tempo. Questa volta, però, devi navigare nell'area, alla ricerca di tutte le diverse &quot;parole chiave&quot;, che sono poste in diverse grotte. Dopo aver ripulito tutte le caverne, il percorso sarà aperto per l'ultima tana del boss.
Championship Bowling (USA)	Championship Bowling si gioca come un normale gioco di bowling a dieci birilli a 10 frame con l'obiettivo di abbattere quanti più birilli possibile con la palla da bowling. nnDopo aver scelto una corsia (5 modelli diversi), un personaggio (4 personaggi diversi) e il peso della palla da bowling che utilizzerà, il giocatore viene posizionato sulla corsia. Per lanciare il giocatore prima sceglie la posizione da cui il bower lancerà e poi, usando il pannello &quot;Control&quot;, il giocatore deve cronometrare correttamente per fermare la palla all'angolazione desiderata e infine, cronometrare correttamente per fermare la &quot;Potenza&quot;. barra alla potenza desiderata. La potenza e il peso della palla determinano l'effetto del controllo. Fino a quattro giocatori possono giocare utilizzando l'accessorio NES Four Score con tutti i giocatori che si alternano al bowling.
Championship Lode Runner (Japan) (En)	Un seguito dell'originale Lode Runner, con un gameplay identico. Questo pacchetto conteneva 50 dei livelli più impegnativi mai progettati ed era destinato solo a giocatori esperti. Non includeva l'editor di livelli, dovevi giocare attraverso i livelli in ordine, ma era fornita un'opzione di salvataggio (anche se perdevi una vita ogni volta che ripristinavi).
Championship Pool (USA)	Ecco un gioco di biliardo da giocare contro i tuoi amici - niente espedienti - con riff rock 'n' roll che ballano sui tuoi timpani. Tutte le emozioni di uno dei giochi più famosi al mondo sono tue quando vuoi e non dovrai mai aspettare per un tavolo. Championship Pool ti offre tutta l'emozione del puro gioco in piscina, con caratteristiche uniche che non puoi trovare in nessun altro prodotto elettronico per la piscina. E questo gioco di biliardo è ufficialmente approvato dal Billiard Congress of America. Tuffati contro la console o sfida fino a 7 avversari umani usando l'opzione Party Pool. Pensi di essere uno squalo? Prova la modalità Torneo, in cui solo i migliori giocatori si qualificano per il torneo del campionato del mondo. Gioca a 8 palline, 9 palline o più di 15 giochi diversi!
Championship Rally (Europe)	Championship Rally ti offre tutte le emozioni e i brividi delle corse automobilistiche ad alto rischio! Una scelta di percorsi, una varietà di condizioni meteorologiche e della pista e la possibilità di personalizzare tutte le caratteristiche della tua auto rendono questo gioco di corse sopra tutti gli altri! Non rilasciato in Nord America.
Chaos World (Japan)	La figlia del re è gravemente malata e il regno è afflitto da mostri. Il re ha bisogno di te, discendente del valoroso guerriero Marte, per intraprendere un viaggio e indagare sulla questione. Durante questa indagine, scoprirai una trama molto più sinistra e dovrai affrontare le forze oscure del mondo. &quot;Chaos World&quot; ti consente di personalizzare il tuo personaggio scegliendo una delle numerose classi, sesso e statistiche (puoi allocare punti abilità disponibili a tuo piacimento all'inizio del gioco). Fino a quattordici personaggi possono unirsi al tuo gruppo e puoi reclutare persone in gilde di avventurieri. Il gioco include anche un ciclo giorno/notte.
Chessmaster, The (USA)	Il Chessmaster è un gioco in cui il giocatore ha la possibilità di giocare contro il Chessmaster controllato dalla CPU in una partita di scacchi standard. nnPer giocare il giocatore deve raccogliere i pezzi degli scacchi con il cursore della mano e posizionarli nella posizione desiderata, all'interno delle regole di un gioco di scacchi standard. Ci sono 16 diversi livelli di difficoltà che includono 2 livelli per principianti, 13 livelli standard (che vanno da una media di 5 secondi a 4,5 minuti per colpo a seconda del livello) e un livello infinito che continuerà a pensare a un tiro fino a quando non sarà possibile ottenere un tiro perfetto fatto o è costretto a muoversi. C'è anche una modalità di insegnamento che mostra al giocatore tutte le mosse possibili con il pezzo selezionato. Due giocatori possono giocare a vicenda con due controller e c'è anche un'opzione per far giocare il Chessmaster da solo.
Chester Field - Ankoku Shin e no Chousen (Japan)	Episodio II:nnC'era una volta il regno di Guldred, che era stato regnato da Gulse I. Tutta la sua gloria portò pace e gioia alle persone. Un giorno, l'assassinio di Gulse I trasformò la terra della pace in un campo di battaglia. Questo è stato pianificato dal generale Guemon. Era il momento critico del regno di Guldred. Date le circostanze, Gazem, un vecchio cavaliere, consigliò alla regina Liza e alla principessa Karen di chiedere aiuto a Backviser. Backviser era il vecchio amico di re Gulse, che viveva nell'isola di Chester Field. Liza e Karen hanno deciso di andare lì con Gazem. Sulla strada per l'isola, sfortunatamente, la loro nave fu attaccata dagli uomini di Guemon. Gazem ha combattuto coraggiosamente contro i pirati invano; è stato gravemente ferito e Liza è stata uccisa, e quel che è peggio, la principessa Karen è stata imprigionata da qualche parte nell'isola di Chester Field.
Chibi Maruko-chan - Uki Uki Shopping (Japan)	Chibi Maruko-Chan: Uki Uki Shopping è un semplice gioco da tavolo per Famicom, pensato per i bambini. La premessa è percorrere la mappa per raggiungere un determinato punto di riferimento prima degli altri, il tutto acquistando souvenir in questi luoghi lungo il percorso. Non c'è davvero nulla nel gioco, dal momento che i tuoi risultati non vengono salvati o trasferiti su una nuova mappa; quando vinci la partita in corso, non c'è altro. Il gameplay e il concetto generale sono semplici con l'inclusione di carte speciali che puoi ricevere per influenzare gli altri o te stesso. Oltre a guadagnare yen, puoi anche guadagnare punti felicità, che guadagni acquistando souvenir e mandandoli a casa per divertirti.
Chiisana Obake - Acchi Socchi Kocchi (Japan) (En)	Atchi, Kotchi e Sotchi devono correre a mangiare tutte le mele. Quando tutte le scatole sono vuote, vinci il livello. Raccogli i potenziamenti prima che scompaiano.
Chip 'n Dale - Rescue Rangers (USA)	I Rescue Rangers sono piccoli eroi. Composto da due scoiattoli, due topi e una mosca... questi eroi possono essere piccoli ma non c'è nessun caso troppo grande da affrontare. Questo gioco inizia in modo abbastanza semplice, con una missione per salvare un piccolo gattino, ma presto si intensifica in una trama più ampia che contrappone i ranger di soccorso al loro arcinemico, il perno felino, Fat Cat.
Chip 'n Dale - Rescue Rangers 2 (USA)	Chiamando tutti i Rangers... Stiamo cercando un gatto evaso. Tic e Tac, i nostri minuscoli ma sconsiderati investigatori, hanno appreso una notizia terribile: il famigerato gatto criminale è scappato di prigione e ha rubato l'Urna del Faraone. Ancora una volta, i Rangers of Risk devono riunirsi, tentare di risolvere il caso dell'urna scomparsa e riportare in prigione Catox, il felino criminale. Unisciti a Tic, Tac e agli altri Rangers in questa nuova stravagante avventura. Esplora i pericolosi livelli del ristorante e incontra Water Rabbit dalla personalità esplosiva. Aiutali a fuggire attraverso i livelli ghiacciati del frigorifero gigante. Sonda le pareti spettrali del magazzino infestato e scopri l'ultimo indizio che rivelerà la tana segreta di Catox.
Chip's Challenge (USA) (Proto)	Chip McCallahan è un nerd che vorrebbe essere accettato nel club informatico &quot;Bit Busters&quot;, presieduto da Melinda, un prodigio di intelligenza. Ma per entrare nel club, deve dimostrare la sua intelligenza superando una prova di iniziazione, risolvendo le prove che compongono i numerosi livelli del gioco (fino a 149 a seconda della versione). Chip dovrà raccogliere tutti i gettoni elettronici di ogni livello prima di poter rimuovere il &quot;socket&quot; che blocca l'uscita. Per farlo, dovrà calcolare l'ordine delle sue azioni, aprire porte prendendo la chiave giusta, spingere blocchi per bloccare passaggi o crearne altri, usare l'accessorio giusto per accedere a zone mortali o invalicabili (scudo blu per l'acqua, rosso per il fuoco, ramponi per camminare sul ghiaccio, calamita per resistere ai campi magnetici...). I primi livelli sono un tutorial e la difficoltà aumenta rapidamente.
Chiyonofuji no Ooichou (Japan)	Il giocatore è in grado di personalizzare il proprio lottatore di sumo dandogli un aspetto unico. I personaggi hanno un aspetto chibi per loro. nnGli elementi che possono essere aggiunti includono gli occhi, le orecchie, la bocca e il naso. Una volta creato il lottatore personalizzato, deve combattere contro altri lottatori di sumo per il titolo di Yokozuna. Ci sono due barre per ogni giocatore che consentono al giocatore di respingere e sferrare attacchi. Viene aggiunta una modalità tutorial che consente ai giocatori di esercitarsi con le proprie mosse contro un avversario AI con un intelletto inferiore rispetto all'IA del gioco reale.
Choplifter (Japan) (En)	Choplifter è un gioco d'azione/arcade a scorrimento laterale che ti mette al comando di un elicottero d'attacco. La tua missione: vai dietro le linee nemiche e salva fino a 16 ostaggi per livello. Fai attenzione però, perché i carri armati e gli aerei nemici cercheranno di fermarti e non smetteranno di sparare mentre salvi quegli ostaggi! Originariamente rilasciato per personal computer Apple II, Choplifter è stato successivamente portato su sale giochi e varie console per videogiochi. Seguiranno molti imitatori e omaggi.
Chou Fuyuu Yousai - Exed Exes (Japan) (En)	Su un pianeta a 6000 anni luce dalla terra, c'erano creature chiamate Exes, che assomigliano a grandi insetti, che venivano utilizzate per scopi industriali. Tuttavia, queste creature un giorno presero a ribellarsi contro i loro creatori. Due macchine da battaglia sono state inviate per combattere contro gli Ex, conosciuti come Colonel e Sargent. Gli Ex si stanno avvicinando al completamento della loro arma segreta, gli Exed Ex, e devono essere sconfitti prima che ciò accada! Exed Exes è uno sparatutto a scorrimento verticale di base, convertito dal coin-op del 1985. Il gioco scorre in avanti e il giocatore può manovrare la propria nave sullo schermo per sparare ai nemici ed evitare attacchi. A volte compaiono icone POW che possono potenziare la nave o trasformare i nemici in frutti che valgono punti extra. Il gioco può essere giocato da solo o in due giocatori in modalità cooperativa.
Choujikuu Yousai - Macross (Japan) (En)	In questo gioco sparatutto a scorrimento laterale, i giocatori prendono il controllo di una Valchiria VF-1 e combattono contro le forze degli Zentradi. L'obiettivo principale è entrare nella nave Zentradi e distruggere il suo nucleo del reattore. I giocatori di Valkyrie possono cambiare aspetto e abilità.
Choujin Sentai - Jetman (Japan) (En)	Choujin Sentai Jetman è basato sul programma televisivo giapponese che ricorda i Mighty Morphin Power Rangers. nnIl gioco è stato sviluppato da Natsume e funziona in modo abbastanza simile all'altro titolo: Shatterhand. È un gioco d'azione a scorrimento laterale in cui il giocatore deve sparare, calciare, saltare e chinarsi per superare una pletora di cattivi. Prima che il giocatore selezioni una fase, deve selezionare uno dei cinque eroi, ognuno con la propria quantità di salute e tipo di arma. Hanno anche un attacco speciale a uso limitato che può ripulire lo schermo dai nemici. Alla fine di ogni livello l'eroe salta all'interno di un robot gigante e si cimenta in un duello uno contro uno con il boss di quel livello. nnIl gioco presenta quattro livelli di difficoltà (2 nascosti), un sistema di password e una &quot;modalità Battaglia&quot; in cui il giocatore può esercitarsi a combattere contro uno qualsiasi dei boss.
Chris Evert & Ivan Lendl in Top Players' Tennis (USA)	Gioca al gioco dei tuoi sogni con Top Players' Tennis, l'unico gioco in cui &quot;diventi&quot; Ivan Lendl o Chris Evert. Ma prima, hai quattro tornei principali da giocare; Gli Australian Open, gli Open di Francia, Wimbledon e gli US Open. Gioca in singolo contro un amico o il computer; Raddoppia con Lendl o Evert per battere il computer; Oppure gioca con un amico contro il computer. C'è eccitazione, azione e sudore!nngioco... set... partita
Chubby Cherub (USA)	Giochi nei panni di un cherubino in missione per salvare i suoi amici. Il tuo punto di vista è laterale mentre scorri lo schermo orizzontalmente. Volerai attraverso i livelli mangiando diversi prodotti alimentari per mantenere il tuo misuratore di volo alimentato. Devi anche schivare vari nemici come cani, uccelli e palloncini. Puoi anche sparare ai nemici di tipo cane con i cuori del cannone Gau-Gau del cherubino.
Chuck Yeager's Fighter Combat (USA) (Proto)	Gioco annullato. Il più grande pilota nella storia dell'Air Force ha bisogno di un nuovo gregario - Sei pronto per la sfida? Quindi sali a destra ed entra nella cabina di pilotaggio nel nuovissimo gioco di grande successo per il Nintendo Entertainment System; Combattimento combattente di Chuck Yeager! La tua missione è salire a bordo di uno dei velivoli più belli mai creati, l'F16C Fighting Falcon, e prepararti per alcune delle azioni più eccitanti in circolazione. Sei abbastanza uomo da gestire i divertimenti Gatling e i missili sidewinder? Riesci a sopportare il calore del generale di brigata mentre critica ogni tua mossa? Sei abbastanza cattivo da viaggiare per il mondo combattendo per la libertà degli Stati Uniti contro i nodosi sovietici? Bene, allora sei nel posto giusto! La tecnologia all'avanguardia a 8 bit ti mette nella cabina di pilotaggio di questa simulazione di volo ricca di azione. Va bene se hai troppa paura di andare da solo, la modalità a due giocatori ti permetterà di avere un copilota con le tue armi al tuo fianco!
Chuugoku Janshi Story - Tonfuu (Japan)	&quot;Chuugoku Janshi Story: Tonpuu&quot; è un gioco di simulazione Mahjong pubblicato solo in Giappone da Natsume nel 1989. Devi combattere contro molti avversari per sperare di vincere il torneo!
Chuugoku Senseijutsu (Japan)	Un gioco di predizione del futuro che utilizza il misticismo orientale per prevedere il futuro del giocatore, in base al suo anno di nascita. Sebbene i dispositivi di predizione del futuro non fossero sconosciuti, questo è stato il primo &quot;gioco&quot; per NES a fornire un servizio del genere. Tuttavia, sarebbe stato seguito quasi immediatamente da Dennou Kyuusei Uranai dell'89 di Induction Produce; un altro simulatore interattivo di predizione della fortuna. nnIl giocatore può scegliere di ricevere la propria fortuna in aree distinte della propria vita, comprese le prospettive romantiche, il momento migliore per sposare il proprio partner e l'esito dei loro futuri rapporti d'affari. A causa dell'impatto minimo e della relativa oscurità degli oroscopi orientali in Occidente, il gioco non è mai stato rilasciato al di fuori del Giappone, anche se gli Stati Uniti alla fine avrebbero ricevuto il loro equivalente con Taboo: The Sixth Sense.
Chuuka Taisen (Japan)	Interpreti un piccolo personaggio che fluttua su una nuvola e spara piccole sfere di energia ai cattivi che volano verso di te da sinistra e destra dello schermo. Puoi raccogliere potenziamenti e visitare i negozi per potenziare i tuoi poteri offensivi e difensivi. Ci sono un certo numero di fasi diverse che sono punteggiate da un mini-boss a metà e un grande (letteralmente) boss alla fine. nnQuesto è uno dei pochi giochi mai realizzati che presenta ciotole di noodle volanti e orsi con le pistole.
Circus Caper (USA)	Un ragazzo di nome Tim e la sua sorellina Judy vanno in un circo. Vogliono comprare i biglietti per entrare nel circo, ma hanno i soldi per un solo biglietto, quindi entra solo Judy. Dopo lo spettacolo, il ragazzo è all'uscita per incontrare Judy quando esce, ma quando lei non lo fa il ragazzo si intrufola nel circo per salvare sua sorella dal direttore del circo Mr. Magic che l'ha presa in ostaggio. nnIl gioco è un platform, devi superare molti clown, artisti di corde tese e superare l'acqua saltando sopra gli alligatori. Puoi anche entrare in piccole tende per giocare ai minigiochi.
Circus Charlie (Japan) (En)	Sei Charlie, un membro di una compagnia circense che deve superare 5 prove pericolose per soddisfare gli spettatori: attraversare anelli di fuoco sul dorso di un leone, camminare sul filo del rasoio evitando le scimmie, saltare da una palla all'altra, saltare dai trampolini e di nuovo a cavallo, e finalmente di liana in liana. Ogni volta che supererai le prove dovrai superarle di nuovo ma con la difficoltà aumentata.
City Adventure Touch - Mystery of Triangle (Japan)	I fratelli gemelli, Tatsuya e Kazuya Uesugi e la loro vicina Minami Asakura vengono risucchiati in una dimensione alternativa mentre inseguono il cane dei gemelli, Punch. Ora devono trovare un modo per tornare al loro normale mondo natale. nnCity Adventure Touch: Mystery of Triangle è un picchiaduro. I giocatori prendono il controllo dei fratelli gemelli (i giocatori possono passare da un fratello all'altro nella partita per un giocatore) ed esplorano la città labirintica, cercando di individuare e raccogliere dieci cuccioli. Diversi nemici vagano per le strade e i gemelli possono tirargli pugni o persino palle da baseball per difendersi.
City Connection (USA)	Basato sul successo arcade, devi guidare lungo le strade, dipingendole di un colore diverso. Quando hai dipinto tutte le strade, vai al livello successivo. I poliziotti sono frequenti lungo le strade, ma le taniche di olio li fermeranno rapidamente. Evita i gatti e gli aculei e raccogli i palloncini per salire di livello.
Clash at Demonhead (USA)	Il professor Plum e i suoi progetti per il &quot;dispositivo del giorno del giudizio&quot;, DEAD END, sono stati presi dai diabolici LAWBREAKERS - un sinistro gruppo dedito alla distruzione dell'umanità. È solo questione di tempo prima che il dispositivo venga assemblato e inizi il conto alla rovescia finale. Nei panni del sergente Billy &quot;Big Bang&quot; Blitz della speciale Brigata d'assalto per le emergenze reali (S.A.B.R.E), la tua missione è sventare il piano LAWBREAKERS. Per fare ciò, devi trovare il percorso più breve per la vetta del monte Demonhead, dove si tiene il professore. Salva il professore e salva il mondo dalla distruzione totale. Questo è un &quot;tipico&quot; scorrimento laterale con elementi di gioco di ruolo. i vari nemici che incontri lasciano dietro di sé denaro che può quindi essere utilizzato per acquistare equipaggiamento. Avrai bisogno di una muta da sub per nuotare sott'acqua, un jetpack per raggiungere quelle zone difficili da raggiungere e non dimenticare la scheda negozio che può essere utilizzata per chiamare il negozio indipendentemente da dove ti trovi.
Classic Concentration (USA)	Concentration era un popolare programma televisivo tra la metà e la fine degli anni '80 e questo gioco è stato adattato da quel programma televisivo. nnDue giocatori possono giocare l'uno contro l'altro o una persona può giocare contro un avversario generato dal computer. La risposta al puzzle è nascosta dalle tessere. Le tessere hanno parole che denotano i premi del gioco (&quot;Messico&quot;, &quot;Fotocamera&quot;, &quot;Telescopio&quot;, per esempio) e il tuo obiettivo è trovare le due tessere corrispondenti. Esponendone due alla volta, la tua memoria viene tassata man mano che vengono rivelate più tessere premio e poi ricoperte di nuovo. Man mano che più tessere vengono abbinate, viene rivelato il puzzle nascosto. Risolvi il puzzle e vinci la partita.
Cliffhanger (USA)	Cliffhanger è basato sul film di Sylvester Stallone del 1993. Il personaggio principale, Gabe Walker, è un esperto di ricerca e soccorso in alta montagna e riceve un segnale di soccorso da un aereo che si è schiantato nelle vicinanze. Tuttavia, l'aereo è in realtà carico di terroristi che hanno dirottato un grosso carico di denaro contante. Il gioco consiste in un'azione a scorrimento laterale. L'eroe può camminare, correre, saltare, dare pugni e calci mentre salta. Inoltre, può eseguire prodezze speciali secondo la situazione, come attraversare una corda sospesa da 2 scogliere. Una delle maggiori minacce in questo gioco è la natura, poiché Gabe deve difendersi da lupi e uccelli, neve che cade da scogliere e strutture e rocce che cadono.
Clu Clu Land (World)	Un puzzle game unico in cui interpreti una creatura simile a un pesce che deve esplorare i numerosi campi di gioco raccogliendo lingotti d'oro che formano un'immagine. I nemici riempiono il campo, che puoi spazzare via con un'ondata di energia, rimuovendoli dal gioco per un breve lasso di tempo. Devi anche aggrapparti ai pali e alle pareti per trasformarsi negli spazi vuoti sul campo, aggiungendo un elemento di tempismo al gioco.
Cobra Command (USA)	Un gioco arcade di Data East, Cobra Command è uno sparatutto in 2D con elicotteri a scorrimento laterale nella tradizione di Choplifter. La tua missione: fatti strada attraverso sei fasi (Sumatra, Giava, Borneo, Mar Cinese Meridionale, Siam e quartier generale nemico) e salva gli ostaggi. nnLungo la strada, puoi acquisire potenziamenti per pistole, missili, armature, motori e attrezzature di soccorso (corde, scale). Ne avrai bisogno, poiché sciami di soldati nemici, artiglieria, carri armati, elicotteri, caccia a reazione e navi da guerra ti ostacolano.
Cobra Triangle (USA)	Cobra Triangle è un gioco di corse di barche per NES. Evita proiettili e muri e raccogli i bonus per vincere la partita con il massimo dei punti. Sono disponibili 5 tipi di bonus che migliorano rispettivamente la tua accelerazione, la tua potenza di fuoco, la tua velocità massima, il tuo armamento o la tua schermatura. Il gioco ha 7 tipi di livelli con obiettivi diversi ogni volta.
Cocoron (Japan)	Tapir, un enigmatico mago blu in pigiama maculato del Dream World, manda il giocatore in missione per salvare la principessa Rua. Ma le cose si complicano rapidamente e il giocatore deve presto salvare altri personaggi lungo la strada, come Babbo Natale, il castello del re di Trump e la fata blu Cocoron. Tapiro può manipolare i sogni delle persone e questa abilità dà a Cocoron una svolta unica: il giocatore può assemblare il proprio personaggio combinando una delle otto teste disponibili con uno degli otto corpi disponibili (che entrambi includono diversi design tra cui scegliere, risultando letteralmente in centinaia di combinazioni!). Più che un semplice aspetto fisico, ogni parte definisce anche gli attributi del personaggio, come la sua salute, velocità, quanto in alto può saltare e così via.
Code Name - Viper (USA)	Ambientato sullo sfondo della guerra alla droga tra la fine degli anni '80 e l'inizio degli anni '90, Nome in codice: Viper affronta direttamente il cartello della droga nelle loro basi in Sud America. Interpreti un agente segreto americano che deve infiltrarsi nelle basi e nelle ville del cartello della droga, liberare ostaggi e informatori e mettere insieme indizi su chi è il boss e inevitabilmente abbatterlo. Equipaggiati con un arsenale progressivamente più potente man mano che il gioco procede in modalità a scorrimento laterale standard per NES.
Color a Dinosaur (USA)	Colora un dinosauro è un libro da colorare elettronico progettato per bambini dai 3 ai 6 anni. Il gioco offre 16 diversi dinosauri che possono essere colorati con una varietà di colori e motivi. Sono disponibili due modalità di colorazione: modalità a forma libera in cui controlli una matita e selezioni la regione da colorare, o modalità automatica in cui il computer seleziona una regione e devi solo selezionare un colore.
Columbus - Ougon no Yoake (Japan)	In &quot;Columbus: Ougon no Yoake&quot; prendi il controllo del giovane Columbus, che sogna di solcare i mari ed esplorare il mondo. Inizi all'età di 14 anni, diventando apprendista a bordo di una vecchia nave, dove impari le basi del combattimento. Il tuo obiettivo finale in questo gioco di ruolo è scoprire il continente americano, proprio come il modello originale, Cristoforo Colombo. Il gioco può essere giocato in due diverse modalità. O in &quot;Modalità normale&quot; o in &quot;Modalità storica&quot;. L'unica differenza della modalità storica rispetto alla modalità normale è che hai un tempo limitato per completare il gioco. Inizi nel dicembre del 1465 e il gioco termina alla fine del 1492. Il tempo scorre, in base al numero di passi che fai, il che significa che vorrai mantenere i tuoi passi il più bassi possibile. Scopri il nuovo mondo e prendi il tuo posto nella storia!
Commando (USA)	Diversi livelli attendono il tuo super duro Commando in questa conversione arcade. Armato solo con un fucile standard e alcune granate, dovrai affrontare orde di nazisti. Alcuni vagano all'aperto, mentre altri hanno individuato dei nascondigli, a cui devi avvicinarti da determinate angolazioni. Alberi, fiumi e ponti creano un terreno vario simile a un combattimento e devono essere incorporati nel tuo modo di pensare. È possibile raccogliere granate extra e saranno sicuramente necessarie, poiché ti consentono di uccidere a distanza e quindi evitare alcuni colpi nemici.
Conan (USA)	In un'era senza precedenti, in cui i regni barbari combattono per la sopravvivenza in una terra selvaggia e spietata... tu sei solo. Tu, il grande e potente Conan, nato da puro sangue cimmero, rivendicherai quello che deve essere tuo... il trono di Aquilonia. Tuttavia, fai attenzione! Il viaggio è molto pericoloso, con nemici e sfide ad ogni angolo. Demoni volanti e spiriti maligni attaccano, una ninfa ti sfida. Ogni dettaglio del mondo hyboriano è stato catturato in questo super gioco multi-livello. Dalle foreste di Asgard alle Tombe di Zamboula, senti la furia, la passione, il potere... di essere Conan!
Conflict (USA)	Conflict è un gioco di guerra su Nes che può essere giocato da uno o due giocatori. Il gioco utilizza la geografia reale ma i conflitti rappresentati sono completamente immaginari. Le due squadre ispirate agli eserciti degli anni '80 si sfidano attraverso 16 scenari immaginari. Sono offerte due modalità di gioco: strategia o tattica che consentono un approccio diverso ai 16 livelli di gioco.
Conquest of the Crystal Palace (USA)	Conquest Of The Crystal Palace è un gioco d'azione/piattaforma su Nes. Interpreti Farron, l'eroe della storia che deve tornare a palazzo per riportare la pace. In effetti il ​​palazzo era un tempo la sede di un regno prospero, ma ciò avvenne prima che il diabolico Zaras lo prendesse in consegna. Farron deve affrontare molti nemici e ha la possibilità di migliorare il suo equipaggiamento grazie ai soldi ricavati dai corpi dei suoi nemici.
Contra (World) (Konami Collector's Series)	Nell'anno 2631, un piccolo meteorite è caduto nell'arcipelago Galuga, situato a 20 km a nord-est al largo della costa della Nuova Zelanda. Due anni dopo, un gruppo terroristico noto come Red Falcon ha sequestrato l'isola in preparazione per un'invasione aliena. I marines della terra hanno inviato due membri della loro unità d'élite Contra, Bill Rizer e Lance Bean, per neutralizzare i terroristi. nnCome Bill (giocatore 1) o Lance (giocatore 2), il giocatore deve arrivare alla fine di ogni fase, sparando a tutto ciò che è in vista, evitando il fuoco nemico stesso. Il giocatore può aggiornare il proprio fucile standard in una delle quattro diverse armi, incluso il potente sparo.
Contra Force (USA)	Contra Force, una squadra di forze speciali che include Commando Burn, Smith, Beans e Iron, protegge Neo City dal gruppo terroristico D.N.M.E. nnQuesto è il terzo gioco di Contra per NES (ed è stato rilasciato subito dopo Contra III: The Alien Wars per SNES). Ci sono cinque missioni, che coinvolgono sia i livelli di tiro a scorrimento laterale che quelli dall'alto. Passa tra i quattro commando e trova passaggi segreti, per non parlare di un vasto arsenale di armi: lanciarazzi, lanciafiamme, bazooka, mine terrestri, fucili, bombe a orologeria. Per uno o due giocatori.
Cool World (USA)	Un gioco con licenza basato sul film d'azione/animazione &quot;Cool World&quot; dal vivonnInterpreti Frank Harris e il tuo compito è impedire a Holli Would di entrare nel mondo reale. Raggiungi i livelli sparando scarabocchi e raccogliendo monete. Il gameplay è impostato da 4 mondi con 4 livelli ciascuno. Come il film, il gioco è basato su una grafica a cartoni animati.
Cosmic Epsilon (Japan) (Famicom 3D System)	Una minaccia aliena dell'Impero Epsilon minaccia di distruggere la vita sulla Terra come la conosci! Prendi il volo e abbatti i tuoi nemici in questo sparatutto su rotaia che ricorda Space Harrier. Cosmic Epsilon mette alla prova il NES con una modalità 3D stereoscopica e un ridimensionamento avanzato dello sfondo.
Cosmic Wars (Japan)	Cosmic Wars ti riporta nell'universo di Gradius mentre l'alleanza lunga 650 anni tra l'impero di Gradius e i Bacterions va in frantumi e la guerra scoppia di nuovo. La differenza questa volta è che invece di combattere dalla cabina di pilotaggio del tuo caccia stellare Vic-Viper, ora prenderai la sedia del comandante e assumerai il controllo strategico dell'intera flotta. nnIl gioco è un gioco di strategia a turni in cui devi prima assemblare la tua armata e poi portarla nello spazio per sconfiggere la flotta nemica. Puoi visualizzare l'azione da una mappa galattica dall'alto verso il basso e il successo in ogni fase ti premia con ulteriore denaro che puoi utilizzare per acquistare più navi. Il gioco continuerà fino a quando la flotta nemica non sarà cancellata (o la tua).
Cosmo Police Galivan (Japan)	Cosmo Police Galivan mette il giocatore al controllo di un essere umano armato con una lama a raggio, che è in grado di attaccare solo i mostri nelle immediate vicinanze. Mentre il gioco continua, il personaggio del giocatore può usare diversi poteri, alcuni a distanza, per eliminare i nemici e progredire ulteriormente. Alla fine, il giocatore avrà la possibilità di diventare un ufficiale corazzato di metallo con una potenza di fuoco notevolmente maggiore, anche se questo stato di potenziamento svanirà se viene subito un danno eccessivo. Il personaggio del giocatore salirà di livello anche dopo aver distrutto così tanti nemici, migliorando la loro salute e i &quot;punti cosmo&quot; - una statistica simile al mana che viene utilizzata per potenziare gli attacchi speciali del personaggio del giocatore.
Cowboy Kid (USA)	In questo gioco interpreti il ruolo di un giovane pistolero che viaggia per la terra combattendo contro i cattivi e giocando a minigiochi. Il gioco principale prevede che ti muovi per le città orizzontalmente raccogliendo oro colpendo il petto mentre allo stesso tempo uccidi i cattivi prima che ti uccidano. C'è anche un elemento di gioco di ruolo in cui devi visitare le persone nelle città per procedere come all'inizio in cui devi prima acquisire un coltello e poi puoi rompere il forziere e ottenere denaro per acquistare una chiave che a sua volta ti consente di entrare nell'edificio degli sceriffi. Una volta nominato sceriffo, puoi andare in varie città a caccia di un fuorilegge per i soldi della taglia. Ci sono anche minigiochi come il poligono di tiro in cui devi sparare ai bersagli dei cattivi evitando di sparare agli innocenti bersagli degli astanti.
Crackout (Europe)	Crack Out è un rompi mattoni su Nes. La storia ti porta nell'anno 3000, l'umanità ha esaurito tutte le sue risorse di metallo e sta viaggiando nello spazio alla ricerca di un pianeta con giacimenti sfruttabili. Questo viaggio li porta a Selim, un pianeta ricco di minerali, ma i nativi che non sono d'accordo reagiranno sabotando il computer e lanciando l'autodistruzione. La tua missione è trovare il codice di 14 lettere nella base per annullare l'autodistruzione.
Crash 'n' the Boys - Street Challenge (USA)	Un altro torneo composto da diverse sfide scuote le strade vicino alla Nekketsu High e poiché l'eroe della serie Kunio non rifiuterà presto una sfida, ogni banda della città invia la sua squadra sperando di salire in cima. nnCrash 'N the Boys: Street Challenge presenta lo stesso motore di gioco e le stesse meccaniche di base che si trovano nel resto dei giochi Kunio/Nekketsu High. Il giocatore controlla un personaggio in livelli a scorrimento laterale e cerca di sconfiggere gli avversari usando un arsenale di attacchi e mosse speciali. L'unico in questo gioco è che per completare le cinque fasi, il giocatore deve anche raggiungere una serie di obiettivi a tema sportivo. C'è un evento di lancio, un evento di golf, nuoto, salti e combattimenti a tutto campo, tutti con colpi di scena unici ispirati al tema delle strade/bande del gioco (ad esempio, l'evento di salto prevede il salto sui tetti della città).
Crayon Shin-chan - Ora to Poi Poi (Japan)	Il gioco è un semplice gioco di carte con un elemento Tetris. La disposizione è simile a un campo da tennis con entrambi i giocatori su entrambi i lati che difendono la loro porta, mentre le pile di carte sono posizionate al centro. I giocatori devono muovere Shin su e giù per le carte scorrevoli, in due, nella pila centrale dei simboli corrispondenti e spingere ogni pila indietro dalla parte dell'avversario nel tentativo di prendere il loro obiettivo.
Crazy Climber (Japan) (En)	Come Crazy Climber, sali in cima a una serie di edifici, dove un elicottero ti sta aspettando per prenderti e portarti all'edificio successivo. Quando lo scalatore scala un edificio, può salire e di lato, ma non può scendere. Quando si sale su un edificio, le finestre si aprono e si chiudono contemporaneamente. Se una finestra si chiude in una delle tue mani, perderai la presa. Tuttavia, se una finestra viene chiusa con entrambe le mani, cadrà fino alla morte, con conseguente perdita di una vita. Hai tre scalatori in totale, ma ti viene assegnato uno scalatore aggiuntivo ogni 30.000 punti. Oltre alle finestre, Climber deve affrontare altri pericoli.
Crisis Force (Japan) (En)	L'anno è 199 volte e un esercito di robot ha invaso la città di Tokyo. Un ragazzo e una ragazza (che rimangono senza nome) salgono a bordo delle loro navi per combattere la minaccia. Questo è uno sparatutto a scorrimento dall'alto verso il basso in cui il giocatore pilota una corazzata attraverso sette livelli di intensa azione di tiro. Ogni livello lancia nemici e proiettili contro la nave del giocatore, terminando con una lotta contro un boss, tranne uno che è invece un livello di boss. Il gioco consente a due giocatori di giocare contemporaneamente. Il giocatore può scegliere tra due armi; Proiettili o laser. Le armi possono essere cambiate raccogliendo gemme di diversi colori. Raccogliere lo stesso colore che hai già ti consente di aggiornare la tua arma attuale alcune volte. La nave del giocatore può cambiare forma e con essa il modo in cui funzionano le armi. Ciò consente al giocatore di scegliere la migliore strategia di armi per ogni situazione. Il giocatore ha anche un numero limitato di bombe utili per uscire da situazioni difficili.
CrossFire (Japan) (En)	CrossFire è un run 'n gun composto da sei livelli: quindi il tuo elicottero ti farà atterrare in 'Nam, Afghanistan, Russia, Colombia... Tutti i livelli sono fatti allo stesso modo: inizi all'aperto, poi ti immergi nel seminterrato prima di risalire in superficie per la fine del corso (unica eccezione sul treno colombiano). A volte affronterai il boss a metà del livello, a volte alla fine ea volte in entrambi.
Crystalis (USA)	Crystalis è un gioco di ruolo su Nes. A seguito di una grande guerra che coinvolse il mondo intero, la specie umana era quasi estinta. Nel tentativo di non vivere mai più questo inferno, gli ultimi sopravvissuti hanno deciso di costruire una torre da cui poter vegliare sul mondo e respingere le forze del male. Gioca nei panni di un misterioso giovane eroe il cui obiettivo è svelare i segreti di questa torre.
Cyber Stadium Series - Base Wars (USA)	Base Wars è un gioco d'azione pubblicato su Nes. Nel 24° secolo, le regole ufficiali del baseball sono molto diverse da quelle del nostro tempo. Per limitare gli ingenti costi salariali per i giocatori, i vari proprietari delle squadre si sono riuniti e hanno concordato una soluzione: i robot. Ora sono robot che competono a terra usando tutto il loro arsenale.
Cyberball (USA)	Cyberball è un futuristico gioco di football americano su Nes. Siamo nell'anno 2022 e non sono più i giocatori a competere ma due squadre di sette robot. La palla è stata sostituita da una bomba e l'obiettivo è ovviamente di farla esplodere nel campo avversario. È possibile giocarne due in modalità cooperativa.
Cybernoid - The Fighting Machine (USA)	I pirati hanno fatto irruzione nei depositi della Federazione, portando via minerali preziosi, gioielli, munizioni e armi da combattimento moderne. La Federazione vi ha incaricato di recuperare il carico e riportarlo ai magazzini. Il vostro tempo è limitato. Se ci riuscite, guadagnerete molti punti e una nave bonus. I pirati hanno attivato tutti i loro sistemi di difesa planetaria, evitateli e attaccate l'equipaggio della nave pirata. Se non riuscite a raggiungere i depositi entro il tempo stabilito, o se il valore del carico recuperato è insufficiente, perderete una delle vostre navi Cybernoid.
Cycle Race - Road Man (Japan) (En)	L'obiettivo del giocatore è completare un giro del Giappone. Se il giocatore distrugge la motocicletta, esaurisce la benzina o rimane troppo indietro nella gara, viene automaticamente squalificato. I giocatori possono scegliere di far parte del team americano, giapponese, francese o italiano. Finché il giocatore possiede almeno una motocicletta nel suo inventario, la partita non terminerà a seguito della distruzione di quella in uso. Il gioco utilizza un sistema di password per il salvataggio. La gara si estende su 4000 km, attraversando sia la campagna che le principali città giapponesi.
Dai-2-ji Super Robot Taisen (Japan)	Il secondo Super Robot War è il primo episodio canonico, in cui tutti i fondamenti di base della storia e del sistema sono fissati per il resto della serie. La storia inizia quando un magnifico scienziato scopre che la Terra è minacciata e decide di costruire il robot più potente del mondo per combattere la minaccia. Per sostenere il suo piano, fonda un'organizzazione segreta chiamata Divine Crusaders (D.C.), che intraprende la conquista dell'intero pianeta. Solo pochi eroici piloti di robot delle famose serie TV animate ostacolano D.C.
Daikaijuu Deburas (Japan)	Gli scienziati scoprono un uovo gigante nell'oceano, ma prima che possa essere studiato un mostro gigante (Kaiju) erutta dal mare deciso a distruggere l'uovo. Riuscirai a combattere il mostro, limitare le tue perdite e infine salvare l'uovo? Tokyo dipende da questo!
Daisenryaku (Japan)	Una delle tante simulazioni di grande guerra nella serie Daisenryaku, Daisenryaku per Famicom è una strategia a turni con eserciti abbastanza moderni, i paesi astratti &quot;Blu&quot; e &quot;Rosso&quot; (controllati dal giocatore o dall'IA), sono in guerra tra loro. Tre fasi fondamentali costituiscono ogni turno: produzione, movimento e combattimento. Come in altri giochi Daisenryaku, ciascuna parte deve produrre unità come fanteria, diversi tipi di carri armati, elicotteri, ecc. L'attacco è possibile quando i nemici sono vicini.
Daiva - Imperial of Nirsartia (Japan)	DAIVA Story 6: Imperial of Nirsartia è la sesta parte di una serie in sette parti sviluppata da Toshiba EMI. La serie non è una raccolta di storie sequenziali, ma piuttosto una presentazione della stessa storia da sette diverse prospettive. Presentata come una &quot;Guerra di simulazione attiva&quot;, ogni gioco ha il giocatore che dirige un diverso protagonista (o &quot;eroe&quot;) attraverso una guerra galattica. Nella maggior parte delle versioni, il giocatore deve viaggiare da un pianeta all'altro, sconfiggendo le armate di difesa nemiche e poi prendendo d'assalto il pianeta in una tuta d'attacco mobile, distruggendo il maggior numero possibile di sistemi di difesa del pianeta, il tutto nel tentativo di conquistare il pianeta.
Dance Aerobics (USA)	Dance Aerobics su Nes è un gioco di coaching. L'obiettivo è seguire i movimenti di un insegnante di fitness. Il giocatore deve riprodurre i movimenti del suo allenatore grazie al Powerpad Nes, una pagaia composta da dodici tasti in quattro per tre. I minigiochi sono simili ai giochi ritmici in cui devi premere il tasto destro mentre segui la musica.
Danny Sullivan's Indy Heat (USA)	Danny Sullivan, campione IndyCar 1988 e vincitore della classica 500 Miglia di Indianapolis 'Spin & Win' nel 1985, ha dato il suo nome a questo gioco di corse in stile Super Sprint. Ci sono 4 auto in ogni gara, 1 o 2 opzioni per i giocatori e 9 piste su cui correre, con il Tradewest Speed Bowl l'obiettivo finale, ed è molto più lungo ma con il doppio dei punti (è essenzialmente un sostituto della 500 Miglia di Indianapolis con licenza altrove , che per molti anni ha pagato il doppio del solito livello di punti del campionato IndyCar).
Dark Lord (Japan)	Dark Lord sembra ispirato alla serie Dragon Knight, di cui abbiamo ottenuto una manciata casuale tradotta in inglese come Legacy of the Wizard e Sorcerian. Dark Lord è davvero molto simile a Sorcerian, sostituisce semplicemente il goffo combattimento a scorrimento laterale basato sull'azione con goffi giochi di ruolo con vista dall'alto con battaglie in stile Shining Force.
Darkman (USA)	Basato sul film di Sam Raimi. Interpreti Peyton Westlake, tornato dalla morte mentre i molti hanno affrontato &quot;Darkman&quot;, cercando la tua vendetta contro il mafioso Robert G.Durant. Vivi tutti i punti salienti del film - la sequenza mozzafiato del combattimento in elicottero - la sparatoria al grattacielo - lancia i dadi con la morte mentre ti muovi nel traffico ansante dell'autostrada che penzola da un elicottero.
Darkwing Duck (USA)	I boss del crimine ci sono di nuovo! La misteriosa organizzazione criminale F.O.W.L. ha escogitato un piano per prendere il controllo della pacifica città di St. Canard. Sei dei loro più atroci scagnozzi stanno correndo dilagando per la città e solo l'audace Darkwing Duck può assicurarli alla giustizia! Unisciti a Darkwing mentre esplora i boschi per estirpare il malvagio piano di Bushroot. Cerca Mega Volt nei magazzini lungo il molo e stacca la spina a uno schema elettrizzante. Rintraccia tutti e sei gli astuti criminali di FOWL e poi preparati a combattere Darkwing contro il sinistro Steelbeak nella sua diabolica fortezza galleggiante!
Dash Galaxy in the Alien Asylum (USA)	Sei Dash Galaxy, un impavido esploratore spaziale. Sei appena atterrato su uno strano pianeta alieno a migliaia di anni luce dalla Terra. La tua missione è di farti strada attraverso il labirinto di stanze e tornare sani e salvi alla tua nave. Per fare ciò dovrai entrare in ogni stanza e raccogliere tutti gli oggetti che si possono trovare in essa. Tuttavia, la tua scorta di ossigeno è limitata, quindi assicurati di sbrigarti! In tutto il mondo ci sono molti alieni che esauriranno il tuo ossigeno ancora più velocemente se entri in contatto con loro. Occasionalmente troverai bombe o chiavi che possono essere utilizzate per raggiungere stanze precedentemente inaccessibili su un piano.
David Crane's A Boy and His Blob - Trouble on Blobolonia (USA)	Blob è arrivato dal lontano pianeta Blobolonia alla ricerca di un ragazzo terrestre che lo aiuti a salvare il suo mondo. Unisciti a lui in questa fantastica avventura in misteriose caverne sottoterra alla ricerca di tesori. quindi recati a Blobolonia per combattere il malvagio imperatore. Scopri l'incredibile appetito di Blob per le gelatine e le diverse trasformazioni che si verificano con ogni gusto. Impara a usare queste forme per superare anche gli ostacoli più oltraggiosi.
Day Dreamin' Davey (USA)	Davey è un bambino con un'immaginazione iperattiva. Durante una giornata a scuola, si imbatte in eventi che lo porteranno a fuggire nel suo mondo fantastico, che in termini di gioco equivale ai livelli che giocherai. Le terre fantastiche includono trekking attraverso il Medioevo, il selvaggio West, l'antica Roma e il Monte Olimpo (alcuni di questi livelli verranno rivisitati durante il gioco). Le tue armi sono specifiche del livello, come una spada e una lancia nel livello medievale e una pistola e una frusta nel livello del selvaggio west.
Days of Thunder (USA) (Proto)	Il film di Tom Cruise ha portato le corse NASCAR alle masse e Mindscape ha fatto lo stesso per i giocatori con questa licenza. Se modifichi mentalmente i nomi dei piloti, può essere considerato una ricreazione delle vere corse NASCAR piuttosto che una ricreazione diretta del film. Interpreti il personaggio di Cole Trickle di Cruise (il suo nome, come molti altri, è leggermente diverso da quello di un vero pilota NASCAR del giorno) contro i tuoi rivali su 8 piste, basate su controparti nella vita reale. Le gare sono tutte su ovali, anche se le lunghezze esatte, i tipi di curve e le pendenze sono vari. Ciò significa che la traiettoria ideale su una pista può metterti contro il muro su un'altra. Le qualifiche sono incorporate insieme alle gare stesse.
Days of Thunder (USA)	Il film di Tom Cruise ha portato le corse NASCAR alle masse e Mindscape ha fatto lo stesso per i giocatori con questa licenza. Se modifichi mentalmente i nomi dei piloti, può essere considerato una ricreazione delle vere corse NASCAR piuttosto che una ricreazione diretta del film. Interpreti il personaggio di Cole Trickle di Cruise (il suo nome, come molti altri, è leggermente diverso da quello di un vero pilota NASCAR del giorno) contro i tuoi rivali su 8 piste, basate su controparti nella vita reale. Le gare sono tutte su ovali, anche se le lunghezze esatte, i tipi di curve e le pendenze sono vari. Ciò significa che la traiettoria ideale su una pista può metterti contro il muro su un'altra. Le qualifiche sono incorporate insieme alle gare stesse.
De-Block (Japan)	De-Block è un puzzle game che può essere facilmente spiegato come un Tetris a 4 vie. Il giocatore controlla un blocco al centro dello schermo che può muoversi e ruotare liberamente. I blocchi più grandi si spostano verso l'interno da ciascun lato dello schermo e si attaccano al blocco centrale, quindi cambiano colore a seconda della loro distanza dal centro. Se il giocatore completa un anello colorato, quello strato e tutti i blocchi al suo interno vengono ripuliti e tutti quelli esterni vengono spostati verso l'interno. Il gioco termina se un blocco appena apparso si sovrappone alla struttura del giocatore.
Deadly Towers (USA)	Tu sei il principe Myer e stai per diventare il sovrano del tuo paese. Passeggiando fuori poco prima della cerimonia, incontri una strana persona in riva al lago. Ti viene detto di un mago malvagio che progetta di distruggere la terra. Per fermarlo e adempiere un'antica profezia, devi viaggiare sulla Montagna del Nord e distruggere i Sette Campanili. Questo è un gioco di azione e avventura con elementi RPG. Su ogni schermo ci sono orde di nemici da eliminare, lanciando loro la spada. Lo stile di gioco è simile alla serie di Zelda.
Deep Dungeon III - Yuushi e no Tabi (Japan)	Deep Dungeon III: Yuushi non Tabi. Deep Dungeon III: The Journey to the Hero è il terzo capitolo della serie Deep Dungeon e il primo ad essere pubblicato su Famicom. Questo è il primo titolo di Deep Dungeon a offrire al giocatore un mondo da esplorare che si estende su più dungeon e più città. Consente inoltre al giocatore di creare il proprio gruppo con un massimo di tre compagni oltre al personaggio eroe, con una scelta di ranger, mago o sacerdote per ogni personaggio. Sebbene il giocatore possa licenziare un personaggio una volta che il gioco è iniziato, sarà in grado di sostituire quel personaggio solo se incontra un altro personaggio giocabile pre-creato in uno dei dungeon. Tuttavia, il gioco terminerà comunque non appena il personaggio protagonista &quot;spadaccino&quot; verrà sconfitto. Questo gioco mantiene le statistiche di aumento di livello regolabili dal giocatore del primo gioco, nonché la funzione che rimuove gli incontri casuali se il giocatore si trova a un livello di esperienza significativamente più alto di quello necessario per la sua posizione attuale.
Deep Dungeon IV - Kuro no Youjutsushi (Japan)	Deep Dungeon IV: Kuro no Yjutsushi (letteralmente Deep Dungeon IV: The Black Sorcerer) è il quarto e ultimo capitolo della serie Deep Dungeon. Sfortunatamente questo gioco ha rimosso la caratteristica del personaggio personalizzato del gioco precedente. Attraverso il gioco, il giocatore incontrerà fino a due personaggi giocabili aggiuntivi con una classe predeterminata. Questo gioco torna anche alla pratica standard o alla randomizzazione della crescita delle statistiche dei personaggi quando si guadagna un livello di esperienza. La novità di questo motore è che il giocatore può eventualmente imparare a evocare due mostri per fungere da membro aggiuntivo temporaneo del gruppo per una singola battaglia. Ha anche rimosso la funzione che interrompe le battaglie casuali quando il giocatore è significativamente più potente dei nemici.
Defender II (USA)	Questo sequel aggiunge nuove navi nemiche alla flotta aliena come bombardieri incendiari, Yllabian Space Guppies (notare che Yllabian è basato su &quot;Yllab&quot;, la parola &quot;Bally&quot; scritta al contrario, un colpo amichevole all'allora concorrente di Williams, Bally Midway), Dinamo e ronzio spaziale. La nave Defender è ora dotata di un dispositivo di occultamento Inviso, che rende la nave invulnerabile quando attivata, ma ha una carica limitata. Uno Stargate trasporterà la nave verso qualsiasi umanoide in difficoltà. Ora ci sono due fasi speciali, il Firebomber Showdown e l'Yllabian Dogfight, che si verificano ogni quinta e decima ondata. Come nel primo gioco, se tutti gli umani vengono catturati, il pianeta esplode e trasforma tutti i lander in mutanti.
Defender of the Crown (USA)	Defender of the Crown ti mette nei panni di uno dei quattro cavalieri sassoni nell'Inghilterra medievale, in un'epoca in cui la terra è in subbuglio poiché il re è morto e la sua corona è stata rubata. Sassoni e Normanni si incolpano a vicenda e combattono per il controllo dell'Inghilterra. Dopo una breve introduzione dello stesso Robin di Locksley, inizi il gioco con un unico castello e 10 soldati al tuo comando. Da lì, devi costruire il tuo esercito, prendere il controllo di territori aggiuntivi e combattere i tre signori normanni e, a volte, anche i tuoi amici sassoni. Il gioco ha diversi stili: puoi partecipare a una gara di giostre in cui devi buttare a terra il tuo avversario dal suo cavallo usando una lancia, puoi andare a razziare un castello per il bottino o puoi attaccare un altro territorio / castello. Il gioco è stato originariamente creato sulla piattaforma Amiga nel 1986 da Cinemaware con una grafica meravigliosa di James D. Sachs e ottima musica di Jim Cuomo, poi trasferito su PC pur mantenendo il suo fascino e la qualità originali.
Defenders of Dynatron City (USA)	Il gioco è basato su popolari serie di fumetti e film di animazione con lo stesso nome. Sei un gruppo di riparatori, che ora sono supereroi a causa della coca-cola prodotta dal malvagio Dottor Mayhem. Il dottore vuole mutare tutte le persone proponendo loro la sua cola, ma tu vuoi evitare che questo piano uccida i suoi robot e fermi finalmente il Dottore. Quando il gioco inizia, scegli il tuo personaggio e altri si uniscono a te nel tuo caso. Se il tuo personaggio verrà catturato, puoi sceglierne un altro, mentre non rimane nessuno.
Deja Vu (USA)	Deja Vu è stato il primo gioco mai realizzato da ICOM, i creatori di famosi giochi di avventura come Shadowgate e Uninvited. Presentava il supporto del mouse, un'interfaccia multi-finestra e grafica bitmap in un momento in cui la narrativa interattiva basata su testo era la norma. In Deja Vu il tuo personaggio si sveglia in un gabinetto di un pub squallido senza alcun ricordo di chi sei o cosa stai facendo lì. A peggiorare le cose, ti imbatti presto in un cadavere molto morto al piano di sopra con tre proiettili sepolti dentro di lui. Abbastanza sicuro, trovi che hai una pistola in tasca con tre proiettili mancanti. Da lì devi capire cosa è successo e chi sei prima che qualunque cosa stia succedendo al tuo cervello ti trasformi in un vegetariano senza cervello. A peggiorare le cose, i poliziotti vorrebbero scambiare due parole con te su quella stronzata. Nel 1991 è stato realizzato un remake di questo gioco per Windows 3.x, con una grafica migliorata ecc.
Demon Sword (USA)	In Demon Sword interpreti la parte del nobile combattente Victar. Victar porta con sé una spada che è stata usata molto tempo fa per sconfiggere il malvagio Demone Oscuro che ha conquistato la terra. Ora è tornato e Victar deve usare la spada per sconfiggerlo ancora una volta. Il gioco è un gioco platform in stile arcade. Inizi con solo una parte della spada del demone e, dopo aver sconfitto un grande mostro alla fine di ogni livello, viene ripristinata una sezione aggiuntiva della spada. Dopo aver trovato tutte e sei le parti mancanti della spada, puoi tentare il livello finale per sconfiggere il Demone Oscuro. Oltre ai pezzi di spada, ci sono altri oggetti che possono essere trovati durante i livelli per dare una mano; questi includono chiavi per aprire porte mistiche, sfere per ripristinare la vita e diversi tipi di armi.
Derby Stallion - Zenkoku Ban (Japan)	Il Derby Stallion conosciuto anche in Giappone con l'abbreviazione portmanteau DerbyStal - Il gioco è un gioco di simulazione di corse di cavalli e business che unisce generi, originariamente creato da ASCII Entertainment e pubblicato da Nintendo. La serie è la serie di corse di cavalli più venduta di tutte.
Desert Commander (USA)	Da qualche parte in un deserto senza nome, due eserciti senza nome opposti scendono sul campo di battaglia per distruggere l'altro. Attraverso la strategia dei loro comandanti e la diversità delle loro unità, ciascuna parte cerca di ottenere il vantaggio sull'altra. Ci sono 5 campagne in totale e possono essere giocate contro il computer o un secondo giocatore.
Destination Earthstar (USA)	Due secoli fa, una specie aliena conosciuta come Kojans rapì le persone della Terra e le rese schiave. Ma i terrestri non hanno mai dato speranza di tornare in patria. Così hanno mandato te, un coraggioso pilota di navi spaziali, a viaggiare attraverso la galassia alla ricerca della Terra. Ma attenzione, perché i Kojan non ti lasceranno passare senza combattere!
Destiny of an Emperor (USA)	Un gioco di ruolo per NES ambientato all'interno del mito di Romance of the Three Kingdoms che ha generato giochi su quasi tutte le piattaforme immaginabili. Un gruppo viene formato selezionando fino a cinque ufficiali da un enorme pool, molti dei quali si uniranno a te solo dopo essere stati corrotti o sconfitti in combattimento. Gli ufficiali a loro volta avevano ciascuno una certa quantità di soldati, che essenzialmente agivano come punti ferita (cioè Si Ma Ye guida 40000 uomini, e quando viene colpito da Zhang Bao, perde 5000 uomini, quindi la sua forza lavoro è ora a 35000). Uno dei primi giochi per NES a tentare di simulare combattimenti su larga scala tra forze diverse, anche se ovviamente in maniera molto limitata.
Devil Man (Japan)	Devilman di Go Nagai prende vita in questo gioco di azione e avventura grafica e testuale per Famicom/NES. In cima all'Himalaya, antichi diavoli si stanno agitando sotto il ghiaccio dopo diecimila anni di prigionia. L'Arcidemone Xenon, il loro padrone a quattro facce, li scatena sulla Terra con grande dispiacere dell'umanità. Sei Akira Fudo che si unisce a un potente demone antico di nome Amon per diventare Devilman! Sei livelli di fuoco, ghiaccio, acqua, laboratori segreti di ricerca sui demoni, rovine di Tokyo e molto altro da esplorare nei panni di Devilman, Akira, i suoi amici o la fidanzata Miki!
Devil World (Europe)	Devil World è un gioco di labirinti a scorrimento, sorprendentemente simile al classico Pac-Man, solo con un'innegabile inclinazione religiosa. Raccogli i punti in un labirinto a scorrimento automatico diretto dal diavolo in persona, usa le croci per potenziare e distruggere i suoi servitori e fai attenzione a non farti schiacciare dalle pareti. Dopo aver raccolto tutti i punti, devi raccogliere le bibbie per sigillare la fonte dei nemici e far ritirare temporaneamente il diavolo. Dopo questo, c'è una fase bonus a tempo in cui il giocatore può controllare lo scorrimento, quindi il round successivo ricomincia il ciclo dall'inizio.
Dick Tracy (USA)	Interpreti il detective dalla mascella squadrata Dick Tracy mentre cerca di risolvere cinque diversi crimini che variano in difficoltà. Questo gioco è principalmente un gioco di piattaforma con un po' di guida in testa per raggiungere i diversi edifici in cerca di indizi. Ci sono cinque diverse armi nel gioco: pistola a mano, mitra, super pugno, gas lacrimogeni e pugni semplici di Tracy. Ci sono anche kit medici che possono essere trovati. I nemici possono essere armati o disarmati. Se Tracy spara a un delinquente disarmato, perde salute. L'obiettivo principale del gioco è raccogliere cinque indizi; abbastanza per poter arrestare il colpevole. Gli indizi sono sparsi per tutta la città in vari edifici, di solito pieni di teppisti che odiano Tracy. Inizi guardando le foto segnaletiche di noti criminali, andando nell'ultimo luogo e interrogandoli.
Die Hard (USA)	John McClain decide di visitare sua moglie Holly a Nakatomi Plaza, solo per scoprire che viene presa in ostaggio al 30° piano, insieme a molti altri ostaggi. Il principale terrorista, Hans, sta cercando i soldi rinchiusi in una cassaforte al 30° piano. Il tuo hacker, Theo, sta lentamente aprendo le serrature della cassaforte. Sta a McClain fermarli. Die Hard per Nintendo Entertainment System è molto diverso dalle altre controparti. Il gioco si gioca da una prospettiva dall'alto verso il basso piuttosto che dalla prospettiva in 1a/3a persona.
Dig Dug (Japan) (En)	Dig Dug è un gioco arcade per 1-2 giocatori in cui devi usare la tua pala per scavare nella terra. A impedirti di farlo ci sono due mostri, chiamati Pooka e Fygar, che ti inseguiranno continuamente. L'unica arma che porti è una pompa ad aria, che puoi usare per gonfiare i mostri fino al punto in cui esplodono. (se inizi a gonfiarli ma smetti di farlo, i mostri torneranno al loro sé normale.) Inoltre, le rocce sono sparse in tutta la terra e puoi usarle per schiacciarle. Se i mostri non ti trovano per diversi secondi, alla fine verranno trasformati in fantasmi, che sono in grado di camminare attraverso la terra. Sono invincibili e non possono essere uccisi. Di tanto in tanto, le verdure appariranno al centro e puoi ottenerle per punti.
Dig Dug II - Trouble in Paradise (USA)	È compito di Dig Dug proteggere 72 diverse isole tropicali dai suoi acerrimi rivali, Pooka e dal Fygar sputafuoco. Giocato da un punto di vista dall'alto, Dig Dug ora ha due armi a sua disposizione; la prima è una pompa ad aria e la seconda è un trapano. La pompa può essere utilizzata per gonfiare e distruggere i nemici come nell'originale Dig Dug. In vari punti delle isole ci sono dei paletti e quando si usa il trapano vicino a un palo si formerà una crepa. Se si collegano abbastanza crepe, quella sezione dell'isola cadrà nell'oceano, sperando di portare con sé un nemico (e non Dig Dug!). Quando tutti i Pooka e i Fygar sono stati distrutti, il gioco passa al livello successivo, più difficile.
Digger T. Rock - The Legend of the Lost City (USA)	Digger T. Rock, un piccolo minatore coraggioso che osa scavare dove nessuna pala è mai arrivata prima! Adora scoprire meraviglie sotterranee. E sogna di scoprire una città sepolta piena di tesori d'oro e antiche reliquie. Proprio questa mattina, nel profondo di una caverna scoscesa e scivolosa, Digger si imbatte in un cartello seminascosto che indica una strada, una strada verso il basso... una città perduta!
Digital Devil Story - Megami Tensei (Japan)	Uno studente delle superiori e abile programmatore di computer di nome Akemi Nakajima ha creato un software chiamato &quot;Devil Summoning Program&quot;. All'inizio Nakajima intendeva usare il software per vendicarsi di un compagno di classe che lo aveva maltrattato. Tuttavia, le cose sono andate fuori controllo e Nakajima ha evocato demoni maligni. Insieme alla sua amica Yumiko Shirasagi, una studentessa trasferita, ora deve combattere i demoni che ha scatenato!
Digital Devil Story - Megami Tensei II (Japan)	Nell'anno 199X si verificò un terribile disastro. Un'esplosione atomica distrusse gran parte della Terra e aprì la strada a un'invasione demoniaca. Il mondo giace in rovina e i demoni lo stanno facendo a pezzi. Controlli un gruppo noto come Devil Busters. La tua missione è impedire ai servitori demoniaci e al loro signore malvagio di dominare l'intero pianeta. All'inizio del gioco, crei un gruppo e assegni punti abilità disponibili a tuo piacimento (potenziamento di forza, resistenza, magia, ecc.). Quando sali di livello, puoi anche distribuire i punti guadagnati nel modo che preferisci. Dopo aver incontrato una creatura ostile, puoi parlare per uscire dalla battaglia o persino convincere un demone a combattere per te. Il mondo di gioco è visto in parte da una prospettiva dall'alto verso il basso e la festa da una prospettiva in prima persona (in dungeon e battaglie).
Dino Hockey (USA) (Proto 2)	Dino Hockey è un gioco di hockey su ghiaccio simulatore sportivo preistorico cancellato per NES, a cui è stata data una fugace menzione in GamePro. Un prototipo è stato infine trovato dai fratelli Nolan e scaricato il 21 luglio 2013. Il prototipo è di una build molto precoce, che è estremamente instabile e si blocca frequentemente.
Dirty Harry (USA)	Dirty Harry è basato sul popolare personaggio del film di Clint Eastwood di &quot;Dirty&quot; Harry Callahan (piuttosto che sul film specifico &quot;Dirty Harry&quot;), un poliziotto famoso per il suo uso di una .44 magnum per farla finita con i malfattori e per il suo tormentone , &quot;Vai avanti, rendi la mia giornata&quot;. In effetti, il gioco inizia con un campione digitalizzato di quella citazione. Il gioco consiste principalmente in un'azione a scorrimento laterale. Dirty Harry può prendere a pugni e calci i numerosi teppisti che lo assaltano usando i propri pugni, pistole, mazze da baseball, reti e dinamite. L'eroe può anche tirare .44 e mirare in 5 direzioni per eliminare i nemici, ma le munizioni sono limitate. Inoltre, Dirty Harry ha una serie di altri strumenti a sua disposizione, a condizione che li raccolga.
Dokuganryuu Masamune (Japan)	Dokuganryu Masamune è un gioco di simulazione storica sviluppato e prodotto da Namco per Famicom nel 1988. È il terzo gioco di questo tipo ad apparire su Famicom in un mese, inclusi Nobunaga's Ambition di Koei e Takeda Shingen di HOT-B. Questo gioco è basato sulla vita di Date Masamune, che deteneva il potere in Giappone durante il primo periodo Edo. Straordinario stratega, era reso ancora più iconico per il suo occhio mancante, e Date veniva spesso chiamato dokuganryu.
Don Doko Don (Japan)	In questo gioco interpreti un nano barbuto la cui ragazza è stata rapita e portata al castello del drago e, per salvarla, devi sconfiggere i nemici con il tuo martello. Una volta fatto, puoi raccoglierli e lanciarli ad altri nemici e raccogliere i frutti che si lasciano dietro. Dopo aver sconfitto tutti i nemici, si passa al round successivo. Se impieghi troppo tempo per completare un livello, apparirà un diavolo alato che cercherà di ucciderti mentre vola per lo schermo.
Don Doko Don 2 (Japan)	Una coppia si sposa in una cappella nuziale, ma il matrimonio viene rovinato quando un pipistrello si avvicina e trasforma lo sposo in una rana. I due nani di Don Doko Don vengono chiamati e gli viene detto che devono trovare una pozione che riporti lo sposo al suo io umano. Per fare questo, devi attraversare cinque terre infestate dalla fauna selvatica. Come nel gioco originale, sei dotato di una mazza, che può essere utilizzata per distruggere i nemici. Puoi quindi raccogliere questi nemici e lanciarli ad altri. Quando lo fai, lasciano una gemma che può essere raccolta per punti. Durante i tuoi viaggi, puoi aprire forzieri che contengono oggetti come pergamene, energia extra e altre armi. Si esce da un'area entrando da una porta aperta, ma alcune porte sono chiuse e devono essere aperte con una chiave. Alla fine di ogni terra, incontri un boss che richiede un certo numero di colpi da uccidere prima di poter procedere alla terra successiva.
Donald Land (Japan) (En)	Il gioco ha come protagonista Ronald McDonald (conosciuto in Giappone come Donald McDonald), la mascotte della catena di fast food McDonald's. L'obiettivo è portare la pace nella sua terra magica controllando il famoso clown del fast food. La maggior parte dei compagni di Ronald sono stati rapiti e gli animali sono diventati selvaggi. I suoi compagni a cui è stato fatto il lavaggio del cervello attaccheranno occasionalmente. Ronald può difendersi usando bombe di mele, lanciate in una parabola accuratamente calcolata. Essere colpito dal nemico provoca danni, che riducono il misuratore &quot;Vita&quot; di Ronald. Durante le varie parti di una fase, i giocatori hanno l'opportunità di raccogliere fino a 100 icone di hamburger durante il gioco. Ciò comporterà il guadagno di una vita bonus insieme al contatore dell'hamburger che si azzererà. È anche possibile giocare a una sfida di mini-giochi, per guadagnare merci che il giocatore ordina da McDonald's.
Donkey Kong (Japan) (En)	Riuscirai a salvare la ragazza di Mario dalle grinfie di Donkey Kong? Devi aiutare Mario a liberare Pauline prima che sia troppo tardi. Dovrai schivare barili esplosivi, palle di fuoco e qualsiasi altra cosa Donkey Kong ti lanci per cercare di fermarti. Quindi, se stai cercando azione, smetti di fare le buffonate!
Donkey Kong 3 (World)	Rilasciato nelle sale giochi nel 1983, Donkey Kong 3 è il terzo della serie di giochi arcade &quot;Donkey Kong&quot;, cambiando il formato in più uno sparatutto d'azione che un gioco di piattaforma. Nei panni di Stanley the Bugman, i giocatori sono posizionati sotto Donkey Kong, che ha rilevato una serra a più livelli. L'obiettivo di Stanley è rimuovere Donkey Kong dalla serra, ma la grande scimmia non è disposta ad andarsene senza combattere. Donkey Kong agiterà due alveari che gli sono vicini per inviare uno sciame di Buzzbee arrabbiati, Beespies e api regine distruttive verso Stanley. Questi insetti, così come i bruchi che strisciano lungo le vigne vicine, sono intenti a distruggere i fiori sotto Stanley. Donkey Kong invierà lui stesso proiettili nel tentativo di fermare gli attacchi di Stanley. Stanley deve saltare tra i livelli e usare il suo spray per insetti per respingere gli insetti e inviare Donkey Kong nella prossima area della serra.
Donkey Kong Classics (USA, Europe)	Donkey Kong Classics presenta sia l'originale Donkey Kong che Donkey Kong Jr. su una singola cartuccia. In Donkey Kong, devi guidare Mario in sicurezza sull'impalcatura per salvare la sua ragazza, Pauline. In Donkey Kong Jr., i ruoli sono invertiti; controlli Jr. che ha bisogno di salvare suo padre, che è stato catturato da Mario.
Donkey Kong Jr. (Japan) (En)	Mario come un cattivo, chi l'avrebbe mai pensato? Ma questo è l'improbabile scenario di Donkey Kong Jr. su NES. Sì, il cattivo baffuto ha rinchiuso Donkey Kong in una gabbia e spetta alla sua prole tirarlo fuori dalle grinfie di questo subdolo idraulico. Il nostro simpatico primate dovrà arrampicarsi lungo le liane per raggiungere la cima del tabellone, evitando i vari oggetti che Mario ritiene opportuno lanciargli in faccia.
Donkey Kong Jr. + Jr. Lesson (Japan) (En)	Questo gioco non è esattamente una combinazione, ma piuttosto un &quot;piatto&quot; di due giochi legati a Donkey Kong: Donkey Kong Jr. e Donkey Kong Jr. Math. Combinando metà delle modalità di gioco per 1 e 2 giocatori di DK Jr. e la modalità +-×÷ Esercizio di DK Jr. Math, il gioco può soddisfare qualsiasi tua voglia: classica eccitazione arcade o noiosa aritmetica.
Donkey Kong Jr. Math (USA, Europe)	Uno dei primi giochi di eduintrattenimento per NES. Donkey Kong offre a Junior alcuni problemi di matematica che vanno dal più semplice al più impegnativo. Spostati su e giù per le viti per trovare le risposte corrette il più velocemente possibile.
Door Door (Japan) (En)	DoorDoor è un gioco platform in cui devi rinchiudere le creature mostruose che ti inseguono. Solo una creatura può essere rinchiusa dietro una porta. Non dimenticare di chiudere la porta o le creature usciranno e ti inseguiranno di nuovo.
Doraemon (Japan)	Doraemon è un gioco d'azione basato sul famoso cartone animato per bambini con lo stesso nome. Nei panni dell'omonimo gatto robot blu, il giocatore deve salvare ciascuno dei suoi amici che sono stati rapiti. Proprio come il precedente titolo di Hudson Challenger, ogni fase si svolge in modo diverso dalle altre. Ci sono numerosi oggetti da trovare nel gioco che aumenteranno le abilità di Doraemon, incluso l'aumento della sua salute massima (che può essere ricaricata raccogliendo il suo cibo preferito Dorapan) e il miglioramento delle sue capacità offensive.
Doraemon - Giga Zombie no Gyakushuu (Japan)	Questo gioco è basato sulla serie animata sul gatto blu meccanico Doraemon, che può trasformare il sogno in realtà e creare mondi magici in cui aiuta le persone e combatte il male. Qualche tempo fa, Giga Zombie ha resuscitato re morti per conquistare il mondo. Doraemon ei suoi amici hanno combattuto l'essere malvagio, ma sono rimasti intrappolati in un portale magico e sono finiti in periodi di tempo diversi. In questo gioco, l'eroe senza nome (puoi scegliere se essere maschio o femmina) deve aiutare Doraemon a trovare i suoi amici e salvare il mondo ancora una volta. Il gioco è un tradizionale gioco di ruolo top-down con combattimenti di gruppo a turni visti da una prospettiva in prima persona. La parte insolita è il viaggio nel tempo. Tu e il tuo gruppo potete viaggiare in diversi periodi di tempo, cambiare il presente e scoprire molti segreti.
Double Dare (USA)	Double Dare è la versione per computer del game show originariamente condotto da Marc Summers. Come lo show televisivo, il gioco è fondamentalmente un gioco a quiz con l'ulteriore miglioramento di poter rispondere alla domanda o osare. Le sfide consistono nella sfida di lancio, la sfida fisica e, nell'ultimo round, la corsa ad ostacoli. Le domande sono varie e in numero sufficientemente grande da evitare ripetizioni eccessive anche su più partite che valgono la pena di giocare.
Double Dragon (USA)	Ambientato in una New York post-apocalittica, Double Dragon è la storia di Billy e Jimmy Lee, fratelli gemelli addestrati nello stile di combattimento di Sou-Setsu-Ken. Insieme, gestiscono una piccola scuola di addestramento di arti marziali, insegnando ai loro studenti l'autodifesa. Un giorno, la ragazza di Billy, Marian, viene rapita per strada dai &quot;Black Warriors&quot;, una banda selvaggia guidata da un uomo di nome Willy. I Black Warriors chiedono ai fratelli Lee di svelare i loro segreti sulle arti marziali in cambio della libertà di Marian. I fratelli Lee intraprendono una missione di salvataggio per annientare i Black Warriors e salvare Marian.
Double Dragon II - The Revenge (USA)	L'adorabile Marian è stata salvata dalle grinfie della banda dei Black Warriors da Billy e Jimmy Lee nel primo gioco di Double Dragon, ma ora la banda l'ha uccisa per rappresaglia della loro sconfitta. I Draghi devono ora intraprendere una missione per vendicare la sua morte e sconfiggere i Guerrieri Neri per la seconda e ultima volta. La versione arcade originale di &quot;Double Dragon II&quot; era essenzialmente una versione migliorata del primo gioco. Oltre a offrire audio e immagini rinnovati, così come nuove trappole, mosse e personaggi nemici, &quot;Double Dragon II&quot; ha scartato i pulsanti convenzionali di pugni e calci a favore di un sistema di attacco orientato alla direzione simile all'originale Technos beat-em- up Renegade. La versione per NES offriva nuovi livelli, nuove mosse e filmati illustrati, oltre a un nuovo boss finale e un nuovo finale. A differenza del primo gioco per NES, offriva un gameplay cooperativo a 2 giocatori con la possibilità di spegnere il fuoco amico. La versione per Game Boy di &quot;Double Dragon II&quot; è una localizzazione inglese di un gioco &quot;Kunio-kun&quot; (il franchise giapponese che ha ispirato &quot;Renegade&quot; e &quot;River City Ransom&quot; e non ha nulla a che fare con le versioni arcade e NES.
Double Dragon III - The Sacred Stones (USA)	Il gioco finale della trilogia. Billy e Jimmy Lee stanno tornando dall'allenamento nelle arti marziali quando le loro strade incontrano un indovino. Racconta loro di un grande male in Egitto, il loro avversario più forte finora, e di come le Pietre di Rosetta possono aiutarli. Questo gioco presenta negozi di armi dove Billy e Jimmy possono acquistare power-up, trucchi, energia e vite extra per aiutarli la loro ricerca. I power-up rendono Billy e Jimmy il doppio delle loro dimensioni, aumentando i danni inflitti e il raggio di attacco. La grafica dei personaggi è cambiata, allontanandosi dalla grafica in stile cartone animato a personaggi dall'aspetto più realistico.
Double Dribble (USA)	Basato sul gioco arcade, Double Dribble è un gioco d'azione di basket per uno o due giocatori. Puoi selezionare diversi limiti di tempo per le partite, selezionare le squadre e iniziare a giocare! Il gameplay è interamente d'azione, quindi non è necessario dedicare tempo alla personalizzazione delle squadre o alle statistiche. Controlli ogni giocatore della squadra uno alla volta (il giocatore con o in procinto di ricevere la palla sarà controllato dall'uomo, con il computer che prenderà temporaneamente il controllo degli altri giocatori). Alcune versioni presentano una piccola quantità di effetti sonori digitalizzati e si chiudono up di schiacciate.
Double Moon Densetsu (Japan)	Il mondo della spada e della magia, Double Moon, con i suoi due continenti - settentrionale e meridionale - è stato creato dalla divinità benevola Fatima. Tuttavia, il demone malvagio Samoirenko intende distruggere questo mondo evocando il misterioso drago oscuro. Prendi il controllo di un ragazzino di nome Yuuru, il cui padre è stato rapito da Samoirenko molto tempo fa. Scopri di avere anche una sorella gemella scomparsa. Ora ti senti pronto a trovare tuo padre e ad affrontare Samoirenko: lasci il tuo villaggio natale e inizi un viaggio pericoloso, durante il quale incontrerai molti amici e molti nemici. Questo gioco è un tradizionale gioco di ruolo in stile console. Yuuru ei suoi amici viaggiano nei continenti di Double Moon, visitando città, castelli e sotterranei e combattendo mostri in battaglie a turni viste dalla prospettiva in prima persona.
Dough Boy (Japan) (En)	Il presidente è stato rapito ed è attualmente trattenuto dietro le linee nemiche. I giocatori prendono il controllo di un soldato che deve attraversare le linee nemiche per salvare questo importante prigioniero di guerra. Il gioco consiste in cinque diverse mappe a tempo che compongono il campo di battaglia. Il gameplay stesso è visto da una prospettiva dall'alto verso il basso del campo di battaglia dilaniato dalla guerra, che è pieno di trincee e altri ostacoli, per non parlare delle guardie nemiche.
Downtown - Nekketsu Koushinkyoku - Soreyuke Daiundoukai (Japan)	Un altro giorno alla Nekketsu High, un altro torneo di gang... ma questa volta è diverso! Un ricco preside della scuola ha lanciato una sfida a tutte le bande scolastiche per competere in uno speciale percorso a ostacoli composto da 4 diverse sfide che tu e la tua squadra dovete superare. La prima in fila è una corsa attraverso le strade della città (e sui tetti), poi c'è un percorso a ostacoli pieno di pericoli pericolosi, poi una sfida di salto in cui devi rompere una serie di palline di metallo e infine un torneo di combattimento a tutto campo.
Downtown Special - Kunio-kun no Jidaigeki Da yo Zenin Shuugou! (Japan)	Speciale Downtown: Kunio-kun no Jidaigeki da yo - Zenin Shugo! è un sequel solo giapponese del classico ibrido picchiaduro/rpg Downtown Nekketsu Monogatari alias River City Ransom. Il gioco si svolge nel periodo Edo in Giappone, il che lo rende davvero un prequel, in cui prendi il controllo di un antenato di Kunio (chiamato anche Kunimasa) incaricato di salvare la vita del suo malato amico. Kunimasa deve attraversare la campagna giapponese battendo la collezione di membri di gang e altri cattivi assortiti allo stesso modo di River City Ransom. Ogni posizione è rappresentata da un livello a scorrimento laterale pieno di nemici, che devi abbattere utilizzando una raccolta di attacchi e mosse speciali acquistabili nei negozi sparsi per i livelli.
Dr. Chaos (USA)	Il dottor Chaos era il tipico scienziato pazzo. Possedeva una vasta villa e trascorreva il suo tempo sperimentando al suo interno cose che l'umanità non avrebbe mai dovuto sapere. La sua ultima invenzione è un Interdimensional Warpgate che consente l'accesso a mondi oltre il nostro. Nei panni del fratello minore del dottore, Michael, un giorno arrivi alla villa del Dr. Chaos e trovi il posto brulicante di strane creature mutanti. A peggiorare le cose, la villa in sé non ha un bell'aspetto. Strani &quot;buchi&quot; in altre dimensioni si sono aperti e hanno rovinato l'architettura. Inoltre, lo stesso Dr.Chaos è scomparso.
Dr. Jekyll and Mr. Hyde (USA)	Il dottor Jekyll e il signor Hyde è basato sul romanzo di Robert Louis Stevenson &quot;Strano caso del dottor Jekyll e del signor Hyde&quot;, che segue un medico rispettato che sviluppa un siero che lo trasforma nell'incarnazione dei suoi pensieri e desideri più oscuri. Diventa schiavo del suo alter ego e alla fine ne viene distrutto. Nel gioco, Jekyll deve farsi strada da casa sua alla chiesa dove sposerà la sua amata Miss Millicent. Deve tenere sotto controllo la sua barra della vita e il misuratore &quot;Jekyll to Hyde&quot;, o si ritroverà trasformato nel nefasto Mr. Hyde. Se ciò accade, Hyde deve quindi sconfiggere abbastanza cattivi per alzare il misuratore e consentire al buon dottore di continuare la sua ricerca.
Dr. Mario (Japan, USA) (En)	In questo gioco in stile Tetris, giochi nei panni del Dr. Mario, che deve far cadere sui virus pillole di colori diversi per rimuoverli dalla bottiglia. Ogni pillola è divisa in due, con ogni lato di un colore diverso. Abbina quel colore al colore del virus e verrà rimosso dalla bottiglia. Incluso nel gioco è la modalità normale, una prova a tempo e una modalità battaglia per due giocatori per vedere chi può rimuovere la maggior parte dei virus.
Drac's Night Out (USA) (Proto)	Un videogioco inedito sviluppato da Mark Lesser e Rex Bradford di Microsmiths che è stato prodotto per il Nintendo Entertainment System. Il gioco prevedeva la sponsorizzazione della scarpa Reebok Pump. Nel gioco il giocatore controllava il famigerato Conte Dracula che, mentre indossava le Reebok Pumps, doveva prima farsi strada lungo il suo castello evitando gli abitanti del villaggio ostili. Ciò potrebbe essere ottenuto ipnotizzando gli abitanti del villaggio con il tuo sguardo da vampiro o tirando una leva per far scattare una delle tante trappole nascoste in stile Rube Goldberg.
Dragon Ball - Daimaou Fukkatsu (Japan)	E' un RPG/avventura basato sui manga di &quot;Dragon Ball&quot;. La storia è ispirata ad uno degli episodi della serie: Krillin viene trovato morto dopo un torneo di lotta. Il simbolo di un demone è inciso su una nota lasciata vicino al corpo. Il maestro Roshi dice che un demone cattivo, Piccolo Daimaou è riapparso sulla Terra. Toccherà a Goku trovare Piccolo e cercare di riportare in vita Krilin. Il gioco introduce il concetto di RPG basato sulle carte, che sarà poi ripreso nelle serie di Dragon Ball Z RPG. Tutte le mosse del gioco dipendono dalla scelta delle carte che compaiono nella parte bassa dello schermo. Ti muoverai scegliendo le carte con il numero appropriato e i dialoghi giusti in una linea di quadrati. Nelle battaglie sarà la scelta di carte difensive e offensive a determinare l'esito della battaglia. Ti puoi allenare col Maestro, visitare diverse località e esplorare i vari ambienti secondo la tipica modalità di &quot;Avventura alla Giapponese&quot;
Dragon Ball 3 - Gokuu Den (Japan)	Il gioco è basato sulla famosa serie manga di Dragon Ball, con Son Goku, e abbraccia un lungo periodo della vita dell'eroe. Inizia con Son Goku che è un semplice bambino e incontra la misteriosa Bulma che gli chiede di aggiungerla alla sua ricerca per trovare sette Sfere del Drago, che possono esaudire qualsiasi desiderio. Il gioco segue Son Goku che diventa più forte, sconfigge molti nemici e persino sposarsi. In questo gioco controlli Son Goku e i suoi amici Crilin e Yamcha. Il gameplay si basa principalmente sull'allenamento dei tuoi personaggi e poi sul portarli a combattere i nemici, facendo avanzare la trama. Tutte le attività del gioco (compreso il camminare sulla mappa del mondo) vengono eseguite scegliendo una delle carte disponibili. A seconda del valore della carta, puoi spostare un certo numero di caselle sulla mappa, avere un vantaggio in una battaglia, ecc.
Dragon Ball Z - Gekitou Tenkaichi Budoukai (Japan) (Datach)	Dragon Ball Z: Gekito Tenkaichi Budokai, Doragon Boru Zetto Gekit? Tenkaichi Budokai; tradotto come &quot;Dragon Ball Z: A Fierce Battle at the Tenkaichi Budoukai&quot;) è il primo videogioco di combattimento basato su Dragon Ball Z. Il gioco era unico in quanto veniva fornito con uno speciale lettore di schede allegato per il NES, il Datach Joint Rom System, che richiede lo scorrimento di diverse carte speciali per aggiungere personaggi e oggetti nel gioco. Il gioco presenta molti personaggi giocabili della serie (almeno 28) e la maggior parte delle loro trasformazioni, con una corrispondente carta collezionabile per ciascuno. Ci sono anche carte per diverse versioni di ogni singolo personaggio, tutte con attributi, statistiche e mosse speciali utilizzabili completamente diverse. Ogni singola versione di un singolo personaggio ha un solo attacco speciale.
Dragon Ball Z - Kyoushuu! Saiya Jin (Japan)	Il gioco è basato sulla popolare serie manga giapponese &quot;Dragon Ball&quot; - più precisamente, la sua parte di Saiyajin Saga. Segue gli eventi accaduti dopo che il malvagio Radditz ha detto a Son Goku, l'eroe principale della serie, la sua vera origine come Saiyajin, e suggerisce di unire i loro poteri. Quando Son Goku rifiuta, ha luogo una battaglia e lo sconfitto Radditz minaccia di fare del male al figlio di Son Goku, Son Gohan. Molti amici vengono ad aiutare Son Goku, e anche il suo rivale Piccolo si unisce a lui. Ma la ricerca li porta molto più lontano: alla battaglia finale contro il leader di Saiyajin...
Dragon Ball Z Gaiden - Saiya Jin Zetsumetsu Keikaku (Japan)	Uno degli ultimi giochi realizzati per la console NES, questo Gaiden (storia secondaria) per la serie di carte-RPG di Dragon Ball Z presenta molti personaggi della famosa serie manga, ma ha una sua storia originale. Una forza sconosciuta ha rilasciato un gas tossico su tutta la Terra. L'eroe della serie Son Goku ei suoi amici devono scoprire chi o cosa ha causato questo disastro. Durante la loro ricerca, incontrano un vecchio scienziato che era sopravvissuto a una battaglia cosmica molti anni fa e deve affrontare il loro ultimo nemico. In questo gioco controlli cinque diversi personaggi di Dragon Ball: Son Goku, Son Gohan, Piccolo, Vegeta e Mirai Trunks. Il gioco si basa sull'allenamento dei tuoi personaggi e sul combattimento con loro. I risultati dei combattimenti sono determinati dal giocatore che sceglie le diverse carte che ha a sua disposizione e le combina per creare vari attacchi.
Dragon Ball Z II - Gekishin Freeza!! (Japan)	Il secondo della serie RPG di Dragon Ball Z, &quot;Freezer the Planet Destroyer&quot;, come viene spesso tradotto in modo non ufficiale, segue da vicino la popolare serie manga e continua la storia del primo RPG di Dragon Ball Z, Assault of Saiyajins. Dopo la lotta contro il leader dei Saiyajin Vegeta, Son Goku, l'eroe principale della serie, viene gravemente ferito, mentre il suo alleato Piccolo è morto. Il figlio di Son Goku, Son Gohan, ei suoi amici vanno sul pianeta Namek per trovare le magiche Sfere del Drago che avrebbero riportato in vita Piccolo. Il problema è che Vegeta si sta dirigendo verso il pianeta, e così fa il malvagio Freezer, che è anche lui alla ricerca delle Sfere del Drago...
Dragon Ball Z III - Ressen Jinzou Ningen (Japan)	&quot;Hot Battle: The Androids&quot; (il titolo inglese non ufficiale del gioco) è un sequel diretto del secondo gioco di ruolo della serie Dragon Ball Z. Seguendo gli eventi descritti nella serie manga su cui si basano questi giochi, &quot;Hot Battle&quot; riprende la storia proprio dove si è conclusa nel gioco precedente: nella battaglia finale, Son Goku ha sconfitto Freezer, il malvagio Planet Destroyer. Tuttavia, il fratello di Freezer, Cooler, giura vendetta. Son Goku e i suoi amici devono ancora una volta combattere il male per conservare le miracolose Sfere del Drago.
Dragon Buster (Japan) (En)	&quot;Dragon Buster&quot; è una conversione del gioco arcade di Namco del 1984. Il gioco è composto da diversi livelli di grandi dimensioni, ognuno contenente vari livelli: una grotta, una torre, un castello, ecc. Il tuo obiettivo in ogni livello è raggiungere la finale fase in cui affronti il boss di livello. Spesso ci sono diversi modi per raggiungere le fasi finali e non tutte le fasi sono necessarie per visitarle. Dotato di una spada, ti muovi attraverso le fasi simili a piattaforme, liberandole da diversi mostri, raccogliendo potenziamenti e cercando di rimanere in buona salute fino al boss di livello, poiché non puoi curare il tuo personaggio tra le fasi.
Dragon Buster II - Yami no Fuuin (Japan) (En)	Il seguito del gioco arcade &quot;Dragon Buster&quot; ha la seguente storia di fondo: sei un giovane arciere Carl, che deve recuperare un antico manufatto per liberare il mondo dal dominio di demoni e draghi. nnA differenza del primo gioco, qui non sei limitato a una piattaforma, ma puoi muoverti liberamente in qualsiasi direzione. Devi attraversare i sotterranei labirintici, trovare una chiave e poi raggiungere l'uscita. Dopodiché, il dungeon scompare e ti consente di passare a quello successivo. Combatti i nemici con il tuo arco. Hai una scorta limitata di frecce, ma puoi trovare faretre tra gli altri oggetti nei sotterranei.
Dragon Fighter (USA)	In Dragon Fighter il protagonista è un combattente che può trasformarsi in un drago. In questo gioco d'azione a scorrimento laterale l'eroe può camminare, saltare e colpire con la sua spada. Può anche caricare la sua spada per sparare un proiettile magico. Il vero potenziamento, tuttavia, è che può trasformarsi in un drago volante. Quando ciò accade, il gioco si trasforma in un gioco in stile shmup in cui lo scorrimento si muove a una velocità costante e il drago può sparare palle di fuoco in una formazione diffusa. Trasformarsi in un drago è limitato da un misuratore di potenza.
Dragon Power (USA)	Dragon Power è un gioco di azione e avventura sviluppato e pubblicato da Bandai per Nintendo Entertainment System il 3 marzo 1988. È una versione fortemente localizzata del gioco giapponese Dragon Ball: Shenron no Nazo (tradotto in Dragon Ball: Mystery of the Dragon God), originariamente pubblicato il 27 novembre 1986. Sebbene alcune delle versioni europee conservino le risorse di Dragon Ball (con il titolo Dragon Ball), la versione nordamericana rimuove la maggior parte dei riferimenti al franchise. Il gioco segue i primi due volumi del manga di Dragon Ball, quando il giovane ragazzo dalla coda di scimmia Goku (insieme alla sua amica adolescente, Bulma, conosciuta nella versione nordamericana come Nora), intraprende una ricerca per trovare tutte e sette le Sfere del Drago (Crystal Balls nella versione NA), in cui si ritiene che collezionarle esaudisce all'utente qualsiasi desiderio desideri.
Dragon Scroll - Yomigaerishi Maryuu (Japan)	Eoni fa, due draghi e il loro seguace stavano combattendo l'un l'altro. I &quot;Maghi Neri&quot; adoravano il Drago di Chrome a tre teste, e i &quot;Maghi Bianchi&quot; adoravano il luccicante Drago d'Oro. Le guerre combattute per il territorio e gli ideali erano infinite. Dopo secoli di combattimenti, il dio Narume fece addormentare il drago di Chrome sulle montagne e il drago d'oro nel deserto, per fermare le guerre. Quindi portò via la magia dai maghi e la suggellò negli 8 libri di magia, che nascose nella sacra torre del deserto.
Dragon Spirit - The New Legend (USA)	Galda ha deciso di attaccare la terra e sta a te fermarlo. Galda ha preso prigioniera Iris, la sorella di Lace. Sei Lace che, presa la spada del padre, va a sconfiggere Galda. nnHai la possibilità di trasformarti in un drago e rimani in quella forma per tutto il gioco. Come drago, puoi raccogliere potenziamenti o potenziamenti che ti aiuteranno nella tua lotta. Gli aggiornamenti possono includere teste extra sul tuo drago, salute, colpi più veloci e altro ancora. nnVola in giro e distruggi tutto sul tuo cammino. Alla fine di ogni fase, dovrai sconfiggere un boss. Avere buoni aggiornamenti che non vengono persi dall'essere colpiti prima di raggiungere i boss aiuterà.
Dragon Warrior (USA)	Dragon Warrior è il primo famoso gioco di ruolo per console. Assumi il ruolo di un discendente di Erdrick, un valoroso guerriero del passato. C'era una volta, Erdrick sconfisse il malvagio Dragonlord con l'aiuto della Sfera di Luce. Ora, Dragonlord ha rubato la Sfera di Luce e la tua missione è recuperarla e riportare la pace nel mondo. nnIn Dragon Warrior, muovi il tuo personaggio in un mondo dall'alto verso il basso. Nelle città e nei palazzi puoi parlare con la gente, riposare nelle locande e comprare cose nei negozi. C'è una varietà di armi, equipaggiamento e armature da acquistare.
Dragon Warrior II (USA)	Dragon Warrior II è uno dei primi giochi di ruolo top-down che si espande e migliora rispetto al suo predecessore, Dragon Warrior. Assumendo il ruolo di un discendente di Erdrick, il giocatore si avventura ancora una volta nel tentativo di salvare il mondo. nnA differenza del primo gioco, Dragon Warrior II consente al giocatore di unire le forze con altri due personaggi, una principessa che usa la magia e un principe mago-guerriero. Includendo anche battaglie di mostri espanse che coinvolgono fino a 6 creature e un mondo molto più ampio, Dragon Warrior II è un passo importante nell'evoluzione della serie Dragon Warrior.
Dragon Warrior III (USA)	Dragon Warrior III è ambientato molti anni prima dell'originale Dragon Warrior in un mondo separato dai primi due giochi. Un demone malvagio, Baramos, minaccia di distruggere il mondo. La storia ruota attorno all'eroe, figlio o figlia (il giocatore può scegliere di essere maschio o femmina, con pochi cambiamenti nel gameplay) del leggendario e recentemente scomparso Ortega. Nel giorno del suo sedicesimo compleanno, l'eroe viene convocato al castello e riceve dal re di Aliahan la sfida di seguire le orme del padre per cercare di liberare il mondo dai Baramo, grande nemico del male. L'eroe è quindi in grado di assumere tre compagni di viaggio per combattere Baramos.
Dragon Warrior IV (USA)	Dragon Warrior 4, il quarto volume della serie Dragon Warrior (e l'ultimo per NES), ha ripreso ancora una volta gli elementi dei giochi precedenti e li ha ampliati in una saga di cinque capitoli di proporzioni epiche. I primi quattro capitoli sono giocati dal punto di vista di un personaggio per capitolo, che si incontrerà tutti nel quinto capitolo. Da soldato a mercante, il gioco intreccia una storia intrigante che lega insieme tutti e quattro i personaggi alla fine. Un'altra novità in Dragon Warrior 4 è l'introduzione di tattiche di battaglia in cui la formazione dei personaggi è importante per quanti danni infliggono. Al giocatore viene anche data l'opportunità di scambiare un personaggio dalla riserva nella battaglia per aggiungere una profondità di strategia completamente nuova.
Dragon Wars (Japan)	Dragon Wars si svolge nella magica terra di Dilmun, un'isola di salvezza trasformata in un mondo di orrore da Namtar. Il giocatore inizia con un gruppo di quattro persone nella città di Purgatorio senza alcun equipaggiamento. Neanche gli utenti della magia vi aiuteranno, perché la magia è stata bandita. Gli obiettivi principali sono sopravvivere, uscire dal Purgatorio e rovesciare Namtar (una volta finalmente equipaggiato...). Il gameplay ricorda immediatamente la serie Bard's Tale. Si tratta di un gioco in prima persona in 3D, in cui gli avversari si materializzano in aria. Il sistema di combattimento è a turni. A differenza dei suoi predecessori, il gioco dispone di un sistema di abilità completo, di una mappatura automatica e di molti luoghi in cui utilizzare davvero tutte le abilità.
Dragon's Lair (USA)	La versione NES per Dragon's Lair porta Dirk the Daring in un gioco a scorrimento laterale, diverso dal gameplay del film interattivo comune agli altri giochi con la stessa licenza. Ancora una volta, Dirk è pronto a salvare la principessa Daphne dal malvagio drago Singe. Per farlo, Dirk utilizzerà armi come coltelli, asce, palle di fuoco, ecc., lanciate contro draghi, pipistrelli, serpenti, il Re Lucertola (che gli ruberà l'oro), tra gli altri nemici. Farà anche molti salti e schivate per evitare minacce lungo il suo cammino, come ponti che cadono, presse, spuntoni e buchi sul pavimento. Per completare un livello, tutto ciò che deve fare è arrivare alla fine vivo. Alla fine di alcune fasi, Dirk prenderà un ascensore che lo condurrà ad altre fasi.
Dreamworld Pogie (USA, Europe) (Proto)	Gioco creato dai gemelli Oliver che all'epoca erano programmatori di profili che creavano giochi per molte piattaforme incluso il NES. I loro giochi più iconici, ovviamente, sono quelli che includevano Dizzy come personaggio principale. I gemelli sperimentavano di tanto in tanto nuovi franchise e Dreamworld Pogie per NES era uno di questi. Il gioco non fu mai rilasciato da Codemasters all'epoca. Il gioco è una colorata avventura arcade laterale in cui collezionare stelle è il nome del gioco.
Dropzone (Europe)	Dropzone è fondamentalmente una variante di Defender, che ricrea da vicino il gameplay del Defender originale con il suo scorrimento veloce e il gameplay frenetico. nnIl giocatore controlla un astronauta con un jet-pack, che vola attraverso un paesaggio arido i cui cieli sono abitati da un numero di alieni diversi, dal semplice Planter al Blunder Storm che avanza lentamente o al veloce e aggressivo Nemesite. nnPlanters e Nemesites cercheranno di raccogliere i piccoli uomini che camminano in superficie, che dovranno poi essere salvati. Il giocatore deve abbattere l'alieno, evitando di colpire l'uomo. A volte, gli alieni trasporteranno un androide, che è simile all'umano ma mortale. Bisogna fare attenzione a non raccogliere gli androidi. Tutti gli uomini devono essere trasportati su una base di superficie, dove vengono messi al sicuro: questo è il Dropzone.
Druaga no Tou (Japan)	Il giocatore assume il ruolo del principe Gilgamesh (Gil), un valoroso cavaliere che deve salvare la sacerdotessa Ki, tenuta in ostaggio dal demone Druaga. Il giocatore è armato di spada e scudo per attaccare e difendersi. Si passa da un piano all'altro, costruiti come labirinti, alla ricerca della chiave che permette di uscire dal livello. La Torre di Druaga ha circa 60 piani, con lo scontro finale che si svolge in cima. Gli oggetti possono essere trovati completando vari compiti su ogni piano, alcuni dei quali saranno necessari per completare il gioco.
Duck Hunt (World)	Duck Hunt è una simulazione di tiro in cui il giocatore esce con i suoi fedeli cani a cacciare le anatre. Richiede l'uso della pistola leggera Zapper. Nelle modalità di gioco A e B, i giocatori vedono una palude da una prospettiva in prima persona. Il cane spaventa le anatre (una o due alla volta) fuori dalla palude e queste volano in aria. Il giocatore ha tre colpi e un tempo limitato per sparare alle anatre prima che volino via. Ogni round consente solo un numero limitato di errori per andare avanti con successo. Man mano che i round avanzano, le anatre iniziano a volare sempre più velocemente e sono consentiti meno errori.
DuckTales (USA)	Duck Tales per NES è un tradizionale gioco platform in cui il giocatore assume il ruolo dell'avido Paperon de' Paperoni alla ricerca di tesori in giro per il mondo. Conta sui suoi tre nipoti e su altri personaggi di Duck Tales per aiutarlo nella sua ricerca attraverso luoghi inospitali come la foresta amazzonica, le miniere africane, l'Himalaya, la Transilvania (dove incontra Dracula Duck) e persino la Luna. Ognuno di loro riserva alla vecchia papera tante avventure, nemici diversi e stanze nascoste. Il gioco presenta un gameplay platform 2D a scorrimento laterale molto simile a Mega Man. La grafica è colorata e da cartone animato, la musica ricorda i giocatori delle serie TV ei controlli sono molto semplici.
DuckTales 2 (USA)	Scrooge McDuck è sulle tracce dell'avventura più ricca di sempre. Pezzi della mappa del Tesoro Perduto di McDuck sono stati sparsi in tutto il mondo e Scrooge deve trovarli prima che l'avido Flintheart Glomgold li afferri. Sarà una corsa verso il traguardo mentre entrambi cercheranno di trovare il tesoro e diventare l'anatra più ricca del mondo! Unisciti a Scrooge e ai suoi nipoti mentre esplorano le antiche piramidi d'Egitto e combatti contro i pirati spavaldi nel Triangolo delle Bermuda. Aiutali a perlustrare le sale infestate di un antico castello scozzese e a scalare le alture acquose delle Cascate del Niagara. Aiuta Scrooge nella sua ricerca del segreto dell'isola di Mu e otterrai l'ultimo indizio per svelare il luogo nascosto del tesoro perduto di McDuck!
Dungeon Kid (Japan)	In questo gioco di ruolo sotterraneo in 3D che si gioca nel classico stile della Magia, giochi come un gruppo di tre personaggi e puoi scegliere tra diverse classi all'inizio del gioco, ognuna con diverse statistiche e progressione di crescita. Durante le battaglie, i nemici sono posizionati in alto e gli alleati in basso sullo schermo. Quando scegli di attaccare, i personaggi hanno un impatto fisico l'uno con l'altro e ci sono piccole animazioni quando viene usata la magia. Sono visualizzabili al massimo tre nemici, due piccoli e uno di taglia media.
Dungeon Magic - Sword of the Elements (USA)	Il malvagio stregone Darces ha ripreso il controllo del nostro mondo. L'unico modo per sconfiggerlo è trovare cinque spade elementali e combinarle nell'arma definitiva che è l'unica possibilità per distruggere il cattivo. Naturalmente, tu, l'eroe senza nome, sei quello che viene scelto per intraprendere questo viaggio pericoloso. nn&quot;Dungeon Magic&quot; è un gioco di ruolo in prima persona che sembra simile ai giochi di Magia, ma invece del solito combattimento a turni combatti i tuoi nemici in tempo reale, parando per evitare i loro colpi e attaccando fisicamente o lanciando magie offensive per ferirli. Esplori grandi aree esterne, città e dungeon e ti specializzi in cinque tipi di magia.
Dusty Diamond's All-Star Softball (USA)	Ogni anno, i giocatori di softball più pazzi del mondo si riuniscono a Mudville per competere nel campionato mondiale di softball. La tua squadra, sotto la guida della leggendaria star Dusty Diamond, sarà abbastanza forte da vincere? Dovrai combattere in cinque tornei per sfidare i campioni dell'anno scorso, le incredibili &quot;Amazzoni&quot;. Trionferanno di nuovo? Scegli la tua squadra... e gioca a softball!
Dynamite Bowl (Japan) (En)	Dynamite Bowl è una simulazione di gioco di bowling basata sul vero sport del bowling e può essere giocata fino a cinque giocatori in una delle trenta corsie. Il gioco ha due livelli di difficoltà. Le variabili di gioco che possono essere controllate sono: la tua posizione sulla corsia, impostare la forza del lancio e controllare il loft e la curva della palla da bowling.
Dynowarz - The Destruction of Spondylus (USA)	Questo è un gioco di combattimento tra giganteschi dinosauri meccanizzati chiamati robosauri in un lontano sistema solare chiamato Spondylus. Robosauri pazzi hanno invaso i pianeti di questo sistema solare artificiale e spetta al Professor Proteus prendere i comandi del robosauro numero 1, il Cyborasaurus. L'obiettivo è arrivare al centro di tutti i 7 pianeti in questo sistema solare e disabilitare i sistemi di supporto vitale artificialmente intelligenti, che sono protetti da una difesa progressivamente più dura. Il gioco consiste nell'entrare nel tuo robosauro, calpestare la superficie di pianeti desolati del sistema solare, combattere robosauri più cattivi e equipaggiare armi migliori lungo la strada (puoi lanciare il pugno del tuo dinosauro!). Una volta arrivato al centro di ogni pianeta, espelli dal Cyborasaurus e vai al computer di supporto vitale. Distruggi il computer e esci velocemente.
Eggerland - Meikyuu no Fukkatsu (Japan)	Eggerland: Meikyuu no Fukkatsu, che si traduce in Revival of the Labyrinth, è un gioco della serie Eggerland composto da diversi puzzle. Giochi nei panni di Lolo, un personaggio simile a una palla blu con occhi, braccia e gambe. La storia tratta principalmente di Re Egger, il cattivo, che ha catturato la principessa Lala, che è simile a Lolo, solo che è rossa. nnAncora una volta tocca a Lolo salvare Lala viaggiando attraverso il dominio di Egger e risolvendo le stanze dei puzzle disposte davanti a lui. Devi guidare Lolo attraverso una stanza piena di tessere e raccogliere tutti gli Heart Framer nella stanza. In questo modo si apre un Jewel Box, che contiene un oggetto. Acquisire con successo il contenuto del Jewel Box ripulirà la stanza da tutti i mostri e aprirà la strada alle stanze successive. Tutte le stanze sono comunicanti ma non tutti gli ingressi o le uscite delle stanze sono chiusi.
Egypt (Japan)	Quando l'avventuriero si è perso e intrappolato nel misterioso Palazzo Egizio, ha incontrato lo sferico Blue Jewel, che si rappresenta come un dio intrappolato senza potere e si propone di aiutare l'avventuriero se risolve tutti gli enigmi. Questo dovrebbe ripristinare il potere del dio e permettergli di rompere i sigilli. Così l'avventuriero entra nel Gioiello e inizia la sua avventura all'interno del palazzo.
Elevator Action (USA)	In questo gioco d'azione a scorrimento multidirezionale, controlli una spia e ti intrufoli da solo in un edificio per rubare le carte segrete lì nascoste. Usa una pistola, calci, un ascensore e persino le luci per eliminare le guardie dell'edificio. L'azione sparatoria è piena di emozioni! Avrai bisogno di velocità e tempismo per salire sugli ascensori, spostarti tra i piani, rubare le carte segrete e scappare dal parcheggio sotterraneo.
Eliminator Boat Duel (USA)	Eliminator Boat Duel è uno spietato gioco di corse in barca che può essere giocato contro il computer o un avversario umano. Le gare si svolgono in ambienti come il mare aperto, il bayou e persino i distretti dell'acqua industriale. Ogni gara nautica è composta da diverse sezioni. In primo luogo, c'è la linea di partenza - dove puoi aspettarti una multa di $ 2000 per una falsa partenza - che inizia con una breve corsa a scorrimento laterale con lo sfondo a schermo diviso, una caratteristica comune dei successivi titoli per NES.
Elite (Europe) (En,Fr,De)	Hai una nave praticamente senza equipaggiamento. Prendila e commercia tra i diversi sistemi stellari. Puoi essere al sicuro e commerciare con margini sottilissimi tra i sistemi sicuri, o correre dei rischi e commerciare con sistemi anarchici mentre stai attento ai pirati. Puoi risparmiare sui costi del carburante acquistando una paletta per il carburante e volando vicino al sole, ma ancora una volta, fai attenzione ai pirati! Oppure diventa tu stesso un pirata e razzia altre navi... Non farti una cattiva reputazione perché la polizia verrà a cercarti... Attracca con le stazioni spaziali e fai i tuoi affari (alcuni potrebbero richiedere contrabbando...) Migliora la tua nave con i tuoi proventi con armi, scudi e altre attrezzature migliori. Con 8 diverse galassie, ognuna con CENTINAIA di pianeti, c'è molto spazio per l'esplorazione! Riesci a fare la tua reputazione fino a &quot;élite&quot;?
Elnark no Zaihou (Japan)	Erunaaku No Zaihou è un gioco arcade semplicistico giocato da una vista dall'alto. Il giocatore controlla un uomo che vuole risalire il fiume. Quest'uomo può muoversi su, giù, a sinistra ea destra. Durante i suoi viaggi, viene assalito da ogni tipo di creatura nemica. Il suo mezzo di attacco è lanciare sais (pugnali) direttamente davanti a lui che distruggono i nemici. Sono sparsi anche vari potenziamenti, molti dei quali ripristinano la vita o la difesa.
Elysion (Japan)	Elysion, sebbene sia un JRPG a 8 bit abbastanza tradizionale per molti aspetti (la prima cosa che il giocatore fa è parlare con il re locale per l'esposizione, ad esempio), trae le sue influenze da molti giochi molto diversi all'interno della famiglia dei giochi di ruolo: superficialmente assomiglia al primo Dragon Quest, consente al giocatore di selezionare tra più protagonisti all'avvio del gioco come nel caso di Final Fantasy, il sistema di combattimento è un combattimento in tempo reale senza transizioni dello schermo come qualcosa come Hydlide o Ys e i nemici hanno un strana abitudine di muoversi solo quando lo fa il giocatore, come nel caso di molti dungeon crawler Roguelike strategici come la serie Mystery Dungeon.
Emoyan no 10 Bai Pro Yakyuu (Japan)	Emoyan no 10-bai Pro Yakyuu (&quot;Emoyan's Tenfold Pro Baseball&quot;) è una simulazione di baseball per NES prodotta da Hect. Presenta il nome e le sembianze dell'ex lanciatore Takenori &quot;Emoyan&quot; Emoto, che nel 1989 si era già ritirato dal baseball ma ha continuato a lavorare come commentatore e autore di libri sullo sport, prima di entrare in politica negli anni '90. Uno di questi libri, intitolato &quot;Come rendere la visione di Pro Baseball dieci volte più divertente&quot;, è da dove questo gioco prende il nome. Oltre a Emoyan, il gioco utilizza giocatori immaginari e nomi di squadre.
Empereur, L' (USA)	The Emperor è un videogioco di strategia a turni sviluppato e pubblicato da Koei nel 1989 per NES. Il giocatore incarna Napoleone Bonaparte durante le guerre napoleoniche e punta alla conquista dell'Europa. All'inizio del gioco, il giocatore è solo un semplice ufficiale ma le sue vittorie lo aumentano gradualmente di grado fino a diventare l'imperatore dei francesi, ogni promozione gli conferisce poteri aggiuntivi. Il giocatore deve guidare il suo esercito in battaglia, ma anche gestire le sue città e occuparsi della diplomazia.
Erika to Satoru no Yume Bouken (Japan)	Due bambini, la ragazza Erika e il ragazzo Satoru, vivono insieme in una piccola casa da qualche parte nel Giappone moderno. Un giorno, prima di andare a dormire, notano all'esterno una strana creatura: sembra un gatto bianco-rosato (i fan di Final Fantasy direbbero subito: un moogle!), ma parla come un essere umano. Prima che la misteriosa creatura scompaia, dice solo una breve frase: &quot;Bambini! Trova la corona del tempo!&quot;. Senza capire cosa intendesse con questo, ma rendendosi conto che deve essere qualcosa di importante, i due giovani eroi intraprendono il giorno successivo un viaggio pericoloso: la ricerca del potere della corona!
Esper Bouken Tai (Japan)	È un gioco di esplorazione che utilizza il gioco arcade di Jaleco Psychic 5 come base per la storia e il cast di personaggi che usi durante il gioco. Ogni personaggio possiede attributi diversi, tra cui la loro capacità di saltare, la loro capacità di librarsi a mezz'aria e la loro forza. Come nell'arcade, alcuni personaggi devono essere salvati per renderli giocabili. Questo gioco vanta oltre 50 articoli per la casa che fungono da nemici animati in ogni livello. Il gioco non è mai stato venduto al di fuori del Giappone o tradotto dal giapponese in qualsiasi altra lingua. Akio, essendo un membro dell'organizzazione Esper Corps che presumibilmente combatte il Male in tutto il mondo. Il suo compito è abbastanza semplice: salvare i suoi amici e qualcun altro dal Castello del Diavolo con il suo formidabile martello e... piedi enormemente nervosi... (capirete cosa intendo quando lo giocherete).
Esper Dream 2 - Aratanaru Tatakai (Japan)	Molto oltre il nostro mondo, c'è un mondo che risiede nei libri che leggi. Ma le cinque aree dei Mondi del Libro sono in grave difficoltà! Nei panni di Mamoru, un topo di biblioteca con ESP, devi andare avanti (con l'aiuto di una fata magica e molti altri alleati) per afferrare cinque anelli speciali e salvare i mondi del libro da molti pericoli. nnQuesto sequel di Esper Dream ti porta nei panni di Mamoru in un viaggio mistico attraverso 4 aree (una di queste, il mondo dell'originale &quot;Esper Dream&quot;, è già stata realizzata per te), ognuna con i propri problemi che devi risolvere.
Excitebike (Japan, USA) (En)	Corri da solo contro il tempo o gareggia con altri piloti di motocross su 5 piste piene di lunghi rettilinei, grandi salti e ostacoli per vincere il campionato Excitebike. Crea le tue piste posizionando salti e ostacoli di tutte le diverse dimensioni e forme sulla pista e scegliendo quanti giri avrà ogni gara, quindi gareggia contro il tempo o altri piloti per vedere come se la cava la tua pista nella competizione.
Exciting Boxing (Japan) (En)	Exciting Boxing è un gioco molto insolito in quanto è stato venduto confezionato con un controller speciale. Questo controller era in realtà un supporto gonfiabile di plastica con l'immagine di un pugile raffigurata nella parte anteriore e diversi sensori situati all'interno. Per giocare, i giocatori devono gonfiare il supporto e prendere letteralmente a pugni il pugile sul davanti. I sensori all'interno registrerebbero i colpi e trasferirebbero le informazioni al gioco, dove i risultati dei pugni del giocatore sarebbero mostrati sullo schermo.
Exerion (Japan) (En)	Questo è un gioco sparatutto con effetti di parallasse sullo sfondo. Ha una simulazione dell'inerzia nel controllo della nave. Ci sono dozzine di nemici e due tipi di tiro: lento e veloce. Due sistemi d'arma: un cannone lento a doppio colpo e uno veloce a colpo singolo. Con ogni nemico colpito dal cannone lento ottieni un colpo aggiunto alla scorta di munizioni del cannone veloce. Una fase di sfida segue ogni fase in cui puoi accumulare la tua scorta di proiettili veloci.
Exerion II (USA) (Proto)	Questo è un gioco sparatutto con effetti di parallasse sullo sfondo. Ha una simulazione dell'inerzia nel controllo della nave. Ci sono dozzine di nemici e due tipi di tiro: lento e veloce. Due sistemi d'arma: un cannone lento a doppio colpo e uno veloce a colpo singolo. Con ogni nemico colpito dal cannone lento ottieni un colpo aggiunto alla scorta di munizioni del cannone veloce. Una fase di sfida segue ogni fase in cui puoi accumulare la tua scorta di proiettili veloci.
Exploding Fist (World) (Digital)	EXPLODING FIST è il più vicino possibile alla realtà! Diventa un maestro di questa misteriosa arte antica; progredisci dal principiante al decimo Dan e metti alla prova la tua forza e disciplina. 18 diverse manovre compresi i blocchi. calci volanti. spazzate di gambe. roundhouse e persino capriole! Inedito fino a quando non è trapelato nel 2012.
F-117A Stealth Fighter (USA)	F-117A Stealth Fighter è un simulatore di volo in cui il giocatore si trova nella cabina di pilotaggio dell'omonimo caccia a reazione del gioco. Il gioco ruota attorno a missioni di attacco punitivo da solista contro varie nazioni canaglia. Ad esempio, la prima missione vede il giocatore che si lancia da una base in Sicilia per colpire obiettivi in Libia. Attenzione ai jet nemici, ovviamente. Le capacità di input del NES a 8 bit sono un po' limitate, quindi questo simulatore di volo dipende da molte combinazioni di pulsanti per eseguire varie azioni complicate.
F-15 Strike Eagle (USA)	Le sette missioni descritte in questa simulazione del volo dell'F-15 sono tutte missioni della vita reale in cui l'aereo è stato originariamente utilizzato. Portano in Medio Oriente e in Asia negli anni '70 e all'inizio degli anni '80 e hanno obiettivi aerei e terrestri da distruggere. Hai mitragliatrici, missili guidati e bombe a tua disposizione. C'è una modalità arcade e 3 ulteriori livelli di difficoltà. Il gioco presenta 3 aerei nemici e 3 tipi di SAM nemici.
F1 Circus (Japan)	F1 Circus è un gioco di corse di simulazione di Formula 1. A differenza delle voci successive della serie, questa versione non dispone di una licenza ufficiale, quindi presenta solo squadre e piloti generici. Le gare sono viste da una prospettiva dall'alto verso il basso e ci sono una varietà di impostazioni della macchina e danni di base al veicolo. nnSono disponibili un totale di 15 percorsi e c'è una modalità Campionato del mondo, oltre a una modalità &quot;Costruttori&quot; per uno o due giocatori in cui il giocatore può assumere il ruolo di team manager mentre il computer esegue le corse vere e proprie. La versione Famicom aggiunge anche una modalità Time Attack per esercitarsi e perfezionare ogni corso.
F1 Race (Japan) (En)	In questo gioco, simile a Pole Position, il giocatore prende il controllo di un'auto di F1. Il giocatore può gareggiare con il veicolo su uno dei tre diversi livelli di abilità. Ogni livello di abilità contiene cinque diversi tracciati su cui il giocatore può gareggiare. Su ciascuna di queste tracce, il giocatore deve completare 2 giri prima che scada un conto alla rovescia. Il giocatore deve anche cercare di non schiantarsi contro altri corridori e ostacoli ai lati della strada. Il veicolo ha una trasmissione manuale, quindi il giocatore deve passare dalla marcia bassa a quella alta durante la corsa.
Famicom Doubutsu Seitai Zukan! - Katte ni Shirokuma - Mori o Sukue no Maki! (Japan)	Katte ni Shirokuma, o Famicom Doubutsu Seitai Zukan! Katte ni Shirokuma: Mori o Sukue no Maki!, è un gioco di avventura a menu per Famicom basato su un manga e un anime su un gruppo di animali della foresta, il cui protagonista principale è un orso nero giapponese albino comunemente scambiato per un polare orso. Insolito per i giochi di avventura di quest'epoca, il giocatore attraversa il mondo attraverso una prospettiva dall'alto più comune ai giochi di ruolo. I personaggi hanno anche le proprie statistiche HP e &quot;QI&quot;, che giocano un ruolo maggiore verso la fine del gioco.
Famicom Igo Nyuumon (Japan)	Famicom Igo Nyuumon è un gioco Varie, sviluppato da Home Data e pubblicato da I'Max, che è stato rilasciato in Giappone nel 1991.
Famicom Jump - Eiyuu Retsuden (Japan)	Famicom Jump: Hero Retsuden è un videogioco di ruolo del 1988 per Family Computer pubblicato da Bandai. Il gioco commemora il 20° anniversario dell'antologia manga di Shueisha Weekly Shōnen Jump. Il gioco è ambientato in un mondo che riunisce molti dei titoli di lunga data, che includono storie del passato e del presente al momento della loro uscita, che erano apparsi sulla rivista. Il gioco consiste in un personaggio principale che vaga e incontra i molti eroi di Jump mentre cercano di salvare il mondo da un'alleanza di molti dei più potenti e malvagi dei cattivi di Jump.
Famicom Jump II - Saikyou no 7 Nin (Japan)	Famicom Jump II: Saiky no Shichinin (Famikon Janpu Ts Saiky no Shichinin, lett. &quot;Famicom Jump II: The Strongest Seven&quot;) è un gioco di ruolo del 1991 per Family Computer pubblicato da Bandai. Il sequel di Famicom Jump: Hero Retsuden, il gioco presenta sette personaggi principali (come indica il sottotitolo) di diversi manga Weekly Shōnen Jump serializzati all'epoca. Solo quattro dei 16 titoli rappresentati dall'originale vengono riportati, mentre i restanti tre sono nuovi per il sequel. Non ci sarebbe stato un altro gioco crossover fino all'uscita di Jump Super Stars e Jump Ultimate Stars (di cui sarebbero rappresentate sei di queste serie, l'unica a non essere Magical Tarurto-kun).
Famicom Meijin Sen (Japan)	Famicom Meijinsen è un gioco Varie, sviluppato da Alpha Denshi e pubblicato da SNK, che è stato rilasciato in Giappone nel 1988.
Famicom Shougi - Ryuuousen (Japan)	Un'altra variazione sul tema dello shogi: l'analogo giapponese degli scacchi con MOLTE caselle, pezzi e possibilità. Il giocatore è invitato a prendere parte al torneo Dragon King (e se perde, non verrà nemmeno buttato via, ma gli verrà offerto un posto tra il pubblico), e chi non è ancora in grado di farlo può ottenere il proprio mani su partite singole o problemi tradizionali come &quot;scacco matto in tre mosse&quot;. A differenza di Famicom Meijin Sen, qui la mano invisibile con un pezzo si muove liberamente per tutto il campo e in caso di mossa sbagliata la riporta al suo posto. Diversamente, come in altri simulatori simili, il principale fattore di giocabilità NON è la conoscenza della lingua giapponese, ma una sufficiente conoscenza delle regole del gioco originale.
Famicom Top Management (Japan)	Famicom Top Management è un simulatore di business per Family Computer, sviluppato e rilasciato dalla famosa azienda Koei, specializzata in giochi strategici e simulazioni aziendali. Nel gioco dovremo indossare una giacca costosa e diventare rispettati proprietari dell'azienda. Il gioco è stato rilasciato in Giappone ed è stato pubblicizzato come manuale per studenti delle scuole superiori e studenti di scienze finanziarie, richiede competenze matematiche fondamentali e conoscenza della lingua giapponese... Quest'ultima circostanza rende difficile l'apprendimento di questo gioco. Il resto è un gioco di altissima qualità.
Famicom Wars (Japan)	La nazione della Stella Rossa e la nazione della Luna Blu sono in guerra. Ognuno ha schierato truppe e lavora per ottenere fondi sufficienti per acquistare l'hardware militare necessario per superare l'altra parte. nnFamicom Wars è un gioco di strategia a turni. Il giocatore assume il ruolo di comandante delle forze militari per gli eserciti della Stella Rossa o della Luna Blu. L'obiettivo di ogni mappa di battaglia è sconfiggere le forze dell'altra parte, distruggendo tutte le unità nemiche e catturando tutti i punti di riferimento in mano al nemico. Ogni lato della battaglia fa il suo turno, spostando le unità sulla mappa. La cattura delle città darà a quella parte fondi extra che possono essere utilizzati per costruire nuove unità nelle fabbriche e nei cantieri navali. nnFamicom Wars presenta 17 mappe in totale su cui combattere.
Famicom Yakyuu Ban (Japan)	Famicom Yakyuuban è un gioco sportivo, sviluppato da SAS Sakata e pubblicato da Epoch, che è stato rilasciato in Giappone nel 1989.
Family BASIC (Japan)	Family BASIC ha consentito agli utenti di programmare in un linguaggio di programmazione BASIC (NS-HUBASIC) sviluppato appositamente per l'uso su Famicom. La cartuccia veniva fornita con una tastiera e richiedeva l'uso del data logger Famicom per salvare i file creati.
Family BASIC V3 (Japan)	Family BASIC ha consentito agli utenti di programmare in un linguaggio di programmazione BASIC (NS-HUBASIC) sviluppato appositamente per l'uso su Famicom. La cartuccia veniva fornita con una tastiera e richiedeva l'uso del data logger Famicom per salvare i file creati.
Family Circuit '91 (Japan) (En)	Family Circuit '91 è il seguito del gioco di corse Family Circuit. Come il gioco precedente, offre molte opzioni personalizzabili di cui il giocatore deve tener conto. I giocatori hanno la possibilità di impostare il colore dell'auto, possono mettere a punto il motore a loro piacimento, possono regolare le impostazioni di trasmissione, sospensione, freno e sterzo dell'auto, impostare l'angolo dell'ala e scegliere la morbidezza o la durezza delle gomme . Il gioco include anche 24 diverse piste da tutto il mondo su cui correre.
Family Circuit (Japan)	Family Circuit è un gioco di corse per Nintendo Family Computer (conosciuto da alcuni come NES), da cui il nome. A differenza di altri giochi di corse Nintendo dell'epoca, ha molti tratti realistici, che vengono rimossi dal ritaglio principale dei titoli più orientati all'arcade. L'auto può essere personalizzata a tuo piacimento, con diversi pneumatici, ali e sospensioni e impostazioni dettagliate del motore per turbo e coppia.
Family Feud (USA)	Basato sul gioco televisivo Family Feud. Il giocatore sceglie una famiglia di cinque persone per giocare contro un'altra famiglia. Ai giocatori viene chiesto di trovare le risposte più comuni alle varie domande poste dall'host, in modo che la famiglia possa guadagnare punti. La famiglia con il maggior numero di punti alla fine del gioco vince il premio in denaro.
Family Jockey (Japan)	Family Jockey è una simulazione di corse di cavalli sviluppata e pubblicata da Namco per Famicom in Giappone nel 1987. Nel gioco, i giocatori prendono il controllo di un cavallo e aiutano a dirigerlo per finire una pista il più rapidamente possibile, guidandolo e saggiamente cronometrando il dispendio di energie dei cavalli per stare davanti al branco senza stancarsi troppo in fretta. I progressi si ottengono piazzando tra i primi quattro cavalli di ogni razza. Il premio in denaro viene guadagnato piazzandosi tra i primi tre e battendo i record del corso.
Family Mahjong (Japan)	Family Mahjong è un altro di una lunga serie di giochi di mahjong per Famicom. Unicamente, almeno per il momento, include una modalità tutorial completa che insegnerà al giocatore come giocare effettivamente a mahjong. Include anche le regole per il gioco d'azzardo mahjong, che è un'altra caratteristica inclusa nel gioco. Dopo che il giocatore ha imparato a giocare, può competere contro una serie di avversari CPU in partite uno contro uno, la maggior parte delle quali sono donne bionde attraenti per qualche motivo.
Family Mahjong II - Shanghai e no Michi (Japan)	Family Mahjong II: Shanghai e no Michi è un gioco Mahjong e il seguito diretto di Family Mahjong. Oltre alla modalità Mahjong standard, esiste una modalità torneo con un leggero aspetto RPG, in quanto il giocatore può migliorare determinate statistiche dopo aver vinto le partite per aumentare le proprie probabilità nei round futuri del torneo. nnIl gioco è una versione uno contro uno del gioco, meno comune nei giochi Mahjong della vita reale ma lo standard per gli adattamenti per computer a causa della ridotta complessità di avere un solo avversario AI. Nihon Bussan era responsabile dello sviluppo di Family Mahjong II ed era all'epoca abbastanza noto per i suoi giochi Mahjong Arcade.
Family Quiz - 4-nin wa Rival (Japan)	Family Quiz è un gioco a quiz giapponese in cui l'obiettivo è battere gli altri avversari in quattro minigiochi, ognuno dei quali richiede che il giocatore risponda ad alcune domande a quiz giapponesi per procedere. I quattro minigiochi si basano su: Un tipico spettacolo di gioco allestito, in cui rispondere correttamente alle domande solleva il podio di quel giocatore verso un pallone; Otello, dove l'obiettivo è circondare i pezzi dell'altro giocatore; un gioco da tavolo, in cui il giocatore muove il proprio pezzo sul tabellone; un gioco di memoria basato su carte, in cui l'obiettivo è capovolgere coppie di carte corrispondenti. In ogni gioco, il giocatore ottiene un turno solo dopo aver risposto correttamente alla domanda a quiz.
Family School (Japan)	Un gioco promozionale Famicom.
Family Tennis (Japan)	Family Tennis è stato rilasciato l'11 dicembre 1987 esclusivamente in Giappone per il Nintendo Entertainment System. Il quarto della lunga serie di giochi sportivi &quot;Family&quot; di Namco e il primo a concentrarsi sul tennis, Family Tennis gioca in modo molto simile al suo predecessore Nintendo e ad altri giochi di tennis contemporanei. Condivide lo stesso punto di vista da dietro il campo e richiede che il giocatore si diriga verso la direzione di ogni tiro e restituisca la palla toccando il pulsante swing per vincere.
Family Trainer 10 - Rairai Kyonsees (Japan)	Rai Rai! Kyonshi: Baby Kyonshi senza Amida DaibÅ ken. (Come come! Fallen Corpses: Amedia Great Adventure di Baby Fallen Corpse) è un gioco vagamente basato sulla serie TV taiwanese-giapponese Hello Dracula. È il decimo e ultimo gioco rilasciato per la serie Family Trainer da Bandai, ed è stato rilasciato solo in Giappone il 26 gennaio 1989.
Family Trainer 4 - Jogging Race (Japan)	Jogging Race è un gioco di jogging ed escursionismo pubblicato solo in Giappone, il 28 maggio 1987. È il quarto gioco della serie Family Trainer di Bandai.
Family Trainer 5 - Meiro Daisakusen (Japan)	È un gioco di esplorazione di labirinti, pubblicato solo in Giappone il 31 luglio 1987. È il quinto gioco della serie Family Trainer di Bandai.
Family Trainer 8 - Totsugeki! Fuuun Takeshi-jou (Japan)	è un gioco di gare basato sul gioco/concorso della serie televisiva giapponese Takeshi's Castle. È stato rilasciato solo in Giappone il 28 dicembre 1987 ed è l'ottavo gioco della serie Family Trainer di Bandai.
Family Trainer 9 - Fuuun Takeshi-jou 2 (Japan)	È il sequel di Fuuun Takeshi-jou ed è anche basato sul castello di Takeshi con nuovi concorsi. È stato rilasciato il 20 dicembre 1988 solo in Giappone ed è il nono gioco della serie Family Trainer di Bandai.
Famista '89 - Kaimaku Ban!! (Japan)	Famista '89: divieto di Kaimaku!! (più o meno &quot;Opening Game Edition&quot;) è una simulazione di baseball di Namco e segna la prima occasione in cui la serie di giochi Family Stadium avrebbe ufficialmente abbreviato il suo nome in &quot;Famista&quot; piuttosto che nel marchio più lungo &quot;Pro Yakyuu Family Stadium&quot; che aveva portato in precedenza . nnCome con tutti i precedenti sequel di Family Stadium, Famista mantiene il caratteristico aspetto &quot;chibi&quot; della serie e la meccanica del baseball mentre aggiorna i roster per l'anno in corso (in questo caso, il 1989).
Famista '90 (Japan)	Simulatore di baseball assolutamente ordinario. Tutto, come nella maggior parte dei giochi come: uno sguardo a causa di una schiena che ha battuto su una rimessa laterale. Poi uno sguardo in campo dall'alto alla cattura di una palla. Una possibilità di scelta tra più squadre. Minimo di pianificazione e impostazioni.
Famista '91 (Japan)	&quot;Famista '91&quot;: il simulatore di baseball più comune e standard della società &quot;Namco&quot;, che fa parte dell'omonima serie di 6 giochi, rilasciata per Famicom dal 1989 al 1993 esclusivamente per il mercato giapponese.
Famista '92 (Japan)	Simulatore di baseball assolutamente ordinario. Tutto, come nella maggior parte dei giochi come: uno sguardo a causa di una schiena che ha battuto su una rimessa laterale. Poi uno sguardo in campo dall'alto alla cattura di una palla. Una possibilità di scelta tra più squadre. Minimo di pianificazione e impostazioni. Un gioco praticamente non ha subito modifiche in una parte di gioco, ma è leggermente cambiato, rispetto a un aspetto usuale, nei menu iniziali.
Famista '93 (Japan)	Simulatore di baseball assolutamente ordinario. Tutto, come nella maggior parte dei giochi come: uno sguardo a causa di una schiena che ha battuto su una rimessa laterale. Poi uno sguardo in campo dall'alto alla cattura di una palla. Una possibilità di scelta tra più squadre. Minimo di pianificazione e impostazioni. Il tipo di gioco continua a piacere (ad irritare?) la costanza. Un po' di qualità della grafica e della musica è migliorata.
Famista '94 (Japan)	Simulatore di baseball assolutamente ordinario. Tutto, come nella maggior parte dei giochi come: uno sguardo a causa di una schiena che ha battuto su una rimessa laterale. Poi uno sguardo in campo dall'alto alla cattura di una palla. Una possibilità di scelta tra più squadre. Minimo di pianificazione e impostazioni. Il tipo di gioco continua a piacere (ad irritare?) la costanza.
Fantasy Zone (Japan) (En) (Sunsoft)	La Fantasy Zone è un sistema solare composto da otto fantastici pianeti dai colori vivaci. I malvagi Menon stanno cercando di conquistare tutti i pianeti della Fantasy Zone usando valuta straniera sottratta indebitamente per costruire le loro forze. È compito del giocatore recuperare tutte le monete e salvare il sistema solare! Fantasy Zone è uno sparatutto in stile arcade per uno o due giocatori. L'obiettivo è distruggere tutte le creature su ogni pianeta e raccogliere quante più monete perse possibile. Alla fine di ogni livello c'è un grande nemico che dovrà essere sconfitto prima di passare al mondo successivo. In vari punti del gioco, il giocatore potrà trovare un negozio di ricambi, che consente di acquistare miglioramenti per la sua astronave, comprese armi migliori e motori più veloci.
Fantasy Zone II - Opa-Opa no Namida (Japan) (En)	Fantasy Zone II: The Tears of Opa-Opa è il sequel di Fantasy Zone, in cui controlli Opa-Opa, una bella nave colorata con le ali su un lato. Devi distruggere le grandi creature in ogni mondo prima di passare a quello successivo. Il tuo compito diventa difficile da altre piccole creature che capita di passare. Se distruggi una creatura di grandi dimensioni, lascerà cadere una banconota da un dollaro, che puoi raccogliere e utilizzare nel negozio per acquistare oggetti e armi potenti come raggi laser, colpi x-way e grandi ali. Un altro modo per ottenere denaro è sparare a determinati tipi di nemici tutti di seguito.
Faria - A World of Mystery & Danger! (USA)	Era una notte tempestosa. Il vento freddo infuriava e la pioggia si riversava sul paese. I Magi hanno capito subito: la profezia è diventata realtà. L'incantesimo della Spada Leggendaria è stato revocato... nnAvanti veloce a tre mesi dopo. Sei un giovane avventuriero senza nome, in cerca di azione. Il tuo primo compito è... hai indovinato, salvare una principessa. Dopo che il re ti ha dato questo incarico, sei libero di vagare per il mondo, visitando pericolose grotte e torri e adempiendo antiche profezie..
Faxanadu (USA)	Sei un avventuriero della città degli Elfi e torni a casa dopo un lungo viaggio. Ahimè, quando arrivi, noti che tutto è cambiato! Il villaggio degli Elfi, che un tempo conosceva pace e prosperità, ora offre solo disastri e desolazione. Un meteorite cadde sull'Albero del Mondo, trasformando l'acqua della fontana degli Elfi, fonte di vita, in un terribile veleno prima di prosciugarsi. I Nani che abitavano nell'Albero sono impazziti. Per portare la pace, devi entrare nell'Albero del Mondo e sconfiggere il Demone che si è stabilito lì. Molti uomini partirono per sloggiarlo, ma nessuno tornò. Sei l'ultima speranza degli Elfi.
Felix the Cat (World) (En)	Felix The Cat è un platform basato sul famoso personaggio dei cartoni animati. Il professore ha rapito Kitty, la ragazza di Felix, cercando di scambiarla con la borsa magica di Felix. Naturalmente, Felix non si lascerà ricattare e si propone invece di liberare Kitty. Esistono quattro diversi tipi di livelli. 1. Tipici livelli platform in cui Felix deve raggiungere l'uscita mentre salta su ostacoli e voragini, uccidendo i nemici usando armi diverse.
Ferrari Grand Prix Challenge (USA)	Il giocatore assume il ruolo di un pilota del team Ferrari con l'obiettivo di diventare un campione di F1 durante la stagione standard di 16 round. Il giocatore gareggia contro 25 avversari informatici che rappresentano diverse squadre di F1. Ogni round consiste in una gara di qualificazione (1 giro) e una gara principale (5 giri). La gara di qualificazione determina dove verrà posizionato il veicolo dei giocatori all'inizio della gara principale. Il giocatore riceve punti che determinano la sua classifica alla fine di una gara principale con più punti assegnati per la posizione più alta raggiunta nella gara. Anche durante una gara, il giocatore può fare una sosta ai box per cambiare le gomme usurate e fare rifornimento, il che implica giocare a un minigioco. C'è anche una modalità pratica, in cui il giocatore può scegliere il numero di giri di pratica che desidera praticare.
Fester's Quest (USA)	Lo zio Fester era fuori una notte, a fare il bagno sulla luna nel cortile della proprietà della famiglia Addams un giorno quando all'improvviso, dal cielo, un UFO discese e iniziò a teletrasportare creature aliene sul pianeta. Afferrando la sua pistola, Fester parte per fermare gli alieni e uccidere le loro creature boss, incontrando lungo la strada altri membri della famiglia Addams che lo aiuteranno. nnFester's Quest è un gioco dall'alto in cui lo zio Fester usa la sua pistola, o più tardi, una frusta per attaccare i nemici vicino a lui. I nemici lasciano cadere denaro e potenziamenti. Il denaro può essere utilizzato negli stand di Hot Dog per reintegrare la salute. È possibile raccogliere una varietà di oggetti, ognuno con un effetto diverso. Fester e il resto della famiglia Addams sono basati sui loro personaggi del popolare programma televisivo degli anni '60 (questo gioco è stato realizzato prima dei remake sia in serie che in film).
Field Combat (Japan) (En)	Field Combat on Nes è un gioco d'azione che ti catapulta nel centro di un futuristico campo di battaglia che devi attraversare per raggiungere le basi nemiche. Sta a te evitare le numerose unità nemiche che vagano sul campo, ma se mai dovesse andare storto, puoi sempre chiamare rinforzi per uscire dai guai!
Fighting Road (Japan)	Fighting Road è un gioco di combattimento uno contro uno in cui assumi il ruolo di un artista marziale senza nome che prende a pugni una collezione di combattenti nemici per essere incoronato Gran Maestro. nnIl gioco si svolge da una visuale laterale non scorrevole e funziona come la maggior parte dei combattenti uno contro uno: ti muovi sullo schermo evitando gli attacchi del tuo avversario e poi scatena i tuoi con combinazioni di pulsanti di attacco e frecce direzionali. Inoltre il gioco presenta mosse speciali sotto forma di combinazioni specifiche di mosse direzionali che innescano attacchi unici. Queste mosse tuttavia esauriscono la tua barra della resistenza che può lasciarti indifeso contro gli attacchi nemici.
Final Fantasy (USA)	Final Fantasy di Hironobu Sakaguchi... il primo di una delle serie di giochi di ruolo più lunghe conosciute dall'umanità. Final Fantasy è il gioco per la console NES che ha dato il via a tutto. nnIl mondo è velato nelle tenebre. I venti non soffiano, i mari sono tempestosi e la terra marcisce. Tutto ciò che le persone possono sperare è che l'antica profezia si adempirà finalmente. &quot;Quando il mondo sarà velato dalle tenebre, verranno quattro guerrieri...&quot; E in effetti, verranno - i quattro personaggi che hai scelto in precedenza. La loro prima missione è liberare una principessa dalla malvagia Garland, e poi inizia il vero viaggio...
Final Fantasy I, II (Japan)	Due grandi avventure raccolte in un gioco!nnnn-Final Fantasy I-nnE così iniziò il loro viaggio. I quattro Guerrieri della Luce si sentivano sopraffatti dal grande compito che il destino aveva loro affidato. Non conoscevano il vero significato dei quattro cristalli che tenevano in mano... Il cristallo che una volta, tanto tempo fa, brillava di una luce così brillante. Era giunto il momento del loro viaggio. Il tempo di gettare via il velo delle tenebre e portare il mondo ancora una volta alla luce... nn-Final Fantasy II-nnIn una terra lontana... Una lunga pace è finita. L'Impero di Palamecia ha evocato Hellspawn nella speranza di governare il mondo... Il popolo di Fynn ha combattuto coraggiosamente per il proprio regno... e ha perso. Ora quattro giovani di Fynn devono fuggire ad Altair, con il nemico appena dietro...
Final Fantasy II (Japan)	L'Impero Paramekiano decise di conquistare il mondo. I suoi soldati e i Cavalieri Oscuri perseguitano persone innocenti, bruciano interi villaggi, danno la caccia a guerrieri coraggiosi. Ora Phin, la patria dei quattro eroi, è stata distrutta dall'impero del male. Solo quattro giovani guerrieri riuscirono a fuggire, tre uomini e una ragazza. Sulla strada per Altea, una città vicina, furono attaccati dai Cavalieri Oscuri. Tre di loro furono portati sani e salvi ad Altea per ordine dell'esercito ribelle. Ma uno non è stato ancora trovato...
Final Fantasy III (Japan)	In un remoto villaggio di Ur, quattro ragazzi orfani sono stati allevati dal sacerdote Topapa. Una volta, il Cristallo del Vento, custodito dal popolo di Ur, affondò nelle profondità della terra. I quattro ragazzi decisero di recuperarlo da lì e scesero in una grotta sotterranea. Ma quando hanno trovato il cristallo, questo ha parlato loro e dalle sue parole hanno capito di essere stati scelti per una missione molto più importante e che abbraccia il mondo...
Final Lap (Japan) (En)	L'ultimo giro di Namco è considerato da molti il successore spirituale di Pole Position. Questo gioco di corse di Formula 1 abbastanza semplice presenta una modalità a uno o due giocatori che viene disputata tramite schermo diviso. Fino a otto giocatori possono giocare a turno in una modalità torneo. nnLa gara iniziale si svolge su una pista ovale a New York mentre le piste successive con curve e curve più impegnative porteranno giocatori in tutto il mondo; dal Messico a Monaco. Ogni vettura può essere potenziata prima di una gara con punti assegnati per personalizzare pneumatici, motore, freni e nitro. Nitro viene attivato premendo verso l'alto sul pad di controllo. La collisione con i concorrenti farà urtare la tua auto, ma scivolare contro i cartelloni pubblicitari laterali può far girare il tuo veicolo.
Fire 'n Ice (USA)	Se ti piacciono i puzzle e la logica, allora ti piacerà Solomon's Key 2. I mostri di fuoco sono stati rilasciati su Coolmint Island, devi usare la tua abilità e il tuo cervello per completare ogni livello e sconfiggere il mago malvagio. Attenzione! Potresti perderti in questo gioco emozionante e non puoi fermarti!
Fire Emblem - Ankoku Ryuu to Hikari no Tsurugi (Japan)	Le forze oscure hanno attaccato la terra di Aritia. Stai controllando alcuni dei membri delle forze di Aritan che sono fuggiti dal loro paese e sono arrivati ​​sull'isola di Tamis per sicurezza. Sfortunatamente, un gruppo di pirati sta invadendo Tamis e sta a te controllare di nuovo l'isola. Fire Emblem è un gioco di strategia in cui devi spostare le tue unità su una mappa. Puoi controllare le unità blu mentre quelle rosse sono nemiche. Devi attaccare i nemici da varie distanze, a seconda dell'arma che stai usando. Di solito devi essere uno o due quadrati accanto al nemico. Quando viene stabilita una battaglia, vedrai entrambi i personaggi; alleati in blu a destra e avversario in rosso a sinistra con animazione dettagliata. Il nemico reagirà se può, e tu o il nemico potete anche fare un altro colpo per chiudere la battaglia. Quando hai finito, è il turno del computer e farà lo stesso con le sue unità. Una volta che gli HP (Health Point) di qualsiasi unità raggiungono 0, sono definitivamente fuori combattimento e non possono tornare, sia che si tratti di un nemico o di un alleato.
Fire Emblem Gaiden (Japan)	In un colpo di stato, un generale depone il re e tocca a un giovane eroe, Alm, unirsi a un esercito ribelle e combattere questa regola ingiusta. Il gioco si svolge su mappe di battaglia in cui il giocatore muove tutti i personaggi a turno (o li lascia assalire/raggrupparsi tramite il menu). Se i personaggi entrano in combattimento ravvicinato, la visualizzazione cambia in una vista laterale e i personaggi attaccano il nemico una o più volte (di solito provocando un contrattacco) per cui il personaggio riceve punti esperienza.
Firework Thrower Kantaro's 53 Stations of the Toukaido (World)	Sebbene comunemente indicato come Tokaido Gojuusan Tsugi, il nome completo del gioco è Kanshakudama Nage Kantarou no Toukaidou Gojuusan Tsugi, che può essere approssimativamente tradotto come &quot;Kantarou dal lancio esplosivo e le 53 stazioni del Tokaido&quot;. Per spiegare ulteriormente, il nome del personaggio principale è Kantarou e lancia bombe contro i suoi nemici. Sta tentando di tornare da Kyoto a Edo (conosciuta oggi come Tokyo) per vedere la sua ragazza Momoko. Per arrivarci, sta viaggiando attraverso l'autostrada Tokaido che è composta da 53 posti di blocco lungo il percorso. Tuttavia, un mercante senza scrupoli sta tentando di catturare Kantarou e rubare i suoi segreti sulla tecnica esplosiva.
Fisher-Price - Firehouse Rescue (USA)	In Fisher-Price: Firehouse Rescue, il giocatore controlla un pompiere alla guida di un camion dei pompieri. Sia il pompiere che il camion dei pompieri portano lo stile familiare della popolare linea di giocattoli Fisher-Price. Lo scopo del gioco è salvare animali domestici dagli alberi e persone dalle case nelle immediate vicinanze. Ci sono 2 parti in questo compito: la prima parte prevede la navigazione per le strade labirintiche da una prospettiva dall'alto per trovare la residenza travagliata. Una volta raggiunta la casa, la seconda parte del lavoro consiste nel manovrare la scala del camion dei pompieri sotto la persona o l'animale bisognoso di soccorso, da una prospettiva laterale, e portarli in salvo.
Fisher-Price - I Can Remember (USA)	Fisher-Price: I Can Remember è un gioco di memoria basato su carte trasposto su NES. L'obiettivo è girare le coppie di carte e trovare le coppie che corrispondono. Se una coppia non abbinata viene girata, viene girata indietro e il giocatore deve ricordare quei dati per il prossimo turno. Il gioco ha 3 livelli, ognuno con progressivamente più carte (12, 16 o 20). Le carte contengono immagini di giocattoli Fisher-Price. Trovare corrispondenze rimuove le carte dallo schermo che poi rivela parti di un oggetto Fisher-Price più grande.
Fisher-Price - Perfect Fit (USA)	Fisher-Price: Perfect Fit è un'attività che lascia cadere forme sullo schermo (di solito sotto forma di giocattoli Fisher-Price) che il giocatore deve quindi manipolare e abbinare a una di una serie di sagome. Nei livelli precedenti, si tratta solo di spostare la forma sullo schermo. Nei livelli successivi, il giocatore deve anche capovolgere la forma verticalmente, orizzontalmente o entrambi, prima che si adatti perfettamente a una delle sagome. Le partite possono essere giocate contro il tempo. C'è anche un gioco alternato a 2 giocatori, in cui 2 giocatori umani possono competere, oppure un giocatore umano può confrontarsi con il giocatore del computer (chiamato &quot;Electro&quot;).
Fist of the North Star (USA)	Questo è un gioco platform &quot;picchiaduro&quot; basato sulla serie animata Hokuto no Ken. Secondo la storia menzionata nel manuale, Kenshirou, il personaggio principale, deve salvare le persone dal malvagio Emperor Heaven. Il gioco stesso, tuttavia, non presenta alcuna storia, ma molta azione sulla piattaforma. Devi correre rapidamente attraverso i livelli (c'è un limite di tempo), prendere a pugni e calci i tuoi nemici, facendoli volare via o esplodere, incontrare occasionalmente un boss, visitare aree segrete dietro le porte e raccogliere vari power-up. nnQuesto è infatti il secondo gioco della serie; il primo non è mai stato rilasciato al di fuori del Giappone.
Flappy (Japan) (En)	In questo puzzle game controlli Flappy, una talpa gialla. Lo scopo del gioco è aiutare Flappy a spingere la Pietra Blu sulla sua Piattaforma Blu in ogni livello. nnLe pietre rosse sono posizionate in posizioni chiave nei livelli. Possono essere spinti, impilati uno sopra l'altro e persino distrutti. Flappy deve sfruttare strategicamente la gravità e le pietre rosse per liberare il percorso per spingere la pietra blu. Tre diversi tipi di nemici cercheranno di impedire a Flappy di superare il livello, quindi devi evitare i nemici, schiacciarli dall'alto con le pietre o raccogliere i funghi dormienti per eliminarli temporaneamente.
Fleet Commander (Japan)	Fleet Commander è un gioco di strategia sviluppato e pubblicato da ASCII Entertainment per Famicom nel 1988. È il primo gioco di battaglie navali mai rilasciato per il sistema. Sebbene presumibilmente descriva una battaglia tra due paesi immaginari, il gioco è ampiamente riconosciuto come una ricreazione di una delle battaglie navali cruciali che si sono verificate tra il Giappone e gli Stati Uniti verso la fine della seconda guerra mondiale. I giocatori controllano una flotta giapponese di incrociatori pesanti, corazzate, sottomarini e portaerei.
Flight of the Intruder (USA)	Unisciti a &quot;Tiger&quot; Cole e &quot;Cool Hands&quot; Grafton mentre comandi gli aviatori navali statunitensi sul Vietnam. Affronta MiG, AAA e SAM e la natura spietata dell'aviazione di linea. Configura l'equipaggiamento di ogni aereo per la tua missione, pianifica il tuo pacchetto di missioni, quindi vola le tue missioni. Comanda più sezioni di aerei e passa da una all'altra a piacimento. Quando hai finito, puoi anche cimentarti con l'ATTERRAGGIO su una portaerei.
Flintstones, The - The Rescue of Dino & Hoppy (USA)	Che emozione nella preistoria quando i Flintstones, la più illustre famiglia delle caverne, ricevono una visita fin dal 30° secolo. Il dottor Butler, un ingegnoso scienziato, ha bisogno di alcuni dinosauri per lo zoo nella città di Orbit; così ha inventato una macchina del tempo per catturare Dino e Hoppy. Riuscirà Fred a raccogliere tutti i pezzi di cui ha bisogno anche il grande Gazoo per costruire una macchina del tempo? Riuscirà, con l'aiuto di Wilma, Barney e Betty, a saltare nel futuro e a liberare i suoi amici preistorici? Chi ha osato affermare che la storia fosse un argomento noioso!?
Flintstones, The - The Surprise at Dinosaur Peak! (USA)	Fred e Barney stanno cercando i loro figli, Pebbles e Bam-Bam che si sono persi. Quando finalmente li trovano, un'eruzione vulcanica blocca la loro strada e così iniziano a fare il giro della montagna per scoprire perché è successo e, naturalmente, per salvare i loro figli. nnThe Surprise at Dinosaur Peak è il secondo gioco con licenza Flintstones per NES. Ci sono due personaggi con cui puoi giocare. Premendo il pulsante Seleziona puoi passare da Fred a Barney e viceversa. Ogni personaggio ha abilità uniche necessarie per completare alcune parti di ogni fase. Ad esempio Fred può afferrare i bordi di un tetto o di una collina e arrampicarsi mentre Barney può appendere a corde e rampicanti.
Flipull - An Exciting Cube Game (Japan) (En)	Flipull: An Exciting Cube Game è un gioco Puzzle, sviluppato da Daiei Seisakusho e pubblicato da Taito Corporation, che è stato rilasciato in Giappone nel 1989.
Flying Dragon - The Secret Scroll (USA)	Il gran maestro Juan è stato derubato dei rotoli segreti di Hiryu-no-Ken, che è l'ultima posizione di kung-fu che dà l'impressione di un drago volante quando è in vigore. Fortunatamente Juan ha affidato la pergamena rimanente al suo degno studente, Ryohi. L'ultima richiesta di Juan era che Ryohi facesse visita a Shorinji. Gengai, il vescovo di Shorinji, prese il giovane Ryohi sotto la sua ala. Sei anni dopo, viene inviata una lettera di sfida dai Tusk Soldiers, che sono i nemici di Shorinji. La lettera menziona l'imminente &quot;Torneo mondiale di sport di contatto&quot;. Ryuhi decide di prendere parte al torneo come rappresentante di Shorinji. Ryuhi viene anche a sapere da Gengai che sono stati i Tusk Soldiers a derubare il maestro di Ryuhi delle sue pergamene e ora Ryuhi ha intenzione di riaverli.
Flying Hero (Japan) (En)	Un gioco d'azione che coinvolge i vigili del fuoco sul trampolino, sviluppato per Famicom da Aicom
Flying Warriors (USA)	Il gioco parla di una squadra di supereroi chiamata Flying Warriors che deve combattere un demone prima che possa conquistare il mondo con i suoi eserciti di Tusk Soldiers. Inizi con il maestro di kung fu Rick Stalker, ma alla fine ottieni l'aiuto di Hayato Go, Mary Lynn, Greg Cummings e Jimmy Cutler. Durante la parte a scorrimento laterale del gioco puoi usare il tuo kung fu e gli incantesimi mistici per eliminare i nemici. Ogni nemico che sconfiggi ti dà punti esperienza che alla fine aumenteranno i tuoi punti vita. Ci sono alcuni duelli uno contro uno durante i tornei di combattimento che prevedono di colpire un bersaglio sul corpo del tuo avversario mentre difendi il bersaglio sul tuo stesso corpo. Ci sono anche battaglie di comando in stile RPG contro i boss.
Formation Z (Japan) (En)	Il giocatore gareggia in una maratona sparatutto orizzontale a scorrimento continuo attraverso terra, mare, aria e spazio. Puoi tenere premuto il pulsante di fuoco per un'esplosione di fuoco caricato, che è particolarmente essenziale per sconfiggere i boss. nnIl giocatore può tenere premuto il pulsante Salta per trasformarsi avanti e indietro tra un robot mobile o un aereo da combattimento. Alcune sezioni hanno scontri sia a terra che in aria; altri insistono sulla battaglia aerea. Il tuo tempo nell'Aero Fighter è limitato dal suo fabbisogno di carburante.
Formula 1 Sensation (Europe)	Il gioco contiene 18 tracciati (16 della stagione 1992 più Donington Park e Phoenix, sedi del Gran Premio d'Europa 1993 e del Gran Premio degli Stati Uniti 1991), ognuno dei quali può essere guidato separatamente in modalità &quot;Corsa libera&quot; o tutti e 16 della stagione 1992 di fila in modalità &quot;Grand Prix&quot;. In quest'ultimo caso, prima di ogni gara, è necessario completare un giro di qualificazione per determinare la posizione in griglia. In entrambe le modalità, il giocatore è libero di scegliere 11 piloti in competizione. Ogni pilota nel gioco è classificato in uno dei tre livelli in base alle sue abilità effettive: A, B o C.
Formula One - Built to Win (USA)	Formula One: Born To Win è un gioco di corse di carriera. Il giocatore inizia con una Mini Cooper e scala le classifiche del circuito a partire dalle gare con il punteggio più basso nella parte orientale degli Stati Uniti. Vincendo le gare, il giocatore può aggiornare le parti della Mini e avere una possibilità migliore in più gare. Vinci abbastanza gare e alla fine guadagna l'opportunità di correre usando macchine più veloci. Le altre auto disponibili nel gioco sono la Vector W2, la Ferrari F40 e, naturalmente, la Formula 1. Le prime gare si svolgono a New York City, Detroit e Miami. Le altre località da visitare sono Yellowstone, Denver, Dallas, Las Vegas, Los Angeles, San Francisco e infine le Hawaii.
Fox's Peter Pan & the Pirates - The Revenge of Captain Hook (USA)	Capitan Uncino e il suo esercito di pirati bruti non vorrebbero niente di meglio che conquistare l'Isola che non c'è con i loro modi corruttori. Peter Pan, con l'aiuto di Campanellino e un po' di Pixie Dust, tenterà di fermare Capitan Uncino una volta per tutte facendolo camminare sulla propria passerella. nnIl giocatore controlla Peter, la cui arma è una spada. Inizi con 3 vite e puoi aumentare il tuo misuratore di vita raccogliendo forzieri del tesoro o fate di Campanellino durante un livello. Puoi anche raccogliere sacchi di polvere di fata per volare temporaneamente. Devi sconfiggere tutti i pirati presenti in un livello per passare al livello successivo.
Frankenstein - The Monster Returns (USA)	Gli abitanti del villaggio pensavano di essere al sicuro. Ma ora è tempo che scoprano la terribile verità... Frankenstein è risorto, ha devastato le terre che circondano il villaggio, ha ammassato un esercito malvagio di creature empie e si è persino spinto a catturare una giovane ragazza. nnFrankenstein è un'avventura a scorrimento laterale contro tutti i tipi di creature da incubo. Alcuni potrebbero persino definirlo un clone dei più noti giochi Castlevania del NES. Inizi il gioco con nient'altro che i pugni... ma potresti acquisire una mazza magica dai nemici. Trovare potenziamenti aggiuntivi con dà al club la possibilità di lanciare palle di fuoco. Ci sono scrigni del tesoro in varie stanze e personaggi che possono aiutarti nella tua ricerca attraverso suggerimenti di dialogo.
Free Fall (USA) (Proto 2)	Free Fall è un gioco d'azione, sviluppato e pubblicato da Color Dreams, che è stato cancellato prima del suo rilascio. Controlli una mano che deve catturare le cose che cadono e poi lanciarle di nuovo in salvo.
Freedom Force (USA)	In Freedom Force, Rad Rex e il suo partner Manic Jackson fanno parte di un'unità d'élite antiterrorismo. La loro missione è salvare gli ostaggi in un aereo dirottato uccidendo tutti i Bagmen. Dopo aver ripreso con successo il controllo dell'aereo, devono lavorare lì indietro attraverso l'aeroporto e le strade per eliminare il nascondiglio dei guerriglieri e raggiungere il loro leader, Eugene Extreme.
Friday the 13th (USA)	Basato sul popolare franchise cinematografico, Friday the 13th ti vede come uno dei sei consiglieri del campo (tre ragazze o tre ragazzi) nel famigerato Camp Crystal Lake, e hai il compito di distruggere Jason Voorhees una volta per tutte. Per arrivare a Jason, devi correre intorno a un campo, uccidendo demoni zombi e raccogliendo armi, finché non senti un suono di allarme. Quando l'allarme suona, significa che Jason è entrato in una cabina e devi trovarlo. Per risparmiare tempo, puoi passare da uno all'altro dei sei consulenti, a seconda di dove ti trovi. Una volta entrato nella casa in cui si trova Jason, il gioco passa a un labirinto in 3D in cui devi ferire Jason con gli oggetti che hai raccolto. Una volta che è stato danneggiato abbastanza, scapperà, solo per suonare un altro allarme più tardi ed entrare in un'altra casa.
Front Line (Japan) (En)	Front Line è un gioco d'azione a scorrimento verticale. La tua missione è infiltrarti nel territorio nemico e distruggere la loro fortezza. Per raggiungere la fortezza, dovrai attraversare un terreno vario e pericoloso. Giungle, deserti, cespugli e rocce rallentano i tuoi progressi, inoltre ogni area ha numerosi combattenti e carri armati nemici che cercano di fermarti. Per superare questi ostacoli, sei armato con una mitragliatrice e granate; in alcuni punti del gioco potresti persino imbatterti in un carro armato abbandonato che puoi controllare per aumentare le tue probabilità di sopravvivenza. Quando raggiungi la fine del livello e distruggi con successo la fortezza, il gioco si ripeterà a un livello di difficoltà superiore. Il gioco è per uno o due giocatori e sono disponibili quattro diversi livelli di abilità.
Fun House (USA)	Fun House è basato sull'omonimo programma televisivo per bambini. La premessa di base del gioco è attraversare le 72 stanze della casa dei divertimenti. L'obiettivo di ogni stanza è lanciare pomodori contro i bersagli sparsi per la stanza prima che scada il tempo. A volte questi obiettivi sono numerati, quindi devono essere colpiti in ordine numerico. Dopo che tutti gli obiettivi sono stati raggiunti, apparirà una chiave che consente al giocatore di spostarsi nella stanza successiva.
Fushigi no Umi no Nadia (Japan)	Basato sull'anime Nadia: Il segreto dell'acqua blu. È dotato di 50 diversi campi di battaglia in cui i giocatori impiegano un personaggio per turno. I personaggi possono muoversi, usare un'abilità/oggetto o entrare in un combattimento ravvicinato simile a un gioco di ruolo. Per aver sconfitto un nemico, i personaggi guadagneranno punti esperienza e saliranno di livello che verranno conservati per ulteriori sessioni.
Future Wars - Mirai Senshi Lios (Japan)	Future Wars: Lios è un gioco di strategia a turni sviluppato e pubblicato da Pack-In-Video, gli stessi sviluppatori che ci hanno portato Die Hard (NES). In questo gioco giochi nei panni di Cecilia e del suo esercito di robot. Devi arrivare al castello di Goinkia e impedirgli di prendere il controllo. Per fare ciò, devi viaggiare nell'overworld e selezionare una posizione. Una volta fatto, devi eliminare il robot comandante del nemico e poi la base del nemico. Quindi vincerai e ti sarà permesso di progredire. A volte sconfiggere i nemici sblocca nuove armi.
Fuzzical Fighter (Japan)	Fuzzical Fighter è uno sparatutto per NES. Il regno di Funny ha perso la sua dimensione di pietra, che sta gradualmente precipitando la città nel caos. Mark, il personaggio che interpreti, si offre volontario per cercare di trovare e recuperare la pietra. Quindi vai a cercarlo a bordo del Fuzzical Fighter, sfidando i mostri e le altre creature sul tuo cammino. Il gioco include fasi RPG tra ogni livello quando ti fermi nelle città per aggiornare il tuo veicolo.
G.I. Joe - A Real American Hero (USA)	G.I Joe è un gioco d'azione a scorrimento laterale in cui puoi selezionare 3 personaggi su 5 per completare una missione. Ogni livello è diviso in tre parti principali: la lotta per la quest zone, la quest zone e la fuga dalla quest zone. Le fasi in cui combatti e fuggi dalla zona di ricerca sono azioni dirette: combatti fino alla fine della fase e sconfiggi il boss della fase. L'attuale zona della missione è un labirinto, in cui l'obiettivo è posizionare bombe in posizioni predeterminate, quindi trovare e utilizzare l'uscita. I labirinti iniziano facilmente, il primo è solo di due schermi alti e quattro lunghi. Il livello 6 è 7 per 8 per un totale di 56 schermate.
G.I. Joe - The Atlantis Factor (USA)	Cobra, il malvagio cattivo, precedente incontro con G.I. Joe si è concluso con la distruzione della base di Cobra (come interpretato in GI Joe: A Real American Hero). Ma questa volta Cobra ha svelato il segreto di Atlantide. Utilizzando un'antica fonte di energia, Cobra è riuscito a sollevare Atlantide dal fondo dell'oceano e ora sta ricostruendo le sue forze destinate a distruggere il mondo. Spetta al generale Hawk e ai suoi amici, tutti parte del Joe Team, salvare di nuovo la situazione.
Galaga - Demons of Death (USA)	Galaga è uno sparatutto arcade verticale di Namco. Controlli un caccia spaziale nella parte inferiore dello schermo, scorrendo a sinistra ea destra per evitare bombe in arrivo e attacchi kamikaze da parte di invasori alieni e per sparare i tuoi missili per contrattaccare!nnCi sono un numero infinito di fasi da attraversare. Ogni terzo livello è una &quot;fase di sfida&quot; in cui hai la possibilità gratuita di sparare a quanti più alieni possibile e accumulare punti bonus. Alcuni alieni hanno raggi traenti che possono usare per catturare una delle tue navi. Se quella non è stata la tua ultima &quot;vita&quot;, puoi provare ad abbattere quell'alieno e riconquistare la tua nave, dandoti due navi contemporaneamente e raddoppiando la tua potenza di fuoco. Al termine del gioco viene visualizzata una schermata di riepilogo, che fornisce sia il punteggio finale che il &quot;rapporto di colpi&quot; finale: il numero di missili lanciati, i nemici distrutti e la percentuale di bersagli colpiti.
Galaxian (Japan) (En)	Galaxian è uno sparatutto in cui il giocatore si trova nella parte inferiore dello schermo, con una disposizione di alieni in alto. Il giocatore si muove a destra ea sinistra per mirare a un alieno, quindi spara un proiettile sullo schermo e l'alieno che colpisce viene ucciso. Gli alieni sono classificati come droni, emissari, calabroni e comandanti, con quelli più in alto dello schermo che ottengono più punti quando vengono distrutti. A intervalli prestabiliti un nemico si muoverà lungo lo schermo verso di te, scortando un bombardiere, che è un momento di grande pericolo. Cancella un'onda e ne viene generata un'altra.
Galaxy 5000 - Racing in the 51st Century (USA)	Galaxy 5000 è un gioco di corse spaziali su Nes in cui 4 astronavi competono su un circuito. Esistono molti stili diversi di controlli e le navi possono saltare e persino chiedere scusa quando ci entrano!
Gambler Jiko Chuushinha (Japan)	Il giocatore d'azzardo Jiko Chuushinha è un gioco d'azzardo mahjong basato su un manga con lo stesso nome. In quanto tale, ha un ampio cast di personaggi dei fumetti contro i quali il giocatore può scegliere di competere. Al di là della licenza manga, è ancora un gioco di mahjong, incentrato principalmente sul gioco da tavolo basato su tessere, sebbene utilizzi una variazione difficile alle solite regole del gioco. Il giocatore d'azzardo Jiko Chuushinha si è distinto per avere diversi sviluppatori che lavoravano al progetto, tra cui Bits Laboratory, Yellow Horn e Game Arts. Riceverebbe anche molti sequel che suonano più o meno allo stesso modo.
Gambler Jiko Chuushinha 2 (Japan)	Il seguito del giocatore d'azzardo Jiko Chuushinha. Il giocatore d'azzardo Jiko Chuushinha 2 è un gioco di mahjong di Riichi basato sull'omonimo manga di Masayuki Katayama. Il gioco ha una modalità gratuita (gioca contro avversari a scelta del giocatore), una modalità di gioco di strategia (i giocatori viaggiano per il Giappone affrontando vari avversari in un gioco di tipo shougi ma con la svolta che quando i pezzi dell'avversario vengono attaccati si gioca un round di mahjong per determinare se i pezzi sono persi o meno) e una modalità torneo.
Game Designer Yousei Soft - Dezaemon (Japan)	Dezaemon è un'applicazione di progettazione di giochi che consente agli aspiranti sviluppatori di creare il proprio sparatutto a scorrimento verticale. I giocatori hanno il controllo sull'aspetto della loro nave, progettano come appariranno i loro livelli (fino a tre) e creano anche una schermata del titolo. Dezaemon è un gioco d'azione, sviluppato da Kid e pubblicato da Athena, uscito in Giappone nel 1991.
Game Party (Japan)	Game Party ti consente di giocare a 5 giochi diversi su una cartuccia. I giochi coinvolti sono Air Hockey, Hockey, Pinball, Basketball e Mind-Q. Quindi prendi un amico e inizia a giocare ad alcuni buoni giochi multiplayer!
Ganbare Goemon 2 (Japan)	Ganbare Goemon 2 è un gioco d'azione, sviluppato e pubblicato da Konami. È il terzo gioco della serie Ganbare Goemon e un sequel di &quot;Ganbare Goemon! Karakuri Douchuu&quot;.
Ganbare Goemon Gaiden - Kieta Ougon Kiseru (Japan)	Questo è un gioco di ruolo semi-umoristico in stile console ambientato nel Giappone medievale. Ci racconta le avventure di Goemon, il nobile ladro e abile artista marziale. Un giorno Goemon torna a casa e scopre che la sua pipa preferita è sparita. Chi può aver commesso un crimine così orribile? L'amico di Goemon, Ebisumaru, si offre di aiutarlo a scoprire il criminale ed entrambi intraprendono un viaggio pieno di avventure e pericoli. nnCome la maggior parte dei giochi di ruolo in stile console dell'epoca, &quot;Goemon Gaiden&quot; utilizza un semplice sistema di battaglia a turni. Parli con la gente della città per raccogliere informazioni, acquistare armi, armature e oggetti, combattere nemici casuali, scendere nei sotterranei e trovare tesori.
Ganbare Goemon Gaiden 2 - Tenka no Zaihou (Japan)	Questo è un sequel del primo gioco di ruolo Ganbare Goemon Gaiden (storia secondaria). Goemon, un ladro astuto e un appassionato cacciatore di tesori, non ha niente da fare e siede a casa sua, annoiato. Ma il suo fidato amico Ebisumaru ha buone notizie: c'è un grande tesoro da trovare da qualche parte in una grande città al di là del mare. Ovviamente il tesoro non sarà dato solo a Goemon: dovrà prima compiere una missione pericolosa. I due amici salgono su una nave e così inizia il viaggio...
Ganbare Goemon! - Karakuri Douchuu (Japan)	Primo titolo della serie di giochi di azione/avventura Ganbare Goemon. Karakuri Douchuu è interpretato da Goemon mentre deve farsi strada attraverso diverse parti del Giappone feudale respingendo banditi e altri malfattori. nnIl gioco è giocato come un picchiaduro a scorrimento laterale, ma con l'ulteriore sfida di dover trovare l'uscita per le fasi labirintiche oltre a battere tutti i cattivi. Goemon combatte usando la sua pipa fumante, ma può potenziare la sua arma con i potenziamenti trovati nel gioco o acquistati in diversi negozi usando i soldi raccolti dai nemici caduti à la River City Ransom. Presenta un gameplay alternato a 2 giocatori hot-seat.
Ganbare Pennant Race! (Japan)	Gara di gagliardetti Ganbare! è un gioco di baseball per NES di Konami. Non è un sequel di Exciting Baseball, l'unico altro gioco di baseball di Konami per il sistema, ma piuttosto un nuovo gioco che presenta cameo di altri giochi Konami e personaggi della sua popolare serie Ganbare Goemon. In particolare, la squadra immaginaria di &quot;Konami Goemontai&quot; è una squadra composta interamente da Goemon. Altre squadre immaginarie includono: Donuts, Gyruss, Caps, Swimmers, Walls, Targets, Lighters, Bubbles, Harps, Flowers, Brains, Olives e Konami Kurokotai.
Ganso Saiyuuki - Super Monkey Daibouken (Japan)	Questo gioco è basato sul romanzo cinese Journey to the West. Lo scopo del gioco è sopravvivere al lungo e faticoso viaggio dalla Cina all'India. I giocatori prendono il controllo di Sun Wukong, il Re Scimmia, mentre guida Xuanzang, un monaco buddista, nella sua ricerca
Garfield no Isshukan (Japan) (En)	A Week of Garfield è un gioco d'azione per NES. Giochi nei panni del famoso gatto pigro Garfield e devi combattere topi, uccelli, ragni e altri animali usando gli attacchi di Garfield, ovvero i calci. Salva la povera Odie dalle grinfie di gatti malvagi lanciando coltelli e altri oggetti pericolosi!
Gargoyle's Quest II (USA)	Il regno dei Ghoul è attaccato da una forza misteriosa e l'aspirante guerriero Firebrand si propone di salvarlo. nnCome nel suo predecessore, il gameplay di Gargoyle's Quest II è diviso in un'avventura e una parte d'azione. Durante le parti dell'avventura, Firebrand esplora una mappa del mondo e diversi villaggi da una prospettiva dall'alto verso il basso, parlando con i suoi compagni ghoul e zombi per far avanzare la storia o ricevere oggetti importanti. Le parti d'azione sono viste da una prospettiva a scorrimento laterale. In queste parti del gioco, Firebrand ha la capacità di saltare, aggrapparsi ai muri, volare per un periodo di tempo limitato e sparare palle di fuoco ai suoi nemici. Man mano che il gioco procede, Firebrand diventa sempre più potente, ricevendo oggetti che migliorano la sua agilità, armatura o potenza d'attacco.
Garry Kitchen's Battletank (USA)	Battle Tank su Nes è uno sparatutto classico in cui controlli un carro armato e distruggi tutti i nemici che ti vengono incontro. Sono disponibili una modalità Missione e una modalità multiplayer. In entrambi i casi, combatterai in un'arena vista dall'alto e prenderai parte a molti massacri nell'ordine.
Gauntlet (USA)	Gauntlet on Nes è un gioco d'azione hack and slash in cui l'obiettivo è uccidere tutti gli aggressori in un labirinto e raggiungere il livello successivo. Per fare ciò, il giocatore può scegliere tra quattro diversi personaggi. Ognuno ha le sue caratteristiche e corrisponde a un particolare stile di combattimento. Gauntlet può essere giocato con due contemporaneamente in cooperativa.
Gauntlet II (USA)	Basato sul gioco arcade, Gauntlet II è molto simile all'originale. Fino a quattro giocatori (un mago, un guerriero, un elfo e una valchiria) si fanno strada attraverso vari labirinti, raccolgono tesori e pozioni magiche e respingono creature e fantasmi assortiti.
Gegege no Kitarou 2 - Youkai Gundan no Chousen (Japan)	Gegege no Kitarou 2: Youkai Gundan no Chousen (Spooky Kitaro 2: Kitaro vs. Yokai Army) è un gioco di ruolo basato su un manga e un anime dal Giappone su un ragazzo che è uno youkai, una classe di mostri spirituali a cui tutti appartengono i personaggi principali. Il personaggio principale, Kitarou, è l'ultimo membro vivente di una tribù fantasma. Gli manca l'occhio sinistro, ma i suoi capelli di solito coprono l'orbita vuota. Combatte per la pace tra gli umani e yÅ kai, che generalmente implica la protezione del primo dalle astuzie del secondo. Sebbene il gioco segua l'uscita di Gegege no Kitarou: Youkai Daimakyou (rilasciato negli Stati Uniti come Ninja Kid), non è un sequel diretto del gioco originale, che è un azione a scorrimento laterale.
Geimos (Japan) (En)	Geimos è uno sparatutto spaziale in stile arcade in cui i giocatori prendono il controllo di un'astronave che vola sulla superficie di diversi pianeti distruggendo le unità nemiche in arrivo. nnIl gioco contiene due diverse modalità di gioco. La &quot;Modalità A&quot; mantiene la prospettiva della telecamera di gioco nella stessa posizione. I giocatori hanno il controllo sull'altitudine della loro astronave mentre volano sullo schermo e possono sparare con due armi diverse. Un'arma è pensata per i nemici a terra mentre l'altra arma è pensata per i nemici aerei. Mentre la maggior parte dei nemici sono torri di cannoni, navi e carri armati che possono essere sconfitti in un colpo solo, alla fine di ogni round i giocatori dovranno affrontare un gigantesco boss nemico che richiederà diversi colpi per essere sconfitto.
Gekitotsu Yonku Battle (Japan) (En)	Gekitotsu Shiku Battle è un videogioco esclusivo per il Giappone del genere dei giochi di combattimento veicolare pubblicato nel 1989 da Irem per Family Computer.
Gemfire (USA)	Koei ha fatto un'incursione nei mondi fantastici della magia con questo gioco. nnSei maghi, ciascuno intrappolato all'interno di una gemma magica, vengono liberati dalla corona Gemfire dalla principessa Robyn, figlia del tirannico sovrano di Ismeria, re Eselred. Fuggendo in lungo e in largo per la nazione insulare, ognuno di loro sceglie un leader delle più grandi case nobiliari come loro campione per rovesciare Eselred e portare la pace in Ismeria. nnI giocatori scelgono uno di questi nobili e cercano di unire tutte le province sotto il loro stendardo attraverso una combinazione di guerra e diplomazia.
Genghis Khan (USA)	In poche parole: conquista tutto ciò che puoi. Hai due opzioni: conquista mongola o conquista mondiale. Nella prima campagna come Temujin (poi conosciuto come Gengis Khan), devi unire tutte le piccole tribù della Mongolia. Puoi usare la forza o la diplomazia. Nella seconda campagna, puoi essere uno dei quattro personaggi. Come nella prima campagna, devi unire tutti i paesi.
Genpei Touma Den - Computer Boardgame (Japan)	Una versione pesantemente modificata del picchiaduro Arcade di Namco Genpei Touma Den, noto in occidente come The Genji and the Heike Clans, Genpei Touma Den: Computer Boardgame è un gioco di ruolo in cui il giocatore controlla il samurai risorto Tairo no Kagekiyo nella sua ricerca di vendetta contro i Genji clan. nnKagekiyo viaggia per il paese alla ricerca dei suoi nemici eterni mentre combatte contro gli youkai e altri mostri. Questi combattimenti sono raffigurati come lotte uno contro uno a turni in cui la salute del giocatore e della creatura è raffigurata come candele. Kagekiyo può rigenerare la salute nei santuari spendendo denaro e può anche aumentare di livello le statistiche ai cancelli torii spendendo &quot;toku&quot;, o virtù. Sia i soldi che i toku si guadagnano sconfiggendo i nemici.
George Foreman's KO Boxing (USA)	Giochi nei panni del campione George Foreman in questo gioco di boxe in cui devi battere i pugili immaginari per vincere la cintura d'oro. KO Boxing di George Foreman offre una vista laterale e partite che possono durare fino a 10 round. Da notare la possibilità di poter eseguire dei &quot;super pugni&quot; per mandare l'avversario alle corde e bloccarlo così infliggendogli seri colpi.
Getsu Fuuma Den (Japan)	Nei primi anni dell'era dei demoni, un orribile demone chiamato &quot;Dragon Master&quot; fu rianimato dai suoi servi all'inferno. Per proteggere la pace dell'oltremondo, i due fratelli maggiori Fuuma hanno combattuto contro il Dragon Master. Entrambi non riuscirono a sconfiggerlo e furono uccisi, perdendo le loro leggendarie Wave Swords, chiamate anche Hadoukens. Per vendicare la loro morte, l'ultimo dei fratelli Fuuma ha promesso di uccidere il Dragon Master e riprendersi gli Hadouken.
Ghost Lion (USA)	Legend of the Ghost Lion è un videogioco di ruolo a turni in stile Dragon Quest. È un adattamento di un film giapponese del 1988, &quot;Piramiddo no Kanata ni Howaito Raion Densetsu&quot;. La leggenda del Leone Bianco racconta che un giorno un Leone attaccò e devastò il villaggio. Il leone fu ferito dalla lancia di un valoroso soldato e scomparve in una grotta. Un giorno, i genitori di una giovane ragazza di nome Maria, decisero di andare a risolvere il mistero del Leone Bianco, lasciandola sola. Non sono mai tornati. Durante la ricerca dei suoi genitori, Maria cade in un fiume e si risveglia in un mondo fantastico.
Ghostbusters (USA)	Basato sul film con lo stesso nome, gli acchiappafantasmi sono quelli da chiamare che &quot;romperanno&quot; qualsiasi infestazione di fantasmi. Lo fa attraverso l'uso di &quot;pacchi di protoni&quot; e trappole ad accelerazione nucleare, per cui i fantasmi possono essere catturati e trasferiti in un impianto di stoccaggio sicuro. Tuttavia, New York City è diventata improvvisamente un luogo molto infestato e il numero di fantasmi è improvvisamente aumentato. Gli Acchiappafantasmi devono ridurre il livello paranormale (PK) nella città, che rappresenta il potere dei fantasmi, prima che il Tempio di Zuul si risvegli e resusciti il malvagio dio Gozer.
Ghostbusters II (USA)	Ghostbusters II è un gioco a scorrimento laterale per giocatore singolo. In genere, il giocatore controlla un acchiappa fantasmi mentre esplora i livelli basati sul film. L'obiettivo del personaggio è quello di raggiungere il museo prima che scada il tempo. Due livelli prevedono di andare in giro nella famosa macchina degli eroi. In un altro livello il giocatore controlla la Statua della Libertà, sparando palle di fuoco. Il personaggio acchiappa fantasmi è armato con scorte illimitate di melma che può essere sparata da un cannone e trappole per fantasmi.
Ghosts'n Goblins (USA)	Ghosts'n Goblins è un platform d'azione a scorrimento laterale distribuito su sei livelli, ognuno dei quali deve essere completato entro tre minuti (o si perde una vita), affrontando le ambientazioni di foreste, villaggi, montagne e caverne con difficoltà crescente. Arthur, il coraggioso cavaliere, deve salvare la sua amata principessa dal Re Demone Astaroth e dalle sue forze, tra cui i vari non morti (fantasmi, zombi), pipistrelli, orchi e goblin. Altre sfide includono piattaforme mobili, scale e rischi di acqua/incendio. Come nella maggior parte dei giochi di questo genere, il giocatore può raccogliere potenziamenti come pugnali e bombe durante il corso del gioco, dando al giocatore una maggiore potenza di fuoco.
Ghoul School (USA)	In Ghoul School il giocatore interpreta Spike O'Hara, uno studente della Cool School High in una piccola città americana. Spike è un ribelle e un emarginato, ma è un bravo ragazzo. Un giorno, mentre prende una scorciatoia attraverso il cimitero di casa, si imbatte in un teschio luminoso. Incuriosito, lo porta al dottor Femur, il suo insegnante di anatomia, il giorno successivo, che sembra essere il giorno prima di Halloween. Il dottor Femur vuole tenerlo per uno studio notturno, e Spike accetta con riluttanza, notando che il cranio sembrava più grande del giorno prima.
Gimmi a Break - Shijou Saikyou no Quiz Ou Ketteisen (Japan)	Gimme a Break - Shijou Saikyou no quiz Il gioco Ou Ketteisen è stato sviluppato da Yonezawa PR21 e pubblicato Yonezawa PR21 nel 1991. Il gioco è basato su uno spettacolo asiatico ed è un quiz in cui devi rispondere alle domande dell'ospite. La particolarità del prodotto è che potrebbero essere collegati sei controller aggiuntivi sotto forma di un pulsante con un campanello, con i quali sei persone potrebbero contemporaneamente competere tra loro per erudizione e reazione.
Gimmi a Break - Shijou Saikyou no Quiz Ou Ketteisen 2 (Japan)	Gimme A Break: Shijou Saikyou no Quiz Ou Ketteisen è un gioco a quiz rilasciato per Famicom (NES) in Giappone e si basa su un vero e proprio game show giapponese andato in onda dal 1989 al 1992. I giocatori possono rispondere a domande trivia contro l'IA o avversari umani , con l'obiettivo finale di sfidare il re dei quiz del gioco.
Ginga Eiyuu Densetsu (Japan)	Ginga Eiyuu Densetsu (di solito tradotto come &quot;La leggenda degli eroi galattici&quot;) è un gioco di strategia a tema fantascientifico in cui il giocatore controlla una flotta di astronavi. È basato sull'omonima serie di romanzi spaziali di lunga data che è stata adattata in vari altri media come manga e anime. Questa prima versione per NES è semplicemente una delle tante incarnazioni di videogiochi di questo franchise, tutte che fanno vergognare lo stesso nome. L'obiettivo del gioco è dirigere i vari comandanti della flotta del personaggio del giocatore dando loro ordini specifici. Alla fine, il giocatore dovrà dirigere enormi battaglie tra la propria flotta e quella dell'impero rivale. Una variante midi NES del pezzo di musica classica Bolero di Ravel viene riprodotta ovunque, conferendo al gioco un'atmosfera opportunamente operistica.
Ginga no Sannin (Japan)	Port ufficiale di &quot;The Earth Fighter Rayiezax&quot; originariamente pubblicato su NEC PC-8801. Nell'anno 2300, la razza umana creò un governo della federazione terrestre e si estese nello spazio per iniziare a colonizzare i pianeti circostanti. Tuttavia, una specie aliena proveniente dai confini dello spazio esterno iniziò ad attaccare le forze umane, mettendo in gioco la sopravvivenza stessa della razza umana. Sebbene fosse solo questione di tempo prima che la Terra cadesse sotto l'enorme potere delle forze nemiche, il comandante dell'esercito terrestre emise un ordine chiamando tutte le unità sparse sui pianeti colonizzati a tornare sulla Terra. Il giocatore interpreta il ruolo di un giovane soldato di stanza con l'unità Rayieza sul pianeta Marte. Il viaggio inizia mentre torna sulla Terra insieme agli altri membri della sua unità.
Goal! (USA)	Obiettivo! è un gioco di calcio per un giocatore contro il computer, due giocatori uno contro l'altro o due giocatori contro il computer. Il gameplay è da un punto di vista angolato dall'alto, con lo schermo che scorre per seguire l'azione. Sono disponibili diverse opzioni di gioco, tra cui la modalità torneo, la modalità coppa del mondo e una competizione di tiro a segno.
Goal! Two (USA)	Obbiettivo! Two è il seguito di Goal!. È un gioco di calcio per uno o due giocatori e ha cambiato la prospettiva dall'alto verso il basso dalla prima partita a un punto di vista dall'alto angolato con uno schermo a scorrimento. Le modalità di gioco includono un torneo &quot;Supercoppa&quot; per giocatore singolo e diverse opzioni di gioco singolo, inclusi due giocatori contro la CPU. nnSono state aggiunte altre otto squadre, portando il roster a 24, ma alcune squadre di club sono state eliminate. Le modalità di gioco includono Exhibition Match e Supercoppa (torneo). La modalità Sparatoria 2 contro 2 del gioco precedente è stata rimossa. Una nuova abilità consente al giocatore di scegliere 11 giocatori da una rosa di 15, con caratteristiche diverse.
Godzilla - Monster of Monsters! (USA)	Nell'anno 2XXX d.C., la Terra è sotto attacco dagli alieni del Pianeta X. Armati di mostri dalla terribile forza distruttiva, gli invasori stabiliscono basi su ogni pianeta del sistema solare. Questi mostri includono i nemici Gezora, Moguera, Baragon, Varan, Hedorah, Gigan, Mecha-Godzilla e King Ghidora. Per combattere la minaccia, la Terra invia due dei suoi mostri, Godzilla e Mothra, per respingere gli invasori del Pianeta X.
Godzilla 2 - War of the Monsters (USA)	In uno stile completamente diverso dal primo gioco per Nintendo Godzilla di Toho, giochi nei panni delle forze militari giapponesi che combattono contro Godzilla. Poiché Godzilla è un mostro così feroce, questo non è un compito facile... infatti, i tuoi attacchi a Godzilla in realtà non gli fanno alcun danno. La strategia diventa invece il punto principale del gioco poiché devi posizionare le forze in punti strategici per instradare Godzilla lontano da edifici importanti e in altre aree in cui il suo movimento sarà meno distruttivo per la città. Il successo effettivo di questi attacchi di routing è imperfetto, se non si sta attenti, l'intera offensiva cadrà a pezzi per un singolo attacco mancato. Attenti Godzilla!
Golf '92, The (Japan)	The Golf '92 è un videogioco per computer per famiglie che coinvolge il golf con famosi professionisti di golf giapponesi. Ci sono tre livelli di difficoltà e il gioco è quasi completamente in giapponese. Ci sono anche tre modalità: classifica (simile ai principali eventi PGA), torneo (utilizzando un formato che si trova nella maggior parte dei playoff sportivi) e stroke play. I giocatori hanno una folla davanti a cui giocare la loro partita di golf. Nei livelli di difficoltà più difficili, i giocatori devono affrontare livelli di vento che si avvicinano a quelli di un uragano mentre il vento è quasi stagnante nel livello di difficoltà più semplice.
Golf (USA, Asia) (En)	Il golf presenta due impegnativi campi da 18 buche in cui i giocatori possono giocare una partita a golf e consente ai giocatori di scegliere una mazza, regolare la posizione e controllare lo swing. Il gioco presenta tre visualizzazioni alternate; una vista dall'alto a lungo raggio dell'intera buca, una vista dall'alto a medio raggio dalla posizione attuale della palla e una vista dall'alto del green a distanza ravvicinata. Le modalità di gioco includono 1 giocatore o 2 giocatori con un cavo di collegamento.
Golf Club - Birdy Rush (Japan)	Golf Club: Birdie Rush è un gioco di golf sviluppato da Data East e rilasciato per Famicom alla fine del 1987. Utilizza una vista a volo d'uccello per tutto il gioco. Dispone di 18 buche e consente ai giocatori di giocare in una partita a colpi o in un torneo e consente ai giocatori di giocare da soli o testa a testa. È stato rilasciato solo in Giappone ed è stato seguito da un sequel per Super Famicom chiamato Super Birdie Rush nel 1992.
Golf Grand Slam (USA)	Questo gioco è stato realizzato con l'intento di aiutare il giocatore a migliorare il proprio gioco di golf. Puoi esercitarti a impostare i putt, gestire la resistenza al vento, scegliere un punto di attacco sulla pallina da golf e altri aspetti tecnici del golf nelle due modalità di allenamento offerte dal gioco. Quando senti di avere abbastanza esperienza puoi partecipare al Golf Grand Slam, un torneo contro altri 29 giocatori professionisti fittizi. Il gioco presenta 4 set di 14 mazze da golf diverse che puoi portare sul campo. Il golf viene eseguito allineando un cursore nel punto in cui si desidera far atterrare la pallina e quindi scegliendo la mazza, la posizione e la presa corrette. L'ultimo passaggio prima di eseguire lo swing è trovare il punto di contatto corretto sulla pallina da golf. Il punto di contatto è rappresentato come un punto che si sparge intorno all'icona di una pallina da golf e devi cercare di fermarlo sulla parte della pallina dove vuoi che la tua mazza entri in contatto con la pallina.
Golfkko Open (Japan)	Questo gioco è abbastanza professionale e riproduce fedelmente il processo di golf originale su Famicom. Ha un sistema di mira molto complesso e dettagliato, è possibile far girare la palla, ecc. Un po' deludente è il fatto che prima di tuffarti direttamente nel gameplay devi &quot;scorrere&quot; tonnellate di testo giapponese non necessario. Penso che se questo testo fosse in inglese, o anche in russo, leggere 20-30 frasi introduttive sarebbe un compito molto noioso.
Golgo 13 - Top Secret Episode (USA)	Giochi nei panni di Golgo 13, il più grande assassino a noleggio del mondo. Una fiala dell'arma biologica più letale conosciuta dall'uomo, nome in codice &quot;Cassandra G.&quot;, è stata rubata e devi recuperarla prima che qualcuno la usi sul mondo ignaro. Questo è un tradizionale gioco a scorrimento laterale che utilizza una visuale in terza persona nei filmati.
Gomoku Narabe Renju (Japan)	In Gomoku Narabe Renju, i giocatori, a turno, tentano di collegare 5 dei loro pezzi in linea retta o diagonale senza essere bloccati dall'avversario. Ogni singola partita vinta dà al giocatore un punto. Il giocatore con il maggior numero di punti dopo un determinato numero di partite vince la partita assoluta. Il gioco offre tre modalità di difficoltà. Alla difficoltà più difficile, il giocatore deve vincere la partita prima che un contatore del tempo conti alla rovescia fino a zero.
Goonies (Japan) (En)	The Goonies è un gioco di azione e avventura rilasciato per NES. Ispirato dal film di Spielberg, controlli una banda di giovani che vogliono salvare la propria casa sfuggendo allo sfratto. La speranza rinasce quando scoprono una mappa del tesoro che porta a una grotta e a una vecchia nave pirata. Ma sono coinvolti anche criminali italiani.
Goonies II, The (USA)	In un film uscito negli anni '80, un gruppo di giovani formò una banda speciale e si chiamò The Goonies. Nintendo ha puntato sulla popolarità del film rilasciando diversi giochi utilizzando i personaggi e la musica, inclusa la sigla di Cyndi Lauper. Questo è il loro secondo gioco su NES, The Goonies uscito solo per il sistema Famicom al di fuori degli Stati Uniti.
Gorby no Pipeline Daisakusen (Japan) (En)	Gorby's Pipeline è una variazione del classico gioco Tetris, con elementi di Pipe Dream / Pipe Mania e il suo gioco bonus.. Mentre nel classico gioco di Tetris dovrai far combaciare i pezzi di forma geometrica che cadono per far scomparire una riga, in Gorby's Pipeline le forme geometriche vengono sostituite con pezzi che contengono diverse forme e forme di condutture. Il gioco inizia con una perdita d'acqua nella parte inferiore destra dello schermo e il tuo obiettivo è mettere insieme i vari pezzi della tubazione in modo tale che l'acqua scorra dall'angolo inferiore destro verso sinistra e scompaia in una delle tubazioni sulla lato sinistro dello schermo. Se ci riesci una riga scomparirà.
Gorilla Man, The (Japan)	&quot;The Gorilla Man&quot; è un gioco da tavolo per NES/Famicom basato sulla famosa serie manga. Il soprannome &quot;Gorilla Man&quot; appartiene a Ikedo Sadaharu, un liceale con somiglianze ad un gorilla. All'interno del gioco sono presenti vari personaggi tratti dal manga, inclusi altri studenti e persino insegnanti. Tuttavia, il giocatore non può impersonare direttamente Gorilla Man, il quale appare piuttosto per aiutare o intralciare il giocatore durante il gioco.
Gotcha! - The Sport! (USA)	Capito! è un titolo per NES Zapper basato sullo &quot;sport&quot; del paintball e vagamente legato all'omonimo film a tema paintball. Devi attraversare tre diverse zone di battaglia, afferrare la bandiera delle squadre avversarie dall'estremità opposta del campo e tornare alla tua bandiera senza essere colpito. Una mano controlla lo Zapper mentre l'altra deve tenere il controller, poiché il D-Pad controlla i tuoi movimenti su e giù per il campo. Anche le munizioni limitate sono un problema, così come la capacità del team di computer di afferrare la tua bandiera e riportarla alla loro base per vincere. Puoi inseguire e taggare tu stesso la compagnia di bandiera per impedirlo. Il gioco contiene tre livelli di difficoltà e tre diverse zone (bosco, città, nevaio) che pedalano fino a perdere tutte le vite. Il numero di nemici e il loro tempo di reazione aumentano ad ogni ciclo. A parte le munizioni aggiuntive, non ci sono potenziamenti, nessun compagno di squadra, solo tu contro il computer per una sfida da battere il tuo punteggio più alto.
Gozonji - Yaji Kita Chin Douchuu (Japan)	Un gioco che, in termini di gameplay, è simile a un'avventura testuale. La schermata di gioco è divisa in due parti. La parte superiore è la parte grafica, dove vedi tutto ciò che sta accadendo intorno a te, e la parte inferiore è la parte dei dialoghi, dove vedi non solo i testi, ma anche i volti delle persone che li parlano. Il gioco è molto difficile da capire, poiché è interamente in giapponese e non è prevista una traduzione in inglese nel prossimo futuro.
Gradius (USA)	La gente di Gradius è nei guai. I batteri ameoboid hanno lanciato un attacco totale contro il pianeta e sta a te volare in battaglia e salvarli. Lungo la strada sarai in grado di potenziare la tua nave con ipervelocità, campi di forza, laser, missili, cannoni a doppio raggio e altro per aiutarti a combattere. Basato sul gioco arcade, Gradius è uno sparatutto a scorrimento laterale. Sparare a determinati nemici lascerà dietro di sé un pod di potenziamento che può essere raccolto per aggiungere più potenza alla tua nave. Ogni livello presenta un'ampia varietà di nemici che cercano di fermarti, con un grande boss alla fine. Il gioco è per uno o due giocatori che si alternano.
Gradius II (Japan) (En)	Gradius II è un sequel di Gradius e Life Force, ed è uno sparatutto spaziale orizzontale composto da 7 livelli. Come il suo predecessore, puoi raccogliere potenziamenti dai nemici e scegliere quali usare quando. Questa volta, questo sistema è migliorato perché puoi scegliere tra 4 diverse sequenze di potenziamento, permettendoti di usare diversi tipi di armi contro i tuoi nemici. C'è anche la possibilità di ottenere opzioni, che sono misteriose sfere di fuoco che seguono da vicino la tua astronave e ne imitano tutti i movimenti (inclusi i colpi). Mentre potresti averne solo 2 in Gradius, ora puoi averne fino a 4.
Grand Master (Japan)	Grand Master è un gioco di ruolo d'azione, caratterizzato da un'introduzione interessante, musica ordinata e, soprattutto: un eroe con una spada così alta che non riesci a superarla, così bassa da non riuscire a superarla e così ampia che puoi' t aggirarlo. Il gioco stesso funziona da una prospettiva dall'alto verso il basso, un po' come The Legend of Zelda, ma con alcuni elementi RPG extra aggiunti. Presenta un sistema di livellamento di base che raggiunge il massimo a 10 e statistiche di base di HP e MP che aumentano di 10 ciascuna salire di livello fino a raggiungere 99. Anche le fasi sono nello stesso stile di The Legend of Zelda per quanto riguarda i dungeon, anche se in una forma molto più semplice. Invece di un overworld, scegli tra cinque fasi su una mappa del mondo e ogni fase segue la stessa formula di base che consiste nel trovare la chiave per aprire la porta al boss.
Great Battle Cyber (Japan)	Great Battle Cyber è un gioco d'azione basato sull'universo di SD Gundam. Il roster giocabile è composto da Kamen Rider Black, Victory Gundam e Ultraman Taro. Le differenze tra ogni personaggio non sono così pronunciate come si potrebbe pensare: Kamen Rider ha effettivamente la portata più lunga nonostante combatte a mani nude. La spada del Victory Gundam attacca in un arco che gli consente di deviare gli attacchi aerei e colpire i nemici volanti da terra. Ultraman?...sai cosa non c'è niente di unico in lui. In una certa misura occupa una via di mezzo tra gli altri, ma questo lascia poche ragioni per usarlo.
Great Deal (Japan) (En)	Great Deal combina un mazzo di carte e Tetris. Devi smaltire un pacchetto da 52 carte (con jolly) in un pozzo 5x5. Alla fine del round, ricevi un bonus se tutte le carte vengono eliminate e perdi punti per ogni carta non eliminata. Ottieni anche un bonus per il tempo di interruzione rimanente. Premendo un pulsante si mischiano tra quattro carte e premendo l'altro si consuma qualsiasi parte del periodo di grazia di due minuti che il gioco ti assegna per livello. Puoi usarlo per assicurarti di lasciare qualcosa nel posto giusto o per avere un'idea di cosa spostare dopo. È un concetto innovativo tra i primi giochi di Tetris, scambia il tempo con i punti e, data la potenziale complessità del gioco, offre una buona dose di sollievo senza dare da mangiare al giocatore. Un ottimo affare ti dà punti per 3 semi di fila, o qualsiasi scala, o 3 semi di fila o su una diagonale. Ottieni grandi punti per 4 o 5.
Great Waldo Search, The (USA)	Questo gioco, basato sulla famosa serie di libri &quot;Dov'è Waldo&quot;, impegna i giocatori nella ricerca di Waldo, nascosto in varie immagini, prima che scada il tempo. Il giocatore controlla una lente d'ingrandimento e deve interagire con diversi oggetti, ognuno con un effetto specifico. Ad esempio, trovare un orologio aggiunge tempo al timer, interagire con un oggetto segnato 150 aggiunge 150 punti e così via. Ogni immagine consiste in sei schermate collegate tra loro. I vari temi includono &quot;The Carpet Flyers&quot;, &quot;The Underground Hunters&quot;, &quot;The Battling Monks&quot;, &quot;The Unfriendly Giants&quot; e &quot;The Land of Waldos&quot;. Il gioco offre anche due diverse difficoltà, con quella più difficile che rimuove i bonus per il timer. In tutti i livelli, il giocatore deve trovare Waldo per completare il livello prima che l'immagine cambi. Il cane di Waldo, Woof, è presente in tutti i livelli tranne in &quot;The Land of Waldos&quot;. Trovarlo consente ai giocatori di accedere a uno stadio bonus breve dove si controlla Woof e si raccolgono punti bonus.
Greg Norman's Golf Power (USA)	Questo set da golf viene fornito con campi da golf pre-progettati in località come Stati Uniti, Giappone, Inghilterra, Scozia, Germania, Spagna, Francia, Australia e Hawaii. Offre inoltre al giocatore l'opportunità di progettare il proprio campo da golf. Il gioco ha condizioni meteorologiche variabili come acquazzoni, vento e sole. Il gioco consente sia partite di hit che matchplay. Consente inoltre tre livelli di difficoltà: principiante, hobbista e professionista. La modalità pratica ti consente di allenarti sul green o in una buca.
Gremlins 2 - The New Batch (USA)	Come Gizmo, devi raggiungere il Centro di controllo Gremlin per eliminarli. Questo è un gioco d'azione isometrico diverso dal titolo Elite. Puoi ottenere oggetti come arco e frecce e partite dopo ogni livello per aiutare. Mr Wing's Shop contiene anche molte chicche, quindi fai attenzione alla sua porta che appare magicamente. I rischi includono ragni, cavi elettrificati, pericoli montati a terra e un boss alla fine di ogni livello.
Guardian Legend, The (USA)	In The Guardian Legend, il giocatore controlla la guardiana della Terra, un &quot;transformer aerobot altamente sofisticato&quot;. La missione del giocatore è quella di infiltrarsi in Naju, un enorme oggetto volante simile ad un pianeta le cui forme di vita aliene minacciano di invadere la Terra. Mentre è all'interno il giocatore deve attivare dei dispositivi (corridoi) collegati al sistema di autodistruzione di Naju per distruggerlo prima che raggiunga la Terra, evitando così l'invasione aliena. Tuttavia cinque tribù ostili di forme di vita aliene rivaleggiano per il controllo dei territori in Naju, il giocatore deve combattere contro di esse per attivare gli interruttori e fuggire. Il prosieguo della storia è assicurato da una serie di messaggi lasciati da uno o più predecessori non identificati che tentarono di attivare senza successo il meccanismo di auto-distruzione prima dell'arrivo del Guardiano. Il primo messaggio, lasciato dall'ultimo sopravvissuto all'attacco di Naju, serve come introduzione; i messaggi successivi danno suggerimenti che aiutano il giocatore ad aprire i corridoi bloccati.
Guerrilla War (USA)	Un'isola tropicale (indicata come Cuba nell'originale giapponese) è oppressa da un dittatore, ma fortunatamente uno o due coraggiosi soldati americani (Ernesto &quot;Che&quot; Guevara nella versione giapponese) sono a disposizione per ristabilire la giustizia. Marcia attraverso fiumi, paludi e foreste per rovesciare il dittatore (indicato come Batista in Giappone) in questa evoluzione dello stile Commando. nnIl gioco scorre verticalmente, mentre sali sullo schermo sparando ai nemici, trovando buoni punti di fuoco strategici e raccogliendo potenziamenti. Mentre i soldati nemici vengono verso di te in gruppo, è necessaria una certa attenzione quando li elimina, usando la tua pistola o le granate. Ci sono anche ostaggi trasportati da alcuni soldati, con punti bonus per non aver sparato a questi ma aver sparato ai loro rapitori. Ogni livello termina con un boss.
Gumshoe (USA, Europe)	Tua figlia, Jennifer, è stata rapita! Devi aiutare il signor Stevenson che è in missione per salvarla. In tutti i livelli ci sono cinque diamanti che devi raccogliere, necessari per completare il livello finale e salvare Jennifer, con molti ostacoli e nemici da intralciare. Durante il gioco il signor Stevenson cammina continuamente a destra e devi usare la pistola leggera per salvarlo da eventuali ostacoli che bloccano il suo percorso. Alcuni ostacoli possono essere distrutti con la pistola leggera, altri il signor Stevenson dovrà saltare (sparare con la pistola leggera lo farà saltare). Hai una quantità limitata di munizioni, ma puoi ottenerne di più facendo scoppiare i palloncini che sono sparsi per i livelli.
Gun Nac (USA)	Un caccia stellare della Federazione Galattica viene inviato per distruggere un'armata aliena (guidata da giganteschi conigli robotici questa volta - un tema insolitamente stravagante in armonia con il Parodius contemporaneo) che minaccia di far crollare il sole del tuo sistema in una supernova. nnGun-Nac è uno sparatutto dall'alto in cui il giocatore controlla il caccia stellare della Federazione. I potenziamenti e le meccaniche di genere sono come ci si potrebbe aspettare da un &quot;shmup&quot;. ora con denaro collezionabile che ti consente di acquistare diverse armi e bombe per completare la tua pistola principale standard nel mercato delle armi inter-livello. Puoi anche acquistare armi direzionali, accessori e fino a quattro tipi di bombe per aumentare le tue possibilità di sopravvivenza, ulteriormente aiutato dal controllo del giocatore sulla velocità con cui la tua nave si muove attraverso i livelli. Solo giocatore singolo.
Gun.Smoke (USA)	Gun.Smoke è un gioco d'azione su Nes. Devi passare attraverso i diversi livelli uccidendo quanti più nemici possibile, l'obiettivo è quello di ottenere il miglior punteggio possibile.
Gunhed - Aratanaru Tatakai (Japan)	Gunhed: The New Battle è un gioco di strategia basato sul manga di Kia Asamiya e sul film live-action omonimo. Il gioco è ambientato su un'isola che è stata conquistata da un supercomputer completamente autonomo chiamato &quot;Kyron&quot;. Attratti dalla prospettiva di una risorsa energetica situata sull'isola, gareggi contro forze avversarie per sconfiggere il computer e assicurarti questa &quot;super-energia&quot;. Essendo stata una zona di guerra in passato, l'isola è disseminata dai relitti di battaglie passate. Puoi esplorare l'isola alla ricerca di parti per potenziare le tue forze e di oggetti utilizzabili che possono darti un vantaggio. Secondo il readme, devi &quot;assemblare circa 30 mech per essere in grado di assaltare il nascondiglio di Kyron&quot; una volta che hai un mech di livello sufficientemente alto.
Gyrodine (Japan) (En)	Gyrodine è uno sparatutto verticale di base basato sull'omonimo gioco arcade di Taito. Piloti un elicottero e devi sparare a quanti più nemici puoi. Combatterai contro elicotteri nemici, bunker, carri armati e jet da combattimento su diversi terreni come acqua, dessert e accampamenti militari. Non c'è una storia di fondo e non ci sono livelli.
Gyromite (World)	In Gyromite, devi aiutare uno scienziato pazzo a disattivare tutta la dinamite nel suo laboratorio prima che scada il tempo! ROB il robot ti assisterà in questo gioco spostando i pilastri rosso e blu che bloccano la strada. Nel caso in cui trovare la strada attraverso il laboratorio non fosse abbastanza, assicurati di fare attenzione ai micidiali Smicks che vagano per cercare di impedire il successo della tua missione. Se trovi un ravanello, raccoglilo e dai da mangiare agli Smicks in modo da poterli superare in sicurezza. C'è anche una seconda variante di gioco in cui devi aprire la strada a uno scienziato pazzo sonnambulo in modo che possa tornare a casa sano e salvo.
Gyruss (USA)	L'intero sistema solare è stato attaccato dai feroci Gyrusiani e tocca a te salvare la situazione! Dovrai far volare la tua astronave su ciascuno dei nove pianeti e quindi eliminare tre livelli di nemici per liberare quel pianeta dai Gyrusiani. Inizi il gioco con un singolo cannone e puoi ottenere un doppio cannone dopo aver sparato a un satellite potenziato. Dopo aver ripulito ogni pianeta, c'è un'altra fase bonus in cui è possibile raccogliere armi aggiuntive e punti bonus. Gyruss è uno sparatutto d'azione arcade, tuttavia invece di pilotare la tua astronave orizzontalmente o verticalmente, ti muovi in cerchio attorno al perimetro dello schermo. La versione NES di Gyruss aggiunge alla versione arcade originale musica aggiuntiva, armi aggiuntive, nuovi nemici e un grande boss alla fine di ogni livello.
Haja no Fuuin (Japan)	Il sigillo dell'Oscuro Signore Terarin è stato rotto e Terarin è stato liberato di nuovo nel mondo. Ha rubato il sigillo d'oro e ha aperto il vaso di Pandora, scatenando creature malvagie nel mondo. Un giovane eroe è incaricato da un re di fermare Terarin. Deve seguire le orme di Iason, un pastore che una volta ha liberato accidentalmente Terarin e ha combattuto per sigillare di nuovo l'Oscuro Signore. L'eroe deve chiedere l'aiuto di tre compagni, Guy il guerriero, Medi l'amazzone e Treo il pirata (chiamato Turo nel manuale) e trovare le tre chiavi della tana di Terarin. Per affrontare il Signore Oscuro, devono trovare le armi e le armature mistiche del passato, quindi sconfiggere Terarin e sigillare il Signore Oscuro dal mondo.
Hammerin' Harry (Europe)	Nella tranquilla cittadina di Carpentersville, alcuni lavoratori conosciuti come The Rusty Nailers decidono di demolire una casa che appartiene a Harry. Harry non è certamente contento di questo, e va su tutte le furie, distruggendo i lavoratori che si mettono sulla sua strada. Nei panni di Harry, puoi distruggere i lavoratori in due modi: puoi distruggerli quando uno di loro si avvicina a loro, oppure puoi battere il terreno e, così facendo, invierai onde d'urto in entrambe le direzioni. nnCi sono quattro ambienti in cui Harry deve superare: cantieri, fogne, nave e la villa dove Harry incontra il leader che ha ordinato la demolizione della sua casa. Alla fine di ogni ambiente, un boss deve essere sconfitto per poter procedere all'ambiente successivo. Tra questi, ci sono fasi bonus in cui devi distruggere un certo numero di nemici prima che scada il tempo.
Hana no Star Kaidou (Japan) (En)	Hana no Star Kaidou (che può essere liberamente tradotto come &quot;Blossoming Star Highway&quot;) è un gioco d'azione per Famicom sviluppato e pubblicato da Victor Musical Industries nel 1987. Si tratta di due musicisti che sognano di ottenere un contratto discografico e diventare grandi stelle. Il giocatore deve controllare sia Moero che Goro sullo schermo contemporaneamente. Corrono, saltano e attaccano contemporaneamente. Ognuno ha il proprio conteggio dei punti vita e il gioco finisce non appena uno di loro perde tutte le vite. A causa dei controlli unitari e delle meccaniche di gioco spietate, questo gioco è considerato abbastanza difficile e generalmente non divertente da giocare.
Hanjuku Hero (Japan)	Hanjuku Hero è un gioco di ruolo strategico in tempo reale. Un re ha usato il potere di un misterioso uovo per unificare un continente. Tuttavia, morì improvvisamente il giorno dopo l'unificazione e i paesi sottoposti al suo governo si ribellarono. L'erede del re, il giovane principe deve
Happily Ever After starring Snow White (USA) (Proto)	Torna la classica fiaba... con tutti i nuovi incantesimi e una nuova svolta!!! L'amato principe di Biancaneve è stato catturato dal malvagio Lord Maliss, il fratello malvagio dell'altrettanto malvagia matrigna di Biancaneve, la regina malvagia. Ad aiutare Biancaneve a salvare il principe ci sono i magici Sette Nani, le cugine dei Sette Nani originali. Guida Biancaneve lungo il suo pericoloso viaggio attraverso il regno sinistro di Lord Maliss per salvare il principe come una volta aveva salvato lei. Girarsi è fair play... e FUN play!!! Basato sul film di successo &quot;Happily Ever After&quot;. nnPrototipo di ROM inedito pubblicato online da Nintendo Player
Harlem Globetrotters (USA)	Questo gioco ti consente di giocare nei panni degli Harlem Globetrotters o dei loro rivali, i Generali, in una partita di basket di esibizione. Il giocatore può scegliere di far durare i quarti da un minuto a dodici minuti. Inoltre, se stai giocando nei panni degli Harlem Globetrotters, sei in grado di eseguire manovre speciali come un passaggio dietro la schiena, slam dunk e uno slam piggy back. In alcuni momenti della partita la squadra degli Harlem Globetrotters può anche interferire con l'arbitro abbassandogli i pantaloni e facendolo inciampare.
Hatris (USA)	In Hatris, i blocchi che cadono di Tetris sono sostituiti da cappelli che cadono che sono cappelli a cilindro, cappelli da cowboy, berretti da baseball, derby, cappelli da festa e corone. L'ambientazione è una fabbrica di cappelli, dove i cappelli vengono fatti cadere da un nastro trasportatore due alla volta e devono essere impilati su una delle sei teste di manichino. Una volta che cinque cappelli dello stesso tipo sono stati impilati uno sopra l'altro, cadono su un altro nastro trasportatore sottostante e vengono spediti fuori dalla fabbrica, premiando il giocatore con un bonus in denaro. (Il gioco tiene traccia del punteggio in denaro, non semplicemente in punti.) Una volta che hai spedito abbastanza cappelli fuori dal negozio, sali di livello al negozio successivo. Più alto è il numero del negozio che raggiungi, più tipi di cappelli iniziano ad apparire, rendendo più difficile per te portare a termine il tuo compito. Il gioco termina quando una delle tue pile di cappelli raggiunge la parte superiore dello schermo.
Hayauchi Super Igo (Japan)	Hayauchi Super Igo (Quick-play Super Go) è una simulazione di gioco da tavolo sviluppata da Home Data per Famicom e pubblicata da Namco in Giappone nel 1989. Si basa sul gioco da tavolo noto come Go. Il gioco ha tre modalità. Honinbo Battle è per i giocatori standard, in cui i giocatori iniziano dal grado più basso e si fanno strada fino al grado di Campione. Il Rank Game è per i giocatori principianti e li vede iniziare nel rango intermedio, spostandosi su e giù in base alle loro prestazioni. La modalità Dojo è una modalità personalizzata che ti consente di personalizzare molti aspetti del gioco, tra cui la dimensione della griglia, il numero di giocatori, chi inizia e se c'è un handicap.
Heavy Barrel (USA)	Heavy Barrel è uno sparatutto con una visuale dall'alto simile a Commando e Ikari Warriors. I terroristi hanno sequestrato il complesso di controllo sotterraneo di un sito di missili nucleari. Spetta al giocatore infiltrarsi nell'installazione ed eliminare il capo dell'esercito terroristico prima che possano lanciare i missili. Per fermare i terroristi avrai bisogno della potente arma Heavy Barrel. Il problema è che l'arma è ancora nell'installazione. Prima che la fortezza cadesse, l'arma fu smontata e rinchiusa in sei diversi armadietti. Per sconfiggere i terroristi devi raccogliere tutte le chiavi e rimontare l'arma. Il gioco supporta la modalità cooperativa per due giocatori.
Heavy Shreddin' (USA)	In questo gioco di snowboard, il giocatore percorre varie corse completando eventi su montagne in discesa. Ci sono cinque eventi in tutto: Downhill, Slalom, Half-pipe, Moguls e Backwoods. In Downhill l'obiettivo è di scendere il più velocemente possibile. In Slalom devi guidare la tavola tra i cancelli. Nell'halfpipe, devi eseguire acrobazie su un half pipe. In Moguls, devi saltare sia i piccoli che i grandi gobbe. In Backwoods, ti verranno dati diversi ostacoli da affrontare e dovrai trovare un modo per aggirarli. nnGuadagni punti anche eseguendo varie acrobazie lungo il percorso. Le acrobazie che puoi eseguire sono una presa per le dita dei piedi, un impianto a mano, un 360 a mezz'aria e un calcio di mulo. nnCi sono tre diverse vette, ognuna con un paio di piste diverse. Le catene montuose sono costituite da Poser Peak, Scary Summit e Mt. Mortified.
Heisei Tensai Bakabon (Japan)	Heisei Tensai Bakabon è un gioco d'azione, sviluppato e pubblicato da Namco, uscito in Giappone nel 1991. nnIl Genius Bakabon è basato sull'anime e manga ?Heisei Tensai Bakabon?. Il gioco è un gioco platform vagamente della classica varietà Prince of Persia. Ti muovi con cautela per evitare pericoli, facendo attenzione a non fare enormi cadute. Ogni mondo del gioco è composto da quattro livelli, più un round di boss in stile minigioco
Hello Kitty no Ohanabatake (Japan)	Nel corso di questo videogioco, Hello Kitty deve innaffiare tutti i fiori in ogni fase evitando i numerosi animali e insetti. Il nastro di Kitty rimane sempre sul lato sinistro dell'orecchio; anche se il giocatore cambia l'orientamento del personaggio. Può difendersi con l'uso di un grande martello. Incontrare i nemici la farà piangere, il che fa arrabbiare Kitty e perde una vita. I punti nel gioco vengono raccolti come denaro per il registratore di cassa. Lasciare scadere il limite di tempo farà anche perdere una vita al giocatore. Tuttavia, ci sono infinite continue e perdere il punteggio di gioco è l'unica penalità per i &quot;game over&quot;. Ci sono 18 fasi nel gioco e il gioco non si ripete dopo la 18a fase. Sebbene la seconda metà del gioco sia più difficile dei primi nove livelli, possono essere completati una volta che il giocatore si è abituato ai controlli di gioco.
Hello Kitty World (Japan)	La piccola gattina Kitty, la sua amica gattina Mimi e il loro amico orso Tippy adorano giocare con i palloncini. Un giorno, Tippy ha gonfiato un sacco di palloncini quando improvvisamente soffia un forte vento. Tippy è spazzato via! L'unico modo per Kitty e Mimi di ritrovare la loro amica è raccogliere dei palloncini e volare in suo soccorso. nnHello Kitty World è abbastanza simile a Balloon Kid, un'avventura platform a scorrimento laterale forzato in cui controlli un personaggio che fluttua con un palloncino in mano.
Heracles no Eikou - Toujin Makyou Den (Japan)	In questo gioco interpreti il ruolo di Eracle (o Ercole, nella pronuncia latina), il famoso leggendario eroe greco. Partendo da Atene e vagando per tutta l'antica Grecia (e persino la mitica terra dei morti), dovrai combattere molti mostri, inclusi personaggi famosi della mitologia greca come Talos o Ade, e dimostrarti degno della fama di un eroe. nnIl gioco è molto simile alla serie Dragon Warrior: combatti nemici casuali in battaglie a turni viste dalla prospettiva in prima persona, raccogli esperienza e denaro e nelle città parli con le persone e acquisti armi, armature e oggetti. Non c'è una mappa del mondo nel gioco, ma una posizione continua completa di città e aree simili a dungeon.
Heracles no Eikou II - Titan no Metsubou (Japan)	In questa seconda puntata della serie di giochi di ruolo &quot;Mitologia greca&quot;, l'eroe principale non è il leggendario eroe Herakles (Hercules), ma un giovane ragazzo di una città di Nana, dove vive con sua nonna. La regina ti dice che le persone vengono torturate dai Titani, un'antica razza simile a un dio controllata dal Signore delle tenebre. Devi aiutare a liberare le persone dall'ira dei Titani. Il tuo primo incarico è andare ad Atene e trovare il famoso poeta Omero che può raccontarti il modo per sconfiggere i Titani. Durante il tuo viaggio incontrerai molti personaggi della mitologia greca, tra cui Dedalo, Cerbero ed Efesto, e reclutare creature interessanti per combattere al tuo fianco, come il centauro mezzo cavallo o la Donna senz'anima. Incontrerai anche persone reali della storia greca, come il poeta Omero o il dottore Ippocrate.
HeroQuest (USA) (Proto)	HeroQuest, il gioco di ruolo più venduto, è stato ora sviluppato in un avvincente gioco di avventura fantasy per il tuo Nintendo Entertainment System. Accetta la sfida per diventare un eroe ed entra nel regno sotterraneo del malvagio mago Morcar. Ma attenzione, i tunnel non illuminati nascondono molti pericoli: mostri terribili, trappole mortali e stanze misteriose. Il prototipo è trapelato nel 2009.
Hi no Tori - Houou Hen - Gaou no Bouken (Japan)	Basato sul manga &quot;Phoenix&quot; di Osamu Tezuka, questo platform è principalmente basato sul quinto volume, &quot;Hō-ō&quot; (in seguito chiamato &quot;Karma&quot; quando raggiunse il Nord America nel maggio 2004). Qui interpreti il bandito Gaou, che da bambino ha perso un braccio e un occhio e come tale è stato disprezzato dai suoi coetanei. Da allora ha fatto ricorso a varie tattiche, non ultimo l'omicidio, per sopravvivere. Tuttavia, un giorno ha combattuto un monaco che lo ha incoraggiato a cambiare i suoi modi e seguire il suo talento naturale introvabile per scolpire, che viene così messo a frutto in una varietà di sculture uniche nella loro cruda emozione. E poi, incontra un collega scultore, Akanemaru, che una volta è stato attaccato da lui, e i due si scontrano con una fenice, che, si dice, concederà a chi ne beve il sangue la vita eterna - e il resto è storia .
Higemaru - Makai-jima - Nanatsu no Shima Daibouken (Japan)	Makai Island è un gioco di azione e avventura sviluppato per i computer domestici Famicom e MSX e pubblicato da Capcom nel 1987. È un sequel del gioco arcade del 1984 Pirate Ship Higemaru sviluppato da Capcom. Né il gioco arcade né questo adattamento di avventura sono stati rilasciati al di fuori del Giappone, sebbene esista un prototipo per una versione cancellata per NES nordamericano.
High Speed (USA)	High Speed è una conversione dell'omonimo gioco di flipper Williams Electronics. Il gioco ricrea il flipper e il gameplay della versione arcade e aggiunge anche alcune funzionalità dei videogiochi, come bombe fulminee, attacchi nemici, elicotteri magnetici e palline di ruggine che dissolvono la tua pinna. La parte inferiore dello schermo rimane sul set inferiore di pinne, mentre la metà superiore scorre l'intero flipper per seguire l'azione. Il gioco è da uno a quattro giocatori in alternanza.
Hikari no Senshi Foton - The Ultimate Game on Planet Earth (Japan)	Nel videogioco, interpreti un soldato che deve navigare attraverso diversi piani di un dungeon che contiene oggetti e trappole. Il giocatore deve capire come manovrare attraverso il dungeon nel tentativo di raccogliere vari oggetti che amplieranno la sua capacità di ricerca e trovare vari dischi che contengono suggerimenti e messaggi per aiutare ulteriormente il giocatore. Il gioco è giocato da una prospettiva in terza persona dietro le spalle e contiene immagini pseudo-3D.
Hirake! Ponkikki (Japan)	Hirake Ponkikki presenta una varietà di giochi fastidiosi, che se pensati a fondo avrebbero potuto essere divertenti come Mario Party. Sviluppato da Minato Giken e pubblicato da Takara, è stato rilasciato in Giappone nel 1992.
Hiryuu no Ken II - Dragon no Tsubasa (Japan)	I Tusk Soldiers minacciano di nuovo la pace e la stabilità e il mondo ha bisogno del potere della pergamena del drago volante e di Ryuhi per sconfiggerli.
Hiryuu no Ken III - 5 Nin no Dragon (Japan)	Questo gioco della serie si concentra su cinque guerrieri che si mettono alla ricerca per sconfiggere una forza del male. Il sistema di combattimento nei giochi Hiryu no Ken è unico poiché prevede di colpire/difendere bersagli sul tuo nemico o te stesso, e questo è l'unico modo per portare a termine molte delle battaglie.
Hiryuu no Ken Special - Fighting Wars (Japan)	Hiryu no Ken Special: Fighting Wars è un gioco di combattimento misto per Famicom. Si concentra su combattimenti in stile torneo, con personaggi provenienti da un'ampia varietà di background di combattimento tecnico. Questo ti dà la possibilità di andare con uno stile di combattimento che preferisci o che trovi interessante. La superstar del wrestling giapponese Jushin Thunder Liger appare come personaggio ospite.
Hissatsu Doujou Yaburi (Japan)	Hissatsu Doujou Yaburi è un gioco di ruolo è un picchiaduro che ti lancia nei panni di un artista marziale alle prime armi che parte per viaggiare nell'antica campagna cinese per affinare le sue abilità e guadagnare fama e fortuna. Partendo dal tuo villaggio, devi esplorare l'ambiente circostante camminando e saltando attraverso la terra in modo semplice a scorrimento laterale, cioè fino a quando non incontri un nemico (compagni di arti marziali, banditi, ghoul, ecc.) ed entra in modalità combattimento, che consente puoi sferrare attacchi in base al tuo livello di abilità per cercare di sconfiggere il tuo avversario (sempre usando il motore a scorrimento laterale 2D).
Hissatsu Shigoto Nin (Japan)	Hissatsu Shigotonin si traduce approssimativamente in Deadly Work People. Ho trovato questo nome piuttosto strano, ma una volta che ho iniziato a capire di cosa trattava questo gioco, ha avuto senso. È stato rilasciato il 15 dicembre 1990 esclusivamente in Giappone per Famicom. Si scopre che Hissatsu Shigotonin è in realtà prevenuto dalla popolare serie TV drammatica storica giapponese con lo stesso nome. La storia di entrambi si concentra su un gruppo di normali &quot;lavoratori&quot; che vivono una doppia vita come assassini. È una storia alternativa del Giappone feudale (1603-1863) con personaggi di fantasia con elementi di un mondo parallelo. Devi scoprire un mistero attraverso il gioco, che arriva attraverso la storia in episodi come lo show televisivo. Il giocatore controlla Nakamura Mondo, un personaggio immaginario che è anche la star dello show televisivo.
Hit the Ice (USA) (Proto 2)	Questo gioco di hockey radicale mette te e la tua squadra contro alcuni dei pattinatori più duri che abbiano mai fatto un buco nel ghiaccio! La vittoria va alla squadra che calcia, prende a pugni e manda in tilt il suo avversario. Si applicano le regole standard dell'hockey, oltre ad alcune sorprese per agitare le cose. Quindi allacciati i pattini e allaccia la maschera: l'hockey sta per scatenarsi!
Hogan's Alley (World)	Questo gioco prevede l'uso del Nintendo Light Zapper e, in verità, non ha una trama. Sei alla stazione di polizia a fare pratica con il bersaglio, o con tre bersagli alla volta con almeno una persona innocente, o in un vicolo con bersagli buoni e cattivi nelle finestre e camminando sul marciapiede. Poi c'è Trick Shot, dove spari alle lattine, cercando di farle atterrare in una fessura per i punti, o almeno non lasciarle cadere a terra.
Hokkaidou Rensa Satsujin - Okhotsk ni Kiyu (Japan)	Ancora una volta, vestirete i panni di un detective della polizia di Tokyo incaricato di risolvere un mistero di omicidio. Questa volta, l'indagine iniziale su un cadavere trovato a galleggiare nella baia di Tokyo vi porta rapidamente a seguire la scia di indizi fino a Hokkaido. Lì, con l'aiuto dell'agente di polizia locale Shunsuke &quot;Shun&quot; Saruwatari, visiterete molte attrazioni turistiche popolari e reali, cercando di scoprire la verità dietro una serie crescente di omicidi. Pur mantenendo lo stesso formato di avventura in prima persona, questo gioco abbandona l'interfaccia orientata al text-parser utilizzata nelle versioni precedenti del titolo e introduce invece il sistema di menu che diventerà tipico dei giochi di avventura giapponesi. Il giocatore sceglie tra una serie di semplici comandi per trovare nuove prove e far progredire la trama.
Hokuto no Ken (Japan)	Questo è un Beat-'Em-Up a scorrimento laterale basato sull'omonima serie animata. Controlli Kenshirou, il personaggio principale della serie, che cerca di salvare la tua ragazza Julia. Avanzando da destra a sinistra, noterai varie porte in cui puoi entrare. Ad alcune di quelle porte vedrai l'immagine di Julia che ti indicherà la strada giusta. Oltre ad entrare nelle porte, sarai impegnato a prendere a pugni e calci nemici simili a punk che ti attaccano da vicino o con proiettili. Il gioco presenta animazioni cruente per la morte dei tuoi nemici: le loro teste vengono strappate via dai corpi ed esplodono.
Hokuto no Ken 3 - Shin Seiki Souzou Seiken Retsuden (Japan)	Questo gioco di ruolo è basato sulla serie animata Hokuto no Ken, alias Fist of the North Star. Nel 1999, un attacco demoniaco ha causato la devastazione della popolazione umana. Per ricostruire il mondo in rovina e sopravvivere in una lotta contro i signori dei demoni e i loro tirapiedi, l'umanità ha bisogno del potere della Stella del Nord. Prendi il controllo di Kenshirou, l'eroe della serie, e dei suoi amici, in una missione per salvare l'umanità e sconfiggere il male. nnVagando per la landa desolata, visitando città e dungeon pericolosi, Kenshirou e i suoi amici incontreranno vari nemici che dovranno sconfiggere in battaglie a turni. La schermata della battaglia mostra entrambe le parti come immagini in stile anime. Nelle battaglie con i boss Kenshirou dovrà sconfiggere i suoi nemici uno contro uno.
Hokuto no Ken 4 - Shichisei Haken Den - Hokuto Shinken no Kanata e (Japan)	Si tratta di un gioco di ruolo ambientato nell'universo della serie animata Hokuto no Ken, conosciuta al di fuori del Giappone come Fist of the North Star. Tu, giovane eroe senza nome, torni al tuo villaggio natale dopo una lunga assenza, solo per scoprire che è infestato da un male misterioso e tutti hanno bisogno del tuo aiuto. Decide di indagare sulla questione e si imbarca in un viaggio pericoloso, unendosi ad alcuni personaggi della serie Animé. Il gameplay è abbastanza simile a Dragon Quest: si interagisce con le cose e le persone selezionando i comandi da un menu, vagando per la mappa del mondo e combattendo nemici casuali da una prospettiva in prima persona. I nemici e i membri della vostra squadra vengono mostrati come immagini animate durante i combattimenti.
Hollywood Squares (USA)	Questa è una conversione GameTek della versione degli anni '80 del game show Hollywood Squares. Due concorrenti giocano una versione del tris, con &quot;celebrità&quot; che riempiono le piazze. Alla celebrità selezionata viene posta una domanda, la risposta e il concorrente deve essere d'accordo o in disaccordo con la risposta. Un'ipotesi corretta cattura quel quadrato. Dopo tre partite, il concorrente vincitore sceglie una chiave e un'auto da due pool separati, sperando di abbinare i due e vincere l'auto.
Holy Diver (Japan) (En)	Randy, l'Holy Diver, si propone di recuperare i cinque sigilli dell'emblema appartenenti alla famiglia King Crimson per espellere il male più grande, il Black Slayer, in un'altra dimensione. nnHoly Diver è un gioco d'azione molto simile a Castlevania. Il giocatore controlla il Diver mentre usa poteri magici come sparare palline di energia e congelare il tempo per attraversare gli otto livelli del gioco. I nemici in tutti i livelli si rigenerano e ci sono oggetti distruttibili sul tuo cammino. Alla fine di ogni livello è necessario sconfiggere un boss più duro. Una volta sconfitto, un incantesimo di potenziamento diventa disponibile per il giocatore.
Home Alone (USA)	Basato sull'omonimo film, Kevin McAllister è stato lasciato a casa da solo per Natale mentre la sua famiglia è in vacanza. Non sarebbe così male se non per due ladri, Harry e Marv, alias i Wet Bandits, hanno deciso di svaligiare la sua casa. Tuttavia, Kevin è troppo intelligente per fare la vittima e userà gli oggetti che ha a disposizione per creare trappole per i ladri. nnHome Alone è uno scroller laterale. Controllando Kevin, il giocatore deve girovagare per la casa di Kevin raccogliendo icone che rappresentano diversi tipi di trappole. Quindi lascia cadere queste icone a terra, sul percorso di uno dei ladri, stordendoli e guadagnando un punteggio. Una volta stordito, Kevin può oltrepassarli e continuare a raccogliere le icone delle trappole.
Home Alone 2 - Lost in New York (USA)	Home Alone 2: Lost in New York per NES è un gioco platform tratto dal film &quot;Mom, I Missed the Plane Again!&quot;. Ai comandi del piccolo ma comunque astuto Kevin McAllister, il tuo obiettivo è scappare dai maggiordomi dell'hotel in cui il ragazzo si diverte illegalmente. Anche i due complici e banditi Harry e Marv sono in gioco per vendicarsi del bambino. Il gioco è a scorrimento laterale e dovrai saltare gli ostacoli per avanzare nell'hotel.
Honoo no Toukyuuji - Dodge Danpei (Japan)	Danpei Ichigeki è un ragazzo che ama il dodgeball. Il padre di Danpei era un famoso giocatore di dodgeball quando era ancora vivo e si unisce al Dodgeball Club nella sua scuola elementare. Tuttavia, questi ragazzi sono molto seri riguardo al loro dodgeball e la strada da percorrere non sarà facile per Danpei. nnDodge Danpei è un gioco di dodgeball a squadre, uno dei tanti basati sull'anime e sul manga creato da Tetsuhiro Koshita, che gioca in modo sorprendentemente simile al famoso Super Dodge Ball.
Honoo no Toukyuuji - Dodge Danpei 2 (Japan)	Dodge Danpei 2 è un gioco di sport per console Nintendo NES. Seconda parte della serie, gli sviluppatori hanno aggiunto alcuni miglioramenti rispetto al suo predecessore. Il primo gioco giocabile solo con un sistema di carte viene mantenuto, ma vediamo apparire una modalità di gioco contro un amico o il vero computer dodge ball (palla al prigioniero).
Honshougi - Naitou 9 Dan Shougi Hiden (Japan)	Questo gioco consente ai giocatori di giocare al gioco da tavolo giapponese Shogi. Shogi è un gioco che si gioca in modo simile agli scacchi. I giocatori, a turno, spostano i loro pezzi in modo strategico con l'obiettivo principale di catturare i pezzi dei loro avversari.
Hook (USA)	In questo adattamento per videogiochi del film Hook di Steven Spielberg, il giocatore interpreta il ruolo di un Peter Pan adulto, i cui bambini sono stati rapiti da Capitan Uncino. Campanellino riporta Peter nell'Isola che non c'è dove deve diventare di nuovo Pan e reclamare i suoi figli. nnQuesta particolare interpretazione è un gioco d'azione a scorrimento laterale, in cui i giocatori devono farsi strada oltre gli abitanti di Hook attraverso 11 livelli. Questi includono foreste, regioni ghiacciate e città che Peter dovrà saltare, arrampicarsi e nuotare.
Hoops (USA)	Hoops è un gioco di basket d'azione per uno o due giocatori. Il gioco è di centrocampo e può essere uno contro uno o due contro due. Puoi bloccare i tiri, passare, rubare o schiacciare. Ci sono due diversi corsi tra cui scegliere e una varietà di giocatori diversi tra cui scegliere.
Hoppin' Mad (USA) (Proto)	Hoppin' Mad è un gioco d'azione pubblicato nel 1988 da Elite Systems per Amstrad CPC, Commodore 64 e ZX Spectrum. Il gioco si svolge su 12 livelli. In ogni livello, il giocatore deve guidare un gruppo di palline che rimbalzano dal bordo destro del livello al bordo sinistro. Le palline rimbalzano costantemente e il giocatore può solo modificare la velocità di spostamento (spostando il joystick a sinistra oa destra) o farle rimbalzare più in alto (premendo il pulsante di fuoco). Nei livelli compaiono diversi pericoli, tra cui rocce taglienti, acchiappamosche di Venere, ricci e uccelli in volo. Le palline possono anche raccogliere palloncini per punti bonus. Il gioco inizia con quattro palline e ogni volta che le palline si scontrano con un oggetto pericoloso, una palla esplode. Se tutte e quattro le palline vengono esplose, il giocatore perde una vita. Elite Systems ha sviluppato questa versione per NES che non è mai stata rilasciata.
Hoshi o Miru Hito (Japan)	In un lontano futuro, l'apocalisse è arrivata e finita. Ora le persone lasciano pacificamente le città rurali sfruttando al meglio la tecnologia avanzata che sopravvive e cercando di riconquistare il mondo giorno dopo giorno. Ark City, il gioiello della corona dei progressi tecnologici, è riuscita a rimettere in funzione un super computer in grado di assumere il controllo di ogni aspetto della civiltà, dal clima al controllo mentale. Questo non è di buon auspicio per le persone del mondo, quindi tu, come guerriero dotato di ESP, prendi la responsabilità di viaggiare ad Ark City e sbarazzarti di questa minaccia.
Hototogisu (Japan)	Hototogisu è un gioco di simulazione di guerra sviluppato da Tamtex per Famicom e pubblicato da Irem nel 1988. Il gioco è ambientato nell'era degli Stati Combattenti del Giappone feudale, noto anche come periodo Sengoku, lo stesso periodo storico in cui molte altre simulazioni di guerra giapponesi vengono sviluppati giochi, come Nobunaga's Ambition di Koei. Il gioco prende il nome da un uccello originario del Giappone, il cuculo minore. L'obiettivo è bilanciare i propri doveri di daimyo (signore feudale) con l'espansione e l'aumento dei territori attraverso la guerra e la diplomazia. Hototogisu sarebbe stato seguito molti anni dopo, nel 2008, con Sengoku Efuda Yuugi: Hototogisu Ran per PSP, che utilizza la struttura di base del suo antenato Famicom, ma introduce anche un elemento di gioco di carte collezionabili nella strategia.
Hottarman no Chitei Tanken (Japan)	I giocatori possono scavare lo sporco sotto la superficie, trovare le chiavi dietro quattro porte e poi trovare la porta per il livello successivo. Il gioco più ovvio con cui confrontarlo è Dig Dug, ma senza i massi e con vari dispositivi come porte di teletrasporto, velocità, dinamite e una muta. Ci sono 15 livelli nell'intero gioco; che si ripetono al termine del 15° livello. La lava può fuoriuscire in direzione verticale verso il giocatore e ucciderlo; non si ripristina automaticamente anche dopo che i giocatori hanno perso una vita (ma si ripristina dopo la fine del gioco) Le password vengono attivate premendo una determinata combinazione di pulsanti nella schermata della password. Diverse password si traducono in codici cheat che fanno determinate cose; come disattivare la lava in tutti i livelli del gioco.
Hudson Hawk (USA)	Hudson Hawk, un ladro di gatti, ha una missione: rubare tre delle opere d'arte di Da Vinci, tra cui un cavallo a dondolo noto come &quot;Lo Sforza&quot;, il suo album da disegno che ha chiamato &quot;Il Codice&quot;, e un cristallo prezioso. La missione lo porterà attraverso un palazzo, castelli, tetti, metropolitane e il Vaticano. Naturalmente, ottenere tutti questi elementi non sarà così facile come sembra. Non solo Hawk deve affrontare guardie di sicurezza, cani da guardia e altri, ma deve anche evitare di far scattare allarmi. Per aiutarlo, Hawk può prendere a pugni i nemici o lanciargli una palla.
Hunt for Red October, The (USA)	Basato sull'omonimo film, l'Unione Sovietica ha costruito in segreto un sottomarino di classe Typhoon con capacità di attacco nucleare. Questa macchina da guerra è stata chiamata Ottobre Rosso. Durante la sua corsa di prova, il capitano Marko Ramius ha dirottato il sottomarino insieme al suo equipaggio. Hanno in programma di disertare negli Stati Uniti. Naturalmente, un'arma del genere non deve cadere nei piani americani, e così vengono emessi ordini tra le forze sovietiche di distruggere l'Ottobre Rosso. nnControlli l'Ottobre Rosso durante la sua corsa verso la libertà. Il gioco si svolge come uno scorrimento laterale subacqueo. Il sottomarino Red October può muoversi in una qualsiasi delle quattro direzioni. Il pulsante A spara siluri orizzontalmente verso destra e il pulsante B lancia missili verticalmente, verso l'alto. Inoltre, la trasmissione Caterpillar (invisibilità) può essere attivata per brevi periodi di tempo. Il giocatore può anche attivare un'esplosione ECM che distruggerà tutte le armi offensive vicine.
Hyakkiyagyou (Japan)	Hyakki Yagyou prende il nome dalla parata notturna dei 100 demoni del folklore giapponese, quando vari youkai e altri demoni giapponesi escono dalla loro clandestinità per una sola notte per spaventare le persone. Il gioco è per il resto un gioco di ruolo a 8 bit abbastanza tradizionale, sebbene presenti aspetti non comuni come la possibilità di vedere i nemici mentre si cammina (al contrario dei soliti incontri casuali) e un protagonista adulto proporzionato regolarmente. Inoltre, non esiste una mappa del mondo esterno: sia le città che le terre selvagge infestate dai mostri sono direttamente collegate.
Hyaku no Sekai no Monogatari - The Tales on a Watery Wilderness (Japan)	Questo titolo Famicom di ASK combina la meccanica di un gioco da tavolo da tavolo con lo stile di battaglia e la progressione del personaggio di un gioco di ruolo per creare un ibrido interessante. Da uno a due giocatori possono intraprendere una fantastica avventura per esplorare il regno di Yukiria e completare le missioni per i suoi abitanti, con possibili finali multipli!
Hydlide (USA)	Un demone malvagio di nome Varalys lancia una maledizione sulla principessa Ann, trasformandola in tre fate. Controlli Sir Jim e parti alla ricerca delle fate, quindi uccidi Varalys. Solo sconfiggendo Varalys la maledizione può essere revocata. Una volta che la principessa sarà restaurata, il regno sarà salvato. nnIl combattimento è un po' più approfondito dell'hack and slash. Puoi combattere con una posizione difensiva o offensiva, oppure puoi usare incantesimi.
Hydlide 3 - Yami kara no Houmonsha (Japan)	Dopo che il malvagio signore dei draghi Varalys ha cercato di incantare la principessa Ann, si pensava che fosse stato sconfitto da un coraggioso guerriero. Ma il male non può mai essere sconfitto una volta per tutte: ancora una volta, una maledizione è caduta sulla terra e tu, ragazzo senza nome, sei l'unico che può salvarla. Equipaggiato con la tua spada magica, devi vagare per la terra di Hydlide e sconfiggere ancora una volta il male.
Hyokkori Hyoutan-jima - Nazo no Kaizokusen (Japan)	Hyokkori Hyoutan-jima - Nazo No Kaizokusen che accompagna il gioco non dovrebbe essere spaventoso; in effetti, qui è tutto estremamente chiaro. I livelli del gioco sono una specie di labirinti e per superarli è necessario connettersi con un po' di intelligenza. Da qualche parte sposta il cannone nel posto giusto, da qualche parte per sparare alla leva, da qualche parte per trovare il teletrasporto desiderato, ecc. Per completare il livello, di solito devi trovare e aprire una cassa dei pirati.
Hyper Sports (Japan) (En)	Sei eventi impegnativi ti aspettano in questo gioco d'azione con joystick. La sequenza completa degli eventi è: nuoto, tiro al piattello, ginnastica, tiro con l'arco, salto triplo e sollevamento pesi. Devi completare ogni evento per poter procedere al successivo.
I Love Softball (Japan)	Le partite terminano dopo sette inning a meno che le due squadre non abbiano un punteggio identico (partita di parità). L'obiettivo è vincere il campionato usando giocatrici di softball. I giocatori devono scegliere tra le sei principali scuole superiori di tutte le regioni del Giappone. L'intelligenza artificiale del gioco è forte, e anche le squadre più forti controllate dall'uomo perdono spesso contro il computer. È possibile lanciare un lancio subdolo in questo gioco fino a 120 chilometri all'ora (75 mph).
Ice Climber (USA, Europe, Asia) (En)	In Ice Climber uno o due giocatori devono tentare di scalare fino in cima 32 differenti montagne. Ogni montagna è divisa in 8 livelli di piattaforme insieme ad un livello bonus in cima. Per tentare di fermare il giocatore nel fare progressi verso la vima ci sono differenti creature che vanno dagli orsi polari ai condor, ma anche dei paesaggi che nascondono varie insidie, con ghiaccioli che cadono, piattaforme in movimento e pavimenti ghiacciati. L'unico aiuto è l'unica arma fornita al giocatore, un martello, che può essere utilizzato per schiacciare via i nemici e per distruggere i mattoncini sulle piattaforme in modo da avere più spazio per saltare al livello successivo. Una volta raggiunta la cima è il momento di passare al più complicato livello successivo.
Ice Hockey (USA)	Ice Hockey è un gioco d'azione per uno o due giocatori. Inizia selezionando una squadra e personalizzando i tuoi giocatori. Ogni membro della squadra può essere uno di tre tipi di giocatore: piccolo e magro (molto veloce, ma non bravo a controllare o tirare), molto grande (lento, ma con un forte controllo del corpo e una forza di tiro eccezionale) o medio (velocità media, con controllo medio e forza di tiro). Dopo che le squadre sono state preparate, è il momento di giocare a hockey su ghiaccio! Il gameplay presenta una schermata a scorrimento per seguire l'azione e ti consente di scegliere quale dei giocatori desideri controllare quando sei in difesa (in attacco controlli sempre il giocatore con il disco). Possono scoppiare risse tra i giocatori e il perdente può finire in area di rigore. Ci sono cinque diverse impostazioni di velocità per il gioco e i periodi possono essere lunghi 7, 10 o 15 minuti.
Ide Yousuke Meijin no Jissen Mahjong (Japan)	Ide Yosuke Meijin no Jissen Mahjong è un gioco di mahjong sviluppato e pubblicato da Capcom. Il gioco viene fornito con un controller unico che è stato esplicitamente progettato per i giochi Mahjong e ricorda una tastiera. Il gioco è ingiocabile senza di essa. Ide Yosuke Meijin no Jissen Mahjong non gioca il tradizionale gioco del mahjong, ma piuttosto una variazione del gioco nota come &quot;Reach Mahjong&quot; o &quot;Attack Mahjong&quot;.
Ide Yousuke Meijin no Jissen Mahjong II (Japan)	È il sequel del terzo di un trio di giochi Mahjong di terze parti sviluppati per Nintendo Famicom entro due mesi nel 1987, inclusi Mahjong Kazoku di Irem e Family Mahjong di Namco. È il più singolare per due motivi. Il primo è che viene fornito con un controller unico progettato esplicitamente per i giochi Mahjong. Il secondo è che non riproduce il tradizionale gioco del mahjong, ma piuttosto una variazione del gioco noto come &quot;Reach Mahjong&quot; o &quot;Attack Mahjong&quot;.
Idol Hakkenden (Japan)	Videogioco di avventura testuale esclusivo per il Giappone sviluppato da Natsume e pubblicato da Towa Chiki nel 1989 per Family Computer. nnErika, aspirante musicista e idolo pop, deve sventare un complotto che potrebbe rovinare la sua carriera musicale. Come gioco di avventura giapponese, i giocatori devono selezionare i menu di dialogo per determinare il suo futuro. Gli amici (e talvolta rivali) di Erika le danno consigli su cosa fare dopo. nnCi sono sei canzoni nel gioco; tutti appartenenti al genere J-pop. Erika deve padroneggiarli tutti per diventare il più grande idolo di tutto il Giappone. I testi non sono cantati da un doppiatore; vengono invece mostrati nella parte inferiore dello schermo.
Igo - Kyuu Roban Taikyoku (Japan)	Igo: Kyuu Roban Taikyoku è il primo vero tentativo di portare il gioco da tavolo giapponese Go su una console domestica, ovvero il Famicom. Il gioco è stato progettato da Henk Rogers, un programmatore olandese che avrebbe giocato a Go contro il CEO (all'epoca) di Nintendo, Hiroshi Yamauchi. È stato durante uno di questi giochi che è stata discussa la prospettiva di sviluppare un titolo del genere per Famicom. Successivamente è stato convertito dal formato disco a cartuccia e rilasciato nell'agosto 1987.
Igo Meikan (Japan)	I quadrati blu in alto a sinistra ea destra sono i giocatori bianconeri. Hanno gradi, uno è il Challenger e uno è solo un giocatore classificato. Sotto il giocatore c'è il debuff che stanno usando, se presente. La casella rossa è il numero del gioco, che in realtà non influisce su nulla. I piccoli sono i pezzi che sono stati rimossi durante il gioco per ogni giocatore dalla sua parte. La griglia principale è ovviamente la bacheca Vai e la piccola casella di testo in basso è per i messaggi e altre informazioni importanti come i commenti.
Igo Shinan '91 (Japan)	Igo Shinan (&quot;Go Lessons&quot;) è una simulazione del popolare gioco da tavolo Go from Hect. Fedele al suo nome, insegna ai giocatori sia a livello principiante che esperto come migliorare il proprio gioco Go e fornisce alcuni sfidanti avversari informatici contro cui giocare. Il giocatore può impostare quanta guida offrirà il gioco, inclusa la presentazione di possibili mosse che il giocatore può prendere (in genere, una è più favorevole delle altre) e consentire al computer di assumere il proprio turno. Hect avrebbe seguito Igo Shinan con quattro sequel, ciascuno riferito all'anno in cui sono stati rilasciati: Igo Shinan '91, Igo Shinan '92, Igo Shinan '93 e Igo Shinan '94. Igo Shinan e tutti i suoi sequel sono stati rilasciati solo in Giappone. Questa era e continua a rimanere una pratica standard per la maggior parte dei videogiochi basati su Go o Mahjong, poiché entrambi i giochi da tavolo sono molto meno popolari al di fuori dell'Asia.
Igo Shinan '92 (Japan)	Igo Shinan (&quot;Go Lessons&quot;) è una simulazione del popolare gioco da tavolo Go from Hect. Fedele al suo nome, insegna ai giocatori sia a livello principiante che esperto come migliorare il proprio gioco Go e fornisce alcuni sfidanti avversari informatici contro cui giocare. Il giocatore può impostare quanta guida offrirà il gioco, inclusa la presentazione di possibili mosse che il giocatore può prendere (in genere, una è più favorevole delle altre) e consentire al computer di assumere il proprio turno. Hect avrebbe seguito Igo Shinan con quattro sequel, ciascuno riferito all'anno in cui sono stati rilasciati: Igo Shinan '91, Igo Shinan '92, Igo Shinan '93 e Igo Shinan '94. Igo Shinan e tutti i suoi sequel sono stati rilasciati solo in Giappone. Questa era e continua a rimanere una pratica standard per la maggior parte dei videogiochi basati su Go o Mahjong, poiché entrambi i giochi da tavolo sono molto meno popolari al di fuori dell'Asia.
Igo Shinan '93 (Japan)	Igo Shinan (&quot;Go Lessons&quot;) è una simulazione del popolare gioco da tavolo Go from Hect. Fedele al suo nome, insegna ai giocatori sia a livello principiante che esperto come migliorare il proprio gioco Go e fornisce alcuni sfidanti avversari informatici contro cui giocare. Il giocatore può impostare quanta guida offrirà il gioco, inclusa la presentazione di possibili mosse che il giocatore può prendere (in genere, una è più favorevole delle altre) e consentire al computer di assumere il proprio turno. Hect avrebbe seguito Igo Shinan con quattro sequel, ciascuno riferito all'anno in cui sono stati rilasciati: Igo Shinan '91, Igo Shinan '92, Igo Shinan '93 e Igo Shinan '94. Igo Shinan e tutti i suoi sequel sono stati rilasciati solo in Giappone. Questa era e continua a rimanere una pratica standard per la maggior parte dei videogiochi basati su Go o Mahjong, poiché entrambi i giochi da tavolo sono molto meno popolari al di fuori dell'Asia.
Igo Shinan '94 (Japan)	Questo gioco è l'ultima versione aggiornata della serie di giochi da tavolo puzzle Igo Shinan (o Igo Meikan).
Igo Shinan (Japan)	Igo Shinan (&quot;Go Lessons&quot;) è una simulazione del popolare gioco da tavolo Go from Hect. Fedele al suo nome, insegna ai giocatori sia a livello principiante che esperto come migliorare il proprio gioco Go e fornisce alcuni sfidanti avversari informatici contro cui giocare. Il giocatore può impostare quanta guida offrirà il gioco, inclusa la presentazione di possibili mosse che il giocatore può prendere (in genere, una è più favorevole delle altre) e consentire al computer di assumere il proprio turno.
Ikari III - The Rescue (USA)	La figlia del candidato alla presidenza è stata rapita! Il tuo compito è superare le linee nemiche e salvarla. Questo è il terzo gioco della serie Ikari Warriors e presenta un gameplay arcade/d'azione simile. Lo schermo è una vista dall'alto verso il basso che scorre verticalmente, con numerosi cattivi da sconfiggere. Inizi il gioco solo con i pugni e man mano che i livelli avanzano puoi trovare armi e altri oggetti per aiutarti.
Ikari Warriors (USA)	Una conversione del gioco arcade, Ikari Warriors è un gioco d'azione a scorrimento verticale. Uno o due giocatori si fanno strada attraverso una varietà di terreni, come giungle, fiumi e rovine. Lungo la strada si possono trovare diverse armi, tra cui mitragliatrici, granate e lanciarazzi.
Ikari Warriors II - Victory Road (USA)	La storia riprende direttamente dalla fine di Ikari Warriors. Congratulati dal generale Kawasaki per averlo salvato, Paul e Vince (chiamati anche Ralf e Clark) tornano in patria con un aereo noleggiato dal generale. Una misteriosa tempesta li proietta migliaia di anni nel futuro (o in un'altra dimensione!). Vengono accolti da una creatura aliena che dice loro che il malvagio Zang Zip (Zangelt) ha preso il controllo del mondo. Per aiutarli a tornare a casa, usate le vecchie armi da fuoco e quelle nuove per sconfiggere un numero sempre maggiore di nemici, come gli uomini verdi ciclopi, le bestie con la testa di pietra e il malvagio Zangelt.
Ike Ike! Nekketsu Hockey-bu - Subette Koronde Dairantou (Japan)	Il giocatore controlla un personaggio in livelli a scorrimento laterale e cerca di sconfiggere gli avversari usando un arsenale di attacchi e mosse speciali. L'unico in questo gioco è che per completare tutte e cinque le fasi, il giocatore deve anche raggiungere una serie di obiettivi a tema sportivo. C'è un evento di lancio, un evento di golf, nuoto, salti e sono tutti eventi di combattimento, tutti con caratteristiche uniche ispirate al tema delle gang di strada del gioco (ad esempio, l'evento di salto prevede il salto sui tetti della città).
Ikinari Musician (Japan) (En)	Ikinari Musician fornisce una tastiera simile a un pianoforte, una chiave di violino sul rigo per mostrare la posizione della nota, una base musicale a 5 canali, 4 scelte timbriche e controller per manipolare i parametri comuni del sintetizzatore come rilascio e attacco, LFO, ecc. fornisce la funzione di registrazione e riproduzione. nnIl musicista ha molte scelte di stili della base musicale, da stili popolari come Rock, Techno e Jazz, a vari gusti etnici come Bossa, Rio, Giappone, India, Arabia, ecc.
Ikki (Japan) (En)	Ikki è ambientato nel Giappone medievale, dove un villaggio pianifica un'insurrezione per rovesciare il suo signore. Tuttavia, gli unici partecipanti alla rivolta siete tu, Gonbe, e il secondo giocatore, Tago. Combatterai contro ninja, samurai e altri. Il gioco mostra il testo in direzione verticale, cosa molto insolita per un gioco dell'epoca, e tutti i messaggi di gioco usano un linguaggio che ricorda i film jidaigeki. Il gioco è composto da 4 diversi livelli, il 5° livello è una versione alternativa del 1°, il 6° è una versione alternativa del 2° e così via. La difficoltà aumenta gradualmente con l'avanzare del gioco e i livelli di gioco ruotano all'infinito.
ImageFight (USA)	Una misteriosa forma di vita aliena si sta diffondendo nella galassia, cercando di conquistare il mondo. Ha preso il controllo della base lunare e sta minacciando di scendere sulla Terra. Gli umani hanno inviato il jet da combattimento più avanzato per opporsi agli alieni: l'OF-1. L'OF-1 ha la capacità di cambiare velocità in qualsiasi momento ed equipaggiare diverse armi e pod. OF-1 è l'ultima speranza dell'umanità!
Immortal, The (World) (QUByte Classics)	The Immortal è un gioco di azione e avventura isometrico.Il tuo vecchio mentore Mordamir è scomparso. Probabilmente rapito. Non sei troppo sicuro di dove possa essere, ma un sotterraneo è sempre un buon posto in cui guardare, quindi cerca quello più vicino e ti immergi nelle sue profondità. Attenzione: 8 livelli dila morte isometrica attende.The Immortal è il prototipo di un gioco per tentativi ed errori. Il progresso si ottiene incontrando un pericolo, morendo, risolvendo il problema, incontrando il pericolo successivo. Per risolvere un livello, devi conoscere a memoria le sue trappole e i loro schemi. Per quanto frustrante possa sembrare (lo è), The Immortal bilancia in modo abbastanza intelligente il fastidio con la curiosità e le ricompense grafiche. In breve: vuoi vedere quale sfida si trova nella stanza accanto.Gli enigmi vanno dal semplice evitare le trappole all'uso corretto degli oggetti; raccogli oggetti in un inventario.
Incredible Crash Dummies, The (USA)	Junkman irrompe nel centro dei crash test e rapisce due degli Incredible Crash Dummies, Daryl e Spare Tire, con l'intenzione di usarli come parti per costruire i suoi junkbot. Ora tocca a Slick e Spin andare a salvare i manichini rapiti. nnIn The Incredible Crash Dummies il giocatore alterna tra Slick e Spin mentre attraversa cinque livelli con ogni livello contenente 2 fasi (ad eccezione del 4° livello che ne consiste solo in uno). Una delle gambe dei manichini è stata sostituita con una ruota mentre l'altro manichino ha le gambe intatte. Quindi la principale differenza nel gameplay è che in alcune fasi il giocatore lo rotola o lo cammina. L'arsenale dei manichini include una pistola ad aria compressa che stordisce i nemici a distanza ravvicinata e una pistola a olio che spara e uccide i nemici a distanza ravvicinata. Ci sono anche alcuni potenziamenti sparsi nelle fasi come il potenziamento della freccia, del pallone e del braccio.
Indiana Jones and the Last Crusade (USA)	Indiana Jones and the Last Crusade si differenzia dagli altri due giochi con lo stesso nome in quanto è un ibrido di vari generi come azione platform, corse motociclistiche, risoluzione di puzzle e persino alcuni elementi di avventura.
Indiana Jones and the Last Crusade - The Action Game (USA)	In Indiana Jones e l'ultima crociata, assumi il ruolo di Indy nella sua ricerca per trovare il Santo Graal, ma questa volta sei tu a decidere quale passo farà in ogni parte della sua ricerca. Ad esempio, proprio all'inizio ricevi un diario sul Graal dal padre di Indy, che si trova a Venezia. Allo stesso tempo, ricevi un telegramma da Marcus che afferma che la Croce di Coronado è in Portogallo su una nave chiamata Coronado e che lì incontrerà Indy. Quindi devi prima decidere cosa fare: andare a Venezia e chiedere il Graal e tuo padre, oppure andare in Portogallo a trovare Marco e la Croce di Coronado.
Indiana Jones and the Temple of Doom (USA)	Le versioni per computer di Indiana Jones and the Temple of Doom sono conversioni del gioco arcade Atari basato sul secondo film della serie. Come Indy devi completare diversi cicli dei seguenti 3 tipi di livelli: Livello miniera: fatti strada attraverso una miniera per liberare i bambini che sono tenuti prigionieri. Usa la tua frusta per attraversare voragini, salire le scale, cavalcare lungo nastri trasportatori e difenderti dagli attacchi di guardie Thug, pipistrelli, serpenti e l'ariete Mola che lancia palle di fuoco. Fuggi con il carrello della miniera dopo aver liberato tutti i bambini. 2. Livello del carrello da miniera: scegli il percorso giusto attraverso una rete di binari mentre guidi su un carrello da miniera. Evita buche, binari rotti e protezioni nei carrelli e raggiungi in sicurezza la fine della pista. 3. Livello del tempio: dirigiti verso l'altare e prendi la pietra Sankara mentre Mola Ram, i pipistrelli e le guardie Thuggee ti attaccano. Attento a quella lava.
Indora no Hikari (Japan)	Intorno all'anno 2000, l'umanità lascia una terra impoverita e viaggia attraverso lo spazio fino alla pianta Ibaru a circa 8.500 anni luce di distanza. Lì, le persone vivono pacificamente sotto la protezione di un dio la cui fonte di potere è la Luce di Indora. Tuttavia, un demone sottrae la luce al pianeta e il dio inizia a dormire. La superficie del pianeta si trasforma in un vasto deserto e iniziano ad apparire i mostri. Il giocatore deve cercare di porre fine al demone e riportare la Luce di Indora al dio che protegge il pianeta.
Infiltrator (USA)	Sei il capitano Johnny &quot;Jimbo-Baby&quot; McGibbits - L'infiltrato: pilota di elicotteri Ace, esperto di balistica, rock star, motociclista e bravo ragazzo a tutto tondo. Il tuo compito: fermare il leader pazzo prima che raggiunga il suo obiettivo di una vita di distruzione totale del mondo. Vola attraverso lo spazio aereo nemico con il tuo Gizmo DHX-3 Attack Chopper, meglio conosciuto come &quot;The Snuffmaster&quot;. Se un aereo ostile cerca di fermarti, fallo con alcuni colpi di cannone o un missile a ricerca di calore. Individua la tua area di destinazione, quindi fai atterrare il tuo Chopper ed esegui la missione a terra specificata prima che scada il tempo. Il destino del mondo libero è nelle tue mani!
Insector X (Japan)	Le forze di Mecha Insect si scontrano in questo sparatutto a scorrimento laterale, ambientato in un giardino, passando davanti a edifici e altri scenari. Combatti vespe, api e mosche per decidere il destino del cortile. nnCi sono tre livelli di abilità, con più nemici su quelli più alti, e ogni livello termina con un boss. Oltre alla tua arma principale, che può raccogliere gettoni di potenziamento per armi speciali, che vengono resi disponibili casualmente.
International Cricket (Australia)	HOwZAT!!? I tuoi compagni di squadra lanciano un forte grido di appello all'arbitro. Sembra un'eternità prima che alzi il braccio per indicare che il battitore è fuori. Fuori LBW per un'anatra! I tuoi veloci lanciatori sono stati estremamente precisi. Speriamo che anche i tuoi battitori possano esibirsi quando è il turno della tua squadra di battere. Avvertimento! Questo non è uno sport per spettatori. International Cricket ti dà il controllo totale delle abilità di bowling, battuta e fielding. Scegli la tua squadra dalla formazione internazionale, seleziona i migliori giocatori della giornata e che vinca la squadra migliore. International Cricket è un gioco multigiocatore che ti permette di scegliere di giocare una singola partita o una serie di partite. Esercitati nelle reti o entra subito in gioco. Che tu stia battendo o schierando, le tue abilità faranno la differenza tra vincere e perdere.
Iron Tank - The Invasion of Normandy (USA)	Nel 1944 le Forze Unite stanno preparando il loro assalto finale alla costa della Normandia. La missione è sfondare le linee del fronte e distruggere il quartier generale nemico. Per guidare l'invasione, hanno scelto Paul dell'Unità di comando 88, noto anche come Iron Snake. Per riuscire nella sua missione, Paul avrà bisogno di tutta la potenza di fuoco del più potente veicolo da combattimento, l'Iron Tank. Iron Tank si gioca da una vista dall'alto con una schermata a scorrimento. Devi controllare l'Iron Tank e le sue varie armi e potenziamenti per salvare ostaggi e sconfiggere le forze nemiche.
IronSword - Wizards & Warriors II (USA)	Dopo la morte del malvagio mago Malkil, è tornato. Tu sei il guerriero più potente di tutti, Kuros. E sei stato convocato nella terra del Sindarin per distruggere Malkil &quot;di nuovo&quot;. Malkil ha ora preso la forma dei quattro elementi, acqua, vento, aria e fuoco. Per distruggere il mago questa volta devi raccogliere i pezzi frantumati della Legendary Ironsword in tutto il mondo di Sindarin. Esistono quattro re animali nella terra e ti aiuteranno nella tua ricerca.
Isaki Shuugorou no Keiba Hisshou Gaku (Japan)	Il gioco parla di corse di cavalli e delle sue varianti commerciali in cui puoi partecipare a gare, non solo scommettere sui cavalli e sui loro fantini e aspettare i risultati.
Ishin no Arashi (Japan)	Ishin no Arashi è ambientato durante il periodo Bakumatsu (intorno al 1850 fino alla Restaurazione Meiji del 1867), il tratto finale del periodo Edo giapponese, che fu un periodo turbolento, un periodo di grande lotta tra i sostenitori degli shogun feudali, i governanti di il paese e i seguaci dell'Imperatore, che alla fine vinsero e portarono avanti la Restaurazione Meiji, trasformando il Giappone in uno stato moderno e potente. In Ishin no Arashi il giocatore può scegliere una delle tre principali battaglie del periodo Bakumastu e decidere quale leader alla fine spingerà il Giappone verso l'era Meiji.
Isolated Warrior (USA)	Max Maverick è l'ultimo membro sopravvissuto delle forze speciali del suo pianeta dopo una devastante invasione aliena. Lungi dall'essere scoraggiato, Max si impegna a spazzare via la minaccia aliena da solo. nnIsolated Warrior è uno sparatutto in continuo movimento, o shmup, in cui l'eroe cammina o vola sempre in avanti da una prospettiva isometrica dall'alto. L'eroe ha una pistola laser di base per cominciare, ma raccoglie potenziamenti che possono consentire alla pistola di sparare in più direzioni. Può anche raccogliere bombe che possono essere lanciate in più direzioni mentre salta, oltre a potenziamenti per gli scudi.
Itadaki Street - Watashi no Omise ni Yottette (Japan)	Itadaki Street è un gioco da tavolo digitale simile a Monopoly, dal creatore di Dragon Quest, Yuji Horii. Proprio come la sua ispirazione, i giocatori a turno si spostano sul tabellone, che è diviso in distretti composti da più proprietà. Atterrare su una proprietà ti consente di acquistarla e possedere più proprietà nello stesso distretto ne aumenta il valore, ma atterrare su una proprietà di proprietà di un altro giocatore ti costringe a pagarle in base al valore della proprietà. Un elemento chiave è la possibilità di investire nei distretti acquistando azioni, anche se il giocatore non possiede alcuna proprietà in quel distretto, il che aumenta il valore di quelle proprietà e dà al giocatore una quota di tutte le transazioni che coinvolgono quel distretto. C'è anche un mini-gioco di roulette e un tabellone delle possibilità in cui i giocatori possono scegliere premi casuali. L'obiettivo è essere il primo giocatore ad accumulare una certa quantità di patrimonio netto, quindi tornare in banca
Ivan 'Ironman' Stewart's Super Off Road (USA)	Entra nel mondo delle corse fuoristrada mentre 4 veicoli si affronteranno, su una serie di circuiti basati su versioni capovolte e invertite di una selezione principale. Fama, gloria e donne in bikini aspettano le tue vittorie e il gusto della sporcizia ti aspetta se fallisci. Lascia che un'auto del computer ti batta e perdi uno dei tuoi 3 crediti. nnLe gare di successo portano più soldi, che possono essere utilizzati per potenziare la loro macchina. È possibile acquistare potenziamenti alla velocità massima, aderenza e accelerazione e il potenziamento della nitro deve essere mantenuto al massimo. Se sei alla disperata ricerca di aggiornamenti, puoi acquistare i tuoi crediti di riserva.
J.League Fighting Soccer - The King of Ace Strikers (Japan)	J.League Fighting Soccer è un gioco di calcio basato sulla stagione inaugurale della J. League giapponese. Il giocatore può scegliere tra 16 squadre e partecipare al campionato, un torneo, una partita di esibizione o una partita a due giocatori (tramite cavo di collegamento). Il giocatore può anche scegliere l'approccio tattico della squadra. Durante la partita il campo è mostrato da una vista laterale ad angolo e scorre da sinistra a destra. Il giocatore controlla l'atleta alla palla o il difensore più vicino; possono passare, tirare e affrontare.
J.League Super Top Players (Japan) (Datach)	J. League Super Top Players ha dieci squadre tra cui scegliere e più modalità di gioco, tra cui un torneo vero e proprio o un allenamento su calcio di rigore. Per le modalità PK Battle, ogni giocatore deve selezionare una squadra diversa. Deve quindi scansionare una carta giocatore (non una carta squadra), e quindi quel giocatore avrà la possibilità di calciare un calcio di rigore (se è il suo turno). Per tutte le altre modalità, il giocatore deve scansionare una scheda squadra e quella sarà la squadra che giocherà come per i giochi. La modalità di gioco principale è la modalità J.LEAGUE. È organizzato in un ambiente stagionale/torneo, con 18 partite per squadra. Ci sono dieci squadre in totale in questa versione di J.League e sono ordinate casualmente per giocare contro una squadra diversa ogni giorno. Le partite sono divise in due periodi da tre minuti ciascuno. Prima di iniziare una partita, il giocatore può scegliere la formazione dei suoi undici giocatori attivi, da uno dei tre layout che può vedere sul piccolo schermo (4-4-2, 4-3-3 o 3-5-2 ).
J.League Winning Goal (Japan)	J-League Winning Goal è un gioco di calcio rilasciato per Game Boy e Family Computer che ruota attorno alla J-League. C'è una modalità esibizione, una modalità stagione, una modalità playoff e una modalità pratica. L'obiettivo del gioco è vincere il campionato in modo che la squadra scelta dal giocatore possa essere definita la più grande squadra di tutto il Giappone.
Jack Nicklaus' Greatest 18 Holes of Major Championship Golf (USA)	Jack Nicklaus 'Greatest 18 Holes of Major Championship Golf è una simulazione di golf 3-D con un campo a 18 buche creato dallo stesso Jack Nicklaus. Ognuna delle 18 buche proviene da campi famosi in tutto il mondo e include la numero 8 a Pebble Beach, la numero 18 da Muirfield, la numero 12 da St. Andrews, la numero 12 da Augusta, la numero 10 a Riviera e altro ancora. Il gameplay è da uno a quattro giocatori e può essere sia stroke play che skin game.
Jackal (World) (Konami Collector's Series)	L'esercito nemico ha catturato troppe delle tue forze. Tenuto in P.O.W. nei campi, questi soldati sono effettivamente fuori dalla guerra... a meno che non si possa organizzare una sorta di operazione di salvataggio. Le forze pesanti sono troppo lente e visibili per essere di qualsiasi utilità, ma forse qualcosa di più piccolo e leggero potrebbe farcela dove forze più grandi fallirebbero. Una piccola jeep, forse due, con equipaggio di circa 4 persone.... sufficientemente minimale da non rappresentare una perdita eccessiva e tuttavia sufficientemente adatta per aiutare nei soccorsi. Ma ovviamente, se questi uomini coraggiosi vogliono avere successo E tornare vivi; dovranno combattere come animali... dovranno combattere come sciacalli...
Jackie Chan's Action Kung Fu (USA)	Jackie Chan e sua sorella gemella Josephine erano grandi combattenti di kung fu in Cina e si sono allenati sotto un grande maestro. Un giorno, mentre Jackie e Josephine stavano passeggiando, apparve il grande nemico del Maestro, Lo Stregone. Lo Stregone era arrivato a governare la Cina e sapeva che i gemelli gli avrebbero ostacolato... così lanciò un incantesimo per far scomparire Josephine. Ora tocca a Jackie Chan seguire lo Stregone e combattere i suoi servi per salvare sua sorella e salvare la Cina. Action Kung Fu di Jackie Chan è un gioco di combattimento a scorrimento laterale. I controlli di Jackie sono un pulsante per saltare e un altro per attaccare o essere usato in combinazione con una direzione per un attacco speciale. Nella sua missione, Jackie deve farsi strada a pugni e calci tra rane, ninja, uccelli e altri nemici. Jackie può acquisire mosse speciali come l'attacco Tornado, lo spin kick a 180 gradi, lo spin kick a 360 gradi e lo Sky Attack. Altri potenziamenti includono ricariche di energia e punti bonus.
Jajamaru Gekimaden - Maboroshi no Kinmajou (Japan)	JaJaMaru Gekimaden è un gioco di ruolo d'azione, con un gameplay simile a The Legend of the Zelda. I giocatori controllano il personaggio protagonista attraverso città, dungeon e una mappa del mondo. Ogni diverso tipo di mappa prevede l'esplorazione dall'alto verso il basso. Quando si muove attraverso un dungeon, il protagonista recupererà gradualmente la salute. Il protagonista può equipaggiare diversi tipi di armi e oggetti che può acquistare o trovare e utilizzarli durante il combattimento. I dungeon sono costituiti da diverse stanze con nemici all'interno. Occasionalmente, un nemico lascerà cadere del denaro quando viene sconfitto, che può essere utilizzato per acquistare oggetti o curare punti salute in una locanda.
Jajamaru Ninpou Chou (Japan)	In un regno del folklore feudale giapponese, l'omonimo Ninja Jajamaru-kun deve salvare la sua amata principessa Sakura dalle grinfie di un diabolico pirata dalla faccia da pesce gatto. Jajamaru-kun inizia sul fondo di un campo orizzontale a tre livelli. In ogni livello di questo campo ci sono due nemici per ogni livello. I livelli hanno soffitti in mattoni deboli che Jajamaru-kun può rompere saltandoci dentro. Una volta effettuato un passaggio, Jajamaru-kun può attraversarli come possono fare i nemici. Per superare un livello tutti i nemici devono essere sconfitti, la maggior parte dei nemici può essere uccisa lanciando loro uno shuriken, l'unica arma disponibile senza potenziamento, alcuni devono essere storditi cadendo attraverso un buco in un livello o venendo saltò su. I proiettili nemici possono anche essere cancellati dallo shuriken. Essere toccati da un proiettile nemico, o in alcuni casi dal corpo di un nemico, ucciderà istantaneamente Jajamaru-kun. Dopo che un nemico è stato ucciso, il suo spirito salirà, puoi prenderlo per punti extra.
James Bond Jr (USA)	Basato su una serie di cartoni animati con lo stesso nome, controlli il nipote adolescente di James Bond, James Bond Jr. Molti scienziati sono scomparsi ed è compito di James Bond Junior trovare gli scienziati e salvare il mondo. Gli agenti hanno visto siti missilistici su un'isola e credono che Scumlord sia responsabile. Tutto in una giornata di lavoro... Il gameplay è un run and gun a scorrimento laterale simile a Contra.
Jangou (Japan)	L'obiettivo principale del gioco è ottenere il maggior numero di punti. Prima di poter giocare, devi prima inserire la tua data di nascita e un codice PIN composto da quattro numeri. Dopodiché, devi inserire un nome. Una volta che sei pronto, puoi scegliere uno dei cinque giocatori e iniziare. Ci sono alcune partite in una sessione e, dopo ogni sessione, i punti vengono assegnati da te e/o dagli altri tre giocatori. Jangou è un gioco simile al Mahjong. È stato portato su molte console, incluso il Famicom in Giappone.
Jarinko Chie - Bakudan Musume no Shiawase Sagashi (Japan)	Jarinko Chie: Bakudan Musume no Shiawase Sagashi lit. Chie the Brat: Bomb daughter finding happiness) è un gioco grafico di avventura testuale sviluppato da Konami per Famicom e pubblicato in Giappone nel 1988. È un gioco basato sull'anime e manga Jarinko Chie su una ragazza affidabile che lotta per aiutarla padre problematico gestisce una piccola taverna a Osaka. All'insaputa di suo padre, fa visita occasionalmente a sua madre che lo ha lasciato non molto tempo fa. Ha intenzione di provare a riunirli, ma non fino a quando suo padre non troverà un lavoro. Il gioco segue la trama di diversi episodi dell'anime. Sebbene sia in gran parte guidato dal testo, ci sono momenti in cui il giocatore deve giocare a un minigioco per avanzare al capitolo successivo della storia. Gran parte del testo del gioco è presentato con l'orientamento tradizionale giapponese, scritto dall'alto in basso e da destra a sinistra. Il gioco è stato rilasciato solo in Giappone e non è mai stato tradotto dall'originale giapponese.
Jaws - Retro Edition (World)	Liberamente ispirato al quarto film &quot;Jaws: the Revenge&quot;, i giocatori prendono il controllo di una nave per navigare nell'oceano alla ricerca dello squalo assassino. Lungo la strada, la nave si fermerà per consentire a un subacqueo di nuotare e uccidere piccoli squali, meduse e mante per trovare conchiglie. Le conchiglie vengono utilizzate per acquistare potenziamenti per la barca. Conchiglie extra possono essere guadagnate nei round bonus in cui un idrovolante vola sull'acqua per bombardare le meduse (pensa ai round bonus di Galaga con prospettiva invertita). Il subacqueo combatterà più volte Jaws nel tentativo di consumare il suo misuratore di vita. Se il giocatore è fortunato, può trovare un sottomarino per aumentare la propria potenza di fuoco e difesa. Se il subacqueo riesce a consumare l'energia di Jaws, torna di nuovo sulla barca, lanciando flash in acqua nel tentativo di attirare lo squalo fuori dall'acqua. Se abbastanza vicino, il giocatore può usare la barca per speronare Jaws nel tentativo di ucciderlo e vincere la partita.
Jeopardy! (USA)	La fedele riproduzione per NES di Gametek del longevo quiz show internazionale. Possono giocare fino a tre concorrenti contemporaneamente, con spazi vuoti opzionalmente riempiti dall'IA del computer. Se sono coinvolti tre giocatori umani, il giocatore 1 e il giocatore 2 condividono il primo controller, mentre il secondo controller va al giocatore 3. Per i primi due round, sei categorie con cinque domande ciascuna vengono selezionate casualmente dal computer per popolare il tabellone di gioco. Il concorrente che ha risposto correttamente all'ultima domanda può scegliere la categoria e un valore in dollari, con domande più difficili che valgono più soldi. I giocatori hanno dieci secondi dal momento in cui una domanda sembra &quot;risuonare&quot; con il pulsante del controller appropriato e rispondere.
Jeopardy! 25th Anniversary Edition (USA)	Basato sull'omonimo gioco televisivo. L'edizione del 25° anniversario di questo quiz show richiede di fornire &quot;domande&quot; in risposta agli indizi di &quot;risposta&quot;. Più difficile è la domanda, più soldi vale. Puoi giocare con 1-3 giocatori. Se sono in competizione meno di 3 giocatori, possono scegliere se giocare o meno contro il computer. Tre livelli di abilità forniscono 40, 45 o 50 secondi concessi per digitare la tua risposta. La prima parte della &quot;domanda&quot; (CHI È... o COSA È... o COSA SONO, ecc.) apparirà con una griglia di numeri/lettere (non QWERTY). La tua risposta deve essere l'ortografia ESATTA e il tempo che il sistema sta cercando o non sarà accettata come una &quot;domanda&quot; corretta.
Jeopardy! Junior Edition (USA)	Una conversione del popolare programma televisivo di giochi per i giocatori più giovani dai 7 anni in su. Fino a tre giocatori possono prendere parte al concorso a quiz in tre round in cui vengono fornite le risposte e i concorrenti devono fornire la domanda corretta. Nei primi due round, sei categorie di cinque risposte ciascuna vengono scelte casualmente dal computer per riempire il &quot;muro&quot; e il giocatore inizia scegliendo una di esse. Dopo che la risposta scelta è stata data, il primo giocatore che ha premuto il suo &quot;cicalino&quot; dà la risposta usando il controller per spostare un cursore su una tastiera su schermo, spiegando la domanda entro il limite di tempo. Nel round finale, viene annunciata una categoria ei giocatori piazzano ciascuno una scommessa, fino al limite delle loro vincite finora, sulla domanda finale. Dopo che tutti i giocatori sono pronti, viene mostrata la risposta finale e tutti i giocatori pongono le loro domande.
Jesus - Kyoufu no Bio Monster (Japan)	È l'anno 2061 e la cometa di Halley si sta avvicinando alla Terra. Un equipaggio è stato radunato da otto diversi paesi per equipaggiare un paio di sonde spaziali inviate per indagare sulla cometa. Le due sonde, Comet e Corona, devono essere lanciate dallo Space Lab Jesus e raccogliere un campione dei gas nella coda della cometa e determinare se la vita sulla Terra è stata portata da questa cometa, come alcuni hanno ipotizzato. Tuttavia, la comunicazione è stata persa con la sonda Comet; cosa potrebbe succedere? Jesus è un gioco di avventura in stile giapponese. Ogni area è mostrata con un'immagine e hai la possibilità di diversi comandi. Il giocatore interpreta il ruolo del pilota giapponese Hayao Musou, un membro dell'equipaggio, e tenta di risolvere il mistero che circonda la cometa e la cometa di Halley.
Jetsons, The - Cogswell's Caper (USA)	The Jetsons: Cogwell's Caper è basato sulla famosa proprietà dei Jetsons di Hanna-Barbera. In questa avventura spin-off, George Jetson ha il compito del mio datore di lavoro di porre fine ai piani di profitto della compagnia rivale di Cogswell. Per fare ciò, George deve saltare da un luogo all'altro nel suo jet e conquistare ogni livello utilizzando le risorse a sua disposizione, nonché con l'assistenza degli altri personaggi del franchise di Jetson.
Jikuu Yuuden - Debias (Japan)	Il personaggio principale è la reincarnazione del leggendario guerriero Debias, che deve salvare il regno di Arumata dal dominio del Diavolo e delle tre Gorgoni.
Jimmy Connors Tennis (USA)	Jimmy Connors Tennis è il tentativo di Nintendo a 8 bit di tennis professionistico. Ha tre livelli di abilità, principiante, medio e avanzato e ti consente di fare tiri di pratica contro una macchina da 100, 200 o 300 palline. Puoi competere nei primi 16 tornei internazionali, inclusi gli US Open, gli Australian Open e Wimbledon e puoi guadagnare da $ 26.000 a $ 58.000. Puoi anche tenere traccia del tuo record di vittorie e sconfitte e dei guadagni tramite una funzione di password. È molto preciso quando si tratta di giocare su superfici diverse come cemento, erba o terra battuta, ognuna delle quali offre una risposta diversa su ciascuna superficie. Approvato dal grande tennista Jimmy Connors.
JJ (Japan) (En) (Famicom 3D System)	JJ è un gioco d'azione sviluppato e pubblicato da Square per Famicom nel 1987. In inglese, a volte viene indicato con la sua forma lunga, Jumpin' Jack, o con il suo sottotitolo, Tobidase Daisaksen Part II. Il gioco è stato rilasciato solo in Giappone. Il sequel di Tobidase Daisaksen (noto in Nord America come 3-D WorldRunner), JJ è un tipico sparatutto a scorrimento, ma incorpora una visuale in terza persona, in cui l'angolo della telecamera è posizionato dietro il personaggio principale. Come nel titolo precedente, il personaggio principale Jack deve viaggiare attraverso vari mondi, armato del suo cannone laser e della sua abilità di salto, per sconfiggere le bestie serpente che hanno invaso i pianeti. JJ è stato l'ultimo gioco di Square a utilizzare la &quot;modalità 3D&quot; e occhiali 3D, ed è stato l'ultimo lavoro di Square prima dell'inizio del popolare franchise di Final Fantasy.
Joe & Mac (USA)	Cominciò come una calda e tranquilla giornata estiva. Joe era sdraiato nell'erba verde e sognava ad occhi aperti gli hamburger di brontosauro mentre Mac era via a caccia di dinosauri. Affamato e rilassato, Joe torna al villaggio... MA ASPETTA! Dove sono tutte le donne delle caverne? E dov'è tutto il cibo? Quel fasullo gruppo di nerd di Neanderthal deve aver rapito le donne delle caverne e mangiato il cibo! Senza tempo da perdere, Joe deve salvare da solo le amate donne delle caverne... e trovare la cena lungo la strada!
John Elway's Quarterback (USA)	In Quarterback di John Elway, è un giocatore contro il computer o due giocatori umani che si scontrano in un'azione di football americano a partita singola. Seleziona la città natale della tua squadra (non esiste una licenza NFL o NFLPA, quindi non ci sono squadre o giocatori reali) e poi combatti la squadra avversaria per quattro quarti di 15 minuti (accelerati in tempo reale). La grafica è semplice: una squadra ha le divise blu, l'altra squadra quelle rosse. Il giocatore umano ottiene il controllo del quarterback in attacco e del linebacker centrale in difesa. La prospettiva di gioco è dall'alto verso il basso e a scorrimento verticale. Scegli tra 9 giocate offensive, per lo più di passaggio, e 6 difensive. Le squadre hanno 9 giocatori ciascuna.
Jongbou (Japan)	Jongbou è una combinazione del popolare gioco da tavolo cinese Mahjong e di un gioco che rompe i blocchi come Breakout. I giocatori fanno rimbalzare una palla attorno a un tavolo Mahjong pieno di tessere nascoste, con l'obiettivo di rimuovere le tessere e raccogliere quelle che desiderano aggiungere alla loro mano passandoci sotto mentre cadono. La fase è finita dopo che tutte le tessere sono cadute o il giocatore ha una mano vincente.
Jordan vs Bird - One on One (USA)	Due delle più grandi icone dell'età d'oro della NBA si incontrano in questo gioco. Da un lato, le spettacolari schiacciate di Michael Jordan dei Chicago Bulls; dall'altro, l'incredibile precisione dall'esterno di Larry Bird. Mentre Bird si sente a casa nella gara dei tre punti, dove cinque rack con cinque palline ciascuna sono posizionati attorno all'arco dei tre punti e il giocatore deve raccogliere ogni palla e lanciare nel miglior tempi possibile per ottenere il maggior numero di punti possibile durante nella finestra di 60 secondi, solo Jordan ha il tempo di trasmissione per esibirsi nella gara di schiacciate, dove il giocatore ha un numero di schiacciate a sua disposizione, ognuna delle quali richiede tempi diversi per ottenere il miglior punteggio da tutti e tre i tentativi dai giudici, e vincere la competizione.
Journey to Silius (USA)	L'anno è 0373 nel nuovo calendario dell'era spaziale. La popolazione della terra sta crescendo rapidamente e le persone sono ora costrette ad avviare colonie spaziali. Jay McCray è tra quelli che lasciano la Terra e si dirigono verso la colonia nel sistema solare di Silius. Sfortunatamente, i terroristi hanno distrutto una colonia di ricerca lì. Il padre di Jay è stato ucciso in questo attacco, e ora Jay giura di distruggere i terroristi responsabili e di continuare la ricerca su cui stava lavorando suo padre. Journey To Silius è un gioco platform a scorrimento laterale. In ogni livello ci sono un'ampia varietà di nemici robot a guardia della fortezza del terrorista, insieme a diverse armi da trovare che rendono più facile la tua missione. Ci sono un totale di sei livelli, ognuno dei quali termina con un boss molto grande.
Joust (USA)	In Joust, i giocatori prendono il controllo di un cavaliere con una lancia che cavalca il loro struzzo volante (o cicogna, per il giocatore 2) per combattere contro cavalieri malvagi controllati dal computer che cavalcano avvoltoi. I giocatori devono sbattere le ali del loro destriero per colpire il nemico da un punto di giostra più alto per distruggere l'avvoltoio e il suo cavaliere. Una volta che il nemico è stato colpito, un uovo cade su una delle piattaforme sottostanti. Gli eroici cavalieri devono distruggere le uova prima che si schiudano e rilasciare nuovi e sempre più difficili cavalieri. I tre punti di forza dei cavalieri nemici sono Bounder (cavaliere rosso), Hunter (cavaliere bianco) e Shadow Lord (cavaliere blu). Questi cavalieri nemici non sono l'unica sfida da trovare nel gioco. I giocatori devono anche fare i conti con piattaforme fatiscenti, troll di lava che tentano di attirare i cavalieri nel fuoco e il temuto &quot;imbattibile&quot; (?) pterodattilo.
Joy Mech Fight (Japan)	Il malvagio scienziato Warunachi ha hackerato tutti i robot altrimenti pacifici in Giappone e ora ha in programma di lanciare un attacco per il dominio del mondo come il mondo non ha mai visto. Fortunatamente il suo ex partner, il dottor Eamon, ha salvato un robot dall'acquisizione e ora lo ha programmato per sconfiggere gli altri robot e sventare i piani malvagi del dottor Warunachi. Joy Mecha Fight è un combattente 2D uno contro uno, in cui controlli un robot e tenti di sconfiggere il tuo avversario attaccandolo con le tue mosse base e attacchi speciali attivati da specifici movimenti di controllo. Ogni robot è composto da sei segmenti sospesi: la testa, il busto e gli arti, che si muovono l'uno intorno all'altro formando una forma umanoide di base.
Jumbo Ozaki no Hole in One Professional (Japan)	Questo è il secondo gioco di golf di HAL Laboratory dopo Hole in One. Come il suo predecessore, Hole in One Professional è un gioco di golf standard a 18 buche, giocato da una prospettiva dall'alto verso il basso. I giocatori possono competere in stroke play con un massimo di quattro giocatori, o match play contro un amico o il computer. Quando si gioca contro il computer, il giocatore giocherà contro un avversario che usa mazze di metallo, che colpiscono più lontano delle mazze di legno standard. Oltre a colpi e match play, i giocatori possono ottenere password che consentono di riprodurre tutti i colpi spettacolari effettuati (aquile, buchi in uno e doppie aquile).
Jumpin' Kid - Jack to Mame no Ki Monogatari (Japan) (En)	Jumpin' Kid: Jack to Mame no Ki Monogatari, &quot;Jumping Kid: The Tale of Jack and the Beanstalk&quot;) è stato rilasciato il 19 dicembre 1990 in Giappone per Family Computer. Era stata pianificata una versione nordamericana, ma alla fine è stata demolita. Questo videogioco è una variante della famosa fiaba, Jack and the Beanstalk. È un gioco platform impegnativo che gioca in modo simile a Mega Man. I fagioli aiutano a migliorare l'attacco del giocatore, mentre le molle vengono utilizzate per migliorare la sua altezza di salto.
Jungle Book, The (World) (Disney Classic Games)	Scendi alle necessità della vita... e scorta Mowgli attraverso la giungla fino alla salvezza del villaggio umano. Combatti il serpente dagli occhi storditi, Kaa, e sconfiggi Shere Khan, la tigre affamata in questa emozionante avventura basata sul classico Disney! Ti farà impazzire!
Jurassic Park (World) (Limited Run Games)	Uno dei tanti titoli diversi basati sul thriller sui dinosauri di Steven Spielberg del 1993, la versione per NES e Game Boy è un gioco d'azione dall'alto verso il basso con elementi di esplorazione. Giocando nei panni del dottor Alan Grant, il giocatore deve superare sei livelli completando determinati obiettivi, tra cui salvare i bambini Tim e Lex, ripristinare il potere, distruggere i nidi di rapaci e infine allontanarsi dall'isola infestata dai dinosauri. Per avanzare di livello, è necessario raccogliere o distruggere un certo numero di uova di dinosauro sparse nell'area. Questo rivelerà una scheda utilizzata per ottenere l'accesso agli edifici o altri oggetti necessari per completare l'incarico. I terminali dei computer del parco possono essere utilizzati per richiedere suggerimenti su dove andare dopo.
Just Breed (Japan)	La città di Astolm è protetta da uno zaffiro, una delle pietre magiche menzionate nelle antiche leggende. Generazioni di onorevoli sacerdotesse proteggono la pietra, e con essa la città. Stasera c'è l'annuale Festival dello Zaffiro e la giovane sacerdotessa Firis condurrà la cerimonia. Ma subito dopo il gioioso evento, la sacerdotessa viene rapita da Gel du Rey, lo scagnozzo del malvagio Lord Ezelkiel. Interpreti il ​​ruolo del capitano delle guardie di Astholm. Tu e Firis siete amici intimi fin dall'infanzia. Decidi di salvare la sacerdotessa, con l'aiuto delle tue fedeli guardie e degli amici che incontri durante il tuo viaggio.
Juuouki (Japan) (En)	Altered Beast (Juuouki in Giappone) si svolge nell'antica Grecia, il giocatore conduce un eroe resuscitato da Zeus per salvare sua figlia, Atena, rapita da Ade il dio degli inferi. Il giocatore controlla un personaggio, che può saltare, dare pugni e calci, e mentre avanza nei livelli del gioco, raccoglie i pallini che lo fanno trasformare. La trasformazione passa attraverso diverse fasi (che sono altrettanti pallini da raccogliere): il personaggio prima guadagna muscoli e forza, recupera ancora più muscoli una seconda volta, e poi si trasforma in un animale con grandi poteri.
Juvei Quest (Japan)	Juvei Quest è un gioco di ruolo che potrebbe facilmente competere con pesi massimi come Dragon Quest. Il titolo contiene una storia immensa, personaggi adorabili, un sistema di battaglia a turni premuroso con molte abilità e abilità da usare. il gioco è arrivato anche confezionato con un gioco da tavolo. La storia stessa si svolge nell'Era di Sengoku dell'Antico Giappone attaccato da una forza demoniaca chiamata &quot;L'Orda Demoniaca&quot;, essendo un'interpretazione piuttosto vaga del famoso samurai con un occhio solo - Yagyuu Juubei, una delle figure più romantiche della storia giapponese che presumibilmente visse durante il governo del secondo Shogun Tokugawa.
Kabuki - Quantum Fighter (USA)	In questo futuristico gioco platform, un virus informatico ha colpito i sistemi di difesa della Terra. Un guerriero solitario viene trasferito nei dati digitali e inviato all'interno del mainframe, dove diventa un guerriero Kabuki. Il gameplay è simile ad altri platform ninja (come Ninja Gaiden) ma con alcune modifiche interessanti, come usare i tuoi lunghi capelli rossi come frusta per attaccare i nemici!
Kabushiki Doujou (Japan)	Kabushiki Doujou è un gioco di simulazione di borsa, in cui l'obiettivo è investire saggiamente nel mercato azionario e sviluppare un portafoglio generoso. Al giocatore vengono assegnati obiettivi di denaro regolari da raggiungere prima della scadenza del prossimo obiettivo e può acquistare, vendere e gestire le proprie azioni per ottenere quanta più ricchezza possibile.
Kaettekita! Gunjin Shougi - Nanya Sore! (Japan)	Il gioco ha una sorta di aspetto complicato di un gioco da tavolo come la dama: posizioniamo i simboli corrispondenti sul campo (in diverse modalità variano dalle verdure ai soldati), dopodiché li spostiamo sul nemico. Ci sono altre sottigliezze delle regole che vale la pena esplorare e praticare per giocare con successo a questo gioco.
Kagerou Densetsu (Japan)	Kagerou Densetsu è un'avventura RPG con battaglie a scorrimento laterale in cui i giocatori prendono il controllo di 4 ninja in un viaggio per sconfiggere il leader di quattro daeva che minacciano il mondo.
Kaguya Hime Densetsu (Japan)	La leggenda di Kaguya-hime è una delle storie più popolari della mitologia giapponese. C'era una volta un vecchio che andò nella foresta a tagliare del bambù e trovò una bambina. La portò a casa sua e la chiamò Kaguya-hime. È cresciuta lì e presto è diventata la ragazza più bella del Giappone. Molti giovani, compreso lo stesso figlio dell'imperatore, cercarono di conquistare il suo cuore, ma senza successo. Un giorno Kaguya-hime confessò di essere un angelo della luna e tornò sulla luna. In questo gioco controlli il figlio dell'imperatore e farai del tuo meglio per raggiungere Kaguya-hime e proteggerla. Devi superare vari ostacoli e incontrare personaggi del folklore giapponese.
Kaijuu Monogatari (Japan)	Kaijuu Monogatari (&quot;Storia della creatura con il guscio&quot;) è un gioco di ruolo a 8 bit per NES che assomiglia più che superficialmente a Dragon Quest di Enix. Come con molti giochi di ruolo contemporanei per il sistema, prende in prestito la premessa di base (parla con il re, scopri cosa fare dopo, combatti qualche forza del male) e il combattimento tattico a turni e lo sviluppo graduale del personaggio della sua maggiore influenza, ma anche molto della sua estetica: la box art ha alcune opere d'arte ispirate ad Akira Toriyama e il protagonista indossa una familiare armatura blu. Il sottotitolo di Kaijuu Monogatari - Shell Saurs Story - è una localizzazione del suo nome giapponese. La trama, più in dettaglio, riguarda una razza di pacifiche creature conchiglie che hanno quattro guerrieri elementali che si sono uniti per combattere il malvagio Fat Badger ma sono stati separati nella lotta finale. Il giocatore deve unire i quattro esplorando il mondo e scoprendo le posizioni degli altri tre guerrieri, quindi raggruppandosi per un altro attacco.
Kaiketsu Yanchamaru 2 - Karakuri Land (Japan)	Un giorno, a Edo apparve un misterioso parco a tema chiamato Karakuri Land. In esso c'erano varie attrazioni meccaniche, costruite attorno a temi diversi. Molte persone sono andate a visitare e il parco era molto popolare. La principessa chiese a Yanchamaru se gli sarebbe piaciuto andare con lei, ma dato che era impegnato con il suo addestramento, andò da sola. Tuttavia, non è tornata, quindi Yanchamaru deve farsi strada attraverso le attrazioni stranamente aggressive per trovare e salvare la principessa!
Kaiketsu Yanchamaru 3 - Taiketsu! Zouringen (Japan)	La principessa è stata rapita di nuovo, questa volta da una coppia di figure dall'aspetto minaccioso. Rinchiusa in una torre, riesce a scrivere una richiesta di aiuto su un pezzo di carta e poi manda un aeroplano di carta fuori dalla sua prigione. Miracolosamente, raggiunge il suo ragazzo Yanchamaru che, essendo il samurai onesto qual è, si propone immediatamente di salvarla.
Kamen no Ninja - Akakage (Japan)	Akakage è un ninja che indossa un costume rosso e nero e una maschera rossa stilizzata. È stato creato dall'artista manga giapponese Mitsuteru Yokoyama. Le sue avventure sono ambientate nel Giappone feudale, dove Akakage e i suoi compagni ninja, Aokage (Blue Shadow, un ragazzino) e Shirokage (White Shadow, un vecchio) combattono i malvagi signori della guerra. I ninja usano i loro poteri di combattimento sovrumani e gadget high-tech per sconfiggere questi signori della guerra in un genere chiamato daikaiju, in cui i protagonisti combattono una serie di mostri umanoidi.
Kamen Rider Club (Japan)	Kamen Rider Club: Gekitotsu Shocker Land è un gioco di azione e avventura sviluppato per Famicom e pubblicato da Bandai in Giappone il 3 febbraio 1988. È basato sul franchise Kamen Rider di Bandai, una storia settimanale di fantascienza creata dall'artista manga giapponese Shotaro Ishinomori che è stato pubblicato su Sh?nen Magazine, oltre ad essere trasmesso in televisione. La storia si svolge in un mondo afflitto da Shocker, una misteriosa organizzazione terroristica. Per promuovere i suoi piani per il dominio del mondo, Shocker ha reclutato i suoi agenti attraverso il rapimento, trasformando le loro vittime in cyborg mutanti e, infine, facendo loro il lavaggio del cervello. Tuttavia, una vittima di nome Takeshi Hongo è scappata poco prima dell'ultimo lavaggio del cervello.
Kamen Rider SD - Granshocker no Yabou (Japan)	Kamen Rider SD: GranShocker no Yabou è un gioco Varie.
Karakuri Kengou Den Musashi Lord - Karakuribito Hashiru (Japan)	Karakuri Kengōden: Signore Musashi - Karakuribito Hashiru! è un gioco di ruolo basato su Karakuri Kengō Den Musashi Lord, un anime del 1990/91 di 50 episodi. Si svolge in un'ambientazione giapponese medievale in cui umani e robot simili a umani convivono. nnNell'anime Musashi, il personaggio principale (robot) si avventura per diventare il miglior artista marziale. Il gioco è un classico gioco d'azione in stile Zelda con visuale a volo d'uccello, ma con molti elementi RPG e progressione di livello. È diviso in quattro capitoli (+uno bonus) con diversi personaggi principali, e puoi scegliere all'inizio quale giocare. È uno dei primi giochi ad avere scenari multipli con personaggi diversi che convergono in un'unica storia.
Karaoke Studio (Japan)	Karaoke Studio è un gioco di musica in cui bisogna cantare su una base musicale seguendo un testo che compare sullo schermo .
Karaoke Studio Senyou Cassette - Top Hit 20 Vol. 1 (Japan)	è un videogioco musicale karaoke progettato per Family Computer di Nintendo, o Famicom. Il gioco è confezionato con un sottosistema di espansione hardware progettato per essere inserito nello slot della cartuccia Famicom e con una periferica microfonica in grado di rilevare una voce umana.
Karaoke Studio Senyou Cassette - Top Hit 20 Vol. 2 (Japan)	è la seconda e ultima cassetta di espansione per il gioco musicale Karaoke Studio progettato da Bandai nel 1987 per Famicom di Nintendo. Fornisce brani aggiuntivi e altri nuovi contenuti collegandoli direttamente al sottosistema Karaoke Studio. Come espansione, non viene fornito con la periferica microfono fornita dal pacchetto base. nnIl gameplay consiste nel cantare in modo karaoke una serie di canzoni pop giapponesi. Il giocatore viene valutato sulla precisione del canto. Le canzoni sono state convertite in formato a 8 bit per l'uso con Famicom e mentre la musica viene riprodotta e vengono mostrati i testi della canzone, le rappresentazioni sullo schermo dei temi della canzone vengono visualizzate simultaneamente sullo sfondo.
Karate Champ (USA)	Karate Champ è un gioco di combattimento d'azione per uno o due giocatori. I giocatori competono l'uno contro l'altro in nove luoghi diversi per vedere chi ha le migliori abilità di karate! Per vincere una partita, il giocatore deve vincere due dei tre round abbattendo il suo avversario con un'ampia varietà di mosse di karate. Viene assegnato un punto intero o mezzo punto per aver atterrato il tuo avversario e il primo giocatore che ottiene un vantaggio di due punti vince il round. Se il limite di 30 secondi per un round termina, vince il giocatore che ha il maggior numero di punti. Alla fine di ogni partita c'è un round bonus in cui il vincitore può guadagnare punti extra abbattendo oggetti volanti che vengono lanciati sulla sua strada.
Karate Kid, The (USA)	Basato sul film di John G. Avildsen del 1986, The Karate Kid 2. The Karate Kid è un gioco picchiaduro in cui il giocatore, nei panni di Daniel Larusso, deve attraversare alcune fasi (comprese quelle bonus) dalla competizione di karate alla finale battaglia ad Okinawa contro Chozen. nnCi sono diversi tipi di fasi, dal gioco in stile picchiaduro (simile a Street Fighter) al tipo di piattaforma come Kung Fu per NES, ha anche alcuni bonus in cui viene testata l'abilità del giocatore.
Karateka (Japan) (En)	Il malvagio Akuma ha distrutto la tua patria, ucciso molti dei tuoi amici e rapito la tua principessa Mariko. Fortunatamente, sei abile nelle arti marziali, quindi la tua inevitabile ricerca per raggiungere il palazzo di Akuma ha una possibilità di successo. La partita è vista di lato e presenta un susseguirsi di avversari sempre più difficili. Tutti i calci e i pugni standard del karate sono disponibili sia per te che per i tuoi nemici. Il design del gioco era serio e realistico e il gioco presentava molti filmati per sviluppare la storia.
Karnov (USA)	Karnov è un gioco d'azione uscito per NES che ti mette nei panni di Jinborov Karnovski, un gigante che lavora in un circo, che va alla ricerca di un tesoro perduto. Dovrai superare nove livelli per raggiungere l'obiettivo mentre distruggi i nemici che si trovano sulla tua strada usando i tuoi pugni e il tuo potere che consiste nel riuscire a sputare fuoco. La versione americana è più semplice (continua illimitata) ei suoi filmati sono stati tagliati.
Kawa no Nushi Tsuri (Japan)	Kawa no Nushi Tsuri è un gioco di ruolo basato sulla pesca. Interpreti come un giovane la cui sorella è davvero malata. Devi catturare questo pesce dal culo grosso chiamato Re del fiume per curarla. Quindi, fai l'unica cosa logica: viaggia da una buca per la pesca all'altra cercando di prendere il River King. Sfortunatamente, questo River King è piuttosto popolare, perché tutti i tipi di animali ti attaccano mentre viaggi.
Keiba Simulation - Honmei (Japan)	Simulazione Keiba: Honmei (&quot;keiba&quot; è la parola giapponese per corse di cavalli e &quot;honmei&quot; è un termine che significa un favorito per vincere) è un gioco di simulazione di corse di cavalli Famicom di Nichibutsu, spesso noto come Nihon Bussan. In effetti, la box art indica il primo come sviluppatore e la schermata del titolo afferma il secondo. Come un vero gioco di simulazione, non ci sono corse (almeno che il giocatore può controllare) o giochi d'azzardo. Il giocatore invece può giocherellare con i parametri di ogni corsa e dei cavalli in competizione, modificandone le statistiche come la fatica, l'età e il peso del fantino. Quindi i giocatori possono guardare una gara con queste impostazioni e osservare il vincitore. È possibile che l'obiettivo di questo gioco sia quello di ricreare il probabile risultato di una gara reale sulla base di tutte le informazioni che il giocatore è in grado di raccogliere per assisterlo con il gioco, anche se è più probabile che il gioco sia per gli appassionati di corse.
Kekkyoku Nankyoku Daibouken (Japan)	Come pinguino, devi viaggiare per l'Antartide, facendoti strada tra le basi prima che scada il tempo. Sembra facile, giusto? Sbagliato. A ostacolare i tuoi progressi ci saranno crepe di ghiaccio e foche leopardo. Puoi saltare le fessure, ma saltare sopra le foche leopardo può essere difficile. Puoi accelerare o rallentare il pinguino per evitare entrambi questi pericoli. Le basi includono Australia, Francia, Nuova Zelanda, Stati Uniti, Argentina, Regno Unito e Giappone. Puoi raccogliere bandiere e mangiare pesce per ottenere punti. Raccogliere una bandiera lampeggiante ti consentirà di indossare un'elica che ti consentirà di sorvolare quei pericoli.
Kero Kero Keroppi no Daibouken (Japan)	Kero Kero Keroppi no Daibouken (Keroppi's Big Adventure) è basato sul popolare personaggio di Sanrio Keroppi. È un puzzle game per bambini in cui Keroppi deve salvare la sua ragazza Keroleen che è rinchiusa in un castello. Per farlo, deve risolvere i puzzle basati sull'azione in sette mondi a tema diverso con quattro diversi tipi di fasi (la superficie del labirinto, il volo di un aereo, un livello simile a Reversi e attraverso un campo di lava). Tutti gli oggetti nel gioco sono predeterminati; è necessario memorizzare lo schema per ogni playthrough in modo che un giocatore possa avanzare attraverso i livelli più rapidamente una volta raggiunto un certo grado di esperienza nel gioco.
Kero Kero Keroppi no Daibouken 2 - Donuts Ike wa Oosawagi!! (Japan)	Questo videogioco vede il personaggio di Sanrio alla ricerca di bambini perduti che sono stati rapiti dai mostri. Essenzialmente un clone standard di Super Mario Bros., il giocatore che controlla la rana dei cartoni animati deve saltare sulle piattaforme saltando sui cattivi o uccidendoli con la sua arma gracchiante. Ogni livello bonus prevede l'abbinamento dei personaggi del franchise Sanrio in un formato simile al gioco di carte Concentration. Le schermate di intervallo mostrano i progressi del personaggio durante il gioco. I livelli vanno dalla foresta a un ambiente balneare.
Keroppi to Keroriinu no Splash Bomb! (Japan)	&quot;Keroppi a Keroriinu no Splash Bomb!&quot; è un gioco abbastanza divertente in stile Bomberman, con un bel aspetto di roaming gratuito per i livelli, il che significa che devi trovare la tua strada attraverso i livelli per arrivare al boss, a differenza della maggior parte dei giochi di Bomberman in cui ogni livello è principalmente uno schermo. Presenta anche una trama molto originale.. il piccolo esserino bianco, che si rivela come Teruteru Chan nel finale, sta saltellando per *gasp* essere rapito! Quindi... essendo gli eroi che sono Keroppi e Keroleen, sono partiti, armati di palloncini d'acqua per salvare Teruteru Chan. La modalità a due giocatori offre il gioco simultaneo, che può funzionare a tuo vantaggio nella modalità a giocatore singolo.
Ki no Bouken - The Quest of Ki (Japan)	Il terzo gioco della serie Tower of Druaga è in realtà un prequel del gioco originale. Subito dopo che il demone Druaga ha rubato la Verga di Cristallo Blu, la dea Ishtar manda la sacerdotessa Ki a recuperarla. nnIl giocatore controlla Ki nel suo cammino verso l'alto i 60 livelli della torre. Come nel gioco originale, deve trovare la chiave per uscire da ogni piano della torre in un tempo limitato. Ma a differenza dell'originale, questo gioco è un platform e il giocatore controlla un Ki disarmato che deve evitare i mostri della torre. Per risalire, può scattare e saltare, e continuerà a salire finché il pulsante di salto viene tenuto premuto. Se colpisce un soffitto quando salta o un muro quando si precipita, cadrà a terra e rimarrà stordita per un momento.
Kick Off (Europe) (En,Fr,De,It,Nl)	Kick Off è stata la prima partita di calcio del suo genere, con una vista dall'alto verso il basso e, a differenza di altre partite di calcio dell'epoca, la palla non era incollata ai piedi dei giocatori. Giocare a Kick Off richiede abilità nel controllo della palla. C'è un'opzione per apprendere queste abilità senza essere molestati dall'opposizione. I calci piazzati come calci d'angolo, passaggi, contrasti in scivolata e dribbling possono essere praticati alla perfezione. Ogni giocatore in campo ha una combinazione unica di 4 attributi, vale a dire Pace, Stamina, Precisione e Aggressività. Man mano che avanzi, dovrai adattarti a diversi tipi di giocatori. Puoi giocare in un campionato composto da 8 squadre. Le squadre del campionato sono nel complesso alla pari ma hanno stili di gioco diversi con attributi dei giocatori per abbinare quello stile. Ci sono 12 diversi arbitri nel gioco.
Kickle Cubicle (USA)	Kickle Cubicle è un puzzle game a scorrimento di tipo Lolo in cui il Wicked Wizard King ricopriva il regno di ghiaccio e nascondeva le persone e i palazzi nelle profondità del ghiaccio. Armato del suo alito gelido, Kickle si propone di salvare i suoi amici e tenta di salvare il regno da questa sconcertante situazione di perenne inverno. Ogni livello ha un limite di tempo fisso e nemici che cercheranno di bloccare i tuoi progressi. Le quattro terre (Giardino, Frutta, Torta e Giocattolo) hanno 17 o 18 puzzle ciascuna. Sconfiggili tutti e c'è una fase speciale con 30 enigmi più impegnativi. Le tue opzioni principali sono muoverti, creare un blocco di ghiaccio e far scivolare un blocco di ghiaccio.
KickMaster (USA)	Il malvagio mago Belzed e le sue forze hanno attaccato il regno di Lowrel, ucciso il suo re e la sua regina e rapito la principessa Silphee. I giocatori prendono il controllo dell'aspirante artista marziale Thonolan che si propone di salvare Silphee e sconfiggere Belzed. nnKick Master è un platform a scorrimento laterale in cui i nemici vengono sconfitti usando vari calci e incantesimi. I nemici sconfitti rilasciano tre oggetti che ricaricano la salute o la magia di Thoalon, garantiscono una vita extra, lo danneggiano o aumentano la sua esperienza. Quando Thoalan guadagna un livello, i suoi MP massimi vengono aumentati e impara nuovi calci, come quelli scorrevoli, volanti, circolari o a farfalla. Lungo la strada, può anche raccogliere diversi incantesimi che danneggiano i suoi nemici, lo proteggono o riempiono la sua salute.
Kid Icarus (USA, Europe)	Un'emozionante avventura della mitologia greca. Nel lontano regno del &quot;Dominio degli Angeli&quot;, la malvagia Medusa ha rubato i Tre Sacri Tesori e imprigionato la Dea della Luce, Palutena. Nei panni di Kid Icarus, la tua missione è trovare i tesori, distruggere Medusa e liberare Palutena. Raccogli armi ed energia mentre viaggi tra le rovine in missione per sconfiggere Medusa e il suo esercito e salvare Palutena e i tesori del Palazzo Celeste. Se ci riuscirai, sarai l'eroe del &quot;Dominio degli angeli&quot;. Te la senti?
Kid Klown in Night Mayor World (USA)	Kid Klown e la sua famiglia stanno andando a esibirsi in un circo quando incontrano il mago Night Mayor. Chiede a Kid Klown di aiutarlo ad aprire un caveau del tesoro, ma Kid Klown, essendo stato avvertito del mago malvagio dai suoi genitori, rifiuta. Non volendo arrendersi così facilmente, il sindaco della notte rapisce la famiglia di Kid Klown e lo sfida a seguirlo nel suo mondo se vuole rivedere la sua famiglia.
Kid Kool and the Quest for the Seven Wonder Herbs (USA)	Kid Kool è un platform a scorrimento laterale. Il re è malato e Kool deve raccogliere le sette erbe magiche per curarlo entro tre giorni. nnA differenza della maggior parte dei platform, lo slancio è molto importante in Kid Kool. Fa diversi passi per raggiungere la massima velocità durante la corsa e non riesce a fermarsi per un centesimo. Non c'è controllo aereo, quindi quanto lontano è in grado di saltare dipende interamente dalla velocità con cui stava andando quando ha lasciato il suolo.
Kid Niki - Radical Ninja (USA)	In questo gioco d'azione a scorrimento laterale, Kid Niki deve salvare la sua amata principessa Margo che è stata rapita dal Mago di Pietra. Sei equipaggiato con una Spinning Sword per eliminare tutti i servitori che si trovano sulla tua strada. Puoi anche trovare una Campana d'Oro, il cui rintocco uccide a distanza, una Campana d'Argento, che crea uno scudo sonoro impenetrabile intorno a te, un Mini-Niki, che ti garantisce una vita extra, e una Mini-Principessa, che evita una Morte. Ci sono sette regni che devi attraversare, ognuno dei quali ha un capo alla fine. I sette boss sono Death Breath, Spike, Stone Buddha, The Horned Witch, Green Grub, Mad Monk, Samurai Guard e Stone Wizard,
Kidou Senshi Z Gundam - Hot Scramble (Japan)	Mobile Suit Z Gundam: Hot Scramble è un videogioco multigenere del 1986 sviluppato da Game Studio e pubblicato da Bandai per Family Computer. È basato sull'anime Mobile Suit Z Gundam ed è uno dei primi videogiochi di Gundam. nnA parte la versione molto successiva di Famicom Mini, c'erano due versioni del gioco: la versione originale; e una versione speciale della versione di prova della posizione centrale, a volte soprannominata Versione finale. Sono state rilasciate solo 1000 copie di questa seconda versione, rendendolo uno dei videogiochi più rari della storia.
King Kong 2 - Ikari no Megaton Punch (Japan)	Basato sul film &quot;King Kong Lives&quot; (chiamato King Kong 2 in Giappone), il giocatore prende il controllo di King Kong in una missione per salvare Lady Kong dalle forze del male. Questo è un gioco di azione e avventura in cui devi viaggiare in diversi mondi per sconfiggere i boss e guadagnare le chiavi necessarie per salvare Lady Kong dalla sua prigionia. I principali attacchi di King Kong sono prendere a pugni, saltare o lanciare massi contro tutti i suoi vari nemici.
King of Kings (Japan)	Una strategia a tema fantasy. Suona qualcosa come Famicom/Advance Wars o Daisenryaku, in cui l'obiettivo è conquistare rapidamente posizioni producendo molte unità ogni turno e inviandole contro le forze nemiche. Come in quei giochi, c'è anche una piccola grafica in primo piano delle due unità ogni volta che si incontrano per la battaglia, che mostra come stanno andando le due parti nel conflitto.
King's Knight (USA)	King's Knight è uno sparatutto dall'alto a tema fantasy in cui quattro eroi devono unirsi per sconfiggere un drago e salvare una principessa disperata. È stato uno dei primi giochi pubblicati da Square Soft (ora metà di Square Enix). King's Knight è una variazione del Knightmare di Konami che ha venduto molto bene.
King's Quest V (USA)	La versione NES di King's Quest V mantiene l'interfaccia basata su icone e la maggior parte delle posizioni, degli enigmi e dei dialoghi della versione precedente. La grafica doveva essere ridisegnata con meno colori e dettagli per adattarsi alle restrizioni dell'hardware e l'artwork in molte aree è diverso. nnQuesta versione rimuove la maggior parte delle soluzioni alternative ai puzzle e non consente molte azioni che renderebbero il gioco impossibile da vincere. Accorcia ed elimina anche diverse scene; ad esempio, è impossibile rivisitare il mago nella prima casa. Alcune località (come il deserto) sono più piccole. Alcune sequenze di morte sono state rimosse o modificate per non includere parole relative alla morte; inoltre, alcune descrizioni testuali sono state modificate.
Kings of the Beach - Professional Beach Volleyball (USA)	Kings of the Beach è una partita di beach volley due contro due. Devi muovere rapidamente la tua squadra sulla sabbia eseguendo servizi, colpi e punte non solo per battere le prestazioni, ma anche per superare in astuzia la squadra avversaria. Ci sono 15 livelli e 20 sfidanti da battere, su spiagge famose come Rio, Hawaii e Sydney, per essere incoronato Re della Spiaggia. Sono supportati anche il multiplayer cooperativo e competitivo (non in rete).
Kirby's Adventure (USA)	La Dream Spring, la fonte di tutti i sogni, si è prosciugata, facendo scomparire tutti i sogni di Dream Land. Ora tocca a Kirby salvare Dream Land! Kirby's Adventure è un gioco di piattaforma a scorrimento laterale di azione/avventura. Nei panni del palloncino rosa Kirby esplorerai numerose terre colorate con una varietà di nemici da sconfiggere. Per aiutare nel suo viaggio, Kirby ha la capacità di mangiare i nemici e sputarli come proiettili. Con alcuni nemici Kirby può catturare le loro abilità e ad es. ottieni una spada, spara laser o addirittura vola per il livello. Ci sono sette diverse fasi, ciascuna suddivisa in più livelli e talvolta contenente anche un paio di minigiochi bonus. La cartuccia di gioco è dotata di una batteria di backup che consente di salvare i giochi senza bisogno di password.
Kiteretsu Daihyakka (Japan)	Kiteretsu Daihyakka è un gioco platform d'azione per Nintendo Entertainment System. Il gioco è basato su un fumetto giapponese che ha anche una serie animata. nnKiteretsu ha realizzato una macchina viaggiante nel mondo dei sogni, lo specchio dei sogni. Ma è andato in tilt e ha disperso Kiteretsu e i suoi amici in Dream World. Sta a Kiteretsu salvarli e tornare a casa. nnIl gioco presenta una piattaforma standard con una funzione aggiuntiva in cui il giocatore può camminare e saltare a testa in giù. Il giocatore deve anche trovare progetti utilizzati per creare nuove invenzioni per progredire nel gioco.
Kiwi Kraze - A Bird-Brained Adventure! (USA)	Un giorno, una tribù di kiwi si stava divertendo e giocando fuori dallo zoo, solo per essere rapita dal malvagio Leopard Seal, che ha intenzione di venderli al mercato nero. Fortunatamente, durante il processo di rapimento, Tiki, leader della tribù, è riuscita a sfuggire al sacco, e il suo lavoro è salvare Phee-Phee e gli altri kiwi sparsi per la Nuova Zelanda, e sono tenuti in gabbie in varie località che includono Auckland, Rotorua, Waitomo Caves, Strait Cook e Mt. Cucinare. Se Tiki non salva un kiwi in un periodo di tempo limitato, il diavolo apparirà e cercherà di ucciderla. Quando Tiki raggiunge la periferia di ogni città, ad eccezione di Strait Cook, c'è un boss che aspetta di incontrare Tiki e ucciderla usando le loro armi scelte. A rendere difficile la missione di salvataggio ci sono anche molti cattivi che tentano di lanciarle contro le proprie armi, come bombe e frecce. Per sconfiggere questi nemici, Tiki spara contro di loro usando la sua balestra e le frecce. Il più delle volte, quando Tiki spara ai nemici, lasciano pezzi di frutta che lei può raccogliere per punti. Tuttavia, è probabile che Tiki possa ottenere altre armi o le lettere E, X, T, E, N e D. La raccolta di tutte queste lettere si tradurrà in una vita extra e, per quanto riguarda le armi, includono colpi laser, bombe e palle di fuoco. In alcuni livelli, alcune aree si trovano più in alto rispetto a sinistra o destra e l'unico modo in cui Tiki può salire è strappando qualcosa al nemico che le dà la possibilità di volare in alto. Altre aree sono sott'acqua e quando Tiki va sott'acqua, il suo misuratore di ossigeno diminuisce, quindi deve risalire in superficie per ripristinare i suoi livelli di ossigeno. Oltre alle sue stesse armi, Tiki è in grado di spruzzare acqua sui nemici se arriva in superficie.
KlashBall (USA)	Il futuro gioco sportivo originale, Speedball, si gioca su un piccolo campo con cinque giocatori per squadra, il che lo rende più frenetico del più famoso sequel. La palla deve essere lanciata in porta all'estremità del tuo avversario. È possibile stabilire qualsiasi quantità di contatto fisico e non ci sono modi illegali per prendere la palla o il gol. nnPrima di ogni partita puoi corrompere l'arbitro facendoti concedere un vantaggio o rafforzando le abilità dei tuoi giocatori. Gareggia in un semplice torneo di coppa a eliminazione diretta o in partite individuali a 2 giocatori.
Klax (Japan)	Un gioco d'azione/puzzle, l'obiettivo è catturare tessere che cadono di colori assortiti e creare righe, colonne o diagonali di un unico colore. Ogni livello richiede uno schema diverso da realizzare e le tessere cadono più velocemente, più alla volta e in un numero crescente di colori man mano che il gioco procede.
Knight Rider (USA)	Basato sull'omonimo programma televisivo, Michael Knight e la sua speciale macchina parlante K.I.T.T, alias Knight Industries Two Thousand, vengono contattati da Devon con un'altra missione. Un sito militare statunitense è stato perquisito e il P.I.V. bomba rubata dai terroristi. Seguendo il percorso previsto, KITT e Michael devono correre attraverso le strade degli Stati Uniti.
Konami Hyper Soccer (Europe)	Konami's Hyper Soccer è un gioco di calcio della serie Hyper Sports. Questo è un gioco d'azione per uno o due giocatori contro il computer o tra di loro. Puoi giocare in modalità torneo o giocare solo una partita in modalità dimostrativa. Puoi scegliere tra diverse squadre nazionali, selezionare la formazione iniziale della squadra e altri parametri del giocatore come velocità, tecnica, attacco, difesa, calcio e persino fortuna. Il calcio è dotato di rimesse laterali, rimesse in porta, calci d'angolo, calci di rigore e una vista dall'alto del campo che scorre per seguire l'azione.
Konami Wai Wai World (Japan)	Il giocatore inizia il gioco come Konami Man e può passare da Konami Man a Konami Lady. Se due giocatori stanno giocando, uno giocherà come Konami Man e l'altro come Konami Lady. Entrambi i giocatori non possono cambiare personaggio finché non salvano almeno un personaggio da uno dei sei livelli. Il giocatore deve giocare attraverso sei diversi livelli selezionabili che si svolgono in diversi giochi Konami e salvare il personaggio principale di quel gioco con una chiave con cui il giocatore può quindi giocare. Ogni personaggio ha abilità diverse per cominciare così come quelle che possono eventualmente acquisire. Il giocatore si avventura attraverso questi primi sei livelli in una sorta di modo non lineare con il gameplay.
Kouryuu Densetsu Villgust Gaiden (Japan)	In questo gioco controlli Murobo, un combattente coboldo. Un giorno la regina ti dice che un demone malvagio si sta preparando a conquistare la terra di Villgust e ad essere morte e distruzione per tutte le persone. Sei l'unico che può salvare il mondo, ma devi essere forte e trovare compagni, come combattenti simili a gatti di una città vicina, che ti aiutino nella tua difficile missione. nnLiberamente basato su una serie animata Villgust, il gioco è una miscela di giochi di ruolo tradizionali con combattimenti platform.
Koushien (Japan)	Puoi scegliere tra 16 squadre da giocare, otto squadre nazionali e otto squadre straniere provenienti dall'Asia e dall'Europa. Nella modalità One-Player giochi al computer in un torneo internazionale. Per due giocatori, ognuno di voi ha una squadra nel torneo. Tutte le partite durano sette inning. nnPer aiutarti a scegliere una squadra, la schermata Analisi potenza ti consente di vedere come le squadre valutano colpi, lancio, difesa generale e corsa. nnQuando sei pronto per battere puoi muoverti nella scatola, controllare il tuo swing e bunt. I lanciatori possono scegliere tra palla veloce e cambio e curvare la palla a sinistra e a destra. In difesa, tutti i giocatori possono tuffarsi per prendere palloni o saltare per rullante. Un grande vantaggio difensivo qui è la possibilità di spostare i giocatori in turni difensivi preimpostati, ad esempio per difendersi da pull hitter o bunt
Krion Conquest, The (USA)	L'Impero Krion ha scelto l'anno 1999 in cui mettere in scena un'invasione della terra. Le difese del pianeta non potevano competere con gli invasori robot alieni. Fortunatamente, una strega di nome Francesca si è impegnata a liberare da sola l'umanità da questo flagello. Il gameplay e lo stile artistico sono fortemente influenzati dai giochi per NES Mega Man (alcuni sostengono che gli elementi siano &quot;presi in prestito&quot; o &quot;rubati&quot;, in effetti). Il gioco è uno scroller laterale in cui l'eroina può esercitare una varietà di diverse capacità offensive (tutte disponibili dall'inizio del gioco), selezionabili tramite un sottoschermo nella sua missione per spazzare via ondate di invasori robot durante i quattro livelli. Hai anche un manico di scopa a portata limitata a tua disposizione per attraversare voragini e simili.
Krusty's Fun House (USA)	Krusty the Clown's Fun House è stata invasa dai topi. Devi aiutarlo a radunare i topi in macchine trappole per eliminarli. Per fare ciò, Krusty deve manipolare il suo ambiente per creare percorsi in modo che i topi si dirigano nella giusta direzione. Gli oggetti che Krusty sposta includono blocchi, ventole e pezzi di tubi. nnLe macchine trappole sono azionate da altri personaggi riconoscibili di Simpson: Bart, Homer, Sideshow Mel e Corporal Punishment.
Kujaku Ou (Japan)	Kujaku Ou the Peacock King, che è un giovane monaco del Monte Koya sotto la direzione del suo Maestro, viene inviato per indagare su strani incidenti paranormali che hanno preso il controllo del Giappone. Dotato di incantesimi magici del buddismo esoterico giapponese Shingon, può evocare il focoso Fudo, il misericordioso Kannon, il tempestoso Indra, il valoroso Marishi, l'alato Mayu il Signore del Pavone e altre divinità del pantheon in questo avvincente romanzo visivo. Combatti i demoni malvagi del Grand Grimoire! Salva le damigelle! Presenta una battaglia culminante tra il Signore Oscuro e il serpente Yamata e un finale alternativo segreto in cui l'eroe diventa un demone. Sviluppato dal popolare Manga di Makoto Ogino.
Kujaku Ou II (Japan)	L'eccitante sequel di Peacock King! Il gioco originale è Kujyaku Ou II c. 1990 NES un gioco di ruolo grafico e di avventura testuale basato sulla popolare serie manga di Makoto Ogino &quot;Peacock King&quot;. L'avventura continua mentre Peacock affronta l'incarnazione del generale Nobunaga Oda. Unisciti ad Asura, uno spirito focoso, al maestro di Jukindo Onimaru e al maestro Zen Kou Kaifou per combattere i servitori missionari di Nobunaga con una vasta gamma di incantesimi Shingon! Viaggia nel mistico mondo del Mandala del Loto e sconfiggi i demoni indù, i boddhisattva oscuri e il cattivo più oscuro di sempre, la Fenice! Trama avvincente in cui Peacock King scopre le sue origini oscure e la sua malvagia sorella gemella Tomoko!
Kung Fu (Japan, USA) (En)	Avrai bisogno di reazioni fulminee per mettere fuori combattimento il Lanciacoltelli, fermare lo Stick Fighter e inciampare nei malvagi Tom Tom Brothers in questa gara di arti marziali ricca di azione! Sei sicuro di essere abbastanza duro? Perché ci vorrà tutta la tua forza e abilità per padroneggiare le mosse in KUNG FU, battere i tuoi avversari e salvare la bella Sylvia che è tenuta prigioniera all'ultimo piano! L'azione è continua e proprio quando pensi di aver leccato i tuoi nemici c'è sempre un gigante, un serpente o un drago sputafuoco con cui lottare in KUNG FU!
Kung-Fu Heroes (USA)	Nel gioco d'azione Kung Fu Heroes on Nes i maestri Jacky e Lee tornano a casa dopo un lungo viaggio. Scoprono che la principessa Min-min è stata rapita e che i dieci tesori del regno sono scomparsi. Jacky e Lee dovranno viaggiare in otto castelli per eliminare la minaccia che incombe sul regno e trovare la principessa Min-min. Può anche essere giocato da due giocatori contemporaneamente.
Kunio-kun no Nekketsu Soccer League (Japan)	Sequel solo giapponese della Coppa del Mondo di Nintendo, che presenta un Kunio esperto di calcio che si unisce alla squadra giapponese per il tocco in più dell'azione di combattimento tra bande. nnIl gioco sembra e funziona più o meno come l'originale con te che controlli un personaggio principale su un campo a scorrimento laterale e hai un controllo minimo se i giocatori dell'IA passano o tirano la palla. Uniche al sequel sono le opzioni di combattimento più estese e la capacità di scattare e saltare, che apre un arsenale di mosse completamente nuovo. nnLe nuove caratteristiche grafiche includono effetti meteorologici e diversi campi in cui giocare. Come per l'originale, il gioco supporta il gameplay per 4 giocatori e include una modalità lega (torneo 1P), Vs e una modalità speciale contro i calci di rigore.
Kurogane Hiroshi no Yosou Daisuki! - Kachiuma Densetsu (Japan)	Simulatore di corse sportive. Non controlli il cavallo durante la corsa. Scegli un cavallo, i dettagli della competizione e osserva nel dettaglio l'andamento delle gare, dall'inizio alla fine. L'azione viene mostrata non da una vista, ma in modi diversi, ma prima dei salti, oltre alla scelta di diversi (numerosi) parametri, verranno visualizzati tutti i tipi di dialoghi dei cartoni animati e screen saver. La vittoria dipende da un sottile calcolo dei parametri del cavallo nelle condizioni di arrivo. Il giapponese rende difficile capire le possibili alternative.
Kyonshiizu 2 (Japan)	Kyonshis 2 è un gioco d'azione e avventura di Taito ed è basato sull'omonimo film, che a sua volta era il sequel di un film conosciuto in occidente come Mr. Vampire. Il gioco stesso non ha un predecessore: mentre Phantom Fighter è basato sul film precedente della serie, il gioco è arrivato dopo questo e non è correlato.
Kyoto Hana no Misshitsu Satsujin Jiken (Japan)	Kyouto Hana no Misshitsu Satsujin Jiken è l'ultima parte della trilogia dei giochi Yamamura Misa Suspense rilasciata per Famicom in Giappone. Come gli altri giochi, il gioco si svolge in una prima prospettiva con opzioni di testo da selezionare. Alcune volte nel gioco dovrai fare clic sulle cose sullo schermo grafico con un puntatore, ma la maggior parte del gioco verrà spesa selezionando le azioni dal menu. Il gioco si svolge verso la metà di agosto. Il cadavere di una donna è stato trovato e devi cercare l'assassino. Per fare ciò devi svolgere molti compiti come viaggiare in luoghi diversi e chiedere alle persone cosa hanno visto o sentito dell'omicidio. Durante il corso del gioco, il giocatore può salvare il proprio gioco in qualsiasi momento.
Kyoto Ryuu no Tera Satsujin Jiken (Japan)	Kyouto Ryuu no Tera Satsujin Jiken è il primo di una serie di omicidi gialli di Taito, basati sul lavoro del prolifico scrittore di gialli giapponese Yamamura Misa. Come molti dei suoi colleghi di giochi di avventura criminale Famicom, l'obiettivo è rintracciare un assassino utilizzando le abilità investigative fornite: esaminare scene del crimine, raccogliere prove e parlare con sospetti e altri utili NPC. Il gioco e i suoi sequel non sono mai stati localizzati o rilasciati al di fuori del Giappone.
Kyouryuu Sentai Zyuranger (Japan)	Kyoryu Sentai Zyuranger è un videogioco basato sull'omonima serie Super Sentai. È stato rilasciato per Family Computer (o Famicom; noto fuori dal Giappone come Nintendo Entertainment System) da Angel Studios e pubblicato da Toei. È un gioco d'azione a scorrimento laterale in cui il giocatore prende il controllo di un diverso Zyuranger in ciascuna delle cinque fasi del gioco. Il gioco include due impostazioni di difficoltà e una funzione di password. nnIl giocatore inizia il gioco come Boi nella prima fase, seguito da Mei, Dan, Goushi e Geki nelle fasi successive. Ogni Zyuranger inizia la sua fase brandendo la pistola Ranger standard, che può essere sostituita con l'arma leggendaria corrispondente del personaggio trovando l'ingresso alla stanza di Barza in ogni fase. Ogni fase contiene anche dieci monete sparse che ripristineranno completamente l'indicatore della vita del giocatore una volta completamente raccolte, oltre a mostrare un'immagine del mecha del personaggio e delle sue specifiche. Alla fine di ogni fase, il giocatore affronterà uno dei principali cattivi dello spettacolo. I cattivi affrontati sono Pleprechuan, Tottpatt, Bookback, Grifforzer e la stessa Bandora.
Kyuukyoku Harikiri Koushien (Japan)	Kyuukyoku Harikiri Koushien è un gioco di baseball per Famicom, non diversamente dagli altri. Il principale punto di attrazione di questo è che ci sono circa 100 squadre tra cui scegliere. Inoltre, le statistiche di baseball tradizionali non vengono utilizzate, anzi, ogni giocatore ha una forza e una velocità prestabilite, e questo è tutto ciò che devi sapere. Una bella aggiunta è il misuratore di potenza, che può aiutare la tua squadra ad andare avanti se usato correttamente. Se hai giocato ad altri giochi di Kyuukyoku Harikiri, sai esattamente di cosa si tratta, quindi se ti piacciono, prova anche questo!
Kyuukyoku Harikiri Stadium - '88 Senshu Shin Data Version (Japan)	Kyuukyoku Harikiri Stadium '88 Senshuu Shin Data lit. Ultimate Harikiri Stadium '88 Players Updated Data Version) è un gioco di baseball sviluppato da Taito Corporation per Famicom. È una versione aggiornata dell'originale Kyuukyoku Harikiri Stadium di Taito. Come il suo predecessore, è un semplice gioco di simulazione di baseball per Famicom che non è mai stato rilasciato al di fuori del Giappone. A parte un aggiornamento del roster e alcuni miglioramenti grafici, c'è poca differenza tra questo gioco e il precedente della serie. Questo processo per ottenere piccoli miglioramenti incrementali tra le versioni annuali sarebbe diventato una pratica comune nei giochi sportivi per console.
Kyuukyoku Harikiri Stadium - Heisei Gannen Ban (Japan)	Un noto gioco di ruolo che mira a diventare l'ultimo gioco di baseball. La caratteristica principale di questo gioco è la password.
Kyuukyoku Harikiri Stadium III (Japan)	Kyuukyoku Harikiri Stadium III è un gioco di baseball sviluppato e pubblicato da Taito Corporation per la piattaforma Famicom (NES). Il Kyuukyoku Harikiri Stadium III è il terzo della serie di baseball giapponese per il Famicom. È un gioco di baseball Famicom pubblicato da Taito, sebbene lo sviluppatore esatto (Taito generalmente esternalizzasse i propri giochi Famicom a sviluppatori indipendenti come TOSE o Micronics) sia incerto. Il nome in realtà significa qualcosa come &quot;Ultimate Excitement Stadium&quot; e &quot;Harikiri&quot; non deve essere confuso con &quot;Harakiri&quot;, che significa suicidio rituale per sventramento. Per prima cosa, le mazze da baseball sono troppo schiette.
Labyrinth (Japan)	Questo gioco è tratto dall'omonimo film americano uscito nel 1986 con David Bowie (Il ragazzino blu che vedi nello screenshot) e Jennifer Connelly (in rosso). nnUna giovanissima ragazza romantica che si sente a disagio nella sua famiglia scappa leggendo storie fantastiche. Il suo libro preferito &quot;The Labyrinth&quot; apre le porte di un altro mondo una notte. Sarah vede suo fratello minore, Toby, rapito da una truppa di elfi agli ordini del bello e crudele Jareth. Va in soccorso del bambino ed entra nel labirinto che conduce al palazzo del rapitore.
Lagrange Point (Japan)	Nel 22° secolo, l'umanità ha lasciato la Terra. Iniziò una nuova epoca spaziale, chiamata era di Iside. Gli esseri umani hanno costruito un'oasi nello spazio profondo, una stazione spaziale chiamata LaGrange Point. Da lì, potrebbero inviare spedizioni su pianeti remoti ed esplorare lo spazio. Tu controlli un giovane pilota di nome Jin. Un giorno, quando scendi a LaGrange dalla tua navicella spaziale, vieni attaccato da misteriosi invasori robotici. Il tuo compito ora è viaggiare nello spazio e scoprire la causa dell'assalto. Ma non sospetti nemmeno di essere presto coinvolto in un profondo mistero che era destinato molto tempo fa...
Lasalle Ishii no Child's Quest (Japan)	La Salle Ishii no Childs Quest è stato sviluppato e pubblicato da Namco. Presenta e prende il nome dal personaggio televisivo giapponese La Salle Ishii e si concentra su un manager assediato (il protagonista, chiamato dal giocatore) e la sua band J-Pop di tre membri &quot;Childs&quot;. Per ottenere la fama e i finanziamenti necessari per rendere Childs un grande successo, il giocatore (in quanto manager) deve &quot;combattere&quot; vari funzionari stressati e convincerli a concedere i diritti d'autore alla band, dotare la band dell'attrezzatura di cui hanno bisogno per esibirsi e vola attraverso il Giappone stipulando accordi e procurando più denaro. Inoltre, il gruppo opera in battaglia come una singola entità: ogni pezzo di equipaggiamento si applica anche a tutti i membri della band contemporaneamente. Il gioco si svolge in modo quasi identico a Dragon Quest, ma è reso notevolmente più strano dalla sua moderna ambientazione giapponese e dalle premesse insolite.
Laser Invasion (USA)	In Laser Invasion stai cercando di impedire al nemico di schierare un nuovo tipo di super arma mentre salvi un agente sotto copertura catturato. nnIl gioco è una raccolta di tipi familiari di gameplay. La prima fase è una battaglia aerea in elicottero simile a Top Gun. La seconda fase è uno sparatutto in prima persona a scorrimento laterale come Operation Wolf. La terza fase è una caccia al labirinto con influenze da Golgo 13. nnIl gioco si svolge in quattro livelli
Last Action Hero (USA)	Danny Madigan sta guardando un'anteprima dell'ultimo film del suo eroe preferito, Jack Slater, quando viene misteriosamente catapultato all'interno dello schermo; ora in piedi accanto al suo idolo preferito. Sei Jack Slater, un eroe di un film d'azione, che affronta il maniaco dell'ascia &quot;The Ripper&quot;, che tiene una scuola sotto assedio, e Benedict, un cattivo che vuole usare il biglietto di Danny per portare il terrore nel mondo reale. nnIl gioco, basato sull'omonimo film, con protagonista Arnold Schwarzenegger, è molto diverso per ogni piattaforma. Per la maggior parte di loro, il gameplay può essere diviso in due parti: livelli di combattimento a scorrimento laterale e inseguimenti in auto selvagge per le strade.
Last Armageddon (Japan)	La Terra è cambiata. Non sappiamo ancora cosa sia successo all'umanità, ma sappiamo che è stato sradicato. La nuova Terra si chiama Makai, il Mondo dei Demoni. Generazioni di creature mitologiche abitano il pianeta, dal quale l'essere umano è misteriosamente scomparso. Un giorno, un'ondata di energia colpisce la Terra. I leader dei demoni si rendono conto che una razza aliena robotica proveniente dallo spazio minaccia la loro esistenza. L'esplosione trasforma la terra in una terra desolata. Molti demoni muoiono nel caos della distruzione. Ora spetta ai demoni rimasti respingere gli invasori alieni, riportare la pace nella razza demoniaca e forse scoprire di più sul tragico destino dell'umanità.
Last Ninja, The (USA)	In The Last Ninja, assumi il ruolo di Armakuni mentre cerca a Manhattan l'elusivo Kunitoki. Attraverso sei fasi 3D, dovrai usare sia le tue abilità ninja come combattente che come pensatore per affrontare i tuoi nemici e risolvere gli enigmi che ostacolano i tuoi progressi. Accumulerai molti tipi di armi e oggetti lungo il percorso, ma il loro uso finale potrebbe differire dall'ovvio. Alla fine, dovrai mostrare a Kunitoki chi comanda in qualsiasi secolo. Mostragli cosa significa essere The Last Ninja.
Last Starfighter, The (USA)	The Last Starfighter è basato sull'omonimo film del 1984. L'eroe deve pilotare da solo un caccia stellare straordinariamente potente per distruggere un'armata nemica. L'azione si svolge nello spazio esterno da una prospettiva a scorrimento laterale in cui la nave rimane sempre allineata al centro dello schermo ma è in grado di girare avanti e indietro mentre accelera e decelera. La nave può anche collassare in una configurazione più snella. I nemici vengono verso di te da tutte le direzioni e in tutte le formazioni. Spara loro il più rapidamente possibile e allo stesso tempo disabilita gli incrociatori stellari della flotta nemica nel miglior modo possibile.
Law of the West (Japan)	Il West è fuori controllo e c'è un nuovo sceriffo in città. Mentre vaghi per le strade polverose di questa città da cowboy tenendo in ordine la legge, incontri molti personaggi che vanno dai pistoleri alle donne. Devi usare le tue abilità di conversazione per superare ogni personaggio e se ciò non funziona, potresti dover usare le tue abilità di estrazione rapida e stabilire la legge.
Layla (Japan)	Layla, un membro di 17 anni del gruppo delle forze speciali CAT, ha bisogno di salvare la sua compagna e fidanzata Iris che è stata rapita dal dottor Manitoka malato. Otto asteroidi devono essere esplorati alla ricerca di Iris, ciascuno diviso in due sezioni: la prima parte riguarda la superficie dell'asteroide mentre la seconda parte riguarda la vera base nemica. La schermata di gioco scorre sempre da sinistra a destra e non è consentito tornare indietro. Durante la navigazione attraverso gli interni cavernosi degli asteroidi, i dischi delle password devono essere recuperati dal giocatore. Alla fine di ogni base attende un boss che deve essere sconfitto.
Lee Trevino's Fighting Golf (USA)	Quando questa simulazione di golf è stata rilasciata nel 1988, si diceva che fosse &quot;di gran lunga la migliore simulazione di golf disponibile&quot;. Da 1 a 4 giocatori possono giocare su un campo da 18 buche americano o giapponese. Le modalità di gioco sono: Stroke Play - Il vincitore ha il minor numero di colpi attraverso 18 buche. Partita Nassau - I giocatori competono l'uno contro l'altro per i punti. Esercizio: un singolo giocatore può esercitarsi sulla propria buca preferita. La meccanica del movimento è: premere A per iniziare la salita, premere A nella parte superiore dell'altalena, premere A all'impatto. I colpi alti e bassi possono essere selezionati premendo su o giù sul pannello di controllo. Subito dopo il contatto, un altro tocco veloce del pulsante A nello stesso momento in cui il sinistro o il destro applicheranno uno spin alla palla.
Legacy of the Wizard (USA)	Legacy Of The Wizard è un gioco di ruolo d'azione su Nes. Il giocatore controlla una famiglia composta dal padre, un taglialegna; della madre, esperta di magia; del figlio, un valoroso guerriero; della figlia, atleta; e infine di un mostro domestico. Il giocatore deve scegliere quale membro della famiglia incarnare a seconda della situazione, ogni personaggio ha caratteristiche diverse. Spetta al giocatore sfruttarli al meglio e finalmente essere in grado di far mordere la polvere a un drago demoniaco...
Legend of Kage, The (USA)	Interpreti Kage, un abile ninja in cerca di salvare la principessa Kiri dalle mani del signore della guerra Yoshi. Armato solo di una spada e di &quot;coltelli stellari&quot;, devi combattere contro innumerevoli scagnozzi e boss occasionali per completare il tuo compito. I livelli includono la foresta, il fossato, l'interno e l'esterno del castello. Questi livelli si ripetono al cambiare delle stagioni. Il gameplay è a scorrimento laterale. Le mosse di Kage includono l'abilità di saltare estremamente in alto nell'aria, afferrare e arrampicarsi sugli alberi, bloccare e attaccare con la sua spada e lanciare shuriken. Il gioco a volte può essere impegnativo perché il giocatore muore in un colpo. I 2 giocatori sono supportati, ma devono fare a turno.
Legend of Robin Hood, The (USA) (Proto 2)	Anche se, ecco un altro buon gioco che non è mai arrivato sugli scaffali. Questo gioco era in produzione, sfortunatamente anche il film di Kevin Costner era in produzione contemporaneamente. Questo gioco era nelle fasi finali prima del rilascio. In questo momento vitale è uscito il film Robin Hood, Prince of Thieves di Kevin Costner. Ma Arcadia non aveva i fondi per concedere in licenza sia Nintendo che il film, sono stati costretti a ritirarsi. Il gioco in sé è molto divertente, è un gioco di ruolo d'azione e mostra la vita di tutti i Merry-Men.
Legend of Zelda, The (USA)	In uno dei tempi più bui del Regno di Hyrule, un giovane ragazzo dalle orecchie a punta di nome Link intraprende un'epica missione per ripristinare la frammentata Triforza della Saggezza e salvare la Principessa Zelda dalle grinfie del malvagio e assetato di potere Ganon. The Legend of Zelda per NES segna il primo titolo di azione e avventura della popolare serie Nintendo. I giocatori devono farsi strada attraverso le varie foreste, cimiteri, pianure e deserti dell'Overworld per trovare gli ingressi segreti degli otto dungeon nel tentativo di mettere insieme la Triforce distrutta. Una volta che tutti i pezzi saranno uniti, Link potrà ottenere l'ingresso a Death Mountain, casa di Ganon e prigione della principessa Zelda. Il gioco è disegnato in una prospettiva dall'alto verso il basso. Link inizia la sua ricerca nell'Overworld, che presenta foreste, montagne e laghi ed è diviso in diverse schermate. Link può esplorare l'Overworld liberamente, anche se quando entra in uno schermo, incontrerà diversi nemici. Può attaccarli con la sua spada. Se il collegamento è in piena salute, può lanciare la sua spada per attaccare i nemici da lontano, ma quando è ferito, anche leggermente, può combattere solo in mischia.
Legendary Wings (USA)	Legendary Wings è un gioco d'azione top-down. In un universo che mescola mitologia greca e armi futuristiche, voli attraverso 6 livelli e cerchi di far mordere la polvere a un intero gruppo di nemici con intenzioni più che bellicose. I bonus sono presenti sulla pista e rendono il tuo aereo più veloce, più resistente o più letale.
Legends of the Diamond - The Baseball Championship Game (USA)	Legends Of The Diamond su Nes è un gioco di baseball. Il titolo include 30 giocatori famosi, 2 stadi diversi oltre alle tradizionali modalità Esibizione e Torneo. È giocabile con due giocatori.
Lemmings (USA)	Il tuo compito è salvare i Lemming attraverso 120 livelli di enigmi frenetici. Queste creature camminano semplicemente alla cieca attraverso il mondo nella speranza di raggiungere la salvezza alla fine del livello - sfortunatamente questi livelli includono dislivelli, fessure nel terreno, barriere e fiumi tra gli altri pericoli. nnNon hai il controllo di nessun singolo Lemming, ma di un mirino, che può essere spostato su qualsiasi Lemming. Lungo il fondo ci sono una selezione di funzioni che possono essere assegnate a un Lemming, tra cui arrampicarsi, galleggiare e colpire. È necessario fare clic per selezionare la funzione appropriata, quindi fare clic sul Lemming per attivarla. Ogni livello ha una diversa gamma di abilità offerte, una diversa quantità di Lemming e un diverso obiettivo percentuale per progredire.
Lethal Weapon (USA)	In questo gioco, basato sulla serie di film, puoi giocare nei panni di Martin Riggs o Roger Murtaugh per completare quattro missioni principali, prima di affrontare un'ultima bonus. Per ogni missione puoi scegliere il personaggio appropriato. Camminando, saltando e nuotando, calciando o sparando agli avversari devi fermare i crimini nella tua amata L.A. nnIn primo luogo, devi fermare gli spacciatori che vogliono trasportare i loro soldi dal molo, dove ti infiltri. In secondo luogo, devi fermare i terroristi suicidi che sono entrati nella metropolitana. In terzo luogo, devi disinnescare una bomba, piazzata da un altro gruppo terroristico nel centro commerciale. In quarto luogo, devi intrufolarti in un complesso di uffici per liberare un ostaggio, Leo Getz. E infine, devi scoprire e fermare un ex sergente di polizia, che sta fornendo proiettili perforanti ai criminali locali.
Life Force (USA)	In una parte lontana dell'universo è nata una creatura aliena chiamata Zelos. Man mano che cresceva, cresceva anche il suo appetito e presto iniziò a divorare centinaia di galassie, pianeti e stelle. Ora il tuo pianeta è apparso sul percorso di Zelos e spetta a te e al tuo partner volare in battaglia per salvare il tuo mondo. Life Force è uno sparatutto ricco di azione basato sul gioco arcade. Ci sono sei livelli che si alternano tra scorrimento laterale e verticale, ognuno dei quali termina con un potente guardiano. Durante il gioco, la distruzione di alcuni nemici rilascerà potenziamenti che possono essere utilizzati per equipaggiare la tua nave con armi più potenti, velocità extra e scudi. Il gioco è per uno o due giocatori contemporaneamente.
Lion King, The (Europe)	Il giovane Simba non vede l'ora di essere il re. Suo padre è l'attuale re della savana e il giovane principe riesce a divertirsi nelle terre a suo piacimento, saltando dentro e intorno ad altri sudditi del regno animale. Quando il padre di Simba, Re Mufasa, viene assassinato e il suo malvagio fratello, Scar, prende il controllo del regno, Simba viene bandito dalle terre della sua tenuta e deve crescere velocemente, affinando le sue abilità, per il giorno del suo ritorno.
Little Lancelot (USA) (Piko Interactive)	The Legend of Prince Valiant è un gioco d'azione a scorrimento laterale in cui il giocatore assume il ruolo di Prince Valiant. Il gioco è concesso in licenza dalla serie televisiva di cartoni animati con lo stesso nome, che a sua volta è basata su una vecchia serie di fumetti.Nei panni di Valiant, il giocatore deve trovare Camelot e andare alla ricerca di King Arthur per diventare un cavaliere.Nella maggior parte dei livelli il giocatore deve solo spostarsi sul lato destro dello schermo per raggiungere l'uscita di ogni livello. Per tutto il tempo i nemici spawneranno e attaccheranno Valiant. Oltre agli umani, il gioco offre anche la sua quota di creature mitiche che devono essere sconfitte, inclusi i draghi. Il giocatore deve anche saltare sopra trappole e acqua o affrontare la morte. Il giocatore può essere colpito più volte e può rigenerare la salute trovando power-up.
Little League Baseball - Championship Series (USA)	Puoi scegliere tra 16 squadre da giocare, otto squadre nazionali e otto squadre straniere provenienti dall'Asia e dall'Europa. Nella modalità One-Player giochi al computer in un torneo internazionale. Per due giocatori, ognuno di voi ha una squadra nel torneo. Tutte le partite durano sette inning. nnPer aiutarti a scegliere una squadra, la schermata Analisi potenza ti consente di vedere come le squadre valutano colpi, lancio, difesa generale e corsa. nnQuando sei pronto per battere puoi muoverti nella scatola, controllare il tuo swing e bunt. I lanciatori possono scegliere tra palla veloce e cambio e curvare la palla a sinistra e a destra. In difesa, tutti i giocatori possono tuffarsi per prendere palloni o saltare per rullante. Un grande vantaggio difensivo qui è la possibilità di spostare i giocatori in turni difensivi preimpostati, ad esempio per difendersi da pull hitter o bunt
Little Magic (Japan)	Little Magic è un gioco di strategia in cui impersoni una giovane strega.
Little Mermaid, The (USA)	In questa versione de La Sirenetta della Disney interpreti la sirenetta Ariel. Ariel ha già incontrato Eric e hanno in programma di sposarsi, ma la strega del mare Ursala ha preso il controllo dell'oceano! Così Ariel (dopo aver spiegato cosa sta succedendo a Eric) diventa di nuovo una sirena e parte per salvare il mare. Il gioco si svolge da una visuale laterale e Ariel (nuotando per la maggior parte del tempo, ma saltellando occasionalmente sulla terraferma) può sparare bolle per intrappolare i suoi nemici e poi lanciarli l'uno contro l'altro. Può anche scavare nella sabbia per trovare tesori e raccogliere conchiglie per aiutarla ad aprire i forzieri. Il tesoro che trova nella sabbia di solito è solo punti bonus, ma il tesoro che trovi nei forzieri aumenterà la potenza e la portata della tua bolla.
Little Nemo - The Dream Master (USA)	Basato su un fumetto degli anni '40, Nemo è un giovane ragazzo di Londra convocato nel regno di Slumberland, un regno fantastico pieno di strane creature e luoghi da sogno. Presto apprendi che il Re di Slumberland è stato rapito dal Principe degli Incubi e ti viene chiesto di salvarlo dalla Principessa Camille. Usando la tua unica arma, un sacco di caramelle, stordisci i nemici e culla gli animali amichevoli per aiutarti a superare livelli come la Foresta dei Funghi e la Terra dei Treni. Questo platform presentava personaggi con licenza e opere d'arte del fumetto, oltre all'utilizzo di animali, come scimmie e talpe, per attraversare il diverso terreno.
Little Ninja Brothers (USA)	Blu Boltar, signore del clan Yoma ha invaso la Cina e ha catturato l'imperatore. Inviando una trasmissione televisiva in tutto il regno, Blu Boltar si dichiara il sovrano. Jack e Ryu sono i maestri ninja di Chinaland, addestrati sotto il loro mentore sul monte Epin. Dopo aver appreso la notizia della cattura dell'Imperatore, decisero di sconfiggere Blu Boltar e il suo Yoma Clan.
Little Samson (USA)	La più pazza di tutte le avventure! La Forgia Imperiale è stata invasa da Ta-Keed il Principe delle Tenebre! Solo i proprietari delle Magic Bells possono impedire al suo esercito di distruggere il regno. Guidati dal giovane alpinista Samson, una squadra di improbabili eroi è pronta a scacciare il diavolo per sempre! Diventa un drago sputafuoco, una robusta statua di pietra vivente o un topo agile e intelligente! Perfora il cielo e sputa palle di fuoco con Kikira il Signore dei Draghi! Schiaccia le truppe nemiche con i tuoi pugni di granito con Gamm il Signore della Pietra. Sfuggi agli ultimi terribili mostri mentre pianti bombe con K.O. il topo. Queste creature si uniscono a Sansone per formare un'alleanza unica e potente, l'ultima speranza della Forgia Imperiale!
Lode Runner (USA)	L'Impero Bungeling ha rubato un enorme deposito d'oro ai legittimi proprietari e la tua missione è infiltrarti nel suo tesoro e riconquistarlo. Ciò comporta l'avanzamento attraverso 150 schermi di piattaforme, scale e funi. nnL'Impero ha inviato guardie robotiche per proteggere l'oro e il contatto con uno di questi ti costerà una vita. Il tuo metodo per sfuggirgli è premere il fuoco per scavare un buco nella loro linea di movimento, facendoli così cadere brevemente, permettendoti di muoverti attraverso il divario in sicurezza. Una volta che tutto l'oro è stato raccolto, viene aggiunta una scala che ti consente di passare alla schermata successiva. Il completamento di queste schermate spesso richiede pianificazione e precisione in anticipo. nnQuesto è stato uno dei primi giochi a includere un editor di livelli, consentendo la creazione di nuovi progetti di livelli senza abilità di programmazione.
Lone Ranger, The (USA)	Nei primi anni 1880 in Texas, un uomo è tornato per portare giustizia al fuorilegge che ha ucciso suo fratello ei suoi ex compagni, i Texas Rangers. Il suo nome è Lone Ranger. Il fuorilegge, il cui nome è Butch Cavendish, ha ora rapito il presidente. È giunto il momento per l'uomo mascherato di iniziare il suo viaggio avventuroso allo scopo di salvare in sicurezza il presidente e vendicare la morte di suo fratello e dei suoi ex compagni.
Loopz (USA)	Un gioco di puzzle in cui l'obiettivo principale è creare loop! Pezzi casuali sono presentati su una tavola, comprese linee e angoli semplici, nonché curve a S e altre forme deformate, di varie dimensioni. Spetta al giocatore collegarli in una forma ad anello, quindi passare al livello successivo. I pezzi possono essere posizionati su qualsiasi spazio vuoto sulla griglia e ruotati in una delle quattro direzioni principali della bussola. nnTutti i pezzi che non fanno parte del loop finito quando un livello è completato vengono lasciati sullo schermo, quindi è utile giocare verso 2 loop distinti, per assicurarti di avere opzioni a seconda dei pezzi che vengono estratti - a differenza di Pipe Dream ci sono nessun indizio su quali pezzi arriveranno dopo..
Lost Word of Jenny - Ushinawareta Message (Japan)	Jenny sta andando a teatro per esercitarsi per un ruolo imminente. La sua sceneggiatura viene però rubata e deve rintracciare le pagine in diverse fasi che vengono inserite attraverso il mondo hub. Dopo aver raccolto una chiave e memorizzato lettere e numeri, vai a teatro e li usi per sbloccare il lucchetto a combinazione. Jenny ha 2 abilità: pugni e calci e, dopo aver raccolto potenziamenti, lanciare stelle e spray per insetti
Lot Lot (Japan)	Lot lot è un gioco di puzzle. L'obiettivo del gioco è di estrema semplicità. Manipolare le palline in questo modo finché non cadono nei box e generano punti. nnIl gioco ha cinque box: Out, 0 punti, 10 punti, 30 punti e 50 punti. nnOgni livello inizia dandoti un punteggio target che dovrai raggiungere prima di passare al livello successivo. nnLo schermo è diviso in sedici sezioni. Le pareti di quelle sezioni scompaiono casualmente e le palline cadranno o rotoleranno nell'altra sezione o in una fossa nella parte inferiore dello schermo. nnSullo schermo troverai due frecce di cui la seconda freccia segue la prima ma con un leggero ritardo e si ferma nella stessa posizione della prima.
Low G Man - The Low Gravity Man (USA)	L'anno è il 2284 e la razza umana ha perfezionato i viaggi spaziali e sta colonizzando la galassia. Per aiutare, vengono utilizzati robot di tutti i tipi nell'esplorazione di nuovi pianeti. Ci sono persino interi pianeti dedicati alla produzione di nuovi robot. Ma poi una razza aliena ha catturato uno dei pianeti fabbricanti di robot e ha riprogrammato i robot per distruggere gli umani! Ora tocca a te entrare e riprendere il pianeta. Usando uno zaino a bassa gravità, hai la possibilità di saltare più in alto di quanto normalmente possibile. Hai anche una vasta gamma di armi per aiutare a combattere i robot che sorvegliano il pianeta e puoi trovare armi aggiuntive distruggendo determinati robot. Alcuni robot viaggeranno sui veicoli. Se distruggi l'autista, puoi catturare il veicolo per aiutarti nella tua missione.
Lunar Pool (USA)	Si tratta di un gioco di biliardo futuristico, in cui i tavoli sono progettati in forme e dimensioni diverse. Questo rende il gioco più simile al minigolf che al biliardo tradizionale. È possibile regolare la potenza di ogni colpo, ma non l'effetto. In modalità giocatore singolo si deve liberare il tavolo senza perdere più di 3 volte. Ci sono 60 tavoli diversi e 255 livelli in totale da giocare in sequenza, e si può anche cambiare il livello di attrito. È anche possibile giocare testa a testa con un altro giocatore.
Lupin Sansei - Pandora no Isan (Japan)	Lupin Sansei: Pandora no Isan, &quot;Lupin the Third: Legacy of Pandora&quot; è un videogioco per Family Computer basato sulla popolare serie Lupin III di Monkey Punch ed è una sorta di sequel del film Il castello di Cagliostro. È stato sviluppato da TOSE e pubblicato da Namco sotto la loro etichetta Namcot il 6 novembre 1987 solo in Giappone. nnIl gioco è in qualche modo simile al titolo arcade rilasciato in precedenza da Namco, Rolling Thunder, con l'aggiunta di più gadget e la possibilità di passare tra i tre personaggi principali. Lupin ei suoi alleati possono trovare altri personaggi in ogni fase che possono essere corrotti per avere informazioni. Anche l'ostinato Zenigata fa la sua comparsa, presente in ogni fase, nel tentativo di arrestare Lupin.
M.C. Kids (USA)	L'Hamburger ha rubato la borsa dei trucchi di magia di Ronald! In questo platform 2D, sta a te giocare nei panni di Mick o Mac e riaverlo indietro. Attraversa varie terre e incontra i personaggi di McDonald's mentre viaggi in luoghi come Ronald's Clubhouse, Birdie's Treehouse e Hamburglar's Hideout mentre raccogli le carte di Ronald. nnPer uccidere i tanti nemici animali che troverai, devi raccogliere i mattoni e lanciarli. In alcuni tratti percorrerai l'acqua in gommone; guarda anche le piattaforme in movimento e le sezioni bonus. Il gioco presenta sette mondi diversi con oltre 30 livelli principali e nove livelli bonus.
M.U.L.E. (USA)	MULE. Un nuovo mondo ricco di opportunità. Per ricchezza. E potere. E puoi diventare l'abitante più ricco e potente del pianeta appena scoperto, possedendo la maggior parte della terra, estraendo il metallo più prezioso e fornendo più cibo ed energia a tutti i contadini, ovvero i tuoi avversari. Per vincere servono i MULE (Multiple Use Labor Elements), che sono una specie di asini meccanici che fanno il tuo lavoro sporco: coltivare cibo, estrarre e produrre energia. I MULE sono fondamentali, quindi ti consigliamo di ottenerne il maggior numero possibile nel modo più economico possibile. E a proposito, il tradimento è accettabile. Quindi usalo quando necessario. Quindi siediti e goditi la tua ricchezza e il tuo potere.
M.U.S.C.L.E. - Tag Team Match (USA)	MUSCOLO. (Millions of Unusual Small Creatures Lurking Everywhere) è uno dei primi giochi di wrestling per NES basato sulla linea di giocattoli popolare negli anni '80. MUSCOLO. ti permette di scegliere due stelle del wrestling dal M.U.S.C.L.E. universo (da una selezione di otto) in un torneo match tag team in modalità a un giocatore e contro un amico in modalità a due giocatori. Ogni lottatore ha una mossa speciale che può essere utilizzata raccogliendo il power pellet che galleggia sul ring in casi casuali.
Mach Rider (Japan, USA) (En)	Doma la strada e salva il mondo, questo è il programma di Mach Rider su NES. Sali sulla tua moto e salva i sopravvissuti all'invasione delle Arti Oscure sulla Terra. Dovrai superare dieci livelli da capogiro ed eliminare i tuoi avversari usando la tua mitragliatrice o spingendoli fuori strada. Usa la modalità Progettazione per creare i tuoi circuiti, ma fai attenzione, questi vengono eliminati quando spegni la console.
Mad Max (USA)	Tu sei Mad Max. Guidi il tuo Interceptor attraverso le lande desolate post-apocalittiche e combatti i banditi. L'introduzione al gioco è il discorso dell'inizio del film Mad Max 2 (alias The Road Warrior), che ti racconta come è finito il mondo e come The Road Warrior, ha perso tutto per &quot;il rombo di un motore&quot; e come è andato nelle lande desolate &quot;imparato a vivere di nuovo&quot;. Il gioco si svolge in una vista dall'alto in cui sposti la tua auto per attaccare le auto nemiche e raccogliere i serbatoi di carburante (se esaurisci il carburante, il gioco finisce).
Mafat Conspiracy, The (USA)	Giochi nei panni di Golgo 13 alias Duke Togo, asso tiratore scelto e assassino. Basato su un personaggio di vari fumetti manga, Golgo è un uomo d'affari alla fine di una pistola. Bloccato nel mondo dello spionaggio tra gruppi come l'FBI e la CIA, Golgo è costantemente in pericolo mortale e un'arma letale a pieno titolo. The Mafat Conspiracy è il sequel del gioco per NES Top Secret Episode. In questo capitolo, Golgo deve rintracciare un satellite scomparso dal sistema di difesa laser SDI, salvare un grande scienziato e fermare coloro che userebbero il satellite per ricattare e terrorizzare le nazioni del mondo.
Magic Candle, The (Japan)	La candela magica è meglio descritta come un clone di Ultima. È un gioco di ruolo top-down, multiplayer, guidato dai party. nnLa trama ruota attorno a te (Lukas) e al tuo gruppo di intrepidi avventurieri, il cui compito è sigillare il demone Dreax all'interno della Candela Magica (che sta bruciando e, quando lo fa, viene rilasciato). nnIl gioco ha 3 livelli di difficoltà (cambiando il numero di &quot;giorni&quot; in cui puoi completare il gioco.)nnUn sacco di viaggi, dungeon crawling, esplorazione di città e, soprattutto, molte conversazioni con i personaggi non giocabili.
Magic Darts (USA)	Magic Darts on Nes è un gioco di freccette in cui puoi giocare a 6 diversi tipi di gioco: 301, 501, 701, conteggio, cronometraggio e metà. Hai anche la possibilità tra 10 personaggi (una scimmia, un alieno, un robot...). Per una maggiore precisione il lancio dipende da 4 fattori: la posizione, la curva, l'angolo e la potenza. Questo gioco consente a 4 giocatori di competere l'uno contro l'altro.
Magic Johnson's Fast Break (USA)	Fast Break è un gioco di basket di azione e strategia per uno o due giocatori. Si gioca tre contro tre sull'intero tracciato con quarti di 12 minuti. All'inizio della partita puoi personalizzare la tua squadra scegliendo tra una varietà di giocatori diversi, ognuno con i propri punti di forza e di debolezza. Sono inclusi 14 giochi diversi che possono essere utilizzati durante il gioco insieme al playmaker che ti consente di progettare i tuoi giochi. I giocatori possono essere sostituiti e il playbook modificato chiamando i timeout o aspettando la fine di un quarto.
Magic of Scheherazade, The (USA)	Il malvagio mago Sabaron convocò un'orda di demoni per invadere l'Arabia. Un coraggioso mago ha cercato di combattere Sabaron, ma è rimasto intrappolato nei buchi del tempo. Questo mago sei tu. Viaggiando attraverso periodi di tempo diversi, dovrai fermare i piani malvagi di Sabaron e salvare la bellissima principessa Scheherazade che ha rapito. nn&quot;Magic of Scheherazade&quot; è una miscela di stili di gioco di ruolo di combattimento a turni e d'azione. Girovagando per l'Arabia, incontrerai nemici che combatterai in tempo reale, usando varie armi. Sarai anche attaccato da nemici con i quali ti impegnerai in combattimenti strategici party contro party. Puoi scegliere tra tre classi di personaggi: Guerriero, Santo e Mago. Ogni classe ha le sue abilità speciali che utilizzerai nelle battaglie e durante la tua esplorazione del mondo di gioco.
Magical Taruruuto-kun - Fantastic World!! (Japan)	Prima uscita nel gioco d'azione ispirato a Magical Taruruuto-kun per Famicom, sviluppato da TOSE e pubblicato da Bandai, che è stato rilasciato in Giappone nel 1991. In questo primo atto, interpreti il nostro eroe che combatte i nemici con la sua lingua. Devi completare una successione di piccoli livelli raccogliendo uova che ti daranno dei bonus (vita aggiuntiva, evoluzione...). Ricorda Super Mario Bros. 3. Magical Taruruuto-kun è una serie manga giapponese di Tatsuya Egawa, pubblicata su Weekly Shonen Jump di Shueisha dal 1988 al 1992, che copre un'edizione raccolta di 21 volumi. È stato adattato in una serie televisiva anime che è durata 87 episodi e tre lungometraggi dal 1990 al 1992.
Magical Taruruuto-kun 2 - Mahou Daibouken (Japan)	Seconda uscita nel gioco d'azione ispirato a Magical Taruruuto-kun per Famicom, sviluppato da TOSE e pubblicato da Bandai, che è stato rilasciato in Giappone nel 1992. Questa volta il nostro eroe combatte con le sue mani, a differenza del primo atto in cui ha combattuto il nemico con la sua lingua. Viaggia attraverso molti mondi con molti livelli cercando di non essere toccato dai tanti nemici che li occupano. Magical Taruruuto-kun è una serie manga giapponese di Tatsuya Egawa, pubblicata su Weekly Shonen Jump di Shueisha dal 1988 al 1992, che copre una raccolta di 21 volumi edizione. È stato adattato in una serie televisiva anime che è durata 87 episodi e tre lungometraggi dal 1990 al 1992.
Magician (USA)	Merlwood era una volta una terra di pace e prosperità. Le persone vivevano in armonia tra loro e con l'ambiente circostante grazie all'influenza benevola degli stregoni nativi e delle loro arti magiche. Tutto taceva finché un mago ambizioso di nome Abadon iniziò a lottare per il potere. Abadon ha sopraffatto gli altri stregoni, ha portato il male nel paese e si è fatto suo sovrano. Solo Paul, un giovane apprendista stregone, rimase ad affrontarlo. Riuscirai a portare Paul alla vittoria o Abadon regnerà per sempre su Merlwood?
Magmax (USA)	Una minaccia aliena ha attaccato i mondi della civiltà e ha devastato i loro pianeti. Tuttavia, prima di essere conquistato, un gruppo di scienziati è riuscito a creare un'ultima arma e l'ha nascosta sottoterra. Il nome dell'arma è Mag Max e solo lei potrebbe essere in grado di sconfiggere gli invasori alieni. Mag Max tuttavia è incompleto e per motivi di sicurezza, le sue parti componenti sono sparse per la terra. Attraverso la loro collezione, la forza di Mag Max aumenta. Mag Max è uno sparatutto a scorrimento laterale. All'inizio, Mag Max è solo un minuscolo velivolo da combattimento in grado di sparare proiettili a bassa potenza
Magnum Kikiippatsu - Empire City - 1931 (Japan)	In questa conversione di sala giochi di Empire City: 1931, ambientata nel 1931, sei un agente federale che deve eliminare tutte le attività criminali a New York City. Devi dare la caccia ai criminali e sparargli uno per uno. Per individuare un criminale devi solo seguire la freccia a sinistra oa destra dello schermo. L'uccisione dei criminali avviene spostando il mirino su di essi. Un conto alla rovescia inizierà il conto alla rovescia se un criminale inizia a spararti. Devi uccidere il criminale prima che il timer raggiunga lo zero o perderai una vita. Nuovi proiettili possono essere raccolti sparando alle scatole dei proiettili che appaiono regolarmente nel gioco come altri oggetti utili. I criminali a volte prendono ostaggi per proteggersi. Salva questi ostaggi per ottenere punti aggiuntivi.
Maharaja (Japan)	Maharaja è un gioco di avventura con elementi RPG pubblicato da Sunsoft e sviluppato da Quest. nnIl protagonista è un giovane che recupera dal fiume Gange un mistico scrigno del tesoro appartenente al Maharaja. Viene ricompensato con una festa per aver recuperato l'oggetto, ma la principessa lo avverte più tardi la stessa notte che la generosità del Maharaja è uno stratagemma e che è controllato da un mago malvagio e ha intenzione di uccidere l'eroe al mattino. L'eroe fugge dal palazzo per cercare un modo per liberare il Maharaja e salvare la principessa, ottenendo l'assistenza degli dei lungo la strada.
Mahjong (Japan)	Come suggerisce il titolo, questo gioco consente ai giocatori di giocare a Mahjong. I giocatori ricevono e scartano le tessere finché non completano le mani formando gruppi e coppie. I giocatori possono scegliere di giocare a un livello di difficoltà principiante, intermedio o esperto. Il livello di competenza dell'esperto introduce un limite di tempo al procedimento. Il gioco tiene anche traccia del punteggio durante il gioco.
Mahjong Club Nagatachou - Sousaisen (Japan)	Il gioco offre due modalità: gioco normale e torneo. In una partita normale, selezioniamo tre avversari (sono tutti dello stesso livello); tutti tirano i dadi per decidere chi cammina per primo. Non appena il gioco finisce, il gioco passa al menu principale. Nel torneo il gioco è lo stesso, ad eccezione dei giocatori di diverso livello professionale e del fatto che si gioca a punti. La lingua è il giapponese.
Mahjong RPG Dora Dora Dora (Japan)	Gamelove ha le seguenti informazioni sul gioco Mahjong RPG Dora Dora Dora disponibile su NES. Mahjong RPG Dora Dora Dora è un gioco da tavolo pubblicato su Nintendo NES negli anni '90. Questa app offre una novità ancora inutilizzata nel famoso gioco da tavolo cinese Mahjong. Il gioco, infatti, ti offre la possibilità di giocare semplici partite contro un computer o la possibilità di navigare in un'avventura in un vero e proprio gioco di ruolo. Si tratta quindi di combattere i tuoi nemici confrontandoti attorno a un tavolo.
Mahjong Taikai (Japan)	Mahjong Taikai è un gioco di mahjong in cui il giocatore gareggia contro famosi personaggi storici. La maggior parte degli avversari sono famosi signori della guerra come Giulio Cesare, Zhuge Liang, Gengis Khan, Oda Nobunaga, Napoleone e altri.
Mahjong Taisen (Japan)	Futuristico gioco di ruolo mahjong con regole classiche, in cui cadi in un'astronave verso un pianeta sconosciuto. Di conseguenza, è popolata da una popolazione medievale del tutto fantastica. Poco dopo l'incidente, incontri una guardia e ci porta dal re, che è lieto di combatterci nella prima battaglia di Mahjong. Il personaggio ha vite e mana che aumentano con il livello. Il mana viene speso in azioni speciali durante i giochi di mahjong. Durante il viaggio potrai comunicare, interagire con gli oggetti ed entrare in diverse battaglie. Se non vuoi combattere, puoi acquistare un &quot;anello di fuga&quot; dai negozi (come molti altri oggetti).
Mahou no Princess Minky Momo - Remember Dream (Japan)	Il personaggio principale, Minky Momo, usa la magia per sterminare il ricercato Bugoo. Mentre Momo passeggia per la città, viene coinvolta in un caso, che deve risolvere attraverso una serie di sottogiochi.
Maison Ikkoku (Japan)	Maison Ikkoku è un gioco di avventura grafica basato su un menu giapponese basato su serie di anime e manga. I giocatori controllano Yusaku Godai e dovranno aiutarlo a trovare una foto segreta che è stata nascosta dal manager. Godai dovrà corrompere gli inquilini, che si muovono continuamente per la casa per avere accesso alla stanza di Kyoko. Ma anche se Godai arriva nella stanza del direttore e cerca di guardare la foto incorniciata, succede sempre qualcosa che costringe Godai a lasciare la stanza. Così, dopo vari tentativi, Godai prende la logica decisione (o meno) di raccogliere le foto di tutti i residenti della pensione per far sì che Kyoko gli mostri la foto. Il gioco permette al giocatore di spostarsi tra le diverse location della pensione e della città, rimanendo costantemente a corto di denaro e incontrando tutti gli attori del fumetto originale, compreso Nikaido che non è apparso nell'anime.
Majaventure - Mahjong Senki (Japan)	Questo è un gioco per NES che tratta della versione originale di Mahjong, un gioco che ha avuto origine in Asia molti secoli fa, ma con un tocco unico in stile RPG. Mahjong è un gioco avvincente che assomiglia molto al poker, ma con le tessere. Ha le sue complessità ed essere in giapponese non aiuta il pubblico di lingua inglese, ma, una volta imparato, puoi divertirti incredibilmente con questo gioco!
Major League (Japan)	Quella migliore commedia di Baseball è qui tradotta in un gioco per computer per famiglie! Combattimenti accesi tra 14 squadre delle principali leghe statunitensi e giapponesi! Molti circuiti integrati che sintetizzano ti fanno sentire come se fossi davvero nello stadio.
Major League Baseball (USA)	Major League Baseball su Nes, è un gioco di baseball con un gameplay orientato alla sala giochi. Sono presenti tutte le 26 squadre di campionato dell'epoca. Prima di ogni partita il giocatore avrà la possibilità di scegliere la propria formazione in base alle proprie preferenze.
Majou Densetsu II - Daimashikyou Galious (Japan)	Il sequel del gioco per MSX di Konami Knightmare. Mentre il primo gioco era uno sparatutto a scorrimento verticale dall'alto, The Maze of Galious è un gioco platform con schermo a scorrimento con vista laterale. Il giocatore controlla Popolon e Afrodite, entrando nel castello del prete malvagio Galious per liberare il loro figlio non ancora nato Pampa dalle grinfie malvagie del prete. nnMajou Densetsu II: Daimashikyou Galious è un gioco di ruolo, sviluppato e pubblicato da Konami, uscito in Giappone nel 1987.
Maniac Mansion (Japan)	La villa Edison è sempre stata una vecchia casa inquietante ai margini della città. Ci sono state voci di strani esperimenti in corso e di strane creature che vivono nella famiglia Edison. C'è anche una storia secondo cui un meteorite si è schiantato vicino alla casa quasi 20 anni fa. Più immediatamente, una ragazza di nome Sandy è scomparsa dal liceo locale e il suo ragazzo Dave giura di aver visto il dottor Fred rapirla. Dave sa che non può farcela da solo e avrà bisogno dell'aiuto di altri due studenti se ha qualche speranza di infiltrarsi nella villa e salvare Sandy.
Maniac Mansion (USA)	La villa Edison è sempre stata una vecchia casa inquietante ai margini della città. Ci sono state voci di strani esperimenti in corso e di strane creature che vivono nella famiglia Edison. C'è anche una storia secondo cui un meteorite si è schiantato vicino alla casa quasi 20 anni fa. Più immediatamente, una ragazza di nome Sandy è scomparsa dal liceo locale e il suo ragazzo Dave giura di aver visto il dottor Fred rapirla. Dave sa che non può farcela da solo e avrà bisogno dell'aiuto di altri due studenti se ha qualche speranza di infiltrarsi nella villa e salvare Sandy.
Mappy (Japan) (En)	Controlli Mappy, un topo della polizia il cui compito è raccogliere oggetti di valore (elettronica di consumo) dalla casa di un gatto. Sei perseguitato da una banda di cinque gatti rosa. Le porte sono la tua unica difesa contro i gatti. Si passa da un piano all'altro saltando su uno dei trampolini. I punti si guadagnano recuperando merce rubata. Altri modi per guadagnare punti sono rimbalzare su un trampolino, mettere i gatti nel microonde, colpire un gatto con una porta, colpire i gatti con un campanello, recuperare un tesoro dal gatto Boss Goro o far cadere gatti attraverso un buco nel pavimento.
Mappy Kids (Japan)	Mappy il topo aveva un figlio di nome Happy. Happy è cresciuto e ora vuole vivere con una moglie. Tuttavia, la ragazza che vuole sposare non accetterà il matrimonio finché Happy non dimostrerà di poter mantenere una famiglia. Quindi ora tocca a Happy accumulare una piccola fortuna per compiacere la sua futura moglie. Ovviamente, il boss cat Nyamco e la sua legione di muki impediscono che ciò sia facile.
Mappy-Land (USA)	Mappy il topo ha una ragazza di nome Mapica. Per compiacere la sua ragazza, Mappy va in missione per raccogliere regali per la sua dolce metà. Sfortunatamente il gatto capo Nyamco e la sua legione di gatti rosa vogliono rintracciare Mappy in modo che possano farne un pasto. L'obiettivo del gioco è raccogliere 6 oggetti su 1 in ogni fase senza essere mangiati da un gatto. Gli oggetti che raccogli (pezzi di formaggio, fedi nuziali, alberi di Natale o palle da baseball) variano a seconda della fase in cui giochi. Ci sono anche oggetti specifici del livello in background che ti aiuteranno a sconfiggere i tuoi avversari felini.
Marble Madness (USA)	Un porting del gioco arcade. L'idea è ingannevolmente semplice: guida una biglia lungo un percorso senza colpire ostacoli o deviare dal percorso. Il gioco è visto da una prospettiva isometrica, il che rende più difficile rimanere concentrati sulla direzione che la palla deve seguire. Ci sono corridoi stretti da seguire e nemici da evitare. C'è una modalità a 2 giocatori in cui i giocatori devono correre fino al traguardo; altrimenti stai correndo contro il tempo.
Mario Bros. (World)	Mario e Luigi stanno facendo delle tubature sotterranee quando ogni sorta di strane creature volano fuori dai tubi. Tartarughe, granchi e persino mosche combattenti attaccano l'indifeso Mario Bros. Sta a te prendere a calci, pugni e mettere fuori combattimento questi parassiti delle fogne prima che scada il tempo! Ma attenzione. Proprio quando pensi di esserti sbarazzato di loro, tornano per averne di più! Gioca contro il computer o con un amico: in entrambi i casi, questo è un classico underground che vorrai giocare più e più volte!
Mario is Missing! (USA)	Bowser, il cattivo simbolico della serie Mario Bros., non ha intenzione di fare di nuovo bene in questo gioco educativo progettato per insegnare la geografia ai bambini. Questa volta ha stabilito il suo quartier generale in Antartide e ha creato portali per 25 città famose in tutto il mondo, in modo che i suoi Koopa possano devastare il nostro mondo. Ha anche rapito Mario, da cui il titolo di questo gioco. Giochi nei panni di Luigi che deve sventare i piani di Bowser entrando attraverso ciascuno dei portali, rintracciando i Koopa che hanno rubato manufatti famosi e cercando indizi sulla tua posizione. Una volta che hai impostato tutto a posto e determinato dove ti trovi, chiami Yoshi sul tuo Globulator in modo che possa rintracciarti. Hai bisogno dell'aiuto di Yoshi per mangiare il Pokey (una creatura simile a un cactus) che sta a guardia del portale di ritorno, e quando Luigi ritorna può chiudere il portale per sempre.
Mario's Time Machine (USA)	Bowser ci riprova! Sta usando una macchina del tempo, chiamata Timulator, per saccheggiare reperti storici del passato, al fine di immagazzinare il suo museo. Ha in programma di distruggere la macchina del tempo dopo, e quindi di cambiare il corso della storia per sempre. Spetta a Mario fermare Bowser e riportare tutti i manufatti rubati al loro legittimo posto nella storia!
Marusa no Onna (Japan)	Marusa no Onna è un gioco di avventura basato sul film giapponese &quot;A Taxing Woman&quot;. Una donna revisore fiscale, Ryōko Itakura, ispeziona i conti di varie società giapponesi, scoprendo redditi nascosti e recuperando tasse non pagate. Un giorno convince il suo capo a lasciarla indagare sul proprietario di una serie di love hotel che sembra evadere le tasse, ma dopo un'indagine non viene trovata alcuna prova. Durante le indagini l'ispettore e il proprietario ispezionato, Hideki Gond?, sviluppano un tacito rispetto reciproco.
Mashin Eiyuuden Wataru Gaiden (Japan)	In questo gioco viaggi per il mondo cercando di salvare Wataru dal malvagio antagonista Darkdar. La visualizzazione principale dell'overworld è la vista standard dall'alto verso il basso della maggior parte dei JRPG, completa di battaglie casuali. Una volta che hai ingaggiato il tuo nemico, la prospettiva passa a una vista laterale in cui piloti il tuo mech e combatti contro i mostri. È veloce e fluido e tutto si gioca in tempo reale, con salti e attacchi mappati sui pulsanti A e B.
Masuzoe Youichi - Asa Made Famicom (Japan)	Masuzoe Youichi è un'avventura testuale sul lavoro di un uomo d'affari in un ufficio, dove dà ordini alla sua segretaria, comunica con il suo capo e dipendenti e chiama i clienti. Il menu dei comandi si trova a destra (ciò che è distintivo è nei pittogrammi), il testo di accompagnamento in basso e la grafica occupa la maggior parte dello schermo a sinistra. Il gioco è diviso in quattro parti, e tra di esse sono inseriti dei quiz, le cui risposte aiutano a far avanzare la trama.
Matsumoto Tooru no Kabushiki Hisshou Gaku (Japan)	Matsumoto Tooru no Kabushiki Hisshou Gaku 2 è il sequel dell'originale Matsumoto Tooru no Kabushiki Hisshou Gaku e come quel gioco è un simulatore di borsa simile a qualcosa come Wall Street Kid. Il giocatore deve tenere traccia di quali azioni sono in aumento e in calo, identificare le tendenze e investire con saggezza per garantire una vita ricca e felice.
Matsumoto Tooru no Kabushiki Hisshou Gaku - Part II (Japan)	Matsumoto Tooru no Kabushiki Hisshou Gaku 2 è il sequel dell'originale Matsumoto Tooru no Kabushiki Hisshou Gaku e come quel gioco è un simulatore di borsa simile a qualcosa come Wall Street Kid. Il giocatore deve tenere traccia di quali azioni sono in aumento e in calo, identificare le tendenze e investire con saggezza per garantire una vita ricca e felice.
Mechanized Attack (USA)	Mechanized Attack è un adattamento di uno sparatutto arcade in cui il giocatore usa una mitragliatrice per organizzare un assalto a un'isola tropicale che ospita un esercito di cyborg. In questo port per NES, il giocatore può utilizzare un gamepad o il NES Light Zapper per portare a termine la missione. Combatti attraverso numerose fasi iniziando con un approccio all'isola. Questa prima fase si svolge sull'acqua e presenta l'attacco a un certo numero di piccole cannoniere, un elicottero e un'intera corazzata. Man mano che il giocatore avanza attraverso le fasi dell'isola, i nemici umani (e persino canini) si rivelano essere robot quando la carne viene distrutta. In vari momenti del gioco, il giocatore può scegliere quale percorso di gioco seguire.
Mega Man (USA)	Nella futura città di Monsteropolis, l'uso del lavoro robotico ha aiutato la civiltà a crescere più che mai. In prima linea in questa tecnologia ci sono il Dr. Light e il suo assistente Dr. Wily, a cui viene commissionato di costruire sei robot per gestire una serie di compiti specifici. Sono chiamati Bombman, Gutsman, Iceman, Cutman, Elecman e Fireman in riferimento alle loro funzioni principali individuali. Il Dr. Wily, tuttavia, ha piani più grandi e sceglie di prendere il controllo dei robot e scatenare la distruzione nel tentativo di controllare il mondo. Il Dr. Light reagisce con lo strumento migliore che ha, un robot sperimentale simile a un umano, Rock aka Mega Man, che è stato testato per svolgere compiti di pulizia. Ora adeguatamente armato, tocca a Mega Man affrontare i robot anticonformisti, farsi strada nel castello del Dr. Wily e porre fine a questa follia.
Mega Man 2 (USA)	Dopo aver sconfitto i sei robot del Dr. Light che sono stati riprogrammati dal malvagio Dr. Wily in Mega Man, sembrava che il mondo fosse al sicuro. Ma non doveva essere. Il Dr. Wily è scappato di prigione ed è più arrabbiato che mai, questa volta ha creato otto nuovi Robot Master per conquistare il mondo e annientare Mega Man! Il mondo è condannato? Mega Man 2 è il sequel del gioco NES Mega Man. In questo gioco, Metal Man, Air Man, Bubble Man, Quick Man, Crash Man, Flash Man, Heat Man e Wood Man sono le otto creazioni premio del Dr. Wily che sono state inviate per conquistare il mondo. Quando Mega Man sconfigge questi boss, può rubare i loro poteri e usarli per se stesso. Ogni Robot Master è debole contro l'arma di un altro e, attraverso la sperimentazione, Mega Man può avere il sopravvento usando l'arma contro cui è vulnerabile.
Mega Man 3 (USA)	Tutto inizia ancor prima di Mega Man, il Dr. Light crea un robot che chiama Proto Man, il robot scappa senza lasciare traccia, il Dr. Light decide di non rimanere nel passato e crea due robot, Rock and Roll. nnÈ l'anno 20XX, il Dr. Wily si rammarica delle sue malefatte e decide di collaborare con il Dr. Light per creare Gamma e 8 Robot Masters per essere i protettori della pace, ma i Robot Masters si ribellano e scappano con alcuni cristalli che servirebbero da energia per Gamma, ecco come Mega Man deve uscire e distruggere gli 8 Robot Master.
Mega Man 4 (USA)	In Mega Man 4, il dottor Wily viene dichiarato ucciso dall'esplosione di Gamma. Passa un anno e Rock, Roll e Dr. Light vivono in pace. Ma presto, la pace viene interrotta da una nuova minaccia. nnUn presunto collega del Dr. Light, il misterioso Dr. Cossack, ha inviato otto dei suoi Robot Master per trovare Mega Man, che cosacco incolpa per il rapimento di sua figlia. Mega Man, sperando di riabilitare il suo nome, parte alla ricerca del Dr. Cossack, questa volta armato con una nuova potente arma: il Rock Buster!!nnnnRockman ora deve combattere con i diabolici Robot Masters di Cossack e trovare la figlia di Cossack prima che sia troppo tardi!nnnnOriginariamente per NES, Mega Man 4 è stato rilasciato anche per PSX in Giappone come quarto capitolo della serie Rockman Complete Works.
Mega Man 5 (USA)	Mega Man 5 si svolge durante il 21° secolo (20XX), due mesi dopo gli eventi di Mega Man 4, con lo scienziato pazzo Dr. Wily, ancora una volta, cerca di conquistare il mondo. Proto Man, fratello di Mega Man un tempo alleato, guida un esercito di robot in una serie di attacchi distruttivi in ​​tutto il mondo. Nel suo desiderio di indebolire i difensori della Terra, Proto Man rapisce il suo stesso creatore, il genio scientifico Dr. Luce. Mega Man non ha altra scelta che fermarlo, e per questo dovrà affrontare un nuovo gruppo di otto potenti Robot Master.
Mega Man 6 (USA)	Che i giochi inizino!nnProvengono da Stati Uniti, Canada e Giappone. I migliori designer del mondo ei loro migliori guerrieri robotici sono venuti a competere nel primo torneo annuale di robotica. Ma quello che era iniziato come un gioco ha improvvisamente preso una svolta terrificante! Alla vigilia del Grand Championship, lo sponsor dell'evento ha annunciato che l'intero torneo era solo un piano elaborato per mettere le mani sui robot più potenti del mondo! Ora di fronte a un esercito di mercenari di metallo, Mega Man deve combattere un nuovo feroce nemico: il misterioso Mr. X!
Meiji Ishin (Japan)	Meiji Ishin è un gioco di avventura che consente al giocatore di assumere un ruolo attivo nell'era della Restaurazione Meiji, che ha strappato il controllo del paese allo Shogunato e di nuovo all'Imperatore. La prima metà del gioco è trascorsa a raccogliere alleati che implica spostarsi da una regione all'altra, conversare con leader e samurai e, occasionalmente, combattere i nemici in duelli. Il secondo tempo lascia il posto a una simulazione di strategia tattica, mentre le forze reclutate dal giocatore marciano su Edo (Tokyo) per affrontare lo Shogun.
Meikyuu no Tatsujin - Daimeiro (Japan)	In Dai Meiro: Meikyū no Tatsujin il giocatore deve navigare in un labirinto 3D e raggiungere l'obiettivo. Lungo la strada, il giocatore deve trovare tutti gli oggetti speciali per aprire l'ultima porta. Ad ogni passo, il POW del giocatore si esaurisce, che può essere rigenerato raccogliendo oggetti lungo il percorso. Ci sono stanze segrete e oggetti che possono aiutare il giocatore a raggiungere l'obiettivo. Ci sono anche tre minigiochi che possono essere trovati nel labirinto. È possibile visualizzare una minimappa, ma questo costerà POW. Il gioco non ha combattimenti di cui parlare o incontri casuali. Ci sono tre livelli di difficoltà, che cambiano completamente la disposizione dei labirinti.
Meimon! Daisan Yakyuubu (Japan)	Meimon! Daisan Yakyuubu (&quot;Meimon! Il terzo club di baseball&quot;) è una simulazione di baseball per Famicom basata su un manga e un anime con lo stesso nome su una squadra di baseball del liceo perdente e sul dramma che li circonda. Il giocatore può accedere alla modalità storia del gioco, che raffigura scene del manga, selezionando &quot;Modalità drammatica&quot; dal menu della schermata del titolo. Questo aggiunge anche i ritratti dei personaggi alla modalità di gioco principale. Il gioco stesso è un gioco di baseball per NES abbastanza standard. La prospettiva di lancio / battuta è direttamente dietro il battitore e il giocatore muove l'intero gruppo di difensori contemporaneamente ogni volta che la palla viene colpita. Graficamente, i molti atleti superdeformi assomigliano a quelli di Famista di Namco (la serie su cui si basava RBI Baseball), che all'epoca era la principale franchigia di baseball.
Meimon! Takonishi Ouendan - Kouha 6 Nin Shuu (Japan)	Meimon! Takonishi Ouendan (di solito indicato come &quot;The West Tako Cheerleaders&quot;, ma letteralmente si traduce in &quot;Prestigious School! West Tako Cheerleading Squad&quot;) è un gioco di strategia Famicom basato sull'omonimo manga su un giovane che si unisce alle intimidatorie leader cheerleader dal suo squadrone scolastico. Nel 1987, questa stessa proprietà ha visto anche un adattamento cinematografico dal vivo.
Meitantei Holmes - Kiri no London Satsujin Jiken (Japan)	Meitantei Holmes: Kiri no London Satsujin Jiken (&quot;Grand Detective Holmes: London Murder Fog&quot;) è un gioco di avventura tipo omicidio in cui il giocatore dirige Sherlock Holmes in giro per Londra per trovare indizi e interrogare testimoni e sospetti. Questo è il sequel del precedente gioco di Sherlock Holmes di Towa Chiki (Sherlock Holmes: Hakushaku Reijou Yuukai Jiken) e ha ricevuto un sequel (Meitantei Holmes: M-Kara no Chousenjou). Nessuno di questi giochi è stato rilasciato al di fuori del Giappone.
Meitantei Holmes - M kara no Chousenjou (Japan)	Meitantei Holmes: M-Kara no Chousenjou è un moderno videogioco di avventura in prima persona per Family Computer basato sulle storie di Arthur Conan Doyle. È il sequel di Sherlock Holmes: Hakushaku ReijÅ YÅ «kai Jiken e Meitantei Holmes: Kiri no London Satsujin Jiken, quest'ultimo uscito il 13 maggio 1988. In Kiri no London Satsujin Jiken, il giocatore prende il controllo di Holmes e Watson per le strade di Londra. Il giocatore può raccogliere indizi e scellini per pagare cose come un biglietto dell'autobus, che gli consente di viaggiare più velocemente per Londra. Tutti questi videogiochi sono stati rilasciati esclusivamente in Giappone.
Mendel Palace (USA)	A Mendel Palace, sei Bun-Bun e devi salvare la tua ragazza Candy, che si è addormentata e ora è intrappolata nel suo sogno. Per progredire, devi attraversare varie aree che presentano bambole come nemici. I giochi vengono giocati su una tavola di tessere scorrevoli 7x5, utilizzando una vista dall'alto. Facendo scorrere le piastrelle del pavimento, sarai in grado di sbilanciarli e farli schiantare contro il muro, portando alla loro distruzione.
Metal Gear (USA)	Il folle colonnello Vermon CaTaffy pone una nuova minaccia terroristica al mondo. Il leader di Outer Heaven CaTaffy ha attivato la super arma definitiva: Metal Gear! In risposta alla crisi, l'unità segreta &quot;Fox Hound&quot; viene chiamata in azione, ed è qui che entri in gioco tu. Addestrato nel combattimento corpo a corpo e abile in ogni arma conosciuta dall'uomo, sei la letale macchina da combattimento di Fox Hound, nome in codice &quot;Solid Snake&quot;.
Metal Max (Japan)	&quot;Metal Max&quot; è un gioco di ruolo ambientato in un mondo futuristico, dove mostri e creature meccaniche vagano per la terra e dove molte persone vivono in enormi grotte sotterranee. Interpreti il ruolo di un ragazzino che vive in una città con suo padre e sua sorella maggiore. Il tuo sogno più grande è diventare un &quot;cacciatore&quot; - uccidere i mostri che vagano all'esterno e ricevere ricompense per questo. Tuo padre non approva il tuo sogno, ma decidi comunque di esplorare le grotte sotterranee che circondano la tua città, per saperne di più sul mondo in cui vivi e alla fine diventare un vero cacciatore e aiutare a rovesciare il male che minaccia il mondo.
Metal Slader Glory (Japan)	Metal Slader Glory è un gioco di avventura grafica in cui il giocatore interagisce con l'ambiente circostante il protagonista tramite comandi basati su menu. I comandi che il giocatore può scegliere variano a seconda del contesto, che di solito va dal parlare con i personaggi secondari all'investigare l'ambiente circostante. Il giocatore deve esplorare ogni possibile opzione affinché appaiano nuove scelte. Tuttavia, se il giocatore fa una scelta sbagliata, il gioco terminerà e il giocatore dovrà ricominciare il gioco da dove si era interrotto. Il giocatore può uscire in qualsiasi momento del gioco e continuare in seguito tramite una funzione di password.
Metal Storm (World) (Retro-Bit)	Metal Storm è un gioco d'azione in cui il giocatore prende il controllo del gigantesco mecha M-308 Gunner per porre fine a una minaccia malfunzionante del computer. nnPer evitare che diventi un altro gioco d'azione generico, l'innovazione viene mostrata attraverso un gameplay frenetico e l'abilità &quot;gravity flip&quot;, che consente al personaggio di passare liberamente tra il movimento lungo il pavimento o il soffitto. Sebbene il gioco sia lungo solo sette livelli, la difficoltà aumenta rapidamente, quindi la padronanza della tecnica della gravità e la memorizzazione dei livelli diventano indispensabili per la sopravvivenza.
MetalMech - Man & Machine (USA)	Controlli il pilota di un veicolo MetalMech (che sembra simile all'ED-209 delle licenze Robocop) che può muoversi attraverso lo schermo a sinistra oa destra, con il mech o senza, e sparare in qualsiasi direzione tranne che verso il basso. Il Mech è meglio corazzato, ma è anche un bersaglio più grande e troppo grande per salire le scale, quindi ti ritroverai tanto all'esterno quanto all'interno. Il tuo obiettivo è attraversare ogni livello pieno di nemici generati casualmente e raggiungere il successivo. I potenziamenti sono nascosti in vari contenitori e in vari luoghi.
Metro-Cross (Japan)	Semplice gioco a scorrimento laterale, in cui interpreti uno skater che deve superare una serie di ostacoli per raggiungere la fine del livello. nnPuoi pattinare su o giù per lo schermo, o anche saltare, per essere al sicuro dai tubi che incontri lungo la strada. Con il progredire del gioco, gli ostacoli sono più frequenti e più impegnativi, ma l'essenza è la stessa. Il tempismo è tutto in questo gioco.
Metroid (USA)	In futuro, la Federazione Galattica ei pirati del pianeta Zebes sono in guerra. I pirati hanno rubato una forma di vita sconosciuta, recentemente scoperta sul pianeta SR388. La forma di vita, denominata &quot;Metroid&quot;, è in uno stato di animazione sospesa e, secondo l'analisi, è stata la causa della completa distruzione di SR388. Se il Metroid si liberasse, l'alieno potrebbe distruggere innumerevoli altri sistemi. Spetta al cacciatore di taglie spaziale Samus Aran atterrare su Zebes e trovare la sua strada attraverso i pericolosi terreni di Brinstar e Norfair, distruggere i pirati, così come i loro esecutori alieni, Ridley e Kraid, e liberare il pianeta dalla vita aliena prima che i pirati completino i loro piani di distruzione del mondo.
Mezase Pachi Pro - Pachio-kun (Japan)	Il primo gioco a presentare Pachio-kun, la mascotte di una serie di giochi a tema pachinko di Coconuts Japan, Mezase Pachi Pro: Pachio-kun (&quot;Aiming For Pachinko Pro: Pachio-kun&quot;) è semplicemente una sala pachinko virtuale con 72 diverse macchine su cui il giocatore può tentare la fortuna. nnIl gioco premia gli attenti veterani del pachinko facendo in modo che molte delle macchine possiedano stranezze, come la frequenza dei pagamenti, alcuni birilli piegati che favoriranno il percorso della palla verso il basso e simili.
Mezase! Top Pro - Green ni Kakeru Yume (Japan)	Meza! Top Pro: Green ni Kakeru Yume è il primo gioco di golf di Jaleco, pubblicato esclusivamente in Giappone nel 1993. È stato sviluppato da TOSE e pubblicato da Jaleco. nnCi sono quattro modalità di gioco: corsa, percorso, sfida e allenamento. Quando il gioco inizia, si può cambiare la mazza e poi la posizione del golf. Dopo aver eseguito queste scelte, viene visualizzata una schermata con il giocatore di golf che fa oscillare la mazza e il giocatore deve premere il pulsante A in un momento esatto per selezionare la forza con cui la mazza colpirà la palla.
Michael Andretti's World GP (USA)	Il GP del mondo di Michael Andretti presenta 16 percorsi unici situati in Brasile, San Marino, Monaco, Messico, Canada,nnStati Uniti, Francia, Inghilterra, Germania Ovest, Ungheria, Belgio, Italia, Portogallo, Spagna, Giappone e Australia. Ogni traccia può essere riprodotta in modalità giocatore singolo o in un'azione testa a testa a 2 giocatori su uno schermo diviso. Ci sono 4 diverse auto tra cui scegliere e il cambio manuale è una considerazione durante le corse, un aspetto spesso trascurato negli scenari di gioco di corse NES più semplici. Mentre il protagonista del gioco è Michael Andretti, che si presenta prima di ogni gara per offrire consigli utili sulla pista attuale, il gioco ha anche apparizioni di molte altre stelle delle corse di F-1.
Mick & Mack as the Global Gladiators (USA) (Proto 5)	Un prototipo del port inedito per NES di Global Gladiators. nnGlobal Gladiators è un gioco di piattaforma abbastanza standard con il fatto più notevole che i personaggi sono stati creati e concessi in licenza da McDonalds (sì, THE McDonalds). nnDurante il gioco nei 12 livelli del gioco noterai i loghi McDonald's, hamburger e ogni sorta di roba tipo ristorante di famiglia mentre porti Mick e Mack (i protagonisti del gioco) in un viaggio per ripulire &quot;Monsters of Slime World&quot;, &quot;Toxi- Città&quot; e altro ancora.
Mickey Mousecapade (USA)	Uno degli amici di Topolino è nei guai e Topolino e Minnie sono in missione di salvataggio! Mickey Mousecapade è un gioco platform e d'azione. Per raggiungere il tuo obiettivo (e scoprire quale degli amici di Topolino è nei guai), dovrai saltare e arrampicarti attraverso vari livelli che si svolgono in luoghi diversi (tra cui una casa dei divertimenti, un mare insidioso, una nave pirata e un castello).
Mickey's Adventure in Numberland (USA)	Pete ha appena derubato Numberland dei suoi 10 numeri magici. Lo sceriffo Paperino ha bisogno di recuperare gli stampi e chiede aiuto a Topolino. Giocando nei panni di Topolino, hai il compito di raccogliere almeno uno stampo numerico specifico per livello a cui stai giocando. Ci sono cinque diverse località che sono Number City, Number Factory, Space Center, Number Museum e Pete's Hideout. Dopo che un livello è stato completato, è necessario risolvere un problema di matematica di base affinché il giocatore possa continuare. Il gioco contiene tre livelli di difficoltà con solo la modalità super avanzata che ti consente di subire danni dai nemici.
Mickey's Safari in Letterland (USA)	Mickey's Safari in Letterland è un gioco platform di edutainment su Nes. Il titolo, destinato ai più piccoli, propone un'avventura di Topolino nel paese delle lettere. L'obiettivo del famoso topo è raccogliere lettere diverse per scrivere le parole. Il gioco è molto semplice ed è quasi impossibile fallire.
Might & Magic - Secret of the Inner Sanctum (USA)	Might and Magic Book I on Nes è un gioco di ruolo nell'universo medievale di Varn in cui uno dei 4 re che regnano sul paese è un impostore dallo spazio. Il tuo obiettivo è fermare l'invasione aliena creando una squadra di 6 personaggi che guidi in prima persona. Puoi specificare la classe, il sesso e l'età dei tuoi personaggi, ma fai attenzione a quest'ultima scelta, possono davvero morire di vecchiaia...
Mighty Bomb Jack (USA)	Mighty Bomb Jack, il sequel dell'originale Bomb Jack, introduce nella serie lo scorrimento laterale e si avvicina più a un gioco di piattaforme che all'aspetto arcade/puzzle del primo gioco. Ancora una volta, vestirete i panni di un supereroe con il mantello e affamato di bombe. Raccogliete le bombe per guadagnare punti ed evitate di essere colpiti dai numerosi mostri che spuntano da casse e simili. Il gioco presenta ora nuovi sfondi come nuvole e foreste, oltre ai consueti sfingi e piramidi del titolo originale.
Mighty Final Fight (USA)	Mighty Final Fight per NES è un gioco picchiaduro in cui scegli tra tre personaggi giocabili con diversi stili di combattimento per inseguire una ragazza rapita dalla banda di teppisti Mad Gear. Supera sei livelli più due livelli bonus e raccogli armi per superare i boss che concludono ogni fase. Questa versione offre una versione super deformata dei personaggi.
Millipede (Japan) (En) (Proto)	Millipede è un videogioco sparatutto sviluppato e pubblicato da Atari Inc., pubblicato nel 1982 su macchine arcade e Atari 2600. Segue Centipede e presenta un gameplay simile, ma con un nuovo sciame di insetti! L'obiettivo è distruggere il millepiedi mentre si fa strada attraverso la foresta di funghi fino alla parte inferiore dello schermo. Quando tutti i segmenti del millepiedi sono stati distrutti, il giocatore avanza al livello successivo, più difficile.
Millipede (USA)	Millipede è un videogioco sparatutto sviluppato e pubblicato da Atari Inc., pubblicato nel 1982 su macchine arcade e Atari 2600. Segue Centipede e presenta un gameplay simile, ma con un nuovo sciame di insetti! L'obiettivo è distruggere il millepiedi mentre si fa strada attraverso la foresta di funghi fino alla parte inferiore dello schermo. Quando tutti i segmenti del millepiedi sono stati distrutti, il giocatore avanza al livello successivo, più difficile.
Milon's Secret Castle (USA)	Milon, un bambino del Regno di Hudson, deve intraprendere una missione per salvare la regina Eliza da un mago malvagio che si è impadronito del suo castello e degli strumenti musicali che i sudditi della regina usano per comunicare tra loro. Milon deve recuperare gli strumenti rubati e salvare la regina dal mago. Armato solo di un'abilità magica sparabolle, Milon si fa strada attraverso le stanze del castello trovando oggetti e denaro che possono aiutarlo a progredire. Questo è un platform che fonde l'azione di Mario-esqe con la risoluzione di enigmi e l'esplorazione.
Mindseeker (Japan)	Mindseeker è un gioco di avventura di Namco che mette alla prova la percezione sensoriale extra del giocatore e l'abilità psichica latente. Presenta il sensitivo televisivo giapponese Masuaki Kiyota, che è meglio conosciuto nella sua terra natale per un atto di piegare il cucchiaio simile a quello del sensitivo israeliano Uri Geller. Il giocatore può esplorare il mondo usando due comandi: Senti ed Esci. Exit sposterà semplicemente il personaggio del giocatore in una nuova area, mentre Feel è il modo in cui il giocatore interagisce con i vari oggetti e persone nel mondo; ai fini del gioco, il termine &quot;sentire&quot; è analogo a &quot;senso&quot;. Il giocatore è anche in grado di inserire il proprio nome all'avvio del gioco. Oltre agli elementi del gioco di avventura, gran parte del gioco prevede la riproduzione di minigiochi progettati per testare l'abilità psichica del giocatore, come un gioco di carte in cui il giocatore deve indovinare quale simbolo apparirà dopo.
Minelvaton Saga - Ragon no Fukkatsu (Japan)	Minelvaton Saga: Ragon no Fukkatsu è un gioco di ruolo della serie Minelvaton, seguito da Silva Saga e termina con Silva Saga II: The Legend of Light and Dark. La saga di Minelvaton si svolge nel mondo di Minelvaton, nella regione conosciuta come Southern Ofelia. Nel regno di Palmeccia, il re e la regina furono assassinati per mano di un servo di Ragon, figlio di Zuhl. Il giocatore prende il controllo del Principe di Palmeccia in cerca di vendetta per uccidere il malvagio Ragon.
Mini-Putt (Japan)	Mini Putt è un gioco di minigolf che offre 4 campi, Deluxe, Classic, Traditional e Challenge. Fino a 4 giocatori possono giocare o esercitarsi in qualsiasi buca su qualsiasi campo. Ogni corso offre il proprio livello di difficoltà. Deluxe e Challenge hanno colline e percorsi difficili. La sfida è il percorso più difficile. Il classico offre ponti animati e altri ostacoli. Il tradizionale è il tuo campo da minigolf standard che richiede colpi di sponda ben posizionati.
Minna no Taabou no Nakayoshi Daisakusen (Japan)	Minna no Taabou no Nakayoshi Daisakusen è un puzzle game pubblicato in Giappone sulla console Nintendo NES a 8 bit. In realtà è un gioco di memoria migliorato. Si gioca come un uomo in un vassoio dove sono presenti un certo numero di carte. Il tuo obiettivo è semplice: trovare le coppie. Ci sono nemici intorno a te e dovrai stare attento a non toccarli. Man mano che avanzi nei livelli, il numero di carte e nemici aumenta e i mattoni sembrano creare un labirinto e costringerti a prendere percorsi un po' più delicati.
Miracle Piano Teaching System, The (USA)	Il sistema di insegnamento del pianoforte Miracle insegna il pianoforte a giocatori principianti/intermedi utilizzando una combinazione di lezioni con script, lezioni create dinamicamente e videogiochi a tema pianoforte. La versione originale è stata fornita in bundle con una tastiera per pianoforte personalizzata. Le versioni successive funzionano con qualsiasi tastiera MIDI.
Miracle Ropit's - 2100 Nen no Daibouken (Japan)	Una ragazza dell'anno 2100 usa una tuta robotica. Se il giocatore viene colpito una volta, il seme è perso e il giocatore deve giocare come la bambina. Un altro colpo e il giocatore perde una vita. Sebbene il gioco sia stato rilasciato solo in Giappone per Nintendo Famicom, il testo del gioco è in inglese ed è completamente giocabile da chi parla inglese. Questo gioco deve essere giocato due volte per vedere il vero finale, proprio come in &quot;Ghosts 'n Goblins&quot;.
Mirai Shinwa Jarvas (Japan)	Mirai Shinwa Jarvas (lett. Future Legend Jarvas) è un gioco di ruolo sviluppato e pubblicato da Taito. Parla di un uomo di nome Jarvas che viaggia indietro nel tempo dal futuro per conquistare il mondo del passato e diventarne il leader. Devi convincere le persone a unirsi alla tua parte e conquistare i castelli nemici. nnQuesto gioco è generalmente considerato piuttosto scadente dalla maggior parte. Quando inizi il gioco, non ti vengono fornite informazioni su dove ti trovi e dove dovresti tentare di andare. Una volta trovata una città, devi unirti a una gilda. Puoi aumentare il tuo livello solo tornando alla gilda dopo aver accumulato abbastanza esperienza.
Mission - Impossible (USA)	Mission: Impossible è un gioco d'azione pubblicato su Nes. Il tuo compito consisterà nel neutralizzare i vertici di uno stato segreto specializzato nella costruzione di bombe ultrapotenti. Per riuscire in questa operazione, avrai a disposizione un interessante arsenale di armi e gadget, nello stile più puro di James Bond, McGyver o... ehm... Inspector Gadget.
Mississippi Satsujin Jiken (Japan)	Murder on the Mississippi, completamente intitolato Murder on the Mississippi: The Adventures of Sir Charles Foxworth, è un gioco di avventura poliziesco del 1986 sviluppato e pubblicato da Activision per i computer Commodore 64, Commodore 128 e Apple II. È stato anche concesso in licenza per il rilascio esclusivamente in Giappone da Jaleco, che ha portato il gioco su Nintendo Famicom e MSX2 come Mississippi Satsujin Jiken. È un gioco di avventura in cui il giocatore deve risolvere un mistero di omicidio sulla nave di lusso &quot;Delta Princess&quot;. Mentre si dirigono a New Orleans da St. Louis sulla nave &quot;Delta Princess&quot;, il detective Sir Charles e Watson vengono coinvolti per caso nel mezzo di un caso di omicidio, che devono risolvere.
Mito Koumon - Sekai Manyuu Ki (Japan)	Mito Koumon II: Sekai Manyuuki (letteralmente Mito Koumon's World Tour Chronicle) è un gioco di avventura. È il sequel di Tenka no Goikenban: Mito Koumon ed è molto simile nell'aspetto e nel gameplay. Come in quel gioco, il giocatore controlla uno dei servitori di Mitsukini Tokugawa mentre raccolgono indizi e prove di crimini nell'area mentre evitano o combattono gli NPC ostili. A differenza del primo gioco, ambientato interamente in Giappone, Tokugawa attraversa invece il mondo risolvendo problemi. La prima tappa è l'America (in particolare il selvaggio West, come sarebbe cronologicamente accurato per il 17° secolo) sebbene ci siano anche molti altri luoghi da visitare in tutto il mondo, inclusa la Transilvania.
Mitsume ga Tooru (Japan)	Mitsume ga Tooru (si traduce in The Three-Eyed One) è basato sul manga e sull'anime con lo stesso nome. Tu controlli Hosuke Sharaku, un ragazzo con un terzo occhio sulla fronte e di un potere terrificante. Questo potere si scatena quando il suo terzo occhio è aperto, quindi indossa una benda per sigillare il suo potere e rimuovere ogni ricordo della sua vera natura. Nel gioco, appare un altro uomo con tre occhi con grandi poteri e attacca una città. Rapisce anche l'amico di Sharaku, Wato, che osserva incapace di fare nulla. Sharaku quindi, con la benda rimossa, inizia la sua ricerca per salvare Wato da quest'uomo.
Moai-kun (Japan)	Moai Kun è un puzzle game platform in cui giochi nei panni di Moai, la statua dell'Isola di Pasqua, che è apparsa in molti altri giochi Konami. nnL'obiettivo del gioco è raccogliere altre statue simili a Moai e raggiungere la porta che conduce al livello successivo prima che scada il tempo. Per raggiungere le statue e infine l'uscita devi muoverti e distruggere le rocce che ti bloccano la strada ed evitare di essere ucciso dai nemici.
Moero!! Juudou Warriors (Japan)	Si sta svolgendo un torneo olimpico di judo che vedrà i migliori praticanti di judo competere l'uno contro l'altro. Prima di potersi qualificare per competere alle Olimpiadi, i giocatori devono viaggiare per il mondo e sconfiggere diversi avversari. Quando il giocatore arriverà finalmente alle Olimpiadi, dovrà affrontare nove diversi avversari, ognuno il miglior rappresentante del proprio paese d'origine. Se il giocatore si comporta abbastanza bene alle Olimpiadi, può tornare a casa con una medaglia di bronzo, d'argento o persino d'oro. Quando combatti nelle partite di Judo, l'obiettivo è quello di gettare a terra il tuo avversario per un takedown. Durante un combattimento, ci sono metri di cui il giocatore deve essere consapevole. Sono il misuratore di potenza che misura la forza attuale dei combattenti e il misuratore di probabilità che misura la probabilità che il giocatore sia in grado di abbattere il proprio avversario. Dopo ogni partita, il giocatore può scegliere se aumentare la forza, la tecnica o la resistenza del proprio personaggio.
Momotarou Densetsu (Japan)	La leggenda di Momotarou appartiene a quelle più popolari nel folklore giapponese e asiatico. Il gioco segue la storia principale. Una vecchia coppia, che viveva pacificamente in una piccola casa, ha trovato una pesca gigante che scorreva lungo il fiume. Poiché volevano mangiare la pesca, trovarono dentro un bambino. Lo chiamarono &quot;Momotarou&quot; - &quot;ragazzo pesca&quot;. Quando Momotarou è cresciuto, ha deciso di liberare il paese dai demoni malvagi. Deve trovare tre compagni fedeli: un cane, una scimmia e un fagiano, che lo aiuteranno a sconfiggere i demoni.
Momotarou Densetsu Gaiden (Japan)	Il gioco è basato su famosi racconti popolari giapponesi. Momotarou è un ragazzo che è stato trovato in un'enorme pesca (da cui il suo nome, &quot;peach guy&quot;). Quando cresce, va sull'isola dei demoni, li combatte, prende il loro tesoro e riporta la pace nel suo villaggio. In questo gioco, non interpreti direttamente la storia di Momotarou, ma controlli altri tre personaggi popolari del folklore giapponese, interpretando tre storie separate: come Yashahime, la figlia del re dell'inferno Emma; Binbougami, o &quot;dio della povertà&quot;, che è odiato dalle persone perché prende soldi da loro; e Urashima, il leggendario pescatore che una volta salvò una tartaruga e divenne amico del clan dei draghi. Sebbene le storie originali non abbiano niente o poco a che fare l'una con l'altra o con la storia di Momotarou, il gioco lega le storie insieme presentando Momotarou come personaggio in ognuna di esse.
Momotarou Dentetsu (Japan)	Momotar Dentetsu (esatto, non densetsu, &quot;leggenda&quot;, ma dentetsu, &quot;treno&quot;!) è il primo di una lunga serie di giochi da tavolo liberamente ispirati al popolare racconto popolare giapponese di Momotarou, un ragazzo che è stato trovato in un'enorme pesca di una vecchia coppia, e che in seguito divenne il salvatore del suo villaggio, sconfiggendo i demoni malvagi e prendendo il loro tesoro. Il gioco può essere giocato contro l'IA del computer o contro avversari umani (fino a tre). Si tratta di un gioco da tavolo in cui i treni dei giocatori sono posizionati sulla mappa del Giappone, divisa in sezioni con dei cerchi che determinano la quantità di mosse. Quest'ultimo è deciso da un lancio di dadi. Ci sono cerchi speciali che ti portano in vari luoghi in stile tipicamente giapponese, dove puoi guadagnare alcuni bonus prima di procedere con la &quot;gara dei treni&quot;.
Money Game, The (Japan)	Il Money Game offre al giocatore l'opportunità di tentare la fortuna per guadagnare denaro investendo nel mercato azionario. Il gioco dei dadi si svolge in una stanza dell'ufficio. I giocatori possono interagire con gli oggetti nella stanza. I giocatori possono scegliere di leggere la colonna finanziaria del giornale.
Monopoly (USA)	Questa volta, un gioco di Monopoli sul tuo computer, per quanto sa essere nella tua realtà. Ogni tua mossa può essere in animazione 3D o disattivata se non vuoi vedere le animazioni. Possono esserci fino a 6 giocatori contemporaneamente e può essere giocato su Internet. La musica è in formato midi e la qualità del suono è in formato wav. Rotola, gira e non mancare per farci un sorriso.
Monster in My Pocket (USA)	Basato sull'omonima linea di giocattoli, Monster in My Pocket segue le avventure di un vampiro in miniatura e del mostro di Frankenstein mentre combattono contro altre creature popolari e mitologiche della stessa taglia.
Monster Maker - 7 Tsu no Hihou (Japan)	Monster Maker: Nanatsu no Hihou (che si traduce liberamente in &quot;Monster Maker: The Seven Sacred Treasures&quot;) è un JRPG fantasy pubblicato solo in Giappone per NES (Famicom) nel 1991. Nel gioco, i giocatori esplorano la mappa del mondo e i dungeon che sono rappresentato da un layout di carte da gioco che vengono capovolte man mano che avanzano. Le battaglie sono affari a turni che prevedono l'evocazione di mostri.
Monster Party (USA)	Sei un ragazzino con una mazza da baseball di nome Mark. Sulla via del ritorno da una partita di baseball, incontri un mostro di nome Bert. Bert ha bisogno del tuo aiuto per salvare il suo pianeta dai mostri malvagi. Impari come fonderti con Bert e diventare un gargoyle da combattimento di mostri. Trascorrerai la maggior parte del gioco attaccando i cattivi facendo oscillare loro la mazza o lanciando il loro fuoco.
Monster Truck Rally (USA)	Monster Truck Rally è un gioco di corse per Nes in cui devi selezionare un Monster Truck tra nove diversi. Quindi gareggerai su circuiti che includono ostacoli di qualsiasi tipo che metteranno alla prova le tue capacità di guida ei tuoi ammortizzatori!
Moon Crystal (Japan)	Moon Crystal è un gioco d'azione platform in cui controlli Ricky Slater nella sua missione di liberare il padre rapito dal malvagio Conte Crimson. Il Conte sta costringendo suo padre, un grande scienziato, a usare il potere del cristallo lunare per trasformare i morti in vivi e governare il mondo. Ci sono 7 fasi, ognuna delle quali termina con un boss. I temi delle tappe seguono da vicino la storia. Il giocatore inizia ogni fase con solo un piccolo coltello per difendersi. Il giocatore può trovare potenziamenti che possono estendere la portata del tuo coltello, fornire contenitori di salute aggiuntivi, consentire a Ricky di fare doppi salti ecc. Il giocatore ha 3 vite e anche un numero illimitato di continue. Il gioco si distingue per le sue animazioni fluide e le ricche scene grafiche che fanno avanzare la storia. Non è mai stato rilasciato ufficialmente al di fuori del Giappone, ma esiste una patch di traduzione inglese non ufficiale.
Morita Shougi (Japan)	Morita Shougi è un adattamento Famicom del gioco da tavolo giapponese &quot;Shougi&quot;, che gioca in modo simile agli scacchi. È il secondo gioco Shougi rilasciato per Nintendo Famicom in Giappone. Il gioco ti consente di scegliere tra un paio di modalità di gioco. Puoi giocare una partita contro un altro giocatore umano o un giocatore CPU che è disponibile in tre diversi livelli di difficoltà. Il gioco ti offre anche ampie opzioni di modifica, dandoti l'opportunità di creare una configurazione del tabellone di tuo gradimento, posizionando i pezzi ShÅgi dove vuoi. Il gioco consente anche a un giocatore di interrompere una partita in corso e andare avanti e indietro attraverso le mosse.
Mother (Japan)	All'inizio degli anni '90, una misteriosa ombra scura copriva una piccola città di campagna nell'America rurale. Una giovane coppia di sposi è scomparsa dalla loro casa senza lasciare traccia. Il nome dell'uomo era George, il nome della donna era Maria. Passarono due anni e all'improvviso George tornò. Non ha mai parlato con nessuno di ciò che aveva vissuto. Invece, ha condotto una vita solitaria e ha iniziato uno strano studio, tutto da solo. Sua moglie non è mai tornata. Da allora sono passati ottant'anni. Interpreti il ​​ruolo di un ragazzo che vive in una piccola città con i suoi genitori e due sorelle. Un giorno accade qualcosa di strano: la casa sembra essere di proprietà di un poltergeist. Le cose iniziano ad attaccare gli abitanti della casa. Il padre del ragazzo gli consiglia di parlare con suo nonno e di imparare a usare i poteri psichici per scoprire il motivo dietro lo strano poltergeist.
Motocross Champion (Japan)	Questa è pura follia. E per prendere la bandiera a scacchi, avrai bisogno di pura intensità per superare centinaia di ostacoli, tra cui l'Head Spinning Loop e la Sky Riding Ramp. Avrai anche bisogno di abilità di precisione per fare rifornimento con i Nitro Turbo Boost che ti porteranno alla vittoria! Ci sono 8 circuiti di campionato e 3 livelli estremamente impegnativi (Rookie, World Class e Daredevil) tra cui scegliere. Puoi persino gareggiare contro il tempo o il computer.
Motor City Patrol (USA)	Un semplice gioco di guida dall'alto verso il basso in cui interpreti un agente di pattuglia in una forza di polizia cittadina. Abbatti progressivamente i cattivi più grandi inseguendoli e sparando loro. Il gameplay è un precursore dei primi giochi Grand Theft Auto, sviluppati successivamente. Il gameplay consiste nel guidare l'auto della tua squadra in giro per la città, fermare gli speeder, far lampeggiare la sirena e fermare le rapine casuali, sparando all'auto in fuga. Appariranno crimini più grandi, che porteranno a catturare chiunque sia l'attuale nemico pubblico n. 1. Il gioco termina quando fallisci in una missione o quando totalizzi il tuo incrociatore della polizia.
Mottomo Abunai Deka (Japan)	Mottomo Abunai Deka è un gioco d'azione per Nintendo Entertainment System. Il gioco è basato su uno show televisivo giapponese. Il gioco è uno scroller laterale 2D per 1-2 giocatori. Tu il giocatore controlli Taka o Yuuji, o entrambi questi personaggi contemporaneamente. Ti ritroverai di fronte a molti nemici della banda di Yakuza, &quot;The Silver Stars&quot;, e poi ti condurrai alla corruzione all'interno del dipartimento di polizia e alla fine al cattivo principale. Durante il gioco ti imbatterai anche in tre minigiochi, che sono un tiro a segno, un veloce giro in macchina e una sparatoria con uno dei boss nemici.
Moulin Rouge Senki - Melville no Honoo (Japan)	Moulin Rouge Senki: Melville no Honoo (&quot;Record of Moulin Rouge War: Melville's Flame&quot;) è una simulazione di guerra strategica con elementi RPG per Famicom. Il giocatore controlla un gruppo di eroi con un intero esercito sotto il loro controllo e combatte altri eserciti e incontri casuali con mostri. Per iniziare il gioco, il giocatore deve acquistare ed equipaggiare il proprio esercito prima di partire. Le battaglie del gioco si svolgono in formazioni a turni e ciascuna formazione agisce separatamente e può prendere di mira diverse formazioni dalla parte del nemico. Ad esempio, gli arcieri possono mirare a una qualsiasi delle quattro file di forze nemiche, sebbene i combattenti corpo a corpo in prima linea siano molto più limitati.
Mouryou Senki Madara (Japan)	Da piccola, Madara fu trovata galleggiante in un fiume vicino al monte Shumi. L'anziano Tatara lo ha salvato, ha costruito gadget per sostituire le sue parti del corpo mancanti e lo ha cresciuto insieme a suo nipote Kirin. Nel giorno del 15° compleanno di Madara, quando la maggior parte del mondo era già caduta in mano ai Moki controllati dall'imperatore Miroku, Madara si propone di trovare il suo vero corpo e salvare il mondo dai Moki.
Mr. Gimmick (Europe)	Mr. Gimmick è una piccola bambola con una vita propria, che viene regalata a una ragazza per il suo compleanno. Gli altri giocattoli della ragazza diventano rapidamente gelosi delle attenzioni riservate al signor Gimmick e decidono di portarla via in una terra mistica. Il signor Gimmick li insegue per riportare indietro il suo proprietario. Il gioco Mr. Gimmick è un gioco platform in cui prendi il controllo di Mr. Gimmick nel corso di sei livelli. Ti difendi lanciando stelle rimbalzanti che impiegano un secondo a formarsi e poi vengono lanciate verso il basso. Puoi anche cavalcare le stelle lanciate per accedere a piattaforme più alte. L'inventario che hai ti consente di immagazzinare bombe, pozioni e palle di fuoco.
Ms. Pac-Man (USA) (Namco)	Nel 1982, un sequel dell'incredibilmente popolare Pac-Man fu introdotto nella forma della sua ragazza, la signora Pac-Man. Questo sequel ha continuato il gameplay &quot;mangia i punti / evita i fantasmi&quot; del gioco originale, ma ha aggiunto nuove funzionalità per mantenere il titolo fresco. Come il suo ragazzo, la signora Pac-Man tenta di ripulire quattro vari e stimolanti labirinti pieni di punti e frutta che rimbalza sempre in movimento, evitando Inky, Blinky, Pinky e Sue, ognuno con le proprie personalità e tattiche. Un tocco da uno qualsiasi di questi fantasmi significa una perdita di vite umane per la signora Pac-Man.
Mugen Senshi Valis (Japan)	Yuko Ahso una volta era una normale ragazza delle superiori. O almeno la sua vita era normale. La sua amica Reiko è uscita per un appuntamento con un Re Oscuro di nome Rogles ed è scomparsa. Immediatamente, i mostri l'hanno attaccata. È stata quasi uccisa... Fino a quando una spada mistica di nome Valis apparve davanti a lei. Usando la spada, Yuko si difese dai mostri e fu portata in una terra sconosciuta, dove le fu detto che era la guerriera Valis prescelta e che doveva sconfiggere Rogles, altrimenti il mondo umano e il mondo dei sogni sarebbero stati entrambi precipitati in caos. Vai avanti, coraggioso Valis Warrior, e distruggi il male noto come Rogles!
Muppet Adventure - Chaos at the Carnival (USA)	Chaos at the Carnival è una raccolta di sei minigiochi arcade. Miss Piggy è stata &quot;pignatta&quot; dal sinistro Dr. Grump; i suoi amici Muppet vengono in soccorso. Kermit, Gonzo, Fozzie e altri tre personaggi del programma televisivo per bambini si precipitano nel misterioso luna park di Grump alla ricerca del loro compagno rosa. Devono affrontare cinque giostre in successione per affrontare il Grumpasaurus nello scontro finale delle giostre.
Murder Club - Honkaku Mystery Adventure (Japan)	Dal punto di vista del gameplay, Murder Club è un &quot;fumetto digitale&quot;. Il giocatore controlla il detective privato J.B. Harold, che deve indagare sull'omicidio di un ricco uomo d'affari di nome Bill Robbins e consegnare l'assassino alla giustizia. Il giocatore deve: trovare indizi, raccogliere prove, interrogare i sospetti, stabilire un movente per il crimine e, infine, assicurarsi che il caso regga in tribunale. Il cuore del sistema di gioco è una mappa con tutte le possibili destinazioni, a cui se ne aggiungono di nuove man mano che l'indagine procede. In ognuno di questi luoghi ci sono di solito una o più persone, che potete interrogare a vostro piacimento tramite menu di testo sobri ed efficienti. Se alcune dichiarazioni sembrano sospette, siete liberi di chiedere al vostro superiore un mandato per perquisire i locali e raccogliere eventuali prove.
Musashi no Bouken (Japan)	Il giocatore controlla un ragazzo chiamato Musashi, che vive da qualche parte nel Giappone medievale nel villaggio di Arima. È il figlio del famoso spadaccino Miyamoto Musashi e lui stesso un abile combattente. Un giorno viene a sapere di una voce secondo cui il malvagio mago Kojiro, l'arcinemico di suo padre, ha apparentemente alzato la sua brutta testa ancora una volta! I demoni di Kojiro invadono la terra e minacciano morte e distruzione. &quot;Sconfiggerò Kojiro!&quot; - dice Musashi, - &quot;e magari anche scopare&quot;...
Musashi no Ken - Tadaima Shugyou Chuu (Japan)	Musashi no Ken - Tadaima Shugyou Chuu (letteralmente &quot;La spada di Musashi - ora in allenamento&quot;) è basato su una serie manga giapponese scritta e illustrata da Motoka Murakami incentrata sul kendo, semplicemente intitolata Musashi no Ken. Il gameplay e il design dei giochi di combattimento uno contro uno ricordano un altro gioco di combattimento Taito, Great Swordsman, in particolare la sua modalità kendo.
Mutant Virus, The - Crisis in a Computer World (USA)	In The Mutant Virus interpreti la parte di Ron Trainer, il meglio del meglio del corpo d'élite dei Computer Master Debugger. E proprio di recente qualcosa è andato terribilmente storto. Il CPI, il Central Programming Institute, controlla tutti i computer della città che a loro volta controllano tutto nella città stessa. Ci sono alcuni bug in questo sistema ed è tuo compito sbarazzartene e scoprire come ci sono arrivati. Verrai miniaturizzato e inviato al computer con un vuoto. Il gioco è da una vista dall'alto in cui dovrai visitare tutti i sistemi informatici infetti e utilizzare il vacine per contenere il virus.
My Life My Love - Boku no Yume - Watashi no Negai (Japan)	My Life My Love: Boku no Yume Watashi no Negai (o &quot;My Life My Love: My Dreams My Desires&quot;) è un gioco da tavolo per Famicom. Questo è un gioco da tavolo per un giocatore (nessun avversario umano o computer). Inizi come un angelo in paradiso. Il tuo numero viene estratto a caso, il che significa che sei il prossimo angelo da consegnare sulla Terra per diventare un essere umano. Inizi da bambino e vivi tutta la tua vita (muore a 100 anni). Durante il gioco, farai del tuo meglio per migliorare le tue statistiche in sei categorie: conoscenza, salute, amicizia, amore, popolarità e ricchezza. Sarai classificato tra la popolazione giapponese per vedere quanto bene stai facendo in sei categorie. Il Giappone ha una popolazione di 130 milioni. Inizierai quindi da # 130.000.000 e proverai ad arrivare al numero 1. L'intero corso è molto lungo. Puoi aspettarti di giocarci per circa 50 ore, a patto che tu vinca al primo tentativo. Non lo farai da solo. Raggiungere la prima posizione in classifica non è facile.
Mystery Quest (USA)	Nel gioco d'azione Mystery Quest su Nes interpreti Hao, un apprendista mago sfidato dal più grande dei maghi. Devi trovare i 4 talismani sparsi in quattro castelli. La tua magia è inestimabile per te per sconfiggere i mostri e le trappole che si frappongono sulla tua strada.
Nagagutsu o Haita Neko - Sekai Isshuu 80 Nichi Daibouken (Japan)	Videogioco uscito nel 1986 esclusivamente in Giappone, poi adattato 4 anni dopo in Nord America con il titolo &quot;Il gatto e gli stivali Pero's Great Adventure&quot; ma con molte modifiche (design dei livelli, boss, head-up display) Gioco basato su un romanzo di Jules Vernes (il mondo in 80 giorni), il protagonista Pero (un gatto probabilmente intitolato all'autore del gatto con gli stivali, Charles Perrault) deve girare il mondo in meno di 80 giorni, per la sua strada avrà mostri da sconfiggere. La particolarità del gioco è che 1 min di gioco corrisponde a 1 giorno, se il conto alla rovescia giunge al termine e il giocatore non ha finito di viaggiare attraverso i diversi paesi, il gioco è terminato.
Nakajima Satoru Kanshuu - F-1 Hero 2 (Japan)	Nakajima Satoru F-1 Hero 2 è un videogioco di Formula 1 per Family Computer esclusivo per il Giappone. È il sequel del gioco per computer giapponese &quot;Nakajima Satoru: F-1 Hero&quot; (pubblicato come &quot;Michael Andretti's World GP&quot; negli Stati Uniti), ed è basato sulla stagione di Formula 1 del 1991. Ci sono 16 round e solo quattro auto tra cui scegliere.
Nakayoshi to Issho (Japan)	Il cattivo Rakira ha rubato le penne ai creatori dei titoli più famosi di Nakayoshi; Avviso pesce rosso, Pocket Park, MinMin, Taiou ni Smash! Kurumi-chan a Shichinin no Kobitotachi e Sailor Moon, che è il più lungo e difficile. Il combattimento è basato sulla fortuna e salvare il gioco a volte può essere difficile.
Namco Classic (Japan)	Namco Classic è un gioco di golf sviluppato da Namco e pubblicato per Famicom nel 1988. Il gioco include Round Play, che puoi utilizzare per esercitarti sul campo o competere con gli amici, o la modalità Tournament, in cui giochi contro un avversario del computer nel tentativo di vincere una grande quantità di premi in denaro. Il gioco è stato rilasciato anche per Game Boy nel 1991. La versione per Game Boy presenta un corso diverso ma è molto simile sotto molti aspetti. Nel 1996, quella versione è stata inclusa anche nel titolo della compilation, Namco Gallery Vol. 1.
Namco Classic II (Japan)	Namco Classic II è un gioco di golf rilasciato solo in Giappone per Nintendo Famicom.
Namco Prism Zone - Dream Master (Japan)	Dream Master è un gioco di ruolo, sviluppato da Birthday e pubblicato da Namco, uscito in Giappone nel 1992.
Namcot Mahjong III - Mahjong Tengoku (Japan)	Benvenuto in &quot;Namco Mahjong III: Mahjong Tengoku&quot; per NES, pubblicato da Namco nel 1991. Questo è il terzo gioco della serie dopo &quot;Family Mahjong&quot; e &quot;Family Mahjong II&quot;. Questo gioco è la popolare versione giapponese del vecchio gioco da tavolo, chiamato &quot;Reach Mahjong&quot;. Ha molte regole complesse. Se hai familiarità con Mahjong di altre nazionalità o varietà, non è solo facile passare a questa versione, ma è utile conoscerne le basi.
Nangoku Shirei!! - Spy vs Spy (Japan)	Un seguito del primo gioco Spy vs Spy ora vede le spie bloccate su un'isola deserta. Questa volta, invece dei quattro oggetti che ti permettono di partire per l'aeroporto, le spie devono cercare di raccogliere tre pezzi di un missile e scappare dall'isola in un sottomarino in attesa prima che un vulcano erutta. Ci sono alcune insidie da evitare come sabbie mobili e squali. Ci sono anche nuove trappole (fosse nascoste, napalm, trappole e una pistola) e il combattimento corpo a corpo viene fatto con le spade invece che con i bastoni. nnCi sono sette livelli di difficoltà che influenzano il tempo che trascorrerà prima che il vulcano erutti e le dimensioni dell'area di gioco.
Nantettatte!! Baseball (Japan)	A Nantetta!! Baseball controlli una delle 16 squadre in stile cartone animato e provi a condurle alla vittoria. Il gameplay è semplice e simile a molti altri giochi di baseball rilasciati su NES, con cinque modi di giocare. Puoi giocare una modalità contro il computer o un partner, portare una squadra in una stagione compresa tra 30 e 130 partite nella speranza di vincere il gagliardetto, giocare un torneo multiplayer o giocare un derby fuoricampo e provare a battere il maggior numero di palle come puoi fuori dal parco. C'è anche una modalità di modifica in cui puoi configurare la tua squadra per la modalità Pennant e una modalità &quot;Guarda&quot; in cui puoi guardare una partita controllata dalla CPU.
Nantettatte!! Baseball + Nantettatte!! Baseball - Ko-Game Cassette - '91 Kaimaku Hen (Japan)	A Nantetta!! Baseball controlli una delle 16 squadre in stile cartone animato e provi a condurle alla vittoria. Il gameplay è semplice e simile a molti altri giochi di baseball rilasciati su NES, con cinque modi di giocare. Puoi giocare una modalità contro il computer o un partner, portare una squadra in una stagione compresa tra 30 e 130 partite nella speranza di vincere il gagliardetto, giocare un torneo multiplayer o giocare un derby fuoricampo e provare a battere il maggior numero di palle come puoi fuori dal parco. C'è anche una modalità di modifica in cui puoi configurare la tua squadra per la modalità Pennant e una modalità &quot;Guarda&quot; in cui puoi guardare una partita controllata dalla CPU.
Nantettatte!! Baseball + Nantettatte!! Baseball - Ko-Game Cassette - OB All Star Hen (Japan)	Questa versione include il carrello di espansione OB All Star Hen. Nantetta!! Baseball è un gioco di baseball con l'innovativa caratteristica di poter aggiornare i turni delle squadre senza dover acquistare un nuovissimo gioco a prezzo pieno. Questo viene fatto inserendo una mini-cartuccia che aggiorna il roster nel gioco principale.
Napoleon Senki (Japan)	Napoleon Senki è un videogioco di strategia tattica in tempo reale sviluppato da Lenar e pubblicato da Irem nel marzo 1988 per Family Computer. Nell'agosto dello stesso anno, Brøderbund annunciò che sarebbe stato rilasciato per la console NES nordamericana come The Battlefields of Napoleon; che alla fine è stato cancellato. nnQuesto videogioco consente al giocatore di rievocare le guerre napoleoniche usando una vista a volo d'uccello. A partire dalle prime battaglie contro il Sacro Romano Impero per conquistare il territorio per la nascente Repubblica francese durante le guerre rivoluzionarie francesi nell'anno 1796, Napoleone avrebbe guidato le guerre rivoluzionarie francesi fino alla loro conclusione nel 1802.
NARC (USA)	Narc è un gioco per 1-2 giocatori, in cui la tua missione è infiltrarti nella Mr. Big Corporation, il flagello degli inferi. Per fare ciò, devi superare le otto fasi del gioco, con oltre dieci settori come la discarica, la metropolitana, il laboratorio di droga, l'asilo nido, il centro, Sunset Strip e persino la società, dove risiede Mr. Big. Per superare le fasi, è necessario raccogliere un certo numero di carte sicure e inserirle nello slot accanto all'uscita della fase. Ogni settore include una mappa e dovrebbe essere di facile lettura. Ad esempio, i punti blu o rossi rappresentano te e i punti bianchi sono i lanciamissili, mentre la &quot;E&quot; indica l'uscita.
Navy Blue (Japan)	In NavyBlue, i giocatori comandano una flotta navale il cui obiettivo è sconfiggere le forze navali nemiche e distruggere la loro base principale. Il gioco si basa sulle regole generali di Battleship. Alla flotta viene presentata una mappa con una griglia da 4 a 7. La mappa consente al giocatore di selezionare la successiva zona di combattimento adiacente, orizzontalmente o verticalmente. Più il giocatore si allontana dalla sua base, più veicoli nemici dovrà affrontare in combattimento. Il numero di veicoli nemici varia da quattro a otto a seconda del luogo della battaglia.
Nekketsu Kakutou Densetsu (Japan)	È un altro giorno a scuola alla Nekketsu High e la star della serie Kunio trova un biglietto nel suo armadietto che lo sfida a un torneo segreto di arti marziali. Abbastanza sicuro Kunio e il suo amico Riki accettano la sfida e partono con la speranza di diventare i grandi campioni della città. nnKakuto Densetsu è un altro picchiaduro a scorrimento laterale 2D della serie Nekketsu High, caratterizzato dallo stesso gameplay che prevede di sconfiggere i tuoi nemici in livelli a scorrimento laterale con una combinazione di pugni, calci e mosse speciali. Le differenze in questo titolo, tuttavia, sono che l'intero gioco è strutturato come incontri di tornei 2 contro 2 in arene senza scorrimento in cui la tua squadra deve arrivare dalla parte vincente e passare al round successivo.
Nekketsu! Street Basket - Ganbare Dunk Heroes (Japan)	Un altro titolo di azione/sport della serie di giochi Nekketsu High. Nekketsu Street Basket è esattamente quello che sembra: un torneo di partite di basket &quot;da strada&quot; due contro due in tutti gli Stati Uniti con i personaggi della serie Nekketsu High. nnIl gioco utilizza lo stesso motore di base e la stessa grafica degli altri giochi della serie, con sprite super deformati che si muovono attraverso uno stadio a scorrimento laterale cercando di sconfiggere la squadra avversaria. Puoi passare la palla, tirarla e tentare super schiacciate per punti aggiunti. Come con altri giochi di Nekketsu, puoi scegliere di giocare fallo e battere a morte i tuoi avversari a mani nude o con qualsiasi arma che puoi trovare nelle fasi, e ci sono molte altre funzionalità che piegano le regole come doppi e tripli cerchi che segnano punti extra.
NES Open Tournament Golf (USA)	In NES Open Tournament Golf, puoi giocare una partita di golf su uno dei tre diversi campi. Uno o due giocatori possono giocare negli Stati Uniti, in Giappone o nel Regno Unito e scegliere un gioco a colpi o match play. Il gameplay è da due punti di vista, a partire da una vista dall'alto che ti consente di impostare il tiro e scegliere un club, quindi passare a un punto di vista 3-D. Colpire la palla utilizza il comune misuratore di potenza in cui toccando il pulsante si avvia il misuratore, toccare il pulsante una seconda volta per selezionare la quantità di potenza nel tiro, quindi toccare il pulsante una terza volta per selezionare la quantità di slice o hook. Se non riesci a finire un round in una partita, NES Open Tournament Golf dispone di una batteria di backup che ti consente di salvare la partita e continuare in seguito.
NES Play Action Football (USA)	Nes Play Action Football on Nes è un gioco di football americano che ti permette di scegliere tra 8 squadre composte da giocatori reali della stagione calcistica 1989. Il tuo obiettivo sarà vincere le partite e quindi sperare di vincere il Power Bowl.
New Ghostbusters II (Europe)	New Ghostbusters II per NES è un adattamento più o meno fedele del film Ghostbusters 2. Puoi scegliere il tuo acchiappafantasmi tra 5 personaggi: i quattro eroi + Louis. Dal tribunale alla casa di Vigo tramite la metropolitana o il museo, il tuo viaggio ti porterà a liberare 6 aree da tutti i suoi fantasmi.
NFL (USA)	Basato sul calcio professionistico giocato nella National Football League, NFL è stato il primo gioco per console a 8 bit a portare la licenza ufficiale della NFL. Non esiste una licenza NFLPA, tuttavia, il che significa che le 28 squadre reali sono incluse, ma nessun nome o volto dei giocatori. nnIl giocatore ha il controllo dell'azione da una prospettiva a scorrimento laterale. La fotocamera esegue anche lo zoom avanti per i primi piani sulla ricezione di riproduzioni. Tuttavia, la NFL è anche una versione dello sport molto strategica e orientata al coaching, con playbook di grandi dimensioni (i giochi di squadra sono inclusi in un foglio pieghevole separato fornito in bundle con il manuale di gioco, ma non sullo schermo nel gioco stesso), personalizzazione limitata di abilità di squadra e sanzioni.
NHK Gakuen - Space School - Sansu 6 Nen (Ge) (Japan)	La serie Space School era una serie educativa di giochi creata in collaborazione da Konami, Tokyo Shoseki (un editore giapponese di libri di testo) e NHK (National Broadcasting Organization giapponese) nel 1989. I giochi erano stati sviluppati per essere strumenti didattici matematici, ciascuno rilasciato in due parti (&quot;Jou&quot; e &quot;Ge&quot;), per la matematica di 4a, 5a e 6a elementare, generando un totale di sei giochi della serie ciascuno con libri di testo / quaderni di accompagnamento da utilizzare durante il gioco. Tutti i giochi della serie sono stati realizzati e hanno richiesto l'adattatore Konami Q-Ta Famicom.
Nichibutsu Mahjong III - Mahjong G Men (Japan)	Collezione che include i port di due giochi arcade Nichibutsu: Mahjong G-Men '89 (un gioco Mahjong 1v1 con un tema investigativo misterioso) e Oh! Paipii (un puzzle game mahjong a blocchi che cadono) -- meno il contenuto erotico presente nelle rispettive controparti arcade. Include tre modalità di gioco: 1. Mahjong Dojo (modalità di gioco veloce. Scegli tra una selezione di otto avversari CPU presenti nella modalità storia.) 2. Puzzle Game: Oh! Paipii (gioco puzzle mahjong con blocchi che cadono. Usa il tasto direzionale per spostare la tessera che cade e il pulsante A per &quot;ruotare&quot; il suo seme. Le file vengono cancellate formando mani complete e guadagna punti in base ai criteri di punteggio di riichi mahjong.) 3. Mahjong G-Men (modalità Storia con due scenari: &quot;La signora dell'ufficio assassinata&quot; e &quot;La tessera dorata scomparsa&quot;. Risolvi i misteri vincendo partite di Mahjong.)
Nigel Mansell's World Championship Racing (USA)	Il tempismo ha sorriso a Gremlin con questa simulazione di Formula 1 autorizzata, poiché la lunga ricerca di Nigel per un campionato era finalmente arrivata a buon fine. Il gioco è stato lanciato da qualche parte tra una simulazione in piena regola come F1 GP e giochi d'azione come Continental Circus. C'erano solo 12 vetture in ogni gara, che potevano durare da 3 a 20 giri. nnPrima di ogni gara puoi personalizzare il carico aerodinamico dell'ala, il rapporto di trasmissione, la selezione degli pneumatici e le scelte di carico del carburante: i pitstop sono una caratteristica standard delle gare più lunghe. Le versioni a 16 bit includono una modalità unica &quot;Migliora con Mansell&quot;, in cui una versione digitalizzata della testa di Nigel appare nell'angolo superiore dello schermo, offrendo istruzioni e lodi.
Nightmare on Elm Street, A (USA)	La versione NES di LJN della classica serie horror vede il giocatore nei panni di un adolescente che cerca le ossa di Freddy Krueger nelle case di Elm Street. Una volta raccolti tutti, devono essere gettati nella fornace del liceo per distruggere Freddy una volta per tutte (una trama simile a A Nightmare on Elm Street 3: Dream Warriors del 1987). Nightmare ha due mondi. Nel &quot;mondo reale&quot; colorato di rosso, i giocatori combattono serpenti e ragni mentre affrontano sfide platform standard. I giocatori qui hanno un &quot;misuratore del sonno&quot; che si esaurisce ad ogni colpo preso. Se il misuratore del sonno del giocatore si svuota, il gioco passa al &quot;mondo dei sogni&quot; colorato di blu, dove i nemici assumono l'aspetto di scheletri e fantasmi. Si avvia anche un timer invisibile, che conta fino a quando Freddy non appare e costringe il giocatore a una breve battaglia con il boss. L'indicatore del sonno diventa un indicatore della vita standard nel mondo dei sogni e sottrae una vita al giocatore se viene prosciugato.
Nightshade (World) (Digital)	Sutekh si è sbarazzato del supereroe locale Vortex e ora Metro City è nelle mani del crimine. Sei Nightshade - il supereroe che nessuno conosce - e il tuo obiettivo è fermare i malvagi, incluso il cattivo principale Sutekh. nnNightshade è un gioco di avventura umoristico, con un menu che consente al protagonista di eseguire varie azioni, come guardare, prendere, parlare, ecc. Sono incluse anche alcune scene di combattimento uno contro uno, che differiscono dai controlli standard e in cui Nightshade è in grado di saltare, calciare, prendere a pugni e chinarsi.
Nihonichi no Mei Kantoku (Japan)	Nippon Ichi no Meikantoku è un gioco gestionale di baseball, in cui prendi il controllo di una squadra e la gestisci controllando l'allenamento dei giocatori e vari altri aspetti della squadra. Puoi guardare le partite in corso e apportare modifiche durante la partita, come cambiare il lanciatore, la posizione del giocatore esterno e l'ordine di battuta. Inizi il gioco creando il tuo manager e inserendo il tuo nome, quindi ottieni un numero casuale di punti attributo da distribuire per quattro diverse categorie. Dopodiché, scegli una squadra da gestire e altre cinque squadre contro cui giocare.
Niji no Silk Road (Japan)	Il gioco è ambientato nel Medioevo, tutto intorno alla famosa via della seta, che collegava la Cina e il Medio Oriente. Nel regno immaginario Littleland, il malvagio Zrool ha cospirato contro la famiglia reale. Uccise il re e la regina e usurpò il trono, dando inizio a un'era oscura di tirannia. Ma una delle guardie del re, Radley, prese il giovane erede al trono e lo portò al sicuro a Damasco, dove cresce. Rendendosi conto di essere il vero principe della dinastia di Littleland, il giovane eroe segue le istruzioni di Radley e si mette alla ricerca di sette pezzi magici dell'arcobaleno, che da soli saranno in grado di distruggere Zrool.
Ninja Crusaders (USA)	In Ninja Crusaders, una forza di invasori alieni è scesa sulla terra e ha spazzato via l'umanità per la maggior parte. Alcuni ninja sono sopravvissuti all'assalto, tuttavia, e 2 ninja in particolare chiamati Blade e Talon vengono assegnati per liberare la terra da questa minaccia aliena. nnNinja Crusaders è un gioco d'azione a scorrimento laterale che può essere giocato da solo o con 2 giocatori che combattono fianco a fianco. Un giocatore ninja può saltare abbastanza in alto e inizia il gioco con un'arma da lancio ninja che può viaggiare per tutta la lunghezza dello schermo, sebbene non sia molto potente. Sono disponibili altre armi da prendere durante i livelli, ognuna con una portata notevolmente inferiore rispetto alle stelle ma con più potenza. Queste armi includono una frusta a catena, una spada e un bastone bo. Combatti attraverso panorami di un mondo post-apocalittico, ma cerca di non farti colpire perché un solo attacco nemico si prenderà cura del tuo ninja.
Ninja Gaiden (USA)	Ninja Gaiden inizia con un'animazione cinematografica in cui 2 ninja duellano all'ultimo sangue; uno scende. Viene rivelato che il ninja condannato è il padre di Ryu Hayabusa. Quando Ryu viene a sapere di questo, si imbarca in una ricerca per scoprire chi ha ucciso suo padre e perché. Questa ricerca lo porta in America per trovare un archeologo con cui lavorava il padre di Ryu. Da lì, Ryu viene coinvolto in una cospirazione malvagia e soprannaturale che coinvolge un cattivo di nome Jaquio che ha in programma di usare un antico castello e alcune reliquie per scatenare un terribile male sul mondo. nnNinja Gaiden è un gioco a scorrimento laterale in cui Ryu il ninja può correre, saltare e colpire con la sua spada ninja. Può anche attaccarsi a qualsiasi superficie verticale. I potenziamenti sono disseminati in tutto il paesaggio che consentono a Ryu di lanciare palle di fuoco e stelle ninja ed eseguire altre imprese.
Ninja Gaiden II - The Dark Sword of Chaos (USA)	Shadow Warriors II: The Dark Sword of Chaos (Ninja Gaiden II in Nord America) è un videogioco Platform / Action, il secondo capitolo della trilogia di Ninja Gaiden su NES. Un anno dopo gli eventi dell'episodio precedente, Ashtar l'Imperatore delle Tenebre che aveva incaricato Jaquio dopo la sua sconfitta. Sta preparando un nuovo piano per conquistare il mondo aprendo il portale dell'oscurità. Un agente dell'intelligence speciale dell'esercito americano di nome Robert T.Sturgeon viene inviato per ottenere l'aiuto di Ryu Hayabusa per combattere Ashtar. Robert informa anche Ryu che Irene è stata catturata ed è tenuta nella Torre di Lahja.
Ninja Gaiden III - The Ancient Ship of Doom (USA)	Questa è la terza voce della frenetica serie di giochi d'azione ninja ed è l'ultimo gioco della serie ad essere rilasciato sul Nintendo Entertainment System. È passato del tempo dalla sconfitta di Ashtar e dal risorto Jaquio, e Irene Lew ha ricevuto una nuova missione da completare. Deve osservare una strana fabbrica che è stata costruita di recente per uno scopo sconosciuto e indagare su di essa. Procede a riconoscerlo, ma viene intercettata e apparentemente uccisa dal suo amico Ryu Hayabusa ... tranne che non è Ryu. È un impostore. Il vero Ryu, irritato dalla sua morte e dalla successiva falsa accusa di averla uccisa, continua la sua missione e procede alle indagini sulla fabbrica. Come affermato, questo è stato l'ultimo gioco della serie regolare prodotta per il NES.
Ninja Hattori-kun - Ninja wa Syugyou de Gozaru no Maki (Japan)	Ninja Hattori-kun (lett. &quot;Little Ninja Hattori&quot;) è un software per videogiochi del 1986 sviluppato e pubblicato da Hudson Soft per Nintendo Family Computer esclusivamente in Giappone. È basato sull'omonima serie manga giapponese di Fujiko Fujio A (lo pseudonimo di Motoo Abiko), che in seguito divenne una serie anime e un franchise asiatico. Il gioco è stato rilasciato più o meno nello stesso periodo in cui l'anime è stato trasmesso. È stato il quinto gioco Famicom più venduto pubblicato nel 1986, vendendo circa 1.500.000 di copie nella sua vita. La trama inizia quando un giovane ninja di nome Kanzo Hattori era alla ricerca del suo maestro per completare la sua formazione. Durante la ricerca del suo maestro, incontrò un giovane ragazzo di 10 anni di nome Ken (Ken'ichi) Mitsobahis e lo nominò il suo maestro sostituto temporaneo, al fine di sviluppare la fiducia di Ken, mentre intraprendevano molte avventure insieme.
Ninja Jajamaru - Ginga Daisakusen (Japan)	Jajamaru torna finalmente nel mondo dello scorrimento laterale nella quinta e ultima puntata del Famicom. Per cominciare, sembra Super Mario Bros 3 come clone. Lo stile grafico è molto simile e la barra di stato è quasi esattamente la stessa. Anche se le armi preferite di Jajamaru in passato sono state le shuriken, qui può uccidere i nemici solo saltando loro sulla testa. Tenendo premuto il pulsante B, inizi a correre sul posto, permettendoti di sfrecciare in avanti e fare salti più alti. Puoi trovare potenziamenti colpendo i blocchi con la testa e puoi anche saltarci sopra.
Ninja JaJaMaru's Big Adventure (USA) (Retro-Bit Generations)	JaJaMaru no Daibouken è un videogioco per Family Computer che è stato rilasciato esclusivamente per il mercato giapponese nel 1986. Il concetto del gioco è che il giocatore controlla un ninja rosso mentre avanza attraverso una serie di livelli giapponesi sconfiggendo gli spiriti maligni che si sono diffusi in tutta la terra. Il giocatore può persino cavalcare la sua fedele rana se riesce a recuperarla dal nascondiglio.
Ninja Jajamaru-kun (Japan)	Ninja JaJaMaru-kun (&quot;piccolo ninja dalla volontà di ferro&quot; in giapponese) è un gioco d'azione in cui interpreti JaJaMaru, un ninja la cui missione è liberare la principessa Sakura dalle grinfie del malvagio Lord Namazu. Per fare questo, usa formidabili shuriken ed elimina tutti i mostri che incrociano il tuo cammino. nnApprofitta anche di oggetti speciali (come la rana gigante che puoi cavalcare) per raggiungere la fine della tua ricerca e attraversare molti livelli pieni di mostri e fantasmi tipici giapponesi.
Ninja Kid (USA)	Ninja Kid è un gioco d'azione a scorrimento laterale in cui un bambino ninja deve saltare e combattere attraverso una serie di livelli per completare la sua ricerca. Sebbene sia armato di default di palle ninja, a volte ha l'opportunità di raccogliere altri oggetti offensivi come stelle ninja, boomerang o palle di fuoco. La versione originale giapponese, Gegege no Kitarou: Youkai Daimakyou, presenta Kitaro dell'omonimo manga. La sua arma principale sono i suoi capelli invece delle freccette e usa un dito volante invece di shuriken, il suo giubbotto invece della piuma e un geta invece di un boomerang. Anche i nemici sono presi dal manga nella versione giapponese e i livelli sono notevolmente diversi.
Ninja-kun - Ashura no Shou (Japan)	Ashura no Shou espande il gameplay di base introdotto in Ninja-kun, introducendo nuovi concetti di esplorazione e sfidando il giocatore a completare 31 fasi d'azione, con livelli ramificati, nemici più grandi e battaglie con i boss. Il gioco è stato portato su MSX e pubblicato da HAL Laboratory. È stato anche portato su Famicom nel 1988. Una versione negli Stati Uniti per NES era stata pianificata con il nome Ninja Taro, ma alla fine è stata cancellata. Il port Famicom è stato rilasciato su Wii Virtual Console in Giappone nel 2009.
Ninja-kun - Majou no Bouken (Japan)	Ninja-kun è in missione. Lui solo deve scalare la montagna ed entrare nel castello dei demoni e sbarazzarsi dei suoi malvagi abitanti. Affronterà i nemici lungo la strada e dovrà eliminarli prima di poter avanzare verso la seconda montagna e poi verso il castello. Quando ci riesce, deve ricominciare da capo in fondo alla montagna contro un gruppo più duro di nemici.
Ninjara Hoi! (Japan)	Un gioco di ruolo molto divertente nel Giappone feudale che utilizza lo stesso sistema di gioco di ruolo classico di Dragon Quest.
Nintendo World Championships 1990 (USA) (Competition Cart)	La famosa cartuccia d'oro di Nintendo. È stato utilizzato in un grande concorso negli Stati Uniti nel 1990. L'obiettivo era raccogliere il maggior numero di punti in 3 partite, in un dato tempo. La cartuccia contiene Mario Bros, Rad Racer e Tetris. Non è molto interessante da giocare ma se ti imbatti nel gioco, ti consiglio di acquistarlo poiché è estremamente costoso.
Nintendo World Cup (USA)	Questo gioco di calcio è stato realizzato nel momento in cui Nintendo ha introdotto il suo adattatore per quattro giocatori e probabilmente è stato creato per i quattro scopi di gioco. Ciò viene mostrato chiaramente quando scegli di giocare con 2 o più giocatori. Quindi puoi scegliere tra molti diversi strati di terreno, come ghiaccio, erba e pietra, il che aumenta la rigiocabilità. Quando giochi una partita a un giocatore giochi ai mondiali come uno dei migliori paesi di calcio di quel tempo e incontri i paesi in un ordine fisso. Il Camerun nella prima partita e la finale è contro la Germania occidentale. Alla vecchia maniera che perdi quando giochi a un pareggio, non c'è tempo extra. Nel gioco devi sempre guidare un solo personaggio, che scegli prima dell'inizio della partita. Puoi quindi dare semplici ordini ai tuoi compagni di squadra, come passare, affrontare e tirare. Anche le tue mosse sono limitate a queste mosse. Il gioco è totalmente senza legge, quindi sentiti libero di dare gomitate senza fare l'occhiolino all'arbitro. Probabilmente è stato creato in questo modo per essere più divertente da giocare contro gli amici.
Nishimura Kyoutarou Mystery - Blue Train Satsujin Jiken (Japan)	Blue Train Murder Murder Case è basato su un libro di Kyoutarou Nishimura con lo stesso nome, pubblicato nel 1978, ed è stata la sua prima puntata di misteri ferroviari. Questo gioco di avventura inizia con un omicidio su un treno blu in Giappone.
Nishimura Kyoutarou Mystery - Super Express Satsujin Jiken (Japan)	Questa è la seconda di due avventure per NES. Nishimura Kyoutarou è una scrittrice nata il 6 settembre 1930, specializzata in racconti gialli. Ci sono stati più giochi per varie piattaforme. Il flusso del gioco è più o meno una vasta raccolta di mini-indagini come parte del caso principale. Ogni volta il suo supervisore lo manderà su un piccolo caso in cui dovrà seguire gli indizi dell'omicidio.
Noah's Ark (Europe)	Noè è stato comandato da Dio di mettere due di ogni animale a bordo della sua arca per salvarli dal diluvio. Tuttavia, persone infelici da tutto il mondo hanno catturato diverse specie animali, impedendo a Noè di svolgere il suo lavoro. Noah dovrà visitare questi diversi luoghi e liberare gli animali dalle persone che li tengono prigionieri. nnNoah's Ark è un gioco d'azione a scorrimento laterale. Il giocatore, nei panni di Noah, deve scegliere quale livello giocare tra diverse località del mondo. Una volta in un livello, Noah può spostarsi da sinistra a destra, abbassarsi, saltare e sparare pallini direttamente di fronte a lui. Questi pallini possono essere usati per sconfiggere le creature nemiche e scoprire oggetti nascosti. Alla fine di ogni livello, Noah incontrerà una creatura nemica più forte che dovrà essere sconfitta. L'obiettivo finale di Noah è salvare gli animali in cattività designati elencati per ogni livello.
Nobunaga no Yabou - Bushou Fuuun Roku (Japan)	La storia di Nobunaga si svolge durante la guerra civile giapponese del XVI secolo. In un gioco di strategia in tempo di guerra, 15 diversi signori della guerra sono rappresentati in diversi territori. nnPossono giocare da uno a otto giocatori umani, controllando diversi leader e fazioni. Il gioco si svolge in uno dei due scenari; l'inizio della guerra civile nel 1555 o Nobunaga circondato dai suoi nemici nel 1571. La gestione della popolazione, dei rifornimenti e dell'esercito sono il gameplay e la manipolazione riuscita di questi numeri nella giusta combinazione per attaccare e difendersi da intenzioni ostili è ciò che porterà le tue forze alla vittoria.
Nobunaga's Ambition (USA)	Nel XVI secolo, il periodo Sengoku del Giappone divise la nazione in molti stati feudali, ciascuno governato da un daimyo. Molti sognavano di conquistare il Paese, diventare Shogun e governare l'intero Paese. Uno di questi daimyo era l'ambizioso Nobunaga Oda, un sovrano spietato e rinomato stratega. I giocatori assumono il ruolo di Nobunaga Oda o di uno dei tanti altri daimyo nel tentativo di conquistare il Giappone. Nobunaga's Ambition è un gioco di strategia a turni che può essere giocato in diverse modalità. I giocatori iniziano selezionando uno scenario di 17 regioni o uno più grande di 50 regioni. Successivamente, il giocatore deve scegliere un daimyo, i cui attributi sono valutati in diverse categorie: età, salute, ambizione, fortuna, fascino e quoziente intellettivo. Con il progredire della partita, questi valori cambiano in base agli eventi del gioco.
Nobunaga's Ambition II (USA)	Nobunaga's Ambition II è un videogioco di strategia a turni sviluppato e pubblicato da Koei nel 1988. È un sequel di Nobunaga's Ambition ed è ambientato nel Giappone medievale del XVI secolo. Offre due scenari. Nella prima, il Giappone è diviso tra molti signori che cercano ciascuno di unificare il paese. Nella seconda, che si svolge qualche anno prima della prima, il giocatore affronta Lord Nobunaga che già controlla metà del Paese. Il gioco si svolge turno per turno su una mappa del Giappone divisa in province, su cui il giocatore controlla i samurai a cui sono assegnate le unità militari. Ogni turno, il giocatore può eseguire diverse azioni, come trasferire uomini o risorse da una provincia all'altra o sviluppare agricoltura, commercio o fortificazioni nella sua regione.
North and South (USA)	Questo gioco di &quot;Tuniques bleues&quot; è basato sulla guerra civile americana. Si sceglie la propria fazione e si muove il proprio esercito sulla mappa. Quando si attacca il nemico si passa alla modalità battaglia. Cannoni, cavalleria e fanteria si affrontano a turno. La mappa principale consente di visualizzare sia le truppe che le risorse. Potete anche prendere possesso delle linee ferroviarie per arricchirvi. Quando il forziere è pieno, una nuova unità è pronta per la battaglia e i rinforzi possono essere portati dalla costa. Si noti che la cattura dei treni e dei forti nemici sono fasi d'azione viste di lato. Gli indiani possono giocare i guastafeste a caso e farvi perdere unità.
Nuts & Milk (Japan) (En)	In questo gioco Arcade il gameplay è abbastanza semplice, l'eroe, chiamato &quot;Milk&quot; deve ottenere tutti i frutti sullo schermo per liberare la sua ragazza (non chiedermi qual è la relazione) che viene catturata all'interno di una casa. Il tuo rivale &quot;'Nuts&quot; cercherà di tenerti lontano dal tuo obiettivo. Per ottenere il frutto, Milk salirà su delle scale e salterà su diverse piattaforme. nnI punti vengono guadagnati ottenendo il frutto, saltando su Nuts e completando il livello nel minor tempo possibile (ottenendo il valore del punteggio Bonus). Sono incluse due modalità di gioco e un editor di livelli.
Obocchama-kun (Japan)	Il gioco Obocchama-kun è un gioco da tavolo multiplayer che presenta l'omonimo Obocchama-kun, un odioso personaggio ragazzo ricco creato da Yoshinori Kobayashi per riflettere e ironizzare sugli atteggiamenti durante la bolla economica giapponese di fine anni '80/inizio anni '90.
Oeka Kids - Anpanman no Hiragana Daisuki (Japan)	Il gioco è basato su una popolare serie animata per bambini. L'eroe Anpanman è il figlio del fornaio Jam-ojisan. La sua testa è fatta interamente di pane e marmellata di fagioli. Salva creature affamate, a cui dà da mangiare parti della sua testa, e combatte il malvagio Baikinman (&quot;Uomo Germ&quot;) e i suoi servi. Questo gioco contiene cinque minigiochi, alcuni dei quali hanno scopi educativi. Il gioco è controllato interamente da uno speciale dispositivo simile a un mouse che viene fornito con esso. I minigiochi sono: 1. Cerca di catturare le mele che Anpanman fa cadere dal cielo correndo intorno a un piccolo campo. 2. Combina i pezzi del puzzle per creare immagini dei personaggi dell'animé. 3. Esercitati a scrivere sillabe giapponesi (hiragana) con l'aiuto di Anpanman. 4. Scopri le differenze tra immagini simili. 5. Scopri i volti dei personaggi facendo clic sugli spazi vuoti su un tabellone. Scoprire la faccia di un nemico ti farà fallire (un concetto non dissimile da Campo minato).
Oeka Kids - Anpanman to Oekaki Shiyou!! (Japan)	Oeka Kids: da Anpanman a Oekaki Shiyou! è un gioco miscellanea di una delle serie di cartoni animati anime più popolari del Giappone dal 1968. Questo è uno dei due giochi Anpanman della serie Oeka Kids pubblicati su NES.
Oishinbo - Kyuukyoku no Menu Sanbon Shoubu (Japan)	Oishinbo ci mette nel ruolo di Yamaoka Shiro mentre aiuta a fare brainstorming per l'imminente banchetto VIP di Tozai News. Incontra un trio di buongustai in visita alla sua pubblicazione, uno dei quali esalta i meriti culinari del foie gras. Shiro è sprezzante a causa del suo aspetto brutto (non importa la crudeltà sugli animali), provocando un'accesa discussione tra i due. Pieno di rabbia, Shiro torna alla sua scrivania per cercare di inventare un piatto che farà saltare il foie gras fuori dall'acqua. È qui che il gioco inizia sul serio e il segno distintivo più familiare del genere ADV inizia a farsi sentire: il lavoro frenetico. Il giocatore deve guardare e interagire con tutto ciò che può se vuole fare progressi, spesso più volte. La durata del gioco per riempirsi da sola è spesso ridicola, come quando Shiro è in grado di visitare la sua mensa sul posto di lavoro solo dopo aver letto un cartello che lo informa che esiste.
Okkotoshi Puzzle - Tonjan! (Japan)	Puzzle Okkotoshi Tonjan!, a volte noto semplicemente come Tonjan è un puzzle game di NMK che presenta maiali antropomorfi che spingono tessere mahjong in un labirinto, tentando di spingere intere pile in uno dei tanti buchi nell'area. I punti bonus vengono assegnati per aver prima inserito alcune tessere specificate nelle buche, e c'è una tessera in particolare che completerà il livello una volta spinta in una buca ed è l'unico obiettivo obbligatorio. I livelli futuri aumentano il numero di tessere e la difficoltà, aggiungendo tessere pesce che fanno perdere una vita al giocatore se vengono spinti in una buca. Puzzle Okkotoshi Tonjan!? sembra un sequel del precedente gioco d'azione multiplayer Arcade di NMK Butasan, che presenta maiali dall'aspetto simile. I diritti della versione Arcade di Tonjan sono stati venduti a una società coreana, Dooyong, che l'ha trasformata in un gioco chiamato Yam! Patata dolce?! con un tanooki che indossa un grembiule.
Onyanko Town (Japan)	I giocatori devono interpretare il ruolo di una gatta chiamata Milky che vive in una pericolosa metropoli piena di cani. I cani vogliono uccidere Milky prima che possa salvare suo figlio Michael che è andato in giro per la città da solo (e si è perso). I giocatori devono catturare il pesce per l'invincibilità temporanea. Tuttavia, gli altri nemici possono ancora uccidere la madre gatta come il mercante di pesce (che è l'unico cattivo umanoide nel gioco), le automobili sulla strada, insieme ai tombini e ai tralicci. La città è divisa in strade per il traffico automobilistico e marciapiedi per i cani pedoni in roaming in tuta. I mercanti di pesce sostituiscono completamente i cani dopo il 30° livello; facendo diventare ridondante l'icona dell'invincibilità (pesce).
Operation Wolf (USA)	Sei stato reclutato per l'Operazione Wolf, un disperato tentativo di salvare i prigionieri dal nemico. Attraverso una serie di missioni, affronterai una varietà di nemici, dai soldati ai ninja, dalle motovedette agli elicotteri e altro ancora. Puoi portare la giornata? Operation Wolf è una conversione arcade del gioco di Taito. È essenzialmente un &quot;sparatutto su rotaia&quot; bitmap, in cui fondamentalmente tieni la pistola e spari praticamente a tutto ciò che si muove, conservando le munizioni e le granate.
Orb-3D (USA)	Il malvagio mago spaziale Krohn ha padroneggiato il potere di controllare un buco nero e prevede di usare questo potere per controllare l'universo. Sei un esploratore in missione in un angolo remoto dell'universo. Sei appena stato riassegnato per combattere Krohn poiché la tua nave, la Millennium Orb, è l'unica navicella spaziale in grado di resistere al buco nero di Krohn. Per sconfiggere Krohn, devi superare 30 diverse camere che bloccano il percorso. Sul lato sinistro e destro di ogni camera ci sono campi di forza che devi manovrare per mantenere la sfera del Millennio all'interno della camera. Ogni camera contiene un aereo al centro con vari bersagli, attorno al quale viaggerà l'Orb.
Osomatsu-kun - Back to the Me no Deppa no Maki (Japan)	Il gioco è composto da due schede. Uno piccolo all'interno della scatola e uno più grande pieghevole. I giocatori possono scegliere tra due varianti di gioco, ciascuna utilizzando una delle schede. Per entrambe le varianti possono giocare da due a quattro persone. Nella variante di gioco che utilizza il tabellone grande, l'obiettivo per tutti i giocatori è costruire un &quot;Iyami&quot; da sei parti. Per ogni turno, lo spinner all'interno della scatola viene utilizzato per determinare il numero di passi per avanzare sul tabellone e i numeri stampati sul tabellone determinano quale parte del corpo di Iyami un giocatore può scegliere. La prima persona che finisce di costruire Iyami vince la partita.
Otaku no Seiza - An Adventure in the Otaku Galaxy (Japan)	Fuyuu City è una città futuristica in una terra dove l'intero potere è nelle mani delle donne, che sono molto più forti degli uomini. Cinque donne belle, intelligenti e forti formano un gruppo chiamato &quot;Aurora&quot;. Sono loro che controllano la città di Fuyuu e i suoi dintorni. Un ragazzo senza nome finisce a Fuyuu City con la memoria persa. È indignato da ciò che vede lì e decide di aiutare gli uomini discriminati.
Othello (USA) (HAL Laboratory)	Otello è una conversione del gioco da tavolo. Ogni giocatore cerca di riempire il tabellone di gioco con quanti più dischi possibile del suo colore. Ad ogni turno il giocatore posiziona un disco sul tabellone selezionando una posizione in cui i dischi avversari rimarranno intrappolati tra due dei suoi dischi. I dischi intrappolati vengono girati nel colore dei giocatori. Il gioco termina quando il tabellone è pieno o quando il tempo scade e il giocatore con il maggior numero di dischi colorati sul tabellone vince. Due giocatori possono giocare l'uno contro l'altro o un giocatore contro il computer.
Outlanders (Japan)	Tetsuya Wakatsuki era solo un ragazzo medio, pigro ma ben intenzionato, e un fotografo per il giornale locale. Il tuo pianeta attaccato da un'armata aliena invasiva tende a cambiare questo genere di cose, però. La giovane principessa dell'esercito invasore, Kahm, arriva sulla Terra per prendere parte all'annientamento della razza umana. Finisce bloccata sulla Terra, dove Tetsuya la trova, e si innamorano l'uno dell'altra. Decidono che se si dovessero sposare, i due pianeti non sarebbero più in grado di combattere, e così si avviano verso il pianeta natale di Kahm per chiedere il permesso a suo padre, l'imperatore. Essendo stato colui che ha ordinato l'invasione in primo luogo, tuttavia, non è particolarmente soddisfatto di questa svolta degli eventi. Tetsuya viene imprigionato e Kahm viene portato in luoghi sconosciuti. Ora, Tetsuya deve evadere di prigione e salvare Kahm!
Over Horizon (Europe)	Over Horizon è uno sparatutto a scorrimento laterale in cui il giocatore deve guidare un'astronave attraverso vari livelli e distruggere numerosi nemici. Le armi della nave possono essere sparate in direzione di rimorchio e i nemici sconfitti a volte rilasciano potenziamenti che equipaggiano la nave con armi diverse e fino a due opzioni. Ci sono tre diverse armi oltre al tiro standard: laser, missili a ricerca e bombe.
Overlord (USA)	Overlord, noto anche come Supremacy: Your Will Be Done, è un videogioco di strategia in tempo reale progettato da David Perry e Nick Bruty e prodotto da Probe Software. Il gioco si svolge in un universo di fantascienza. L'obiettivo è creare e proteggere colonie su vari pianeti mentre si cerca di distruggere le colonie dell'avversario.
P.O.W. - Prisoners of War (USA)	POW : Prisoners of War per NES è un gioco d'azione che ti mette nei panni di un prigioniero di guerra nella sua fuga dal campo di prigionia. Avrai a disposizione un numero di armi e attacchi in mischia per raggiungere questo obiettivo.
Pac-Land (Japan)	Pac-Land è un gioco a scorrimento laterale per 1-2 giocatori con un'atmosfera da cartone animato. Ora dotato di braccia, viso e gambe, Pac deve guidare una fata a casa sua nel Paese delle Fate, ma questo compito non sarà facile perché Inky, Blinky, Pinky, Clyde e Sue inseguiranno Pac-Man mentre viaggia attraverso Pac-Land. Quando finalmente riporta la fata a casa sua, Pac riceve delle scarpe magiche, che lo aiuteranno ad arrivare a casa sua, dove sarà accolto dalla sua famiglia: la signora Pac-Man, Baby Pac-Man, Chomp Chomp , e Sourpuss.
Pac-Man (USA) (Namco)	Pac-Man on Nes è l'adattamento di uno dei più grandi successi arcade nella storia dei videogiochi. Tu controlli Pac-Man, una pallina gialla croccante, in labirinti popolati da fantasmi colorati. Lo scopo del gioco è mangiare tutti i puntini gialli. Il minimo contatto con uno degli ectoplasmi è fatale.
Pac-Man - Championship Edition (USA, Europe) (Namco Museum Archives Vol 1)	Come il Pac-Man originale, il gioco di base di Pac-Man Championship Edition consiste interamente nel navigare Pac-Man attraverso un labirinto, mangiare punti, power pellet e oggetti bonus (come frutta, chiavi e altri oggetti) ed evitare anche i quattro fantasmi che vagano per il labirinto. Se Pac-Man viene catturato da un fantasma, il giocatore perde una vita. Mangiare un power pellet fa diventare i fantasmi blu, permettendo a Pac-Man di mangiarli e rimandarli a casa, dove riemergono nella loro forma originale.
Pachi-Slot Adventure 2 - Sorotta-kun no Pachi-Slot Tanteidan (Japan)	È il seguito di Tokyo Pachi-Slot Adventure è un'avventura che combina il valore di intrattenimento del pachinko e delle slot machine; ed è seguito da Pachi-Slot Adventure 3. Sviluppato dalla stessa azienda che ha realizzato American Dream (da non confondere con la società di videogiochi senza licenza Color Dreams), questo gioco presenta il giocatore che inizia in un salotto di pachinko mentre cerca di vincere palline per continuare la sua avventura.
Pachi-Slot Adventure 3 - Bitaoshii 7 Kenzan! (Japan)	Sequel di Tokyo Pachi-Slot Adventure e Pachi-Slot Adventure 2, è un'avventura che combina il valore di intrattenimento di pachinko e slot machine. Sviluppato dalla stessa azienda che ha realizzato American Dream (da non confondere con la società di videogiochi senza licenza Color Dreams), questo gioco presenta il giocatore che inizia in un salotto di pachinko mentre cerca di vincere palline per continuare la sua avventura.
Pachicom (Japan)	Pachicom è una simulazione di un gioco di pachinko. Il pachinko può essere descritto come un gioco che è un incrocio tra un flipper e una slot machine. Questo gioco offre due diverse modalità di gioco. La modalità A consente al giocatore di giocare fino a raggiungere un punteggio di almeno 3000. L'obiettivo è raggiungere questo punteggio il più rapidamente possibile. Tuttavia, il gioco può terminare prematuramente se non ci sono più palline da tirare. Il gioco B consente al giocatore di cercare di ottenere il punteggio più alto possibile, ma con un ulteriore limite di tempo. Il gioco contiene oltre 200 diversi layout di tabellone. Nel menu principale, basta scegliere la partita A o B e al giocatore verrà assegnato casualmente un tabellone. Il gameplay è essenzialmente passivo. I giocatori possono regolare solo il pulsante di pressione del tiro, che influisce sulla velocità e sulla posizione delle palline.
Pachinko Daisakusen (Japan)	Pachinko Daisakusen è un gioco d'azzardo per il Nintendo Entertainment System. C'è una traduzione inglese per Pachinko Daisaksen. Ora puoi divertirti con uno dei giochi di intrattenimento più popolari del Giappone e giocare su NES e in inglese! Divertiti!
Pachinko Daisakusen 2 (Japan)	Pachinko Daisakusen 2 è un gioco d'azzardo per Nintendo Entertainment System. Ecco una traduzione in inglese della seconda parte di Pachinko Daisakusen.
Pachio-kun 2 (Japan)	È un sequel del rivoluzionario gioco pachinko &quot;Pachio-kun. Il numero di negozi è aumentato dal gioco precedente a 10. Il numero di tavoli pachinko unici, come il tavolo Kong, il tavolo UFO, ecc., è aumentato.
Pachio-kun 3 (Japan)	Pachio-kun 3 è il sequel del primo Pachio-kun 2 su Famicom. Come nei primi giochi, l'obiettivo è aiutare un astuto pachinko ball di nome Pachio-kun a mandare in bancarotta una serie di pachinko salotti e liberare tutti i suoi fratelli in miniatura dai loro vistosi gulag meccanici.
Pachio-kun 4 (Japan)	Il videogioco ci mostra un personaggio, da una vista dall'alto, che si trova in un casinò. Devi cambiare macchina per vincere i premi.
Pachio-kun 5 (Japan)	Pachiokun 5 è il quinto e ultimo gioco della serie a tema pachinko per Famicom. Se hai giocato agli altri giochi di Pachiokun, oa qualsiasi altro gioco di pachinko, sai esattamente cosa sta succedendo qui. In pratica giochi a pachinko, con l'obiettivo di chiudere le sale liberando (guadagnando tutte le palline di metallo da) le macchine in ogni sala, quindi procedi nella sala successiva per ripetere. Se ti piace il pachinko o hai giocato agli altri giochi di Pachiokun, vai avanti e prova anche questo. Può creare dipendenza, quindi fai attenzione!
Palamedes (USA)	Palamedes per Nes è un puzzle-game che consiste nel creare linee con i dadi. Devi allineare i numeri sulle facce dei dadi per avere successo. Un amico può anche sfidarti.
Palamedes II - Star Twinkle, Hoshi no Mabataki (Japan)	Palamedes II può essere descritto come &quot;il suo predecessore, rovesciato&quot;. Come prima, il tuo obiettivo è riorganizzare un set di dati e posizionarlo in una riga per l'eliminazione. È possibile eliminare solo set di dati come 4-4-4-4-4 o 1-2-3-4-5 e, a seconda della serie, ciò comporterà l'eliminazione di una o più righe di dati. schermo. A differenza del Palamedes originale, questa volta il tuo personaggio si trova in cima ai dadi e il mucchio crescente di dadi lo schiaccia a meno che non faccia le giuste combinazioni per eliminare il mucchio. È un po' come Tetris e un po' come Klax.
Panic Restaurant (USA)	Panic Restaurant è un gioco platform a scorrimento laterale in cui giochi nei panni dello chef Cookie. Lo chef rivale Ohdove ha rilevato il suo ristorante e tocca a Cookie reclamarlo. nnÈ un gioco di piattaforma abbastanza semplice. Corri e salti e i nemici sono posizionati tutt'intorno per cercare di fermarti. L'intero gioco, sfondi, nemici e boss, è a tema alimentare. Durante il tragitto nel ristorante incontri cose come salsicce, forni a microonde, cipolle e hamburger. In tuo aiuto hai sempre una padella con cui battere i nemici e puoi anche trovare altri oggetti, come un cucchiaio e piatti da lanciare contro i nemici. nnIl gioco contiene 6 livelli, ciascuno in una posizione separata nel ristorante, come la cucina, il congelatore e il seminterrato. Alla fine di ogni livello ti trovi di fronte a un boss. Tra ogni livello c'è un gioco bonus in cui giochi a una slot machine per provare a vincere un po' di salute e vite extra.
Paperboy (USA)	Basato sul gioco arcade, l'obiettivo di Paperboy è quello di consegnare i giornali ai suoi clienti mentre reca il maggior danno possibile alle case dei non clienti. Per rendere le cose più complicate sono stati messi ostacoli lungo la strada, tra i quali ci sono cantieri con lavoratori, pneumatici lasciati lungo la strada, skateboarders, gatti e cani, auto e persino tornado occasionali.
Paperboy 2 (USA)	Sei un ragazzo di carta. Sali sulla tua bicicletta. Evita gli ostacoli sulla strada, come cani, automobili e praticamente tutto ciò che puoi immaginare. Diavolo, alcune persone ti sparano palle di cannone! E faresti meglio a essere molto sicuro di lanciare carte solo nelle case giuste! (e alle persone, è divertente :)
Parallel World (Japan)	Dopo essere stati risucchiati e bloccati in un universo alternativo, tu e la tua ragazza dovete aggirare gli enigmi di un magnifico castello per tornare a casa. nnIl castello stesso è composto da un totale di venti mondi composti da cinque livelli ciascuno, ognuno dei quali è pieno zeppo di nemici. Dalla tua visuale dall'alto, devi usare il pad direzionale per spostare il tuo personaggio sulla griglia e spingere gli ostacoli sullo schermo contro i tuoi nemici per distruggerli per far scappare le chiavi e altre chicche (tempo extra, punti bonus, ecc.), ma tieni presente che dovrai usare quegli stessi ostacoli per costruire un percorso verso l'uscita. E non dimenticare di lavorare velocemente, dato che hai solo 100 secondi per risolvere ogni puzzle. Fallisci e perderai una vita (inizia con solo tre).
Parasol Henbee (Japan)	Parasol Henbee è un platform d'azione basato su un cartone animato giapponese con lo stesso titolo.Gli alieni Red-Oni hanno invaso Fairtale Land e tocca a Henbee salvare il mondo. Questo gioco è stato rilasciato solo in Giappone per Nintendo Famicom.
Parasol Stars - Rainbow Islands II (Europe)	Questo sequel di Rainbow Islands vede un ritorno al gameplay di Bubble Bobble, ma con Bub e Bob nelle loro forme ormai umane. nnI ragazzi devono ripulire una serie di schermi di cattivi - che assumono forme leggermente più esoteriche rispetto ai bruchi arrabbiati delle Isole Arcobaleno - e di nuovo raccogliere un sacco di potenziamenti. nnMa questa volta sono armati di ombrelli! Oh, ok allora, ombrelloni...
Paris-Dakar Rally Special (Japan)	Paris-Dakar è un gioco di corse fantasioso con elementi platform e azione-avventura. Presenta auto da rally Dakar che potrebbero sparare proiettili, un pilota con la possibilità di uscire dall'auto e andare in esplorazione per abbassare un ponte o aggirare altri ostacoli, sezioni di guida subacquee e, a volte, evitare una flotta di carri armati e jet da combattimento. Ogni fase presenta la sua svolta unica.
Parodius (Europe)	Questa è principalmente la parodia di Gradius (Nemesis su alcuni sistemi), con un po' di sapore da altri sparatutto, come Twinbee. La serie è disponibile su numerose piattaforme. nnIl gioco è uno sparatutto a scorrimento da destra a sinistra. Puoi scegliere tra 4 diverse creature volanti, con armi diverse. Devi completare 7 fasi, ognuna con un boss alla fine. Puoi iniziare da uno dei due, ma devi completare tutti i livelli per passare alla fase finale.
Peepar Time (Japan)	Peepar Time è un gioco in qualche modo simile a Blodia Land - Puzzle Quest. Controlli una strana macchina per saltare che attraversa tessere a 4, 3 o 2 vie. Se cade da una piastrella in acqua, perde. Se colpisce un vicolo cieco, si riprende. Se incontra un nemico, perde. Il tuo ragazzo ha una tanica di olio che dura più di 60 casse. Puoi rifornire di petrolio e trovare oro per guadagnare punti. L'obiettivo finale è trovare una chiave e raggiungere il negozio alla fine del livello.
Penguin-kun Wars (Japan)	Un pinguino fa rotolare delle sfere su un tavolo tentando di mettere fuori combattimento il suo avversario per ottenere punti. Il personaggio con il minor numero di sfere sul lato del tavolo alla fine della partita a tempo è il vincitore.
Pennant League!! - Home Run Nighter (Japan)	Home Run Nighter: Gagliardetti!! è un gioco di baseball Famicom nello stampo del Pro Yakyuu Family Stadium: tutti gli atleti hanno un aspetto super-deformato da cartone animato. Home Run Nighter fa un passo avanti rispetto ai suoi contemporanei, avendo ogni battitore delle squadre immaginarie che compongono la Pennant League il proprio sprite unico. Alcuni saranno più alti di altri o avranno tratti del viso esagerati. È possibile che alcuni degli atleti (e dei manager, che compaiono durante la fase di preparazione) siano modellati su veri giocatori di baseball giapponesi.
Pennant League, The - Home Run Nighter '90 (Japan)	The Pennant League: Home Run Nighter '90 è un gioco di baseball simile al Pro Yakyuu Family Stadium (Giappone) e all'RBI. Baseball (Stati Uniti).
Perfect Bowling (Japan)	Perfect Bowling è un gioco di bowling Famicom solo in Giappone, in cui il giocatore gareggia con altri avversari del computer. Ciascuno degli avversari ha il proprio nome, aspetto e stile di gioco. Il gioco sembra ambientarsi nel futuro, con le corsie che riforniscono spille con laser e alcuni personaggi vestiti con strane mode futuristiche (o almeno un'interpretazione degli anni '80 del futuristico). Questo è un completo allontanamento dalla sua box art, che sembra più che ricorda gli anni '50 e '60.
Perman (Japan)	Perman: Enban wo Torikaese!! è un platform d'azione per il Nintendo Entertainment System. Il gioco è basato su un fumetto giapponese e ha uno show televisivo animato conosciuto in Italia con il nome di SUPER KID. Il disco spaziale di Birdman è stato rubato dal dottor Mad e spetta a Perman recuperarlo e salvare la situazione. Il gioco presenta un platform standard e ha due personaggi giocabili, Perman e Booby la scimmia. C'è anche la battaglia con il boss che ricorda un gioco da tavolo.
Perman Part 2 - Himitsu Kessha Madoodan o Taose! (Japan)	Paaman (o molto probabilmente Perman, in Italia SUPER KID) è un fumetto in Giappone realizzato da Fujiko Fujio i creatori di Doraemon. Come se non fosse già ovvio solo a guardarli. Tutti e quattro i personaggi che puoi scegliere di controllare hanno la straordinaria capacità di volare in modo sorprendentemente imbarazzante. C'è una vista laterale, dove puoi volare, come quello di cui stavo parlando, e c'è una vista dall'alto, dove cammini all'interno di edifici e cose del genere. Non puoi volare però, ma puoi saltare, il che è abbastanza inutile. La cosa bella di questo gioco è l'enorme quantità di pazze stanze bonus in cui puoi entrare e, a volte, alla fine di queste stanze puoi guadagnare cose belle, come nuove armi o potenziamenti delle armi.
Pescatore (Japan) (Proto)	Pescatore è un puzzle game, sviluppato da Tierheit e destinato ad essere pubblicato da Sunsoft. Come Sunman, non ha mai visto la luce né nella terra del sole nascente né nella casa dei coraggiosi. Nemmeno nei punti intermedi, come nel caso di molti altri titoli Sunsoft dell'epoca. A differenza di Sunman, tuttavia, Pescatore fu brevemente rivelato al pubblico nella primavera del 1991 allo Shoshinkai Show di Nintendo. Il gameplay di Pescatore prende in prestito il gameplay di PuyoPuyo e cambia leggermente le regole per richiedere meno abilità e più fortuna.
Phantom Fighter (USA)	Basato sul film di Hong Kong del 1985, &quot;Mr. Vampire&quot;, Phantom Fighter mette il giocatore nel ruolo di un guerriero cinese che cammina con il tuo allievo attraverso diverse città cinesi prese da fantasmi. Entra in ogni casa e picchiali usando una varietà di mosse di kung-fu. Dopo aver sconfitto un fantasma, riceverai un regalo speciale che recupera la tua energia o migliora le tue abilità di combattimento. Durante il gioco, parli con persone diverse che ti aiutano a capire cosa sta succedendo.
Pictionary - The Game of Video Quick Draw (USA)	Pictionary è un gioco da tavolo sviluppato da Software Creations e pubblicato da LJN per NES. Si basa sul gioco da tavolo con lo stesso nome, i giocatori possono giocare fino a quattro squadre di giocatori illimitati.
Pin Bot (USA)	Pin-Bot è una conversione del flipper arcade di Williams Electronics. Il gioco si gioca con uno schermo diviso; la metà inferiore dello schermo rimane sulle pinne, mentre la metà superiore scorre per seguire le palline sul tavolo. Oltre a ricreare il tavolo del gioco del flipper, luci e suoni sono stati aggiunti diversi elementi del videogioco, come i mostri a cui piace mangiare i flipper. Fino a quattro giocatori possono competere contro Pin-Bot!
Pinball (Japan, USA) (En)	Diventa un mago del flipper, direttamente a casa tua! Salta i paraurti, gira le doppie pinne e vinci persino un round bonus nel velocissimo PINBALL di Nintendo! Avrai il tempo della tua vita girando dalla schermata di gioco superiore a quella inferiore, accumulando punti per battere il tuo avversario e, se sei fortunato, avanzi al round bonus dove salverai la fanciulla che cade in questo versione video della cosa reale!
Pinball Quest (USA)	Presentato come un gioco di ruolo di flipper, sebbene il termine sia usato in modo approssimativo, poiché guadagni oro solo per acquistare tappi e pinne più potenti. In realtà, ci sono quattro diverse modalità di gioco. La modalità RPG ha sei tavoli da flipper multischermo, in cui usi le pinne per far cadere il flipper contro i nemici, trovare le chiavi e infine salvare la principessa Bali. Le altre modalità, POP!POP!, Viva Golf e Circus, sono tavoli da flipper multischermo specializzati che coinvolgono sport, golf e circo. Quest'ultimo ha una slot machine e un gioco bonus in cui si lanciano palline contro gli animali per salvare la ragazza che stanno inseguendo.
Pipe Dream (USA)	Questo livello di puzzle astratto sfida il giocatore a creare una rete di tubi per consentire a una sostanza non specificata nota come &quot;flooz&quot; di fluire con quanto più possibile. I pezzi sono offerti in ordine casuale e ci sono sette tipi diversi: linee rette che vanno orizzontalmente o verticalmente, angoli che girano in ciascuna delle quattro direzioni e croci che portano il flooz in linea retta orizzontalmente e verticalmente. Ognuno di questi può essere inserito da qualsiasi luogo. Quando il flusso raggiunge uno spazio vuoto, o un pezzo in cui il pezzo precedente non può fluire, il tubo termina.
Pizza Pop! (USA, Europe) (Broke Studio)	Un fattorino della pizza è innamorato di una ragazza di nome Betty. Devi consegnare le pizze entro il tempo stabilito e combattere contro il tuo rivale, che ti ostacolerà, per acquistare gioielli per la tua amata.
Plasma Ball (Japan)	Plasma Ball è un gioco d'azione in cui interpreti un robot in un'arena per combattere un avversario. Il combattimento avviene con una palla rimbalzante che rimbalza su tutte le pareti dell'ambiente della decorazione. Puoi respingerlo con il tuo scudo o afferrarlo per caricarlo e provare a colpire il tuo avversario una volta che l'energia in esso è al massimo. L'app offre diverse arene e la scelta tra diversi combattenti. Da solo o due, combatterai dure battaglie.
Platoon (USA)	Platoon è un adattamento del film con lo stesso nome, interpreti ogni segmento del lungometraggio con fasi di gioco diverse. Il primo sarà un gioco a scorrimento nella giungla in cui puoi saltare e abbassarti per superare gli ostacoli. Successivamente, avrai, ad esempio, l'attraversamento del tunnel in prima persona.
Pocket Zaurus - Juu Ouken no Nazo (Japan)	Pocket Zaurus: Ju Ouken no Nazo (forse tradotto come &quot;Pocket Zaurus: Mystery of Ten Kings Swords&quot;, i Ten Kings sono i dieci giudici dell'inferno che esaminano la condotta del recentemente scomparso) è un gioco d'azione sviluppato da Bandai e pubblicato in Febbraio 1987. Al momento dell'uscita di questo gioco, Bandai ha prodotto una linea di penne per dinosauri, cancelleria e scuola a tema simile fornita con l'etichetta Pocket Zaurus. In quanto tale, il gioco stesso ha un leggero aspetto educativo. Il gioco è un gioco d'azione a scorrimento orizzontale. Controlli Hashimoto-Zaurus, dal nome di Hashimoto, un impiegato di Bandai che presumibilmente ha inventato il concetto di Pocket Zaurus. Nonostante condividano il nome con la linea di prodotti, non si vedono quasi mai personaggi che assomigliano a quelli usati nel prodotto e nemmeno i nemici sono affatto imparentati. L'idea per il gioco è stata presentata da un lettore della rivista di giochi &quot;Family computer Magazine&quot;, pubblicata da Tokuma Shoten.
Pooyan (Japan) (En)	Pooyan sur Nes è un gioco d'azione basato sul principio dell'omonimo gioco arcade in cui interpreti una troia, la signora. Pig, che sta cercando di proteggere i suoi piccoli dagli attacchi dei lupi. Sig.ra. Il maiale cavalca su e giù su un cavo dove può scoccare frecce per distruggere i palloncini a cui i lupi si aggrappano per planare verso i maialini! Devi abbatterli in modo che non possano raggiungerli.
Popeye (Japan)	Popeye è una conversione del gioco d'azione/piattaforma arcade. Come Braccio di Ferro, stai cercando di conquistare l'amore di Olive Oyl! È in cima allo schermo e lascia cadere i segni del suo amore e devi raccoglierli prima che tocchino il suolo. Dopo aver raccolto il numero richiesto di oggetti, puoi passare al livello successivo, più difficile. Tuttavia, ci sono molti ostacoli che cercano di impedirti di completare il tuo compito! Brutus vaga per lo schermo e cerca costantemente di catturarti. Se raccogli una lattina di spinaci, puoi stordirlo temporaneamente, altrimenti Bruto ti metterà fuori combattimento. Anche altri oggetti come bottiglie o uccelli volano intorno allo schermo e ti faranno perdere una vita se vieni colpito. Ogni livello presenta una diversa disposizione di piattaforme e scale e ti farà raccogliere oggetti diversi mentre fluttuano verso la parte inferiore dello schermo!
Popeye no Eigo Asobi (Japan)	Popeye no Eigo Asobi (gioco in inglese Popeye) è l'esclusivo spin-off giapponese del gioco arcade Popeye. Il gioco include tre modalità: Word Puzzle A, Word Puzzle B e Word Catcher. In Word Puzzle A (basato sul primo livello del gioco originale), al giocatore viene assegnata la parola giapponese in una delle sei categorie: Animale, Paese, Cibo, Sport, Scienza e Altro (a causa di limitazioni tecniche) vengono visualizzati questi termini interamente come katakana, indipendentemente dalla sua origine. I quadrati vuoti vengono assegnati per la parola inglese e il giocatore deve manovrare attorno a Braccio di Ferro per indicare le lettere dell'alfabeto per riempire gli spazi vuoti. Ogni immissione di lettere sbagliata fa sì che Brutus/Bluto colpisca un canestro con Swee'Pea; il giocatore deve risolvere il puzzle prima che il cestino Swee'Pea cada dalla piattaforma a cui è attaccato.
Portopia Renzoku Satsujin Jiken (Japan)	Segnando l'irruzione di Yuji Horii (famoso in Dragon Quest) nell'industria dei giochi, Portopia Renzoku Satsujin Jiken è un'avventura testuale di omicidio in prima persona. Originariamente pubblicata per il sistema PC-6001 nel 1983, la porta NES consente ai giocatori di inserire comandi selezionandoli tramite il loro gamepad da un elenco di verbi e cercare la grafica sullo schermo per i punti caldi. nnLa storia mette i giocatori nei panni di un detective della polizia giapponese senza nome in una missione per risolvere l'omicidio di un direttore di banca. Nei suoi viaggi attraverso autentiche ambientazioni giapponesi, il protagonista silenzioso e senza nome è assistito dal suo collega Yasu che esegue i suoi ordini.
Power Blade (USA)	È l'anno 2191 e la felice esistenza della Terra era governata da un computer principale. Poi, all'improvviso, il suo programma di controllo principale ha funzionato male e la gente è andata nel panico garantendo il caos totale. L'agente segreto Nova viene chiamato per individuare gli agenti situati in sei settori. Questi agenti sono in possesso di una carta d'identità che Nova deve acquisire per accedere alla stanza di sicurezza all'interno di ciascun settore. Lì, deve sconfiggere le guardie e ottenere unità nastro segrete, e se Nova ne ottiene sei, sarà in grado di entrare nel centro di controllo e sconfiggere la guardia per distruggere il computer e riportare l'ordine nella società.
Power Blade 2 (USA)	Il gioco d'azione Power Blade 2 su Nes ti mette di nuovo nei panni dell'agente segreto Nova, 9 anni dopo, che questa volta ha la missione segreta di infiltrarsi e distruggere la Fondazione Delta. Questi ultimi stanno per vendere l'ultima generazione di cyborg da combattimento al miglior offerente, il che minaccia gravemente la sicurezza della nazione.
Power Blazer (Japan)	Power Blazer è un gioco d'azione/piattaforma di Taito. Nel 21° secolo, il mondo intero è gestito da un supercomputer chiamato Brain Master. Ma un giorno, tutti i sistemi iniziano a spegnersi inspiegabilmente in una volta. Gli umani devono accettare le prove, Brain Master ha preso il controllo della Terra un tempo rallegrata e l'ha precipitata nel caos. Il giocatore prende il controllo di Steve Treiber, un soldato altamente addestrato in una missione solitaria dietro le linee nemiche. È l'unico in grado di portare Brain Master offline e di salvare il mondo. Il nostro giovane eroe è armato con un potente boomerang da combattimento chiamato &quot;Power Blazer&quot;. Le tappe sono abbastanza grandi e la maggior parte di esse ha percorsi diversi fino al traguardo. La versione americana (ed europea) del gioco, chiamata Power Blade, è significativamente diversa dalla versione giapponese.
Power Punch II (USA)	Nel gioco di boxe Power Punch 2 per NES, segui la storia di Mark &quot;Tough Guy&quot; Tyler, il campione mondiale di boxe dei pesi massimi, imbattibile dalla sua medaglia d'oro olimpica. Un giorno, lui e il suo manager decidono di sfidare il mondo, sostenendo che nessuno può avvicinarsi a Tough Guy. Questo messaggio viene percepito molto lontano dalla Terra dalla Intergalactic Boxing Federation, che invita Tyler a difendere il suo titolo contro i migliori pugili dell'universo.
Power Soccer (Japan)	Un gioco di calcio semplificato con 6 giocatori per squadra. Il giocatore sceglie una delle due squadre, quindi gioca una serie di 5 partite contro squadre controllate dal computer o una partita contro un secondo giocatore. Prima di ogni partita, il giocatore può scegliere tra una formazione orientata a sinistra oa destra. Il gameplay utilizza una vista dall'alto in basso su un campo verticale, passando a una vista ravvicinata quando la palla è vicino alla porta.
Predator (USA)	Predator: Soon The Hunt Will Begin è un gioco d'azione in 2D. Ci sono 30 fasi nel gioco e ognuna è suddivisa in due modalità: Jungle Mode e Big Mode. nnNella modalità Jungle, lo scopo del gioco è sopravvivere ai pericoli della giungla mentre abbatti guerriglie e animali selvatici usando una varietà di armi tra cui mitragliatrici, raggi laser e granate (tutte con munizioni illimitate). Esci dal livello entrando in una grotta per procedere al livello successivo. A volte c'è più di una grotta e verrai spostato in un'altra fase diversa da quella successiva, a seconda della grotta in cui entri.
President no Sentaku (Japan)	President no Sentaku è un singolare gioco prodotto
Prince of Persia (USA)	Il Gran Visir Jaffar ti ha catapultato in una prigione buia e ha intenzione di sposare la ragazza dei tuoi sogni entro un'ora. Non lascerai che accada, vero? Prova a fuggire dal dungeon, elimina le guardie di Jaffar, trova la strada attraverso il palazzo del Sultano e sconfiggi Jaffar stesso. Ora vai, hai 60 minuti! Prince of Persia è un platform 2D con gameplay corri e salta. Il tuo eroe deve evitare trappole mortali, risolvere alcuni semplici enigmi e ingaggiare duelli con la spada con le guardie. Il giocatore ha un numero infinito di vite, ma deve ricominciare dall'inizio di un livello ogni volta che muore e deve completare il gioco entro un'ora. Un aspetto particolarmente degno di nota del gioco è l'animazione molto fluida del tuo personaggio.
Princess Tomato in the Salad Kingdom (USA)	Molte stagioni di crescita fa, il Regno dell'Insalata era una terra pacifica. Ma un giorno, il ministro Zucca tradì il re Broccoli, rapì la principessa Pomodoro, rubò l'emblema reale della rapa e li portò al suo castello sui monti Zucchini. Mandò i suoi crudeli Farmies a terrorizzare il Salad Kingdom. Poco dopo, il re morì, incapace di riprendersi dalla perdita della sua bellissima figlia. Ma ha promesso a te, al coraggioso Sir Cucumber, la mano della principessa e l'intero regno, se salvi il bellissimo Pomodoro dalle grinfie della malvagia Zucca. Princess Tomato è un gioco di avventura in cui si interagisce con l'ambiente scegliendo i comandi da un menu, come il tradizionale &quot;spunta&quot; o &quot;dai&quot;, e il meno tradizionale &quot;lode&quot; o &quot;percy&quot;. Percy è un piccolo cachi che sarà il tuo fidato compagno di squadra per tutta la tua ricerca e che ti aiuterà in molte occasioni. I puzzle sono semplici e si basano principalmente sul parlare con i personaggi, trovare oggetti e darli.
Pro Sport Hockey (USA)	Pro Sports Hockey su Nes ti consente di giocare con non meno di 24 squadre NHL con un totale di 288 giocatori! In questa versione puoi allenarti, giocare in modalità esibizione o competere in modalità Supercoppa. Durante l'allenamento, potrai anche giocare sia in attacco che in difesa per pianificare le tue tattiche per portare la tua squadra alla vittoria.
Pro Wrestling (USA)	Pro Wrestling è un gioco di wrestling d'azione per uno o due giocatori. Usando diverse combinazioni di controller puoi eseguire un'ampia varietà di mosse per provare a battere il tuo avversario in una partita di 5 minuti. Nella versione per un giocatore, devi lottare per raggiungere il primo posto (ma il gioco terminerà se scendi sotto il 6° posto). Ci sono sette diversi lottatori da combattere prima che tu possa essere dichiarato campione della Video Wrestling Association!
Pro Yakyuu - Family Stadium '87 (Japan)	RBI Baseball 2 è un gioco di sport su Nes. L'app include tutte le 26 squadre della major league, ognuna con un elenco completo di giocatori. Puoi giocare un'intera stagione come una partita singola. Inoltre, una modalità multiplayer ti consente di divertirti con gli amici.
Pro Yakyuu - Family Stadium '88 (Japan)	Il Pro Yakyuu Family Stadium '88 è il terzo della serie Pro Yakyuu Family Stadium di Namco. Come il suo predecessore, il Pro Yakyuu Family Stadium '87, questa è una versione leggermente rinnovata dell'originale con formazioni aggiornate. Come con la pratica moderna, Namco ha rilasciato questi giochi ogni anno con poche distinzioni a ogni nuova iterazione. A differenza delle versioni precedenti, ora puoi scegliere tra quattro fasi. Oltre alle dimensioni dello stadio, la presenza di vento e di erba disponibile nello stadio influenzano gli elementi del gioco.In questa versione è stato introdotto anche il concetto di &quot;giocatori forti&quot;.
Pro Yakyuu Satsujin Jiken! (Japan)	Pro Yakyuu Satsujin Jiken! è una parodia della sovrabbondanza del Famicom di giochi d'avventura e mistero di omicidio in stile Portopia e simulatori di baseball, in particolare le uscite annuali del Pro Yakyuu Family Stadium. Il giocatore controlla un giocatore di baseball professionista che è stato incastrato per un omicidio e deve risolvere il caso mentre è in fuga. Capcom ha inserito nel gioco varie modalità aggiuntive, come minigiochi e una sequenza di sparatutto ogni volta che il protagonista viene catturato dalla polizia.
Project Q (Japan)	Un gioco a quiz in più parti: la prima parte consiste in un set di domande introduttive per testare il livello di conoscenza del giocatore. Devi riuscire a rispondere esattamente a 20 domande riuscendo a sbagliarne il meno possibile.
Punch-Out!! (USA)	&quot;Punch-Out!! featuring Mr. Dream&quot; è la riedizione della precedente versione &quot;Mike Tyson's Punch-Out!!&quot;. Contrariamente alla credenza popolare, Tyson non è stato rimosso a causa della sua condanna per stupro (che non si è verificata fino a un anno dopo il cambio), ma perché il suo contratto è scaduto. Dato che a quel punto aveva perso il titolo contro James &quot;Buster&quot; Douglas, Nintendo non fece alcun tentativo di negoziare un nuovo contratto con lui. Tuttavia, Tyson doveva apparire in un suo sequel (Power Punch II) in cui sarebbe stato il protagonista, ma a causa della sua prigionia, Nintendo perse interesse e utilizzò invece un pugile generico di nome Mark Tyler. Poiché Mr.
Punisher, The (USA)	The Punisher per NES è l'adattamento dei fumetti Marvel. Questo sparatutto sui binari ti consente di giocare nei panni di Frank Castle per ripulire le strade della città. Punta il mirino per sparare ai nemici e schivare i proiettili muovendoti a destra oa sinistra. È possibile raccogliere diversi bonus per migliorare l'arsenale o la salute.
Puss 'n Boots - Pero's Great Adventure (USA)	Unisciti a Pero, alias Il gatto con gli stivali, la mascotte di Toei Animation, mentre viaggia indietro nel tempo per sconfiggere il malvagio Conte Gruemon (a volte chiamato Conte Gourmon) in questa avventura! Visita strani posti nuovi come il selvaggio West, l'Arabia, Londra, New York e lo spazio! Incontra gli abitanti di questi luoghi fantastici e abbattili! Vieni a pilotare un aereo, un sottomarino e persino una mongolfiera!nnQuesto è l'adattamento americano del gioco giapponese Nagagutsu o Haita Neko - Sekai Isshuu 80 Nichi Daibouken o anche un sequel, il gioco è abbastanza diverso e Pero non viaggia più per il mondo ma nel tempo.
Puyo Puyo (Japan)	Questo è un puzzle a pezzi che cadono, Puyo Puyo è nato sul sistema MSX ed è stato successivamente trasformato in una versione da sala giochi. Ottieni quattro puyo dello stesso colore che si toccano per farli scomparire. Se sono collegati più puyo dello stesso colore, anche loro scompariranno. Questo gioco può essere giocato contemporaneamente da due giocatori per un gameplay competitivo. Ostacola il tuo avversario creando più combinazioni di puyo.
Puzslot (Japan)	Puzslot è un puzzle game a blocchi che cadono con una meccanica di slot machine unica. I blocchi cadono a coppie e possono essere ruotati con il pulsante A (simile a Puyo Puyo) e una linea di 3 o più blocchi corrispondenti in qualsiasi direzione svanirà (simile a Colonne). L'elemento unico è che i blocchi che cadono scorrono attraverso ogni immagine, fermandosi quando il blocco atterra o il giocatore preme il pulsante B. I punti vengono assegnati in base all'immagine abbinata (7 e BAR valgono molto di più), al numero di blocchi in una linea cancellata e alle combo a catena. Ogni livello ha un obiettivo di punteggio che il giocatore deve eliminare prima che il contatore di blocchi raggiunga lo 0.
Puzznic (USA)	Puzznic è un puzzle-game pubblicato su NES. Il gioco ti offre diversi tavoli da risolvere spingendo i blocchi da un lato all'altro per sbloccare un percorso.
Pyokotan no Daimeiro (Japan)	Pyokotan no Dai Meiro è un gioco d'azione per Nintendo Entertainment System. C'è una traduzione inglese completa del gioco Pyokotan no Daimeiro. Tutto è stato completamente tradotto. Aggiornamento da V0.99 a V1.0: risolti problemi con i nomi dei livelli nelle schermate di pausa, rimescolamento e singhiozzo di colori nella schermata del titolo, una frase di dialogo mancante e cambiato il nome del gioco dello stagno per adattarlo meglio al menu di selezione del minigioco . Divertiti!
Q-bert (USA)	Q*bert è una conversione del popolare gioco arcade. L'obiettivo è cambiare tutte le tessere di una piramide nel colore target. Per fare questo guidi Q*bert intorno alla piramide e ogni tessera su cui salterà cambierà colore. Nei livelli iniziali, un solo salto cambierà la tessera nel colore desiderato, ma nei livelli successivi potresti dover saltare su una tessera più volte o addirittura evitare di saltarci sopra più volte! A cercare di fermare Q*bert ci sono molte creature diverse che vagano per il tabellone, tra cui Coily il serpente, Slick e Sam, e palle che cadono. Sul bordo del tabellone ci sono dei dischi galleggianti; se Q*bert salta su uno di questi dischi quando il serpente è all'inseguimento, il serpente cadrà dal tabellone mentre Q*bert viene trasportato in sicurezza in cima.
QIX (USA)	In questo gioco, guidi un marcatore che deve disegnare rettangoli e altri strani oggetti per rivendicare il tuo territorio e puoi disegnare questi rettangoli velocemente o lentamente. Disegnare i rettangoli usando il metodo &quot;lento&quot; ti assegna il maggior numero di punti. Una volta creato un rettangolo, verrà colorato per mostrare che hai rivendicato il tuo territorio. Mentre disegni i rettangoli, devi fare attenzione a Qix (pronunciato &quot;calci&quot;), una serie di linee colorate che strisciano sullo schermo. Oltre a Qix, devi anche evitare le Scintille che viaggiano lungo il confine, così come le linee che hai tracciato, così come The Fuse, che viaggia lungo la linea che stai disegnando. Dopo aver rivendicato abbastanza territorio, si passa al livello successivo.
Quarter Back Scramble (Japan)	Tra le altre modifiche minori, Accolade aveva semplicemente sostituito la schermata del titolo, cancellato i loghi &quot;occhio&quot; della FCI dal campo e modificato la grafica della cheerleader (in origine era una coniglietta di Playboy, completa di papillon, polsini e orecchie da coniglio).
Quarth (Japan) (En)	Quarth è un tipico gioco di puzzle/arcade. Quarth può essere spostato da destra a sinistra mentre lo schermo scorre verso il basso. Il campo di gioco è pieno di blocchi diversi e il tuo obiettivo è riempirli in modo che formino rettangoli o quadrati completi. Solo quando avrai successo in questa missione, i blocchi interessati scompariranno. Nuovi blocchi &quot;non formati&quot; appaiono mentre il campo di gioco scorre verso il basso per farti giocare in piena azione in ogni momento. Non appena una linea di blocchi raggiunge la linea di fondo, è Game Over. Quindi ti verranno concessi 10 secondi per decidere se vuoi continuare il livello. Ogni livello è composto da 9 aree e si passa al livello successivo dopo aver ripulito l'ultima area. La modalità Battaglia è una modalità a doppio giocatore.
R.B.I. Baseball (USA)	RBI Baseball on Nes ti porta per la prima volta nei videogiochi la prima partita di baseball con Major League e RBI. Le squadre giocabili includono Detroit, California, Houston, San Francisco e persino le squadre nazionali All-Star. Nella modalità 1 giocatore affronti l'IA ma puoi anche affrontare un amico.
R.C. Pro-Am (USA)	Guida la tua auto radiocomandata alla vittoria in questo gioco di corse. Devi battere i tuoi 3 avversari su 32 piste evitando ostacoli come pozzanghere d'acqua e olio e raccogliendo oggetti bonus come motori e pneumatici migliori. Puoi anche raccogliere una varietà di armi per far saltare in aria i tuoi avversari.
R.C. Pro-Am II (USA)	Questo secondo gioco di corse Pro-Am per NES introduce alcune innovazioni rispetto al suo predecessore. Ancora una volta, devi portare la tua auto radiocomandata rossa alla vittoria, segnare punti, raggiungere le linee di velocità del turbo e non lasciare alcuna possibilità ai tuoi avversari blu, verdi e gialli. Ma puoi anche aggiornare il tuo motore e le gomme - se te lo puoi permettere, il che significa che dovrai pensare seriamente a raccogliere quei segni del dollaro sparsi sulla pista. I binari stessi hanno più varietà, alcuni hanno nemici insoliti (piccoli aerei che ti bombardano dall'alto) e più tipi di ostacoli. Hai anche diverse vite e non muori immediatamente se arrivi per ultimo.
Racer Mini Yonku - Japan Cup (Japan)	Racer Mini Yonku: Japan Cup (&quot;Yonku&quot; si riferisce ai veicoli a quattro ruote motrici) è un gioco da tavolo con sezioni di giochi di corse, in quanto il giocatore deve costruire la propria auto RC 4WD e poi gareggiare contro i loro avversari CPU in vari eventi , spesso tenendo conto della gestione del terreno. Era basato sull'allora popolare moda dei giocattoli per auto mini RC in Giappone. La schermata del titolo attribuisce a Tamiya, un produttore di giocattoli giapponese che si concentra su modellini di kit e veicoli RC, e il loro logo appare spesso nel gioco.
Racket Attack (USA)	In Racket Attack puoi scegliere tra due diverse modalità di gioco. One Player tennis ti catapulta nel bel mezzo di un torneo nazionale di tennis. Vinci sette partite sempre più difficili e ti porterai a casa il trofeo del campionato. Two Plater tennis ti mette ai lati opposti della rete, colpendola in un'azione singolare testa a testa. nnDopo aver selezionato la tua modalità di gioco, scegli tra tennis maschile e femminile e scegli tra otto giocatori in ogni categoria. ciascuno degli otto diversi giocatori maschili e femminili ha diversi punti di forza e di debolezza. nnUna volta scelto il tuo giocatore, è il momento di selezionare la superficie del tuo campo. Il gioco presenta campi in cemento, terra battuta ed erba. Allora è il momento di servirlo. Il gioco segue le regole regolari del tennis. Vinci la tua partita vincendo due set su tre.
Rackets & Rivals (Europe)	Rackets & Rivals è un tipico gioco di tennis in cui il giocatore controlla un atleta in campo. È possibile eseguire una varietà di azioni come volley o lob premendo i pulsanti con il tempismo corretto in relazione al movimento della palla. Oltre a un torneo con più partite contro avversari sempre più esperti e alla modalità allenamento, il giocatore può partecipare anche a una partita gratuita. Qui è possibile impostare in anticipo i parametri di corrispondenza, ad es. la superficie del campo o il numero di set (uno o al meglio di tre). Una caratteristica speciale è che il giocatore può lamentarsi con l'arbitro.
Rad Racer (USA)	Rad Racer è un gioco di corse 3D in stile arcade. Lo scopo del gioco è correre verso l'obiettivo entro il limite di tempo stabilito. Lungo ogni percorso sono presenti diversi checkpoint che aumenteranno il tempo a disposizione per raggiungere la destinazione finale. Ci sono otto diverse fasi con strade sempre più difficili, condizioni meteorologiche mutevoli e una varietà di avversari che tendono a intralciarsi. Incluso nel gioco c'è un paio opzionale di occhiali 3D rosso-blu che possono essere utilizzati per dare al gioco un aspetto ancora più 3D.
Rad Racer II (USA)	Rad Racer II è un gioco di corse in stile arcade che è il sequel di Rad Racer e presenta un gameplay simile. Giocato con una prospettiva 3D da dietro il tuo veicolo, l'obiettivo è correre attraverso una serie di piste diverse prima che scada il tempo. Lungo ogni traccia ci sono diversi posti di blocco; attraversare un checkpoint aumenterà il tempo necessario per raggiungere la destinazione finale. Sono presenti otto nuovi tracciati (con nuova grafica e musica), ognuno con una varietà di salite, curve, ostacoli e altre auto da intralciare. Sbattere contro altre auto o qualsiasi ostacolo sul lato della strada ti fa rallentare o fermarti e perdere tempo prezioso. Un'altra novità è un turbo boost che ti consente di raggiungere velocità di 255 mph. A differenza del gioco originale, ora puoi scegliere solo un'auto e gli occhiali 3D rosso-blu non sono supportati.
Radac Tailor-Made (Japan)	Il produttore di pneumatici e biciclette Bridgestone ha prodotto questo software Famicom per aiutare i propri clienti a costruire le proprie biciclette personalizzate dall'assortimento di parti dell'azienda. Radac Tailor-Made è stato quindi distribuito solo ai rivenditori Bridgestone, che probabilmente lo avrebbero installato nei loro negozi in modo che i potenziali clienti potessero giocare. Oltre a illustrare quanto fosse pervasiva la cultura Famicom negli anni '80, Tailor-Made è ora una delle cartucce Nintendo più rare sul mercato secondario.
Radia Senki - Reimei Hen (Japan)	Ti svegli in mezzo a una foresta. Ti fa male la testa. Non ricordi niente: non sai chi sei, e ricordi vagamente il tuo nome. Un uomo si avvicina e dice di chiamarsi Darus. Dopo aver realizzato che soffri di una strana amnesia, Darus ti porta in un villaggio vicino e presto ti rivela di essere uno stregone in cerca di vendetta. Unisci le forze e presto vieni coinvolto in un complesso mistero di una principessa rapita, la distruzione del mondo e cerchi la tua identità...
Raid on Bungeling Bay (USA)	Raid on Bungeling Bay è il primo gioco ideato da Will Wright. nnIl gioco ha il giocatore che controlla un elicottero che è in missione per distruggere tutto ciò che si muove. L'unico alleato è il corriere, che è il punto in cui il giocatore inizia ad ogni livello e può tornare per la riparazione e raccogliere bombe, purché il giocatore riesca a proteggerlo dall'essere distrutto. L'obiettivo principale di ogni livello è distruggere una fabbrica, che richiede una quantità sempre maggiore di bombe. Le forze nemiche includono navi, aerei, carri armati, cannoni antiaerei e, infine, una grande corazzata.
Rainbow Islands (USA)	Rainbow Islands è un gioco platform su Nes. Bub e Bob, i due eroi di Bubble Bobble, sono tornati umani alla fine della loro precedente avventura e ora devono salvare le Isole Arcobaleno da una banda di mostri. Dovrai saltare e usare il tuo potere per creare arcobaleni nei sette mondi del gioco, divisi in quattro livelli ciascuno.
Rainbow Islands - Bubble Bobble 2 (Europe)	Ci sono problemi nel Mar Arcobaleno, casa di Bubby e di molte altre persone pacifiche. Un vecchio mostro di nome Krabo ha lanciato un incantesimo malvagio sulla terra. Solo Bubby, con la sua capacità di creare arcobaleni magici, può fermare Krabo e salvare il Rainbow Sea. In Rainbow Islands, controlli Bubby nella sua missione per fermare Krabo. Il tuo potere di creare arcobaleni ti aiuterà a scalare ostacoli e distruggere i nemici. Ci sono sette livelli da completare, ognuno con il proprio boss di fine livello. Dopo aver sconfitto ogni boss e aver reclamato il Rainbow Diamond per lo stage, avrai salvato il Rainbow Sea dal tradimento di Krabo.
Rally Bike (USA)	C'è un rally motociclistico cross country che va da San Francisco a New York. In Rally Bike, il giocatore ha un solo obiettivo, farsi strada tra i ranghi dei ciclisti e arrivare abbastanza in alto da qualificarsi per la prossima gara. Il gioco contiene sei fasi per gareggiare. Il giocatore controlla una motocicletta e deve tagliare il traguardo prima di un determinato numero di moto in competizione. Il giocatore deve evitare di sbattere contro ostacoli, opporsi a corridori, veicoli e rimanere senza benzina. Durante una gara ci sono alcune aree in cui il giocatore può fare rifornimento, ma fermarsi per fare rifornimento farà sì che le moto dei concorrenti ne approfittino e passino davanti al giocatore. I concorrenti non finiscono mai il carburante, ma sono in grado di colpire gli ostacoli e quindi di buttarli fuori gara.
Rambo (USA)	John Rambo è un soldato delle forze speciali che sta attualmente trascorrendo del tempo nella prigione militare, finché il colonnello Trautman non decide che Rambo è il soldato ideale da inviare in una missione speciale. La missione di Rambo è semplice, andare in Vietnam e fotografare il campo di prigionia lì. Gli viene anche ordinato di non ingaggiare il nemico o salvare prigionieri di guerra. In Vietnam, Rambo incontra il suo contatto, Co, e lei prepara il passaggio al campo di prigionia. Durante la missione, Rambo non può semplicemente fotografare il campo di prigionia quando ha ampie opportunità di salvare un prigioniero sul campo. Quindi, Rambo, disobbedendo ai suoi ordini, cerca di salvare un prigioniero di guerra, quando tutto inizia ad andare storto.
Rampage (USA)	George, Lizzy e Ralph erano dei comuni americani, finché un esperimento non è andato storto, trasformandoli rispettivamente in un gorilla, una lucertola e un lupo mannaro. Dopodiché, i tre pianificano di aggirare la distruzione degli edifici e possono entrare fino a 3 giocatori umani. Schiacciare i bordi degli edifici abbastanza a lungo li farà sgretolare. La polizia e l'esercito ti stanno cercando e ti spareranno, quindi cerca di distruggerli (se non puoi, puoi evitare i proiettili). Avrai bisogno di mangiare regolarmente, con cose come le piante in offerta, per evitare di ritrasformarti in un essere umano.
Rampart (Japan) (Konami)	Rampart è l'adattamento per NES del gioco di strategia arcade pubblicato nel 1990. Dopo aver scelto una posizione per il tuo castello tra le quattro possibilità, posizioni i cannoni per difenderti dalle barche che ti bombardano. Dopo ogni battaglia, hai alcuni secondi per ricostruire le tue mura prima di un altro attacco. Per questo, compaiono blocchi di varie forme, in stile Tetris, e dovrai combinarli senza lasciare spazi vuoti.
Rampart (USA) (Jaleco)	Tetris incontra lo sparatutto, Rampart era originariamente un gioco arcade per uno o due giocatori, che combinava strategia e azione di artiglieria. Costruisci il tuo castello con pezzi in stile Tetris, posiziona i tuoi cannoni, bombarda il nemico, prova a riparare, rifai tutto da capo. Le recensioni successive delle sale giochi includevano 3 giocatori e anche la conversione per PC, rendendolo un classico fedele e divertente per il multiplayer sullo stesso PC.
Remote Control (USA)	Remote Control è stato un programma televisivo prodotto da MTV per cinque stagioni dal 1987 al 1990. È stato il primo programma non legato alla musica di MTV. Grazie al loro telecomando, tre concorrenti scelgono tra 9 canali tematici orientati alla cultura pop. Devono poi rispondere alle domande del canale scegliendo tra le tre risposte proposte.
Ren & Stimpy Show, The - Buckeroo$! (USA)	Remote Control è stato un programma televisivo prodotto da MTV per cinque stagioni dal 1987 al 1990. È stato il primo programma non legato alla musica di MTV. Grazie al loro telecomando, tre concorrenti scelgono tra 9 canali tematici orientati alla cultura pop. Devono poi rispondere alle domande del canale scegliendo tra le tre risposte proposte.
Renegade (USA)	Questa è la conversione del picchiaduro a scorrimento di Taito, che in seguito ha prodotto i sequel non ufficiali Target: Renegade e Renegade III: The Final Chapter. Il gioco è ambientato nelle cattive strade di Brooklyn, attraverso le quali devi avventurarti per incontrare la tua ragazza e poi salvarla dai suoi rapitori. Questo è diviso in cinque livelli, che ti porteranno attraverso la metropolitana, i moli e alcune strade inospitali. È disponibile un'ampia gamma di mosse aggressive, tra cui testate, calci, pugni e calci volanti. Gran parte della violenza del gioco è rappresentata in uno stile abbastanza ironico, con un elemento di tentativo di umorismo lungo il percorso.
Rescue - The Embassy Mission (USA)	I terroristi hanno invaso un'ambasciata e tengono in ostaggio le persone all'interno. Sei tu che controlli sei antiterroristi la cui missione è eliminare i terroristi. Nella prima parte del gioco, devi portare tre uomini in posizione in modo che possano colpire l'edificio. La seconda parte prevede l'ingresso nell'edificio con gli altri tre uomini per uccidere i terroristi e salvare gli ostaggi. A seconda di quanto bene hai posizionato i tuoi cecchini, puoi usarli per assisterti in quella missione.
Ring King (USA)	Ring King è un port di un gioco arcade con lo stesso nome. Fatti strada dai gradi più bassi attraverso i circuiti, sulla strada per diventare campione del mondo. Costruisci il tuo combattente in modalità allenamento o affronta il pugile di un altro giocatore in una battaglia a 2 giocatori.
Ripple Island (World) (Red Art Games)	Su Ripple Island, uomini e animali convivono in armonia. Un giorno, però, il malvagio imperatore Gerogēru entra nell'habitat dell'isola e rapisce la principessa Nasarell dell'isola. Lo sconvolto re Dotella fa un'offerta al popolo, affinché chiunque soccorre sua figlia abbia l'onore di sposarla. Sentendo la richiesta del re, un giovane abitante del villaggio di nome Kyle decide che sarà lui a salvare la principessa. nnI giocatori assumono il ruolo di Kyle. Il viaggio di Kyle lo porterà attraverso cinque diverse aree dell'isola composte da diversi luoghi da visitare. nnDurante il gioco, mostra un'immagine della posizione attuale del giocatore nella parte superiore dello schermo, con le azioni disponibili presentate sotto. Le azioni includono spostare, guardare, parlare, prendere, manipolare e visualizzare l'inventario, entrare, tirare e spingere.
River City Ransom (USA)	Ecco il messaggio di Slick, il capobanda più pericoloso della città: &quot;L'Università è caduta nelle mie mani e certi studenti rischiano di passare un brutto quarto d'ora, se sfortunatamente ne incontro uno!&quot; Ma come duo di shock, non indietreggiate di fronte a nulla! Affrontate delle temibili gang e neutralizzate i loro capibanda per liberare la città dal terrore! Techniche di combattimento straordinarie! Molte scene e passaggi segreti! Un gioco pieno di astuzia e d'umorismo!
Road Fighter (Europe)	Disponibile su Nes, Road Fighter è un gioco di corse in cui devi tagliare il traguardo prima che scada il tempo. Attenzione alle tante trappole e ostacoli sulla strada: attenzione ai muri e agli altri veicoli che se li colpite vi faranno perdere benzina, anche se potete recuperarne un po' grazie alle taniche che compaiono sull'asfalto.
RoadBlasters (USA)	RoadBlasters è un gioco di corse per NES con una buona dose di azione. L'obiettivo è tagliare il traguardo tutto intero durante i cinquanta livelli di gioco, tanti nemici ti aspettano sulla strada e faranno di tutto per fermarti. Fortunatamente hai diverse armi per contrattaccare e altri bonus possono essere raccolti sul percorso.
Robin Hood - Prince of Thieves (USA)	Disponibile su Nes, il gioco di ruolo Robin Hood: Prince Of Thieves ti permette di incarnare il famoso principe dei ladri, che deve tornare in Inghilterra dopo essere stato imprigionato a Gerusalemme. Tornata a casa, Robin scopre che suo padre è stato assassinato e che lo sceriffo di Nottingham governa l'Inghilterra in assenza di re Riccardo. Unisciti alla resistenza con i tuoi compagni nella foresta di Sherwood, che diventerà il tuo quartier generale, e completa le numerose missioni che ti aspettano!
Robo Warrior (USA)	In una misura disperata per combattere la sovrappopolazione della Terra, gli scienziati lavorano per creare un pianeta artificiale chiamato Altile, dal nome dello scienziato che lo ha progettato. Durante la costruzione di Altile, l'umanità è diventata unita e pacifica. Durante questa nuova era di prosperità, la Terra dismette i RoboWarriors, una forza di veicoli da guerra metà uomini e metà robot pesantemente armati. Ma da un'altra dimensione, gli alieni che si fanno chiamare Impero Xantho e guidati dall'essere Xur invadono il pianeta Altile e lo terraformano per i propri usi. I sopravvissuti di Altile inviano una richiesta di soccorso sulla Terra. Ricevendo questo messaggio, il popolo della Terra attiva rapidamente l'ultimo e più potente dei RoboWarriors, un modello noto come ZED (Z-Type Earth Defense) e lo invia alla massima velocità ad Altile.
Robocco Wars (Japan)	Robocco Wars è un piccolo gioco come ce ne sono stati tanti su NES che è rimasto sconosciuto a causa della sua distribuzione limitata al Giappone. Prendi il controllo di R-10, un Robot che ha la capacità di cambiare forma per adattarsi all'ambiente. Quindi, a seconda della rotta (una decina in tutto), sarà un aereo, un sottomarino o una specie di carro armato. Se stai cercando un bel giochino che non sia troppo difficile, puoi dare un'occhiata a questo titolo.
RoboCop (USA)	Il poliziotto Alex Murphy è stato ucciso per le strade di Detroit. La principale società del paese, Omni Consumer Products (OCP) ha visto l'opportunità di vendere un nuovo tipo di agente delle forze dell'ordine alla città in difficoltà. Hanno preso ciò che era rimasto di Murphy, l'hanno racchiuso in un'armatura di titanio, hanno cancellato la sua memoria e hanno creato RoboCop. Ora tocca a RoboCop pulire le strade di Detroit ed eliminare il responsabile del suo omicidio, Clarence Boddicker. Ma sembra che Clarence potrebbe non essere il boss di questa città...
RoboCop 2 (USA)	RoboCop 2 è un gioco platform basato su missioni. Le missioni hanno vari obiettivi, come distruggere le armi nucleari o uccidere tutti i nemici. Se non hai distrutto/ucciso abbastanza, verrai trasportato in una missione di addestramento, che è uno sparatutto in prima persona. Se anche tu fallisci l'addestramento, devi andare all'inizio della missione precedente. La missione completata con successo o un numero sufficiente di punti ottenuti dall'allenamento ti consente di procedere alla fase successiva. A differenza del primo RoboCop, non c'è limite di tempo e puoi saltare.
RoboCop 3 (USA)	RoboCop 3 è uno sparatutto a piattaforma a scorrimento laterale. Ottieni missioni (come salvare i tuoi colleghi che sono tenuti in ostaggio), che sono divise in diversi livelli più piccoli. I livelli di solito sono costituiti da diverse piattaforme e sono fortemente popolati da nemici che ti sparano. Puoi raccogliere kit di riparazione speciali, che verranno utilizzati per ripristinare la tua salute dopo aver completato un livello. &quot;RoboCop 3&quot; è più uno sparatutto rispetto ai suoi predecessori, avendo nemici sempre più forti.
RoboCop Versus The Terminator (USA) (Proto)	In futuro, i soldati umani della forza di resistenza di John Connor contro le macchine stanno combattendo una guerra persa contro Skynet e le sue forze robotiche. Scoprendo che una delle tecnologie di base per Skynet è la tecnologia cibernetica utilizzata nella creazione dell'agente di polizia cyborg RoboCop, Flo, un soldato della resistenza, viene rimandato indietro nel tempo per distruggere RoboCop e impedire la costruzione di Skynet. Tuttavia, Skynet viene a sapere del tentativo di viaggio nel tempo e invia Terminator a fermare Flo. RoboCop incontra presto Flo e deve impegnarsi in una battaglia contro Terminator, le forze dell'OCP e diversi ostacoli.
Rock 'n' Ball (USA)	Rock 'N' Ball è un gioco di flipper con diverse opzioni di gioco. Il primo è un normale gioco di flipper da uno a quattro giocatori. La seconda opzione si chiama nineball e l'obiettivo è sparare le palline nel campo di gioco e farle atterrare nelle buche per formare uno schema di bingo (cioè una linea verticale, una linea orizzontale, ecc.) Questo gioco è anche da uno a quattro Giocatori. Il prossimo è il flipper da battaglia. C'è una serie di pinne sia in cima che in fondo al tavolo e due giocatori cercano di far cadere il flipper oltre le pinne dei loro avversari. Infine è il flipper sportivo. In questo gioco il flipper è impostato per assomigliare a un campo da calcio o da hockey. Simile al flipper da battaglia, ogni giocatore cerca di battere il flipper oltre il portiere avversario. C'è solo un flipper in questo gioco, tuttavia hai un portiere per bloccare i tiri e il flipper può essere spostato da un lato all'altro.
Rocket Ranger (USA)	Negli anni '40, i nazisti costruirono una base sulla luna e progettarono di utilizzare una misteriosa sostanza chiamata Lunarium per ridurre l'intelligenza delle persone. Tuttavia, nel 21° secolo i viaggi nel tempo sono stati padroneggiati, così come gli zaini a propulsione a reazione, oltre ad alcune armi catastrofiche e attrezzature avanzate per decifrare i codici. Quindi, vieni rimandato indietro nel tempo per cambiare il risultato della guerra usando questa tecnologia per trovare le loro cinque fabbriche di razzi e distruggere la base lunare.
Rocketeer, The (USA)	The Rocketeer è basato sull'omonimo film Disney del 1991. I nazisti stanno cercando di rubare un jet pack sperimentale che presumibilmente darà loro un vantaggio strategico nella guerra moderna allo scopo di dominare il mondo. Spetta all'eroe indossare il jet pack e l'elmetto per fermare i nazisti e mantenere il mondo al sicuro. nnThe Rocketeer è un gioco a scorrimento laterale, corri e salta (e talvolta vola). Circa a metà della prima fase, il Rocketeer è in grado di raccogliere potenziamenti di carburante per jet, oltre a potenziamenti di salute e munizioni. I potenziamenti del carburante gli consentono di usare il suo omonimo potere e volare per brevi distanze
Rockin' Kats (USA)	Willy è un giovane gatto jazz che si chiama &quot;The Rockin' Kat&quot;. La sua ragazza Jill è stata rapita da Mugy, il boss del crimine locale. nnIn questo gioco a scorrimento laterale, devi aiutare Rockin' Kat Willy a salvare la sua ragazza attraverso 7 passaggi. Ogni fase è un programma TV trasmesso attraverso diversi canali di un televisore e devi scegliere quale canale vuoi riprodurre. Attraverso i canali, Willy verrà inviato a diversi programmi a tema come film western, film di gangster, ecc., oltre ad alcuni canali bonus.
Rockman 2 (Taiwan) (En) (Rockman 123)	Dopo aver sconfitto i sei robot del Dr. Light che sono stati riprogrammati dal malvagio Dr. Wily in Mega Man, sembrava che il mondo fosse al sicuro. Ma non doveva essere. Il Dr. Wily è scappato di prigione ed è più arrabbiato che mai, questa volta ha creato otto nuovi Robot Master per conquistare il mondo e annientare Mega Man! Il mondo è condannato? Mega Man 2 è il sequel del gioco NES Mega Man. In questo gioco, Metal Man, Air Man, Bubble Man, Quick Man, Crash Man, Flash Man, Heat Man e Wood Man sono le otto creazioni premio del Dr. Wily che sono state inviate per conquistare il mondo. Quando Mega Man sconfigge questi boss, può rubare i loro poteri e usarli per se stesso. Ogni Robot Master è debole contro l'arma di un altro e, attraverso la sperimentazione, Mega Man può avere il sopravvento usando l'arma contro cui è vulnerabile.
Rockman IV (Taiwan) (En) (Rockman 123)	In Mega Man 4, il dottor Wily viene dichiarato ucciso dall'esplosione di Gamma. Passa un anno e Rock, Roll e Dr. Light vivono in pace. Ma presto, la pace viene interrotta da una nuova minaccia. nnUn presunto collega del Dr. Light, il misterioso Dr. Cossack, ha inviato otto dei suoi Robot Master per trovare Mega Man, che cosacco incolpa per il rapimento di sua figlia. Mega Man, sperando di riabilitare il suo nome, parte alla ricerca del Dr. Cossack, questa volta armato con una nuova potente arma: il Rock Buster!!nnnnRockman ora deve combattere con i diabolici Robot Masters di Cossack e trovare la figlia di Cossack prima che sia troppo tardi!nnnnOriginariamente per NES, Mega Man 4 è stato rilasciato anche per PSX in Giappone come quarto capitolo della serie Rockman Complete Works.
Rockman V (Taiwan) (En) (Rockman 123)	Mega Man 5 si svolge durante il 21° secolo (20XX), due mesi dopo gli eventi di Mega Man 4, con lo scienziato pazzo Dr. Wily, ancora una volta, cerca di conquistare il mondo. Proto Man, fratello di Mega Man un tempo alleato, guida un esercito di robot in una serie di attacchi distruttivi in ​​tutto il mondo. Nel suo desiderio di indebolire i difensori della Terra, Proto Man rapisce il suo stesso creatore, il genio scientifico Dr. Luce. Mega Man non ha altra scelta che fermarlo, e per questo dovrà affrontare un nuovo gruppo di otto potenti Robot Master.
Rockman VI (Taiwan) (En) (Rockman 123)	Che i giochi inizino!nnProvengono da Stati Uniti, Canada e Giappone. I migliori designer del mondo ei loro migliori guerrieri robotici sono venuti a competere nel primo torneo annuale di robotica. Ma quello che era iniziato come un gioco ha improvvisamente preso una svolta terrificante! Alla vigilia del Grand Championship, lo sponsor dell'evento ha annunciato che l'intero torneo era solo un piano elaborato per mettere le mani sui robot più potenti del mondo! Ora di fronte a un esercito di mercenari di metallo, Mega Man deve combattere un nuovo feroce nemico: il misterioso Mr. X!
Rod Land (World) (Retro-Bit) (256KiB)	Rodland è un gioco d'azione per NES. Il software include 40 schermate in cui devi eliminare tutti i cattivi nemici. Per ogni avversario ucciso, ricevi un bonus che usi per uccidere altri nemici con mosse speciali.
Roger Clemens' MVP Baseball (USA)	Roger Clemens' MVP è un gioco di baseball. Le ventisei squadre corrispondono al campionato americano di baseball (MLB) del 1991 ma i nomi delle franchigie e dei giocatori non sono esatti a causa della mancanza di licenza. I giocatori, tuttavia, assomigliano agli ufficiali di gara nelle loro statistiche e somiglianza. Solo Roger Clemens, vincitore del Cy Young Trophy nel 1991 con i Boston Red Sox e padrino del gioco, porta il suo vero nome. Il gioco offre un'intera stagione con playoff e include la National Division e la American Division come in MLB, nonché una modalità esibizione giocabile in modalità a due giocatori.
Rokudenashi Blues (Japan)	Rokudenashi Blues è un gioco di ruolo basato sul manga giapponese di Masanori Morita. Il gioco ti consente di interpretare Taison Maeda, così come altri tre personaggi, ognuno con le proprie storie. La maggior parte del gioco si svolge al liceo.
Rollerball (USA)	Rollerball è una simulazione di flipper da uno a quattro giocatori. nnSono incluse due diverse varianti di gioco. Il primo è Skyscraper, che è un flipper alto quattro schermi in cui ogni giocatore gareggia individualmente per il punteggio più alto. Il secondo si chiama Matchplay. In questo gioco due giocatori competono l'uno contro l'altro per vedere chi può ridurre il punteggio dei suoi avversari a zero per primo. Ogni giocatore ha un set di pinne e una palla in gioco, e i punti vengono assegnati o tolti colpendo i vari bersagli nel campo di gioco.
Rollerblade Racer (USA)	In Rollerblade Racer il tuo obiettivo è quello di partecipare (e, si spera, vincere!) la sfida del super rollerblade. Per partecipare alla gara, dovrai prima qualificarti guadagnando 5.000 punti e completando diversi percorsi ad ostacoli. Mentre corri sui pattini per le periferie, le strade cittadine, le spiagge e i parchi, puoi guadagnare punti eseguendo una serie di acrobazie e salti. Ulteriori punti vengono guadagnati completando il corso entro il limite di tempo. Ci sono anche diversi round bonus in cui devi navigare (o saltare) ostacoli come barili o coni. Per partecipare alla sfida dei super rollerblade, devi completare tutti gli eventi e la sfida con 10.000 punti per il terzo posto, 15.000 per il secondo o 20.000 per il primo! Se ti blocchi troppe volte durante un evento o esaurisci il tempo, il gioco finirà. Il gioco ti consente di selezionare uno dei due personaggi e presenta un punto di vista isometrico dall'alto che scorre per seguire l'azione.
Rollergames (USA)	Questo è un gioco platform allo stesso modo di Turtles II, ovvero è un gioco a scorrimento laterale in cui puoi muoverti su e giù sullo schermo, ma vai sui pattini a rotelle. Questo rende il gioco molto più veloce della sua controparte, il che aggiunge difficoltà e anche un senso di velocità. nnInclude una storia sciocca su tre diverse bande di pattini a rotelle (un po' come le bande di motociclisti) in un prossimo futuro, che è quasi una scusa per l'esistenza del gioco. nnPuoi scegliere tra tre diverse bande, una è a tutto tondo, una è veloce e debole (ed è composta da donne) e una è lenta e forte, ottieni la moda. Questo aggiunge un po' di rigiocabilità, ma in realtà sono più o meno la stessa cosa. nnIl gioco soffre anche di tentativi ed errori; devi imparare i corsi se vuoi padroneggiarli. Fortunatamente, il gioco ha continui illimitati.
Rolling Thunder (Japan)	Rolling Thunder è la forza di polizia segreta più potente del mondo e tu sei il suo miglior agente. La tua missione è fermare una cospirazione clandestina per conquistare il mondo e salvare l'agente Leila, che è stata catturata. Iniziando armato solo di una pistola, devi farti strada attraverso corridoi e passaggi segreti pesantemente sorvegliati per trovare Leila e fermare il nemico. Rolling Thunder offre un'azione a scorrimento laterale basata sul gioco arcade.
Romance of the Three Kingdoms (USA)	Basato sugli eventi dell'era dei Tre Regni in Cina (3° secolo) e sul famoso romanzo di Luo Guanzhong Sanguo Yanyi, prendi il comando di uno dei tanti signori della guerra in lizza per il controllo dopo la Ribellione dei turbanti gialli. Questo gioco di strategia/RPG presenta centinaia di personaggi storici della vita reale dell'era dei Tre Regni. Lo scopo del gioco è quello di essere il sovrano supremo dei resti della caduta della dinastia Han. Per fare ciò, devi costruire un potente impero conquistando province e reclutando degni generali per comandare il tuo esercito. Combattere in enormi battaglie, trionfare sui disastri naturali e catturare la fortezza nemica sarà il tuo destino quotidiano in questo gioco. Alla fine, sarai in grado di unire la Cina?
Romance of the Three Kingdoms II (USA)	Il seguito di Romance of the Three Kingdoms. Il concetto di gioco è sempre lo stesso, anche se hanno migliorato molte funzionalità che si possono considerare &quot;inquietanti&quot; di RTK I (ad es. Generali che muoiono facilmente a causa di malattie, ecc.). Si può dire che RTK sia molto più &quot;stabile&quot; in cui i giocatori non devono più preoccuparsi troppo della durata del gioco, poiché il gioco richiede una frequenza temporale più lenta per consentire ai giocatori di aumentare le proprie forze senza troppe interferenze. Il gameplay e l'interfaccia di RTK II sono molto simili ad Ambition II di Nobunaga.
Romancia (Japan)	In Romancia: Dragon Slayer Jr., sei un giovane guerriero che il re manda in missione per salvare una principessa perduta. Devi lasciare la città ed entrare nelle terribili catacombe infestate da mostri per completare la tua missione. nnIl gioco si discosta dallo stile di gioco orientato ai giochi di ruolo di Dragon Slayer. Tende maggiormente all'azione platform a tema medievale. L'eroe ha punti ferita, può acquistare oggetti e armi, usare la magia e soggiornare nelle locande per recuperare la salute. Tuttavia, invece di ricevere punti esperienza e diventare più forte, devi semplicemente attaccare più velocemente (sbattendo contro il tuo avversario sui livelli della piattaforma) e saltare più in alto.
Roundball - 2-on-2 Challenge (USA)	In Round Ball: The Two On Two Challenge, una partita di basket su Nes, il giocatore si muove solo su metà campo da basket. Ci sono 24 diversi personaggi immaginari tra cui scegliere, giocabili in tornei 1 contro 1 o 2 contro 2. Inoltre, il tempo di ogni partita può essere impostato a tuo piacimento.
Route-16 Turbo (Japan)	Route-16 Turbo è una versione aggiornata di un vecchio gioco arcade intitolato Route 16, sviluppato congiuntamente da Tehkan (poi Tecmo) e Sunsoft (in modo simile al modo in cui Namco's Warpman è una versione aggiornata di Warp & Warp.) Route-16 Turbo riprende il concetto stabilito in Route 16 e aggiorna la qualità della grafica, ma mantiene lo stesso l'obiettivo del gioco. Il gioco è una combinazione quasi perfetta di Rally-X e Venture. Il giocatore guida un'auto attraverso diversi blocchi ingranditi raccogliendo borse di denaro e altri oggetti e viaggia tra i blocchi lungo una vista ingrandita del mondo.
RPG Jinsei Game (Japan)	Il gioco di ruolo Jinsei Game è un gioco di ruolo solo in Giappone per Family Computer simile a Jinsei Game, che è la versione giapponese di The Game of Life. nnL'obiettivo è esplorare una città piena di negozi, luoghi di lavoro e luoghi di apprendimento. Partendo da casa, il giocatore deve guadagnare denaro e statistiche per sbloccare le migliori funzionalità del gioco.
Rush'n Attack (USA)	Rush'n Attack, disponibile su Nes, è un titolo d'azione in cui giochi nei panni di un berretto verde durante la Guerra Fredda che deve infiltrarsi nel campo nemico per salvare i prigionieri. Con il tuo fidato pugnale, raccoglierai armi lungo i livelli che ti permetteranno di combattere. Personalizza il tuo gioco con quattro livelli di difficoltà e vai a salvare i tuoi compatrioti.
Rygar (USA)	Un eroe è arrivato per sconfiggere le forze del male nella terra di Argool, e tu sei questo eroe. Hai quello che ci vuole? Questo gioco è stata una delle prime avventure a raggiungere il NES e l'aspetto straordinario oltre a questo sono stati i molteplici punti di vista offerti dai giochi. Quando ti trovi in una zona d'azione, il gioco è un gioco d'azione a scorrimento laterale; tuttavia, quindi stai viaggiando tra le zone, il gioco assume una visuale dall'alto che può anche portare a situazioni di combattimento.
S.C.A.T. - Special Cybernetic Attack Team (USA)	In una versione umoristica dei film di fantascienza del giorno del giudizio degli anni Ottanta, interpreti Arnold o Sigourney in una missione per salvare il mondo. L'anno è il 2029 e un'invasione aliena, guidata dal comandante supremo Vile Malmort, minaccia la terra. Gli eroi sono equipaggiati con un jet pack e due cannoni orbitanti. Questi possono essere impostati per sparare in una direzione o in uno schema fisso. Puoi volare in tutte le direzioni e utilizzare i potenziamenti per ottenere nuovi tipi di armi o per ripristinare la salute. Vengono fornite solo sette vite per missione, ma c'è un numero illimitato di continue.
Saint Seiya - Ougon Densetsu (Japan)	La lotta è appena iniziata... Interpreterai il ruolo di Seiya, il Cavaliere dello Zodiaco. Dovrai sfidare le Guerre Galattiche, i Cavalieri d'Argento e i Cavalieri d'Oro per ottenere l'armatura sacra del Sagittario. Vai, Seiya! Combatti contro il male per amore della Giustizia!!!
Saint Seiya - Ougon Densetsu Kanketsu Hen (Japan)	Un altro gioco basato sulla serie animata Saint Seiya. L'anime (e il gioco) racconta la storia dei nobili Cavalieri di Bronzo che devono salvare la dea Atena, l'unica divinità benevola tra le divinità greche rivali. Nel gioco controlli quattro Cavalieri di Bronzo: Pegasus, Cristal, Sirio e Andromedus. In parti specifiche del gioco, dovrai scegliere un personaggio specifico per attivare un evento legato alla storia.
Saiyuuki World (Japan)	Saiyuuki World è un platform d'azione ispirato a Journey to the West per Famicom di NMK/Jaleco. Un buon gioco che richiede di usare saggiamente i tuoi oggetti/attacchi. E, stranamente, sembra quasi un clone di Bikkuriman World per PC-Engine. Non c'è molto altro da dire a riguardo. Vai a giocarci ora! Divertiti. :-)
Sakigake!! Otoko Juku - Shippuu Ichi Gou Sei (Japan)	Sakigake!! Otokojuku: Shippuu Ichi Gou Sei è un picchiaduro d'azione per Nintendo Entertainment System. Letteralmente &quot;Charge! Men's Private School&quot; è una serie manga scritta e illustrata da Akira Miyashita. È stato originariamente serializzato su Weekly Shōnen Jump dal 1985 al 1991. È ambientato in una scuola maschile privata che insegna oendan ad adolescenti problematici. Gli studenti vengono addestrati a &quot;ravvivare lo spirito del Giappone&quot; e si impegnano principalmente in corsi di combattimento.
Samsara Naga (Japan)	Sansara Naga è ambientato nelle terre piene di fantasia dell'India durante l'era vedica e mescola anche elementi del folklore giapponese come la leggenda del Brahman Umibozu (&quot;bonzo marino&quot;). Molti degli NPC nel gioco ti diranno che le mucche sono animali sacri e alcuni menzioneranno la Torre di Rta Satya. C'è un set di armature nel gioco chiamato Dharma Armor, che impedirà al giocatore di infliggere o subire danni. La storia ruota attorno a un ragazzo/ragazza che ruba un prezioso uovo di struzzo dal villaggio di Orissa e decide di riflettere sulle proprie azioni; aspirando a diventare un dragone per ripristinare il loro onore perduto.
Sanada Juu Yuushi (Japan)	È un gioco di ruolo a tema dell'era Sengoku con i ninja. Sanada Yukimura (noto anche come Sanada Nobushige) è il personaggio titolare. Era un guerriero samurai giapponese del periodo Sengoku. Era particolarmente conosciuto come il principale generale dalla parte perdente dell'assedio di Osaka. Yukimura era chiamato &quot;Un eroe che può apparire una volta ogni cento anni&quot; e &quot;Crimson Demon of War&quot;. Una leggenda dice che Yukimura avesse dieci eroi che presero un ruolo attivo nelle battaglie del castello di Osaka. Erano chiamati i Sanada Ten Braves, il gruppo di ninja a cui si fa riferimento anche dal titolo. Nel gioco, Sanada deve individuare e reclutare i dieci coraggiosi. Dopo averli trovati, di solito richiedono che Sanada completi un compito prima di accettare di unirsi a lui. Il combattimento viene condotto a turni, utilizzando i tipici comandi di menu.
Sangokushi - Chuugen no Hasha (Japan)	Sangokushi si riferisce a un romanzo scritto sul periodo dei Tre Regni della Cina, dove il paese fu temporaneamente diviso in tre stati in guerra. Questo è diverso dal romanzo Romance of the Three Kingdoms, un racconto per lo più romanzato scritto un po' di tempo dopo la fine del conflitto e ha avuto molti adattamenti di videogiochi, non ultimo il Romance of the Three Kingdoms di Koei e i loro successivi Dynasty Warriors serie. nnIn quanto gioco di strategia di guerra, l'obiettivo per il giocatore e la sua parte prescelta è rivendicare tutta la Cina sotto il suo dominio. I giocatori possono raccogliere informazioni, invadere altri territori o aumentare le proprie statistiche e acquistare armi e rifornimenti per i loro eserciti. Il gioco offre al giocatore un certo numero di azioni per turno prima di lasciare che gli avversari della CPU abbiano i loro turni.
Sangokushi II - Haou no Tairiku (Japan)	Il seguito di Romance of the Three Kingdoms. Il concetto di gioco è sempre lo stesso, anche se hanno migliorato molte funzionalità che si possono considerare &quot;inquietanti&quot; di RTK I (ad es. Generali che muoiono facilmente a causa di malattie, ecc.). Si può dire che RTK sia molto più &quot;stabile&quot; in cui i giocatori non devono più preoccuparsi troppo della durata del gioco, poiché il gioco richiede una frequenza temporale più lenta per consentire ai giocatori di aumentare le proprie forze senza troppe interferenze. Il gameplay e l'interfaccia di RTK II sono molto simili ad Ambition II di Nobunaga.
Sanma no Meitantei (Japan)	Sanma no Meitantei lit. &quot;Great Detective Sanma&quot;) è un gioco di avventura poliziesco con omicidi sviluppato e pubblicato da Namco per Famicom nel 1987. Sulla scia di Portopia Renzoku Satsujin Jiken, il giocatore deve visitare diversi luoghi associati alla vittima dell'omicidio, per scoprire indizi che lo faranno apri più posizioni per trovare più indizi fino a quando, alla fine, l'identità dell'assassino può essere confermata. Il gioco è interamente giocato in giapponese e non è mai stato tradotto in inglese. Il riassunto della storia è che mentre il presidente Yoshimoto teneva una festa nella sua villa, Katsura Buntin è stata trovata uccisa nel caveau. Inoltre, il diamante &quot;Stella d'Africa&quot; che è stato rubato dal caveau. In qualità di assistente del detective Sanma Akashiya, devi aiutarlo a determinare gli autori dell'incidente. Il gioco presenta un minigioco che è una parodia di Galaxian e contiene effetti sonori di altri successi Namco come Dig Dug e Xevious
Sanrio Carnival (Japan)	Il genere di questo gioco è un puzzle game. Il giocatore deve posizionare blocchi con varie facce di personaggi Sanrio su di essi. La corrispondenza di tre di questi caratteri (ad esempio verticalmente) li fa scomparire e questo conta come una &quot;linea&quot;. Ci sono varie modalità di gioco, come il corso introduttivo della versione Famicom (in cui il campo di gioco è piccolo, le icone dei personaggi Sanrio sono relativamente grandi e l'unico obiettivo è quello di tracciare delle linee) e la modalità &quot;mira a un record&quot;, in cui il il campo è grande, le icone occupano molto meno dello schermo e l'obiettivo oltre a cancellare le linee è segnare il maggior numero di punti e cancellare i livelli.
Sanrio Carnival 2 (Japan)	Il genere di questo gioco è un puzzle game, come l'originale Sanrio Carnival. Il gioco presenta una modalità in cui il giocatore deve avanzare attraverso più fasi, come quella con il personaggio Minna no Tabo.
Sanrio Cup - Pon Pon Volley (Japan)	Sanrio Cup: Pon Pon Volley è un videogioco di pallavolo con molti dei famosi personaggi Sanrio tra cui Hello Kitty, Keroppi e Minna no Tabo. Le partite possono essere giocate con due, tre o quattro giocatori. I giocatori possono scegliere tra tre diverse tracce di musica di sottofondo o semplicemente giocare senza la musica. Il gioco è fondamentalmente un gioco di pallavolo / tennis ma senza reti, che assomiglia molto a quattro quadrati. C'è un'opzione per aumentare il livello di difficoltà che modifica il livello di intelligenza con cui il gioco controllato dal computer. Ci sono opportunità per impegnarsi in ripensamenti. Dopo la fine del gioco, il giocatore riceve un grande trofeo di struzzo. Sebbene il gioco sia stato rilasciato esclusivamente in Giappone, è stata realizzata una traduzione dei fan in inglese.
Sansuu 1 Nen - Keisan Game (Japan)	Un gioco educativo composto da quattro diversi minigiochi. I minigiochi inclusi sono: Aggiunta 1 - I giocatori controllano un'auto e devono guidarla nel numero corretto per rispondere a un problema di matematica. Sbattere contro un'altra macchina o rispondere al problema in modo sbagliato lo farà
Sansuu 2 Nen - Keisan Game (Japan)	Un gioco educativo composto da quattro diversi minigiochi. I minigiochi inclusi sono: Addizione e Sottrazione 1: I giocatori controllano una freccia in un labirinto di dungeon. I giocatori possono lasciare il dungeon solo quando trovano uno scrigno del tesoro.
Sansuu 3 Nen - Keisan Game (Japan)	Un gioco educativo composto da quattro diversi minigiochi. I minigiochi inclusi sono: Divisione 1: i giocatori controllano un sottomarino in uno specchio d'acqua. I giocatori devono pilotare il sottomarino nella risposta corretta a un problema di divisione.
Sansuu 4 Nen - Keisan Game (Japan)	Un gioco educativo composto da quattro diversi minigiochi. I minigiochi inclusi sono: Divisione: i giocatori controllano un uomo di fronte a un edificio con più porte. Entrare in una porta porta il giocatore in una stanza separata.
Sansuu 5 & 6 Nen - Keisan Game (Japan)	Un gioco educativo composto da due diversi minigiochi. Le modalità di gioco incluse sono: Moltiplicazione decimale: i giocatori controllano un'astronave in uno sparatutto a scorrimento laterale. Le navi nemiche che esplodono fanno guadagnare punti giocatore.
Satomi Hakkenden (Japan)	Un gioco di ruolo Famicom basato su una famosa serie di romanzi giapponesi con lo stesso nome. Satomi Hakkenden (di solito tradotto come &quot;The Eight Dog Chronicles&quot;) era una lunga serie di romanzi del XIX secolo su otto samurai del periodo Sengoku e le loro varie avventure. In qualche modo è stato in parte ispirato dall'antica epopea cinese The Water Margin, che a sua volta ha visto adattamenti di videogiochi sotto forma di giochi Suikoden. Ricevendo numerosi adattamenti televisivi e cinematografici, incluso il film del 1983 noto in occidente come La leggenda degli otto samurai, Satomi Hakkenden sarebbe stato il suo primo adattamento di un videogioco.
Satsui no Kaisou - Soft House Renzoku Satsujin Jiken (Japan)	Satsui no Kaisou: Soft House Renzoku Satsujin Jiken è un gioco di avventura basato su menu di Hyperware in cui il giocatore è un giovane che tenta di risolvere l'omicidio di uno sviluppatore di software di successo. Come in molti giochi di avventura Famicom, il giocatore può raccogliere indizi esaminando i siti di interesse, parlando con varie persone e tenendo traccia delle informazioni raccolte.
Scarabeus (USA) (Proto)	Prototipo molto interessante, questa era pyramids of Ra per il gameboy e hanno cercato di convertirlo su Nes
SD Battle Oozumou - Heisei Hero Basho (Japan)	SD Battle Oozumau: Heisei Hero Basho è un gioco di wrestling di sumo con protagonisti i personaggi di Gundam, Kamen Rider e Ultraman.
SD Gundam - Gachapon Senshi 2 - Capsule Senki (Japan)	Questo gioco è il secondo di una serie di giochi di strategia Famicom basati su Gundam. Il tuo obiettivo è guidare il tuo esercito di mech per sconfiggere i tuoi nemici e conquistare terre. Questa volta, possono muovere fino a 12 unità in un turno. Inoltre, puoi occupare fino a sette stabilimenti.
SD Gundam - Gachapon Senshi 3 - Eiyuu Senki (Japan)	È un adattamento per videogiochi della serie basata sull'anime Mobile Suit Gundam, incluso Super Deformed Gundam. Questa è la terza puntata di una serie di cinque videogiochi. nnCi sono due modalità di gioco principali, la modalità simulazione e la modalità battaglia. La prima permette di produrre unità, di spostarle e di occupare zone. Il secondo ti permette di lanciare le tue unità per attaccare le unità nemiche. nnEsistono 4 tipi di unità che corrispondono anche a stadi: quella di terra, quelle spaziali, Sengokuden e Gaiden. Ci sono 10 scenari per ogni fase.
SD Gundam - Gachapon Senshi 4 - NewType Story (Japan)	SD Gundam World Gachapon Senshi 4 è basato sulla popolare serie SD Gundam. È un gioco standard a turni in cui devi prendere il controllo della base avversaria per vincere. Hai molti tipi di robot da combattimento a tua disposizione per raggiungere questo obiettivo. La parte interessante di questo gioco è il livello di personalizzazione; prima di ogni partita, puoi impostare opzioni come quanti soldi ha ogni giocatore, se iniziano con un numero piccolo/grande di unità sul campo di battaglia e se i giocatori sono controllati da umani o computer. Questo gioco migliora rispetto ai precedenti giochi della serie, poiché ora ci sono battaglie della campagna impostate a cui partecipare, oltre alle solite mappe di matchmaking tra cui puoi scegliere.
SD Gundam - Gachapon Senshi 5 - Battle of Universal Century (Japan)	SD Gundam World 5: Battle of Universal Century è l'ultimo di questa serie di giochi di strategia su Famicom. È un po' più semplificato rispetto al precedente, poiché praticamente tutto è basato su menu ed è più automatizzato. È divertente, ma allo stesso tempo noioso, poiché devi girare MOLTO nei menu per fare progressi significativi.
SD Gundam - Gundam Wars (Japan) (Datach)	Gundam Wars è un gioco per Famicom che utilizza l'accessorio Datach Joint ROM System. Fondamentalmente, questo dispositivo legge i codici a barre da carte speciali fornite con il gioco, con i dati del personaggio/oggetto scritti su queste carte. Questo è l'unico modo per giocare, dal momento che devi selezionare un personaggio o un oggetto scorrendo la sua carta. A parte quell'interessante innovazione, SD Gundam Wars è una sorta di gioco di strategia/azione. Le battaglie sono automatiche, quindi non controlli davvero nulla a parte la scansione dei tuoi personaggi all'inizio e la scansione degli oggetti all'inizio di ogni turno.
SD Gundam Gaiden - Knight Gundam Monogatari (Japan)	SD Gundam Gaiden: Knight Gundam Monogatari è un gioco di ruolo basato sul progetto SD Gundam Gaiden Sieg Zion Hen, ambientato 10 anni dopo la conclusione di SD Gundam Gaiden: Kikōshin Densetsu. Dopo la morte di suo padre, Zero Gundam intraprende un viaggio per recuperare le abilità sacre del Thunder Clan e sconfiggere il nemico di suo padre, Vice Gundam.
SD Gundam Gaiden - Knight Gundam Monogatari 2 - Hikari no Knight (Japan)	SD Gundam Gaiden: Knight Gundam Monogatari 2: Hikari no Kishi è il secondo capitolo della serie Knight Gundam. Si svolge in un universo in cui i personaggi di Gundam sono reinventati come cavalieri, maghi, re e altri personaggi di tipo medievale. Questo gioco è un sequel diretto del primo gioco, quindi dovresti prima giocare al primo. All'inizio può sembrare non correlato, ma alla fine la storia converge con quella del primo gioco.
SD Gundam Gaiden - Knight Gundam Monogatari 3 - Densetsu no Kishi Dan (Japan)	È la terza e ultima puntata di SD Gundam Gaiden: Knight Gundam Monogatari rilasciata sul sistema NES/Famicom. Densetsu no Kishi Dan significa &quot;i leggendari cavalieri&quot;. Questa storia in questo gioco è completamente separata dagli altri due giochi. Si svolge nello stesso mondo, ma i personaggi non corrispondono, quindi non vedrai Amuro o Knight Gundam. Invece, viene presentato ai Cavalieri della Tavola Rotonda, stile! Gundam. Sebbene sia ancora un clone RPG/Dragon Warrior a turni, questo gioco ha diversi cambiamenti radicali che lo distinguono dai due precedenti.
SD Hero Soukessen - Taose! Aku no Gundan (Japan)	Un giorno, Emmy si stava prendendo cura della sua macchina gashapon (quelle macchine tipo ufo catcher), quando lei e la sua macchina furono rapite dal malvagio Dark Brain. Tuttavia, i gashapon dei leggendari eroi Ultraman, Gundam, Shaider e Kamen Rider, furono liberati dalla macchina. Ora gli eroi devono salvare Emmy da Dark Brain. questo è lo stesso Emmy della serie Great Battle e Super Robot Wars OG.
SD Keiji - Blader (Japan)	SD Detective Blader è stato rilasciato in Giappone nel 1991 e non è mai stato portato sulle coste occidentali, il che è stato un vero peccato poiché si tratta di un gioco di ruolo fantasioso, divertente e stimolante ambientato in una futura Tokyo. Fortunatamente, un'eccellente nuova traduzione dei fan rende il gioco accessibile a un pubblico più ampio. Blader è un detective spaziale e arriva sulla Terra nell'astronave Galaxy, che rimane la sua base durante il gioco. Il sistema di battaglia è a turni, il tasso di incontro nei dungeon è molto alto e il gioco si muove a un ritmo veloce con gli alleati che si uniscono e lasciano il gruppo a vari intervalli. SD Blader è moltonnproprio come uno dei primi giochi di ruolo di Dragon Quest con belle storie secondarie che coinvolgono ogni città, tranne per il fatto che usi armi e scienza piuttosto che spade e stregoneria: ed ènnmolto divertente da giocare.
SD Sengoku Bushou Retsuden (Japan)	Gioco di strategia in stile Sengoku con grafica SD e meccanica semplificata. Scegli il tuo Daimyo e conquista la terra.
Secret Ties (USA) (Proto)	Secret Ties è un adattamento per videogiochi pianificato di Master Thief Sugar, un manga creato da Takao Saito, che ha anche realizzato Golgo 13. Il gioco è stato terminato ma mai pubblicato. la musica è buona! suona in modo molto simile a Ninja Gaidan. Ritmo molto veloce. Puoi scalare muri, saltare calci, pugni, molto divertente.
Section-Z (USA)	Gli Alien Invaders si avvicinano al sistema solare dalla loro piattaforma di battaglia interstellare, chiamata Fortress Balangool. Sotto il comando del Master Control, chiamato L-Brain, gli Invasori sconfiggono le forze spaziali della Terra. Un solo eroe, il Capitano Commando rimane per sconfiggere l'armata aliena entrando a Balangool e combattendo attraverso le varie sezioni fino a raggiungere la Sezione-Z. nnLa sezione Z è uno sparatutto a scorrimento laterale in cui il giocatore deve viaggiare attraverso il labirinto che è Balangool. Tipicamente questo consiste nel viaggiare attraverso un corridoio scorrevole e raggiungere la fine dove deve essere scelta una nuova direzione. Le abilità di Captain Commando sparano direttamente a sinistra o direttamente a destra mentre ci si sposta sullo schermo.
Seicross (USA)	Sul pianeta Colura esistevano due diverse tribù, i Petra e i Bassora. I Bassora erano aggressori e alla fine guidarono i Petra sottoterra. Tuttavia, molti sopravvissuti a Petra sono rimasti intrappolati sulla superficie del pianeta. A tal fine è stata creata una bici di soccorso denominata Gilgitt Petras. Deve risalire in superficie e salvare il maggior numero possibile di Petra. nnSeicross è uno scorrimento laterale. Controllando le Gilgitt Petra, il giocatore deve correre attraverso lo schermo, raccogliendo i sopravvissuti di Petra e alimentando potenziamenti. L'unica arma e abilità disponibile è la capacità di sparare in avanti.
Seikima II - Akuma no Gyakushuu! (Japan)	Il gioco è basato su una popolare band heavy metal giapponese formata da Damian Hamada chiamata Seikima-II. Questa band è durata dalla sua creazione nel 1982 fino al suo scioglimento il 31 dicembre 1999. La loro storia, come è stato profetizzato, è che sono un gruppo di demoni che predicano una religione al fine di propagare Satana attraverso l'uso dell'heavy metal. Ogni membro è un demone di una classe gerarchica diversa con Sua Eccellenza Demon Kogure che è il leader dei demoni e Sua Maestà Damian Hamada che è il principe ereditario dell'inferno. Secondo la profezia e dopo aver completato la conquista del mondo, la band si sarebbe sciolta alla fine del secolo il 12 dicembre 1999 alle 23:59:59 Japan Standard Time (09:59:99 Eastern Standard Time). I giocatori prendono il controllo di Demon Kogure, un membro della vera band heavy metal giapponese Seikima-II. È in missione per salvare i suoi compagni compagni di band &quot;demoni&quot; che sono stati catturati e imprigionati dal dio Zeus.
Seirei Gari (Japan)	Il ragazzo Michimune e la ragazza Miu vivono felicemente in una casetta insieme al loro vecchio saggio nonno. Un giorno, proprio mentre stavano per festeggiare il compleanno di Miu, la stanza divenne improvvisamente buia e una figura demoniaca malvagia apparve dal nulla. Ironia della sorte, l'essere oscuro si è rivolto a tuo nonno, dicendo che è passato molto tempo. Apparentemente, anche il nonno sapeva chi o cosa fosse questa figura, dal momento che lo chiamava con il nome di Rosenkreuz. Rosenkreuz spiega che ha aspettato cento anni, ma ora è possibile riportare indietro il Dio del Male e controllare il mondo! Ma per una ragione sconosciuta, ha bisogno di Miu. Rosenkreuz colpisce tuo nonno e rapisce Miu! Prima della morte del nonno poteva solo sussurrare: &quot;Salva... Miu...&quot;. E così, Michimune intraprende un pericoloso viaggio nella terra del male, per salvare Miu dalle grinfie di Rosenkreuz.
Seiryaku Simulation - Inbou no Wakusei - Shancara (Japan)	Shancara è un pianeta che ha recentemente dichiarato l'indipendenza dall'Impero Galattico ed è ora crivellato dalla guerra civile. Quattro importanti figure politiche si contendono il sostegno dei 12 partiti politici di Shancara per diventare presidente del pianeta. Come uno di questi quattro personaggi, devi usare tutti i mezzi necessari per ottenere il sostegno dei partiti politici. nn&quot;Donerai&quot; (corromperai) ingenti somme di denaro per convincere le parti a sostenerti, assumere assassini per far sparire i tuoi avversari e impegnarti in guerre civili per sconfiggere, catturare ed giustiziare i tuoi avversari.
Sekiryuuou (Japan)	Sekiryuuou (Red Dragon King) è un gioco di avventura testuale sviluppato da Tokai Engineering per Famicom e pubblicato in Giappone da Sunsoft. È basato su un manga giapponese ambientato durante una storica guerra civile cinese. Il giocatore controlla un protagonista attraverso una serie di menu per risolvere una serie di enigmi. Il gioco, e il manga su cui è basato, descrivono un periodo dell'antica storia cinese tra le dinastie Qin e Han, pochi decenni prima dell'inizio dell'era dei Tre Regni. Come previsto in un periodo di transizione, ci sono stati molti intrighi e conflitti che hanno portato al cambiamento di potere da cui potrebbero trarre ispirazione i romanzi e i manga futuri.
Sesame Street - 123 (USA)	Questo titolo di apprendimento basato sulla matematica per bambini dai 3 ai 6 anni con personaggi di Sesame Street. Sesame Street 1 2 3 include una compilation di 2 giochi rilasciati in precedenza:nnnn1. Astro-Grover: i bambini giocano con Grover e gli Zip del pianeta Zap contando, sommando e sottraendo gli Zip per migliorare le abilità matematiche di base. nn2. Le forme magiche di Ernie: i bambini lavorano con Ernie per esercitarsi ad abbinare forme e colori nei problemi che presenta loro.
Sesame Street - ABC & 123 (USA)	Sesame Street 1 2 3/AB C è una raccolta dei seguenti giochi per NES di Sesame Street: 1. Sesame Street 1 2 3nn2. Sesame Street A B C
Sesame Street - ABC (USA)	Questo gioco è diviso in due parti:nnnnLetter-Go-Round: catturando e abbinando le lettere su una ruota panoramica che gira, i bambini praticano il riconoscimento e la corrispondenza delle lettere, l'ortografia semplice e la formazione delle parole. nnIl grande salto di Ernie: i bambini possono aiutare Ernie a trovare la sua paperella di gomma per il bagno costruendo un percorso dal portasapone di Duckie alla vasca da bagno di Ernie. Questo aiuta i bambini a esercitarsi nella pianificazione, nella previsione e nella risoluzione dei problemi. nnPer età 3-6.
Sesame Street - Big Bird's Hide & Speak (USA)	Sesame Street: Big Bird's Hide and Speak è un gioco per Nintendo Entertainment System. È stato uno dei giochi per NES più semplici da giocare mai pubblicati in commercio. Questo gioco è interpretato da Big Bird e co-protagonista di Little Bird, e presenta Bert, Ernie, The Count, Grover ed Elmo. Questo gioco è stato sviluppato da RSP Inc. e pubblicato da Hi Tech Expressions. Tutti e 4 i lati del D-pad spostano l'uccellino alla finestra successiva in senso orario; I pulsanti A e B scelgono entrambi una finestra. I pulsanti centrali (Avvia e Seleziona) escono dalla schermata di selezione del gioco. L'obiettivo del gioco era scegliere il carattere o la lettera corretta, con sei diversi livelli.
Sesame Street - Countdown (USA)	Il Conte von Count di Sesame Street è il protagonista di questo gioco educativo in cui il punto è imparare a identificare i numeri. Puoi scegliere di saltare o correre attraverso i livelli cercando di raccogliere quanti più esempi del numero del giorno richiesto per quel particolare livello. Il numero del giorno viene selezionato casualmente da una ruota numerica che gira. L'unico modo per perdere nel gioco è toccare i numeri errati (numeri diversi da quello che devi trovare) che prosciugheranno la tua barra della vita. Ci sono anche due livelli bonus che implicano l'uso delle abilità di conteggio e di addizione/sottrazione.
Shadow Brain (Japan)	Shadow Brain è un gioco di ruolo in prima persona Dungeon Crawler per Nintendo Famicom che è stato rilasciato in Giappone solo il 3 maggio 1991 da Pony Canyon, che è stato anche coinvolto in giochi come Ultima I-IV e Super Pitfall. Il gioco è molto simile a Shin Megami Tensei (NES) ed è uno dei pochi giochi di questo genere disponibile su questa console. In origine, Shadow Brain veniva venduto con un nastro VHS che descriveva in dettaglio la storia dietro il gioco. Il gioco ha una storia di fantascienza alle spalle, una grafica decente e una bella musica. Shadow Brain sembra un'alternativa molto solida a Shin Megami Tensei.
Shadow of the Ninja (USA)	Nel 21 ° secolo, il malvagio imperatore Garuda conquistò New York City e uccise molti dei suoi abitanti. Giochi nei panni di Hayate o Kaede, due ninja che cercano di liberare la città dal controllo di Garuda. Shadow of the Ninja è un tipico gioco d'azione a scorrimento laterale, composto da correre, tagliare e saltare attraverso 5 livelli, ciascuno con 4 sottostazioni con numerosi e vari nemici e un nemico nemico alla fine. Kaede e Hayate non possono semplicemente saltare; Come i ninja, possono appendere alle piattaforme e fare rapidi salti mortali tra i piani. A volte, possono essere trovati contenitori contenenti power-up. I tipici potenziamenti estendono la portata della spada predefinita, oppure possono essere armi aggiuntive come stelle da lancio e un'arma ninja che assomiglia a un grande rampino su una corda. Il gioco ha permesso a due giocatori di giocare in cooperazione, una caratteristica rara per i giochi d'azione al di fuori della serie Contra.
Shadowgate (USA)	Utilizzando la stessa interfaccia grafica di Deja Vu, Shadowgate è un gioco di avventura ambientato in un mondo fantastico. I giocatori interpretano la parte di un avventuriero inviato all'antica fortezza di Shadowgate alla ricerca di un artefatto mistico noto come il Bastone delle Ere e impedire al malvagio Signore degli Inganni di evocare un orribile demone noto come Behemoth. Tuttavia Shadowgate è stato infestato dai servitori demoniaci del Signore degli Inganni, per non parlare delle trappole esplosive ancora funzionanti del castello. nnA differenza di Deja Vu, la morte ti arriva all'improvviso, inaspettatamente e soprattutto SPESSO. Azioni così semplici come premere l'interruttore sbagliato o aprire la porta sbagliata possono farti infilzare da una trappola esplosiva o sventrare da un mostro. Vale anche la pena ricordare il fatto che se la tua torcia si brucia (questo accade abbastanza regolarmente) e ti dimentichi di accenderne una nuova, inciamperai nel buio e ti spezzerai il collo.
Shanghai (Japan) (En)	Shanghai è uno dei primi adattamenti di videogiochi del gioco basato su tessere giocato con le pietre del mahjong cinese, essenzialmente un puzzle game che ha poco a che fare con le vere regole del mahjong. nnIl gameplay prevede 144 tessere, ciascuna raffigurante immagini diverse, che devono essere rimosse abbinandole a coppie. Le piastrelle sono disposte secondo uno schema a griglia, che è più alto vicino al centro. Una tessera può essere rimossa solo se non ha nessuna tessera accanto su almeno un lato. nnQuesta implementazione del computer può generare un layout di tabellone casuale da affrontare e presenta cinque sfide preimpostate, alcune delle quali hanno limiti di tempo di cinque o dieci minuti, oltre a una modalità multiplayer.
Shanghai II (Japan)	Shanghai II è una variante del puzzle game noto anche come solitario mahjong. 144 tessere mahjong sono disposte in file e impilate l'una sull'altra in vari modelli; l'obiettivo del giocatore è rimuovere coppie di tessere corrispondenti che non hanno tessere adiacenti da entrambi i lati fino a quando l'intero tabellone non è libero. Questa variante presenta sei modelli che prendono il nome da animali: tigre, scorpione, scimmia, serpente, pantera e drago. Il giocatore può scegliere di visualizzare suggerimenti o annullare qualsiasi quantità di mosse. È disponibile anche una modalità con un limite di tempo.
Shatterhand (USA)	Shatterhand è un gioco d'azione con scorrimento in otto direzioni. Controlli Shatterhand nella sua missione per trovare e sconfiggere il generale Grover, leader del Metal Command. Attraverso il gioco incontrerai tutti i tipi di creature meccaniche e biomeccaniche. L'arma principale di Shatterhand sono i suoi pugni cibernetici e quindi la maggior parte dei nemici deve essere sconfitta prendendoli a pugni. Ulteriore aiuto può essere fornito da uno qualsiasi degli otto robot satellitari in bilico, ognuno dei quali ha la propria arma che spara automaticamente quando Shatterhand tira un pugno. Questi robot satelliti possono essere ottenuti raccogliendo combinazioni di lettere alfa-beta che appaiono quando colpisci alcune delle scatole bianche sparse in ogni fase.
Sherlock Holmes - Hakushaku Reijou Yuukai Jiken (Japan)	In Sherlock Holmes: Hakushaku Reijō Yūkai Jiken (Sherlock Holmes: Il rapimento della figlia del conte), Holmes deve salvare una contessa da un malvagio rapitore. Viaggiando per tutta la Gran Bretagna, può raccogliere gli indizi e sconfiggere i teppisti per condurre un'indagine approfondita. nnParchi, fogne e persino case private forniscono gli indizi necessari per risolvere il mistero e assicurare il rapitore alla giustizia. I cittadini innocenti possono anche essere presi a calci come i criminali. Coltelli e pistole possono anche essere integrati nelle tecniche offensive di Holmes; permettendogli di raccogliere denaro da teppisti caduti. Se Holmes viene ucciso con qualsiasi mezzo, il mistero diventa un crimine perfetto, ponendo così fine al gioco.
Shikinjou (Japan)	Shikinjou, o Shikinjoh, è un puzzle game ispirato al solitario Mahjong e Sokoban. Come la maggior parte delle varianti del solitario Mahjong, prende il nome da una regione della Cina: in questo caso, l'ex Palazzo Imperiale della Cina, noto anche come La Città Proibita. L'obiettivo del gioco è portare il protagonista, che è un jiang shi per impostazione predefinita, all'uscita. Per fare questo devono spingere via le tessere del mahjong. La maggior parte delle tessere del mahjong scompare quando tocca una o più tessere dello stesso tipo e anche queste tessere svaniranno insieme ad essa. Alcuni, come le tessere del drago o del vento, sono barricate che trasformeranno qualsiasi piastrella che entra in contatto in un'altra barricata.
Shin 4 Nin Uchi Mahjong - Yakuman Tengoku (Japan)	L'unico capitolo della serie Yakuman su Famicom.
Shin Moero!! Pro Yakyuu (Japan)	Shin Moero!! Pro Yakyuu (New Burning!! Pro Baseball) è il sesto dei Moero di Jaleco/TOSE!! serie di giochi sportivi (a volte viene chiamato Moero 6!! Shin Moero!! Pro Yakyuu) e il terzo della serie ad essere associato al baseball. I primi due Moero!! I giochi Pro Yakyuu hanno visto le localizzazioni negli Stati Uniti come Bases Loaded e Bases Loaded 2, ma Shin Moero!! Pro Yakyuu è stato saltato. Quello che alla fine divenne Bases Loaded 3 fu invece il quarto Moero!! Gioco Pro Yakyuu, Moero 8!! Pro Yakyuu '90 Kandouhen. nnUn'aggiunta curiosa a questa versione è quella dei bioritmi, che racconta al giocatore come si sente ogni atleta: se l'atleta sta avendo un fuori gioco, uno o più di questi bioritmi saranno bassi e il giocatore dovrà elaborare una strategia attorno a questi tuffi. Sebbene fosse grande nell'analisi sportiva degli anni '70, l'idea di bioritmi matematici che predicessero l'abilità di un atleta in qualsiasi gioco imminente era quasi screditata come pseudoscienza quando questo gioco uscì.
Shin Satomi Hakken-Den - Hikari to Yami no Tatakai (Japan)	Shin Satomi Hakkenden: Hikari to Yami no Tatakai (&quot;New Eight Dog Chronicles: Battle of Light and Darkness&quot;) è un tradizionale gioco di ruolo giapponese che segue la storia del romanzo storico del 19° secolo Nansou Satomi Hakkenden, o Eight Dog Chronicles, basato su otto fratellastro samurai che discendevano tutti da un cane e si uniscono per varie avventure nel Giappone del periodo Sengoku. In particolare, il gioco è basato sul film live-action del 1983, localizzato in occidente come Legend of the Eight Samurai, che a sua volta era basato su una rielaborazione del 1982 del romanzo epico Shin Satomi Hakkenden.
Shingen the Ruler (USA)	Shingen Takeda è stato uno dei più potenti signori della guerra del Giappone medievale. Stai con due piccole città-stato e cerchi di conquistare il paese come fece Shingen nel XVI secolo. Controlla tutti gli aspetti dei tuoi territori da quelli sociali, economici e militari nel tentativo di diffondere la tua influenza. Se sei abbastanza bravo, puoi farlo più velocemente del vero Shingen stesso!
Shinsenden (Japan)	Shinsenden è un gioco di ruolo di Tamtex e Irem per Famicom e presenta un'ambientazione mistica orientale con monaci e creature del folklore cinese/giapponese. La storia del gioco riguarda un monaco che si allena con il suo partner, Raichi, e scopre un viaggiatore nel tempo ferito che alla fine porta Raichi a essere rapito e l'eroe a inseguire i suoi rapitori.
Shogun (Japan)	Shogun è un gioco di simulazione sviluppato da Nippon Dexter e pubblicato per MSX nel 1987. Successivamente è stato portato su Famicom da Hector nel 1988. È un gioco di simulazione sulla vita di uno Shogun nel Giappone feudale.
Shooting Range (USA)	L'obiettivo è sparare ai dischi sullo schermo in modo che tu possa acquisire abbastanza punti per superare il punteggio di clearing point di quella particolare fase senza che il tuo tempo o le tue energie si esauriscano. Puoi scegliere tra diversi livelli di difficoltà. Influiscono sul tempo che hai per completare le fasi. Per il livello di difficoltà 1 ottieni 300 tempo di gioco, il livello di difficoltà 2 ti dà 250 e il livello di difficoltà 3 solo 200.
Short Order + Eggsplode! (USA)	Questa cartuccia utilizzava il power pad e conteneva due giochi: &quot;Short Order&quot;, è un gioco simile a Simon in cui ti viene dato un ordine e devi preparare l'hamburger esattamente come dice l'ordine. &quot;Eggsplode&quot; è un gioco in cui devi distruggere le bombe che una volpe sta piazzando sotto i nidi dei polli prima che esplodano senza distruggere i polli o le loro uova.
Shougi Meikan '92 (Japan)	Shogi (a volte scritto Shougi) è un popolare gioco da tavolo in Giappone. Si gioca un po' come gli scacchi con pezzi e mosse simili. Questo gioco in realtà non ti consente di giocare in sé, ma ti consente invece di guardare le partite giocate da famosi professionisti nei tornei e anche di provare a indovinare quali mossennsono i più appropriati durante il gioco. C'è stato un sequel pubblicato un anno dopo, giustamente chiamato Shogi Meikan '93.
Shougi Meikan '93 (Japan)	Rilasciato da Ettore. Shogi Meikan '93 è il seguito di Shogi Meikan '92. Shogi (a volte scritto Shougi) è un gioco da tavolo molto popolare in Giappone. Suona un po' come gli scacchi con pezzi e mosse simili. Questo gioco in realtà non ti consente di giocare in sé, ma ti consente invece di guardare le partite giocate da famosi professionisti nei tornei e anche di provare a indovinare quali mosse sono più appropriate durante il gioco. Questo è il secondo gioco della serie breve, con il primo gioco giustamente chiamato Shogi Meikan '92, pubblicato un anno prima.
Shoukoushi Ceddie (Japan)	Shoukoushi Cedie è il titolo giapponese del romanzo Little Lord Fauntleroy di Frances Hodgson Burnett del 1886, su un ragazzino con i piedi per terra di New York che scopre la sua eredità come erede di una contea in Inghilterra, si trasferisce nella sua proprietà ereditata e impara a diventare un nobile. Fuji Television ha creato una serie anime di 43 episodi basata sul romanzo nel 1988 e questo adattamento per videogiochi è basato su quel programma televisivo. Fuji Television è forse meglio conosciuta nei circoli di videogiochi occidentali per essere responsabile di Doki Doki Panic (il gioco su cui è basato l'americano/europeo Super Mario Bros 2) e per aver mandato in onda GameCenter CX (o Retro Game Master). Il gioco è molto simile a un normale gioco di avventura Famicom: il giocatore va in giro, parla con le persone e trova oggetti che vengono utilizzati per risolvere enigmi.
Shounen Ashibe - Nepal Daibouken no Maki (Japan)	Il personaggio principale, Asibe, accompagna Goma-chan in un viaggio per incontrare Sugao-kun in Nepal, in un'avventura a scelta divisa in tre capitoli di un'unica trama.
Shufflepuck Cafe (Japan)	Un disco e solo due concorrenti. Uno è il computer e l'altro è, ovviamente, tu. Hai la possibilità di mettere alla prova le tue abilità in questo gioco in stile Air Hockey, con musica ispirata a &quot;Cantina Band&quot;. Devia il disco intorno all'area murata usando la tua mazza, cercando di buttarlo nella porta del tuo avversario. nnCi sono diversi concorrenti, dai quali alcuni tradiscono decisamente, quindi preparati a farti ridere. Tuttavia, puoi anche imbrogliare, poiché puoi ridimensionare il tuo stick per riempire l'intera larghezza del tavolo o aggiungerne uno nel mezzo e vedere chi rompe il vetro per primo. Ci sono partite singole o tornei in cui giochi contro avversari in ordine di difficoltà. Il vincitore è colui che raggiunge per primo 15 rotture di vetri.
Side Pocket (USA)	L'obiettivo principale è attraversare diverse città degli Stati Uniti e raggiungere i punteggi predeterminati per andare avanti. Ma ricorda: avrai solo 16 palline e ogni errore può essere letale!nnnnIl gioco include anche modalità per 2 giocatori con due varianti: 2P Pocket Game (la modalità tradizionale) e 2P 9-Ball Game, in cui la premessa è di affondare 9 palline prima che l'altro giocatore le faccia per primo. Se preferisci, metti alla prova il tuo obiettivo in Trick Game o ascolta la tua canzone preferita in Jukebox. nnDopo ogni fase completata (e un po' di fortuna), apparirà una fase bonus, oltre alla possibilità di guadagnare palline extra. Avrai solo bisogno di un buon bersaglio nel blocco di parquet!
Silent Service (USA)	Ora sei un membro del Silent Service, il comando dei sottomarini della Marina degli Stati Uniti. Per molto tempo dopo Pearl Harbor, sei l'unica forza in grado di rispondere ai giapponesi nel Pacifico. Prendi una delle &quot;barche della flotta&quot; e fai pattugliamenti prolungati fino a 2 mesi dalle Hawaii, dall'Australia o dalla Nuova Zelanda. Imposta il tuo livello di difficoltà/realismo e il periodo di tempo (inizio significa meno tecnologia per obiettivi più succosi, dopo significa scorte più forti, più tecnologia, obiettivi più scadenti). Combatti con fattori come siluri, profondità massima e altro ancora. nnPuoi scegliere tra esercitarti contro alcuni vecchi hulk, ricreare gli attacchi storici dei convogli, partecipare a una singola pattuglia o intraprendere la tua campagna, che ti consente di fare più pattuglie fino alla morte, alla promozione o alla sopravvivenza della guerra.
Silk Worm (USA)	Silkworm è un classico sparatutto a scorrimento orizzontale basato sul gioco arcade Tecmo del 1988. La principale differenza tra questo gioco e molti altri sparatutto a scorrimento laterale è che devi essere a terra oltre che in aria. nnIl giocatore 1 giocherebbe come un elicottero, ma se un secondo giocatore si unisse al gioco, giocherebbe come una jeep. Entrambi i giocatori dovrebbero proteggersi a vicenda oltre che se stessi. Dopo un certo numero di uccisioni, sullo schermo si formerebbe un elicottero &quot;oca&quot;. Se i giocatori riuscissero a distruggerlo, otterrebbero un potenziamento delle armi. Questo sarebbe andato avanti per l'intero gioco (un &quot;oca&quot; potrebbe apparire anche durante la fine del livello cattivo!).
Silva Saga (Japan)	Silva Saga è noto per essere un gioco molto simile a Dragon Quest nell'aspetto del gioco, ma sembra una filosofia di design molto diversa. Minelvaton Saga, Silva Saga e Silva Saga II (questo terzo episodio era su SNES) fanno tutte parte della stessa serie. Silva Saga è un gioco che sarebbe noioso per qualcuno a cui non piacciono i giochi di Dragon Quest per NES. Dopotutto, il gioco è fondamentalmente Dragon Quest, con alcune meccaniche più semplici e una filosofia di design diversa. Se ti piacciono i giochi di Dragon Quest, tuttavia, otterrai meno macinazione, musica piuttosto bella, grafica piacevole e un nuovo mondo da esplorare.
Silver Surfer (USA)	Silver Surfer vaga per lo spazio come araldo di Galactus, alla ricerca di nuovi pianeti di cui nutrirsi. Tuttavia la sua missione viene interrotta da un'evocazione di Galactus. Silver Surfer apprende che le creature della Dimensione Magick stanno cercando di sfondare nell'universo e la loro venuta porrà fine a tutta la vita. Giurando di fermarli, Silver Surfer deve assemblare i pezzi di un misterioso Dispositivo Cosmico e usarlo per respingerli. I pezzi del Dispositivo sono attualmente nelle mani di alcune creature maligne: Reptyl, Mephisto, Skrull Emperor, Possessor e Firelord. Silver Surfer deve viaggiare nei loro domini e sconfiggerli per ottenere pezzi del dispositivo.
SimCity (USA) (Proto)	Il contenuto del gioco è la simulazione di una città e del suo sviluppo, tenendo conto di vari fattori come criminalità, ambiente, flusso del traffico e istruzione. Infrastrutture come l'approvvigionamento elettrico e idrico, strade e ferrovie possono essere costruite dal giocatore su un paesaggio inizialmente non sviluppato. Può anche designare aree residenziali, industriali e commerciali per lo sviluppo. Edifici speciali come porti, parchi, scuole, polizia e caserme dei vigili del fuoco influenzano vari parametri nell'ambiente circostante (una stazione di polizia riduce la criminalità, il che aumenta l'attrattiva e il valore fondiario dei lotti circostanti) che influiscono sulle aree edificabili designate e sul loro sviluppo .
Simpsons, The - Bart vs. the Space Mutants (USA)	Bart vs. The Space Mutants è un gioco platform in cui il giocatore interpreta il ruolo di Bart Simpson (dal programma televisivo The Simpsons) e deve impedire agli Space Mutants di invadere Springfield. In ciascuno dei cinque livelli, Bart deve raccogliere (o sbarazzarsi di) gli ingredienti che gli Space Mutants intendono utilizzare per costruire la loro macchina, come oggetti viola o palloncini. Deve anche raccogliere sufficienti &quot;prove&quot; dell'esistenza degli alieni (monete marroni lasciate quando vengono saltati sopra), così i suoi familiari lo aiuteranno quando incontrerà un capo (personaggi come Nelson e Sideshow Bob). Non sarà facile dato che i mutanti spaziali stanno &quot;usando&quot; corpi umani come travestimento. Per scoprire chi sono i veri mutanti spaziali, Bart deve usare le sue specifiche a raggi X.
Simpsons, The - Bart vs. the World (USA)	Questo gioco è in realtà una raccolta di mini giochi appartenenti a generi diversi. Il clown Krusty appare all'inizio del gioco e presenta un menu con cinque giochi da giocare (uno dei quali non è disponibile dall'inizio): un gioco salta e corri, in cui Bart deve trovare un'uscita su una nave, mentre i nemici gli sparano e cercano di impedirgli di raggiungere l'uscita; un gioco di carte, in cui hai cinque tentativi per trovare carte nascoste su un tabellone; un semplice puzzle; una serie di domande trivia riguardanti i Simpson; e infine, un gioco platform-skateboard (disponibile solo dopo aver completato il livello della nave). Inutile dire che tutti i giochi sono legati alla famosa serie TV &quot;I Simpson&quot;.
Simpsons, The - Bartman Meets Radioactive Man (USA)	Bart Simpson sta leggendo l'ultimo fumetto sull'Uomo Radioattivo ma il suo supereroe preferito non è presente. Quando è all'ultima pagina, appare il suo compagno Fallout Boy. Dice a Bart che è l'unico in grado di salvare Radioactive Man che è stato mandato nella Limbo Zone, una misteriosa prigione che ruota attorno a un buco nero. Bart si trasforma in Bartman e deve combattere tre supercriminali per raccogliere i poteri perduti di Radioactive Man prima di affrontare la mente Brain-O the Magnificent. nnI giocatori controllano Bartman attraverso livelli di piattaforma 2D a scorrimento laterale. Ha bisogno di sconfiggere i nemici, raccogliere chicche e fare attenzione a non cadere in una delle trappole mortali sulla sua strada. Bartman può prendere a pugni e calci e raccogliere icone di fulmini per sparare piccoli dardi. La maggior parte delle sequenze di livello richiede tempi precisi e una precisione di salto perfetta per i pixel. Bartman ha cinque punti vita che vengono ripristinati raccogliendo segni radioattivi.
Skate or Die (USA)	Skate or Die incorpora cinque stili distinti di pattinaggio, che possono essere tentati individualmente oa turno. Pattini in una stanza dei menu per scegliere quale provare. Prima di decollare puoi visitare lo skate shop di Rodney per acquistare l'attrezzatura. nnIl primo evento è stile libero, in cui il tuo obiettivo è segnare più punti possibile in 10 tentativi. I giudici determinano quanto stile e abilità hai mostrato. Il salto in alto utilizza la stessa attrezzatura, solo che questa volta il tuo compito è saltare il più in alto possibile alla fine della rampa. nnGli eventi in discesa sono gare con vista dall'alto. Nella corsa in discesa provi semplicemente a completare il percorso entro 90 secondi. Nella Downhill Jam cerchi di superare un avversario umano o computer mentre schivi o salti i pericoli. Puoi usare le mosse offensive per rimuovere i pericoli o far cadere il tuo avversario. nnLa giostra in piscina è più un picchiaduro uno contro uno usando un bastone, posizionato all'interno di una fossa per pattinare.
Skate or Die 2 - The Search for Double Trouble (USA)	In questo sequel di Skate or Die, hai la possibilità di fare skateboard su una rampa o di vivere un'avventura. Nell'avventura, ti trovi in una piccola comunità chiamata Elmood. Giochi come l'eroe in questo gioco. Fondamentalmente stai cercando di mantenere lo skateboard e la tua vita com'era dopo che il sindaco della città ha bandito gli skateboard. Dopo aver affrontato questo, hai deciso di costruire il tuo halfpipe e ti occupi di tutto ciò che ti capita. In questo gioco, attraversi molti ostacoli e altri skateboarder ti sparano vernice e ti lanciano uova, puoi anche sparargli contro e, naturalmente, aggiornare la tua tavola da Lester quando lo incontri sul suo skateboard, così come Lester che ti darà dei trucchi (dando loro quello che vogliono, che si tratti di patatine fritte, bevande, CD, ecc;).
Ski or Die (USA)	Ski or Die è un gioco di sport estremi a tema invernale in cui il giocatore può competere in 5 diversi eventi:nnnn1. Downhill Blitz: evento di sci alpino in cui il giocatore può fare grandi salti sugli abissi ed eseguire acrobazie nella sezione gobbennnn2. Innertube Trash: due giocatori scendono da una montagna in innertubes. Guadagna punti raccogliendo oggetti, perforando la gomma dei tuoi avversari con un coltello o una forchetta e finendo per primo. nn2. Acrobazie aeree: scendi da una rampa e guadagna punti eseguendo salti acrobatici. nn3. Snowball Blast: Lotta a palle di neve in prima persona. Guadagna punti eliminando poco che attacca la tua fortezza di neve. nn4. Snowboard Half-Pipe: indossa lo snowboard e guadagna più punti possibile in un periodo di tempo limitato eseguendo acrobazie all'interno di un half-pipe. nnPratica un singolo evento o prova il torneo. La modalità torneo ha il supporto multiplayer hot-seat.
Sky Destroyer (Japan)	Sky Destroyer è un gioco di combattimento aereo. I giocatori assumono il ruolo di un aereo da guerra che deve sconfiggere vari combattenti nemici in aria e in mare. L'aereo da guerra del giocatore è dotato di mitragliatrici e può anche sparare siluri. L'obiettivo principale è distruggere un'isola fortificata alla fine di ogni scena sparando un siluro contro di essa.
Sky Kid (USA)	Sei il leggendario Barone Rosso, che guidi un aereo attraverso uno scenario a scorrimento laterale orizzontale ambientato durante la prima guerra mondiale. Per completare una missione, devi semplicemente raggiungere il punto di atterraggio dall'altra parte senza essere abbattuto, ma puoi guadagnare punti extra distruggendo veicoli e aerei nemici. Per punti enormi, raccogli una bomba nascosta nel livello (sarai avvisato da un suono quando ti avvicini) e lasciala cadere su una grande struttura. Se non riesci ad atterrare sulla pista di atterraggio, rimani senza carburante e ti schianti.
Sky Shark (USA)	Sky Shark è uno sparatutto dall'alto simile a Raiden. Inizi con quattro vite e tre bombe. Con questo (puoi ottenere più vite a determinati intervalli di tempo e puoi trovare più bombe), tu, lo &quot;Squalo del cielo&quot; del tuo squadrone, sfrecci attraverso cinque livelli di campi di battaglia infestati dai nemici con un massimo di sei potenziamenti per le armi. (A parte le bombe e il potenziamento delle armi, non ci sono altre armi da trovare.) Include tre livelli di difficoltà e supporto per due giocatori.
Slalom (USA)	Nello Slalom devi sciare su diverse piste e battere il tempo per passare alla successiva delle 24 piste. Altri sciatori, alberi, pupazzi di neve, slittini e gobbe si metteranno sulla tua strada e ti rallenteranno se ti schianti contro di loro. Le bandiere dello slalom si trovano lungo i sentieri e sciare sul lato sbagliato di questi farà sì che il tuo giocatore sparga momentaneamente lo spazzaneve e perda velocità, quindi per ottenere i tempi migliori devi assicurarti che nessuna delle bandiere venga persa.
Smash T.V. (USA)	L'anno è il 1999. Il programma televisivo più popolare al mondo è Smash TV, una gara ultraviolenta tra due combattenti armati fino ai denti, scatenata in una serie di arene mortali che sono piene fino a scoppiare con orde di bestie senza cervello e robot assassini. Lo scopo del gioco è quello di far esplodere tutto ciò che è in vista e cercare di prendere più denaro e premi dell'altro ragazzo. Tostapane, videoregistratori, auto di lusso e vacanze di lusso sono a disposizione di chiunque riesca a sopravvivere abbastanza a lungo per goderselo. nnSmash TV è un folle sparatutto creato da Eugene Jarvis, creatore di Robotron: 2084. Mantiene lo stile di gioco frenetico del gioco e il metodo di controllo a due joystick, ma aggiunge un sacco di sangue, violenza e un pizzico di satira e quell'importantissima modalità a due giocatori.
Smurfs, The (Europe) (En,Fr,De,Es)	Il malvagio Gargamella ha catturato tre dei puffi, così da poterli mangiare per cena (ancora una volta). Uno dei puffi deve partire per un viaggio pericoloso e salvare i puffi catturati. Batti i primi due boss per salvare i primi due puffi, quindi puoi affrontare Gargamella. Fatti strada attraverso foreste, paludi, montagne, miniere e altro ancora. Cavalca anche cicogne, carretti da miniera e tronchi per sconfiggere Gargamella ei suoi tirapiedi e per salvare i puffi scomparsi. In ogni livello devi raccogliere cinque stelle per accedere al livello bonus. (Non è necessario raccogliere le cinque stelle per superare il livello principale) Nel livello bonus, cerca di raccogliere quanti più bonus possibile prima che scada il tempo. Ci sono tre livelli bonus: &quot;The Dam&quot;, &quot;The Mushrooms&quot; e &quot;The Butterflies&quot;.
Snake Rattle n Roll (USA)	Grafica 3D brillante e un nuovo duo colorato: Rattle and Roll!nnnnÈ una corsa alla luna! Ma prima devi viaggiare attraverso 11 livelli di avventura. Incudini fulminanti, Nibbley Pibbley esplosivi, tappeti volanti, feroce terreno 3D, oltre a BIGFOOT e altro ancora!nnnnL'azione è continua. La sfida è formidabile. Aiuta Rattle and Roll, i due serpenti, a risalire la pericolosa montagna. nnDivora Nibbley Pibbleys per guadagnare abbastanza peso per passare al livello successivo. Sconfiggi i nemici mentre raccogli punti, cibo e vite extra lungo il percorso.
Snake's Revenge (USA)	Il giocatore assume ancora una volta il ruolo di Snake. L'obiettivo è simile al gioco precedente, in quanto il giocatore deve evitare qualsiasi tipo di contatto visivo (anche più del primo gioco), mentre raccoglie armi ed equipaggiamento sul posto. C'è una maggiore varietà di aree come una giungla, un magazzino, un treno, un paio di prigioni e persino una nave da carico contenente i Metal Gear prodotti in serie.
Snoopy's Silly Sports Spectacular! (USA)	I Silly Sports si svolgono nella sua tradizionale casa d'Italia e Snoopy, dal fumetto dei Peanuts, vorrà partecipare. Snoopy prepara il suo aereo e porta con sé il suo parente, Spike come avversario e l'uccellino giallo, Woodstock a giudicare. nnOra Snoopy è pronto per competere con 1 o 2 giocatori nella sua olimpiade personalizzata dei seguenti &quot;eventi&quot;:nnThe Sack Race: Snoopy e Spike gareggiano l'uno contro l'altro in sacchi di patate in competizione. Lancio dello stivale: proprio come il lancio del martello, ma che coinvolge un vecchio stivale. Pogo: salta su un Pogo Stick e salta gli ostacoli. Fuori bordo: Snoopy e Spike giocano a &quot;King of the Boat&quot; cercando di buttarsi in acqua a vicenda. Pila di pizza: bilancia le pizze mentre cerchi di camminare verso il traguardo. River Jump: salto con l'asta sul fiume (in realtà conficcando il palo nel fiume) dall'altra parte.
Snow Brothers (USA)	Nick e Tom sono due principi che vivono il sogno con due bellissime principesse. Quando improvvisamente il malvagio re Scorch congela il principe Nick e Tom e rapisce le principesse. Ora Nick e Tom si ritrovano con abilità che affrontano neve e ghiaccio. Questi due fratelli della neve dovranno dare la caccia al malvagio re Scorch e salvare le principesse. nnSnow Bros. è un gioco platform a schermo fisso in cui i giocatori devono sconfiggere tutti i nemici in ogni livello (schermo), 50 in tutto. Gli Snow Bros usano la neve come arma, lanciandola contro i nemici per stordirli. Quando viene lanciata molta neve contro un nemico, questo viene coperto da una raffica e incapace di muoversi. Questi possono essere fatti rotolare in palle di neve giganti e spinti o calciati contro altri nemici. Se lasciati soli, i nemici alla fine si scongelano e si arrabbiano con il giocatore. Le palle di neve piene di nemici sono un'arma molto più forte della normale manciata di neve e sono l'unica arma efficace che Nick e Tom hanno contro i boss.
Soccer (Japan, USA) (En)	Il calcio è un gioco d'azione per due giocatori o un giocatore contro il computer. Puoi giocare in uno dei cinque livelli di abilità, scegliere tra diverse squadre e selezionare il tempo necessario per la partita. Il calcio è dotato di rimesse laterali, rimesse in porta, calci d'angolo, calci di rigore e una vista dall'alto del campo che scorre per seguire l'azione.
Soccer League - Winner's Cup (Japan)	Soccer League - Winner's Cup è un gioco di calcio sviluppato da SAS Sakata per Famicom e pubblicato da Data East nel 1988. Durante il gioco, il campo scorre orizzontalmente sullo schermo. I giocatori selezionano una delle otto squadre internazionali e tentano di vincere la Coppa del Mondo. Le squadre che il giocatore può selezionare includono: Giappone, Germania, Brasile, Francia, Corea del Sud, Inghilterra, Argentina e Stati Uniti. I giocatori possono scegliere di giocare da soli contro il computer o competere testa a testa con un altro giocatore. Sebbene il gioco non sia mai stato rilasciato al di fuori del Giappone, la maggior parte delle opzioni sono scritte in inglese.
Solar Jetman - Hunt for the Golden Warpship (USA)	La nave da guerra dorata era una volta la nave più potente della flotta galattica. Ma la nave fu catturata dagli alieni e le sue parti sparse in dodici mondi diversi. Su ogni mondo alieni mortali, trappole esplosive, buchi neri e forze gravitazionali estreme proteggono le parti. Ora spetta a Solar Jetman atterrare su ciascuno dei mondi e recuperare tutte le parti in modo che la nave da guerra dorata possa essere riassemblata. All'inizio di ogni mondo, Solar Jetman parte dalla nave madre ed esplora usando un jetpod. Quando una parte della nave da guerra dorata o qualcos'altro utile viene localizzata, il jetpod può essere utilizzato per riportarlo alla nave madre. La nave madre passerà al mondo successivo quando tutte le parti del mondo attuale saranno state riportate. Se il jetpod subisce troppi danni, Solar Jetman deve tornare alla nave madre per le riparazioni prima di continuare la ricerca.
Solomon's Key (USA)	Solomon's Key è un gioco platform con elementi sia di azione che di strategia. In ogni livello il tuo obiettivo è recuperare una chiave che può essere utilizzata per sbloccare l'uscita. Per dare una mano, hai una bacchetta magica che può essere usata per creare e distruggere blocchi (anche se alcuni blocchi non possono essere distrutti). Per raggiungere la chiave dovrai sistemare con cura i blocchi sullo schermo in modo da poter saltare in sicurezza. Vagando per ogni livello ci sono una varietà di nemici che ti faranno perdere una vita se vieni catturato. Alcune creature possono essere uccise distruggendo il blocco su cui si trovano, altre devono essere schivate. Bonus nascosti e magie si trovano in molti livelli, a volte anche nascosti in blocchi. Alcuni tesori ti danno punti bonus, altri possono formare incantesimi magici per aiutarti ad affrontare i nemici. Per rendere il gioco più difficile, ogni livello ha un limite di tempo in cui deve essere completato.
Solstice - The Quest for the Staff of Demnos (USA)	The Princess Eleanor has been captured by the evil mage Morbius and is somewhere in the fortress of Kastlerock. You play the part of Shadax, who must now rescue the Princess by searching the fortress for the six pieces of the magical Staff of Demnos and use it to defeat Morbius. Solstice is a combination of a puzzle/adventure and action game played from an isometric 3-D point of view. There are numerous rooms to explore in the fortress, many with dangerous, evil creatures wandering about and traps and obstacles to get past. Along the way there are magic potions, keys, and many other items to find which help you get past the creatures as well as reach new parts of the fortress.
Son Son (Japan) (En)	In questo gioco, interpreti il ​​ruolo di Son Son o Ton Ton mentre cerchi di salvare i tuoi tre amici dalle grinfie di un cattivo a caso che li ha rapiti proprio di fronte a te. Questo gioco è un'avventura a scorrimento laterale, in cui il campo di gioco avanza automaticamente e lo schermo è diviso in sei diversi piani, tutti popolati da nemici o ostacoli che ti uccideranno se li tocchi; ma sia Son Son che Ton Ton attaccano i loro nemici sparando loro piccoli proiettili con le loro armi (rispettivamente un bastone magico e un forcone). Il loro attacco può anche fermare molti proiettili nemici! Il personaggio che hai scelto deve saltare da un piano all'altro, eludendo cacciatori, pipistrelli, pesci, statue, insetti, monete teschio e bombardieri pazzi! Man mano che avanzi, puoi raccogliere diversi prodotti alimentari per aumentare il tuo punteggio. Cancellare lo schermo dai nemici ti farà guadagnare anche diversi bonus pesanti.
Soreike! Anpanman - Minna de Hiking Game! (Japan)	Anpanman viaggia per il mondo aiutando le persone. Ma cos'è Anpanman? È un supereroe la cui testa è fatta di panini dolci ripieni di marmellata di fagioli. Soreike! Anapanman è un divertente gioco da tavolo per Famicom, basato su un cartone animato con lo stesso nome. È relativamente diretto e semplice da giocare, con nonncaratteristiche complesse o ostacoli da superare. Ci sono otto mappe e una nona da sbloccare e possono partecipare fino a tre giocatori umani. Unisciti a Currypanman e Shokupanman mentre cerchi di battere Baikinman!
Space Harrier (Japan)	Corri... vola... schiva quegli ostacoli, ma rispondi al fuoco ondata dopo ondata di alieni attaccanti. Armato di una pistola davvero grande, devi difenderti dalle orde di alieni usando il tuo ingegno per navigare sullo schermo. Ma fai attenzione a quei boss di fine livello!
Space Hunter (Japan)	Space Hunter è un gioco d'azione di Namco. Nell'anno 2199 d.C. e dopo una devastante guerra nucleare, tutta l'umanità fa affidamento su cyborg e robot per sopravvivere. Ma un gruppo di cyborg sta ora conducendo una rivolta contro i loro padroni e la Terra è sotto un bombardamento estremamente pesante dallo spazio. Una cyborg di 16 anni di nome Altiana viene inviata per sradicare la minaccia: è in missione per esplorare sei pianeti labirintici e sconfiggere i loro feroci guardiani uno per uno per sbloccare e accedere all'ultimo e al settimo livello, la fortezza spaziale nemica. È possibile accedere a tutti e sei i pianeti dall'inizio del gioco e ognuno è costituito da una grande griglia di schermi interconnessi.
Space Invaders (Japan)	La Terra è sotto attacco da file di alieni che lanciano bombe e devi difenderla! Le file di alieni iniziano nella parte superiore dello schermo e controlli un cannone laser nella parte inferiore dello schermo. Il tuo obiettivo è guadagnare punti sparando agli alieni prima che possano atterrare. Gli alieni marciano avanti e indietro e ogni volta che viene raggiunta la fine dello schermo scenderanno di una riga più vicino al fondo. Spara loro tutti e passerai al livello successivo (più difficile), ma se anche uno di loro atterra il gioco è finito. Di tanto in tanto un disco volante passerà lungo la parte superiore dello schermo; spara questo per guadagnare punti extra. Appena sopra il tuo cannone laser ci sono tre scudi; questi possono essere usati per nascondersi dalle bombe aliene, ma bloccheranno anche i tuoi colpi. Inizi il gioco con un numero limitato di cannoni laser e, se tutti vengono bombardati, il gioco finisce.
Space Shadow (Japan)	Space Shadow è uno sparatutto di fantascienza on-rail che si ispira al classico horror di fantascienza di Ridley Scott del 1979, Alien. Questo gioco è stato rilasciato da Bandai come gioco pack-in con Hyper Shot Machine Gun, un re delle pistole uzi per NES.
Space Shuttle Project (USA)	Il direttore del lancio ha assegnato a un comandante il controllo di diversi lanci spaziali della NASA per svolgere alcuni lavori necessari nello spazio. È compito del comandante svolgere tutte le attività pre-lancio come rifornire di carburante l'astronave e assicurarsi che tutto l'equipaggio sia in sicurezza e assicurarsi che tutte le attività post-lancio siano svolte come la separazione del razzo e del serbatoio del carburante, nonché il atterraggio riuscito della navetta. Il comandante è anche responsabile delle attività extraveicolari nello spazio come il lancio di un satellite e la costruzione di una stazione spaziale.
Spartan X 2 (Japan)	Un po' più fedele alla trama del film rispetto al primo gioco di Spartan X, tenta di raccontare la stessa storia: a Barcellona, Mr. X ha catturato il borseggiatore Silvia. Per riaverla, Thomas, un maestro di Kung-Fu che gestisce un ristorante, deve viaggiare per la città, raggiungendo infine il castello del signor X e tentando di salvarla. nnSpartan X 2 è una versione ampliata del gioco originale Spartan X (aka Kung-Fu). Simile a quel gioco, Spartan X 2 è un gioco di combattimento a scorrimento laterale. Controllando Thomas, il giocatore è in grado di muoversi a destra ea sinistra, saltare, calciare e prendere a pugni. Thomas ha una barra dell'energia e viene sconfitto se perde tutta l'energia. Alcuni nemici lasciano cadere oggetti come pozioni che aiuteranno a ricostituire questa barra. Alla fine di ogni livello, Thomas incontra un boss. nnI filmati della storia vengono visualizzati tra ogni livello, in cui Thomas contatta altri personaggi attraverso l'uso di un computer.
Spelunker (USA)	In questo gioco, sei uno speleologo che si arrampica in profondità nelle grotte di montagna in cerca di tesori. I livelli sono composti da tante piattaforme, collegate tra loro da un carrello, scale, corde, ecc. Dovrai cronometrare bene i tuoi salti, perché una leggera caduta ti porterà alla morte e l'abisso è vicino! Dovresti saltare vari ostacoli, evitare nemici simili a fantasmi, arrampicarti sulle corde e usare oggetti di inventario come bombe per creare piccole esplosioni che ti avvicineranno al tesoro desiderato.
Spelunker II - Yuusha e no Chousen (Japan)	Il bellissimo regno delle fate è stato governato per millenni dal demone malvagio Geyla. Giochi nei panni di un eroe senza nome in cerca di tesori, che allo stesso tempo farà di tutto per deporre la famigerata Geyla. Questo gioco, che introduce una componente di gioco di ruolo, chiede al giocatore di scegliere tra il richiamo dell'oro e la sete di giustizia. Queste scelte avranno un impatto diretto sull'andamento dello scenario.
Spider-Man - Return of the Sinister Six (USA)	&quot;Il dottor Octopus sta tramando il coronamento della sua carriera criminale... per governare il mondo. Ha riunito i Sinistri Sei e con questi supercriminali di nuovo insieme, nulla si frappone sulla loro strada, tranne Spider-Man!&quot;nnnnSpider-Man: Return of the Sinister Six è un gioco a scorrimento laterale che ti mette nei panni di Spidey in sei livelli contro Electro, Sandman, Mysterio, Vulture, Hobgoblin e Doctor Octopus rispettivamente. Alcuni enigmi (come trovare una chiave) sono necessari per superare alcuni livelli. Spidey può saltare, arrampicarsi sui muri, prendere a pugni, sparare ragnatele per oscillare (premendo pugno e saltare insieme) ed eseguire un calcio saltato (premendo due volte il pulsante del pugno). La raccolta di cartucce web consente a Spidey di sparare proiettili web limitati. nnSebbene sia difficile da morire, Spidey ha una sola vita, non ci sono oggetti per ricaricare la vita (ma uccidere alcuni ragazzi lo farà) e solo una continua.
Splatterhouse - Wanpaku Graffiti (Japan)	Wanpaku Graffiti è il primo gioco Splatterhouse ad apparire su una console domestica. Non è chiaro come si adatti alla sequenza temporale della serie, ma inizia con Jennifer in lutto per la tomba di Rick (il suo ragazzo). Un fulmine colpisce la sua tomba e viene resuscitato. Prima che possa gioire, un altro fulmine colpisce la tomba accanto a lui e appare un jack-o-lantern. Questo re delle zucche rapisce Jennifer e Rick ha a malapena il tempo di asciugarsi la polvere dai vestiti prima di partire per salvare la sua ragazza.
Spot - The Video Game (USA)	Un gioco di puzzle vagamente caratterizzato dalla licenza della bibita 7Up. Il gameplay coinvolge fino a 4 giocatori, che possono essere umani o computer, ognuno dei quali assume macchie di un colore particolare. Partendo da angoli opposti, si alternano per spostarsi, o 'riproducendo' uno dei loro punti per formarne un altro in una casella adiacente, oppure facendo un salto, perdendo la casa che avevi ma togliendone una di due caselle. nnQuando un pezzo atterra accanto a uno di un altro colore, quel pezzo cambia colore in quello del suo avversario. Il vincitore di ogni round è l'ultimo giocatore con tutti i pezzi rimasti o il giocatore che ha il maggior numero di pezzi rimasti quando il livello è pieno.
Spy Hunter (USA)	Una conversione del gioco arcade, Spy Hunter è un gioco d'azione di guida giocato da un punto di vista dall'alto. La tua auto è dotata di mitragliatrici per aiutarti a superare i numerosi nemici sulla strada (attenzione a non sparare a nessun civile, però!) Occasionalmente ti imbatterai in un furgone armato e se guidi nel retro del furgone la tua auto viene equipaggiata con una seconda arma (come cortina fumogena, chiazza di petrolio o missili). In diversi punti la strada si divide e puoi entrare in una rimessa per barche che trasforma temporaneamente la tua auto in una barca. Se guidi abbastanza lontano, anche le stagioni cambiano (attenzione alle condizioni ghiacciate durante l'inverno!) Le auto nemiche faranno qualsiasi cosa per fermarti, incluso farti scappare fuori strada, sparare con le pistole dal retro di una limmo o sganciare bombe da un elicottero.
Spy vs Spy (USA)	Spy vs Spy per NES è un gioco basato sull'omonimo fumetto americano di M.A.D. Magazine. Lo schermo diviso presenta 2 spie, l'obiettivo è che ciascuna completi la sua missione più velocemente della seconda. Da solo contro il computer o con due giocatori, mostra velocità ma anche malizia, posizionando giudiziosamente trappole in modo da far perdere tempo al tuo avversario.
Sqoon (USA)	In questo sparatutto orizzontale, controlli il sottomarino di Narikeen, Sqoon. Sqoon è dotato di due armi; un lanciamissili aggiornabile che spara dritto per eliminare strani nemici nettuniani e una bomba di ghiaccio che si abbatte per far esplodere fabbriche e altre strutture. Distruggere questi edifici libera gli umani all'interno, che poi fluttuano in giro per il tuo salvataggio. Quando avrai nove persone a bordo, una piccola isola mobile apparirà in superficie, permettendoti di far scendere gli umani e fare rifornimento. Dovrai salvare molte persone e fare rifornimento regolarmente, poiché il tuo sottomarino dura solo 60 secondi con un pieno di benzina. Ci sono otto livelli nel gioco, ognuno ambientato in un paese diverso.
Square no Tom Sawyer (Japan)	Nel 1855, Tom Sawyer ei suoi amici stanno crescendo nella città di St. Petersburg, Missouri, negli Stati Uniti. Essendo bambini selvaggi, Tom Sawyer e il suo migliore amico Huckleberry Finn sono sempre coinvolti in nuove avventure e in un tipo o nell'altro di guai. Quindi non è del tutto inaspettato un giorno in cui Tom Sawyer va a scuola e si rende conto di essere in ritardo... nnSquare no Tom Sawyer è un gioco di ruolo a scorrimento laterale che presenta personaggi e situazioni dei romanzi di Tom Sawyer di Mark Twain. I giocatori controllano Tom stesso e fino a tre altri personaggi che possono unirsi al suo gruppo in qualsiasi momento. In città, ci sono molte persone con cui parlare e negozi dove si possono comprare e vendere oggetti. Al di fuori delle città, mostri e feroci animali dei boschi vengono incontrati casualmente e devono essere combattuti.
Stack-Up (World)	Configura R.O.B. con i dischi colorati inclusi nel gioco e poi controlla i suoi movimenti nel gioco usando il Professor Hector per saltare su vari blocchi. I blocchi rappresentano i comandi dati a R.O.B. in sequenza. nnQuesto gioco può essere giocato in diversi modi. Nel gioco normale, devi impilare i dischi colorati il più velocemente possibile e in un determinato schema e sequenza. In modalità memoria programmi un'intera sequenza di movimenti per spostare i dischi e non saprai se funziona effettivamente finché non esegui il programma. Infine c'è una modalità bingo a 1 o 2 giocatori in cui allinei colonne e righe diverse a BINGO e attivi comandi di rapina. Un avversario salterà anche in giro attivando i comandi. Il tuo obiettivo è avere R.O.B. muovi tanti dischi colorati senza farli cadere.
Stadium Events (USA)	Eventi dello stadio Game Pak, che trasforma la tua casa in uno stadio emozionante, ti sfida ad aumentare le tue capacità fisiche e migliorare il tuo record atletico. Gareggerai contro un corridore nella modalità torneo e in 4 eventi per un punteggio totale nella modalità olimpica. I nomi dei primi 6 vincitori ei loro punteggi appariranno sul cartellone elettronico. I primi 3 vincitori staranno sulla piattaforma dei vincitori!
Stanley - The Search for Dr. Livingston (USA)	Il gioco è ambientato in Congo, in Africa, nel 1870, e il suo personaggio principale è una figura storica. Interpreti i panni di Henry M. Stanley (1841-1904), giornalista del New York City Newspaper, inviato dai suoi datori di lavoro per raccontare il lavoro del famoso esploratore africano, il dottor Livingston. Sfortunatamente, il Dottore se n'è andato senza di te, odiando la stampa e tutto ciò che era connesso ad essa. Recentemente è scomparso da qualche parte nella giungla del Congo, lasciando solo pochi appunti. A quanto pare, era sulle tracce dinnriscoprire il leggendario tempio perduto del popolo Amut, Am-Zutuk. Decidi di seguire i suoi passi, per trovare il dottor Livingston perduto e forse per saperne di più sul misterioso popolo di Amut e del tempio.
Star Force (Japan)	Sei un pilota di astronave che spara a veicoli spaziali nemici e bersagli a terra. Raccogli i simboli delle lettere speciali per bonus e potenziamenti aggiuntivi. I livelli o le aree prendono il nome dall'alfabeto delle lettere greche e il boss finale alla fine di ogni area deve essere sconfitto prima di poter continuare nell'area successiva.
Star Force (USA)	Sei un pilota di astronave che spara a veicoli spaziali nemici e bersagli a terra. Raccogli i simboli delle lettere speciali per bonus e potenziamenti aggiuntivi. I livelli o le aree prendono il nome dall'alfabeto delle lettere greche e il boss finale alla fine di ogni area deve essere sconfitto prima di poter continuare nell'area successiva.
Star Luster (World) (Star Fox - Assault)	In Star Luster, il giocatore controlla Dan Heinick, un pilota del caccia stellare Gaia. Ha il compito di combattere l'essere malvagio Battura e i suoi tirapiedi, che sono decisi a controllare l'intero universo. Il gioco si gioca da una visuale dall'interno della cabina di pilotaggio.
Star Soldier (USA)	Starbrain, un gigantesco super computer programmato per la distruzione, sta minacciando l'Impero Galattico. In qualità di abile ed esperto soldato stellare, devi pilotare il Caesar nella stazione spaziale occupata da Starbrain. La stazione spaziale è pesantemente sorvegliata da navi nemiche e strane creature robotiche. Sarai in grado di trovare diverse armi lungo la strada per potenziare il Caesar e aumentare le possibilità di una missione di successo. Star Soldier è uno sparatutto a scorrimento verticale in stile arcade per un giocatore.
Star Trek - 25th Anniversary (USA)	La nave Enterprise ha una missione di 5 anni: esplorare strani nuovi mondi, cercare nuova vita e nuove civiltà, andare coraggiosamente dove nessun uomo è mai giunto prima. Mentre l'Enterprise sta indagando su strani disturbi gravitazionali, viene trascinata in un buco dimensionale e finisce in uno spazio sconosciuto con motori a curvatura rotti. Ora, il Capitano Kirk e il suo equipaggio devono cercare di riparare la nave e trovare una via di casa.
Star Trek - The Next Generation (USA)	I cadetti dell'Accademia della Flotta Stellare devono trascorrere alcune delle loro lezioni nel simulatore di astronave. Quest'anno è una simulazione della U.S.S. Impresa. Sostituendo Jean-Luc Picard, i cadetti assumeranno il ruolo di capitano e quindi dovranno accedere a diversi membri dell'equipaggio (funzioni della nave) per completare una serie di missioni programmate. nnStar Trek: The Next Generation è diviso in una serie di missioni. I giocatori inizieranno dalla schermata principale del ponte e da lì potranno accedere alla navigazione, alla tattica, alle operazioni, all'ingegneria, ai sistemi di trasporto e al controllo della missione. I minigiochi vengono talvolta utilizzati per completare alcune funzioni della nave (come reindirizzare l'energia agli scudi).
Star Trek V - The Final Frontier (USA) (Proto)	Star Trek V: The Final Frontier era un gioco platform 2D sviluppato da Bandai per NES (Nintendo Entertainment System). Era basato su Star Trek V: L'ultima frontiera, ma è stato cancellato prima del rilascio previsto. Il gioco incompleto non era coerente con molti elementi della trama e dei personaggi del film finito. nnNel 2006, una versione prototipo a quattro stadi è trapelata online come file immagine ROM che può essere riprodotto tramite emulazione PC o su un vero NES. nnLe prime due fasi e la fase finale avevano la forma di uno sparatutto da lato a lato. La terza fase prevedeva un combattimento spaziale in cui il giocatore portava la USS Enterprise-A attraverso un campo di asteroidi e poi in battaglia contro un incrociatore Klingon vicino al &quot;pianeta della creazione&quot;.
Star Voyager (USA)	CosmoStation Noah, situata in Spiral Galaxy IX, è sotto assedio da Molok Wardrivers. Ora è il momento per il pilota dell'RH119 di respingere i Molok Wardrivers e salvare la CosmoStation. nnIl gameplay di Star Voyager richiede al giocatore di avventurarsi attraverso vari settori della galassia alla ricerca di diverse flotte aliene in modo che possano essere sconfitte.
Star Wars (Japan) (Namco)	Rilasciato solo in Giappone. Questo gioco è un platform a scorrimento laterale in cui Luke inizia i suoi viaggi su Tatooine. Mentre Luke alla fine si reca sulla Morte Nera e Yavin IV, viaggia su altri pianeti come Kessell, Iscalon e Hoth per salvare i suoi amici imprigionati prima di far volare il suo combattente X-Wing durante l'ultima corsa in trincea della Morte Nera. Lungo la strada, combatte contro Tusken Raiders, Stormtrooper, Boba Fett e cavalca su veicoli come il suo Landspeeder... o una balena su Hoth.
Star Wars (USA)	Solo le persone che hanno realizzato il film potevano portarti così tanta azione e avventura... Controlla i tuoi eroi di Star Wars preferiti: Luke Skywalker, Han Solo, la Principessa Leia. Chiedi aiuto a Obi-Wan Kenobi, C-3PO e R2-D2. Combatti e supera in astuzia i cattivi intergalattici: assaltatori, jawa, bantha, cacciatori di taglie, droidi sinistri e altro ancora. Esplora gli spettacolari mondi di Star Wars: dal deserto di Tatooine allo spazioporto di Mos Eisley fino all'interno della Morte Nera. E se diventi molto, molto bravo... distruggi la Morte Nera e salva l'Alleanza Ribelle da Darth Vader!
Star Wars - The Empire Strikes Back (USA)	Basato sul film, quindi la trama è fondamentalmente la stessa. Giochi come Luke Skywalker e, usando il tuo blaster, la spada laser e le abilità di forza, devi viaggiare attraverso Hoth, Echo Base, Dagobah, Bespin e Cloud City. Nemici come Darth Vader e Boba Fett appariranno lungo la strada, mentre R2, Yoda e Obi-Wan sembrano darti consigli sulla debolezza del nemico. Tieni anche d'occhio le cose che non vedrai nel film, come provare a battere Slave 1 (la nave di Boba Fett) e combattere Cloud Cars.
Starship Hector (USA)	Uno sparatutto fantascientifico dall'alto verso il basso/a scorrimento laterale in cui prendi il controllo di un piccolo caccia stellare mentre ti fai strada attraverso un pianeta alieno con l'obiettivo di distruggere tutte le forze nemiche. nnLa tua nave è equipaggiata sia con un laser standard che con un'arma da terra a fuoco indipendente, che devi coordinare per sconfiggere i nemici terrestri e aerei. Una barra dello scudo tiene traccia del tuo danno e puoi reintegrarlo sconfiggendo alcuni nemici, ma per il resto sei solo tu, la tua nave e diverse fasi di nemici alieni che si alternano tra prospettive dall'alto e a scorrimento laterale.
StarTropics (USA)	In StarTropics interpreti la parte di Michael Jones. Lo zio di Mike (il dottor Jones, un famoso archeologo) è sull'isola C alla ricerca di alcune rovine perdute e ha invitato Mike a fargli visita. Tuttavia, poco dopo essere arrivato sull'isola, Mike viene a sapere dal capo Coralcola che il dottor Jones è stato recentemente rapito! Ora tocca a Mike individuare il dottor Jones e scoprire perché è stato rapito. StarTropics è una combinazione di un gioco d'avventura e d'azione giocato da un punto di vista dall'alto. Partendo da solo un'isola yo-yo, Mike dovrà cercare l'isola per il dottor Jones. Gli abitanti del villaggio potrebbero essere in grado di offrire alcuni indizi, ci sono molti nemici pericolosi da sconfiggere e lungo la strada ci sono una varietà di nuove armi e altri oggetti da trovare che aiuteranno Mike nella sua ricerca. La cartuccia utilizza una batteria di backup per consentire il salvataggio dei giochi.
Stealth ATF (USA)	Stealth ATF è un simulatore di volo in cui piloti un F-117A, alias Nighthawk, in diverse missioni. nnAll'inizio e alla fine di ogni missione devi rispettivamente decollare e far atterrare il tuo aereo, da una vista laterale. Se non riesci ad atterrare dopo aver completato gli obiettivi target, non riesci a portare a termine la missione e quindi devi rigiocarla. nnLa tua visuale durante il volo è dall'interno della cabina di pilotaggio e il gameplay offre totale libertà di movimento in volo. Il tuo terreno è infinito e i tuoi nemici riappariranno nel tuo radar ogni volta che volano fuori portata. Voli in luoghi diversi, come il Medio Oriente, l'Alaska, il Pacifico, ecc. Durante il volo, puoi anche disattivare la musica e riprodurre solo i suoni del volo.
STED - Iseki Wakusei no Yabou (Japan)	Data stellare 0991... Via Lattea... Un improvviso aumento dell'attività dei mostri nella Galassia. I nostri eroi ricevono un misterioso segnale di soccorso da un pianeta vicino che iniziano a indagare. nnIl gioco presenta un combattimento a turni visto dalla prima persona in cui è visibile solo l'attuale nemico attaccante/attaccato. In Towns i personaggi possono acquistare armi (incluse armi a energia che devono essere ricaricate), oggetti, indumenti protettivi, magie (chiamate ESP) o curare le loro ferite (diverse parti del corpo possono subire danni).
Stick Hunter - Exciting Ice Hockey (Japan)	Stick Hunter: Exciting Ice Hockey è un gioco per Famicom pubblicato solo in Giappone nel 1987. Non è mai stato rilasciato in Nord America. Stick Hunter è stato il primo vero gioco di hockey su ghiaccio creato per una console di gioco Nintendo. nnIl gioco è stato progettato in modo che 1 giocatore possa giocare contro il computer o 2 giocatori contemporaneamente l'uno contro l'altro. La durata dei periodi e il livello di difficoltà possono essere regolati.
Stinger (USA)	Salva il professor Cinnamon! Quando gli alieni del pianeta Attackon rapiscono l'inventore durante la loro invasione della Terra, due getti TwinBee Stinger (armati di guantoni da boxe) vengono lanciati per salvare Cinnamon prima che gli alieni trasformino la Terra in un gigantesco gomitolo di zucchero filato!nnnnIn questo sparatutto a scorrimento verticale e orizzontale, fai esplodere creature insolite e boss ancora più bizzarri, mentre raccogli power-up e super armi. Sparando ripetutamente le campane che escono dalle nuvole, queste campane cambieranno colore, ogni colore conferendo un'abilità diversa. L'abbattimento rilascia un fantasma di Stinger, che può essere recuperato per recuperare i poteri del jet. nnNella modalità a due giocatori, se TwinBee (veicolo ciano) e GwinBee (veicolo verde) allineano i loro voli (uno dietro l'altro) possono trasformare le loro pistole in un laser a increspatura. La versione giapponese prevede una modalità a tre giocatori, con l'aggiunta di WinBee (il magenta craft, che è stato rimosso dalla versione americana).
Street Cop (USA)	Uno dei pochi giochi per NES che utilizza il Power Pad. Interpreti un poliziotto che deve inseguire e catturare i criminali. Il gioco ti porta per le strade di una città, dove devi girare gli angoli e continuare a correre per catturare i cattivi. Usi il power pad NES per correre per le strade, più velocemente corri più veloce il poliziotto darà la caccia. Usi il controller per usare il tuo manganello per catturare il criminale.
Street Fighter 2010 - The Final Fight (USA)	Il giocatore è Ken, l'eroe della serie Street Fighter. Sono passati 25 anni dall'ultima volta che ha partecipato a un torneo di combattimento. È diventato uno scienziato e ha sviluppato una potente medicina insieme al suo amico Troy. Ma un demone sconosciuto irrompe nel suo laboratorio, uccide Troy e ruba l'invenzione. È tempo di rievocare i bei vecchi tempi e di lanciarsi in una ricerca di vendetta! Nonostante il titolo statunitense, il gioco ha poco a che fare con i giochi Street Fighter o Final Fight. Questo è un platform d'azione in cui il giocatore fa muovere Ken, cercando di evitare o uccidere i nemici sparandogli con armi a distanza, regolando la direzione del tiro o calciarli e pugni. Ken è molto agile e può saltare in alto e arrampicarsi sui muri.
Strider (USA)	Gli Striders sono un'organizzazione globale di specialisti dell'infiltrazione che lavorano per combattere la malvagità e mantenere il mondo al sicuro. Dalla loro stazione spaziale orbitale, il Blue Dragon, sono in grado di raggiungere rapidamente qualsiasi parte del mondo. Hiryu è uno dei migliori strider. Gli viene affidato il compito dal vicedirettore Matic di trovare un altro strider catturato, Kain. Ma invece di organizzare un salvataggio, a Hiryu viene detto che il suo compito è uccidere Kain. Hiryu mette in dubbio questi ordini e si reca nell'ultimo luogo conosciuto di Kain per cercare di trovarlo... Strider è un gioco platform in cui Hiryu deve farsi strada tra i nemici e scoprire chiavi, personaggi e dischi dati (che possono essere analizzati a bordo del Blue Dragon) per scoprire cosa sta succedendo. La sua arma principale è la sua abilità di salto e la spada, il Cypher, che usa per colpire con grande velocità.
Sugoro Quest - Dice no Senshitachi (Japan)	Sugoro Quest è un gioco che cambia genere. È un gioco di ruolo, ma ha molti elementi di gioco da tavolo. Può sembrare una strana combinazione, ma funziona sorprendentemente bene. Sembra quasi una simulazione di gioco di ruolo da tavolo. Il retroscena è abbastanza semplice. Il Regno di Siland è afflitto da vari problemi, che coinvolgono tutti mostri che vivono nelle caverne che devastano la campagna. Ovviamente, che tipo di gioco sarebbe se non ci fossero eroi senza paura che intervengono e aggiustano le cose? È qui che entrano in gioco i quattro Dice Heroes. I quattro Dice Heroes, ovviamente, saranno sotto il tuo controllo.
Sukeban Deka III (Japan)	Yui Kazama, una studentessa delinquente, viene accolta dal governo e costretta a combattere il crimine per riscattarsi. Le viene dato il nome in codice &quot;Saki Asamiya&quot; e uno yo-yo di metallo che fungeva anche da distintivo e fatto infiltrare nelle scuole superiori del Giappone per indagare e fermare le attività criminali.
Summer Carnival '92 - Recca (Japan) (En)	Concepito come voce per una competizione di sviluppo di giochi, questo gioco sarebbe stato successivamente pubblicato da Naxat Soft nel 1992. Questo frenetico sparatutto mette a dura prova il sistema Famicom e i riflessi del giocatore con enormi quantità di nemici pur mantenendo un gameplay fluido e veloce! Oltre a una campagna per giocatore singolo, sono disponibili anche modalità di attacco a punteggio e attacco a tempo.
Super Arabian (Japan) (En)	L'obiettivo di Super Arabian è quello di raccogliere tutti i vasi sullo schermo, evitando parassiti come uccelli e vermi che ti bloccheranno la strada e alla fine ti distruggeranno. Se lo fanno, puoi prendere a calci il loro sedere arabo e buttarli fuori dallo schermo. Se riesci a prendere a calci due o più nemici contemporaneamente, qualcosa ti colpirà che ti renderà invincibile per alcuni secondi. Non importa l'ordine in cui raccogli i piatti. Tuttavia, ogni piatto ha una lettera diversa su di esso, e se raccogli i piatti nell'ordine in cui appaiono in alto a destra dello schermo, riceverai ben 5000 punti.
Super Black Onyx (Japan)	Si dice che il leggendario Black Onyx, un artefatto che garantisce eterna giovinezza e felicità a coloro che riescono a trovarlo, si trovi all'interno della Torre Nera vicino alla città di Utsuro. Metti insieme un gruppo di coraggiosi avventurieri e ti avventuri nella torre, sconfiggendo i mostri sulla strada per il grande tesoro. The Black Onyx è il primo gioco di ruolo realizzato da un'azienda giapponese. È simile nel gameplay ai primi giochi di Wizardry e Ultima con l'uccisione di mostri e l'esplorazione di dungeon, con immagini oscure e realistiche. Crei un gruppo (fino a cinque membri) ed esplori un dungeon 3D simile a un labirinto, combattendo nemici casuali lungo la strada. Incontri anche avventurieri che puoi convincere a unirsi al tuo gruppo. Il motore di combattimento è a turni.
Super C (World) (Konami Collector's Series)	L'alieno Red Falcon è tornato e sta pianificando di conquistare il pianeta Terra. Ora tocca a Scorpion e Mad Dog combattere attraverso cinque livelli e salvare il pianeta. Basato sul gioco arcade, Super C è il sequel di Contra. Il gameplay è una combinazione di scorrimento laterale/piattaforma e vista dall'alto verso il basso. C'è un'ampia varietà di nemici da sconfiggere, a partire da luoghi terreni e progredire verso più alieni. Per dare una mano, è possibile trovare potenziamenti per le armi man mano che il gioco procede. Due giocatori possono giocare contemporaneamente, oppure un giocatore può tentare di affrontare lui stesso Red Falcon.
Super Cars (USA)	Preparati per qualche azione di corsa ad alta velocità! Seleziona la tua auto e allaccia gli extra, quindi fatti strada attraverso 27 fasi dell'orrore in autostrada, impegnandoti in miglia e miglia di incredibili combattimenti motorizzati! Hai le capacità di guida necessarie per vincere?
Super Chinese 3 (Japan)	Super Chinese 3 è un videogioco d'azione RPG pubblicato nel 1991 per Nintendo Entertainment System. È l'ultimo dei giochi NES Super Chinese e non è stato rilasciato al di fuori del Giappone. Simile a Little Ninja Brothers prima, Super Chinese 3 incorpora elementi di videogiochi di ruolo nel gameplay.
Super Dodge Ball (USA)	Questa non è la scuola elementare e di sicuro non è una lezione di ginnastica. Questa è Super Dodge Ball. Controlla la tua squadra di sei giocatori per sottomettere la squadra avversaria usando solo la palla e le abilità uniche della tua squadra. Ogni giocatore ha i suoi attacchi speciali e ogni squadra ha i suoi attributi unici. Gioca alla modalità Coppa del mondo e affronta squadre di tutto il mondo per rivendicare il campionato. Giochi come la squadra stellare degli Stati Uniti e devi farti strada attraverso squadre di paesi come Inghilterra, Islanda, Giappone e altri per affrontare finalmente gli attuali campioni del mondo in carica, l'Unione Sovietica.
Super Dyna'mix Badminton (Japan)	Il badminton è fondamentalmente diverso da altri sport con racchetta come il tennis e utilizza una navetta ad alta resistenza che gli conferisce un percorso irregolare. In questo adattamento del videogioco, il giocatore controlla il giocatore giapponese in una competizione contro cinque avversari: Canada, Stati Uniti, Gran Bretagna, Corea del Sud e Cina. Ogni partita si gioca al meglio di cinque set con 15 (ragazzi) o 11 (ragazze) punti. Ci sono quattro diversi piatti tra cui scegliere.
Super Glove Ball (USA)	Super Glove Ball è un gioco dello studio Rare pubblicato nel 1990 su NES, appositamente progettato per essere giocato con il controller Power Glove. Tuttavia, può anche essere giocato con un controller NES standard. È stato venduto separatamente dal Power Glove. Ambientato nell'allora futuristico anno 2005, la storia è che il comandante della navetta del giocatore è rimasto intrappolato in un labirinto dimensionale nello spazio. Solo lui può salvare il comandante lanciando sfere di energia contro le pareti. È possibile utilizzare quattro diversi tipi di sfere di energia; gli effetti vanno dal rallentare l'avversario all'ucciderlo completamente.
Super Jeopardy! (USA)	Super pericolo! è basato sul popolare Jeopardy! Programma televisivo di giochi. In questa incarnazione digitale, 4 giocatori competono per rispondere a domande trivia inverse nel marchio Jeopardy! fashion-- cioè, l'host fornisce la risposta e un giocatore deve fornire le domande. Possono partecipare fino a 4 giocatori umani, con gli slot rimanenti riempiti dal computer. La competizione si svolge nelle modalità quarti di finale, semifinale e finale. Un giocatore selezionerà una domanda da una delle 6 categorie. Il gioco fornisce la risposta alla domanda e i giocatori usano i loro controller per entrare. A quel punto, un giocatore ha 80 secondi per scrivere la domanda (e il computer ha già fornito il preambolo della domanda &quot;Cos'è...&quot;) . Se il giocatore sbaglia la domanda, quel giocatore perde denaro e gli altri giocatori hanno l'opportunità di entrare.
Super Kick Off (Europe) (Proto)	Kick Off è stata la prima partita di calcio del suo genere, con una vista dall'alto verso il basso e, a differenza di altre partite di calcio dell'epoca, la palla non era incollata ai piedi dei giocatori. Giocare a Kick Off richiede abilità nel controllo della palla. C'è un'opzione per apprendere queste abilità senza essere molestati dall'opposizione. I calci piazzati come calci d'angolo, passaggi, contrasti in scivolata e dribbling possono essere praticati alla perfezione. Ogni giocatore in campo ha una combinazione unica di 4 attributi, vale a dire Pace, Stamina, Precisione e Aggressività. Man mano che avanzi, dovrai adattarti a diversi tipi di giocatori. Puoi giocare in un campionato composto da 8 squadre. Le squadre del campionato sono nel complesso alla pari ma hanno stili di gioco diversi con attributi dei giocatori per abbinare quello stile. Ci sono 12 diversi arbitri nel gioco.
Super Mario Bros. (World)	La principessa è stata rapita dal malvagio Bowser e tocca a Mario e al fratello Luigi salvare la situazione. La prima avventura platform in assoluto per i Mario Brothers vede il giocatore esplorare livello dopo livello, con Bowser da affrontare come boss di fine livello. I potenziamenti includono il Super Fungo, che aumenta le dimensioni e la potenza di Mario, il fiore di fuoco, che gli consente di sparare palle di fuoco ai nemici, e il sempre importante Starman per una breve esplosione di invincibilità.
Super Mario Bros. + Duck Hunt (USA)	Super Mario Bros. / Duck Hunt è la cartuccia di gioco fornita con il pacchetto consumer del Nintendo Entertainment System che includeva un deck di controllo, 2 controller e uno zapper leggero. I giochi inclusi erano: 1. Super Mario Bros.: la classica storia di un idraulico italiano che rompe mattoni e calpesta funghi e tartarughe per salvare la principessa. Duck Hunt: il gioco base di zapper di luce per NES. Due modalità di gioco consentivano al giocatore di sparare alle anatre con l'aiuto del fedele segugio o di sparare ai piccioni di argilla.
Super Mario Bros. + Duck Hunt + World Class Track Meet (USA)	Se hai acquistato un set di alimentazione per Nintendo Entertainment System, fornito con due controller, una pistola leggera Zapper e un Power Pad, hai ottenuto questa cartuccia tre giochi in uno, tra cui: 1. Super Mario Bros.: la Principessa è stata rapita dal malvagio Bowser, e tocca a Mario e al fratello Luigi salvare la situazione. 2. Duck Hunt: in Duck Hunt devi usare lo zapper leggero di Nintendo per sparare alle anatre che il tuo fedele cane spaventa fuori dalla palude. 3. World Class Track Meet: questo è un gioco di atletica leggera per un massimo di sei giocatori che richiedono il Power Pad.
Super Mario Bros. + Tetris + Nintendo World Cup (Europe)	Super Mario Bros. / Tetris / Nintendo World Cup è una cartuccia multi-gioco rilasciata su NES nel 1992 solo in versione PAL, che raggruppa Europa, Australia e Nuova Zelanda. Come suggerisce il nome, questa cartuccia include giochi di Super Mario Bros., Tetris e Nintendo World Cup. La cartuccia è stata venduta in commercio in una scatola o in bundle con il NES Top Loader, come nel caso dell'Australia e della Nuova Zelanda.
Super Mario Bros. 2 (USA)	Una notte Mario fa uno strano sogno, in cui apre una porta su un altro mondo pieno di creature ancora più strane e atterra quelle della sua ultima avventura contro Bowser. Sorprendentemente, il giorno successivo, Mario, Luigi, Toad e la principessa si imbattono in una grotta, che conduce al mondo che era nel sogno di Mario.
Super Mario Bros. 3 (USA)	Bowser è tornato, e insieme ai suoi figli, è fuori per rovinare ancora una volta la giornata di Mario. Questa volta, oltre a colpire la Principessa, l'equipaggio di Bowser ha anche preso le bacchette magiche dai re di ogni terra e li ha trasformati in creature. Spetta a Mario e Luigi recuperare le bacchette magiche, sconfiggere Bowser e salvare la Principessa prima che finisca la giornata. Vecchi e nuovi potenziamenti abbondano in ogni livello per Mario Brothers, incluso il ritorno di Super Mushroom e Fire Flower, oltre ai nuovi potenziamenti tra cui la tuta di rana, il flauto e la più importante di tutte, la foglia, che consente al giocatore di volare e attaccare i nemici con la coda.
Super Mogura Tataki!! - Pokkun Mogurar (Japan)	Super Mogura Tataki!! Pokkun Mogura (&quot;Super Mole Bash!! Pokkun Mole&quot;) è un gioco d'azione per Famicom basato sul classico gioco da luna park/arcade &quot;whac-a-mole&quot;. L'obiettivo è colpire le talpe mentre spuntano da otto diversi punti del terreno prima che abbassino rapidamente la testa. Le fasi successive scambiano le talpe con altri animali e personaggi per saltare rapidamente. Il gioco è stato rilasciato con un martello di gomma e una speciale periferica Power Pad più piccola (conosciuta in Giappone come Family Trainer) con una griglia di pulsanti che corrispondeva ai fori da cui sarebbero emerse le talpe. Poiché il Power Pad aveva dodici pulsanti, le diverse fasi potevano essere configurate in modo diverso: ad esempio, il primo livello aveva un anello di otto pulsanti sul lato destro del pad, mentre il livello successivo includeva la riga sinistra, destra e inferiore di pulsanti per formare i suoi otto attorno a un'isola a forma di U.
Super Momotarou Dentetsu (Japan)	Super Momotarou Dentetsu è un gioco da tavolo basato su treni e trasporti con elementi finanziari che presenta il personaggio Momotarou di Hudson, basato sull'omonimo eroe del folklore giapponese. È il secondo gioco della serie Momotarou Dentetsu e il primo ad essere rilasciato su una console a 16 bit - il PC Engine - da cui il &quot;Super&quot; nel titolo. Diversi anni dopo il suo rilascio su PC Engine, Super Momotarou Dentetsu è stato rilasciato anche su Nintendo Famicom e Game Boy. Ha ricevuto un seguito in Super Momotarou Dentetsu II e un gran numero di successori. L'obiettivo del gioco è viaggiare sulla mappa e acquisire territorio attraverso accordi commerciali, simili a Monopoly o Itadaki Street. I giocatori devono lottare tra loro per risorse limitate, oltre a minacce alla CPU come il Dio della Povertà.
Super Pinball (Japan)	Super Pinball è una simulazione di flipper NES, che fornisce sei tavoli interconnessi che il giocatore può esplorare e ottenere punteggi alti. L'obiettivo generale del gioco è trovare e raccogliere effettivamente alcuni pezzi del Mahjong per completare una mano vincente, ma il gioco stesso del Mahjong ha poco a che fare con il gameplay reale oltre a fornire una condizione vincente. Il gioco è stato pubblicato da Coconuts Japan, una società nota per aver pubblicato i giochi Pachio-kun pachinko. Lo stesso Pachio-kun fa un breve cameo nella schermata del titolo di Super Pinball.
Super Pitfall (USA)	Pitfall Harry torna all'avventura in questo &quot;Super&quot; sequel di Pitfall! e Pitfall II: Lost Caverns. La missione di Harry: recuperare il famoso Raj Diamond, e anche salvare sua nipote Rhonda e il fedele compagno di leone, Quickclaw. Ora armato di pistola, Harry deve navigare in circa 270 schermate di piattaforme d'azione a 8 bit. Lungo il percorso verranno raccolti oggetti di valore per aiutare la tua missione, ma attenzione: anche i pericoli abbondano, da serpenti e ragni a pietre che cadono e lava bollente!
Super Real Baseball '88 (Japan)	Questo titolo si è differenziato dagli altri giochi di baseball ottenendo il permesso dalla Professional Baseball Organization of Japan di utilizzare i nomi ufficiali delle 12 squadre di baseball giapponesi e dei loro giocatori. Questa era una caratteristica rivoluzionaria all'epoca. È stato anche il primo gioco a rappresentare uno stadio esistente con il suo vero nome, il Tokyo Dome, che era appena stato inaugurato poco prima dell'uscita del gioco. L'esterno e prima base Warren Cromartie, ex Montreal Expos e giocatore degli Yomiuri Giants al tempo, è stato scelto per promuovere il gioco.
Super Rugby (Japan)	Super Rugby è un gioco di rugby pubblicato per il Famicom da ZAP e TSS. Nonostante condivida il nome con il torneo internazionale della lega del rugby, Super Rugby, quest'ultimo è stato formato anni dopo l'uscita di questo gioco, quindi il nome è puramente coincidenziale. Inoltre, non va confuso con il gioco Super Rugby del 1994 per Super Famicom. Il gioco utilizza una prospettiva dall'alto del campo con le due squadre orientate verticalmente, e il giocatore può assegnare punti a varie statistiche prima di giocare una partita per concentrarsi su determinate aree del proprio stile di gioco. Le opzioni includono una partita esibizione &quot;Training&quot;, una partita &quot;League&quot; che mette il giocatore contro diverse squadre controllate dal computer, e una modalità &quot;Vs.&quot; per consentire a due giocatori umani di competere tra loro.
Super Spike V'Ball (USA)	Disponibile su Nes, Super Spike V' Ball è una simulazione di pallavolo. La particolarità del titolo è che offre 3 tornei, ognuno con una diversa modalità di difficoltà. Inoltre sono disponibili 4 squadre di doppio, ognuna con caratteristiche distinte dalle altre. Gli ambienti del software sono vari poiché potrai affrontare squadre in tutto il mondo, dal Brasile al Giappone passando per il Messico e l'Italia.
Super Spike V'Ball + Nintendo World Cup (USA)	Super Spike V'Ball / Nintendo World Cup era un gioco incluso nel Nintendo Entertainment System Sports Set. Il pacchetto includeva una console NES standard, quattro controller di gioco e l'adattatore multigiocatore Four Score. Il carrello includeva due giochi sviluppati da Technos: # Super Spike V'Ball, un gioco di beach volley due contro due in cui si giocava in un torneo, che si concludeva con il campionato del mondo. Il gioco supportava fino a quattro giocatori in una partita alla volta; # Nintendo World Cup, un gioco di calcio in cui tu (e un amico) hai scelto di rappresentare una squadra e hai giocato diverse partite fino a quando non hai vinto la Coppa del Mondo. Il gioco prevedeva poche o nessuna regola, il che significa che potevi colpire i tuoi avversari quanto vuoi, senza paura che l'arbitro si intromettesse. Entrambi i giochi erano compatibili con l'adattatore multiplayer Four Score NES incluso.
Super Sprint (Japan) (En)	Conversione del gioco arcade, Super Sprint è un gioco di corse per uno o due giocatori. Il gioco si svolge con una visuale dall'alto della pista. Le piste iniziano in modo semplice e diventano via via più complicate, e possono presentare ostacoli che vanno dai coni stradali ai tornado. Di tanto in tanto sulla carreggiata compaiono delle chiavi che, una volta raccolte, possono essere utilizzate al termine di una gara per potenziare l'auto con pneumatici migliori, una migliore accelerazione o una maggiore velocità massima.
Super Spy Hunter (USA)	Nell'anno 2525, le cose sono un disastro. politicamente. I terroristi guidati da qualcuno chiamato &quot;X&quot; vogliono attaccare le Nazioni Unite. La CIA ha il compito di scoraggiare gli attacchi. A tal fine, e poiché tutti i loro migliori agenti hanno fallito il compito, inviano un agente non ufficiale: tu, il Super Spy Hunter. Il Super Spy Hunter ha un'auto super spia. In realtà è un'auto ben armata che può trasformarsi in una barca o in un aereo nei momenti opportuni. L'azione è a scorrimento verticale veloce mentre il veicolo affronta ogni sorta di potente minaccia da parte di un nemico terrorista ben finanziato: auto, camion, elicotteri, ecc. Fortunatamente, ci sono molti potenziamenti da raccogliere lungo il percorso, sia difensivi che offensivi.
Super Star Force (Japan)	Nella dimensione Almanac, l'anno 2010 ha portato alla distruzione finale del pianeta malvagio Gordess da parte del pattugliatore spaziale Final Star. Tuttavia, questo non porta alla conclusione di ciò che è accaduto in passato e di come è nato il pianeta Gordess. Quindi ora tocca al comandante Ralph viaggiare nel tempo attraverso sei distinti periodi di tempo nel pattugliatore spaziale Neo Final Star e finalmente capire cosa ha causato esattamente la nascita di Gordess. Il gameplay prevede il volo in uno sparatutto a scorrimento verticale che sconfigge vari nemici per raccogliere pezzi del tempo. I pezzi di tempo possono essere spesi nei teletrasporti in modo che il giocatore possa viaggiare in periodi di tempo diversi e anche questi pezzi di tempo possono essere spesi nei negozi per acquistare attrezzature. Il giocatore può anche trovare edifici in cui entrare. Il gioco passa dall'essere uno sparatutto a scorrimento verticale a uno sparatutto isometrico di esplorazione di dungeon. L'obiettivo principale in queste aree è individuare una delle sette pietre del tempo.
Super Team Games (USA)	Super Team Games è un gioco a scorrimento laterale in cui due giocatori competono in gare su un percorso ad ostacoli. Il gioco utilizza il Nintendo Power Pad; per controllare il tuo personaggio sullo schermo dovrai correre sul posto sul Power Pad per far correre il tuo personaggio e saltare per farlo saltare. Nel gioco base devi correre e saltare verso il traguardo il più velocemente possibile. Sono disponibili alcune varianti di gioco aggiuntive, come la palla a pancia in giù (è necessario far rotolare una palla gigante attraverso il percorso ad ostacoli correndoci addosso), la camminata del granchio (arriva al traguardo camminando come un granchio!), l'acqua cross (l'acqua si trova sulla pista; se sbagli il salto e atterri in acqua devi nuotare per uscirne costandoti tempo prezioso), il bubble run (correre attraverso il percorso all'interno di una bolla gigante) o la gara di skateboard . Sono inclusi anche diversi giochi cooperativi, tra cui un tiro alla fune, una staffetta e una corsa a sei gambe.
Super Turrican (Europe)	Come altre voci della serie, Super Turrican per NES è un platform a scorrimento laterale in cui i giocatori esplorano grandi livelli pieni di oggetti nemici e aree segrete. Sono disponibili tre diverse armi potenziabili: multiple (a sparo), laser e a rimbalzo. Tenendo premuto il pulsante di fuoco si attiva un laser girevole utile per scoprire capsule di potenziamento nascoste. Nonostante porti lo stesso nome di uno dei suoi fratelli maggiori, Super Turrican per NES è basato su Turrican e Turrican II. Mentre alcuni livelli sono molto simili a quelli che si trovano in Turrican I e II (con solo lievi modifiche alla disposizione e ai tipi di nemici), altri sono completamente nuovi. Oltre al diverso/nuovo design dei livelli, ci sono altri cambiamenti degni di nota: tenendo premuto il pulsante di fuoco facciamo correre Turrican, non c'è più limite di tempo ai livelli, l'utilizzo della ruota energetica è illimitato e lo scudo non è più basato sul tempo, ma può sostenere un certo numero di colpi.
Super Xevious - Gump no Nazo (Japan)	Super Xevious è uno sparatutto in 2D di Namco e fa parte della serie Xevious. Xevious è conosciuto come uno degli sparatutto più duri e veloci in circolazione e Super Xevious è ancora più difficile e veloce! I nemici del primo gioco di Xevious sono tornati! Ma questa volta non sono soli. No, hanno portato con sé dei cattivi amici! Il tuo lavoro, come pilota di caccia, è spazzarli via! Distruggi tutto in vista! Alcune strutture di terra che devono essere distrutte sono nascoste e sono chiamate Cittadelle del Sole. Per localizzare queste strutture nascoste devi tenere d'occhio il mirino del bersaglio che lampeggerà quando passerà sopra le strutture. Super Xevious prende tutti i grandi elementi dell'originale Xevious e ha anche alcuni miglioramenti. Alcuni esempi di miglioramenti sono, ad esempio, l'opzione scudo e l'opzione di aggiornamento. Lo scudo ti protegge dalla morte immediata se vieni colpito durante un attacco. L'opzione di aggiornamento ti dà la possibilità di potenziare le tue bombe, laser e scudi.
Superman (USA) (Kemco)	In questo Jump'n Run vestirai i panni dell'Uomo d'Acciaio e dovrai liberare Metropolis dai criminali in diverse missioni. Inizi il gioco come Clark Kent, ma finché hai abbastanza energia, puoi trasformarti in Superman. Oltre a saltare e prendere a pugni, Superman può anche usare diversi super poteri come Heat Vision, X-Ray Vision (rende visibili alcuni nemici), due tipi di Super Breath (uno che congela alcuni nemici) e Super Flight che lo porta in luoghi diversi .
Superman (USA) (Proto) (Sunsoft)	In questo Jump'n Run vestirai i panni dell'Uomo d'Acciaio e dovrai liberare Metropolis dai criminali in diverse missioni. Inizi il gioco come Clark Kent, ma finché hai abbastanza energia, puoi trasformarti in Superman. Oltre a saltare e prendere a pugni, Superman può anche usare diversi super poteri come Heat Vision, X-Ray Vision (rende visibili alcuni nemici), due tipi di Super Breath (uno che congela alcuni nemici) e Super Flight che lo porta in luoghi diversi .
Swamp Thing (USA)	Swamp Thing è basato sull'omonimo DC Comics. Nelle profondità delle paludi della Louisiana, un dottor Holland è al lavoro su una formula di crescita per le piante. Il suo sponsor, tuttavia, ha idee diverse per la tecnologia e brucia il laboratorio. Il povero dottore viene bruciato e ricoperto di latte artificiale e all'interno delle paludi organicamente ricche di Bayou... diventa Swamp Thing. Il gioco è un gioco platform a scorrimento laterale. La cosa della palude può dare pugni (ma non schivare e dare pugni) e saltare a breve distanza. Saranno necessari potenziamenti della salute per mantenerlo in vita e inoltre è possibile trovare potenziamenti con la palla per dargli un'arma a proiettile.
SWAT - Special Weapons and Tactics (Japan)	SWAT: Special Weapons and Tactics è un gioco di ruolo sviluppato da Shouei e pubblicato da Toei Animation. Questo gioco è stato rilasciato solo in Giappone per Famicom e non è mai stato tradotto dalla lingua originale giapponese. Il giocatore prende il controllo di una squadra di cinque membri di speciali agenti antiterroristici mentre irrompono in un edificio in cui si sta verificando una situazione di ostaggio. Il loro obiettivo è eliminare i cattivi e liberare gli ostaggi. Le battaglie con uomini armati si svolgono in una tradizionale battaglia a turni in stile RPG
Sweet Home (Japan)	&quot;Sweet Home&quot; segue le gesta di cinque membri di un gruppo investigativo: Kazuo, Akiko, Taro, Asuka ed Emi. La famosa pittrice Mamiya Ichirou visse per molti anni in un palazzo isolato, e si dice che all'interno vi siano dei pregevoli affreschi. I nostri ricercatori decidono di scattare alcune foto degli affreschi. Tuttavia, entrando nella villa, appare una figura spettrale di Mamiya e li minaccia. Dopo questo, si ritrovano intrappolati nella villa. Gli eroi devono ora trovare una via d'uscita dalla villa, senza dimenticare gli affreschi per cui sono venuti e il destino di un precedente gruppo di ricerca scomparso in circostanze misteriose. &quot;Sweet Home&quot; è forse il primo esempio conosciuto del genere survival horror, creato dalla stessa compagnia che in seguito ha creato il famoso Resident Evil.
Sword Master (USA)	Sword Master racconta la storia di un mago malvagio in combutta con un demone mostruoso che ha osato rapire una damigella. Lo Sword Master è un cavaliere che cerca di salvare la bella dama e distruggere le persone e le creature malvagie nel castello in cui dimorano. È un gioco d'azione a scorrimento laterale di parallasse in cui il giocatore deve usare spada e scudo per combattere attraverso 7 livelli di gioco, dalla foresta, a una città maledetta, a più livelli della tana del castello del cattivo. Il giocatore incontrerà pipistrelli giganti, lupi, guerrieri scheletrici, cavalieri malvagi, maghi, uomini lucertola, gargoyle e altri feroci nemici nella sua ricerca. Lo Sword Master può brandire la sua spada, difendersi con il suo scudo e raccogliere potenziamenti che gli consentono di cambiare forma; per esempio, lo Sword Master può trasformarsi in un utilizzatore di magia e lanciare incantesimi offensivi.
Swords and Serpents (USA)	Nelle profondità dei sotterranei giacciono i leggendari tesori di rubino. Molte anime coraggiose hanno cercato di recuperarle; tutti hanno fallito. Non sapevano quanto sarebbero state futili le loro ricerche: hanno incontrato un orribile destino per mano di un orribile re serpente. Riuscirà il tuo gruppo di campioni a sconfiggere il drago e reclamare i tesori di rubini? O verrai sconfitto anche tu? Swords and Serpents è un gioco di ruolo in prima persona basato su party nella tradizione della Magia. Metti insieme una squadra di 4 eroi (tira i tuoi personaggi o usa semplicemente il gruppo pre-generato) da tre classi: guerriero, ladro e mago. Ti aspetta un dungeon di 16 livelli, pieno di armi, armature, incantesimi e altri oggetti preziosi. Attenzione, però: un assortimento di bestie e cattivi fantasy tradizionali ti aspetta!
Taboo - The Sixth Sense (USA)	Trasforma il Nintendo Entertainment System in un mazzo di tarocchi con Taboo: Il sesto senso. Scrivi una domanda tramite il controller e, dopo aver mescolato le carte, il gioco tenterà di prevedere il tuo futuro. Alcune fortune possono essere positive, offrendo ricchezza, fama e potere. Altre fortune potrebbero avvertire il giocatore di fare attenzione e usare cautela negli eventi futuri. Dopo che l'ultima carta è stata rivelata, il giocatore ha un'opzione per scegliere i propri numeri fortunati. Ovviamente, Taboo: The Sixth Sense è pensato solo per scopi di intrattenimento e dovrebbe essere preso come tale.
Tag Team Wrestling (USA)	Sei sfidato a eguagliare le incredibili abilità dei tuoi avversari... per ottenere il titolo nel World Super Championship di Tag Team Wrestling. Il lavoro di squadra e la resistenza sono le chiavi, mentre tu e il tuo partner vi fate strada attraverso le partite per il titolo alla ricerca della cintura. Attacca i tuoi avversari con Body Slams, Drop Kicks, Backbreakers, Flying Head Butts o addirittura lanciandoli fuori dal ring! Per vincere, è una spilla per contare fino a tre. Niente può eguagliare la super eccitazione mentre la folla esulta per questa mania sul tappeto. Preparati per il Tag Team Wrestling! Data East ti porta il realismo arcade a casa!
Taito Chase H.Q. (Japan)	In qualità di agente sotto copertura del quartier generale di Chase, il tuo compito è pattugliare le strade e rintracciare cinque criminali. Prima di iniziare, ti viene dato un briefing sulla missione che fornisce informazioni sul sospetto e sull'auto che guida. Quindi attraversi la città senza sbattere contro altre auto e raggiungi l'auto del criminale. Per arrestare i sospetti, devi continuare a sbattere contro la loro auto fino a quando non è più funzionante. E devi farlo entro un limite di tempo rigoroso. Non puoi permetterti di sbattere contro auto o edifici o perdi tempo a rimetterti in viaggio.
Taito Grand Prix - Eikou e no License (Japan)	Taito Grand Prix: Eikou e no License è un videogioco di corse di Formula 1 del 1987 per Famicom, in esclusiva per il Giappone. Questo videogioco porta il giocatore attraverso circuiti di corse su strada casuali oltre ai vari circuiti della stagione di Formula 1 del 1987. Ci sono oltre quindici circuiti di stock car e otto circuiti di Formula 1. La modalità aperta consente al giocatore di esercitarsi su ogni percorso individualmente senza alcuna pressione da qualsiasi cosa oltre al limite di tempo. La modalità normale è più restrittiva; il gioco costringe il giocatore a vagare di città in città fino a quando non conclude la sua carriera vincendo un'intera stagione di Formula 1.
Taiyou no Yuusha - Fighbird (Japan)	Un tizio malvagio cerca di iniziare una guerra rubando tutto il petrolio. Scegli tra i piloti Kesota o Katori per fermarlo in questo sparatutto a scorrimento verticale. Il giocatore può passare da un veicolo all'altro durante il gioco. Carro armato, trapano, razzo, bombardiere, jet. Alla fine il mech Fire Bird viene aggiunto all'elenco. Ogni veicolo ha più armi che possono essere cambiate durante il gioco. intitolato all'episodio 2 della serie Brave, The Brave Fighter of Sun Fighbird. La serie Brave è stata animata da Sunrise e distribuita da Nagoya TV. Apparentemente &quot;Fightbird&quot; è davvero l'ortografia corretta in Giappone.
Takahashi Meijin no Bouken-jima IV (Japan)	Il maestro Higgins e la sua amante Tina si stavano divertendo con i loro amici dinosauri sulla pacifica Adventure Island. Un giorno, improvvisamente un'ombra sospetta apparve nel cielo e rapì uno dopo l'altro gli amici dinosauri. Gli animali dell'isola hanno subito il lavaggio del cervello dalle ombre sospette e il terreno dell'isola è stato completamente cambiato. Il maestro Higgins intraprende un'avventura per salvare i dinosauri rapiti e riportare la pace sull'isola. Adventure Island IV segna un notevole allontanamento dai giochi precedenti per quanto riguarda il gameplay, abbandonando il platform lineare in stile arcade a favore di un gioco più aperto e orientato all'esplorazione con elementi di gioco di ruolo leggeri, che somigliano più da vicino ai giochi successivi nel Monster World serie.
Takahashi Meijin no Bugutte Honey (Japan)	Basato su un anime con lo stesso nome, che presenta un cast di personaggi che include Takahashi Meijin, il personaggio principale ed eroe della serie Adventure Island, così come la riprogettazione della fata Honeygirl conosciuta come Bug-tte Honey (pronunciato Bugute). Nell'anime, Takahashi e Honey entrano in varie avventure insieme a tre normali scolari della Terra. Sebbene il gioco tragga ispirazione dall'anime (che a sua volta ha tratto ispirazione da Adventure Island), il gioco non segue necessariamente nessuno degli episodi dello spettacolo. Invece, il gioco si compone di quattro fasi. Nella prima fase, controlli Bug-tte Honey, che ha la capacità di volare sullo schermo. Alla fine della prima fase, Honey salva Takahashi distruggendo la gabbia in cui è tenuto prigioniero. Da quel momento in poi, il giocatore controlla Takahashi (chiamato Maestro Higgins nella versione USA/UE)
Takeda Shingen (Japan)	In questa simulazione di strategia di guerra, il giocatore prende il controllo del leggendario daimyo e del genio militare Shingen Takeda durante il periodo Sengoku del Giappone nel 16° secolo. L'obiettivo è unificare la nazione del Giappone sotto il dominio di Shingen. È stato sviluppato da Another e pubblicato da Hot-B e alla fine sarebbe stato seguito da un sequel, Takeda Shingen 2, nel 1989. Sebbene il sequel abbia ricevuto una versione statunitense (ribattezzata Shingen the Ruler), l'originale è rimasto una versione solo per il Giappone.
Takeshi no Chousenjou (Japan)	In apparenza, Takeshi no Chōsenjō (alias &quot;The Ultimate Challenge from Beat Takeshi&quot;) è un gioco di avventura a scorrimento laterale, in cui il personaggio del giocatore può vagare per le strade e gli edifici di Tokyo e, successivamente, delle isole del Sud Pacifico. È possibile parlare con varie persone e proprietari di negozi e attaccarli frequentemente se il giocatore lo desidera. Kitano ha incorporato nel gioco molte delle sue idee uniche e controverse. Ad esempio, il giocatore può picchiare un gangster della yakuza in un casinò pachinko e prendere i soldi della yakuza per scambiarli con dei premi. Il giocatore può usare un deltaplano per volare in una strana terra chiamata &quot;Red Country&quot; (un amalgama tra l'Unione Sovietica e la Germania nazista).
Takeshi no Sengoku Fuuunji (Japan)	è una simulazione di gioco da tavolo sviluppata per Famicom da Taito e pubblicata verso la fine del 1988. Ha come protagonista il comico giapponese diventato attore &quot;Beat&quot; Takeshi Kitano, apparso per la prima volta su Famicom nel gioco parodia Takeshi no Chousenjou. Simile al Game of Life, i giocatori si muovono su un tabellone guadagnando denaro e occasionalmente incontrando eventi come un minigioco - in cui il giocatore può aumentare la propria ricchezza in caso di successo - o una penalità. Il gioco ha un tema dell'era Sengoku che percorre tutto, dai suoi personaggi samurai al giocatore d'azzardo tatuato che tira un dado per determinare quanti posti un giocatore può muoversi sul tabellone in quel turno.
TaleSpin (USA)	Basato sul cartone animato Disney Talespin. La compagnia aerea cargo di Baloo, Higher for Hire, effettua consegne in tutto il mondo. I pirati dell'aria, guidati dall'audace Don Karnage, hanno aumentato i loro attacchi contro i viaggi aerei. Per sventare i piani dei pirati, Baloo scambia il suo aereo normale con un &quot;Mini Sea Duck&quot;, progettato per volare in modo più manovrabile. Per ricevere il suo carico in tempo, Baloo deve sorvolare molte aree pericolose e anche raccogliere qualsiasi carico rubato o disperso dai pirati aerei. Alla fine, la fortezza degli stessi pirati aerei deve essere distrutta affinché i viaggi aerei rimangano sicuri e redditizi.
Tamura Koushou Mahjong Seminar (Japan)	Conosciuto anche come 'Seminario Mahjong di Tamura Mitsuaki' Un gioco Mahjong approvato dal giocatore di Mahjong Tamura Mitsuaki.
Tanigawa Kouji no Shougi Shinan III (Japan)	Tanigawa Kouji no Shogi Shinan III (&quot;Kouji Tanigawa's Instructional Shogi III&quot;) è un gioco Shogi con numerosi tutorial e il terzo della serie presentata da Tanigawa Kouji, un vero esperto di Shogi. Dispone inoltre di diverse modalità di gioco, inclusa una in cui la scelta delle tessere da spostare è determinata da una slot machine. A differenza del suo predecessore immediato, che è stato rilasciato sia su MSX che su Famicom Disk System, Shogi Shinan III era un'esclusiva di Nintendo Famicom e non ha visto alcun port.
Tantei Jinguuji Saburou - Toki no Sugiyuku Mama ni (Japan)	Il quarto gioco della serie Jake Hunter / Tantei Jing?ji Sabur?, il secondo su una normale cartuccia Famicom e l'ultimo per Famicom. C'è un'irruzione in una villa, su cui Jake va a indagare. Manda la sua assistente Yulia Marks a cercare la casa di un ragazzo. Sebbene entrambi i casi sembrino semplici da soli, diventano più complicati quando diventano uno.
Tantei Jinguuji Saburou - Yokohamakou Renzoku Satsujin Jiken (Japan)	Detective Saburou Jinguuji: Yokohama Port Serial Murder Mystery) è un gioco di avventura e mistero sviluppato da Data East per Famicom nel 1988. È il secondo gioco della lunga serie Tantei Jinguuji Saburou, dopo Tantei Jinguuji Saburou: Shinjuku Chuuou Kouen Satsujin. Jiken. Nel secondo mistero, la ricerca di una ragazza scomparsa porta alla scoperta delle sue armi nascoste e la polizia inizia a sospettare un legame con un'organizzazione di trafficanti clandestini.
Tao (Japan)	Tao è un videogioco di avventura sul vivere la vita di un nomade che cerca l'illuminazione spirituale. Sulla strada per l'illuminazione, il giocatore vaga di città in città risolvendo missioni per vari personaggi non giocanti durante l'anno 1999. Lungo la strada, il personaggio dai capelli rossi sviluppa un alter ego chiamato Tao (che può essere evocato strofinando su uno speciale pezzo di pietra), deve impedire che si verifichi l'apocalisse portando a termine le missioni necessarie. I giocatori devono anche visitare le città fatte d'oro per completare il gioco. Ci sono anziani e gente comune fuori dal paese che danno consigli quando lasciano la città camminando sui binari della ferrovia. Un tempio buddista può essere esplorato vicino al punto di partenza del giocatore.
Target - Renegade (USA)	Mr. Big è tornato in città e questa volta ha catturato tuo fratello! È trattenuto al Big's Pig Pen che si trova nella parte alta della città. Il problema è che tutte le gang della città ti stanno cercando. Ora tocca a te battere le probabilità e salvare tuo fratello. Inizi il gioco armato solo di pugni e lungo il percorso troverai alcune armi aggiuntive come mazze da baseball o bidoni della spazzatura. Gameplay è un gioco d'azione a scorrimento laterale in stile arcade per un giocatore.
Tashiro Masashi no Princess ga Ippai (Japan)	Tashiro Masashi no Princess ga Ippai è un videogioco giapponese per Nintendo Famicom (NES) dell'ex comico Masashi Tashiro pubblicato in tempo per ottobre 1989. La storia parla dell'eroe Masashi Tashiro che deve salvare le quattro principesse in pericolo. Nel gioco sono stati utilizzati un lieto fine e quattro infelici finali; diventando uno dei primi videogiochi ad avere finali multipli. Il gioco non ha avuto molto successo, ma ha iniziato ad apparire frequentemente e ottenere prezzi elevati su siti di aste online come Yahoo! dopo il 2000, quando Masashi Tashiro è stato arrestato e condannato più volte per voyeurismo e abuso di droghe.
Tatakae! Chou Robot Seimeitai Transformers - Convoy no Nazo (Japan)	Probabilmente il primo gioco basato sui giocattoli Transformers, Convoy no nazo vede il giocatore nei panni di Ultra Magnus, che deve scoprire il segreto di Convoy (conosciuto come Optimus Prime nella maggior parte del mondo). Per scoprirlo, Ultra Magnus deve viaggiare attraverso una serie di mondi in stile piattaforma e combattere una serie di boss, che vanno dal Megatron, attraverso la serie combinata fino a un emblema Decepticon volante(!). Ultra Magnus inizia in modalità robot, dove può saltare lontano ma i suoi colpi viaggiano solo a metà dello schermo. Premi e Magnus si trasforma in un trailer. In modalità trailer, può passare sotto gli aerei e sparare verso l'alto. Quando un aereo viene abbattuto, si trasforma in un robot, che deve essere ucciso con il colpo rivolto in avanti. Successivamente, il gioco diventa più platform-oriented.
Tatakae!! Rahmen Man - Sakuretsu Choujin 102 Gei (Japan)	Tataka!! Ramen-Man: Sakuretsu Choujin 102 Gei è un gioco di avventura sviluppato da Human Entertainment per Famicom e pubblicato da Bandai nel 1988. È basato su Tatakae!! La serie Ramenman, che a sua volta è uno spin-off della serie Kinnikuman, conosciuta negli Stati Uniti come M.U.S.C.L.E.. Ramenman è un personaggio popolare nell'universo di Kinnikuman. Il gioco segue l'omonimo guerriero Ramenman mentre tenta di rintracciare gli assassini di suo padre e assicurarli alla giustizia con i suoi molti anni di addestramento nelle arti marziali. In particolare, questo gioco è il primo vero gioco di avventura punta e clicca per il sistema. Sebbene siano stati realizzati molti giochi di avventura per NES, come Portopia Renzoku Satsujin Jiken o Princess Tomato in the Salad Kingdom, sono in gran parte guidati dai menu. Ramenman è diretto utilizzando il cursore per selezionare un'area in cui camminare o con cui interagire, proprio come i classici giochi di avventura Sierra come King's Quest.
Tecmo Baseball (USA)	Tecmo Baseball è uno dei tanti giochi di baseball rilasciati per Nintendo Entertainment Systems. Ci sono cinque modalità in Tecmo Baseball: un giocatore, due giocatori, un giocatore Allstar, due giocatori Allstar e una modalità orologio. Nella modalità One Player scegli tra una delle quattordici squadre e sfidi ciascuna delle altre squadre. Una funzione di password ti consente di continuare da dove eri rimasto. Hai anche la possibilità di utilizzare la regola DH. Il gameplay è simile a molti altri baseball rilasciati per il NES. L'angolazione della telecamera durante la battuta o il lancio è da dietro il lanciatore. Il lanciatore può lanciare la palla in alto e in basso, oltre a curvarla. Tecmo Baseball include voci digitalizzate per l'arbitro.
Tecmo Bowl (USA)	Il gioco di football americano più popolare per la console NES, Tecmo Bowl mette il giocatore contro il computer in 11 giochi di azione playoff a eliminazione diretta, oppure puoi sfidare un avversario umano in modalità azione o allenatore. Ci sono 12 squadre di giocatori NFL reali (circa 1988) tra cui scegliere, ma non cercare loghi o mascotte ufficiali delle squadre NFL come Bears o Dolphins: Tecmo Bowl ha la NFLPA ma non la licenza NFL. La prospettiva di gioco è dall'alto e lo schermo scorre orizzontalmente. La grafica dei giocatori è ampia e colorata, il che è possibile limitando il numero di giocatori a nove per squadra. Le scene animate vengono mostrate dopo i touchdown e all'intervallo, e la folla viene mostrata mentre riempie i sedili della endzone.
Tecmo Cup - Soccer Game (USA)	Robin Field ama il calcio. Aspira ad essere il miglior giocatore del mondo con l'aiuto di suo padre (che era il miglior giocatore) e di suo fratello minore Cecil. Dopo il successo della campagna del campionato nazionale, Robin continua la sua carriera nei &quot;Top&quot; che consistono dei migliori giocatori visti nel campionato nazionale. Tops partecipa alla Tecmo Cup, la Coppa del Mondo giovanile con i migliori giocatori di tutto il mondo. Tecmo Cup è un simulatore di calcio combinato con elementi RPG. Man mano che il gioco procede, Robin e i suoi compagni di squadra miglioreranno. Le feste stesse consistono in numerose scelte su cosa fare in un dato momento. Se stai attaccando, hai la possibilità di passare, tirare o dribblare. E quando stai difendendo, puoi attaccare, tagliare passaggi / tiri o marcare il giocatore avversario con la palla.
Tecmo NBA Basketball (USA) (NES-BK)	Questo gioco di basket è molto simile a Tecmo Super NBA Basketball con la differenza principale che sono i loro roster. Il gioco ha 27 squadre NBA con un elenco di 324 giocatori. Ogni giocatore ha una valutazione per la sua capacità di tiro, resistenza, potenza di salto, velocità di corsa, capacità di rubare e capacità di blocco. Il gioco consente le modalità pre-stagione e stagione. Nelle modalità stagionali, il gioco tiene traccia delle statistiche della squadra e dei giocatori durante la stagione. Puoi scegliere tra quattro modalità di gioco: Manuale, che ti permette di controllare una singola squadra; Coach, che ti consegna la chiamata (ma non la riproduzione vera e propria); Computer, che fornisce tutti i controlli al computer; e Skip, dove vengono pubblicati i risultati di un gioco al computer, senza che il gioco abbia mai avuto luogo. Il gioco permette anche di impostare il tempo dei quarti da due minuti a 12 minuti.
Tecmo Super Bowl (USA)	Tecmo Super Bowl è il seguito della sala giochi/simulazione di calcio NES Tecmo Bowl. Sebbene il gameplay di base dell'originale sia intatto, sono state aggiunte una serie di nuove funzionalità e miglioramenti. Le caratteristiche includono: 28 squadre/mascotte della NFL reali con giocatori della NFL reali (circa 1991), 11 giocatori in campo per squadra, sostituzioni dei giocatori, fumble, controllo migliorato su calci e punt, otto giocate tra cui scegliere durante le partite, playbook personalizzabili, arcade /opzioni di simulazione al computer/allenatore per uno o due giocatori, partite di pre-stagione/stagione regolare/Pro-Bowl, classifiche e classifiche delle squadre della stagione regolare, statistiche e classifiche dei giocatori della stagione regolare, boxscore di fine partita e 12 squadre playoff seguendo il formato NFL.
Tecmo World Cup Soccer (Europe)	Tecmo World Cup Soccer è una conversione per NES dell'originale arcade Tehkan World Cup. Alla base, è un semplice gioco di calcio con una vista dall'alto. È disponibile solo una modalità (Coppa del mondo), giocabile da un giocatore contro l'IA del computer o da due giocatori l'uno contro l'altro. Qualsiasi delle sedici squadre nazionali disponibili può essere selezionata dal giocatore; l'avversario non può essere scelto manualmente se controllato dall'IA. Il gioco stesso consente solo mosse di base come passaggi, tiri e scivolate laterali durante la difesa. Non sono disponibili strategie o gestione della squadra, né opzioni per le regole e le condizioni del gioco.
Tecmo World Wrestling (USA)	In Tecmo World Wrestling, scegli tra 10 lottatori immaginari e competi contro gli altri per l'ambito titolo &quot;Tecmo World Wrestling&quot;. Quando inizia la tua partita scoprirai di avere tutte le mosse dei professionisti. Puoi correre, arrampicarti sulle corde superiori, arrampicarti fuori dal ring, raccogliere il tuo avversario, lanciarlo oltre le corde, bloccarlo e fuggire da un blocco da solo. I lottatori, come &quot;The British Star&quot; Rex Beat e &quot;The Technician&quot; Dr. Guildo hanno un assortimento completo di mosse e prese di wrestling professionali come il Pile Driver, Shoulder Throw, Cobra Twist, così come il sempre popolare Slam the Guys Face Into the Metal Post. Prima di iniziare l'incontro selezionato, sarai in grado di rafforzare la forza del tuo lottatore con tre diversi esercizi. La parte inferiore dello schermo è dove l'energico annunciatore descrive cosa sta succedendo sul ring, mossa dopo mossa.
Teenage Mutant Ninja Turtles (USA)	Con April O'Neil tenuta in ostaggio dai teppisti di The Shredder, Bebop e Rocksteady, ancora una volta, tocca alle Tartarughe Ninja venire in suo soccorso! Gioca nei panni di tutti e quattro gli eroi delle tartarughe, salva April e poi salva il tuo sensei Splinter dalle grinfie delle Mecha-Turtles per poi inseguire The Shredder nelle viscere del Technodrome stesso.
Teenage Mutant Ninja Turtles - Tournament Fighters (USA)	Teenage Mutant Ninja Turtles: Tournament Fighters riprende la meccanica di giochi come Street Fighters e Mortal Kombat, dove il giocatore deve combattere gli avversari in lotte uno contro uno. Oltre alle quattro tartarughe, sono inclusi altri lottatori familiari: Casey Jones, Shredder e Hothead. Le tartarughe hanno perso le loro armi personali, e sono quindi limitate ad usare attacchi corpo a corpo e calci. Ogni personaggio possiede una serie di mosse speciali che possono essere utilizzate componendo varie combinazioni di tasti. Inoltre, ogni lottatore possiede una mossa &quot;palla di fuoco&quot;, attivabile dopo aver raccolto vari power-up che cadono nel campo di lotta di tanto in tanto. Il gioco include una modalità storia, in cui si seleziona una tartaruga come personaggio giocabile e si comincia a combattere contro altri lottatori fino ad arrivare a sconfiggere il Distruttore, e una modalità torneo, in cui si combatte solo per i soldi e la fama.
Teenage Mutant Ninja Turtles II - The Arcade Game (USA)	April O'Neil, l'amico reporter delle Teenage Mutant Ninja Turtles, viene rapito dal malvagio Shredder e dai suoi due scagnozzi, Bebop e Rocksteady. Le quattro tartarughe ninja: Raffaello, Michelangelo, Donatello e Leonardo si fanno strada tra orde di soldati a piedi per salvare April. Combattono nemici familiari come lo scienziato pazzo Baxter Stockman, il generale Traag della Dimensione X e il malvagio cervello alieno Krang, fino allo scontro finale con lo stesso Shredder.
Teenage Mutant Ninja Turtles III - The Manhattan Project (USA)	Questo è stato l'ultimo gioco Teenage Mutant Ninja Turtles a scorrimento laterale per NES. Ha seguito l'acclamato Turtles II più di un anno dopo e, a differenza del suo predecessore, non ha una controparte Arcade. Il terzo gioco della serie è fondamentalmente lo stesso del secondo. La storia e le fasi sono diverse, ovviamente, ma non ha molta importanza. Scegli la tua tartaruga preferita e uccidi quanti più soldati possibile del Foot Clan, combatti i boss e raggiungi Shredder in un gioco in stile Double Dragon. La grafica e il gameplay sono stati migliorati. E, se la scelta della tartaruga è dipesa solo dal gusto personale nel secondo gioco (dato che erano tutte uguali, in colori diversi), in questo terzo episodio hanno guadagnato mosse speciali individuali.
Tenchi o Kurau II - Shokatsu Koumei Den (Japan)	Il gioco è basato sul fumetto &quot;Tenchi o kurau&quot; di Hiroshi Motomiya, a sua volta basato sul romanzo &quot;Romance of the Three Kingdoms&quot; di Luó Guànzhong e segue la trama principale di eventi storici. Inizi il gioco nei panni di Liú Bèi, uno dei più grandi eroi cinesi, nella missione di ripristinare il potere della dinastia Han. Il sigillo imperiale fu rubato dalle ceneri di Luòyáng e Yuán Shù rivendicò il trono. Devi assicurarlo alla giustizia. Al servizio dell'imperatore della dinastia Han e di Cáo Cao, completi le missioni senza dimenticare la tua confraternita con Guan Yu e Zhang Fei. Viaggiando attraverso la Cina, puoi aggiungere eroi al tuo gruppo e incontrare diversi avversari, dove il combattimento scorre. Il potere dei membri del gruppo è stimato in migliaia di persone.
Tenka no Goikenban - Mito Koumon (Japan)	Ruota attorno alla figura storica giapponese Mito Koumon che, da governatore in pensione, viaggiò attraverso il Giappone per osservare altri distretti. Ovunque abbia indagato, ha trovato abitanti locali che stavano riscontrando qualche problema o osservando una qualche corruzione nel governo locale. Mito Koumon avrebbe quindi indagato sulla situazione, travestito da cittadino comune, solo per esporre sia la corruzione che la sua vera identità quando il mistero fosse stato completamente risolto. Così facendo, migliorerebbe la vita degli abitanti del luogo, per poi trasferirsi in un altro quartiere per cercare altri problemi. Il gioco è stato rilasciato solo in Giappone e non è mai stato tradotto in inglese. Aveva un seguito: Mito Koumon II: Sekai Manyuuki.
Tenkaichi Bushi - Keru Naguuru (Japan)	Tenkaichi Bushi è un gioco di combattimento di arti marziali uno contro uno ambientato nell'antica Cina. Usando la grafica 2D a scorrimento laterale con un distinto design da cartone animato, il giocatore prende il controllo di un singolo combattente mentre tenta di sconfiggere il suo avversario in combattimenti a round singolo. Il combattimento è controllato con un singolo pulsante di attacco che può scatenare tutti i tipi di mosse se premuto insieme alle frecce direzionali. Queste mosse variano tra ogni combattente, poiché i giocatori possono scegliere tra 15 diversi combattenti, ognuno con le proprie statistiche e mosse, e quindi competere contro gli altri per vedere chi ottiene l'onore di diventare un grande maestro.
Tennis (Japan, USA) (En)	Il tennis è, come suggerisce il nome, la versione Nintendo dello sport per Game Boy. Un giocatore contro computer o due giocatori si sfideranno nel tennis in una serie di regole più o meno standard (punteggio, set, ecc.). I giocatori sono controllati dai pulsanti di movimento, ma mentre il pulsante A indica un colpo basso, il pulsante B indica uno alto. Puoi scegliere tra quattro livelli di intelligenza artificiale per computer o due giocatori tramite cavo di collegamento Game Boy.
Terao no Dosukoi Oozumou (Japan)	Terao no Dosukoi Oozumou (&quot;Terao's Big Thud Sumo&quot;) è un gioco di sumo per Famicom approvato dal lottatore di sumo professionista Terao Tsunefumi, che aveva raggiunto il grado sekiwake (il terzo più alto) lo stesso anno in cui questo gioco è stato rilasciato. I giocatori nominano il proprio lottatore di sumo e competono in una serie di partite, la loro stazione migliora o diminuisce a seconda del record di vittorie/sconfitte. La modalità storia consiste nel camminare su una mappa del mondo, parlare con gli NPC e entrare in incontri casuali con altri lottatori, portando a partite improvvisate.
Terminator 2 - Judgment Day (USA)	Terminator 2: Il giorno del giudizio è basato sull'omonimo film. Il giocatore assume il ruolo del Terminator T-800 e deve proteggere John Connor dall'essere terminato dal Terminator T-1000. Il gioco è impostato su cinque livelli con i seguenti obiettivi: 1. Livello 1: acquisisci un'arma. Livello 2: un percorso isometrico su una motocicletta in cui il giocatore deve superare un'autocisterna che lo sta inseguendo. Questa fase è stata omessa dalla versione Game Gear. Livello 3: individua e salva Sarah Connor dal manicomio di Pescadero. Livello 4: piazza cariche esplosive per distruggere l'edificio Cyberdyne. Livello 5: Sconfiggi il T-1000 all'interno dell'acciaieria.
Terminator, The (USA, Europe)	Terminator segue vagamente la trama del film di Arnold Schwarzenegger del 1984. Il gioco inizia nel futuro, dove l'eroe Kyle Reese deve combattere in un futuro post-apocalittico per tornare indietro nel tempo alla Los Angeles del 1984. Una volta lì, deve avanzare attraverso vari checkpoint come delineato dalla trama principale del film: trova Sarah Connor, sparatoria alla stazione di polizia e il climax in fabbrica. I livelli principali del gioco consistono in salti a scorrimento laterale e azioni di tiro. Tra i livelli ci sono inseguimenti in auto in cui Terminator tenta di investirti mentre corri verso la tua prossima destinazione.
Terra Cresta (USA)	Nel seguito di Moon Cresta, un pianeta ben custodito viene invaso. Dovrai fare una serie di passaggi sul paesaggio, sparando a torrette di terra e alieni. Le basi numerate rilasciano potenziamenti quando vengono sparati: questi possono essere utilizzati in combinazione o (premendo la barra spaziatrice) in modalità Formazione, coprendo una gamma più ampia di posizioni di tiro. Ogni passaggio sul pianeta termina con un boss; la terza e ultima con un boss che può essere ucciso solo se sei alla massima potenza. La morte ti riporta all'inizio del mondo.
Tetrastar - The Fighter (Japan)	Tetrastar The Fighter è uno sparatutto 3D di Home Data e pubblicato da Taito. Nell'anno 2089, l'umanità stringe un'alleanza con l'impero intergalattico di Baal, ma presto la Terra scopre le vere intenzioni dell'alieno. Un gruppo di resistenza assembla il progetto Tetrastar per prepararsi alla potenziale minaccia imminente. Ma il progetto guidato dal generale Nelson viene presto sospeso e si stabilisce una pace di breve durata. Ma l'intera faccenda non è altro che un'invasione ostile e l'impero di Baal alla fine rompe l'alleanza e attacca la Terra. La prima missione del giocatore è impedire la distruzione di New York e poi recuperare Omega, il fedele navigatore robotico, per entrare nel mondo madre dell'alieno
Tetris (Bulletproof) (Japan) (En)	La versione di Tetris rilasciata in Giappone per Famicom è notevolmente diversa dalla versione di Tetris rilasciata per NES nel resto del mondo. Sviluppato dalla società di Henk Roger Bullet Proof Software, mantiene l'insolito schema di controllo che lo rende una delle conversioni meno apprezzate di Tetris per l'hardware (inclusa la versione Tengen senza licenza). Oltre ai controlli, questa versione di Tetris è anche unica per avere &quot;vite&quot; che il giocatore deve esaurire prima che il gioco finisca. Il giocatore è tenuto a completare 25 righe prima di passare al livello successivo.
Tetris (USA)	Questa versione di Tetris è una delle tante conversioni del famoso gioco block-stacking, nonché la versione più conosciuta (ma non l'unica) sulla prima console domestica di Nintendo. L'obiettivo è posizionare i pezzi formati da quattro tessere in un pozzo dieci per venti, organizzandoli in file complete, che scompaiono. Quando le file vengono cancellate, il ritmo del gioco aumenta e il gioco termina se lo stack raggiunge la cima del pozzo. Il gioco offre due diverse modalità di gioco, &quot;Tipo A&quot; e &quot;Tipo B&quot;. &quot;Tipo A&quot; è una modalità infinita standard, in cui la velocità del gioco aumenta ogni dieci righe, con un'opzione per il livello iniziale all'inizio del gioco. &quot;Tipo B&quot;, d'altra parte, è una corsa per cancellare 25 linee, con opzioni sia per la velocità di caduta che per l'inizio della spazzatura. In entrambe le modalità, il successo del gioco viene ricompensato con simpatiche animazioni. Ci sono anche tre diverse canzoni di sottofondo tra cui scegliere.
Tetris 2 (USA)	A differenza del Tetris originale, Tetris 2 ti fa liberare il campo dai blocchi in un modo diverso. Ogni campo di gioco inizia con punti colorati diversi (in questo caso neri, grigi e bianchi), con uno di ogni colore lampeggiante. I blocchi sono costituiti dagli stessi tre colori e, facendo corrispondere i blocchi dello stesso colore sopra o a lato del punto, il punto e quei blocchi verranno cancellati dallo schermo. Se si cancella un punto lampeggiante, tutti i punti corrispondenti dello stesso colore verranno cancellati. Per completare il round, elimina i punti, non i blocchi stessi.
Tetris 2 + Bombliss (Japan) (En)	Tetris 2 + BomBliss è una delle tante versioni del famoso puzzle game sovietico. Ci sono, naturalmente, due varianti presenti su questa cartuccia: il normale Tetris con diverse modalità, oltre a un nuovo gioco chiamato BomBliss. È inclusa anche una versione da battaglia per due giocatori del normale Tetris. nnLa modalità Tetris include tre tipi di gioco. Il primo è A-Type, che è una modalità infinita standard che aumenta continuamente il ritmo fino a quando il giocatore non perde. Il prossimo è B-Type, che è una corsa a 25 linee in condizioni sempre più difficili. L'ultimo è il tipo C, che è simile al tipo A, ma aggiunge una pila di spazzatura in continua crescita che appare dal fondo del pozzo. nnBomBliss è leggermente diverso dal normale Tetris. In ogni fase, il pozzo viene riempito con uno schema preimpostato di blocchi e bombe. Il completamento di una riga, a differenza di Tetris, non la cancellerà. Tuttavia, attiverà tutte le bombe all'interno della linea completata, che possono quindi distruggere i blocchi. L'obiettivo è ripulire l'intero pozzo dai blocchi.
Tetsudou Ou - Famicom Boardgame (Japan)	Questo è un gioco da tavolo in cui 4 giocatori giocano come vagoni ferroviari. L'obiettivo del gioco è acquisire più risorse e superare il più possibile i punti di destinazione in competizione con gli altri giocatori. nnEcco una traduzione inglese completa per il gioco, Tetsudou Ou: Famicom Boardgame per il sistema famicom!nnnnOra puoi divertirti con questo piccolo e divertente gioco da tavolo in cui fino a 4 giocatori competono l'uno contro l'altro per possedere il maggior numero di ferrovie, avere più soldi e raggiungere le tue destinazioni!nnnnInsieme al lavoro di RG-Soft siamo stati in grado di completare questo progetto e ottenere il 98% se il gioco è stato completato. Solo alcuni nomi sulla mappa del tabellone appariranno glitch a causa di problemi di codice, ma non ostacolerà in alcun modo il gioco. Ci auguriamo che questo ti piaccia!
Tetsuwan Atom (Japan)	Il gioco ha come protagonista Tetsuwan Atom, un popolare personaggio dei primi anime che è meglio conosciuto come Astro Boy al di fuori del Giappone. Tetsuwan Atom è stato originariamente creato nel 1951 da Osamu Tezuka. La serie di successo è iniziata come un fumetto ed è stata trasformata in una serie animata in bianco e nero nel 1963. È stata una delle prime (se non la prima) serie TV animata prodotta in Giappone e ha influenzato innumerevoli serie animate giapponesi che sono seguite. Il ragazzino robot è uno dei personaggi più riconoscibili del Giappone. La storia si svolge nel futuro, in un momento in cui umani e robot convivono in armonia. Il potente ragazzo-robot Atom vive con il professor Ochanomizu, un vecchio scienziato che si prende cura del piccolo robot e lo aiuta a combattere il crimine e l'ingiustizia. Un giorno, dei ladri irrompono nel laboratorio del professor Ochanomizu e rubano tutti i suoi soldi. Ora è compito di Atom recuperare il bottino rubato.
Thexder (Japan) (En)	Uno sparatutto a piattaforme dal Giappone, Thexder offre molti livelli e diversi nemici che aumentano gradualmente di difficoltà. Piloti un robot in stile Battletech in grado di passare da un 'mech a un jet in qualsiasi momento. La tua arma mira automaticamente, ma consuma una quantità fissa di energia ricaricabile; se esaurisci questa energia, dovrai attendere alcuni secondi prima di poter sparare di nuovo. Il tuo 'mech contiene anche uno scudo che può essere attivato per proteggerti dai danni, ma questo dura per alcuni secondi e consuma parte della tua energia vitale.
Thomas the Tank Engine & Friends (USA) (Proto)	Fai un viaggio all'isola di Sodor con Thomas, Percy, Bertie, Sir Topham Hatt e altri amici dello show di successo della PBS, SHINING TIME STATION. Ti aspettano otto diverse avventure, poiché il gioco ti consente di esplorare l'intera isola su una rete di vari binari. Puoi persino progettare i tuoi corsi personalizzati per i viaggi di Thomas e compagnia! In modalità Gara, giochi nei panni di Thomas contro Percy o Bertie per mettere alla prova la tua velocità. I giocatori più giovani troveranno assistenza nella modalità Speciale e Sir Topham Hat è pronto a porre alcune domande complicate a tutti durante il gioco. Ci sono molti video enigmi da decifrare e molti indizi da scoprire in questa simpatica raccolta di giochi per i più giovani.
Three Stooges, The (USA)	Stelle della televisione e del cinema, e ora stelle del proprio videogioco. Unisciti a Moe, Larry e Curly (in nessun ordine particolare) che devono raccogliere $ 5000 per cercare di salvare un orfanotrofio e i bambini piccoli che vivono lì dal malvagio banchiere, il tutto tenendo la torta lontana dalla loro faccia. Caratterizzato da design a livello di piattaforma basati sulle scene classiche di Stooge dei loro numerosi episodi TV e film e obiettivi di livello che rivivono molte delle loro buffonate, più voci originali di Stooge e curiosità su Stooge.
Thunder & Lightning (USA)	Thunder & Lightning è un gioco rompi mattoni con due personaggi Mr. Chin e Thunder Warrior. Tu controlli Mr. Chin che porta la barra che gli servirà per mantenere la palla in gioco per distruggere tutti i mattoni di ogni livello.
Thunderbirds (USA)	Thunderbirds on Nes è un gioco d'azione in cui giochi nei panni della famosa squadra dell'omonima serie televisiva. Un alieno di nome Hood ti invita a consegnare i Thunderbird, questi futuristici veicoli di soccorso, entro 60 giorni. Questo è esattamente il tempo necessario per trovare le fonti di energia di Hood, pilotando i 5 jet della famiglia Tracy, in tutto il mondo.
Thunderbolt Fighting Plane (World) (QUByte Classics)	Lei Dian II: Thunderbolt Fighting Plane è uno sparatutto senza licenza.
Thundercade (USA)	Il terrorismo ha raggiunto nuove vette. L'AATOM (Atomic Age Terrorist Organization of Miracali) ha costruito la propria centrale nucleare e minaccia il mondo con il terrore atomico. Le potenze mondiali hanno deciso di avviare l'operazione THUNDERCADE per fermare l'AATOM. Equipaggiato con una moto da combattimento ad alte prestazioni, cannoni sidecar e supportato da un bombardiere B-7 di precisione, parti per la pericolosa missione.
Tiger-Heli (USA)	Tiger Heli è il nome del tuo elicottero, secondo la scatola il risultato di un progetto di difesa da miliardi di dollari e forgiato da metallo ebano e cromo scintillante. Il tuo obiettivo è sconfiggere il paese di Cantun, che è gestito da terroristi ed è diventato completamente affamato di potere con l'obiettivo di conquistare il mondo intero. nnStai sparando a carri armati, navi, portaerei e treni mentre voli verso l'impenetrabile base militare. Spari alle casse per ottenere i pickup. Se spari alla cassa quando è verde ottieni un pickup bomba, se spari quando è rosso ottieni un mini elicottero che si attacca a uno dei tuoi lati sparando lateralmente e se spari quando è bianco ottieni un mini elicottero che spara in avanti. Se spari a 10 casse a forma di diamante giallo, ottieni una vita extra.
Time Diver - Eon Man (USA) (Proto)	Terra, 60 anni nel futuro. Il mondo è virtualmente libero dal crimine grazie al Clear System inventato da Kane Nelson, straordinario scienziato. Cioè, fino a quando un'organizzazione segreta chiamata Romedrux decide di sfidare il sistema scatenando una piaga del crimine. Affinché abbiano successo, dovranno impedire che il Clear System venga mai inventato, il che significa eliminare Kane oi suoi antenati. Los Angeles, 1993. Dan Nelson pensava di essere uno studente normale che viveva a Los Angeles fino al giorno in cui si trovò sotto l'attacco dei guerrieri Romedrux. Durante l'attacco, Dan viene a sapere del suo futuro figlio, Kane, e giura di proteggere il passato, il presente e il futuro della sua famiglia. È una corsa nel tempo in questo nuovo thriller fantascientifico di Taito!
Time Lord (USA)	In questo gioco interpreti il ruolo di un signore del tempo che deve viaggiare nel tempo per impedire agli alieni che viaggiano nel tempo di cambiare la storia della terra. Il gioco prevede di combattere gli alieni vestiti come le persone dei vari periodi di tempo in cui ti trovi. Le armi a tua disposizione variano a seconda del momento in cui ti trovi. Per viaggiare in un altro fuso orario devi trova 5 sfere che sono accuratamente nascoste in ogni livello e richiedono un po' di risoluzione di enigmi e salti di piattaforme per raggiungerle. Il tempo in questo gioco scorre molto velocemente e hai solo fino all'anno 3000 per completare il gioco, altrimenti il mondo esploderà.
Time Zone (Japan)	Oh no! Sulla strada per incontrare la tua ragazza Haruka, il nostro intrepido piccolo eroe è caduto in un'imboscata da quel malvagio malvagio viaggiatore nel tempo, il Professor Time. Ora è il momento di unirsi a lui mentre attraversa il tempo e lo spazio per salvarla dalle sue grinfie malvagie. nnIn questo gioco d'azione corri e salta, ti ritroverai catapultato ovunque dalla preistoria al lontano futuro e viceversa, a sconfiggere qualsiasi cosa, dai dinosauri ai samurai agli alieni solo per riaverla. nnLa tua arma principale: il tuo cappellino da baseball sempre robusto. Basta lanciarlo in avanti e lasciarlo semplicemente indietro o saltare mentre torna indietro per farlo volare intorno a te per un breve lasso di tempo. E se sei abbastanza fortunato da raccogliere abbastanza rintocchi, sarai testimone dell'incredibile potere distruttivo e dell'invincibilità dello skateboard.
Times of Lore (USA)	Un semplice gioco di ruolo d'azione che segue le avventure di un giovane guerriero (forte barbaro, cavaliere corazzato o veloce valchiria) per aiutare un regno indebolito da varie minacce e per recuperare manufatti speciali che un tempo rendevano forte il regno. nnIl gameplay consiste nel muovere il tuo personaggio in tempo reale attraverso vari terreni, come foreste, città e dungeon. Il giocatore raccoglie oggetti di base, come salute e pozioni magiche, e armi sempre più potenti man mano che avanzi nella storia. Le conversazioni vengono gestite tramite frasi chiave. Anche il combattimento è in tempo reale, contro alcuni tipi di creature (scheletri, orchi, ladri) di cui possono esserci vari gusti.
Tiny Toon Adventures (USA)	Questi Tiny Toon hanno grossi problemi. Giusto. L'arcinemico di Acme Acres, Montana Max, ha rapito il sempre così popolare Babs Bunny. Ora il destino della femmina pelosa è nelle zampe di Buster Bunny e dei suoi amici combattenti contro il crimine: Dizzy Devil, Furrball e Plucky Duck. Quattro amici stravaganti con il loro talento speciale. Buster può rimbalzare sui cattivi con i migliori. Furrball usa i suoi artigli felini per arrampicarsi sui muri. Dizzy Devil preferisce girarci intorno. E Plucky può planare nell'aria e nuotare come un pesce. Scegli quale partner vuoi all'inizio di ogni livello prima di affrontare il tempo e le sciocchezze andate a male in 6 pazzi paesi delle meraviglie. Quindi è meglio che salti o saranno le tende per i nostri amici giocosi!
Tiny Toon Adventures - Cartoon Workshop (USA)	LUCI! TELECAMERA! AZIONE!nnSEI IL DIRETTORE DEI TUOI FUMETTI. nnOra puoi fare di più che guardare i cartoni animati di Tiny Toon Adventures in TV. Puoi crearne uno tuo! Con Tiny Toon Adventures Cartoon Workshop è facile, è divertente e non è necessaria una laurea presso la Acme Animation School. Basta selezionare un personaggio, l'ambientazione, l'azione, oltre a musica, effetti sonori e dialoghi. Quindi salva le tue creazioni di cartoni animati su videocassetta con il tuo videoregistratore e preparati a organizzare il tuo festival di animazione!
Tiny Toon Adventures 2 - Trouble in Wackyland (USA)	Buster Bunny riceve un invito per un parco divertimenti di recente apertura. Accetta volentieri, ignaro del fatto che questo invito è una trappola. Ora lui e i suoi amici devono superare tutti gli ostacoli e sopravvivere nel Paese dei Morti... nn&quot;Trouble in Wackyland&quot; consiste in diversi minigiochi che puoi completare senza un ordine particolare. Devi raggiungere il motore di un treno in un normale platform a scorrimento laterale, mantenere l'equilibrio su una tavola di legno mentre ti immergi in pericolose cascate, competere in un torneo di macchinine, ecc. Una volta che avrai ottenuto abbastanza biglietti, potrai accedere al Castello, che è in piedi dietro il parco divertimenti.
Titan (Japan)	Titan è un gioco arcade 2D / puzzle game ibrido. Per qualche ragione, i professori pazzi del futuro tendono a inventare strani giochi di intrattenimento in cui ogni partecipante muore.
Titan Warriors (USA) (Proto 1)	Titan Warriors è uno sparatutto annullato sviluppato da Capcom per NES / Famicom, nel 1988. Il gioco doveva essere un sequel di Vulgus, uno sparatutto arcade sviluppato e pubblicato da Capcom in Giappone nel 1984.
TM Network - Live in Power Bowl (Japan)	TM Network: Live in Power Bowl è un gioco per computer per famiglie Nintendo per soli giapponesi con il gruppo J-Pop TM Network. La canzone usata come musica di sottofondo è &quot;Come On Everybody&quot; dal loro album Carol -A Day In a Girl's Life 1991- (usando il chip audio a 8 bit del Family Computer). È interessante notare che il gioco utilizza il motore sonoro Atlus NES di Tsukasa Masuko.
To the Earth (USA)	Nell'anno 2050 la Terra è stata attaccata dai malvagi Raggosiani ed è tuo compito salvare il pianeta! Dovrai pilotare la tua nave, The Tempest, sui pianeti Urano, Saturno, Giove e Terra per recuperare alcuni minerali che possono essere usati per combattere i Raggosiani. Tuttavia, i Raggosiani cercheranno di impedirti di raggiungere queste destinazioni, quindi devi usare lo zapper Nintendo per contrattaccare. Numerose (e molto veloci!) navi nemiche voleranno sullo schermo e tenteranno di distruggere la tua nave. Devi sparare alle navi e ai missili in arrivo prima che la tua nave subisca troppi danni. Di tanto in tanto una cometa volerà e se la spari si formerà una barriera temporanea che proteggerà la tua nave dal fuoco nemico. Occasionalmente puoi anche guadagnare una bomba intelligente che appare nella parte inferiore dello schermo e distrugge tutti i nemici se viene colpito. Ogni livello termina con un grande boss che richiederà più colpi per essere distrutto.
Toki (USA)	L'eroe del gioco è un giovane uomo della giungla di nome Toki. Un giorno il malvagio mago Dr. Stark rapisce la sua ragazza Wanda. Quando Toki cerca di salvarla, si trasforma in una scimmia! Ora Toki deve trovare il dottor Stark nel suo palazzo, salvare Wanda e diventare di nuovo un essere umano! È un gioco platform con molti livelli diversi: giungla, sott'acqua, grotte vulcaniche, sul ghiaccio... Le uniche armi di Toki sono sputare sui nemici o saltarci sopra e schiantarli. Ci sono molte possibilità per potenziare la sua &quot;arma&quot; sputante; per esempio, se trova un aggiornamento, può sputare palle di fuoco. Questo gioco è stato convertito da una versione arcade precedente.
Toki no Tabibito - Time Stranger (Japan)	Toki no Tabibito: Time Stranger è un gioco di avventura testuale illustrato graficamente sviluppato per Famicom e pubblicato da Kemco alla fine del 1986. Toki no Tabibito si traduce in &quot;viaggiatore spazio-temporale&quot;. Il gioco è basato su un film d'animazione uscito anch'esso alla fine del 1986. Nel film, Agino Jiro fugge dal mondo dispotico del venticinquesimo secolo rubando una macchina del tempo. È stato costretto a rubare un'auto da utilizzare come fonte di alimentazione nel ventesimo secolo e porta accidentalmente un gruppo di studenti delle scuole superiori insieme al loro insegnante. Fanno brevi soste durante il bombardamento di Tokyo, la rivoluzione Meiji e la battaglia di Sekigahara per sfuggire all'agente della Time Patrol inviato per dar loro la caccia. La loro destinazione finale è il 1582, dove diventano ospiti di Oda Nobunaga, appena quattro giorni prima del suo assassinio. Quindi devono prendere una decisione difficile se cambiare o meno la storia.
Tokoro-san no Mamoru mo Semeru mo (Japan)	Con la celebrità giapponese &quot;Tokoro-san&quot; come protagonista, questo è un semplice gioco di salto e corsa. Per salvare un bambino, Tokoro-san deve attraversare Tokyo, armato solo di una pistola ad acqua. Dei simpatici personaggi che sembrano creature fantastiche gli corrono incontro e devono essere abbattuti. Altri escono da buchi nel terreno sotto piattaforme che crollano, e alcuni mostri, quando vengono colpiti, scappano da Tokoro-san e investono tutti i mostri sul loro cammino. Sparare con la pistola esaurirà la riserva d'acqua, riducendo la portata dei colpi. Lasciare i nemici da soli quando possibile è quindi una buona strategia. Quando Tokoro-san entra in una casa, deve essere affrontata una battaglia con un boss prima che possa scegliere un percorso per altri distretti della città. Quando il giocatore viene colpito troppe volte dai mostri, o la pistola ad acqua finisce l'acqua, il gioco finisce.
Tom & Jerry - The Ultimate Game of Cat and Mouse! (USA)	Questo gioco è molto simile a Rescue Rangers di Chip & Dale. Tom ha fatto un pisolino al nipote di Jerry, Tuffy, e lo ha rinchiuso in un baule in soffitta. Tu e il tuo piccolo amico peloso Jerry dovete precipitarvi, saltare e arrampicarvi dal seminterrato su tutti i livelli della casa per salvarlo in tempo. La principale difesa di Jerry è la sua scorta illimitata di biglie. Raccogli altri oggetti come gomma da masticare, mannaia, tazze d'acqua, palline di naftalina, martello, inchiostro invisibile e trapano per superare i nemici e gli ostacoli sulla tua strada. Assicurati di superare in astuzia Tom ogni volta che appare. Cerca i potenziamenti del formaggio e le fasi bonus del buco del mouse lungo il percorso.
Tombs & Treasure (USA)	Durante l'esplorazione dell'America Centrale, il professor Ime è scomparso. Si sapeva per l'ultima volta che sarebbe andato alla tomba Maya di Chichen Iza. Guidi due ragazzini nella loro ricerca del professore. Questa è un'avventura punta e clicca. I pulsanti direzionali spostano un puntatore sullo schermo. Sarai in grado di interagire con elementi e interruttori dopo aver scelto da un elenco di parole chiave come: guarda, usa e ottieni. La funzione di salvataggio utilizza le password per continuare i tuoi progressi.
Top Gun (USA)	Top Gun è un gioco d'azione/simulazione su NES. Prendendo la famosa licenza Top Gun, questo gioco ti offre pericolose missioni aeree. Armato di missili e cannoni, devi trionfare sui tuoi avversari, prestando attenzione alla velocità e all'altitudine.
Top Gun - The Second Mission (USA)	Top Gun: The Second Mission su NES è un simulatore di pilotaggio di aerei da combattimento basata sull'universo del film. Controlli l'F-14 Tomcat da una visuale della cabina di pilotaggio e devi distruggere assolutamente tutto sul tuo cammino tranne la tua pista di atterraggio. Sono presenti anche altre 2 modalità, tra cui uno schermo diviso Versus contro un altro giocatore.
Top Rider (Japan)	Top Racer è un gioco di corse motociclistiche da una prospettiva dietro la moto. Il giocatore può scegliere tra due modalità: Grand Prix, in cui il giocatore partecipa a diverse gare consecutive e Touring, in cui il giocatore può scegliere uno dei quattro percorsi per una singola gara. Il gioco si distingue per la sua periferica insolita: una motocicletta gonfiabile con uno speciale controller del manubrio integrato. Il giocatore può sedersi sulla periferica una volta gonfiata completamente e utilizzare il manubrio per controllare la bici sullo schermo.
Top Striker (Japan)	Essendo l'unico titolo basato sul TV Anime Moero! Top Striker, il gioco si gioca con una prospettiva sinistra-destra. A differenza di qualsiasi altro gioco di calcio comune dell'epoca, è possibile controllare solo un singolo calciatore (giocatore fuoriclasse) che possiede un tiro speciale. Le squadre sono basate su squadre di calcio italiane. Questi includono Napoli e Milan, per esempio. Ci sono anche squadre nazionali come Inghilterra, Germania e Italia.
Total Recall (USA)	Basato sull'omonimo film di Schwarzenegger del 1990, Total Recall per NES generalmente aderisce alla trama del film attraverso i suoi nove livelli. A differenza delle varie iterazioni per PC, questo titolo è stato creato da Interplay e pubblicato da Acclaim. I giocatori controllano Doug Quaid mentre salta su una piattaforma attraverso la Terra e Marte alla ricerca dei suoi ricordi rubati e dei responsabili. Un gruppo di poliziotti, soldati e creature cercherà di fermarlo. L'attacco predefinito di Quaid è un forte pugno, anche se le pistole possono essere allontanate da alcune guardie e raccolte per l'uso. I filmati tra determinati livelli raccontano la trama del film e presentano le somiglianze degli attori del film (incluso Arnold).
Totally Rad (USA)	Totally Rad è un gioco di azione e avventura in cui interpreti Jake, un aspirante mago addestrato dal Maestro Mago Zebediah. Un giorno, durante il suo addestramento, Jake viene attaccato di sorpresa da nemici sconosciuti che rapiscono Allison, la sua ragazza. Quindi, Jake deve salvarla e scoprire cosa si nasconde dietro quell'attacco. Questo gioco è a scorrimento laterale, con i controlli di base comuni a molti di quei giochi che rientrano nella stessa categoria: movimento, salto e tiro. La tua arma di base è qualcosa come una sfera di energia che può essere caricata tenendo premuto il pulsante per alcuni secondi fino alla sua massima potenza. Anche se si suppone che Jake stia ancora imparando la sua magia da Zebediah, fin dall'inizio puoi usare tutti i suoi poteri magici. Puoi selezionare quale magia vuoi usare da un elenco, visualizzato quando premi il pulsante di avvio.
Touchdown Fever (USA)	Touchdown Fever è un gioco di football arcade di SNK. Affronta il computer o un avversario umano, oppure fai squadra con un altro giocatore umano contro il computer. Scegli cinque, dieci o quindici minuti per una partita di campionato (partita singola) o una partita di torneo. nnCi sono 12 squadre delle città della NFL con cui giocare (sei est, sei ovest), sebbene non ci siano licenze NFL e nessun vero giocatore NFL. Le giocate offensive possono essere eseguite da cinque formazioni di base: passaggio lungo, passaggio corto, quarterback sneak, running back e calcio/calcio a canestro. Non ci sono formazioni o giocate in difesa, ma ci sono due possibili giocatori (pulsante A o B) di cui prendere il controllo prima dello snap. La prospettiva del giocatore è dall'alto verso il basso e a scorrimento verticale. Regole di punteggio standard del calcio: la maggior parte dei punti dopo quattro quarti vince!
Touhou Kenbun Roku (Japan)	Il gioco è un gioco di avventura con selezione di comandi, comune all'epoca, che ti consente di cambiare personaggio nel corso della storia. Il pacchetto del gioco lo definisce una &quot;avventura psichedelica New Wave&quot; e la storia del gioco è considerata piuttosto bizzarra, in cui un personaggio viene trasportato indietro nel tempo fino all'anno 1275 dove incontra Marco Polo e generalmente interferisce con il sforzi per stabilire il commercio tra l'Asia e l'Europa. Il gioco è pensato per essere comico e persino parodia diversi elementi di design del gioco che erano comuni all'epoca. Non è mai stato pubblicato al di fuori del Giappone o tradotto dall'originale giapponese.
Toukon Club (Japan)	Seleziona una persona su otto lottatori e combatti per raggiungere la vetta. Una vasta gamma di attacchi e condizioni è a tua disposizione. nnUn esclusivo sistema di angoli dinamici mostra l'azione di wrestling in un modo nuovo e spettacolare, consentendo azioni in tutti gli angoli del ring!
Toukyou Pachi-Slot Adventure (Japan)	Il videogioco Tokyo Pachi-Slot Adventure è un'avventura che combina il valore di intrattenimento del pachinko e delle slot machine; ed è seguito da due sequel chiamati Pachi-Slot Adventure 2 e Pachi-Slot Adventure 3. Sviluppato dalla stessa azienda che ha realizzato American Dream (da non confondere con la società di videogiochi senza licenza Color Dreams), questo gioco presenta il giocatore che inizia in un salotto di pachinko mentre cerca di vincere palloni per continuare la sua avventura.
Town & Country Surf Designs - Thrilla's Surfari (USA)	Per ripristinare i suoi poteri immortali, Wazula, un malvagio Kahuna, riceve l'ordine di recarsi alle Hawaii per rapire Barbi Bikini. Barbi Bikini sembra essere la ragazza di Thrilla Gorilla, quindi ora è partito per l'Africa per salvarla. nnIl gioco presenta 7 mondi ciascuno contenente 5 livelli (tranne il 1° e il 3° mondo in cui ciascuno contiene solo 4 livelli). La maggior parte del gioco prevede il controllo di Thrilla su uno skateboard, schivare o saltare vari ostacoli e nemici mentre si tenta di arrivare alla fine del livello. Ci saranno anche momenti in cui Thrilla potrà essere su una tavola da surf, ma il gameplay rimane lo stesso di quello che era sullo skateboard. Thrilla cavalca anche uno squalo sott'acqua con l'obiettivo ancora di arrivare alla fine del livello schivando i nemici o lanciando loro lance.
Town & Country Surf Designs - Wood & Water Rage (USA)	T&C Surf Designs offre giochi di skateboard e surf. La sezione di pattinaggio (chiamata Street Skate Session) è un gioco d'azione a scorrimento laterale in cui devi navigare attraverso un percorso ad ostacoli entro il limite di tempo indicato. Idealmente, vuoi guadagnare più punti possibile eseguendo trucchi, saltando oggetti e raccogliendo bonus. Se ti schianti troppe volte (o cadi in una buca, esaurisci il tempo, ecc...) allora il gioco finirà. Nella sezione surf (chiamata Big Wave Encounter) devi surfare un'onda gigante fino alla spiaggia. Come per il pattinaggio, puoi guadagnare punti eseguendo acrobazie e raccogliendo bonus; allo stesso modo il gioco finisce se ti blocchi troppe volte.
Toxic Crusaders (USA)	Basato sull'omonima serie di cartoni animati di Troma, i Toxic Crusaders proteggono la città di Tromaville dalle trame dell'alieno Dr. Killemoff e dei suoi Radiation Rangers. Cioè, finché Killemoff non cattura tutti i Toxic Crusaders tranne uno. Nei panni di Toxie, devi &quot;recuperare&quot; le forze di Killemoff attraverso 6 livelli e salvare i suoi compagni prima che sia troppo tardi. nnIl gioco è orientato all'azione. Le uniche abilità di Toxie sono saltare e farsi strada a pugni attraverso i nemici. Inizialmente inizia con un'arma mocio, che può essere facilmente persa.
Track & Field (USA)	Track & Field è un gioco di sport che consente al giocatore di vivere un'esperienza basata sui Giochi Olimpici estivi. È basato su un gioco arcade con lo stesso nome. Gli eventi includono i 100 metri di corsa, il lancio del martello, il salto in lungo e i 110 metri di ostacoli. La versione MSX sostituisce gli ostacoli con un trattino di 400 metri. La versione NES aggiunge il tiro al piattello, il salto triplo, il lancio del giavellotto, il salto in alto e il tiro con l'arco come eventi, ma perde l'evento di lancio del martello. La versione NES mantiene anche gli ostacoli dei 110 metri e rinuncia al trattino dei 400 metri. Se vuoi andare al prossimo evento o round allora dovrai qualificarti, battendo tempi massimi o distanze minime sempre più difficili. Questo gioco contiene un'opzione per due giocatori, in cui i giocatori si alternano.
Track & Field II (USA)	Track & Field II è un gioco che consente al giocatore di vivere un'esperienza basata sui giochi olimpici estivi. Gli eventi giocabili includono la scherma, il salto triplo, il nuoto, le immersioni, il tiro al piattello, il salto con l'asta, il Tae Kwon Do, il lancio del martello, la canoa, il tiro con l'arco, gli ostacoli e la barra orizzontale.
Treasure Master (USA)	Treasure Master è un gioco d'azione a scorrimento laterale che invia il tuo personaggio alla ricerca di un tesoro. Salta attraverso una varietà di ambienti del mondo tra cui le isole, i circuiti a livello di microprocessore e la luna, e accumula tutta la ricchezza materiale che puoi accumulare. Hai un certo numero di nemici da cui fare attenzione (come squali, bruchi e sorgenti). Ma hai anche una serie impressionante di strumenti per aiutarti nella tua ricerca (moon buggy!). Treasure Master offre l'opportunità di raccogliere non solo tesori virtuali in un videogioco, ma anche tesori nel mondo reale. Dopo aver praticato il gioco, i giocatori hanno avuto l'opportunità di competere per premi reali.
Triathlon, The (Japan) (En)	Il Triathron consente ai giocatori di competere in tutti e tre gli eventi di triathlon consecutivi: nuoto, bicicletta e corsa. In ogni fase della gara, il giocatore deve premere il pulsante B, simile a Track & Field, per raggiungere la fine di ogni gara prima dei propri avversari. Dopo aver vinto un triathlon, il giocatore può investire alcuni punti nelle statistiche del concorrente scelto e passare a quella successiva.
Trog! (USA)	Molto tempo fa, ai tempi degli uomini delle caverne e dei dinosauri, esisteva una terra chiamata Og. In questa terra, gli affamati cavernicoli con un occhio solo, chiamati Trog, amavano il sapore delle uova. Tuttavia, due Dino-Mites, Spike e Bloop, erano determinati a salvare le uova da un destino certo! Fino a due giocatori possono partecipare a una gara per raccogliere le uova di Trog il più rapidamente possibile. Il primo giocatore che ottiene tutte le uova del proprio colore vince il round. Naturalmente, i Trog adorano anche il gusto di Spike e Bloop e useranno le invenzioni degli uomini delle caverne come il fuoco e la ruota per catturarli e divorarli! Fortunatamente, i dinosauri possono reagire: mangiare un ananas li trasformerà in un mostruoso T-Rex che può inghiottire i Trog, mentre un tamale bollente permette loro di sputare fuoco.
Trojan (USA)	Il mondo è governato da un malvagio signore della guerra di nome Achiless e dai suoi scagnozzi. Sei Ryu, il maestro delle arti marziali e del combattimento con la spada, che ha deciso che un confronto con Achille serve a riportare la pace e l'ordine nel mondo. Il tuo personaggio è dotato sia di una spada (per l'attacco) che di uno scudo (per la difesa). Attraverserai sei fasi a partire da una città in rovina, ciascuna con due boss (al centro e alla fine). Alcuni nemici sono così potenti che morirai nell'istante in cui non riuscirai a bloccare. Devi anche correre contro il tempo, il che rende il gioco molto più difficile.
Trolls in Crazyland, The (Europe)	I giocatori controllano un ragazzo con un elmetto che prende a calci i nemici nel tentativo di salvare la sua ragazza da una forza sconosciuta all'interno di un parco di divertimenti. Più danni subisce, più danni infligge ai nemici. Il gioco è stato ribattezzato The Trolls in Crazyland per il rilascio su NES da American Softworks. In precedenza era stato programmato per essere rilasciato come Crazyland, ma è stato poi cambiato per presentare le famose bambole Troll. Quella versione è stata rilasciata solo in Italia (PAL-A) e in Europa orientale (PAL-B).
Tsuppari Oozumou (Japan)	Tsuppari Oozumou è un gioco di wrestling di sumo. L'obiettivo è quello di far uscire l'avversario dal ring. Gli avversari diventano più difficili man mano che il gioco procede. È possibile eseguire mosse diverse a seconda del pulsante e delle combinazioni direzionali.
Tsuppari Wars (Japan)	Tsuppari Wars (&quot;Delinquent Wars&quot;) è un videogioco d'azione per Family Computer. L'obiettivo è acquisire tutto il territorio dei nemici e sconfiggere i malvagi capi gang. Anche se questo gioco è stato rilasciato solo in Giappone, i gangster combattono senza armi e il livello di violenza è lieve rispetto ai successivi giochi legati alle gang. Il suo discendente spirituale è Grand Theft Auto: San Andreas a causa della sua simulazione di guerra tra bande. Una volta che il leader della banda principale è stato sconfitto in modalità Tsuppari Wars o Tsuppari Suku, i restanti membri della banda cambiano appartenenza per diventare una banda di colore grigio che non ha un leader. Di conseguenza, tutto il territorio che apparteneva al leader ucciso in combattimento diventa territorio neutrale con un numero che descrive la forza delle &quot;bande neutrali&quot;.
Tsuri Kichi Sanpei - Blue Marlin Hen (Japan)	Tsurikichi Sanpei: Blue Marlin Hen (lett. Fishing Maniac Sanpei: Blue Marlin Chaper) è una simulazione di pesca. È stato pubblicato in Giappone sia per il Famicom che per l'home computer MSX nel 1988. È basato sul manga giapponese Tsurikichi Sanpei, che è stato scritto e disegnato da Takao Yaguchi. Il manga è stato serializzato su Weekly Shōnen Magazine di Kodansha dal 1973 al 1983. La serie parla di un ragazzo che scopre di avere un talento e una grande passione per la pesca e cerca di massimizzare il suo potenziale partecipando a diverse gare di pesca. Incontra tutti i tipi di rivali e compagni che lo aiutano ad aumentare le sue abilità. Mentre affronta varie sfide, impara a risolvere problemi difficili e impara dai suoi errori nella misura in cui è in grado di pescare qualsiasi cosa fuori dall'acqua. Nel gioco, Sanpei sta gareggiando per il primo premio nel &quot;Torneo Internazionale Famicom Billfish 1988&quot; catturando il più grande Blue Marlin possibile.
Tsuru Pika Hagemaru - Mezase! Tsuru Seko no Akashi (Japan)	Un gioco davvero bizzarro e insolito che è praticamente sconosciuto negli Stati Uniti, anche tra i giocatori che entrano regolarmente nei giochi Famicom esclusivi per il Giappone. Basato su una lunga serie manga e anime, segue un ragazzino pelato (il suo nome significa &quot;Cerchio calvo&quot;) che cerca di liberare il mondo dai suoi problemi nel tentativo di dimostrarsi degno del titolo &quot;Re calvo&quot;.
Twin Cobra (USA)	Conversione del gioco originale Toaplan, questa conversione si basa sulla versione giapponese per 1 giocatore (Ultimate Tiger). nnPiloti l'elicottero d'assalto TC-17 Twin Cobra per combattere le forze del comandante Anziga, il miope leader della nazione di Kaban. Il tuo compito è volare a Kaban ed eliminare l'intera base militare del comandante Anziga. nnCombatterai piccoli elicotteri, carri armati e pistole fisse, sconfiggerai i grandi elicotteri per ottenere potenziamenti. Raccogliendo icone colorate (blu, giallo, rosso o verde) puoi passare a diversi tipi di armi. Il blu è un tiro in avanti diffuso, il giallo è un tiro a quattro direzioni, il rosso è un tiro laser ampio in avanti e il verde è un tiro laser continuo in avanti. nnAlla fine di ogni sezione, atterrerai su una nave da trasporto e conterai i tuoi bonus.
Twin Eagle (USA)	Twin Eagle è uno sparatutto in stile arcade a scorrimento verticale. Controlli un elicottero e devi guadagnare punti sparando o bombardando i vari (e numerosi!) nemici che incontrerai. Aerei, elicotteri, carri armati, cannoni antiaerei, fanti e altro cercheranno tutti di porre fine alla tua missione! Occasionalmente, potresti trovare ostaggi quando un edificio viene distrutto; prova a salvare il maggior numero possibile di ostaggi per guadagnare punti extra. Il tuo elicottero ha la capacità di raccogliere armi extra. Dopo aver distrutto alcuni nemici, verrà lasciato un potenziamento che può darti uno dei quattro diversi tipi di potenza di fuoco (la normale mitragliatrice, il cannone, il fuoco a due vie o i missili). Altri potenziamenti che possono essere trovati includono bombe (che possono essere utilizzate per distruggere tutto sullo schermo), velocità extra e potenziamento delle armi (aumenta le capacità di qualsiasi tipo di arma tu abbia attualmente).
TwinBee (Japan) (En)	TwinBee è uno sparatutto a scorrimento verticale. I giocatori controllano veicoli spaziali simili a cartoni animati con braccia antropomorfe, il giocatore uno è TwinBee e il giocatore due è WinBee. I veicoli spaziali possono essere spostati in tutte e 8 le direzioni, con un pulsante per sparare regolarmente ai nemici volanti e un pulsante per sganciare bombe a terra.
TwinBee 3 - Poko Poko Daimaou (Japan)	Terzo gioco della serie Twinbee di surreali graziosi 'em up a scorrimento verticale. Ancora una volta interpreti il ruolo di Twinbee o Winbee (Gwinbee è stato rapito dal boss finale) mentre volano attraverso il regno fantastico sparando ai loro... uhm... nemici, o qualunque cosa siano. Come in altri giochi della serie puoi ottenere potenziamenti dopo aver sconfitto una certa quantità di nemici sparando alle campane magiche che si lasciano dietro, a seconda del numero di volte in cui li spari, cambiano colore e quindi danno diversi potenziamenti come più scatti, opzioni, ecc. Se alimentate correttamente, entrambe le navi possono unirsi per eseguire un attacco di ripulitura dello schermo e puoi scegliere la tua fase iniziale da una qualsiasi delle prime quattro fasi (la quinta e l'ultima rimasta bloccata finché non elimini tutte le altre).
U-Force Power Games (USA) (Proto 1)	La community di NintendoAge è stata in grado di raccogliere abbastanza soldi per ottenere e condividere una rom del gioco cancellato per NES &quot;U-Force Power Games&quot;. In questo multicart, potrai provare gli unici giochi progettati specificamente per il controller U-Force. Sono inclusi i giochi Hose 'Em Down, Nuclear Rat Attack, Rock on Air e Power Field B-Ball.
Uchuu Keibitai SDF (Japan)	Space Defense Force SDF è uno sparatutto spaziale a scorrimento verticale. Sebbene scorri verticalmente, ti viene concesso anche un movimento orizzontale. L'azione non è frenetica, ma il gioco è comunque un po' difficile a causa delle fitte ondate di attacchi nemici e della possibilità di essere colpiti alle spalle. Per questo motivo, non dovresti lasciare che i nemici passino illesi, poiché potrebbero spararti contro da fuori schermo. Ad alcuni punti, le capsule di potenziamento si materializzeranno nello spazio. Ti garantiranno non solo una maggiore potenza di fuoco, ma serviranno anche come armatura riconfigurabile, che è il principale punto di forza di SDF. L'armatura può essere spostata dalla tua parte anteriore alla tua schiena e, mentre viene spostata in un ampio arco, distruggerà tutti i nemici che gli capita di speronare. Quando è fissato alla parte posteriore, garantirà anche un piccolo aumento di velocità. Imparare a usare l'armatura è la chiave per sopravvivere in questo gioco.
Uchuusen Cosmo Carrier (Japan)	È l'anno 1999. Gli alieni invasori stanno lentamente costringendo la nostra luna in orbita verso la Terra. In cento ore tutta la vita sulla Terra sarà distrutta. La tua missione è viaggiare da un pianeta all'altro nel nostro sistema solare e intercettare la flotta aliena. Uchuusen: Cosmo Carrier è un gioco di strategia d'azione in cui piloti il Cosmo Carrier titolare e combatti gli alieni mentre acquisisci informazioni sul sistema solare, i pianeti e le sue lune.
Ufouria - The Saga (Europe)	Ufouria è un videogioco di avventura platform (a scorrimento laterale). Inizi a giocare nei panni di Hebereke (Bop Louie nelle regioni PAL), un pinguino (sebbene nella versione PAL sia più umanoide e assomigli a Stay-Puft Marshmallow Man), e devi esplorare il mondo in cui tu e altri tre amici siete caduti. Quando incontri i nuovi personaggi devi combatterli per fargli recuperare la memoria. Dopo aver recuperato tutti e 3 gli altri personaggi, stai cercando le chiavi del tempio che riporteranno al tuo pianeta natale di Ufouria.
Ultima - Exodus (USA)	Terzo titolo della serie Ultima, questo è stato il primo gioco della serie a presentare un gruppo di avventurieri invece di un giocatore singolo. Aveva anche città grandi e dettagliate con molte persone con cui parlare e un motore di combattimento separato in cui il tuo gruppo ha combattuto più mostri in un sistema basato su tessere a turni. La storia? Dopo la sconfitta del mago malvagio Mondain e della sua amante Minax nelle due Ultimas precedenti, la pace è tornata nella terra di Sorsaria. Il tempo passa e alla fine si verificano interruzioni geologiche e una rinascita della popolazione dei mostri, e si scopre presto che Mondain e Minax avevano concepito un bambino di nome &quot;Exodus&quot; prima della loro morte. Ora quel bambino è diventato un adulto con il potere di vendicare la morte dei suoi genitori. Ovviamente, spetta a te l'eroe trovarlo e fermarlo.
Ultima - Quest of the Avatar (USA)	Dopo la sconfitta della triade malvagia nei precedenti tre giochi di Ultima, il mondo di Sosaria è cambiato in modo irriconoscibile: i continenti sono aumentati e sono affondati e sono state costruite nuove città, annunciando l'avvento di una civiltà diversa. Unificato dal regno del benevolo monarca Lord British, il nuovo mondo fu ribattezzato Britannia. Lord British ha voluto basare il benessere delle persone sui principi etici di verità, amore e coraggio, proclamando le otto virtù (onestà, compassione, valore, giustizia, sacrificio, onore, spiritualità e umiltà) come l'ideale per cui tutti dovrebbero tendere . La persona che potrebbe raggiungere la piena comprensione e realizzazione di queste virtù servirebbe come guida spirituale e esempio morale per gli abitanti della Britannia; solo lui sarebbe stato in grado di ottenere manufatti sacri, discendere nell'Abisso dello Stige e accedere al Codice della Saggezza Ultima. Questa persona è l'Avatar.
Ultima - Warriors of Destiny (USA)	Ultima V utilizza le basi del motore Ultima IV, una prospettiva dall'alto della Britannia o di una delle tante città o dungeon, che utilizzano una vista 3D con bussola a rosetta. Molte azioni vengono ampliate, inclusa molta più interattività del mondo e personaggi molto più profondi rispetto agli NPC &quot;segnavia&quot; di Ultima IV. In Ultima V, tu, Avatar ed Eroe della Britannia, sei richiamato per affrontare una nuova minaccia: il tiranno Blackthorn, che, dopo la scomparsa di Lord British, ora governa la terra imponendo le virtù alla volontà del popolo , corrompendo il loro significato nel processo. Dietro Blackthorn ci sono gli Shadowlords, antitesi ai tre Principi. Il loro significato e la loro origine vengono esplorati più avanti nel gioco, completando un mondo coinvolgente e una trama molto significativa.
Ultimate Air Combat (USA)	Il dittatore, il generale Don Gwano, ha attaccato i paesi vicini con il suo esercito e la sua marina. Per fermare il dittatore, l'ammiraglio Cliff Stormdrane suggerisce di utilizzare il miglior pilota per lanciare fulmini sulle forze di Don Gwano. Il gioco presenta 3 diversi aerei pilotabili; FA-18 Hornet, AV-8 Harrier e F-14 Tomcat. Il gioco presenta diversi tipi di missili e bombe che gli aerei possono utilizzare, inclusi l'arpione, l'ASRAAM, il rockeye, l'aquila di mare e l'anticonformista Ultimate Air Combat ha 36 diverse missioni, quindi un'ultima missione finale. Ogni missione è raggruppata in due parti. La prima parte utilizza una visuale della cabina di pilotaggio in cui il giocatore deve abbattere tre aerei prima di rimanere senza carburante o di essere abbattuto da aerei nemici. Successivamente, la seconda metà della missione utilizza una vista isometrica in cui il giocatore deve distruggere le forze e le installazioni nemiche.
Ultimate Basketball (USA)	In Ultimate Basketball, il giocatore può scegliere una delle sette squadre immaginarie che hanno ciascuna abilità diverse come avere una difesa serrata o un gioco di passaggio fenomenale. Ogni squadra ha anche i propri giocatori che ricevono valutazioni sulla loro rapidità, tiro e capacità difensive. Il punto di vista è per la maggior parte orizzontale. Occasionalmente, viene mostrata una scena d'azione ravvicinata in opere come schiacciate e tiri liberi. Ci sono anche due diverse modalità di gioco, &quot;Tournament&quot; e &quot;One Game&quot;. I giocatori possono giocare da soli, contro un amico o con un amico contro il computer. La loro è anche una modalità &quot;Guarda&quot; in cui guardare i giochi completamente giocati dal computer.
Ultraman Club - Kaijuu Daikessen!! (Japan)	Club Ultraman: Kaijuu Dai Kessen!! è un platform d'azione per il Nintendo Entertainment System. Ultraman Club: Great Kaiju Battle è un platform piuttosto semplice, tipico dell'era NES. In genere cammini a destra / in alto e picchi vari cattivi del franchise di Ultraman. Puoi anche usare armi secondarie e passare da una all'altra a piacimento. Di tanto in tanto ottieni un minigioco di palloncini in cui puoi vincere vari premi.
Ultraman Club - Supokon Fight! (Japan) (Datach)	Presenta i classici personaggi Ultraman che gareggiano ai Giochi Olimpici. Uno dei sette giochi rilasciati per il Datach Joint ROM System, un accessorio di miglioramento aftermarket da Bandai per Famicom, che consente al sistema di riprodurre giochi compatibili selezionati. La sua caratteristica principale è lo slot di lettura delle carte/codice a barre sul davanti utilizzato per aggiungere personaggi o oggetti al gioco.
Ultraman Club 2 - Kaettekita Ultraman Club (Japan)	Come lo spettacolo, il gioco non ha molta storia. Devi solo andare in giro a combattere mostri e alieni per salvare persone o pianeti. Le battaglie sono essenzialmente come qualsiasi clone di Dragon Quest a turni.
Ultraman Club 3 - Matamata Shutsugeki!! Ultra Kyoudai (Japan)	È un tipico gioco di ruolo basato sulla serie Ultraman e sui suoi Ultra Warriors, oltre a vari nemici e luoghi dell'anime. Onestamente, questo gioco è DAVVERO goffo e lento per un gioco alla fine del ciclo di Famicom. È anche estremamente frustrante a causa dell'elevata quantità di incontri casuali con i nemici e del ritmo complessivamente lento del gioco (e delle sue battaglie). Il sistema di menu non è intuitivo tutto, ed è fastidioso navigare. Fortunatamente è un gioco relativamente breve, quindi se riesci a combattere ogni 10 passaggi circa, dai un'occhiata. Altro a parte questo, non ti perdi davvero molto.
Uncanny X-Men, The (USA)	Il professor Xavier e i suoi Uncanny X-Men sono tutto ciò che ostacola la furia di Magneto e dei suoi scagnozzi. Gli X-Men: Wolverine, Ciclope, Tempesta, Colossus, Iceman e Nightcrawler, sono pronti a combattere Magneto. nnThe Uncanny X-Men è un gioco d'azione con visuale dall'alto. I giocatori iniziano scegliendo due X-Men dal roster (il secondo controllato da un altro giocatore o dal computer) e selezionano uno dei cinque livelli incluso un livello di pratica. L'obiettivo di ogni livello è raggiungere il &quot;centro di comando&quot; nascosto e distruggerlo. Gli X-Men condividono tutti abilità simili, essendo in grado di muoversi in qualsiasi direzione, saltare e attaccare.
Uncharted Waters (USA)	La famiglia Franco era una delle case influenti del Portogallo. Questo fino a quando il capofamiglia salpò da un viaggio disastroso per trovare il regno di Prester John. Il disordine che ne seguì pose fine alla nobiltà del nome Franco. Sono passati 100 anni e il Portogallo ha prosperato grazie ai suoi imperi marittimi e commerciali. Il giovane Leon Fanco desidera ripristinare il buon nome della sua famiglia e farsi un nome come marinaio. Al centro della sua ambizione c'è la bella dama, Christiana, che è desiderata dal probabile erede del regno. A tal fine, Leon ha lavorato duramente per assicurarsi le finanze per la sua prima nave. Con il primo passo del suo sogno completato, Franco salpa con il buon amico di suo padre come primo ufficiale, parti alla ricerca di fama, avventura e fortune in mare e in acque inesplorate.
Uninvited (USA)	Un altro gioco che utilizza l'interfaccia grafica dell'avventura che si trova in Déjà Vu e Shadowgate, Uninvited ha un tema &quot;horror&quot;. Durante la guida su una strada solitaria di notte, una strana figura blocca la tua vista facendoti sterzare e far schiantare la tua auto. Quando riprendi conoscenza, scopri che tuo fratello è scomparso (nella versione NES è tua sorella che è scomparsa). L'unico posto in cui sarebbe potuto andare è una vecchia magione inquietante che incombe di fronte a te. Senza nessun altro posto dove andare, entri nella villa in cerca di tuo fratello. Si scopre che la villa una volta apparteneva a un vecchio mago e al suo apprendista, e in qualche modo è stata infestata dai non morti.
Untouchables, The (USA)	Gli intoccabili è basato sul film del 1987 di Brian De Palma e funziona per corrispondere alla trama del film. Nella Chicago degli anni '20, Eliot Ness e il suo piccolo gruppo di professionisti delle forze dell'ordine sono determinati a far cadere Al Capone e la sua banda. Il gioco presenta 7 livelli di azione chiamati The Street, The Warehouse, The Bridge, The Alleys, The Train station, The Hostage e The Rooftop. Alcuni dei livelli sono caratterizzati dalla tradizionale azione di salto e tiro. Altri livelli ti mettono contro i gangster in uno stile di gioco sparatutto in prima persona in cui il tuo personaggio inizia dietro un muro, si avvolge in un'area aperta e deve eliminare i cattivi. Quando il tuo personaggio esaurisce le munizioni, scivola dietro il muro per ricaricare. Questi livelli sono accompagnati da limiti di tempo e obiettivi per il numero di nemici che devi uccidere.
Urban Champion (World)	Un giorno due personaggi rivali si incontrano per le strade della città e organizzano una rissa. Entrambi i personaggi inizieranno nel mezzo con due blocchi su entrambi i lati che conducono a un tombino aperto. La prima persona che sbatte l'altro nel tombino aperto è il vincitore. Sono consentiti solo i pugni, sebbene possano verificarsi ostacoli come la caduta di vasi di fiori e dare un vantaggio a un giocatore. Inoltre, tutti devono sembrare innocenti se la polizia dovesse passare. Questo è un gioco di combattimento molto precoce e semplicistico. Come accennato, ogni giocatore può solo prendere a pugni l'altro, cercando di buttarlo fuori dallo schermo e verso uno dei tombini in attesa.
Urusei Yatsura - Lum no Wedding Bell (Japan)	I giocatori assumono il ruolo di Lum, una principessa aliena femminile dell'anime/manga Urusei Yatsura. Il gioco mostra Lum che attraversa diverse fasi della sua vita (dall'infanzia all'età adulta) combattendo contro gli invasori alieni, finché non è finalmente abbastanza grande per sposare Ataru. Le fasi di gioco prevedono l'arrampicata su diversi piani di un edificio per raggiungere un UFO in attesa. Lammina però non può indugiare, dato che l'edificio su cui si sta arrampicando è in fiamme e le fiamme sono in costante aumento. Anche i nemici intralciano il cammino di Lum. Lum può sparare a questi nemici con fulmini. Lum può anche raccogliere potenziamenti come quelli che possono aumentare il punteggio dei giocatori, concederle una temporanea invincibilità e farle entrare in una fase bonus in cui Lum deve abbattere i nemici volanti. Questo gioco è stato rilasciato anche nelle sale giochi come Momoko 120. Tuttavia, la grafica è stata modificata perché mancava la licenza Urusei Yatsura.
Ushio to Tora - Shinen no Taiyou (Japan)	Basato sulla serie animata Ushio & Tora, questo gioco racconta la storia di un ragazzo di nome Ushio. Vive in una Tokyo moderna con suo padre, ma la sua discendenza risale ai tempi dei samurai in Giappone. Cinquecento anni fa un demone terrorizzava la terra. L'antenato di Ushio, brandendo una lancia magica proveniente dalla Cina, riuscì a legare il mostro a una roccia con un artefatto. Incapace di uccidere il demone, vi costruì un tempio attorno e vi rimase come monaco per assicurarsi che non scappasse. Ushio trova il demone ancora legato alla roccia nel seminterrato di uno degli edifici del tempio. Sfortunatamente, rompendo il sigillo sulle porte del seminterrato, Ushio ha rilasciato l'energia malvagia del demone, che attira altri mostri. Ushio chiama il demone Tora, perché gli ricorda una tigre (Tora in giapponese significa tigre). Tora deve restare con Ushio, perché tiene la lancia magica, e aiutarlo a sconfiggere la sua stessa volontà malvagia!
Utsurun Desu. - Kawauso Hawaii e Iku (Japan)	Sebbene apparentemente sia un tradizionale gioco di piattaforma in cui il giocatore controlla Kawauso-kun, il gioco ha guadagnato fama per essere stato uno dei primi titoli a tentare di rompere con le convenzioni dei videogiochi dell'epoca. Tra le altre novità che violano le convenzioni offerte dal gioco ci sono una serie di schermate del titolo false che il giocatore deve attraversare all'inizio e la possibilità del personaggio principale di attraversare lo sfondo a volte per aggirare fosse di punte che altrimenti sembrano impossibili da attraverso
UWC (USA) (Proto)	UWC (Universal Wrestling Corporation) è un gioco di wrestling. Non poteva vedere il giorno del grande pubblico per il semplice motivo che all'epoca richiedeva la convalida di Nintendo. È stata selezionata solo la WCW World Championship Wrestling. Lo scopo del gioco è bloccare con successo il tuo avversario abbassando i suoi punti ferita.
Valkyrie no Bouken - Toki no Kagi Densetsu (Japan)	C'era una volta, la Marvel Land era un luogo pacifico popolato da umani e altre razze. Zouna, un mago oscuro che una volta aveva minacciato la terra, era sigillato al sicuro in una torre dell'orologio. Un giorno, l'orologio ha smesso di funzionare per ragioni sconosciute e un abitante del villaggio che ha cercato di ripararlo inavvertitamente ha lasciato cadere la chiave del tempo. Ne seguì una catastrofe: Zouna si liberò e prese con sé la chiave, impedendo a chiunque di sigillarlo di nuovo. I servitori oscuri di Zouna hanno corrotto i cuori degli abitanti della Marvel Land. L'odio e il caos sono scesi sul mondo. Finalmente è arrivato un salvatore: Valkyrie, una fanciulla dal cielo giura di salvare Marvel Land dal male e sconfiggere Zouna.
Vegas Connection - Casino kara Ai o Komete (Japan)	Vegas Connection: Casino kara Ai o Komete è un videogioco Nintendo Family Computer del 1989 pubblicato esclusivamente in Giappone. nnIl personaggio controllato dal giocatore Roberto sta soggiornando a Las Vegas con la sua ragazza Marian in una stanza di un motel per una vacanza romantica. Viene convocato dall'impiegato del motel per pagare il conto dell'hotel solo per scoprire che Marian è stata apparentemente rapita da una persona misteriosa alle dipendenze di Akiko.
Vegas Dream (USA)	Come turista in vacanza, hai $ 700 in tasca e il desiderio di colpire i casinò di Las Vegas e provare a vincere alla grande. Gioca ai giochi d'azzardo di Blackjack, Roulette, Slot Machines o Keno nei tuoi tentativi di accumulare enormi quantità di denaro e vivere il Vegas Dream.
Venus Senki - Back the City (Japan)	È l'anno 2089 d.C., 71 anni dopo che il pianeta Venere è stato reso abitabile. Long &quot;Ishtar&quot; e &quot;Aphrodia&quot; hanno combattuto per il dominio del pianeta. Ora, mentre sembra che la storia si ripeta, &quot;Hound&quot;, un gruppo di motociclisti ribelli, si propone di liberare la città di Io dal suo soppressore Ishtar. nnIl gioco sembra un tipico gioco di strategia, in cui il giocatore muove tutte le unità per turno, fino a quando un personaggio non entra in combattimento ravvicinato (muovendosi verso il nemico). Qui il personaggio va in bicicletta e cerca di sparare a un determinato numero di nemici entro 1 minuto mentre cerca di non essere colpito. Per ogni colpo il personaggio riceve esperienza e alla fine sale di livello.
Vice - Project Doom (USA)	Quinn Hart e il suo partner, il detective Reese della squadra VICE, lavorano entrambi per fermare il traffico di sostanze illegali. Ma qualcosa di nuovo è apparso sulla scena, un gel neon con grandi proprietà di dipendenza. Durante le indagini sull'origine del gel, Reese scompare misteriosamente e lascia Hart senza pista. Il tempo passa e Hart viene coinvolto sentimentalmente con la sua nuova partner, Christy, mentre continua a cercare di rintracciare il gel. Ma Hart sta per ottenere un nuovo vantaggio...
Videomation (USA)	Con Videomation, tutti sono artisti! Videomation ha strumenti di disegno, timbri e una funzione di animazione che libera la tua immaginazione! Usalo con il NES per creare immagini vivide con colori spettacolari: alcune puoi persino programmarle per spostarle! Aggiungi timbri divertenti al tuo disegno e dirigi la selezione dell'animazione per renderlo vivo. Collega il tuo videoregistratore con Videomation per creare aggiunte meravigliose e pazze ai tuoi video di famiglia. È abbastanza facile per tutti! Porta l'azione di una battaglia tra astronavi o il mistero di una foresta oscura nella tua casa. Ricorda, l'unico limite alla Videomation è la tua immaginazione!
Volguard II (Japan) (En)	Volguard II è uno sparatutto a scorrimento laterale che fa seguito a Volguard. I giocatori devono farsi strada attraverso 25 aree in uno dei quattro livelli di difficoltà offerti dal gioco. nnI giocatori controllano un velivolo che ha la capacità di sparare sia proiettili che bombe, tuttavia i proiettili sono utilizzabili solo se il velivolo ha abbastanza potenza per farlo. I giocatori possono anche imbattersi in un oggetto accessorio per mech che consentirà loro di trasformare la loro imbarcazione in un mech, che ha la capacità di camminare per terra e lanciare pugni contro nemici e strutture. I giocatori devono anche tenere d'occhio il proprio contatore di energia. Ogni volta che il loro velivolo viene colpito, il segnalino aumenta di 1. Se il segnalino raggiunge 99, il gioco terminerà.
Volleyball (USA, Europe)	Sbatti il servizio perfetto. Spike il punto vincente del gioco. Effettua il salvataggio che salva il gioco! Dipende tutto da te. Perché in Nintendo VOLLEYBALL sei tu a chiamare i colpi. Inizierai selezionando una squadra dal paese di tua scelta. In qualità di Capitano, guiderai la tua squadra attraverso un frenetico round di riscaldamento, quindi entrerai rapidamente nel vivo della vera competizione di pallavolo. Deciderai tu quando picchiare, quando pallonare, quando effettuare una parata in tuffo: tutto proprio come il capitano di una vera squadra di pallavolo! Gioca contro un amico o sfida il computer. In ogni caso, la grafica realistica di Nintendo e il gioco realistico porteranno tutto il divertimento e l'eccitazione del pallavolo direttamente a casa tua!
Wacky Races (USA)	Nonostante ciò che suggerisce il nome, Wacky Races per NES non è un gioco di corse e non ha nulla a che fare con gli altri giochi con lo stesso nome tranne la licenza. In questo gioco, il giocatore prende il controllo di Muttley, il cane brontolone ma leale del popolare cartone animato Hanna-Barbera. Il suo maestro Dastardly manda il suo in tre diverse missioni, ognuna che si svolge in un luogo diverso, che a sua volta è diviso in livelli più piccoli.
Wagyan Land (Japan)	Wagan Land è una serie di giochi platform prodotta da Namco (ora Namco Bandai Games) che è stata venduta esclusivamente in Giappone. La serie è interpretata da Wagan, una misteriosa creatura simile a un dinosauro meccanico verde che deve proteggere la sua terra natale di Wagan Land dallo scienziato pazzo Dr. Devil. I giochi presentano fasi standard a scorrimento laterale in cui il giocatore deve raggiungere l'obiettivo, nonché incontri con i boss in cui il giocatore deve competere in un minigioco come concentrazione e shiritori.
Wagyan Land 2 (Japan)	Wagyan Land 2 gioca praticamente in modo identico al primo Wagyan Land. Sei un simpatico dinosauro lucertola verde, e cammini verso destra e ti spari varie sillabe dalla bocca, che in realtà non feriscono i nemici. Rimangono semplicemente congelati per un certo periodo di tempo, a seconda di quanto è potenziato il tuo attacco. Una volta ottenuti quattro potenziamenti, diventi invincibile e puoi finalmente uccidere le dannate cose. Cosa che non succede spesso.
Wagyan Land 3 (Japan)	La configurazione del gioco cambia da Wagan Land: la location cambia dai precedenti giochi in una città spaziale dove incontriamo la &quot;famiglia Hisopiso&quot;, un lontano parente della famiglia Wagan. A causa del cambiamento nella fisica nello spazio, l'abilità di salto di Wagan aumenta e ci sono fasi in cui il giocatore può camminare a testa in giù o sotto il tetto. Questa puntata introduce anche una modalità a 2 giocatori in cui il giocatore può controllare qualsiasi personaggio principale. La fine di questo gioco funge da cliffhanger per la prossima puntata, Super Wagan Land 2.
Wai Wai World 2 - SOS!! Parsley Jou (Japan)	Wai Wai World 2: SOS!! Prezzemolo Jō, lett. &quot;Wai Wai World 2: SOS!! Parsley Castle&quot; è un gioco platform Famicom del 1991 pubblicato solo in Giappone da Konami. È un sequel di Konami Wai Wai World e ha come protagonista vari personaggi Konami. nnIl giocatore inizia il gioco scegliendo uno dei quattro gruppi di personaggi che consistono in tre diversi personaggi Konami. La maggior parte dei livelli sono parodia di vari livelli diversi dai giochi Konami. Il gameplay è per lo più come un semplice gioco platform, simile a Contra. In questi livelli si inizia con il personaggio principale Rickle (o Rikkuru), che raccogliendo uno speciale power-up, può trasformarsi temporaneamente in uno dei tre diversi personaggi scelti dal giocatore all'inizio del gioco. Ci sono anche sparatutto spaziale, livelli di guida e puzzle. Dopo determinati livelli puoi scegliere diversi percorsi che consistono in diverse fasi.
Wall Street Kid (USA)	Il tuo lontano zio è morto, lasciando te, suo erede, con una fortuna di miliardi di dollari. La presa? La famiglia Benedict ha standard estremamente elevati e devi dimostrare che puoi aumentare ulteriormente quella fortuna sul mercato azionario prima che ti venga data. Inoltre, devi fare esercizio regolarmente per mantenerti in salute e mantenere felice la tua ragazza coccolandola spesso con regali. nnIl gioco presenta un motore di scambio di azioni in cui è abbastanza semplice entrare. Acquista azioni come meglio credi e finisci la giornata. La mattina dopo scoprirai se il tuo patrimonio è cresciuto o meno. In caso contrario, molto probabilmente dovrai investire in qualcos'altro.
War on Wheels (USA) (Proto)	War On Wheels è un gioco di pattinaggio per due giocatori sviluppato da Sculptured Software nel 1991 che permetteva ai giocatori di aggredire fisicamente chiunque non potessero fare fuori skate. Recensioni del gioco esistono nelle riviste dell'epoca, anche se nessuno sembra avere idea del perché un titolo così vicino al completamento sia stato inscatolato.
Wario's Woods (USA)	Wario's Woods per NES è un puzzle-game simile a Tetris con i personaggi Wario, Toad e Birdo dell'universo di Mario. In un duello, contro il computer o un altro giocatore, controlli Toad e devi muovere gli animali lanciati da Wario e le bombe lanciate da Birdo in modo che corrispondano ai loro colori in modo che scompaiano. L'obiettivo è non avere più animali e bombe sullo schermo.
Warpman (Japan) (En)	Warpman è una versione aggiornata di un vecchio gioco arcade Namco intitolato Warp & Warp (La e commerciale è stata rimossa dal titolo negli Stati Uniti) Warpman riprende il concetto stabilito in Warp & Warp, aggiorna la qualità della grafica e aggiunge nuovi nemici, ma il l'obiettivo del gioco è lo stesso. Il giocatore può occupare uno dei due schermi; Uno spazio ampio e aperto, e una stanza con corridoi intersecanti. Nello spazio, il giocatore spara un cannone contro i nemici, mentre nella stanza il giocatore lancia bombe.
Wayne Gretzky Hockey (USA)	Il primo dei tre giochi di Wayne Gretzky di Bethesda. Contiene tutto ciò che si può trovare in una pista di hockey, dai grandi successi e combattimenti a ciliegine e fuorigioco. Non si tratta solo di ciò che è sul ghiaccio ma anche fuori, offrendo al giocatore molte opzioni di allenamento e ti dà la possibilità di creare i tuoi giocatori e le tue squadre
Wayne's World (USA)	Wayne's World è un gioco di avventura basato sull'omonimo film. Il gioco stesso è una classica avventura punta e clicca e non deve essere confuso con il gioco platform basato sul film. nnInterpreti sia Wayne che Garth e puoi passare da uno all'altro in qualsiasi momento. La trama è semplice; Nel tentativo di salvare il loro programma televisivo, Wayne e Garth decidono di organizzare un pizza-thon (uno spettacolo di beneficenza a tema pizza) per raccogliere fondi. Per poter tenere il pizzaiolo, Wayne e Garth devono intraprendere diverse missioni per raccogliere oggetti e assumere le persone di cui hanno bisogno per lo spettacolo. L'avventura include la partecipazione a babe-jeopardy, l'adesione a una banda di motociclisti e la cottura della pizza. La grafica è in 2D e il suono contiene diversi campioni del film.
WCW World Championship Wrestling (USA)	WCW: World Championship Wrestling è un gioco di wrestling isometrico della National Wrestling Alliance. I giocatori possono scegliere di partecipare a partite di uno o due giocatori, sia in singolo combattimento 1vs1 che in squadre 2vs2. Quando si seleziona una modalità, i giocatori scelgono i loro personaggi tra dodici importanti lottatori della lega NWA. I personaggi con licenza includono: Rick Flair (&quot;Nature Boy&quot;), Sting, Lex Luger (&quot;Pacchetto totale&quot;), Mike Rotunda, Road Warrior Hawk, Road Warrior Animal, Steve Williams (&quot;Dr. Death&quot;), Kevin Sullivan (&quot; Gamemaster&quot;, Ricky Steamboat (&quot;The Dragon&quot;), Ric Steiner (&quot;Dogface Gremlin&quot;), Eddie Gilbert (&quot;Hotstuff&quot;) e Michael PS Hayes. Ogni combattente ha abilità uniche non condivise dagli altri combattenti, comprese le mosse finali e tecniche di corda.
Werewolf - The Last Warrior (USA)	Un leader malvagio e la sua banda di mostri bioingegnerizzati hanno conquistato la terra e solo un uomo si trova sulla loro strada. Solo che non è un uomo, è un licantropo, una persona capace di trasformarsi in un terribile lupo mannaro per scatenare la sua rabbia. Inizi il gioco in forma umana. L'umano può prendere a pugni, saltare, muoversi e sparare un colpo potenziato che si muove orizzontalmente sullo schermo. Trovando un'icona rossa &quot;W&quot;, l'umano è in grado di trasformarsi in una potente creatura lupo mannaro. Afferrare accidentalmente un'icona blu &quot;W&quot; o perdere troppa energia ti trasformerà di nuovo in un semplice essere umano. La forma del lupo mannaro offre salti più alti, velocità più rapida, maggiore forza, un attacco con onde d'urto e la capacità di arrampicarsi sui muri, quindi naturalmente vorrai questa forma ogni volta che è possibile. Inoltre, la forma del lupo mannaro ha un misuratore di rabbia che viene aumentato dalla raccolta di sfere. Dopo 5 di tali sfere, il lupo mannaro si trasformerà ancora una volta in un SUPER lupo mannaro con forza, velocità e parziale invincibilità ancora maggiori.
Wheel of Fortune (USA)	Basato sul popolare programma televisivo omonimo prodotto da Merv Griffin. L'obiettivo è risolvere le lettere mancanti in un determinato luogo, persona, cosa, frase, ecc. Gira l'omonima ruota per soldi, indovina le consonanti, acquista le vocali e prova a risolvere il puzzle. Attenzione, però... un giro scadente, e potresti essere costretto a saltare il tuo turno, o addirittura andare in bancarotta. Gioca contro avversari umani o contro il computer e vinci favolosi premi sulla RUOTA... DELLA... FORTUNA!
Wheel of Fortune - Family Edition (USA)	Wheel of Fortune: Family Edition è uno di una serie di giochi per NES basati sul famoso programma televisivo. L'obiettivo è risolvere un puzzle di parole indovinando le lettere. I giocatori, a turno, fanno girare una ruota che ha designato importi di denaro nella maggior parte degli spazi, ma possono anche mandare in bancarotta il giocatore nella ruota che atterra nello spazio sbagliato. Un giocatore può indovinare una lettera e se quella lettera è nel puzzle, quegli spazi vengono capovolti per rivelare la lettera e il giocatore guadagna l'importo in contanti specificato dal giro della ruota, moltiplicato per il numero di occorrenze della lettera. È possibile indovinare solo le consonanti inglesi: le 5 vocali inglesi possono essere acquistate utilizzando i guadagni di un giocatore.
Wheel of Fortune - Junior Edition (USA)	Wheel of Fortune: Junior Edition è uno di una serie di giochi per NES basati sul famoso programma televisivo. L'obiettivo è risolvere un puzzle di parole indovinando le lettere. I giocatori, a turno, fanno girare una ruota che ha designato importi di denaro nella maggior parte degli spazi, ma possono anche mandare in bancarotta il giocatore nella ruota che atterra nello spazio sbagliato. Un giocatore può indovinare una lettera e se quella lettera è nel puzzle, quegli spazi vengono capovolti per rivelare la lettera e il giocatore guadagna l'importo in contanti specificato dal giro della ruota, moltiplicato per il numero di occorrenze della lettera. È possibile indovinare solo le consonanti inglesi: le 5 vocali inglesi possono essere acquistate utilizzando i guadagni di un giocatore.
Wheel of Fortune Featuring Vanna White (USA)	Wheel of Fortune: Family Edition di Nes non è altro che l'adattamento del famoso programma televisivo &quot;The Wheel of Fortune&quot;. Lo scopo del gioco è indovinare, lettera per lettera, la frase o la parola nascosta. Devi indovinare diversi tipi di elementi: frase, persona, titolo, ecc. Puoi giocare contro un giocatore, un computer o un essere umano. Questa edizione si distingue per l'aggiunta della hostess Vanna White.
Where in Time Is Carmen Sandiego (USA)	Carmen Sandiego e la sua banda sono di nuovo libere, ed è compito dei giocatori catturarla! Questa volta il giocatore non deve solo trovare dove si trova, ma anche quando si trova. Viaggiando in varie località, devono raccogliere indizi interrogando i testimoni e cercando luoghi per avvicinarsi e catturare Carmen Sandiego. Inclusa nel gioco c'è The New America Desk Encyclopedia per aiutare a rendere gli indizi più significativi (e agire come una forma di protezione dalla copia!).
Where's Waldo (USA)	Basato sulla popolare serie di libri Dov'è Waldo. Il tuo obiettivo è trovare Waldo in varie immagini per progredire nel gioco. Le immagini sono immagini fisse delle dimensioni dello schermo nei livelli Facile e Pratica. Nei livelli Medio e Difficile, devi scorrere di lato per vedere il resto dell'area. I pulsanti direzionali controllano una lente d'ingrandimento e una volta trovato Waldo, puoi passare al livello successivo e a una nuova immagine.
Who Framed Roger Rabbit (USA)	Il gioco si svolge a Hollywood, nel 1947, dove i Toon sono vivi e Roger Rabbit è stato incastrato per l'omicidio di Marvin Acme, capo della Acme Corporation. Il testamento di Acme voleva che Toon Town fosse escluso dai Toon dopo la sua morte, ma il testamento non si trova da nessuna parte. Devi trovare il testamento e salvare tua moglie, Jessica, dal giudice Destino e dalle sue donnole.
Whomp 'Em (USA)	Whomp 'Em racconta la storia di un piccolo nativo americano di nome Soaring Eagle che cerca di riempire la sua borsa magica di totem. Questi totem sono protetti da temibili boss alla fine di diversi ambienti sparsi per il territorio. Ogni totem conferisce a Soaring Eagle un nuovo potere per aiutarlo a completare il suo viaggio.
Widget (USA)	Widget è un gioco su un alieno viola perennemente sorridente che deve salvare la terra da una banda di invasori alieni. L'azione consiste nel saltare e sparare a scorrimento laterale. Tuttavia, Widget ha la capacità di trasformarsi in una varietà di altre creature e oggetti (&quot;widget&quot;) che trovano applicazione in diverse situazioni. Queste forme di widget alternative includono un cannone, un topo, un uomo delle rocce, un uomo uccello e un delfino. La trasformazione consuma punti magici che devono essere reintegrati. Widget comunica anche con un aiutante chiamato Mega Brain tramite un dispositivo orologio da polso.
Wild Gunman (Japan, USA) (En)	Come uomo di legge nel vecchio west, porti con te una stella di latta e il tuo NES Zapper. Il tuo obiettivo è inseguire i fuorilegge e poi vincerli in una competizione ad estrazione rapida. In poche parole, aspetta che il tuo avversario dica &quot;Fuoco&quot; e poi spara per primo e spara velocemente per vincere. Wild Gunman può essere giocato contro un bandito, due banditi o in modalità Gang in cui li spari quando appaiono dalle porte e dalle finestre di un vecchio saloon.
Willow (USA)	Willow è un gioco di ruolo d'azione basato sull'omonimo film. Il giocatore assume il ruolo di Willow, la prescelta che deve riportare la forma umana alla benevola maga Fin Raziel e distruggere la malvagia maga Bavmorda. Sebbene il gioco segua la trama del film un po' per la maggior parte del tempo, si espande anche su di essa e introduce personaggi, razze e nemici che non si trovano nel film.
Wily & Right no Rockboard - That's Paradise (Japan)	Wily & Right no RockBoard: That's Paradise è un adattamento di un gioco da tavolo della serie di giochi Rock Man (Mega Man). Gioca in qualche modo in modo simile a Monopoly in quanto ci sono l'acquisto e la vendita di proprietà e la costruzione di &quot;laboratori&quot;, tuttavia RockBoard rimane il suo gioco unico. Possono giocare da 2 a 4 giocatori, controllati da giocatori umani o dal computer.
Win, Lose or Draw (USA)	Win, Lose or Draw era un popolare programma televisivo che richiedeva abilità artistiche e capacità di pensare lateralmente. Un giocatore della tua squadra disegna qualcosa sul grande tabellone di gioco e devi capire cosa rappresenta. Saranno espressioni comuni rappresentate letteralmente, come &quot;idea brillante&quot; che mostra una lampadina sopra la testa di qualcuno e &quot;febbre da cabina&quot; come un edificio traballante accanto a un uomo con un termometro in bocca.
Wing of Madoola, The (World) (Red Art Games)	Il Regno di Badham un tempo ospitava la leggendaria statua dell'uccello Wing of Madoola. A chiunque possedesse l'ala sarebbe stato concesso un potere tremendo. Molte guerre furono causate da nazioni che volevano avere il controllo su questo potente artefatto. Per fortuna, un re della famiglia Rameru si impossessò dell'ala e ordinò che fosse nascosta in una grotta in modo che la pace potesse finalmente regnare tra le nazioni in guerra, e la pace regnava davvero, almeno per un po'. Centinaia di anni dopo, un discendente del re, di nome Darutos, si imbatté nella posizione dell'ala e decise di usarla per i propri scopi. Convocò i demoni per conquistare il castello della sua famiglia per rivendicarlo come solo suo. La restante famiglia Rameru ora ha formato un'alleanza per riconquistare il castello e porre fine a Darutos. Hanno deciso che l'unica speranza è una guerriera magica di nome Lucia.
Winter Games (USA)	Un altro nella serie di giochi sportivi olimpici Epyx. Competi in molti eventi sportivi diversi come: salto con gli sci, hot dog, biathlon, bob, pattinaggio libero, pattinaggio di figura e altro ancora.
Wit's (Japan)	La versione console di Wit's, pur giocando in modo molto simile alla versione arcade, presenta ancora alcune lievi differenze complessive. Mentre la versione arcade ti fa avanzare attraverso 99 livelli, la versione console ha, proprio come la serie Mega Man, una schermata di selezione del livello in cui scegli l'avversario da affrontare. Ciascuno dei cinque livelli iniziali è composto da cinque round e presenta un diverso espediente di gioco che dovrai padroneggiare. Oltre al gioco per giocatore singolo, il gioco offre anche varie modalità multiplayer per un massimo di quattro giocatori.
Wizardry - Knight of Diamonds - The Second Scenario (USA)	Wizardry: Knight of Diamonds è il sequel di Wizardry: Proving Grounds of the Mad Overlord. È esattamente lo stesso del suo predecessore; un gioco di ruolo in prima persona a tessere, o movimento basato sulla griglia, che inizia all'interno del castello che funge da base per la gestione del gruppo e il labirinto in cui si svolge l'avventura. La dimensione del gruppo è limitata a sei membri, sebbene i partiti più piccoli siano consentiti ma non suggeriti per la sopravvivenza. Il giocatore deve trovare penetrare i pericoli e i misteri del Labirinto per recuperare i pezzi di armatura che un tempo erano appartenuti al Cavaliere di Diamanti.
Wizardry - Proving Grounds of the Mad Overlord (USA)	Il primo gioco di Wizardry era uno dei dungeon crawler CRPG originali e si pone insieme a Ultima e Might & Magic come uno dei capisaldi del genere. Generi e controlli un gruppo di un massimo di sei diversi avventurieri e li mandi in un dungeon vettoriale 3D per combattere mostri e trovare tesori. Il gioco si svolge nel dominio di Trebor, il titolare Mad Overlord. Trebor una volta era solo un pazzo per il potere, ma è andato fuori di testa dopo aver acquisito un amuleto magico di immenso potere solo per vederlo rubato dalla sua nemesi, l'arcimago malvagio Werdna.
Wizardry II - Llylgamyn no Isan (Japan)	È passata una generazione da quando la tua banda di avventurieri ha reclamato il Bastone di Gnilda e l'armatura del Cavaliere di Diamanti, e la terra è stata in pace. Ma ora la natura stessa sembra attaccare la terra di Llylgamyn, mentre terremoti e maremoti devastano la terra. I Saggi credono che il Globo della Divinazione sia la salvezza della città, ma è custodito dal drago L'kbreth. Una banda di esploratori deve avventurarsi ancora una volta alla ricerca dell'Orb. Legacy of Llylgamyn è la terza voce della serie Wizardry. Come i suoi predecessori, è un gioco di ruolo in prima persona in cui il giocatore assembla un gruppo di un massimo di sei personaggi ed esplora un grande dungeon simile a un labirinto, combattendo nemici che appaiono casualmente in combattimenti a turni e tornando occasionalmente nell'unica città del gioco dove riposare, acquistare provviste e vestire i personaggi. I personaggi devono essere importati dal primo o dal secondo gioco.
Wizards & Warriors (USA)	Tu sei Kuros, un potente cavaliere che entra nei boschi di Elrond. La leggenda dice che un potente mago di nome Malkil è diventato completamente pazzo durante i suoi anni e ha trasformato la sua potente magia nel lato oscuro. Malkil ha la sua base nel castello IronSpire dove ha imprigionato una giovane e bella principessa. Spetta a Kuros salvare la principessa una volta per tutte.
Wizards & Warriors III - Kuros...Visions of Power (USA)	Wizards & Warriors III: Kuros Visions of Power è un gioco d'azione/piattaforma su Nes. L'obiettivo è trovare delle statue che vi permettano di entrare nelle varie gilde di Elrond. Una volta dentro, potrai partecipare a un test, che si conclude con la lotta contro un boss.
Wolverine (USA)	In questo gioco d'azione a scorrimento laterale, vestirai i panni di Wolverine, bloccato su un'isola remota da Sabretooth e Magneto, e dovrai combattere attraverso nove missioni, che si concluderanno infine con battaglie contro Sabretooth e Magneto. Lungo la strada, i compagni X-Men Havok, Psylocke e Jubilee possono essere chiamati ad aiutare Wolverine in determinate situazioni. Naturalmente, puoi sempre utilizzare i tuoi artigli di adamantio e il fattore di guarigione quando il gioco si fa duro.
Woody Poko (Japan)	Il giocatore controlla una vecchia figura di legno chiamata &quot;Questo bagaglio&quot;. È un eroe che ha vissuto in armonia con gli umani per molti anni. Per This Baggage, il viaggio è trovare la fata che insegna alle persone a tornare ad essere amichevoli con le bambole di legno. I nemici incontrati nel gioco sono strane creature e vecchi fastidiosi. Il giocatore attacca usando i pugni contro di loro. I giocatori possono rubare gli oggetti nel negozio. Ma dopo aver rubato, l'aspetto del giocatore è cambiato per assomigliare a quello di un ladro. Gli hotel e i banchi dei pegni non possono più ammettere il giocatore per il resto della partita dopo che si è verificato un furto.
World Boxing (Japan)	World Boxing è un gioco sportivo, sviluppato da Natsume e pubblicato da TSS, che è stato rilasciato in Giappone nel 1990. È un clone dei pirati. Essere un'interessante esclusiva giapponese che si è fatta strada negli Stati Uniti. UU Con una grafica fantastica e una prospettiva unica.
World Champ (USA)	World Champ è un gioco di boxe che ha molte somiglianze con Ring King di Data East. Puoi giocare a una modalità &quot;Classifica&quot; per un giocatore, in cui puoi aumentare le statistiche del tuo pugile mentre sali la scala per sfidare alla fine un campionato in una delle quattro classi di peso. C'è anche una modalità a due giocatori contro in cui tu e un amico potete confrontarvi. Una modalità torneo consente a un massimo di 8 giocatori di partecipare a un torneo a parentesi. Il gameplay consiste in ogni pugile che si muove sul ring cercando di atterrare jab, hook e uppercut. L'obiettivo è eliminare il tuo avversario per un conteggio di 10 o avere il maggior numero di punti sulla scorecard alla fine del numero di round assegnato.
World Games (USA)	Gli eventi disponibili variano leggermente a seconda della piattaforma e possono includere: sollevamento pesi (Russia) slalom (Francia) Log Rolling (Canada) Cliff diving (Messico) Caber toss (Scozia) Bull riding (Stati Uniti) Barrel jumping (Germania) Sumo Wrestling (Giappone) ) Il gioco permetteva al giocatore di competere in tutti gli eventi in sequenza, scegliere alcuni eventi, scegliere un solo evento o esercitarsi in un evento.
Wrath of the Black Manta (USA)	La Grande Mela è invasa dal crimine e le città dei bambini stanno misteriosamente scomparendo. Spetta alla Manta Nera salvare i bambini e fermare chi c'è dietro. Oltre alle tue abilità ninja, sarai in grado di trovare poteri aggiuntivi (tra cui invisibilità e teletrasporto) per aiutarti contro i numerosi e ben armati cattivi. Wrath of the Black Manta è un gioco d'azione in stile arcade a scorrimento laterale con cinque diversi livelli. Durante ogni livello potresti imbatterti in vari indizi per aiutarti a trovare dove andare dopo o condurti in un luogo nascosto. Alcuni dei cattivi che incontri potrebbero anche possedere conoscenze utili e possono essere interrogati (se prima non ti uccidono!).
Wrecking Crew (World)	Wrecking Crew è un gioco d'azione platform per uno o due giocatori. Controlli Mario e Luigi che devono demolire vari edifici. Dopo che ogni muro dell'edificio è stato distrutto, si passa all'edificio successivo (e più difficile). Molti degli edifici hanno un elemento di puzzle; potrebbe essere necessario trovare il percorso per raggiungere tutti i muri senza rimanere intrappolati in un vicolo cieco. A vagare per gli edifici ci sono creature pericolose e il caposquadra, che impediranno a Mario e Luigi di completare il loro compito. Il gioco dispone di 100 livelli, oppure usa il set di costruzione e crea e gioca i tuoi edifici.
Wurm - Journey to the Center of the Earth! (USA)	Nell'anno 1999, il mondo si trova improvvisamente ad affrontare gravi disastri naturali. Gli scienziati sono perplessi e decidono che è necessaria la ricerca all'interno della terra. A tal fine, viene costruito un veicolo sotterraneo per esplorare gli inferi. Lo chiamano VZR, ma l'equipaggio lo conosce più comunemente come Wurm. Quattro diversi Wurm sono già stati spediti e misteriosamente scomparsi, quindi un quinto veicolo Wurm è pronto per il decollo con l'equipaggio dei migliori e dei più brillanti. Il capo dell'equipaggio Moby è stato scelto per guidare la missione, anche se ha perso sia il suo amore che il padre nelle precedenti missioni Wurm. Spetterà a lei e all'equipaggio scoprire questo mistero e salvare gli altri membri dei Wurm. C'è anche una questione di misteriosi cristalli che sono stati trovati sottoterra...
WWF King of the Ring (USA)	WWF King of the Ring Un altro clone di wrestling rilasciato ai tempi con alcune piccole differenze come le valutazioni delle abilità che gli conferiscono un tocco un po' strategico. Ci sono nove lottatori in totale: Hulk Hogan, Randy Savage, Lex Luger, Yokozuna, Razor Ramon, Bret Hart, Shawn Michaels, il compianto Mr. Perfect e in una svolta un nono lottatore che il giocatore può creare con attributi personalizzati. Il gioco include partite uno contro uno, partite di campionato, partite di tag team e il torneo King of the Ring.
WWF WrestleMania (USA)	WWF Wrestlemania è la prima incursione del WWF (ora WWE) nel Nintendo Entertainment System. Questo gioco ti mette nei panni delle più grandi star dell'epoca come Andre The Giant, Hulk Hogan e Randy Savage. Ognuno dei sei lottatori ha i suoi punti di forza e abilità speciali. Puoi scegliere tra diversi modi di giocare, inclusa l'azione del torneo in cui scegli il lottatore di tua scelta e poi combatti gli altri cinque in partite a tempo. Se hai da due a sei giocatori puoi scegliere la migliore azione del torneo. Il wrestler con il maggior numero di vittorie alla fine del torneo è il campione e può indossare l'ambito titolo del campionato WWF in oro massiccio.
WWF WrestleMania - Challenge (USA)	Questo gioco presenta molti dei grandi del WWF, come Ravishing Rick Rude, The Big Boss Man, Andre The Giant, &quot;The Macho Man&quot; Randy Savage, Hulk Hogan, &quot;Hacksaw&quot; Jim Duggan, Brutus &quot;The Barber&quot; Beefcake e The Ultimo guerriero. Puoi intraprendere una piccola carriera cercando di diventare il WWF Wrestling Champion giocando come te. Ci sono anche i playdown uno contro uno. Tag Team di 2 vs. 2 sono anche un'altra opzione. La serie dei sopravvissuti è dove 3 lottatori affrontano 3 lottatori e l'ultima squadra in piedi dopo che l'altra è stata eliminata è la vincitrice.
WWF WrestleMania - Steel Cage Challenge (USA)	Il gioco presenta diverse famose star del WWF, come &quot;Macho Man&quot; Randy Savage, Bret &quot;Hitman&quot; Hart, The Mountie, The Undertaker, Irwin R. Schyster, &quot;Million Dollar Man&quot; Ted DiBiase, Sid Justice, &quot;Rowdy&quot; Roddy Piper , Jake &quot;The Snake&quot; Roberts e, naturalmente, la leggenda del wrestling Hulk Hogan. Tutti i lottatori possono eseguire le loro famose mosse distintive e avere punti di forza e di debolezza individuali. Le modalità di gioco includono una modalità carriera e diverse modalità per due giocatori, incluso il nome che dà la sfida alla gabbia d'acciaio.
Xenophobe (USA)	Xenos. Il nome stesso incute paura nel cuore di ogni colono. Una richiesta di soccorso viene ricevuta dalle stazioni spaziali in orbita attorno al tuo pianeta natale, quindi silenzio. Una sola nave fugge, pilotata da un uomo maltrattato che racconta la storia di baccelli che si schiudono in Xenos che sputa acido. Un piccolo gruppo di ingegneri è stato inviato per combattere la minaccia Xeno prima che prenda il controllo di tutte le stazioni spaziali e, infine, del tuo pianeta natale. Raduna la tua banda di ingegneri e combatti gli Xeno su ogni stazione, cercando di ripulirla o abbandonarla. Inizi con un laser standard, ma puoi raccogliere armi aggiuntive man mano che le trovi, inclusi phaser, fucili a fulmine, pistole Poofer e bombe. Xenophobe era originariamente un coin-op arcade di Bally/Midway, pubblicato nel 1987. La premessa e l'ambientazione del gioco sono fortemente ispirate/influenzate dal film Aliens.
Xevious - The Avenger (USA)	Xevious è uno sparatutto su Nes, il primo a offrire lo scorrimento verticale e la possibilità di attaccare i nemici sia a terra che in aria. Devi proteggere la Terra dallo spietato Xevious, e per questo la tua unica difesa sarà il Soulvalou Fighter Plane.
Xexyz (USA)	L'anno è il 2777. A causa di guerre nucleari e disastri naturali, la popolazione terrestre è diminuita drasticamente e rimangono solo cinque isole, formando la nazione di Xexyz. A Xexyz, umani, spiriti e fate hanno vissuto pacificamente per secoli sotto il regno di Re Xeu Star. Un giorno, Xexyz viene attaccato da Goruza, che assassina il re, costruisce castelli a molla su ogni isola e cattura la regina di Xexyz. ogni isola. Assumi il ruolo di un soldato di nome Apollo che vuole porre fine al regno di Goruza.
Yamamura Misa Suspense Series - Kyoto Zai-Tech Satsujin Jiken (Japan)	Yamamura Misa Suspense: Kyouto Zaiteku Satsujin Jiken è il terzo e ultimo gioco giapponese di omicidi e misteri della serie di videogiochi Yamamura Misa Suspense sviluppata per il Nintendo Entertainment System da TOSE e pubblicata da HectorSoft nel 1990. Il giocatore assume il ruolo di un detective mentre tentano di risolvere un caso di omicidio viaggiando attraverso una città, interrogando sospetti e testimoni. Il gameplay comprende principalmente la selezione di azioni attraverso i menu o la selezione di elementi mostrati sullo schermo per interagire con simili a molti giochi di avventura punta e clicca.
Yasuda Fire & Marine - Safety Rally (Japan) (Not For Resale)	Questo gioco non era venduto nei negozi il che lo rende molto raro, era distribuito dalla compagnia di assicurazioni Yasuda, nel 1989. Serve ad insegnare ai bambini il concetto di sicurezza e pericoli per aiutarli a crescere in un mondo più sicuro.
Yie Ar Kung-Fu (Japan) (En) (Rev 1.4)	Basato sul popolare gioco arcade, Yie Ar Kung-Fu segue la ricerca di Oolong per diventare un maestro di Kung-Fu. Ovviamente questo implica combattere una vasta gamma di avversari in un tradizionale ambiente 2D uno contro uno. Oolong ha una vasta gamma di attacchi che può usare per abbassare la barra della vita del suo avversario, inclusi i tradizionali attacchi di pugni e calci e quelli di salto. Gli avversari sono ben armati con armi e attacchi unici, quindi il compito di Oolong non sarà facile.
Yo! Noid (USA)	Yo! Noid on Nes presenta il Noid, la mascotte di Domino's Pizza negli anni 80. In realtà è un gioco platform in cui devi raggiungere un impostore che sta seminando il panico in città e allo stesso tempo consegnare pizze. La versione originale giapponese &quot;Kamen no Ninja Hanamaru&quot; prevedeva un piccolo ninja che doveva salvare i bambini.
Yoshi (USA)	Un'invasione di puzzle in volo! Sta piovendo Goomba, Bloober e Boo Buddies! Devi aiutare Mario a far fronte all'invasione aerea! Quando le creature cadono, prendile su dei vassoi. Cambia e mescola per salvare la giornata! Impila due di un tipo ed entrambi scompaiono. Oppure, cattura l'intero mazzo tra i gusci d'uovo. Quando i gusci delle uova combaciano, fuori si schiude Yoshi e aumenta il tuo punteggio! L'azione si surriscalda mentre i personaggi cadono sempre più velocemente. Se le tue pile diventano troppo alte, il gioco è finito. Scegli il tuo livello di difficoltà e gioca per un punteggio elevato o sfida un amico in un testa a testa! Se ti piace il Dr. Mario, ma sei pronto per un nuovo tipo di sfida, adorerai questo gioco di puzzle d'azione veloce!
Yoshi's Cookie (USA)	Yoshi's Cookie è un puzzle game frenetico che può essere apprezzato da tutti poiché è facile da giocare, ma impegnativo da completare. Per giocare, sposti i cookie posizionati casualmente in righe e colonne di cookie con schemi simili. Quando assembla correttamente una riga o una colonna degli stessi cookie, la riga scompare e puoi iniziare su una nuova riga o colonna. Il biscotto &quot;Yoshi&quot; è molto speciale sia nel gioco a 1 giocatore che in quello a 2 giocatori. Poiché lo Yoshi Cookie è la chiave di entrambi i giochi, devi usarlo con saggezza.
Youkai Club (Japan)	Questo è un gioco di tipo piattaforma d'azione estremamente difficile. Questo gioco è per lo più simile ad altre varianti di corsa e salto di Mario Bros che conosciamo. Questo gioco, tuttavia, introduce un po' di un tema di tipo Castlevania. Per lo più viaggi verso l'alto e non da un lato all'altro come la maggior parte dei giochi a scorrimento laterale simili. Questo contribuisce a rendere il gioco più difficile degli altri. Ha anche una svolta in più che devi aggirare gli ostacoli, le linee di fuoco che escono dal pavimento e molte altre cose. Raccogli chiavi, bombe e altri oggetti di cui non sono sicuro dove li usi perché non sono arrivato a tanto. Tutto sommato è un gioco divertente, anche se molto impegnativo.
Youkai Douchuuki (Japan)	Il giocatore controlla un ragazzo di nome Tarosuke, che viaggia attraverso &quot;Jigoku&quot; (il concetto giapponese di inferno) combattendo contro gli &quot;yokai&quot; (mitici mostri giapponesi) sulla strada per il suo destino finale, come determinato da Buddha. Distrugge i suoi nemici sparando piccoli proiettili Ki, che possono essere caricati per aumentare la loro potenza; tuttavia, se sovraccaricato, non è in grado di muoversi o combattere per alcuni secondi. Durante le battaglie con i boss, Tarosuke si inginocchia in un santuario dedicato a Buddha e prega, evocando &quot;Monmotaro&quot; (da non confondere con &quot;MomotarÅ&quot;), uno spirito che fluttua nell'aria e lascia cadere sfere di energia sul boss e su tutti i suoi lacchè. Una volta sconfitto il boss, Tarosuke passa alla fase successiva.
Young Indiana Jones Chronicles, The (USA)	The Young Indiana Jones Chronicles è basato sull'omonima serie televisiva, che a sua volta è basata sulla serie di film Lucas/Spielberg con Harrison Ford. In questo gioco, un giovane Indiana Jones si imbarca in avventure giramondo in cui raccoglie tesori e combatte per ciò che è buono e giusto. nnIl gioco presenta un'azione a scorrimento laterale in cui il giovane Indy trotterella sul terreno, salta, striscia in piano e può raccogliere e impugnare una varietà di armi contro numerosi nemici nel gioco. Indy inizia con una frusta e può trovare armi come coltelli da lancio, granate, pistole, fucili e altro. Può anche raccogliere potenziamenti del cappello che gli consentono di sostenere più danni.
Ys (Japan)	Sei Adol (Aron nella versione Sega Master System) Christian, un avventuriero dai capelli rossi ed esperto spadaccino. Un giorno incontri un indovino che ti manda alla ricerca di informazioni sui sei libri di Ys. Sembra che un tempo esistesse un'antica terra chiamata Ys, il cui segreto era sigillato in quei sei libri. In poco tempo apprendi che i sei libri sono stati tutti rubati dal malvagio mago Dark Fact (Dulk Dekt nella versione Sega Master System, Malificus nella versione PC). È tuo compito sconfiggere il cattivo e scoprire il segreto di Ys! Ys è un action RPG con combattimenti originali: invece di premere il pulsante &quot;attacca&quot;, ti imbatti semplicemente nei nemici che incontri. Fai più danni se li incontri da dietro o dai lati: una collisione testa a testa potrebbe provocare la morte di Adol se il mostro è più forte di lui. Guadagni oro e punti esperienza per aver sconfitto i tuoi nemici; una volta che hai acquisito abbastanza esperienza, sali di livello e diventi più forte. Puoi acquistare ed equipaggiare spade, armature, scudi e altri accessori.
Ys II - Ancient Ys Vanished - The Final Chapter (Japan)	Questo è il secondo gioco della lunga serie di giochi di ruolo d'azione Ys. Una luce brillante si è alzata dalla Dahm Tower alla fine del primo gioco, e il nostro eroe Adol Christian viene svegliato da una giovane ragazza che lo trova disteso a terra. Si presenta come Lilia e dice ad Adol che è nella terra di Ys. Finalmente è stato in grado di stabilire una connessione tra il suo mondo e questa terra misteriosa! Ma trovare la porta per Ys non è sufficiente: Adol deve fermare l'entità malvagia che il suo acerrimo nemico Oscuro ha servito. E i suoi nemici sanno già dove si trova ...
Ys III - Wanderers from Ys (Japan)	Dogi, amico di lunga data di Adol, desidera tornare nella sua città natale di Redmont dopo aver sentito di strani disordini che stanno accadendo lì. Sempre alla ricerca di un'avventura, Adol si unisce a lui e presto scopre la causa di questo nuovo male. Ys III si stacca dal sistema di battaglia &quot;urtando contro i nemici&quot; dei primi due giochi e consente ad Adol di controllare la sua spada in una varietà di direzioni. Oltre a cambiare il sistema di combattimento, il gioco ora è a scorrimento laterale invece della vista dall'alto verso il basso dei giochi precedenti. Adol ora ha anche la capacità di saltare. Non nuovo nella serie è l'uso di anelli magici che danno ad Adol diverse abilità di potenziamento come la guarigione e lo scudo. Il gioco utilizza anche vari oggetti chiave trovati lungo il percorso per risolvere piccoli enigmi e far progredire la storia.
Yu Yu Hakusho - Bakutou Ankoku Bujutsukai (Japan) (Datach)	Yu Yu Hakusho ha ispirato il gioco di combattimento per Famicom, sviluppato da TOSE e pubblicato da Bandai, che è stato rilasciato in Giappone nel 1993. Basato sul manga e sulla serie anime YuYu Hakusho creata da Yoshihiro Togashi. Il protagonista è Yusuke Urameshi, uno studente delinquente delle medie che viene ucciso mentre cerca di salvare un ragazzo dall'essere investito da un'auto. Yusuke viene riportato in vita e viene prontamente incaricato di partecipare al torneo di arti marziali per sconfiggere il demone Rando. Uno dei sette giochi rilasciati per il Datach Joint ROM System, un accessorio di miglioramento aftermarket da Bandai per Famicom, che consente al sistema di riprodurre giochi compatibili selezionati. La sua caratteristica principale è lo slot di lettura delle carte/codice a barre sul davanti utilizzato per aggiungere personaggi o oggetti al gioco.
Yume Penguin Monogatari (Japan)	In Yume Penguin Monogatari interpreti Penta (abbreviazione di Pentaro), il pinguino, che sta cercando di catturare il cuore di Penko. Ma il problema è che Penta è troppo grasso! Ginji, l'attuale fidanzato di Penko, manda i suoi scagnozzi a fermarti lanciandoti del cibo! Quindi devi evitare di distruggere i suoi scagnozzi, raccogliere Fat-B-Gone e arrivare alla fine del livello in tempo per non parlare del fatto che devi essere abbastanza magro. nnYume Penguin Monogatari è un gioco platform in cui devi aiutare Penta a perdere peso. Come Penta, puoi muoverti più velocemente e saltare più in alto quando sei più magro, hai anche attacchi diversi a ogni livello... ehm... forma. Quando sei paffuto, salti in aria e fai cadere a pancia in giù i tuoi avversari, quando sei normale, prendi a calci le cose e quando sei magro, spari alle cose.
Zanac (USA)	Zanac sur Nes è uno shoot 'em up molto particolare. In effetti, è probabilmente il primo gioco a utilizzare l'IA scalabile per i robot. Dato che il gioco è a scorrimento verticale, se il giocatore mette fuori combattimento i nemici provenienti da sinistra troppo facilmente, l'IA potrebbe benissimo farli apparire più a destra per travolgerlo, ad esempio.
Zelda II - The Adventure of Link (USA)	La terra di Hyrule è nel caos. Nei panni di Link, sarai inviato in un viaggio insidioso per riportare sei preziosi cristalli alle loro origini in sei statue di pietra. Solo sconfiggendo i guardiani dei sei palazzi otterrai il passaggio al settimo palazzo, affronterai l'ultima sfida che ti aspetta e risveglierai la principessa Zelda dal suo incantesimo di sonno. Sulla tua strada, gli utili abitanti del villaggio che incontrerai ti offriranno indizi e messaggi segreti inestimabili nella tua ricerca. Mentre guidi Link attraverso i livelli di Hyrule, i primi piani e le panoramiche miglioreranno la tua visione video. Sei all'altezza della sfida?
Zen - Intergalactic Ninja (USA)	Zen: Intergalactic Ninja, basato sull'omonimo fumetto, è la storia di un ninja ambientalista militante di nome Zen, incaricato da un gruppo di alieni verdi e dalla testa appuntita di venire sulla terra e fermare l'inquinamento ambientale causato da qualsiasi significa medio se necessario. Alla fine, dovrai trovare il grande inquinatore, Lord Contaminous. Il gioco consiste in uno scorrimento laterale e un'azione di scorrimento 3D isometrica. Zen può correre, saltare, colpire con questo bastone o usare i potenziamenti come richiesto dal gioco.
Zippy Race (Japan)	In un gioco che ricorda sia Road Fighter che Rally Bike, il giocatore prende il controllo di un motociclista che sta gareggiando per essere il primo ad attraversare gli Stati Uniti dalla costa occidentale a quella orientale, partendo da Los Angeles e finendo a New York Città. Il gameplay consiste nel fatto che il giocatore schiva le auto e altri pericoli della carreggiata mentre si dirige verso il checkpoint successivo. I giocatori possono accelerare o frenare sulla loro moto in modo da evitare di cadere in un incidente. Gli incidenti fanno perdere carburante al giocatore e l'esaurimento del carburante può terminare il gioco. Quindi i giocatori devono tenere d'occhio l'indicatore del carburante, che può essere riempito da barili di carburante disseminati in ogni fase. Ogni macchina che il giocatore supera migliora i suoi ranghi, aumentando il suo punteggio.
Zoda's Revenge - StarTropics II (USA)	Sei Mike Jones, il personaggio principale del gioco. Un giorno nell'ufficio del dottor Jones, viene aperta la Oxford Wonder Word e mentre si pronunciano le parole magiche; si apre una spaccatura temporale e cadi dentro. Questo gioco è un viaggio nel tempo e nello spazio, attraversando 8 diversi cambiamenti temporali e incontrando alcune delle figure storiche del passato. La tua missione è ottenere le tetradi mistiche che si trovano in questi periodi di tempo. Ti imbatti nella creatura aliena Zoda che vuole rubare e distruggere le tetradi.
Zoids - Chuuou Tairiku no Tatakai (Japan)	Un gioco sparatutto RPG + 3D basato su feste di bio-zoidi mecha. La scena della battaglia è uno sparatutto a scorrimento a 360 gradi. È rassicurante avere amici.
Zoids 2 - Zenebas no Gyakushuu (Japan)	Zoids 2: Zenebasu no Gyakushuu (Zoids 2: Counterattack of Zenebas) è un gioco di ruolo sviluppato da Micronics per Famicom e pubblicato solo in Giappone da Toshiba EMI nel 1989. È il sequel del gioco Famicom originale Zoids: Chuuou Tairiku no Tatakai e presenta anche i personaggi della serie di giocattoli modello Zoids di Tomy (ora Takara-Tomy). Zoids 2 presenta anche la stessa combinazione sviluppatore/editore di Micronics e Toshiba-EMI. Come con i primi Zoid su NES, Zoids 2 è un gioco di ruolo della varietà Dragon Quest che passa a battaglie sparatutto in prima persona quando affronta altri Zoid. Il mondo di Zoid 2 è ancora incongruamente medievale come il mondo del primo gioco.
Zoids Mokushiroku (Japan)	Zoids: Mokushiroku, o Zoids: Apocalypse, è un gioco di strategia basato sul franchise di Tomy's Zoids. Funziona come un normale gioco di strategia, ma quando due unità si fronteggiano, diventa più orientato all'azione. Il giocatore può scegliere tra un gioco di strategia a turni o un gioco di strategia in tempo reale, qualcosa che rende questo gioco unico tra gli altri giochi di strategia. Occasionalmente si verificano terremoti, che possono cambiare l'ambiente bloccando percorsi, creandone di nuovi, ecc.
Zombie Hunter (Japan)	La città di Palma è sempre stata protetta dagli spiriti dei quattro elementi. Tuttavia, Dolgo, lo spirito della terra, si ribella e se ne va con il Life Seeker, il controllore delle energie vitali del mondo, nella sua tana sotterranea. Così facendo, la gente di Palma inizia a perdere la propria anima. Lo spirito dell'aria ha ordinato di trovare un campione, per recuperare il Life Seeker dalle grinfie di Dolgo. Tu sei quel campione. Zombie Hunter è un gioco di ruolo d'azione, in qualche modo simile a Zelda II con le sue battaglie a scorrimento laterale. Ricevi esperienza sconfiggendo i tuoi nemici e hai un inventario completo di armature e armi.
Zombie Nation (USA)	Nel 1999 un misterioso oggetto si schianta nel deserto e appare una misteriosa creatura, Darc Seed. Usando poteri magnetici, trasforma presto il popolo degli Stati Uniti in zombi ed esercita influenza su varie armi e oggetti. Tra le armi che Darc Seed sostiene c'è la leggendaria spada da samurai, Shura. Quando il grande capo dei samurai, Namakubi, viene a sapere di questo, parte per gli Stati Uniti per sconfiggere Darc Seed e reclamare la spada.
Zunou Senkan Galg (Japan) (En)	Zunou Senkan Galg (&quot;Brain Battleship Galg&quot;), chiamato semplicemente Galg dalla schermata del titolo del gioco, è uno sparatutto a scorrimento verticale in cui il giocatore deve navigare in una serie di ambienti simili a canyon per trovare i pezzi mancanti a un macchina da guerra. Ogni fase ha almeno un pezzo, quindi il giocatore deve visitarli tutti per trovare il numero necessario. Oltre a questo, ci sono numerosi segreti nascosti durante le numerose fasi del gioco e il giocatore deve spesso scegliere tra più percorsi che portano a fasi diverse. Il gioco si pubblicizza come un &quot;RPG&quot; sulla sua box art, riferendosi a questo ulteriore livello di complessità.
