#key	synopsis
3-ji no Wide Shou - 5 Gatsugou (Japan) (Magazine)	3 Ji no WIDE Shou es una revista digital descargable que se transmitió en al menos 8 segmentos para Satellaview entre el 31 de mayo de 1998 y el 19 de diciembre de 1998. Este título estaba disponible para descargar desde la ubicación de la estación de tren cuando se usaba el cartucho BS-X .
3-ji no Wide Shou - 6 Gatsugou (Japan) (Magazine)	3 Ji no WIDE Shou es una revista digital descargable que se transmitió en al menos 8 segmentos para Satellaview entre el 31 de mayo de 1998 y el 19 de diciembre de 1998. Este título estaba disponible para descargar desde la ubicación de la estación de tren cuando se usaba el cartucho BS-X .
Actraiser (Japan) (5-14)	ActRaiser (BS) es byte por byte (sin encabezado) idéntico a la versión minorista japonesa (aunque parece que su sistema de ahorro no funciona en una configuración de hardware real. El jugador juega como &quot;The Master&quot;, el protagonista principal de el juego, aunque el jugador nunca se controla directamente, el jugador interactúa con el mundo controlando un ángel y una estatua animada. El modo de simulación de vista aérea implica proteger y guiar a la nueva civilización del Maestro hacia la prosperidad, comenzando con dos humanos. Esta parte del juego requiere que el jugador tome medidas que fomenten el crecimiento de la población, incluida la planificación de carreteras y los rayos, la lluvia, la luz solar, el viento, los terremotos y los milagros. El ángel puede interactuar con los monstruos en el área disparándoles con la ayuda del maestro. Cada área tiene dos secuencias de acción de desplazamiento lateral, una antes de la simulación del edificio y cerca del final. En las secuencias de acción, el jugador controla una estatua con forma humana que el Maestro le da vida. El jugador debe saltar de plataforma en plataforma mientras derrota a los monstruos para aumentar la puntuación. Al final de cada secuencia de acción, el jugador debe derrotar a un jefe. Entre muchas cosas, el juego es reconocido por su puntuación, que está compuesto por Yuzo Koshiro. Su lanzamiento dentro de los seis meses posteriores al lanzamiento de la consola se muestra en las siguientes páginas:
AK LIVE Hit Gang (1995-4-28) + Game Tora no Ooana (1995-4-28) (Japan) (SoundLink Magazine)	AK Live Hit Gang transmite varios medios (gráficos, canciones, etc.) relacionados con la banda japonesa, AK LIVE, y estaban destinados a promover la banda y su música.
AK LIVE Hit Gang (Japan) (1995-5-30) (Magazine)	AK Live Hit Gang transmite varios medios (gráficos, canciones, etc.) relacionados con la banda japonesa, AK LIVE, y estaban destinados a promover la banda y su música.
Albert Odyssey (Japan) (5-31)	Albert Odyssey es un videojuego de rol táctico desarrollado y publicado por Japón en marzo de 1993. El juego presenta combate basado en la estrategia además de elementos tradicionales del juego de rol en entornos bidimensionales. El juego fue relanzado para Satellaview en marzo de 1998. Players asume el papel de Albert, el joven espadachín heroico que vive en un mundo de fantasía lleno de monstruos y criaturas míticas. Si bien gran parte del mundo permanece después de un mundo de guerra, el mundo se ha convertido en un mundo de guerra. Con la ayuda de los amigos de Albert y los mercenarios contratados,
Arkanoid - Doh It Again (Japan) (En) (4-10)	Arkanoid: Doh It Again se transmitió entre el 21 de agosto de 1997 y el 31 de marzo de 1998. El reproductor controla mediante un controlador estándar o el Super NES Mouse. Las rondas se completan cuando se eliminan todos los colores. Los enemigos entran desde las puertas en la parte superior del área de juego. Cada once rondas tiene un jefe enemigo tendrá que ser combatido. Algunos de los bloques contienen potenciadores que debes atrapar con tu pala para usar. El juego tiene un total de 99 niveles, un modo de edición en el que los usuarios pueden crear sus propios niveles, potenciadores y capacidades para dos jugadores.
B Dash - 2 Gatsugou (Japan) (Magazine)	B Dash es una revista digital descargable para Satellaview que tuvo 5 ediciones entre el 15 de noviembre de 1998 y principios de 1999. Todas las ediciones de B Dash llevaban un subtítulo en romaji “X-Gatsu-Go” que indicaba el mes. Por ejemplo, el volumen de febrero puede retraducirse al kanji como “2 Gatsu Gou” o “Edición de Febrero” (“Número de Febrero”) en inglés.
B Dash - 3 Gatsugou (Japan) (Magazine)	B Dash es una revista digital descargable para Satellaview que tuvo 5 ediciones entre el 15 de noviembre de 1998 y principios de 1999. Todas las ediciones de B Dash llevaban un subtítulo en romaji “X-Gatsu-Go” que indicaba el mes. Por ejemplo, el volumen de febrero puede retraducirse al kanji como “2 Gatsu Gou” o “Edición de Febrero” (“Número de Febrero”) en inglés.
Bakushow Mondai no Silicon Chounaikai (1996-9-14) + Super Formation Soccer (9-22) (Japan) (SoundLink Magazine, Game)	Bakusho Mondai no Shirikon Chounaikai es un programa de radio transmitido en Satellaview en Japón (Super Famicom) protagonizado por un dúo cómico. Bakushō Mondai es un dúo de comedia japonés formado por Yūji Tanaka y Hikari Ōta bajo la agencia de entretenimiento Titan Inc. Los comediantes se conocieron mientras estudiaban en el departamento de bellas artes de la Universidad Nihon y formaron Bakushō Mondai en 1988 después de abandonar la escuela. El nombre del dúo significa literalmente “estallido de risa” y “problema” o “pregunta”. Tanaka fue sometido a la extirpación de un testículo debido a un cáncer testicular, hecho que con frecuencia genera bromas por parte del boke del grupo, Ōta, así como de otras personalidades con quienes se presentan. Ōta suele ser el más destacado de los dos y con frecuencia domina los programas que conducen gracias a sus discursos extensos.
Bakushow Mondai no Silicon Chounaikai (1997-2-1) + Bakushow Mondai no Silicon Chounaikai (1997-2-8) (Japan) (SoundLink Magazine)	Bakusho Mondai no Shirikon Chounaikai es un programa de radio transmitido en Satellaview en Japón (Super Famicom) protagonizado por un dúo cómico. Bakushō Mondai es un dúo de comedia japonés formado por Yūji Tanaka y Hikari Ōta bajo la agencia de entretenimiento Titan Inc. Los comediantes se conocieron mientras estudiaban en el departamento de bellas artes de la Universidad Nihon y formaron Bakushō Mondai en 1988 después de abandonar la escuela. El nombre del dúo significa literalmente “estallido de risa” y “problema” o “pregunta”. Tanaka fue sometido a la extirpación de un testículo debido a un cáncer testicular, hecho que con frecuencia genera bromas por parte del boke del grupo, Ōta, así como de otras personalidades con quienes se presentan. Ōta suele ser el más destacado de los dos y con frecuencia domina los programas que conducen gracias a sus discursos extensos.
Bakushow Mondai no Silicon Chounaikai (Japan) (1997-2-8) (SoundLink Magazine)	Bakusho Mondai no Shirikon Chounaikai es un programa de radio transmitido en Satellaview en Japón (Super Famicom) protagonizado por un dúo cómico. Bakushō Mondai es un dúo de comedia japonés formado por Yūji Tanaka y Hikari Ōta bajo la agencia de entretenimiento Titan Inc. Los comediantes se conocieron mientras estudiaban en el departamento de bellas artes de la Universidad Nihon y formaron Bakushō Mondai en 1988 después de abandonar la escuela. El nombre del dúo significa literalmente “estallido de risa” y “problema” o “pregunta”. Tanaka fue sometido a la extirpación de un testículo debido a un cáncer testicular, hecho que con frecuencia genera bromas por parte del boke del grupo, Ōta, así como de otras personalidades con quienes se presentan. Ōta suele ser el más destacado de los dos y con frecuencia domina los programas que conducen gracias a sus discursos extensos.
Bakushow Mondai no Totsugeki! Star Pirates - Dai-1-wa (Japan) (SoundLink)	Bakusho Mondai no Totsugeki! StarPirates es un juego SoundLink descargable de 4 partes para Satellaview que fue transmitido en al menos 2 emisiones distintas entre el 22 de junio de 1997 y el 29 de noviembre de 1997. El juego cuenta con narración de voz del dúo de comedia japonés Bakushō Mondai.
Bakushow Mondai no Totsugeki! Star Pirates - Dai-3-wa (Japan) (SoundLink) [b]	Bakusho Mondai no Totsugeki! StarPirates es un juego SoundLink descargable de 4 partes para Satellaview que fue transmitido en al menos 2 emisiones distintas entre el 22 de junio de 1997 y el 29 de noviembre de 1997. El juego cuenta con narración de voz del dúo de comedia japonés Bakushō Mondai.
Bokujou Monogatari (Japan) (Demo) (1996-7-25)	BS Bokujou Monogatari es un juego Soundlink descargable de 4 partes para Satellaview que se transmitió en al menos 2 sesiones entre el 2 de septiembre de 1996 y el 30 de noviembre de 1996. El juego es un juego de simulación de vida y se presenta como una secuela posterior a el lanzamiento anterior (julio de 1996) / lanzamiento minorista Bokujou Monogatari comúnmente conocido internacionalmente como &quot;Harvest Moon&quot;; este apodo de fanático &quot;BS Harvest Moon&quot; como resultado. Junto con el juego (generalmente inmediatamente antes y después), Bokujou Monogatari Torisetsu (un manual de instrucciones digital) y Bokujou Monogatari no Kekka (un programa de puntuación / resultados).
Bokujou Monogatari - Dai-2-wa (Japan) (1996-9-9) (SoundLink)	BS Bokujou Monogatari es un juego Soundlink descargable de 4 partes para Satellaview que se transmitió en al menos 2 sesiones entre el 2 de septiembre de 1996 y el 30 de noviembre de 1996. El juego es un juego de simulación de vida y se presenta como una secuela posterior a el lanzamiento anterior (julio de 1996) / lanzamiento minorista Bokujou Monogatari comúnmente conocido internacionalmente como &quot;Harvest Moon&quot;; este apodo de fanático &quot;BS Harvest Moon&quot; como resultado. Junto con el juego (generalmente inmediatamente antes y después), Bokujou Monogatari Torisetsu (un manual de instrucciones digital) y Bokujou Monogatari no Kekka (un programa de puntuación / resultados).
Bokujou Monogatari - Dai-4-wa (Japan) (1996-11-16) (SoundLink)	BS Bokujou Monogatari es un juego Soundlink descargable de 4 partes para Satellaview que se transmitió en al menos 2 sesiones entre el 2 de septiembre de 1996 y el 30 de noviembre de 1996. El juego es un juego de simulación de vida y se presenta como una secuela posterior a el lanzamiento anterior (julio de 1996) / lanzamiento minorista Bokujou Monogatari comúnmente conocido internacionalmente como &quot;Harvest Moon&quot;; este apodo de fanático &quot;BS Harvest Moon&quot; como resultado. Junto con el juego (generalmente inmediatamente antes y después), Bokujou Monogatari Torisetsu (un manual de instrucciones digital) y Bokujou Monogatari no Kekka (un programa de puntuación / resultados).
Bounty Sword - Satellaview Special Time Attack Version (Japan)	Versión especial de Bounty Sword para Satellaview que adapta el RPG táctico original a un formato reducido de desafío contrarreloj. Esta edición elimina gran parte del contenido completo para centrarse en completar escenarios específicos lo más rápido posible, ofreciendo una experiencia estratégica condensada diseñada para descargas por emisión satelital. Conserva su sistema híbrido de estrategia en tiempo real y pausas tácticas, pero orientado a partidas más cortas y competitivas.
BS Dragon Quest I (Japan) (SoundLink)	BS Dragon Quest es esencialmente lo mismo que Dragon Quest I de Dragon Quest I + II Recovery con múltiples peculiaridades específicas de Satellaview. Por ejemplo, las preguntas tienen un límite de tiempo, a diferencia del original. Las misiones se originan principalmente de Dragon Quest I, con algunos originales. Los fanáticos de la serie Dragon Quest / Dragon Warrior serán uno de los aspectos más populares de la película.
BS F-Zero Grand Prix - Dai-1-shuu - Knight League (Japan) (11-1) (SoundLink)	BS F-Zero Grand Prix era un juego Soundlink de cuatro partes basado en el F-Zero original. Se lanzó solo en Japón para el accesorio Satellaview de la Super Famicom. BS F-Zero Grand Prix te sumerge en un mundo futurista, donde los vehículos vuelan por la pista a casi 500 km/h, compitiendo por el primer lugar. Contenía cuatro vehículos jugables diferentes y cuatro pistas nuevas al final de cada emisión, además de las 15 pistas del juego original. Los comentarios corrieron a cargo de Bucky Koba, Tsutomu Tareki y Seiichi Hirai. Más tarde se distribuyó una secuela del juego con el nombre de BS F-Zero Grand Prix 2.
BS F-Zero Grand Prix - Dai-2-shuu - Queen League (Japan) (SoundLink)	BS F-Zero Grand Prix era un juego Soundlink de cuatro partes basado en el F-Zero original. Se lanzó solo en Japón para el accesorio Satellaview de la Super Famicom. BS F-Zero Grand Prix te sumerge en un mundo futurista, donde los vehículos vuelan por la pista a casi 500 km/h, compitiendo por el primer lugar. Contenía cuatro vehículos jugables diferentes y cuatro pistas nuevas al final de cada emisión, además de las 15 pistas del juego original. Los comentarios corrieron a cargo de Bucky Koba, Tsutomu Tareki y Seiichi Hirai. Más tarde se distribuyó una secuela del juego con el nombre de BS F-Zero Grand Prix 2.
BS F-Zero Grand Prix - Dai-3-shuu - King League (Japan) (3-20) (SoundLink)	BS F-Zero Grand Prix era un juego Soundlink de cuatro partes basado en el F-Zero original. Se lanzó solo en Japón para el accesorio Satellaview de la Super Famicom. BS F-Zero Grand Prix te sumerge en un mundo futurista, donde los vehículos vuelan por la pista a casi 500 km/h, compitiendo por el primer lugar. Contenía cuatro vehículos jugables diferentes y cuatro pistas nuevas al final de cada emisión, además de las 15 pistas del juego original. Los comentarios corrieron a cargo de Bucky Koba, Tsutomu Tareki y Seiichi Hirai. Más tarde se distribuyó una secuela del juego con el nombre de BS F-Zero Grand Prix 2.
BS F-Zero Grand Prix - Dai-4-shuu - Ace League (Japan) (11-25) (SoundLink)	BS F-Zero Grand Prix era un juego Soundlink de cuatro partes basado en el F-Zero original. Se lanzó solo en Japón para el accesorio Satellaview de la Super Famicom. BS F-Zero Grand Prix te sumerge en un mundo futurista, donde los vehículos vuelan por la pista a casi 500 km/h, compitiendo por el primer lugar. Contenía cuatro vehículos jugables diferentes y cuatro pistas nuevas al final de cada emisión, además de las 15 pistas del juego original. Los comentarios corrieron a cargo de Bucky Koba, Tsutomu Tareki y Seiichi Hirai. Más tarde se distribuyó una secuela del juego con el nombre de BS F-Zero Grand Prix 2.
BS F-Zero Grand Prix 2 - Dai-1-shuu (Japan) (SoundLink)	BS F-Zero Grand Prix 2 Juego F-Zero lanzado para Super Famicom a través de Satellaview. Se lanzaron dos versiones: un juego que no es SoundLink y un juego SoundLink. La versión original que no es SoundLink fue lanzada en la práctica BSF-Zero 2 el 1 de junio de 1997 (aunque la pantalla del título permaneció igual). Contenía las primeras carreras a lo largo de BS F-Zero Grand Prix (una nueva versión de Satellaview del original), junto con una nueva carrera llamada Mute City IV. SoundLink es una versión del juego que se ha distribuido en dos mitades y se ha distribuido en dos mitades. Al menos la primera semana reorganizó algunas carreras y reemplazó dos con nuevas ubicaciones llamadas &quot;Bosque I&quot; y &quot;Bosque II&quot; . Suponiendo que no se repitieron áreas, este es el caso de la versión SoundLink. Además, se puede ver que el jugador no puede elegir entre los modos Gran Premio y Práctica en la versión SoundLink; Fue una transmisión en vivo, el jugador se vio obligado a jugar un modo de carrera, y luego la carrera del Gran Premio.
BS F-Zero Grand Prix 2 - Practice (Japan) (6-7)	BS F-Zero Grand Prix 2 Juego F-Zero lanzado para Super Famicom a través de Satellaview. Se lanzaron dos versiones: un juego que no es SoundLink y un juego SoundLink. La versión original que no es SoundLink fue lanzada en la práctica BSF-Zero 2 el 1 de junio de 1997 (aunque la pantalla del título permaneció igual). Contenía las primeras carreras a lo largo de BS F-Zero Grand Prix (una nueva versión de Satellaview del original), junto con una nueva carrera llamada Mute City IV. SoundLink es una versión del juego que se ha distribuido en dos mitades y se ha distribuido en dos mitades. Al menos la primera semana reorganizó algunas carreras y reemplazó dos con nuevas ubicaciones llamadas &quot;Bosque I&quot; y &quot;Bosque II&quot; . Suponiendo que no se repitieron áreas, este es el caso de la versión SoundLink. Además, se puede ver que el jugador no puede elegir entre los modos Gran Premio y Práctica en la versión SoundLink; Fue una transmisión en vivo, el jugador se vio obligado a jugar un modo de carrera, y luego la carrera del Gran Premio.
BS Famitsu Magazine Kawara-ban 4-27 Gou (Japan) (Magazine)	Una revista digital descargable para Satellaview, Famitsu Magazine Karara Ban ofrecía noticias exclusivas sobre videojuegos, reportajes y contenido interactivo basado en la popular marca Famitsu. Diseñada para el servicio de transmisión satelital de Super Famicom, brindaba a los jugadores artículos multimedia, actualizaciones de la industria y programación especial adaptada para suscriptores.
BS Fire Emblem - Akaneia Senki Hen - Dai-1-wa - Palace Kanraku (Japan) (4-4) (SoundLink)	BS Fire Emblem: Akaneia Senki es un juego Soundlink descargable de 4 partes para Satellaview que se transmitió en al menos 3 sesiones separadas entre el 28 de septiembre de 1997 y el 1 de mayo de 1999.
BS Fire Emblem - Akaneia Senki Hen - Dai-2-wa - Akai Ryuu Kishi (Japan) (4-13) (SoundLink)	BS Fire Emblem: Akaneia Senki es un juego Soundlink descargable de 4 partes para Satellaview que se transmitió en al menos 3 sesiones separadas entre el 28 de septiembre de 1997 y el 1 de mayo de 1999.
BS Fire Emblem - Akaneia Senki Hen - Dai-3-wa - Seigi no Touzokudan (Japan) (4-21) (SoundLink)	BS Fire Emblem: Akaneia Senki es un juego Soundlink descargable de 4 partes para Satellaview que se transmitió en al menos 3 sesiones separadas entre el 28 de septiembre de 1997 y el 1 de mayo de 1999.
BS Fire Emblem - Akaneia Senki Hen - Dai-4-wa - Hajimari no Toki (Japan) (4-28) (SoundLink)	BS Fire Emblem: Akaneia Senki es un juego Soundlink descargable de 4 partes para Satellaview que se transmitió en al menos 3 sesiones separadas entre el 28 de septiembre de 1997 y el 1 de mayo de 1999.
BS Fuurai no Shiren - Surara o Sukue - Dai-2-shuu (Japan) (SoundLink)	Es un juego SoundLink de 4 partes para Satellaview que fue transmitido en al menos 3 emisiones. La jugabilidad es similar al anterior Fushigi no Dungeon 2: Furai no Shiren, lanzado para Super Famicom y posteriormente localizado para mercados en inglés como Mystery Dungeon: Shiren the Wanderer para Nintendo DS. También presenta similitudes con otros juegos de la serie Mystery Dungeon, incluyendo Dragon Quest Yangus, The Nightmare of Druaga y Pokémon Mystery Dungeon. Se desarrolla en una tierra de fantasía basada en el Japón feudal y pertenece al género roguelike. El héroe principal, Shiren the Wanderer, se desplaza por turnos a través de una serie de mapas llenos de monstruos, trampas y objetos. Los mapas, conocidos como mazmorras, adoptan diversas formas, incluyendo calabozos tradicionales, cuevas, bosques y más. Cuando el jugador es derrotado, debe comenzar nuevamente desde el inicio con sus estadísticas en el nivel base, aunque puede recuperar objetos previamente almacenados.
BS Fuurai no Shiren - Surara o Sukue - Dai-3-shuu (Japan) (SoundLink)	Es un juego SoundLink de 4 partes para Satellaview que fue transmitido en al menos 3 emisiones. La jugabilidad es similar al anterior Fushigi no Dungeon 2: Furai no Shiren, lanzado para Super Famicom y posteriormente localizado para mercados en inglés como Mystery Dungeon: Shiren the Wanderer para Nintendo DS. También presenta similitudes con otros juegos de la serie Mystery Dungeon, incluyendo Dragon Quest Yangus, The Nightmare of Druaga y Pokémon Mystery Dungeon. Se desarrolla en una tierra de fantasía basada en el Japón feudal y pertenece al género roguelike. El héroe principal, Shiren the Wanderer, se desplaza por turnos a través de una serie de mapas llenos de monstruos, trampas y objetos. Los mapas, conocidos como mazmorras, adoptan diversas formas, incluyendo calabozos tradicionales, cuevas, bosques y más. Cuando el jugador es derrotado, debe comenzar nuevamente desde el inicio con sus estadísticas en el nivel base, aunque puede recuperar objetos previamente almacenados.
BS Fuurai no Shiren - Surara o Sukue - Dai-4-shuu (Japan) (SoundLink)	Es un juego SoundLink de 4 partes para Satellaview que fue transmitido en al menos 3 emisiones. La jugabilidad es similar al anterior Fushigi no Dungeon 2: Furai no Shiren, lanzado para Super Famicom y posteriormente localizado para mercados en inglés como Mystery Dungeon: Shiren the Wanderer para Nintendo DS. También presenta similitudes con otros juegos de la serie Mystery Dungeon, incluyendo Dragon Quest Yangus, The Nightmare of Druaga y Pokémon Mystery Dungeon. Se desarrolla en una tierra de fantasía basada en el Japón feudal y pertenece al género roguelike. El héroe principal, Shiren the Wanderer, se desplaza por turnos a través de una serie de mapas llenos de monstruos, trampas y objetos. Los mapas, conocidos como mazmorras, adoptan diversas formas, incluyendo calabozos tradicionales, cuevas, bosques y más. Cuando el jugador es derrotado, debe comenzar nuevamente desde el inicio con sus estadísticas en el nivel base, aunque puede recuperar objetos previamente almacenados.
BS Ihatovo Monogatari - Dai-2-wa (Japan) (SoundLink)	La historia muestra que la acción tuvo lugar en el mundo utópico de Ihatovo. nnEl juego se centra en la recopilación de información (cuadernos de los cuentos de hadas de Miyazawa) y artículos (que están relacionados con los cuentos de hadas) en lugar de luchar contra los monstruos. Algunas de las sorpresas que encuentra el jugador incluyen una sala de cine que siempre está cerrada, la oportunidad de desempeñar el papel de un maestro de escuela temporal y tener retratos de personajes únicos no jugadores que aparecen mientras hablan con ellos.
BS KureKure Mou Race - 2 Tsuki-Gou (2-3) + RPG Tsukuru 2 (Japan) (Data Pack)	Un juego de rol que parodia “Ryōma ga Yuku”, una obra literaria japonesa altamente reconocida, creado con RPG Tsukuru (RPG Maker) y escrito por Hikari Ōta del dúo de comedia Bakushō Mondai.
BS KureKure Mou Race - 2 Tsuki-Gou (Japan) (2-11) (Data Pack)	Un juego de rol que parodia “Ryōma ga Yuku”, una obra literaria japonesa altamente reconocida, creado con RPG Tsukuru (RPG Maker) y escrito por Hikari Ōta del dúo de comedia Bakushō Mondai.
BS Marvelous - Camp Arnold Course - Dai-1-shuu (Japan) (SoundLink)	Marvelous BS: Camp Arnold es un juego Soundlink descargable de 4 partes para Satellaview que se ejecuta entre el 3 de noviembre de 1996 y el 29 de noviembre de 1996. El juego se transmitió como una repetición en enero de 1997. Marvelous BS: Camp Arnold sirvió como secuela Marvelous: Time Athletics, lanzado en enero de 1996, y una precuela directa de Marvelous: Muhitotsu no Takara-jima que no se transmitió a través de Satellaview sino que se publicó en cartucho SFC en octubre de 1996.
BS Marvelous - Camp Arnold Course - Dai-2-shuu (Japan) (SoundLink)	Marvelous BS: Camp Arnold es un juego Soundlink descargable de 4 partes para Satellaview que se ejecuta entre el 3 de noviembre de 1996 y el 29 de noviembre de 1996. El juego se transmitió como una repetición en enero de 1997. Marvelous BS: Camp Arnold sirvió como secuela Marvelous: Time Athletics, lanzado en enero de 1996, y una precuela directa de Marvelous: Muhitotsu no Takara-jima que no se transmitió a través de Satellaview sino que se publicó en cartucho SFC en octubre de 1996.
BS Marvelous - Camp Arnold Course - Dai-3-shuu (Japan) (SoundLink)	Marvelous BS: Camp Arnold es un juego Soundlink descargable de 4 partes para Satellaview que se ejecuta entre el 3 de noviembre de 1996 y el 29 de noviembre de 1996. El juego se transmitió como una repetición en enero de 1997. Marvelous BS: Camp Arnold sirvió como secuela Marvelous: Time Athletics, lanzado en enero de 1996, y una precuela directa de Marvelous: Muhitotsu no Takara-jima que no se transmitió a través de Satellaview sino que se publicó en cartucho SFC en octubre de 1996.
BS Marvelous - Camp Arnold Course - Dai-4-shuu (Japan) (SoundLink)	Marvelous BS: Camp Arnold es un juego Soundlink descargable de 4 partes para Satellaview que se ejecuta entre el 3 de noviembre de 1996 y el 29 de noviembre de 1996. El juego se transmitió como una repetición en enero de 1997. Marvelous BS: Camp Arnold sirvió como secuela Marvelous: Time Athletics, lanzado en enero de 1996, y una precuela directa de Marvelous: Muhitotsu no Takara-jima que no se transmitió a través de Satellaview sino que se publicó en cartucho SFC en octubre de 1996.
BS Marvelous - Time Athletic Course - Dai-1-shuu (Japan) (SoundLink)	Marvelous BS: Time Athletics es un juego Soundlink descargable de 4 partes para Satellaview que se ejecutó entre el 1 de enero de 1996 y el 31 de enero de 1996. El juego se transmitió en abril de 1996. Una secuela de BS Marvelous: Time Athletics titulado Marvelous BS: Camp Arnold fue lanzado en noviembre de 1996 como una precuela directa de Marvelous: Mohitotsu no Takarajima que no se transmitió a través de Satellaview sino que se lanzó como un cartucho SFC.
BS Marvelous - Time Athletic Course - Dai-2-shuu (Japan) (SoundLink)	Marvelous BS: Time Athletics es un juego Soundlink descargable de 4 partes para Satellaview que se ejecutó entre el 1 de enero de 1996 y el 31 de enero de 1996. El juego se transmitió en abril de 1996. Una secuela de BS Marvelous: Time Athletics titulado Marvelous BS: Camp Arnold fue lanzado en noviembre de 1996 como una precuela directa de Marvelous: Mohitotsu no Takarajima que no se transmitió a través de Satellaview sino que se lanzó como un cartucho SFC.
BS Marvelous - Time Athletic Course - Dai-3-shuu (Japan) (SoundLink)	Marvelous BS: Time Athletics es un juego Soundlink descargable de 4 partes para Satellaview que se ejecutó entre el 1 de enero de 1996 y el 31 de enero de 1996. El juego se transmitió en abril de 1996. Una secuela de BS Marvelous: Time Athletics titulado Marvelous BS: Camp Arnold fue lanzado en noviembre de 1996 como una precuela directa de Marvelous: Mohitotsu no Takarajima que no se transmitió a través de Satellaview sino que se lanzó como un cartucho SFC.
BS Marvelous - Time Athletic Course - Dai-4-shuu (Japan) (SoundLink)	Marvelous BS: Time Athletics es un juego Soundlink descargable de 4 partes para Satellaview que se ejecutó entre el 1 de enero de 1996 y el 31 de enero de 1996. El juego se transmitió en abril de 1996. Una secuela de BS Marvelous: Time Athletics titulado Marvelous BS: Camp Arnold fue lanzado en noviembre de 1996 como una precuela directa de Marvelous: Mohitotsu no Takarajima que no se transmitió a través de Satellaview sino que se lanzó como un cartucho SFC.
BS Nichibutsu Mahjong - Mahjong Taikai (Japan) (4-19)	BS Nichibutsu Mahjong es un juego SoundLink descargable de 2 partes para Satellaview que fue transmitido entre el 26 de enero de 1997 y el 12 de abril de 1997.
BS Nichibutsu Mahjong - Renshuu Mahjong - Ichimantou (Japan) (SoundLink)	BS Nichibutsu Mahjong es un juego SoundLink descargable de 2 partes para Satellaview que fue transmitido entre el 26 de enero de 1997 y el 12 de abril de 1997.
BS Nichibutsu Mahjong - Renshuu Mahjong - Nimantou (Japan) (SoundLink)	BS Nichibutsu Mahjong es un juego SoundLink descargable de 2 partes para Satellaview que fue transmitido entre el 26 de enero de 1997 y el 12 de abril de 1997.
BS Nintendo HP - 5-17 Gou (Japan) (Magazine)	BS Nintendo HP es una revista digital descargable que fue transmitida en al menos 6 segmentos para Satellaview entre el 29 de marzo de 1998 y el 19 de diciembre de 1998.
BS Nintendo HP - 5-31 Gou (Japan) (Magazine)	BS Nintendo HP es una revista digital descargable que fue transmitida en al menos 6 segmentos para Satellaview entre el 29 de marzo de 1998 y el 19 de diciembre de 1998.
BS Parlor! Parlor! - Dai-2-shuu (Japan) (3-13) (SoundLink)	BS Parlour! Sala! es un juego Soundlink descargable de 2 partes para Satellaview que se transmitió entre el 1 de marzo de 1998 y el 14 de marzo de 1998. En varias ocasiones a lo largo de 1995, el juego estuvo acompañado de transmisiones de un día completo de una revista BS Parlour. Sala! Revista Kouryaku.
BS Shin Onigashima - Dai-1-wa (Japan) (1-11) (SoundLink)	Es un juego SoundLink descargable de 4 partes que fue transmitido en al menos 2 emisiones distintas entre el 29 de septiembre de 1996 y el 31 de enero de 1997. Fue una secuela-remake del Shin Onigashima original. La principal diferencia entre ambos juegos radica en los elementos SoundLink introducidos para las transmisiones de Satellaview. La trama de BS Shin Onigashima proviene del juego original, pero se presenta desde la perspectiva de los tres ayudantes animales (perro, mono y faisán) que acompañan a los héroes como NPCs en la aventura original. El juego fue dividido en 4 capítulos, estructura que se mantuvo posteriormente en el remake para Nintendo Power y Super Famicom. La jugabilidad mantiene el sistema de menús de comandos del Shin Onigashima original, aunque se eliminó la opción de cambiar de personaje durante la partida. Otras diferencias incluyen la incorporación de escenas de acción estilo plataformas y límites de tiempo para ejecutar ciertos comandos.
BS Shin Onigashima - Dai-2-wa (Japan) (SoundLink)	Es un juego SoundLink descargable de 4 partes que fue transmitido en al menos 2 emisiones distintas entre el 29 de septiembre de 1996 y el 31 de enero de 1997. Fue una secuela-remake del Shin Onigashima original. La principal diferencia entre ambos juegos radica en los elementos SoundLink introducidos para las transmisiones de Satellaview. La trama de BS Shin Onigashima proviene del juego original, pero se presenta desde la perspectiva de los tres ayudantes animales (perro, mono y faisán) que acompañan a los héroes como NPCs en la aventura original. El juego fue dividido en 4 capítulos, estructura que se mantuvo posteriormente en el remake para Nintendo Power y Super Famicom. La jugabilidad mantiene el sistema de menús de comandos del Shin Onigashima original, aunque se eliminó la opción de cambiar de personaje durante la partida. Otras diferencias incluyen la incorporación de escenas de acción estilo plataformas y límites de tiempo para ejecutar ciertos comandos.
BS Shin Onigashima - Dai-3-wa (Japan) (1-24) (SoundLink)	Es un juego SoundLink descargable de 4 partes que fue transmitido en al menos 2 emisiones distintas entre el 29 de septiembre de 1996 y el 31 de enero de 1997. Fue una secuela-remake del Shin Onigashima original. La principal diferencia entre ambos juegos radica en los elementos SoundLink introducidos para las transmisiones de Satellaview. La trama de BS Shin Onigashima proviene del juego original, pero se presenta desde la perspectiva de los tres ayudantes animales (perro, mono y faisán) que acompañan a los héroes como NPCs en la aventura original. El juego fue dividido en 4 capítulos, estructura que se mantuvo posteriormente en el remake para Nintendo Power y Super Famicom. La jugabilidad mantiene el sistema de menús de comandos del Shin Onigashima original, aunque se eliminó la opción de cambiar de personaje durante la partida. Otras diferencias incluyen la incorporación de escenas de acción estilo plataformas y límites de tiempo para ejecutar ciertos comandos.
BS Shin Onigashima - Dai-4-wa (Japan) (2-1) (SoundLink)	Es un juego SoundLink descargable de 4 partes que fue transmitido en al menos 2 emisiones distintas entre el 29 de septiembre de 1996 y el 31 de enero de 1997. Fue una secuela-remake del Shin Onigashima original. La principal diferencia entre ambos juegos radica en los elementos SoundLink introducidos para las transmisiones de Satellaview. La trama de BS Shin Onigashima proviene del juego original, pero se presenta desde la perspectiva de los tres ayudantes animales (perro, mono y faisán) que acompañan a los héroes como NPCs en la aventura original. El juego fue dividido en 4 capítulos, estructura que se mantuvo posteriormente en el remake para Nintendo Power y Super Famicom. La jugabilidad mantiene el sistema de menús de comandos del Shin Onigashima original, aunque se eliminó la opción de cambiar de personaje durante la partida. Otras diferencias incluyen la incorporación de escenas de acción estilo plataformas y límites de tiempo para ejecutar ciertos comandos.
BS Sim City - Scenario 3 (Japan) (SoundLink)	Esta es una versión modificada de SimCity, en la que el escenario está determinado por el episodio en lugar de ser elegido por el jugador. El juego contó con narración de voz de Eisduke Yoda, Madame Marie, Yoshio Kanetake, Masaaki Sekine y Tsutomu Tareki. La jugabilidad está limitada a aproximadamente 50 minutos en tiempo real, y es imposible ralentizar o acelerar el paso del tiempo. También se añadieron tres asesores que administran una función de préstamos exclusiva de esta versión.
BS St. Giga PG - 10 Gatsugou (Japan) (Magazine)	BS St.GIGA PG es una revista digital descargable que fue transmitida en al menos 3 segmentos para Satellaview entre el 27 de septiembre de 1998 y el 12 de diciembre de 1998.
BS Super Mario Collection - Dai-3-shuu (Japan) (3-17) (SoundLink)	BS Super Mario Collection es una remezcla de Super Mario Collection (el nombre japonés de Super Mario All-Stars) para Satellaview, un complemento para Super Famicom. El juego fue lanzado en cuatro partes. Mientras se jugaba el juego, el audio transmitido mejoraría la experiencia de juego con música especial y actuación de voz de celebridades japonesas. Su &quot;título complementario&quot; es BS Super Mario USA. Un ícono de Flor de Fuego representa la casa de Nae, presentado por la personalidad de radio Satellaview Nae Yūki. Aquí Mario puede activar el Modo Fantasma, que le permite convertirse en Mario de Fuego tan pronto como abandona el nivel si es Pequeño o Super Mario. Esto, a su vez, impide que los jugadores participen en la clasificación.
BS Super Mario USA - Power Challenge - Dai-1-kai (Japan) (SoundLink)	BS Super Mario USA Power Challenge es una versión ura o gaiden de Super Mario Bros. 2 para el sistema Satellaview con mejoras gráficas similares a su versión Super Mario All-Stars. Si bien la jugabilidad subyacente es muy similar, se ha agregado contenido nuevo y organizado.
BS Super Mario USA - Power Challenge - Dai-2-kai (Japan) (SoundLink)	BS Super Mario USA Power Challenge es una versión ura o gaiden de Super Mario Bros. 2 para el sistema Satellaview con mejoras gráficas similares a su versión Super Mario All-Stars. Si bien la jugabilidad subyacente es muy similar, se ha agregado contenido nuevo y organizado.
BS Super Mario USA - Power Challenge - Dai-3-kai (Japan) (SoundLink)	BS Super Mario USA Power Challenge es una versión ura o gaiden de Super Mario Bros. 2 para el sistema Satellaview con mejoras gráficas similares a su versión Super Mario All-Stars. Si bien la jugabilidad subyacente es muy similar, se ha agregado contenido nuevo y organizado.
BS Super Mario USA - Power Challenge - Dai-4-kai (Japan) (SoundLink)	BS Super Mario USA Power Challenge es una versión ura o gaiden de Super Mario Bros. 2 para el sistema Satellaview con mejoras gráficas similares a su versión Super Mario All-Stars. Si bien la jugabilidad subyacente es muy similar, se ha agregado contenido nuevo y organizado.
BS Tantei Club - Yuki ni Kieta Kako - Chuuhen (Japan) (6-14) (SoundLink)	BS Tantei Club: Yuki ni Kieta Kako (también conocido por la abreviatura BS Tan o incluso B Tan) es un juego SoundLink descargable de 3 partes para Satellaview que fue transmitido en al menos 2 emisiones distintas entre el 9 de febrero de 1997 y el 3 de mayo de 1997. Es una pseudo-secuela de Tantei Club: Kieta Kokeisha y posteriormente fue seguido por Tantei Club Part II: Ushiro ni Tatsu Shojo. BS Tantei Club es una historia de detectives. El juego es una aventura de texto estilo point-and-click en la que se presentan imágenes estáticas al jugador, quien puede mover un icono con forma de mano por la pantalla para seleccionar objetos dentro de la escena e investigarlos más a fondo. Una serie de iconos en una barra lateral ofrece opciones como tomar notas, hablar o realizar llamadas telefónicas. Una jugabilidad similar fue utilizada en otros juegos de la era Famicom Disk System, incluyendo el popular Shadowgate (1989).
BS Tantei Club - Yuki ni Kieta Kako - Kouhen (Japan) (1997-5-1) (SoundLink)	BS Tantei Club: Yuki ni Kieta Kako (también conocido por la abreviatura BS Tan o incluso B Tan) es un juego SoundLink descargable de 3 partes para Satellaview que fue transmitido en al menos 2 emisiones distintas entre el 9 de febrero de 1997 y el 3 de mayo de 1997. Es una pseudo-secuela de Tantei Club: Kieta Kokeisha y posteriormente fue seguido por Tantei Club Part II: Ushiro ni Tatsu Shojo. BS Tantei Club es una historia de detectives. El juego es una aventura de texto estilo point-and-click en la que se presentan imágenes estáticas al jugador, quien puede mover un icono con forma de mano por la pantalla para seleccionar objetos dentro de la escena e investigarlos más a fondo. Una serie de iconos en una barra lateral ofrece opciones como tomar notas, hablar o realizar llamadas telefónicas. Una jugabilidad similar fue utilizada en otros juegos de la era Famicom Disk System, incluyendo el popular Shadowgate (1989).
BS Tantei Club - Yuki ni Kieta Kako - Zenpen (Japan) (SoundLink)	BS Tantei Club: Yuki ni Kieta Kako (también conocido por la abreviatura BS Tan o incluso B Tan) es un juego SoundLink descargable de 3 partes para Satellaview que fue transmitido en al menos 2 emisiones distintas entre el 9 de febrero de 1997 y el 3 de mayo de 1997. Es una pseudo-secuela de Tantei Club: Kieta Kokeisha y posteriormente fue seguido por Tantei Club Part II: Ushiro ni Tatsu Shojo. BS Tantei Club es una historia de detectives. El juego es una aventura de texto estilo point-and-click en la que se presentan imágenes estáticas al jugador, quien puede mover un icono con forma de mano por la pantalla para seleccionar objetos dentro de la escena e investigarlos más a fondo. Una serie de iconos en una barra lateral ofrece opciones como tomar notas, hablar o realizar llamadas telefónicas. Una jugabilidad similar fue utilizada en otros juegos de la era Famicom Disk System, incluyendo el popular Shadowgate (1989).
BS Zelda no Densetsu - Dai-1-wa (Japan) (Rerun) (SoundLink)	BS The Legend of Zelda (BS Zeruda no Densetsu) fue un remake del juego de NES The Legend of Zelda, lanzado para el accesorio Satellaview para el Super Famicom en Japón. Más o menos, fue como la versión Master Quest del Zelda original, con la capacidad de elegir su género, nuevos diseños de mazmorras y muchos otros cambios importantes. Esta versión ha sido parcheada en inglés, la interpretación por voz se ha eliminado en su mayor parte para razones obvias y así sucesivamente. Tenga en cuenta que los eventos basados en el reloj ya no funcionan de la misma manera que este juego ya no está conectado a la señal de radio, sino que han sido reemplazados por eventos de triforce, eventos que ocurren solo cuando tiene un número específico de piezas de triforce, así que asegúrese de ¡Busque esos para la información apropiada al respecto!
BS Zelda no Densetsu - Dai-2-wa (Japan) (SoundLink)	BS The Legend of Zelda (BS Zeruda no Densetsu) fue un remake del juego de NES The Legend of Zelda, lanzado para el accesorio Satellaview para el Super Famicom en Japón. Más o menos, fue como la versión Master Quest del Zelda original, con la capacidad de elegir su género, nuevos diseños de mazmorras y muchos otros cambios importantes. Esta versión ha sido parcheada en inglés, la interpretación por voz se ha eliminado en su mayor parte para razones obvias y así sucesivamente. Tenga en cuenta que los eventos basados en el reloj ya no funcionan de la misma manera que este juego ya no está conectado a la señal de radio, sino que han sido reemplazados por eventos de triforce, eventos que ocurren solo cuando tiene un número específico de piezas de triforce, así que asegúrese de ¡Busque esos para la información apropiada al respecto!
BS Zelda no Densetsu - Dai-3-wa (Japan) (SoundLink)	BS The Legend of Zelda (BS Zeruda no Densetsu) fue un remake del juego de NES The Legend of Zelda, lanzado para el accesorio Satellaview para el Super Famicom en Japón. Más o menos, fue como la versión Master Quest del Zelda original, con la capacidad de elegir su género, nuevos diseños de mazmorras y muchos otros cambios importantes. Esta versión ha sido parcheada en inglés, la interpretación por voz se ha eliminado en su mayor parte para razones obvias y así sucesivamente. Tenga en cuenta que los eventos basados en el reloj ya no funcionan de la misma manera que este juego ya no está conectado a la señal de radio, sino que han sido reemplazados por eventos de triforce, eventos que ocurren solo cuando tiene un número específico de piezas de triforce, así que asegúrese de ¡Busque esos para la información apropiada al respecto!
BS Zelda no Densetsu - Dai-4-wa (Japan) (Rerun) (SoundLink)	BS The Legend of Zelda (BS Zeruda no Densetsu) fue un remake del juego de NES The Legend of Zelda, lanzado para el accesorio Satellaview para el Super Famicom en Japón. Más o menos, fue como la versión Master Quest del Zelda original, con la capacidad de elegir su género, nuevos diseños de mazmorras y muchos otros cambios importantes. Esta versión ha sido parcheada en inglés, la interpretación por voz se ha eliminado en su mayor parte para razones obvias y así sucesivamente. Tenga en cuenta que los eventos basados en el reloj ya no funcionan de la misma manera que este juego ya no está conectado a la señal de radio, sino que han sido reemplazados por eventos de triforce, eventos que ocurren solo cuando tiene un número específico de piezas de triforce, así que asegúrese de ¡Busque esos para la información apropiada al respecto!
BS Zelda no Densetsu - Inishie no Sekiban - Dai-1-wa (Japan) (SoundLink)	Los acontecimientos de Ancient Stone Tablets ocurren apenas seis años después de la destrucción de Ganon por el héroe Link en The Legend of Zelda: A Link to the Past. Hyrule disfruta de una época de paz y tranquilidad, pero la princesa Zelda sufre un sueño oscuro y recurrente que muestra una sombra sobre un templo; una premonición del mal que está por venir. Un día, presencia una luz misteriosa y brillante en el cielo hacia el este. Aginah, el hermano menor del sabio Sahasrahla, que ahora vive en su antiguo escondite cerca del Palacio del Este, también observa esa luz y viaja para investigarla.
BS Zelda no Densetsu - Inishie no Sekiban - Dai-2-wa (Japan) (SoundLink)	Los acontecimientos de Ancient Stone Tablets ocurren apenas seis años después de la destrucción de Ganon por el héroe Link en The Legend of Zelda: A Link to the Past. Hyrule disfruta de una época de paz y tranquilidad, pero la princesa Zelda sufre un sueño oscuro y recurrente que muestra una sombra sobre un templo; una premonición del mal que está por venir. Un día, presencia una luz misteriosa y brillante en el cielo hacia el este. Aginah, el hermano menor del sabio Sahasrahla, que ahora vive en su antiguo escondite cerca del Palacio del Este, también observa esa luz y viaja para investigarla.
BS Zelda no Densetsu - Inishie no Sekiban - Dai-3-wa (Japan) (SoundLink)	Los acontecimientos de Ancient Stone Tablets ocurren apenas seis años después de la destrucción de Ganon por el héroe Link en The Legend of Zelda: A Link to the Past. Hyrule disfruta de una época de paz y tranquilidad, pero la princesa Zelda sufre un sueño oscuro y recurrente que muestra una sombra sobre un templo; una premonición del mal que está por venir. Un día, presencia una luz misteriosa y brillante en el cielo hacia el este. Aginah, el hermano menor del sabio Sahasrahla, que ahora vive en su antiguo escondite cerca del Palacio del Este, también observa esa luz y viaja para investigarla.
BS Zelda no Densetsu - Inishie no Sekiban - Dai-4-wa (Japan) (SoundLink)	Los acontecimientos de Ancient Stone Tablets ocurren apenas seis años después de la destrucción de Ganon por el héroe Link en The Legend of Zelda: A Link to the Past. Hyrule disfruta de una época de paz y tranquilidad, pero la princesa Zelda sufre un sueño oscuro y recurrente que muestra una sombra sobre un templo; una premonición del mal que está por venir. Un día, presencia una luz misteriosa y brillante en el cielo hacia el este. Aginah, el hermano menor del sabio Sahasrahla, que ahora vive en su antiguo escondite cerca del Palacio del Este, también observa esa luz y viaja para investigarla.
BS Zelda no Densetsu - Map 2 - Dai-1-wa (Japan) (SoundLink)	BS The Legend of Zelda (BS Zeruda no Densetsu) fue un remake del juego de NES The Legend of Zelda, lanzado para el accesorio Satellaview para el Super Famicom en Japón. Más o menos, fue como la versión Master Quest del Zelda original, con la capacidad de elegir su género, nuevos diseños de mazmorras y muchos otros cambios importantes. Esta versión ha sido parcheada en inglés, la interpretación por voz se ha eliminado en su mayor parte para razones obvias y así sucesivamente. Tenga en cuenta que los eventos basados en el reloj ya no funcionan de la misma manera que este juego ya no está conectado a la señal de radio, sino que han sido reemplazados por eventos de triforce, eventos que ocurren solo cuando tiene un número específico de piezas de triforce, así que asegúrese de ¡Busque esos para la información apropiada al respecto!
BS Zelda no Densetsu - Map 2 - Dai-2-wa (Japan) (SoundLink)	BS The Legend of Zelda (BS Zeruda no Densetsu) fue un remake del juego de NES The Legend of Zelda, lanzado para el accesorio Satellaview para el Super Famicom en Japón. Más o menos, fue como la versión Master Quest del Zelda original, con la capacidad de elegir su género, nuevos diseños de mazmorras y muchos otros cambios importantes. Esta versión ha sido parcheada en inglés, la interpretación por voz se ha eliminado en su mayor parte para razones obvias y así sucesivamente. Tenga en cuenta que los eventos basados en el reloj ya no funcionan de la misma manera que este juego ya no está conectado a la señal de radio, sino que han sido reemplazados por eventos de triforce, eventos que ocurren solo cuando tiene un número específico de piezas de triforce, así que asegúrese de ¡Busque esos para la información apropiada al respecto!
BS Zelda no Densetsu - Map 2 - Dai-3-wa (Japan) (SoundLink)	BS The Legend of Zelda (BS Zeruda no Densetsu) fue un remake del juego de NES The Legend of Zelda, lanzado para el accesorio Satellaview para el Super Famicom en Japón. Más o menos, fue como la versión Master Quest del Zelda original, con la capacidad de elegir su género, nuevos diseños de mazmorras y muchos otros cambios importantes. Esta versión ha sido parcheada en inglés, la interpretación por voz se ha eliminado en su mayor parte para razones obvias y así sucesivamente. Tenga en cuenta que los eventos basados en el reloj ya no funcionan de la misma manera que este juego ya no está conectado a la señal de radio, sino que han sido reemplazados por eventos de triforce, eventos que ocurren solo cuando tiene un número específico de piezas de triforce, así que asegúrese de ¡Busque esos para la información apropiada al respecto!
BS Zelda no Densetsu - Map 2 - Dai-4-wa (Japan) (SoundLink) [b]	BS The Legend of Zelda (BS Zeruda no Densetsu) fue un remake del juego de NES The Legend of Zelda, lanzado para el accesorio Satellaview para el Super Famicom en Japón. Más o menos, fue como la versión Master Quest del Zelda original, con la capacidad de elegir su género, nuevos diseños de mazmorras y muchos otros cambios importantes. Esta versión ha sido parcheada en inglés, la interpretación por voz se ha eliminado en su mayor parte para razones obvias y así sucesivamente. Tenga en cuenta que los eventos basados en el reloj ya no funcionan de la misma manera que este juego ya no está conectado a la señal de radio, sino que han sido reemplazados por eventos de triforce, eventos que ocurren solo cuando tiene un número específico de piezas de triforce, así que asegúrese de ¡Busque esos para la información apropiada al respecto!
Chaos Seed BS Ban (Japan) (1996-3-11)	Versión descargable para Satellaview de Chaos Seed que adapta la experiencia de estrategia y gestión del original a un formato episódico para transmisión satelital. Los jugadores construyen y expanden mazmorras, administran recursos y enfrentan amenazas mientras equilibran desarrollo y defensa. Conserva la mezcla de simulación estratégica y acción táctica del juego principal, ofreciendo una experiencia condensada diseñada para sesiones más breves.
Cheap de Gorgeous Vol. 1 (Japan) (Magazine)	Cheap de Gorgeous es una revista digital descargable para Satellaview que se publicó en 8 volúmenes entre el 10 de mayo de 1998 y el 6 de diciembre de 1998.
Cheap de Gorgeous Vol. 4 (Japan) (Magazine)	Cheap de Gorgeous es una revista digital descargable para Satellaview que se publicó en 8 volúmenes entre el 10 de mayo de 1998 y el 6 de diciembre de 1998.
Cheap de Gorgeous Vol. 5 (Japan) (Magazine)	Cheap de Gorgeous es una revista digital descargable para Satellaview que se publicó en 8 volúmenes entre el 10 de mayo de 1998 y el 6 de diciembre de 1998.
Chou Aniki - Bakuretsu Rantou Hen (Japan)	Una demo del juego de Super Famicom del mismo nombre. Botei ha regresado para la 11.ª Competencia Galáctica de Fisicoculturismo tras su derrota ante Idaten, Samson y Adon, y ahora busca la victoria para convertirse en el mejor fisicoculturista de la galaxia. Idaten debe entrenar su cuerpo y su mente para esculpirse, aceitarse y ganar masa muscular, demostrando que es el verdadero rey de la proteína y el cuerpo más grandioso de la galaxia.
Chrono Trigger - Character Zukan (Japan)	BS Chrono Trigger: Character Library es esencialmente un bestiario que contiene todos los personajes jugables, pero también todos los enemigos. El juego fue lanzado solo para Japón Satellaview en 1995, y fue desarrollado por Squaresoft y publicado por Nintendo. El juego no es más que un complemento de Chrono Trigger, que contiene cada sprite para cada personaje y enemigo, así como una breve descripción de cada uno. BS Chrono Trigger: la biblioteca de personajes también se incluye en Final Fantasy Chronicles.
Chrono Trigger - Jet Bike Special (Japan)	BS Chrono Trigger: Character Library es esencialmente un bestiario que contiene todos los personajes jugables, pero también todos los enemigos. El juego fue lanzado solo para Japón Satellaview en 1995, y fue desarrollado por Squaresoft y publicado por Nintendo. El juego no es más que un complemento de Chrono Trigger, que contiene cada sprite para cada personaje y enemigo, así como una breve descripción de cada uno. BS Chrono Trigger: la biblioteca de personajes también se incluye en Final Fantasy Chronicles.
Chrono Trigger - Music Library (Japan)	BS Chrono Trigger: Character Library es esencialmente un bestiario que contiene todos los personajes jugables, pero también todos los enemigos. El juego fue lanzado solo para Japón Satellaview en 1995, y fue desarrollado por Squaresoft y publicado por Nintendo. El juego no es más que un complemento de Chrono Trigger, que contiene cada sprite para cada personaje y enemigo, así como una breve descripción de cada uno. BS Chrono Trigger: la biblioteca de personajes también se incluye en Final Fantasy Chronicles.
Cock-A-Doodle-Do (Japan) (4-27) (Data Pack)	Cock-A-Doodle-Do trata sobre las desventuras de un chico alcohólico llamado Nicole (lamentablemente para él), que recientemente perdió toda su fortuna y su última posesión, una gallina mascota llamada Pal. Pal lucha contra cazadores furtivos de animales, se hace amiga de un gato y de un hada, y quizá más adelante en el juego realiza auténticas hazañas heroicas al estilo JRPG.
Columbus no Tamagoyaki - Dai-1-kai (Japan) (7-5) (Magazine)	Columbus no Tamago Yaki es una revista digital descargable que fue transmitida en al menos 4 segmentos para Satellaview entre el 5 de julio de 1999 y el 22 de agosto de 1999.
Columbus no Tamagoyaki - Dai-2-kai (Japan) (3-15) (Magazine)	Columbus no Tamago Yaki es una revista digital descargable que fue transmitida en al menos 4 segmentos para Satellaview entre el 5 de julio de 1999 y el 22 de agosto de 1999.
Columbus no Tamagoyaki - Dai-3-kai (Japan) (7-19) (Magazine)	Columbus no Tamago Yaki es una revista digital descargable que fue transmitida en al menos 4 segmentos para Satellaview entre el 5 de julio de 1999 y el 22 de agosto de 1999.
Cu-On-Pa BS Ban (Japan) (6-7)	Cu-On-Pa BS Ban es un juego descargable para Satellaview que fue transmitido en al menos 2 emisiones entre el 29 de junio de 1997 y el 19 de diciembre de 1998. Entre su primera transmisión y el 2 de agosto de 1997, junto con Cu-On-Pa también se emitió una revista relacionada titulada Cu-On-Pa BS Ban Seiseki Magazine.
Daibakushou Jinsei Gekijou (Japan)	Daibakushou Jinseigekijou: Ooedo Nikki es un juego descargable con vista limitada para Satellaview que se transmitió en al menos 4 sesiones entre el 2 de marzo de 1997 y el 21 de febrero de 1998. Desde el 15 de noviembre de 1998 en adelante, el juego dejó de ser subtitulado para convertirse en simplemente Daibakushou Jinseigekijou.
Dandan Belt Conveyor - Gyuunyuu no Maki (Japan) (Magazine)	DanDan Belt Conveyor - Gyuunyuu no Maki es una revista digital descargable para Satellaview. La revista es una entrega hermana de DanDan Belt Conveyor - Ukulele no Maki (marzo de 1998), y ambas conforman la serie DanDan Belt Conveyor.
Dandan Belt Conveyor - Ukulele no Maki (Japan) (Magazine) [b]	DanDan Belt Conveyor - Ukulele no Maki es una revista digital descargable para Satellaview. La revista es una entrega hermana de DanDan Belt Conveyor - Gyuunyuu no Maki (marzo de 1998), y ambas conforman la serie DanDan Belt Conveyor.
Darius Force (Japan) (En) (3-3)	Durante incontables milenios, el tirano espacial Belser y sus merodeadores cósmicos han aterrorizado a esta pacífica galaxia. Ahora, ningún sector permanece a salvo de estos mercenarios estelares y su imperio malvado. La Federación Galáctica finalmente ha sido llamada a dos de sus pilotos as y sus elegantes naves de guerra halcón plateado para luchar contra las amenazas maliciosas de metales de Belser y ha reclamado el querido planeta Darius. Sube al asiento del piloto para una misión en solitario contra las fuerzas de Belser; o enfrenta a los enemigos con un compañero piloto de la Federación en un ataque de equipo simultáneo de dos jugadores. El futuro de la galaxia se basa en el éxito de esta peligrosa aventura.
Derby Stallion 96 - Nintendo Breeders' Cup National Betting Championship - Tournament 3 (Japan) (1996-9-15) (SoundLink) [b]	Una versión especial transmitida por Satellaview de Derby Stallion 96 para Super Famicom, creada para el Torneo 3 del Campeonato Nacional de Apuestas Nintendo Breeders' Cup. Esta edición competitiva permitía a los jugadores participar en un torneo nacional de apuestas utilizando datos de carreras actualizados, centrándose en la estrategia de apuestas y la simulación de carreras de caballos dentro del universo de Derby Stallion.
DerbyStal 96 - Taiou 97-nendo Ban (Japan) (12-3) (Data Pack)	El conjunto final de datos, con estadísticas actualizadas para el año 1997, de esta versión para Satellaview del juego de Super Famicom Derby Stallion 96.
Dezaemon BSX Version - BS-X Shooting (Japan) (En) (4-30)	El primero de los tres juegos de la “trilogía Satella-shooting”, este pequeño shmup creado con el motor Dezaemon es corto, pero totalmente loco y caótico. ¡Lanza paquetes de 8M a tus enemigos! ¡Enfréntate a cosas como un perro surfista y un tiburón besucón! ¡Cuidado con los enemigos que tienen rostros casi realistas pegados de forma extraña!
Dezaemon BSX Version - Sugoi STG - Jintai (Japan) (En)	Jintai, el primero de una serie de lanzamientos de Dezaemon para Satellaview, fue desarrollado y publicado por Athena en Japón en 1996. En la práctica, funciona como una expansión independiente de Dezaemon SFC para Super Famicom. Este título fue creado por Riko Kushida, del equipo Game Tora no Ooana, un programa radial semanal de Satellaview que normalmente venía acompañado de un suplemento en revista. El nombre “Jintai” significa “cuerpo humano”, y vaya que… se nota.
Dezaemon BSX Version - Sugoi STG 2 - Crystal Guardian (Japan) (En) (7-8)	El tercero de una serie de juegos creados por usuarios, Crystal Guardian utiliza el motor de Dezaemon, una herramienta de creación de shoot'em ups para Super Famicom. Ganador de un concurso oficial de creación de juegos, este técnicamente impresionante título enfrenta a un ángel robótico contra un ejército de monstruos, con jefes de sprites gigantescos y enormes explosiones.
Digital Magazine Busters BS - 4-12 Gou (Japan) (Magazine)	Digital Magazine Busters BS es una revista digital descargable para Satellaview que estuvo activa entre el 28 de septiembre de 1997 y el 23 de agosto de 1998. Las transmisiones de Satellaview representaban la versión para consola de Daily Busters News, un sitio web japonés de noticias sobre videojuegos.
Digital Magazine Busters BS - 5-10 Gou (Japan) (Magazine)	Digital Magazine Busters BS es una revista digital descargable para Satellaview que estuvo activa entre el 28 de septiembre de 1997 y el 23 de agosto de 1998. Las transmisiones de Satellaview representaban la versión para consola de Daily Busters News, un sitio web japonés de noticias sobre videojuegos.
Digital Magazine Busters BS - 5-24 Gou (Japan) (Magazine)	Digital Magazine Busters BS es una revista digital descargable para Satellaview que estuvo activa entre el 28 de septiembre de 1997 y el 23 de agosto de 1998. Las transmisiones de Satellaview representaban la versión para consola de Daily Busters News, un sitio web japonés de noticias sobre videojuegos.
Digital Magazine Busters BS - 6-21 Gou (Japan) (Magazine)	Digital Magazine Busters BS es una revista digital descargable para Satellaview que estuvo activa entre el 28 de septiembre de 1997 y el 23 de agosto de 1998. Las transmisiones de Satellaview representaban la versión para consola de Daily Busters News, un sitio web japonés de noticias sobre videojuegos.
Digital Magazine Busters BS - 6-7 Gou (Japan) (Magazine)	Digital Magazine Busters BS es una revista digital descargable para Satellaview que estuvo activa entre el 28 de septiembre de 1997 y el 23 de agosto de 1998. Las transmisiones de Satellaview representaban la versión para consola de Daily Busters News, un sitio web japonés de noticias sobre videojuegos.
Digital Magazine Busters BS - 8-23 Gou (Japan) (Magazine)	Digital Magazine Busters BS es una revista digital descargable para Satellaview que estuvo activa entre el 28 de septiembre de 1997 y el 23 de agosto de 1998. Las transmisiones de Satellaview representaban la versión para consola de Daily Busters News, un sitio web japonés de noticias sobre videojuegos.
Do-Re-Mi de Faa 2~! Vol. 8 (Japan) (1998-5-10) (Magazine)	Las transmisiones de Das Do-Re-Mi de Fa! eran revistas digitales centradas en la música, con temas como los “TOP charts” y otros contenidos relacionados. Entre otras cosas, la revista también informaba sobre músicos occidentales como Bob Marley.
Do-Re-Mi de Faa 2~! Vol. 9 (Japan) (1998-5-25) (Magazine)	Las transmisiones de Das Do-Re-Mi de Fa! eran revistas digitales centradas en la música, con temas como los “TOP charts” y otros contenidos relacionados. Entre otras cosas, la revista también informaba sobre músicos occidentales como Bob Marley.
Do-Re-Mi de Faa~! Vol. 1 (Japan) (1997-3-30) (SoundLink Magazine)	Las transmisiones de Das Do-Re-Mi de Fa! eran revistas digitales centradas en la música, con temas como los “TOP charts” y otros contenidos relacionados. Entre otras cosas, la revista también informaba sobre músicos occidentales como Bob Marley.
Do-Re-Mi de Faa~! Vol. 9 (Japan) (1997-5-25) (SoundLink Magazine)	Las transmisiones de Das Do-Re-Mi de Fa! eran revistas digitales centradas en la música, con temas como los “TOP charts” y otros contenidos relacionados. Entre otras cosas, la revista también informaba sobre músicos occidentales como Bob Marley.
Dokapon Gaiden - Honoo no Audition (Japan) (5-19)	Dokapon Gaiden: Honoo no Audition es un juego descargable con vista limitada para Satellaview que se transmitió en al menos 2 sesiones entre el 1 de febrero de 1998 y el 28 de noviembre de 1998. Antes del 1 de febrero de 1998, el juego simplemente se llamaba Dokapon Gaiden.
Dokapon Gaiden - Honoo no Audition (Japan) (9-12)	Dokapon Gaiden: Honoo no Audition es un juego descargable con vista limitada para Satellaview que se transmitió en al menos 2 sesiones entre el 1 de febrero de 1998 y el 28 de noviembre de 1998. Antes del 1 de febrero de 1998, el juego simplemente se llamaba Dokapon Gaiden.
Dr. Mario BS (Japan) (En) (1-8)	Dr. Mario BS Version es un videojuego Satellaview lanzado en 1997 para Super Famicom. Es una versión alterada del popular videojuego Dr. Mario y se lanzó solo en Japón. Fue el último juego que se transmitió por Satellaview. Es un juego de rompecabezas donde el objetivo es derrotar a los gérmenes de diferentes colores usando vitaminas del mismo color. Tetris (recuento de filas o columnas) es una de las dos cosas más importantes del mundo. Estas mitades no necesitan estar en la misma píldora. Los gérmenes se multiplicarán a medida que progresen los niveles.
Dragon Slayer - Eiyuu Densetsu (Japan) (5-12)	A diferencia de los juegos anteriores de Dragon Slayer, que eran todos juegos de rol de desplazamiento lateral, The Legend of Heroes es un juego de rol más sencillo basado en turnos del molde Dragon Quest. Permitió un grupo de hasta cuatro personajes y tuvo algunas mejoras modernas, como permitir que el jugador distribuya estadísticas después de subir de nivel, y su grupo se borró. Es una secuela directa, Dragon Slayer: The Legend of Heroes II, antes de que la serie elimine el prefijo Dragon Slayer y continúe separando la propiedad Falcom.
Dynami Tracer (Japan)	¡Vete de estrella en estrella, interactuando con los extravagantes habitantes y consigue información! ¡Pero ten cuidado! Puede que te involucres en una carrera no deseada.
Excitebike - Bunbun Mario Battle - Stadium 1 (Japan) (6-29) (SoundLink)	BS Excitebike Bun Bun Mario Stadium fue lanzado para descargar en el servicio de descarga Satellaview. El juego también se conoce como Mario Excitebike. Fue lanzado para Satellaview en 1996 solo en Japón, y es la secuela más oscura del juego NES Excitebike. Cada versión agrega una cantidad de caracteres nuevos, eventualmente agregando hasta seis caracteres en total. El juego se juega de manera similar a Excitebike en NES, aunque tiene algunas diferencias. Una diferencia es el hecho de que el jugador puede recoger monedas a lo largo de la pista de carreras (que no es necesario agregar a la puntuación). Modo SUPER, que le da al jugador un impulso infinito.
Excitebike - Bunbun Mario Battle - Stadium 2 (Japan) (7-6) (SoundLink)	BS Excitebike Bun Bun Mario Stadium fue lanzado para descargar en el servicio de descarga Satellaview. El juego también se conoce como Mario Excitebike. Fue lanzado para Satellaview en 1996 solo en Japón, y es la secuela más oscura del juego NES Excitebike. Cada versión agrega una cantidad de caracteres nuevos, eventualmente agregando hasta seis caracteres en total. El juego se juega de manera similar a Excitebike en NES, aunque tiene algunas diferencias. Una diferencia es el hecho de que el jugador puede recoger monedas a lo largo de la pista de carreras (que no es necesario agregar a la puntuación). Modo SUPER, que le da al jugador un impulso infinito.
Excitebike - Bunbun Mario Battle - Stadium 3 (Japan) (2-8) (SoundLink)	BS Excitebike Bun Bun Mario Stadium fue lanzado para descargar en el servicio de descarga Satellaview. El juego también se conoce como Mario Excitebike. Fue lanzado para Satellaview en 1996 solo en Japón, y es la secuela más oscura del juego NES Excitebike. Cada versión agrega una cantidad de caracteres nuevos, eventualmente agregando hasta seis caracteres en total. El juego se juega de manera similar a Excitebike en NES, aunque tiene algunas diferencias. Una diferencia es el hecho de que el jugador puede recoger monedas a lo largo de la pista de carreras (que no es necesario agregar a la puntuación). Modo SUPER, que le da al jugador un impulso infinito.
Excitebike - Bunbun Mario Battle - Stadium 4 (Japan) (2-17) (SoundLink)	BS Excitebike Bun Bun Mario Stadium fue lanzado para descargar en el servicio de descarga Satellaview. El juego también se conoce como Mario Excitebike. Fue lanzado para Satellaview en 1996 solo en Japón, y es la secuela más oscura del juego NES Excitebike. Cada versión agrega una cantidad de caracteres nuevos, eventualmente agregando hasta seis caracteres en total. El juego se juega de manera similar a Excitebike en NES, aunque tiene algunas diferencias. Una diferencia es el hecho de que el jugador puede recoger monedas a lo largo de la pista de carreras (que no es necesario agregar a la puntuación). Modo SUPER, que le da al jugador un impulso infinito.
F-Zero (Japan) (4-4)	F-Zero es un juego de carreras futurístico en donde los personajes controlan automóviles voladores y compiten en un torneo intergaláctico. En total hay cuatro personajes con su propio vehículo, teniendo cada uno características diferentes. Una carrera consiste en dar cinco vueltas a lo largo de una pista, siendo obligatorio completar cada una de ellas en uno de los primeros lugares para evitar ser descalificado. Cuando una vuelta se completa el jugador es recompensado con un poder llamado «Super Jet», cuya duración es de seis segundos más o menos. El objetivo del juego es derrotar a los demás personajes al cruzar la línea de meta al final de una carrera, evadiendo ciertas zonas de daño dentro de las pistas. Cada vehículo posee su propio medidor de energía, la cual funciona como una forma de medir la durabilidad de las máquinas; esta a su vez disminuye cada vez que el jugador pasa por una zona arenosa o colisiona.​ La energía puede reponerse mientras se conduce sobre un pit stop.
Fenek - 6 Gatsugou (Japan) (Magazine)	Una revista digital descargable para Satellaview, Fenek - 6 Gatsugou ofrecía una variedad de contenido editorial interactivo, incluyendo artículos, entretenimiento y funciones especiales diseñadas para el servicio de transmisión satelital de Super Famicom. Como parte de la serie Fenek, esta edición mensual expandía la experiencia multimedia con contenido exclusivo para suscriptores.
Firemen, The (Japan) (2-9)	Debido a los productos químicos, a lo que en principio empezó como un pequeño incendio poco a poco se extiende por todo el rascacielos. Desgraciadamente, la torre no estaba vacía. Justamente esa noche, Metrotech celebrara la típica fiesta de navidad, así que los empleados han quedado atrapados entre las llamas. El veterano Pete y el joven Daniel, junto al resto del equipo deberán apagar el incendio y rescatar a los empleados. La operación deberá hacerse en un tiempo critico, pues el edificio esta apunto de derrumbarse debido al incendio. ¿Podrán nuestros héroes salvar a todos los empleados y apagar el incendio?
Freud no Chousenjou - Dai-1-gou (Japan) (Magazine)	Freud no Chousenjou es una revista digital descargable que fue transmitida para Satellaview en al menos 6 segmentos entre el 10 de octubre de 1997 y el 19 de marzo de 1998. Posteriormente, la revista fue continuada por Freud no Gyakushuu, emitido en mayo de 1998.
Freud no Chousenjou - Dai-2-gou (Japan) (Magazine)	Freud no Chousenjou es una revista digital descargable que fue transmitida para Satellaview en al menos 6 segmentos entre el 10 de octubre de 1997 y el 19 de marzo de 1998. Posteriormente, la revista fue continuada por Freud no Gyakushuu, emitido en mayo de 1998.
Freud no Chousenjou - Dai-3-gou (Japan) (Magazine)	Freud no Chousenjou es una revista digital descargable que fue transmitida para Satellaview en al menos 6 segmentos entre el 10 de octubre de 1997 y el 19 de marzo de 1998. Posteriormente, la revista fue continuada por Freud no Gyakushuu, emitido en mayo de 1998.
Freud no Chousenjou - Dai-4-gou (Japan) (Magazine)	Freud no Chousenjou es una revista digital descargable que fue transmitida para Satellaview en al menos 6 segmentos entre el 10 de octubre de 1997 y el 19 de marzo de 1998. Posteriormente, la revista fue continuada por Freud no Gyakushuu, emitido en mayo de 1998.
Freud no Chousenjou - Dai-5-gou (Japan) (Magazine)	Freud no Chousenjou es una revista digital descargable que fue transmitida para Satellaview en al menos 6 segmentos entre el 10 de octubre de 1997 y el 19 de marzo de 1998. Posteriormente, la revista fue continuada por Freud no Gyakushuu, emitido en mayo de 1998.
Freud no Chousenjou - Dai-6-gou (Japan) (Magazine)	Freud no Chousenjou es una revista digital descargable que fue transmitida para Satellaview en al menos 6 segmentos entre el 10 de octubre de 1997 y el 19 de marzo de 1998. Posteriormente, la revista fue continuada por Freud no Gyakushuu, emitido en mayo de 1998.
Gal Kan Bazooka - Dai-5-kan (Japan) (Magazine)	Una revista digital descargable para Satellaview, Gal Kan Bazooka - Dai-5-kan ofrecía contenido interactivo centrado en entretenimiento, cultura pop y material editorial dirigido a su audiencia. Como parte de la serie Gal Kan Bazooka, esta entrega proporcionaba artículos exclusivos, funciones especiales y contenido multimedia diseñado para el servicio de transmisión satelital de Super Famicom.
Gambler Jiko Chuushinha 2 - Dorapon Quest (Japan) (12-19)	Jugador Jiko Chuushinha 2: Dorapon Quest es un juego de Mahjong desarrollado por Bits Laboratory. Esta es la segunda adaptación de consola de 16 bits del manga homónimo. Además, están surgiendo nuevos jugadores, así como un modo de aventura en el que tendrás que enfrentarte a tus enemigos en furiosos juegos de Mahjong.
Game Tora no Ooana Special (Japan) (1996-3-30) (SoundLink Magazine)	Game Tora no Ooana es una serie de revistas digitales descargables para Satellaview que contó con al menos 412 volúmenes desde el 24 de abril de 1995 hasta el 28 de marzo de 1999. La revista pasó por numerosos nombres durante su trayectoria, incluyendo: Game Tora no Ooana Game Tora no Ooana Special Game Tora no Chou Ooana Game Tora no Chou Ooana Tokubetsuhen Game Tora no Taikoban Está basada en el cómic japonés Toranoana, que aún existe en la actualidad.
Game Tora no Taikoban No. 10 (Japan) (1998-5-31) (Magazine)	Game Tora no Ooana es una serie de revistas digitales descargables para Satellaview que contó con al menos 412 volúmenes desde el 24 de abril de 1995 hasta el 28 de marzo de 1999. La revista tuvo numerosos nombres a lo largo de su publicación, incluyendo: Game Tora no Ooana Game Tora no Ooana Special Game Tora no Chou Ooana Game Tora no Chou Ooana Tokubetsuhen Game Tora no Taikoban Está basada en el cómic japonés Toranoana, que aún existe en la actualidad.
Game Tora no Taikoban No. 8 (Japan) (1998-5-17) (Magazine)	Game Tora no Ooana es una serie de revistas digitales descargables para Satellaview que contó con al menos 412 volúmenes desde el 24 de abril de 1995 hasta el 28 de marzo de 1999. La revista tuvo numerosos nombres a lo largo de su publicación, incluyendo: Game Tora no Ooana Game Tora no Ooana Special Game Tora no Chou Ooana Game Tora no Chou Ooana Tokubetsuhen Game Tora no Taikoban Está basada en el cómic japonés Toranoana, que aún existe en la actualidad.
Gekkan Coin Toss - Deck 1 (Japan) (Magazine)	Gekkan Coin Toss: Pokémon Card Magazine es una revista mensual del Juego de Cartas Coleccionables Pokémon que fue publicada en siete o más segmentos (denominados “decks”). El primer deck fue lanzado en abril de 1998.
Golf Daisuki! O.B. Club (Japan) (4-3)	Daisuki Golf! OB Club es un juego de golf descargable con vista limitada para el Satellaview que se ejecutó originalmente entre el 10 de agosto de 1997 y el 23 de agosto de 1997. El juego se retransmitió durante al menos 4 carreras que terminaron el 30 de marzo de 1998. La revista Electronic Gaming Monthly produjo una vista previa de este juego Su vista previa tenía un logotipo en inglés a pesar de que el juego nunca se lanzó en los Estados Unidos de ninguna forma.
GoodsPress - 3 Gatsugou (Japan) (Magazine)	BS Goods Press es una revista digital descargable que transmitió al menos 21 segmentos para Satellaview entre el 27 de abril de 1997 y el 19 de diciembre de 1998.
GoodsPress - 6 Gatsugou (Japan) (Magazine)	BS Goods Press es una revista digital descargable que transmitió al menos 21 segmentos para Satellaview entre el 27 de abril de 1997 y el 19 de diciembre de 1998.
GoodsPress - 7 Gatsugou (Japan) (Magazine)	BS Goods Press es una revista digital descargable que transmitió al menos 21 segmentos para Satellaview entre el 27 de abril de 1997 y el 19 de diciembre de 1998.
Heisei Gunjin Shougi (Japan)	Heisei Gunjin Shougi es un juego tradicional japonés. Comienza eligiendo un lugar de la ciudad donde se desarrollará la partida. Tras una breve escena, se colocan pequeños personajes sobre las casillas. Luego inicia el juego. El tablero está formado por el escenario elegido, dividido en cuadros. Los jugadores mueven estos “peones” por turnos, respetando las reglas de movimiento del shōgi. Cuando dos piezas se encuentran, se muestra una pequeña escena que representa su “combate”.
Ijuin Hikaru no Houkago no Ousama (1996-2-5) + Game Tora no Ooana Special (1996-3-7) (Japan) (SoundLink Magazine)	Ijūin Hikaru no Houkago no Ousama fue un programa SoundLink de radio/concurso de Nintendo/St.GIGA y una revista para Satellaview dirigido por Motomasa Mitsumaru y presentado por Hikaru Ijūin, un comediante y personalidad radial japonesa también conocido por comentar y reseñar videojuegos. Yutao Utsumi actuó como asistente. Desde julio hasta el 7 de agosto también fue conocido como Ijūin Hikaru no Natsu Yasumi no Ousama (“El Rey de las Vacaciones de Verano de Hikaru Ijūin”). Después de abril de 1996 pasó a llamarse Ijūin Hikaru no Kai Denpa Hasshin Kichi (“La Misteriosa Base de Transmisión Radial de Hikaru Ijūin”). El programa de radio incluía juegos, música, contenido relacionado con personas y diversos concursos de preguntas. Más detalles sobre la revista no están claros, pero según capturas de pantalla y ciertos temas del programa como “vender a tu familia”, “experiencia urinaria” y “charla de ladrones”, parece haber incluido humor vulgar, oscuro y elementos sexuales en su contenido.
Ijuin Hikaru no Houkago no Ousama (Japan) (1995-9-25) (SoundLink Magazine)	Ijūin Hikaru no Houkago no Ousama fue un programa SoundLink de radio/concurso de Nintendo/St.GIGA y una revista para Satellaview dirigido por Motomasa Mitsumaru y presentado por Hikaru Ijūin, un comediante y personalidad radial japonesa también conocido por comentar y reseñar videojuegos. Yutao Utsumi actuó como asistente. Desde julio hasta el 7 de agosto también fue conocido como Ijūin Hikaru no Natsu Yasumi no Ousama (“El Rey de las Vacaciones de Verano de Hikaru Ijūin”). Después de abril de 1996 pasó a llamarse Ijūin Hikaru no Kai Denpa Hasshin Kichi (“La Misteriosa Base de Transmisión Radial de Hikaru Ijūin”). El programa de radio incluía juegos, música, contenido relacionado con personas y diversos concursos de preguntas. Más detalles sobre la revista no están claros, pero según capturas de pantalla y ciertos temas del programa como “vender a tu familia”, “experiencia urinaria” y “charla de ladrones”, parece haber incluido humor vulgar, oscuro y elementos sexuales en su contenido.
Ikari no Yousai (Japan) (7-5)	Ikari no Yousai es un juego descargable con vista limitada para Satellaview que se transmitió en al menos 2 sesiones entre el 1 de febrero de 1998 y el 19 de diciembre de 1998.
Izumiya Shigeru & Hamasaki Ayumi - Okami Ga Kita!! (Japan) (1995-6-11) (SoundLink Magazine)	Un peculiar título descargable para Satellaview protagonizado por las celebridades japonesas Shigeru Izumiya y Ayumi Hamasaki, Izumiya Shigeru & Hamasaki Ayumi - Okami Ga Kita!! combina entretenimiento interactivo, humor y elementos promocionales en una experiencia única exclusiva de la transmisión satelital St.GIGA. Diseñado como una producción especial orientada al espectáculo y la cultura pop japonesa de finales de los 90, el juego ofrece una mezcla de narrativa ligera y contenido protagonizado por figuras reconocidas, destacando el enfoque experimental y variado de la biblioteca BS-X. Como parte del catálogo más inusual de Satellaview, representa una curiosa fusión entre videojuego, promoción mediática y evento digital episódico.
Jewel of Live (Japan)	Jewel of Live es la primera parte de la transmisión de RPG Tsukuru, conocido en Occidente como RPG Maker, para Satellaview. Tanto software de creación de RPG como videojuego, presenta una historia rica y gráficos atractivos.
Jewel of Live II (Japan)	Jewel of Live II es la segunda parte de la transmisión de RPG Tsukuru, conocido en Occidente como RPG Maker, a través del Satellaview. Funciona tanto como un software de creación de RPG como un videojuego en sí mismo, y presenta una historia elaborada junto con gráficos atractivos.
Kaizou Choujin Shubibinman Zero (Japan) (6-4)	Una secuela de las plataformas de acción Shubibinman Turbografx desarrolladas exclusivamente para el SNES. Una nueva pandilla de matones mejorados con cyborg amenaza la paz en la ciudad, por lo que &quot;Doc&quot; decide probar sus creaciones más nuevas: Raita y Azuki, enviándolos a destruir a los malos y restaurar la paz. El juego se juega como un juego de plataformas de acción en 2D como entradas anteriores de la serie. Cada uno de estos dos personajes es más poderoso y más efectivo que nunca.
Kessen! Dokapon Oukoku IV - Densetsu no Yuusha-tachi (Japan) (8-3)	Kessen! Dokapon Okukoku IV: Densetsu no Yuusha Tachi (&quot;Decisive Battle! Dokapon Kingdoms IV: Legend of Heroes&quot;) es una mezcla de un juego de rol y un juego de mesa multijugador. Los jugadores mueven a sus héroes por el tablero, ganan niveles y encuentran equipos, y eventualmente salvan a un reino de invadir monstruos. El objetivo es vencer a los monstruos objetivo antes que los otros jugadores.
Kid Klown no Crazy Chase (Japan) (5-9)	Kid Klown en Crazy Chase es un videojuego de plataforma desarrollado y publicado por Kemco para el Super Nintendo Entertainment System. Fue lanzado en Norteamérica en septiembre de 1994, Japón el 21 de octubre de 1994 y en Europa en 1994. El juego presenta al Kid Klown, el personaje del jugador que tiene la tarea de rescatar a Honey Honey del villano Black Jack. Los jugadores ven el juego desde una perspectiva isométrica como un niño asesino de Klown en la cama para alcanzar una bomba de espada. El juego fue relanzado para Gameboy Advance y presenta 11 niveles nuevos, minijuegos de cuatro juegos y un modo multijugador.
Kiki Kaikai - Nazo no Kuro Manteau (Japan) (6-6)	Esta es la versión japonesa de Pocky y Rocky. Una doncella del santuario y un duende Nopino investigando por qué los otros duendes están actuando mal. Este es un shoot-em-up realmente bueno y divertido.
Kirby no Omochabako - Arrange Ball (Japan)	El jugador tiene como objetivo lanzar Kirbys esféricos a los nueve agujeros ocupados por los Mr. Frosty. Se le proporciona una cantidad limitada de Kirbys para disparar, y el juego termina cuando se queda sin ellos. El jugador puede elegir cuánta potencia aplicar en cada lanzamiento. Se otorgan puntos si logra colocar tres Kirbys en línea; mientras más líneas complete, más puntos obtendrá.
Kirby no Omochabako - Ball Rally (4-2) + Waiwai Check (1996-3-28, 3-30) (Japan)	El objetivo del jugador es guiar a Kirby y al Rey Dedede a través de una carrera de obstáculos. Puede hacerlo utilizando el tiempo adecuado y el botón A; cuando se presiona A, algunas plataformas verdes se extienden mientras otras se retraen. Los Kirbys esféricos salen uno por uno desde la puerta superior. No pueden dejar de rodar, por lo que el jugador debe extender las plataformas correctas para guiarlos de forma segura sobre los pinchos. A medida que más Kirbys se unen al campo de juego, se vuelve cada vez más difícil guiarlos a todos hasta la salida. El jugador obtiene puntos por cada Kirby que logra llevar a la salida. En total hay 50 Kirbys y Dededes.
Kirby no Omochabako - Ball Rally (Japan) (Premiere) (1996-2-25) (Standalone Fix) [b]	El objetivo del jugador es guiar a Kirby y al Rey Dedede a través de una carrera de obstáculos. Puede hacerlo utilizando el tiempo adecuado y el botón A; cuando se presiona A, algunas plataformas verdes se extienden mientras otras se retraen. Los Kirbys esféricos salen uno por uno desde la puerta superior. No pueden dejar de rodar, por lo que el jugador debe extender las plataformas correctas para guiarlos de forma segura sobre los pinchos. A medida que más Kirbys se unen al campo de juego, se vuelve cada vez más difícil guiarlos a todos hasta la salida. El jugador obtiene puntos por cada Kirby que logra llevar a la salida. En total hay 50 Kirbys y Dededes.
Kirby no Omochabako - Baseball (3-13) + Kirby no Omochabako - Ball Rally (Premiere) (1996-2-25) (Japan) [b]	Kirby's Toy Box es un subjuego de Kirby titulado (Kabi no Omochabako, que significa Kirby's Toy Box) en Japón. La serie Kirby 's Toy Box se transmitió en la primera forma de distribución digital de Nintendo, la red satelital Satellaview, y, dependiendo de las conexiones del jugador a la red, diferentes juegos estaban disponibles en diferentes momentos. Estos pueden descargarse desde la unidad base Satellaview, o un cartucho ROM &quot;Memory Pak&quot; regrabable de 8 megabits compatible con el Satellaview. Como estos juegos no se usaron en la transmisión de audio de los juegos de Satellaview, se podían jugar en cualquier momento después de la transmisión.
Kirby no Omochabako - Baseball (Japan) (Premiere) (1996-2-9)	Kirby's Toy Box es un subjuego de Kirby titulado (Kabi no Omochabako, que significa Kirby's Toy Box) en Japón. La serie Kirby 's Toy Box se transmitió en la primera forma de distribución digital de Nintendo, la red satelital Satellaview, y, dependiendo de las conexiones del jugador a la red, diferentes juegos estaban disponibles en diferentes momentos. Estos pueden descargarse desde la unidad base Satellaview, o un cartucho ROM &quot;Memory Pak&quot; regrabable de 8 megabits compatible con el Satellaview. Como estos juegos no se usaron en la transmisión de audio de los juegos de Satellaview, se podían jugar en cualquier momento después de la transmisión.
Kirby no Omochabako - Cannon Ball (Japan)	Kirby no Omochabako: Cannonball es uno de los minijuegos de Kirby no Omochabako (La Caja de Juguetes de Kirby) para el servicio Satellaview. El jugador controla un robot gigante cuyo objetivo es destruir a otro robot gigante, utilizando Kirbys como munición. Similar a la franquicia Worms, el terreno puede ser destruido de maneras que pueden beneficiar al jugador, por ejemplo, dándole más espacio para disparar.
Kirby no Omochabako - Guruguru Ball (Japan)	Kirby no Omochabako: Guruguru Ball es uno de los minijuegos de Kirby no Omochabako (Kirby's Toy Box) para el servicio exclusivo japonés Satellaview de Super Famicom.El juego consiste en enviar múltiples Kirbys a través de una larga tubería diseñada alrededor del subjefe Efreeti. El jugador debe hacer que Kirby caiga en el agujero con la mayor puntuación posible, evitando los agujeros anteriores mediante el control adecuado de la velocidad.
Kirby no Omochabako - Hoshi Kuzushi (Japan)	Un juego de estilo breakout en el que el jugador controla a Kirby, mientras personajes similares a Rick sostienen la paleta. Hay seis fases en total, y el jefe de la Fase 6 es King Dedede.
Kirby no Omochabako - Pachinko (Japan)	El juego consiste en lanzar a Kirby a través de una máquina similar a una de pachinko. El jugador debe hacer que Kirby caiga en compartimentos específicos, y hay puntos extra disponibles por golpear al gran Kirby situado en el centro de la sala.
Kirby no Omochabako - Pinball (Japan)	Un juego de pinball ambientado en el universo de Kirby, en el que aparecen varios personajes de la serie como King Dedede, Mr. Frosty y Kracko. El jugador controla a Kirby como si fuera la bola, y debe mantenerlo dentro de la máquina de pinball; solo puede perderlo un máximo de tres veces antes de que termine la partida.
Kodomo Chousadan Mighty Pockets - Chousa 1 - Junk-ya Black no Ie (Japan) (SoundLink)	Kodomo Chousadan Mighty Pockets es un juego de mesa con temática detectivesca similar al juego Clue. Sin embargo, las reglas son considerablemente diferentes. A lo largo del juego se utiliza narración SoundLink, incluyendo segmentos rapeados sobre muestras de sonido de Michael Jackson y remixes de la televisión estadounidense de los años 50.
Kodomo Chousadan Mighty Pockets - Chousa 2 - Hanzai Toshi Big Apple (Japan) (SoundLink)	Kodomo Chousadan Mighty Pockets es un juego de mesa con temática detectivesca similar al juego Clue. Sin embargo, las reglas son considerablemente diferentes. A lo largo del juego se utiliza narración SoundLink, incluyendo segmentos rapeados sobre muestras de sonido de Michael Jackson y remixes de la televisión estadounidense de los años 50.
Kodomo Chousadan Mighty Pockets - Chousa 3 - Kyakusen Queen Patra no Nazo (Japan) (1998-3-24) (SoundLink)	Kodomo Chousadan Mighty Pockets es un juego de mesa con temática detectivesca similar al juego Clue. Sin embargo, las reglas son considerablemente diferentes. A lo largo del juego se utiliza narración SoundLink, incluyendo segmentos rapeados sobre muestras de sonido de Michael Jackson y remixes de la televisión estadounidense de los años 50.
Koi wa Balance - Tatoeba K-kun no Tabou na Ichinichi Hen (Japan)	Koi wa Balance: Tatoeba K-kun no Taboo na Ichinichi Hen es un juego descargable para Satellaview que se emitió por primera vez el 27 de enero de 1996. El juego es un juego de mesa y presenta, entre otros personajes, a Gaspar y Johnny del título cuadrado anterior, Chrono Trigger.
Konae-chan no Dokidoki Penguin Kazoku (Japan) (12-22)	Konae-chan no DokiDoki Pengin Kazoku es un evento descargable desarrollado por Pax Softnica para Satellaview. Está protagonizada por Konae y fue distribuida al programa de radio &quot;If Tomorrow Comes ...&quot;.
Konae-chan no Dokidoki Penguin Kazoku - Event-ban (Japan) (1-4)	Konae-chan no DokiDoki Pengin Kazoku es un evento descargable desarrollado por Pax Softnica para Satellaview. Está protagonizada por Konae y fue distribuida al programa de radio &quot;If Tomorrow Comes ...&quot;.
Kouryaku Casino Bar Kinyoubi - Slots (Japan) (10-13)	Una adaptación para Satellaview de Kouryaku Casino Bar centrada en máquinas tragamonedas, Kouryaku Casino Bar Kinyoubi - Slots permite a los jugadores probar su suerte en un entorno de casino virtual utilizando diversas máquinas de slots. Como parte de la serie semanal Casino Bar, esta versión ofrece una experiencia accesible de apuestas con mecánicas de riesgo y recompensa, enfocada en acumular ganancias dentro del universo de casino de Nichibutsu.
Kouryaku Casino Bar Mokuyoubi - Poker (Japan)	Un juego de apuestas que permite, entre otras cosas, jugar póker utilizando tu avatar de Satellaview.
Kouryaku Casino Bar Nichiyoubi - Roulette (10-15) + Game Tora no Ooana Special (1996-2-24) (Japan)	Una adaptación especial para Satellaview de Kouryaku Casino Bar centrada exclusivamente en la ruleta, Kouryaku Casino Bar Nichiyoubi - Roulette ofrece una experiencia de casino virtual optimizada alrededor de apuestas estratégicas y la jugabilidad clásica de la ruleta. Desarrollado por Nichibutsu y distribuido a través del servicio satelital St.GIGA, esta edición dominical transforma la simulación de casino original en un desafío dedicado a la ruleta, permitiendo a los jugadores poner a prueba su suerte y sus tácticas de apuesta en un auténtico entorno de juego japonés exclusivo. Como parte de la programación de Casino Bar para Satellaview, brindó entretenimiento episódico de apuestas diseñado para usuarios que buscaban una experiencia de casino accesible y especializada.
Kouryaku Casino Bar Nichiyoubi - Roulette (10-15) + Kouryaku Casino Bar Kinyoubi - Slots (10-13) (Japan)	Una adaptación especial para Satellaview de Kouryaku Casino Bar centrada exclusivamente en la ruleta, Kouryaku Casino Bar Nichiyoubi - Roulette ofrece una experiencia de casino virtual optimizada alrededor de apuestas estratégicas y la jugabilidad clásica de la ruleta. Desarrollado por Nichibutsu y distribuido a través del servicio satelital St.GIGA, esta edición dominical transforma la simulación de casino original en un desafío dedicado a la ruleta, permitiendo a los jugadores poner a prueba su suerte y sus tácticas de apuesta en un auténtico entorno de juego japonés exclusivo. Como parte de la programación de Casino Bar para Satellaview, brindó entretenimiento episódico de apuestas diseñado para usuarios que buscaban una experiencia de casino accesible y especializada.
Kouryaku Casino Bar Suiyoubi - Poker (10-4) + Kouryaku Casino Bar Kinyoubi - Slots (10-6) (Japan)	En este otro juego de casino, al que puedes acceder con tu avatar de Satellaview, puedes jugar a la ruleta como en un casino real. Pero ten cuidado de no perder todo tu dinero de una sola vez...
Lemmings (Japan) (En)	Miles de Lemmings están sueltos, marchando hacia la extinción a menos que puedas salvarlos. Sin mentes propias, están completamente indefensos, siguiendo fielmente a su líder a través de 125 niveles de incendios ardientes, cañones interminables, túneles mortales y ruinas antiguas. Lemmings para cavar, escalar, hacer túneles, flotar y construir su camino hacia la seguridad. ¡Pero los Lemmings pueden caer desde arriba!
Let's Pachinko Nante Gindama 1 (Japan) (9-5)	Let's Pachinko: Nante Gindama es un juego descargable de visualización limitada para Satellaview que se transmitió en al menos 2 transmisiones entre el 1 de febrero de 1998 y el 28 de noviembre de 1998. Pachinko es una tradición japonesa, un juego de apuestas que involucra pequeñas bolas metálicas que caen. un tablero de juego y puede ganarle al jugador algunos premios.
Let's Pachinko Nante Gindama 2 (Japan) (11-8)	Let's Pachinko: Nante Gindama es un juego descargable de visualización limitada para Satellaview que se transmitió en al menos 2 transmisiones entre el 1 de febrero de 1998 y el 28 de noviembre de 1998. Pachinko es una tradición japonesa, un juego de apuestas que involucra pequeñas bolas metálicas que caen. un tablero de juego y puede ganarle al jugador algunos premios.
Let's Pachinko Nante Gindama 3 (Japan) (9-15)	Let's Pachinko: Nante Gindama es un juego descargable de visualización limitada para Satellaview que se transmitió en al menos 2 transmisiones entre el 1 de febrero de 1998 y el 28 de noviembre de 1998. Pachinko es una tradición japonesa, un juego de apuestas que involucra pequeñas bolas metálicas que caen. un tablero de juego y puede ganarle al jugador algunos premios.
Let's Pachinko Nante Gindama 4 (Japan) (3-21)	Let's Pachinko: Nante Gindama es un juego descargable de visualización limitada para Satellaview que se transmitió en al menos 2 transmisiones entre el 1 de febrero de 1998 y el 28 de noviembre de 1998. Pachinko es una tradición japonesa, un juego de apuestas que involucra pequeñas bolas metálicas que caen. un tablero de juego y puede ganarle al jugador algunos premios.
Logos Panic Goaisatsu BS Ban (Japan)	Un juego de puzzles que depende del conocimiento del jugador sobre kanji y el idioma japonés: el jugador debe formar frases utilizando una lista de kanji. Los personajes fueron diseñados por Kotobuki Shiriagari, un mangaka conocido por su humor oscuro y crítica social.
Lord Monarch (Japan) (6-1)	Lord Monarch es un juego de estrategia en tiempo real. En este completísimo juego, tendrás que gestionar todo un reino. Ya sea cosechando recursos, creando nuevos edificios o gestionando el dinero del reino, tendrás que cuidar de tu rebaño. Más allá de las fronteras de tu reino, hay obviamente otros reinos que también se están desarrollando. Por tanto, deberás estar preparado para defender tu país y, por qué no, incluso optar por cogerlos por sorpresa, yendo a enfrentarte a ellos para ampliar los límites de tu reino. Se pudo descargar durante un tiempo limitado para el Satellaview y salió al menos dos veces entre el 20 de diciembre de 1997 y el 31 de marzo de 1998.
MARIA - Part 1 (Japan) (SoundLink Magazine)	Maria - Part 1 fue una entrega episódica distribuida a través del servicio Satellaview que introducía a los jugadores al comienzo de una historia serializada interactiva diseñada específicamente para su difusión por satélite. Combinando una presentación centrada en la narrativa, elementos audiovisuales y contenido exclusivo, este primer capítulo establecía a sus personajes y argumento mientras mostraba la naturaleza multimedia experimental del ecosistema BS-X.
Mario Paint - BS Ban (Japan) (6-4)	&quot;Mario Paint - BS Ban&quot; es un juego descargable para Satellaview que se descargaba entre el 3 de agosto de 1997 y el 30 de agosto de 1998. El juego es una herramienta de pintura y funciona como una pseudo-secuela del juego de 1992 &quot;Mario Paint&quot;. Entre el 2 de noviembre de 1997 y el 22 de noviembre de 1997, se llevó a cabo el &quot;Mario Paint BS Ban Contest&quot; y las transmisiones del juego fueron acompañadas por una revista digital relacionada con el concurso. Los resultados del concurso se transmitieron entre el 28 de diciembre de 1997 y el 31 de enero de 1998 en la forma de una segunda revista digital que acompaña el lanzamiento de &quot;Mario Paint BS Ban - Yuushou Sakuhin Naizou Version&quot;.
Mario Paint - Yuushou Naizou Ban (Japan)	Una versión modificada del Mario Paint BS Ban original que incluye el diseño ganador de un concurso realizado en Japón en 1997. La imagen vencedora fue creada por una jugadora de Tokio llamada Hiroko Mizota y lleva por título &quot;Dreaming of the Moon&quot; (&quot;Soñando con la Luna&quot;).
Monopoly 2 BS - Red Cup (Japan)	Monopoly (Japón) es un juego misceláneo, desarrollado y publicado por Tomy Corporation.
Monopoly 2 BS - Yellow Cup (Japan)	Monopoly (Japón) es un juego misceláneo, desarrollado y publicado por Tomy Corporation.
New 3D Golf Simulation - Waialae no Kiseki (Japan) (1997-10-28)	¡Domina los vientos de Waialae! nnLos vientos alisios de Hawai. Este es Waialae-18 hoyos de acción de campeonato, jugado contra el brillante telón de fondo del Pacífico. Cada golpe prueba tu estrategia de golf. ¿Deberías golpear a lo grande con el hierro? Añadir backspin para la polla? Chip-and-roll de la franja? True Golf te permite perfeccionar cada golpe en tu juego. Cada hoyo aparece en perfecto detalle. Descubra los búnkeres de tono profundo de Waialae en los verdes suelos de mármol. ¿No estás seguro de la estrategia? Busque consejos del club profesional. Cada ronda presenta un nuevo desafío. Compite con profesionales o forma fila con cuatro amigos. Controle el viento, descubra las nuevas ubicaciones de los pasadores. En el verdadero golf, cada día es un juego nuevo.
New Yatterman - Nandai Kandai Yajirobee (Japan) (Demo) (1996-5-5)	New Yatterman: Nandai Kandai Yajirobee es un juego centrado en el modo multijugador para Super Famicom que se basa en la franquicia de anime Yatterman de la década de 1970. Yatterman presenta un equipo de tres héroes, todos llamados Yatterman, que intenta vencer al equipo de supervillanos Doronbo (también un grupo de tres) en un conjunto de cráneos que revelarán el camino a una horda de tesoros gigantes. Los héroes a menudo usan juguetes y mechs para derrotar a sus oponentes incompetentes, como la kendamagic del protagonista masculino. El juego es similar a First Star's Spy vs. Serie de espías, en la que ambos equipos intentan alcanzar el tesoro primero. Pueden hacer tropezar a sus oponentes a través de una serie de trampas, algunas de las cuales tienen usos condicionales. Al enterrar minas y disparar misiles, el jugador puede reducir la salud de sus oponentes para mantenerlos fuera de sus pistas. Si los dos equipos se encuentran, luchan entre sí en una batalla de equipo de tres contra tres con el lado de un gran golpe a su salud. El juego se puede jugar en un solo jugador (como el equipo de Yatterman o el equipo de Doronbo) o en el modo multijugador.
Nintama Rantarou 2 (Japan) (1-29)	Nintama Rantaro 2 es un juego descargable para Satellaview que se transmitió en al menos 2 carreras entre el 29 de marzo de 1998 y el 28 de noviembre de 1998.
Organic Stone - Honpen (Japan) (Data Pack)	Un juego de rol que parodia “Ryōma ga Yuku”, una obra literaria japonesa altamente reconocida, creado con RPG Tsukuru (RPG Maker) y escrito por Hikari Ōta del dúo de comedia Bakushō Mondai.
Panel de Pon - Event '98 (Japan) (1998-1-11)	Panel of Pon Event '98 es un juego descargable para Satellaview que se transmitió el 31 de enero de 1998, es una versión de evento ligeramente modificada del juego Panel of Pon.
Panel de Pon - Event Version 2 (Japan) (1996-1-28)	Panel of Pon Event '98 es un juego descargable para Satellaview que se transmitió el 31 de enero de 1998, es una versión de evento ligeramente modificada del juego Panel of Pon.
Pico Pico Pirates (Japan)	Pico Pico Pirates es un juego de Satellaview que se juega de forma similar a Whac-A-Mole. El jugador combate a un grupo de piratas topo que pilotan una nave sospechosamente parecida a un control de SNES. Cada agujero de la nave corresponde a un botón específico del mando, incluidos los botones laterales. A medida que avanzan los niveles, los piratas topo moverán su nave de manera más errática, dificultando seguir correctamente qué agujeros deben atacarse.
Radical Dreamers - Nusume Nai Houseki (Japan) (2-24)	Radical Dreamers en Super Nes es un juego de rol basado en el principio de los libros de los cuales eres el héroe. Interpretarás a Serge, un joven aventurero que se ha unido a Kid, el famoso ladrón y Magil, un misterioso mago. El objetivo del trío es robar la Llama congelada, una joya invaluable, de la oscura mansión Viper de Lord Lynx.
Rika & Hitomi (3-29) + Tamori no Picross (1995-8-1) (Japan) (SoundLink Magazine, Game)	Esta versión Super Famicom de la popular imagen fue lanzada originalmente en Japón y presenta cientos de acertijos relajantes pero desafiantes. Cada rompecabezas de Picross consiste en una cuadrícula numerada de fichas que revela una imagen cuando está correctamente cincelada. En el modo principal de Marios, un movimiento incorrecto significa perder tiempo. Sin embargo, en el modo más difícil, no se muestran errores ... ¡así que ten cuidado! Además, un amigo puede ayudar uniéndose a un segundo controlador.
RPG Tsukuru 2 Collection (Japan) (Data Pack)	Un juego de rol que parodia “Ryōma ga Yuku”, una obra literaria japonesa altamente reconocida, creado con RPG Tsukuru (RPG Maker) y escrito por Hikari Ōta del dúo de comedia Bakushō Mondai.
Ryouma de Yuku (Japan) (Data Pack)	Un juego de rol que parodia “Ryōma ga Yuku”, una obra literaria japonesa altamente reconocida, creado con RPG Tsukuru (RPG Maker) y escrito por Hikari Ōta del dúo de comedia Bakushō Mondai.
Ryouma de Yuku - Kanaderu Score (5-7) + Yusuke Akamatsu Theater (5-7) (Japan) (Data, SoundLink Magazine)	Un juego de rol que parodia “Ryōma ga Yuku”, una obra literaria japonesa altamente reconocida, creado con RPG Tsukuru (RPG Maker) y escrito por Hikari Ōta del dúo de comedia Bakushō Mondai.
Ryouma de Yuku - Kanaderu Score (6-30) + Ryouma de Yuku - Kanaderu Score (8-4) (Japan) (Data Pack)	Un juego de rol que parodia “Ryōma ga Yuku”, una obra literaria japonesa altamente reconocida, creado con RPG Tsukuru (RPG Maker) y escrito por Hikari Ōta del dúo de comedia Bakushō Mondai.
Same Game - Koma Editor 4 (Japan)	Un juego de puzles basado en el modelo de “samegame”, donde los jugadores eliminan grupos de iconos con el objetivo de despejar todo el tablero sin dejar restos. Los iconos solo pueden eliminarse si están agrupados en conjuntos de dos o más, y solo cuentan como agrupados si se tocan horizontal o verticalmente. El juego presenta varios personajes de Hudson Soft, cada uno utilizado como base para los iconos del rompecabezas.
Satella Walker - Dai-2-wa - Machi no Heiwa o Torimodose! (Japan) (SoundLink)	SatellaWalker (también conocido por su taquigrafía, SW) es un juego Soundlink descargable de 2 partes para Satellaview que se transmitió entre el 29 de junio de 1997 y el 2 de enero de 1998. La transmisión del juego en enero fue el resultado de haber sido el primer ganador del Elección del tercer jugador. A SatellaWalker le siguió una secuela, SatellaWalker 2, en febrero de 1998.
Satella Walker 2 - Dai-1-wa - Mokumoku Kemuri Panic (Japan) (Rerun) (SoundLink)	Los acontecimientos de Ancient Stone Tablets ocurren apenas seis años después de la destrucción de Ganon por el héroe Link en The Legend of Zelda: A Link to the Past. Hyrule disfruta de una época de paz y tranquilidad, pero la princesa Zelda sufre un sueño oscuro y recurrente que muestra una sombra sobre un templo; una premonición del mal que está por venir. Un día, presencia una luz misteriosa y brillante en el cielo hacia el este. Aginah, el hermano menor del sabio Sahasrahla, que ahora vive en su antiguo escondite cerca del Palacio del Este, también observa esa luz y viaja para investigarla.
SD Gundam G Next - Map Data (Japan) (2-7) (Data Pack)	Un juego de expansión para SD Gundam G Next en la Super Famicom, que requiere el juego original para jugar. Incluye misiones y unidades adicionales, hoy en día se consideraría un DLC.
SD Gundam G Next - MS Data (Japan) (1-16) (Data Pack)	Un juego de expansión para SD Gundam G Next en la Super Famicom, que requiere el juego original para jugar. Incluye misiones y unidades adicionales, hoy en día se consideraría un DLC.
Shanghai - Banri no Choujou (Japan) (5-27)	Shanghai: Banri no Choujou es un juego descargable con vista limitada para Satellaview que se transmitió entre el 15 de noviembre de 1998 y el 28 de noviembre de 1998.
Sonic Blast Man (Japan)	Eres &quot;Sonic Blast Man&quot;, un superhéroe, en este juego de disparos de desplazamiento lateral, luchando contra varias formas de maldad. Mientras tiene los típicos movimientos de golpe, salto y patada, Sonic Blast Man también tiene dos movimientos de poder especiales: golpe de dinamita y bomba de tornillo. Viajaras a través de cinco etapas diferentes y lucharas contra enemigos que van desde rufianes locales hasta robots e incluso extraterrestres del espacio exterior.
Sound Journal for Lovers - Valentine Special Vol. 1 (Japan) (4-14) (SoundLink Magazine)	Sound Journal for Lovers consiste en un conjunto de textos e imágenes diseñados para acompañar de forma armoniosa la música transmitida durante la hora de emisión de St.GIGA. La mayor parte del contenido muestra pantallas con listados de artistas y letras de canciones desplazándose hacia arriba. Entre las pocas interacciones disponibles para el jugador, una opción permite cambiar las letras del inglés a una traducción al japonés. Entre los artistas incluidos se encuentran Stevie Wonder, Paul Simon, Phil Collins, Bee Gees y muchos otros.
Sousa Sentai Wappers - Extra Mission (Japan) (Magazine)	Sousa Sentai Wappers es una revista digital descargable que fue transmitida en al menos 6 segmentos para el Satellaview entre el 19 de abril de 1998 y el 20 de septiembre de 1998.
Sousa Sentai Wappers - Mission 01 (Japan) (Magazine)	Sousa Sentai Wappers es una revista digital descargable que fue transmitida en al menos 6 segmentos para el Satellaview entre el 19 de abril de 1998 y el 20 de septiembre de 1998.
Sousa Sentai Wappers - Mission 02 (Japan) (Magazine)	Sousa Sentai Wappers es una revista digital descargable que fue transmitida en al menos 6 segmentos para el Satellaview entre el 19 de abril de 1998 y el 20 de septiembre de 1998.
Special Tee Shot (Japan) (En) (4-25)	BS Special Tee Shot es un juego que fue planeado para ser lanzado en SNES, aunque finalmente se hizo exclusivamente para el servicio Satellaview de Super Famicom. El juego más tarde se reorganizó y se convirtió en el juego conocido como Kirby's Dream Course. Kirby, Nintendo pensó que el juego sería más exitoso de lo que fue. El videojuego Satellaview tenía más personajes que nunca. En general, sin embargo, el jugador no inspiraba, ya que era simplemente una esfera roja que rebotaba. A pesar del hecho de que el juego se volvería a crear para presentar personajes de Kirby, existen diferencias dramáticas entre los dos títulos, incluido el concepto general de juego y los niveles. Por ejemplo, en este juego, el objetivo era solo disparar la pelota en el hoyo, mientras que en el juego Kirby quieres chocar contra los enemigos para destruirlos. Sin embargo, a pesar de esto, los juegos aún comparten muchas similitudes, como los gráficos y la forma general en que el jugador controla el balón. Curiosamente, Special Tee Shot fue presentado en el pasado por personajes de Kirby. También debe tenerse en cuenta que Kirby's Dream Course es Kirby's Tee Shot.
Spriggan Powered BS - Dai-3-wa (Japan) (SoundLink)	Spriggan Powered es una demo del juego para Super Famicom. Contiene únicamente el primer nivel de la versión comercial, que puede repetirse varias veces, además de algunos textos de historia e instrucciones del manual acompañados de imágenes de fondo como introducción. El juego proporciona al jugador una contraseña con la puntuación tras cada partida del primer nivel, probablemente relacionada con un concurso de puntuaciones altas. Es un título “SoundLink”, lo que significa que la música se transmitía en directo a través del servicio, por lo que en la ROM preservada solo están presentes efectos de sonido y no música.
Spriggan Powered BS - Prelude (Japan) (SoundLink)	Spriggan Powered es una demo del juego para Super Famicom. Contiene únicamente el primer nivel de la versión comercial, que puede repetirse varias veces, además de algunos textos de historia e instrucciones del manual acompañados de imágenes de fondo como introducción. El juego proporciona al jugador una contraseña con la puntuación tras cada partida del primer nivel, probablemente relacionada con un concurso de puntuaciones altas. Es un título “SoundLink”, lo que significa que la música se transmitía en directo a través del servicio, por lo que en la ROM preservada solo están presentes efectos de sonido y no música.
Star Soldier - 2 Minute Mode (Japan) (En)	Es un Port de Satellaview, del juego de Famicom &quot;Star Soldier&quot;, específicamente de su modo Caravan de 2 minutos. No se sabe mucho sobre este lanzamiento, ni tampoco si se transmitieron muchos otros juegos de 8 bits en el servicio.
Sugoi RPG - Kouhen (Japan)	Pico Pico Pirates es un juego de Satellaview que se juega de forma similar a Whac-A-Mole. El jugador combate a un grupo de piratas topo que pilotan una nave sospechosamente parecida a un control de SNES. Cada agujero de la nave corresponde a un botón específico del mando, incluidos los botones laterales. A medida que avanzan los niveles, los piratas topo moverán su nave de manera más errática, dificultando seguir correctamente qué agujeros deben atacarse.
Super Aleste (Japan)	La emocionante velocidad del juego es su característica más atractiva. Los movimientos enemigos son rápidos. Tus disparos y los disparos de los enemigos son rápidos. Finalmente, el desplazamiento es rápido. La pantalla llena de acción de batalla se desborda con la emoción de disparar a alta velocidad. Además de eso está el Sistema de Control de Disparo operado con el botón &quot;R&quot;. Puedes atacar al enemigo de muchas maneras con un arma usando este sistema. ¡Naturalmente, las características de la Super Famicom, como las funciones de rotación, ampliación y reducción, se utilizan para su experiencia más completa e interminable antes de este emocionante juego MEGA!
Super Bomberman (Japan) (En) (5-3)	Al norte de la Ciudad de la Paz (ciudad Bomberman), situada en la moderna metrópolis de Diamond City, el malvado Carat Diamond y su corte, junto con el científico Dr. Mok, han asignado un grupo de robots con capacidad ofensiva. Con la intención de robar las avanzadas habilidades de combate de Bomberman, Diamond creó un falso Bomberman para ir a la Ciudad de la Paz y secuestrar al verdadero Bomberman. Al darse cuenta de la situación, Black Bomberman se prepara para enfrentarse en solitario al falso Bomberman, pero acaba siendo derrotado y su castillo tomado. Sin embargo, Black Bomberman escapa y se refugia con White Bomberman y le advierte del peligro que le espera. Poco después de que la oleada de robots enemigos comience a avanzar hacia la Ciudad de la Paz, los dos héroes deberán unir sus fuerzas para derrotar este mal.
Super E.D.F. (Japan)	Una organización malvada, llamada AGYMA, amenaza los 200 años de paz que la galaxia ha disfrutado. Desde su base al otro lado de la luna, se han infiltrado en muchos lugares importantes de la Tierra. Trabajando para la Fuerza de Defensa de la Tierra, eres el piloto de una nave especial diseñada para luchar contra AGYMA: el XA-1. El juego es un juego de disparos de desplazamiento lateral con 6 niveles y un total de 8 armas de última generación para defenderse de los ataques de la trama de AGYMA para destruir la Tierra e interrumpir la paz en todo el cosmos.
Super Famicom Wars BS Ban - Hagoromo-jima (Japan)	Super Famicom Wars BS Ban es un juego descargable con vista limitada para Satellaview que se transmitió en abril de 1998.
Super Famicom Wars BS Ban - Noakazantou (Japan)	Super Famicom Wars BS Ban es un juego descargable con vista limitada para Satellaview que se transmitió en abril de 1998.
Super Famicom Wars BS Ban - Tsukinowa-jima (Japan)	Super Famicom Wars BS Ban es un juego descargable con vista limitada para Satellaview que se transmitió en abril de 1998.
Super Fire Pro Wrestling (Japan)	Una emisión para Satellaview del juego de lucha Super Fire Pro Wrestling. Es una de las primeras obras de Goichi Suda. Incluye un modo historia profundo, algo inusual en los juegos de lucha de la época.
Super Formation Soccer (Japan) (8-5)	Una emisión para Satellaview de la versión para Super Famicom de la franquicia de fútbol de Human Entertainment, Formation Soccer. El juego fue elogiado en su lanzamiento por su innovadora vista cenital, que aprovechaba al máximo el zoom y las capacidades de perspectiva del modo 7.
Super Mahjong Taikai (9-27) + Super Bowling (9-27) (Japan)	Super Mahjong Taikai es una continuación de Mahjong Taikai. La estructura y la jugabilidad del juego son casi idénticas a las de su predecesor. Entre las diferencias está la posibilidad de seleccionar un retrato del personaje principal (hombre o mujer) y algunos personajes históricos adicionales para competir: por ejemplo, el caudillo medieval japonés Oda Nobunaga ahora se une a Toyotomi Hideyoshi y Tokugawa Ieyasu, famoso personaje histórico. personajes de la misma época La lista de personajes modernos (en particular, desarrolladores como Kou Shibusawa) también se ha ampliado. Al igual que en el juego anterior, solo se puede acceder al modo de gran torneo una vez que el jugador ha avanzado lo suficiente en el ranking.
Super Mahjong Taikai (Japan) (5-27)	Super Mahjong Taikai es una continuación de Mahjong Taikai. La estructura y la jugabilidad del juego son casi idénticas a las de su predecesor. Entre las diferencias está la posibilidad de seleccionar un retrato del personaje principal (hombre o mujer) y algunos personajes históricos adicionales para competir: por ejemplo, el caudillo medieval japonés Oda Nobunaga ahora se une a Toyotomi Hideyoshi y Tokugawa Ieyasu, famoso personaje histórico. personajes de la misma época La lista de personajes modernos (en particular, desarrolladores como Kou Shibusawa) también se ha ampliado. Al igual que en el juego anterior, solo se puede acceder al modo de gran torneo una vez que el jugador ha avanzado lo suficiente en el ranking.
Super Ninja-kun (Japan) (6-1)	Super Ninja-Kun es un juego de acción de desplazamiento lateral solo para Japón de 1994, desarrollado y publicado por Jaleco para SNES. Es una versión actualizada gráficamente de los juegos Ninja-kun Arcade de la década de 1980, que Jaleco había adaptado previamente para las consolas (además de crear sus propios spin-off, llamados Ninja Jajamaru-kun), además, cuenta con gráficos de 16 bits. el juego ahora también incluye un modo historia, jefes, un indicador de salud actualizable (el juego Arcade solo permitió que Ninja-kun recibiera un solo golpe) y múltiples tipos de armas. Ninja-kun también puede crear una poderosa explosión mágica única al recolectar las almas de los enemigos muertos mientras flotan fuera de la pantalla. El juego también incluye un modo cooperativo para dos jugadores. Super Ninja-kun no debe confundirse con Super Ninja Boy, otro juego de acción con temas de ninja para el SNES.
Super Puyo Puyo Tsuu BS Ban (Japan) (12-3)	Puyo Puyo Tsuu BS Ban es una demostración de juego descargable para Satellaview. Está diseñado como una vista previa del lanzamiento minorista de Super Famicom Super Puyo Puyo Tsuu. Como tal, es básicamente una variante más pequeña y más limitada de ese juego. En la demostración, el modo de juego se limita a un VS. Partido entre Arle y Satanás, que se puede jugar un jugador (con el jugador 1 como Arle) o una competencia de 2 jugadores
Super Soukoban (Japan) (4-4)	Super Soukoban es un juego de rompecabezas en el que el jugador debe empujar cajas dentro de un laberinto hasta sus zonas de almacenamiento designadas, evitando colocarlas en posiciones donde queden bloqueadas de forma irreversible. La introducción establece que el Sokoban (término japonés para “trabajador de almacén”) debe resolver suficientes puzles de empuje de cajas para ganar dinero y comprar un coche llamativo, con el objetivo de impresionar a la chica de sus sueños. Cada nivel incluye un límite fijo de movimientos, lo que obliga no solo a colocar las cajas correctamente, sino a hacerlo con la máxima eficiencia posible.
Super Tsumeshougi 1000 (Japan) (7-15)	Una emisión para Satellaview de un juego de shogi también lanzado en Super Famicom. En lugar de partidas estándar, Super Tsumeshogi plantea problemas especiales de shogi que deben resolverse con un número limitado de piezas.
Super Volley II (Japan) (11-3)	Super Volleyball II (Hyper V-Ball en los EE. UU.) Es un juego de voleibol de ritmo lento (¡descúbrelo!) Que enfrenta a tus cuatro jugadores contra otro equipo de cuatro jugadores. ¿Puedes golpear, establecer y clavar tu camino hacia la victoria?
Sutte Hakkun - 98 Fuyu Event Version (Japan) (1999-1-7)	Sutte Hakkun '98 es un juego de plataforma / rompecabezas que se lanzó en 1998 en Japón. Como el título del juego lo implica, es una especie de secuela de los anteriores: &quot;Sutte Hakkun&quot; (noviembre de 1997) y &quot;Sutte Hakkun Event Version&quot; (octubre de 1997). A este titulo: &quot;Sutte Hakkun '98&quot; (diciembre de 1998) le siguió un mes después de la transmisión de &quot;Sutte Hakkun Version 2&quot;
Sutte Hakkun - BS Version 2 (Japan) (1-5)	Sutte Hakkun BS Version 2 es un juego de plataformas / rompecabezas que se lanzó en 1998 en Japón. Como Sutte Hakkun (noviembre de 1997) y Sutte Hakkun Event Version (octubre de 1997). Unos títulos posteriores en la misma serie, Sutte Hakkun '98 (diciembre de 1998) seguido de Sutte Hakkun Versión 2
Sutte Hakkun - Event Version (Japan) (2-6)	Sutte Hakkun '98 es un juego de plataforma / rompecabezas que se lanzó en 1998 en Japón. Como el título del juego lo implica, es una especie de secuela de los anteriores: &quot;Sutte Hakkun&quot; (noviembre de 1997) y &quot;Sutte Hakkun Event Version&quot; (octubre de 1997). A este titulo: &quot;Sutte Hakkun '98&quot; (diciembre de 1998) le siguió un mes después de la transmisión de &quot;Sutte Hakkun Version 2&quot;
Table Game Daisyugo!! Shougi Mahjong Hanafuda (Japan) (6-2)	Table Game Daishuugou!! (“¡Gran Colección de Juegos de Mesa!”) es una recopilación de juegos de mesa para Super Famicom publicada por Varie, con parte de la programación del juego subcontratada a Natsu System. Incluye cinco juegos distintos: mahjong, shogi, “two side” (reversi) y dos juegos jugados con cartas hanafuda. Cada juego ofrece la misma selección de cinco oponentes controlados por la IA, cada uno progresivamente más inteligente.
Tamori no Picross (1995-5-10) + Waiwai Check (1995-8-26, 8-26) (Japan)	Esta versión Super Famicom de la popular imagen fue lanzada originalmente en Japón y presenta cientos de acertijos relajantes pero desafiantes. Cada rompecabezas de Picross consiste en una cuadrícula numerada de fichas que revela una imagen cuando está correctamente cincelada. En el modo principal de Marios, un movimiento incorrecto significa perder tiempo. Sin embargo, en el modo más difícil, no se muestran errores ... ¡así que ten cuidado! Además, un amigo puede ayudar uniéndose a un segundo controlador.
Tamori no Picross (1995-5-3) + Game Tora no Ooana (1995-5-3) (Japan) (Game, SoundLink Magazine)	Esta versión Super Famicom de la popular imagen fue lanzada originalmente en Japón y presenta cientos de acertijos relajantes pero desafiantes. Cada rompecabezas de Picross consiste en una cuadrícula numerada de fichas que revela una imagen cuando está correctamente cincelada. En el modo principal de Marios, un movimiento incorrecto significa perder tiempo. Sin embargo, en el modo más difícil, no se muestran errores ... ¡así que ten cuidado! Además, un amigo puede ayudar uniéndose a un segundo controlador.
Tamori no Picross (1995-6-13) + AK LIVE Hit Gang (1995-5-30) (Japan) (Game, Magazine)	Esta versión Super Famicom de la popular imagen fue lanzada originalmente en Japón y presenta cientos de acertijos relajantes pero desafiantes. Cada rompecabezas de Picross consiste en una cuadrícula numerada de fichas que revela una imagen cuando está correctamente cincelada. En el modo principal de Marios, un movimiento incorrecto significa perder tiempo. Sin embargo, en el modo más difícil, no se muestran errores ... ¡así que ten cuidado! Además, un amigo puede ayudar uniéndose a un segundo controlador.
Tamori no Picross (1995-7-14) + SatellaQ (1995-7-21) + Machi Magazine (1995-7-21) (Japan)	Esta versión Super Famicom de la popular imagen fue lanzada originalmente en Japón y presenta cientos de acertijos relajantes pero desafiantes. Cada rompecabezas de Picross consiste en una cuadrícula numerada de fichas que revela una imagen cuando está correctamente cincelada. En el modo principal de Marios, un movimiento incorrecto significa perder tiempo. Sin embargo, en el modo más difícil, no se muestran errores ... ¡así que ten cuidado! Además, un amigo puede ayudar uniéndose a un segundo controlador.
Tamori no Picross (1995-8-13) + Bakushow Mondai no Houkago no Ousama - Kayoubi (1995-10-17) (Japan) (Game, SoundLink Magazine)	Esta versión Super Famicom de la popular imagen fue lanzada originalmente en Japón y presenta cientos de acertijos relajantes pero desafiantes. Cada rompecabezas de Picross consiste en una cuadrícula numerada de fichas que revela una imagen cuando está correctamente cincelada. En el modo principal de Marios, un movimiento incorrecto significa perder tiempo. Sin embargo, en el modo más difícil, no se muestran errores ... ¡así que ten cuidado! Además, un amigo puede ayudar uniéndose a un segundo controlador.
Tamori no Picross (Japan) (1995-5-10)	Esta versión Super Famicom de la popular imagen fue lanzada originalmente en Japón y presenta cientos de acertijos relajantes pero desafiantes. Cada rompecabezas de Picross consiste en una cuadrícula numerada de fichas que revela una imagen cuando está correctamente cincelada. En el modo principal de Marios, un movimiento incorrecto significa perder tiempo. Sin embargo, en el modo más difícil, no se muestran errores ... ¡así que ten cuidado! Además, un amigo puede ayudar uniéndose a un segundo controlador.
Treasure Conflix (Japan)	La mitad de la aventura de apuntar y hacer clic, la mitad de la acción de la aeronave Mode7, en el tesoro Conflix, un héroe de búsqueda del tesoro viaja por el mundo completando misiones que le otorgan al jugador oro para gastar en mejoras para su aeronave. Estos potenciadores ayudan durante las misiones que progresan en la historia en la que te ves obligado a luchar contra hordas de otras aeronaves y magnates. Este juego es exclusivo del servicio satelital de descarga y nunca se lanzó en cartucho.
Tsuri Tarou (Japan)	Se juega de manera similar a la serie Legend of the River King de Natsume, ya que el personaje del jugador debe comenzar capturando peces pequeños para pagar mejoras que le permitan pescar peces más grandes y acceder a mejores lugares de pesca.
User Same Game (Japan) (3-10) (Data Pack)	Un juego de puzles basado en el modelo de “samegame”, donde los jugadores eliminan grupos de iconos con el objetivo de despejar todo el tablero sin dejar restos. Los iconos solo pueden eliminarse si están agrupados en conjuntos de dos o más, y solo cuentan como agrupados si se tocan horizontal o verticalmente. El juego presenta varios personajes de Hudson Soft, cada uno utilizado como base para los iconos del rompecabezas.
Waiwai Check (1996-3-21, 3-27) (Rerun) + Yuki no Waiwai Kids (1996-3-16) (Japan)	WaiWai Check es una revista digital descargable que se transmitió en al menos 3 segmentos para Satellaview en 1995.
Waiwai Check (Japan) (1995-8-26, 8-26)	WaiWai Check es una revista digital descargable que se transmitió en al menos 3 segmentos para Satellaview en 1995.
Waiwai Check (Rerun) (1995-11-15, 11-17) + Kouryaku Casino Bar Nichiyoubi - Roulette (10-22) (Japan)	WaiWai Check es una revista digital descargable que se transmitió en al menos 3 segmentos para Satellaview en 1995.
Waiwai Check (Rerun) (1996-3-21, 3-21) + Game Tora no Chou Ooana (1996-3-31, Part 2) (Japan) (Game, SoundLink Magazine)	WaiWai Check es una revista digital descargable que se transmitió en al menos 3 segmentos para Satellaview en 1995.
Wario no Mori - Bakushou Version (Japan) (1995-4-24)	Este juego de puzles es una pseudo-secuela de los previamente emitidos Wario's Woods y Wario no Mori Futatabi, y cuenta con el talento vocal del dúo cómico japonés Bakushō Mondai.
Wario no Mori - Event Version 2 (Japan) (1995-8-27)	Este juego de puzles es una pseudo-secuela de los previamente emitidos Wario's Woods y Wario no Mori Futatabi, y cuenta con el talento vocal del dúo cómico japonés Bakushō Mondai.
Wario no Mori - Futatabi (Japan) (4-9)	Wario's Woods es un juego de bloques en caída donde el objetivo es limpiar el mundo mediante el uso de bombas, organizándolas en filas de colores iguales. A diferencia de otros juegos de rompecabezas como Tetris, donde el jugador manipula directamente las piezas del juego, el jugador controla a Toad, que se mueve por el campo de juego y los organiza después de que hayan caído. Este juego es una pseudo-secuela de la transmisión anterior Wario's Woods.
Wizardry V - Saika no Chuushin (Japan)	A pesar de la gran magia de los antiguos Altos Sabios, enormes inundaciones, terremotos y hambrunas vuelven a azotar la tierra de Llylgamyn. El gran Orbe de Llylgamyn, un artefacto de poder extraordinario que ha protegido la ciudad durante eras, ahora es incapaz de detener la calamidad. Pero ahora, los Sabios han descubierto que la razón oculta detrás de los desastres es más aterradora de lo que cualquiera hubiera imaginado. Para salvar el mundo tal como lo conocemos, tú y tu grupo deberán adentrarse en el... ...Corazón del Maelstrom.
Yoshi no Panepon - BS Ban (Japan) (En,Ja) (1-2)	Yoshi no Panepon BS Ban es un juego descargable para Satellaview que se transmitió en al menos 11 carreras entre el 3 de noviembre de 1996 y el 30 de junio de 2000. Yoshi no Panepon BS Ban se basa en el juego de rompecabezas / informal de Pon y es Tetris Attack.
Zelda no Densetsu - Kamigami no Triforce (Japan) (3-14)	Zelda no Densetsu: Kamigami no Triforce es un juego descargable de vista limitada para Satellaview que se transmitió en al menos 10 series distintas entre el 2 de marzo de 1997 y el 29 de mayo de 2000. A diferencia de BS Zelda e Inishie no Sekiban, Kamigami no Triforce no use la narración SoundLink o una partitura orquestal mejorada. El Super Famicom el 21 de noviembre de 1991.
