#key	synopsis
3-ji no Wide Shou - 5 Gatsugou (Japan) (Magazine)	3 Ji no WIDE Shou ist ein herunterladbares digitales Magazin, das zwischen dem 31. Mai 1998 und dem 19. Dezember 1998 in mindestens 8 Segmenten für das Satellaview ausgestrahlt wurde. Dieser Titel war beim Standort des Bahnhofs zum Download verfügbar, wenn das BS-X-Modul verwendet wurde.
3-ji no Wide Shou - 6 Gatsugou (Japan) (Magazine)	3 Ji no WIDE Shou ist ein herunterladbares digitales Magazin, das zwischen dem 31. Mai 1998 und dem 19. Dezember 1998 in mindestens 8 Segmenten für das Satellaview ausgestrahlt wurde. Dieser Titel war beim Standort des Bahnhofs zum Download verfügbar, wenn das BS-X-Modul verwendet wurde.
Actraiser (Japan) (5-14)	ActRaiser (BS) ist Byte für Byte identisch mit der veröffentlichten japanischen Version. Der Spieler übernimmt die Rolle des &quot;The Master&quot;, des Hauptprotagonisten des Spiels, der nicht direkt vom Spieler kontrolliert wird. Der Spieler steuert einen Engel während der Simulationsphasen und eine animierte Statue während der Aktionssequenzen, um mit &quot;The Master&quot; zu interagieren. Der von oben betrachtete Modus wird verwendet, um die neue Zivilisation des Meisters zu führen und zu schützen, die mit 2 Menschen beginnt. Diese Phase des Spiels fordert den Spieler auf, Maßnahmen zu ergreifen, um das Bevölkerungswachstum zu fördern, was die Planung von Routen mit Licht, Regen, Sonne, Wind und Erdbeben erfordert. Der Engel kann mit den Monstern mit den Pfeilen interagieren, um sie zu besiegen, er kann auch sagen, wo er Wunder bauen und bewirken kann.
AK LIVE Hit Gang (1995-4-28) + Game Tora no Ooana (1995-4-28) (Japan) (SoundLink Magazine)	AK Live Hit Gang-Übertragungen bestanden aus verschiedenen Medien (Grafik, Songs usw.) im Zusammenhang mit der japanischen Band, AK LIVE, und sie sollten die Band und ihre Musik fördern.
AK LIVE Hit Gang (Japan) (1995-5-30) (Magazine)	AK Live Hit Gang-Übertragungen bestanden aus verschiedenen Medien (Grafik, Songs usw.) im Zusammenhang mit der japanischen Band, AK LIVE, und sie sollten die Band und ihre Musik fördern.
Albert Odyssey (Japan) (5-31)	Albert Odyssey ist ein Rollenspiel auf SNES. Du spielst Albert, einen tapferen Krieger, und hilfst der Magierin Sophia, den Tod ihrer Eltern zu rächen. Auf diese Weise verfolgst du Oswald, den bösen Magier und seine Armee von Drachen und Goblins. Kämpfe werden wie in einem rundenbasierten Strategiespiel gespielt und du musst dein ganzes Team leiten, um zu gewinnen.
Arkanoid - Doh It Again (Japan) (En) (4-10)	Arkanoid: Doh It Again wurde zwischen dem 21. August 1997 und dem 31. März 1998 ausgestrahlt. Der Spieler steuert ein Schiff entweder mit einem Standard-Controller oder der Super NES-Maus. Runden sind abgeschlossen, wenn alle Farb- und Silberblöcke auf dem Bildschirm entfernt wurden. Feinde treten von den Türen oben im Spielbereich ein. Alle elf Runden muss ein Boss-Feind bekämpft werden. Einige der Blöcke enthalten Power-Ups, die Sie mit Ihrem Paddel fangen müssen, um sie zu verwenden. Das Spiel hat insgesamt 99 Levels, einen Bearbeitungsmodus, in dem Benutzer ihre eigenen Levels, Power-Ups und Zwei-Spieler-Fähigkeiten erstellen können.
B Dash - 2 Gatsugou (Japan) (Magazine)	B Dash ist ein herunterladbares digitales Magazin für den Satellaview, das zwischen dem 15. November 1998 und Anfang 1999 in 5 Ausgaben veröffentlicht wurde. Die Zahlen von B Dash tragen alle einen Romaji-Index &quot;X-Gatsu-Go&quot;, der den Monat anzeigt. Zum Beispiel kann das Februar-Volumen in Kanji mit &quot;2 Gatsu Gou&quot; oder &quot;February Issue&quot; (&quot;February Issue&quot;) ins Englische übertragen werden.
B Dash - 3 Gatsugou (Japan) (Magazine)	B Dash ist ein herunterladbares digitales Magazin für den Satellaview, das zwischen dem 15. November 1998 und Anfang 1999 in 5 Ausgaben veröffentlicht wurde. Die Zahlen von B Dash tragen alle einen Romaji-Index &quot;X-Gatsu-Go&quot;, der den Monat anzeigt. Zum Beispiel kann das Februar-Volumen in Kanji mit &quot;2 Gatsu Gou&quot; oder &quot;February Issue&quot; (&quot;February Issue&quot;) ins Englische übertragen werden.
Bakushow Mondai no Silicon Chounaikai (1996-9-14) + Super Formation Soccer (9-22) (Japan) (SoundLink Magazine, Game)	Bakushō Mondai ist ein japanisches Comedy-Duo aus Yūji Tanaka und Hikari Ōta unter der Unterhaltungsagentur Titan Inc. Die Komiker lernten sich kennen, als sie Studenten der Abteilung für Bildende Künste der Nihon-Universität waren, und bildeten 1988 nach dem Schulabtritt Bakushō Mondai ab. Der Name des Duos bedeutet wörtlich &quot;in Lachen explodieren&quot;, &quot;Problem / Frage&quot;. Dem Tsukkomi der beiden, Tanaka, wurde wegen Hodenkrebs ein Hoden entfernt, und das führt oft zu Witzen aus dem Boke der Gruppe, Ōta, sowie von anderen Persönlichkeiten, mit denen sie auftreten könnten. Ōta ist im Allgemeinen das höchste Profil der beiden und dominiert oft die von ihnen veranstalteten Shows mit ihren ausführlichen Reden.
Bakushow Mondai no Silicon Chounaikai (1997-2-1) + Bakushow Mondai no Silicon Chounaikai (1997-2-8) (Japan) (SoundLink Magazine)	Bakushō Mondai ist ein japanisches Comedy-Duo aus Yūji Tanaka und Hikari Ōta unter der Unterhaltungsagentur Titan Inc. Die Komiker lernten sich kennen, als sie Studenten der Abteilung für Bildende Künste der Nihon-Universität waren, und bildeten 1988 nach dem Schulabtritt Bakushō Mondai ab. Der Name des Duos bedeutet wörtlich &quot;in Lachen explodieren&quot;, &quot;Problem / Frage&quot;. Dem Tsukkomi der beiden, Tanaka, wurde wegen Hodenkrebs ein Hoden entfernt, und das führt oft zu Witzen aus dem Boke der Gruppe, Ōta, sowie von anderen Persönlichkeiten, mit denen sie auftreten könnten. Ōta ist im Allgemeinen das höchste Profil der beiden und dominiert oft die von ihnen veranstalteten Shows mit ihren ausführlichen Reden.
Bakushow Mondai no Silicon Chounaikai (Japan) (1997-2-8) (SoundLink Magazine)	Bakushō Mondai ist ein japanisches Comedy-Duo aus Yūji Tanaka und Hikari Ōta unter der Unterhaltungsagentur Titan Inc. Die Komiker lernten sich kennen, als sie Studenten der Abteilung für Bildende Künste der Nihon-Universität waren, und bildeten 1988 nach dem Schulabtritt Bakushō Mondai ab. Der Name des Duos bedeutet wörtlich &quot;in Lachen explodieren&quot;, &quot;Problem / Frage&quot;. Dem Tsukkomi der beiden, Tanaka, wurde wegen Hodenkrebs ein Hoden entfernt, und das führt oft zu Witzen aus dem Boke der Gruppe, Ōta, sowie von anderen Persönlichkeiten, mit denen sie auftreten könnten. Ōta ist im Allgemeinen das höchste Profil der beiden und dominiert oft die von ihnen veranstalteten Shows mit ihren ausführlichen Reden.
Bakushow Mondai no Totsugeki! Star Pirates - Dai-1-wa (Japan) (SoundLink)	Bakusho Mondai no Totsugeki! StarPirates ist ein herunterladbares 4-teiliges Soundlink-Spiel für die Satellaview, das zwischen dem 22. Juni 1997 und dem 29. November 1997 in mindestens 2 verschiedenen Auflagen ausgestrahlt wurde. Das Spiel enthält eine Spracherzählung des japanischen Comedy-Duos Bakushō Mondai.
Bakushow Mondai no Totsugeki! Star Pirates - Dai-3-wa (Japan) (SoundLink) [b]	Bakusho Mondai no Totsugeki! StarPirates ist ein herunterladbares 4-teiliges Soundlink-Spiel für die Satellaview, das zwischen dem 22. Juni 1997 und dem 29. November 1997 in mindestens 2 verschiedenen Auflagen ausgestrahlt wurde. Das Spiel enthält eine Spracherzählung des japanischen Comedy-Duos Bakushō Mondai.
Bokujou Monogatari (Japan) (Demo) (1996-7-25)	BS Bokujou Monogatari ist ein herunterladbares 4-teiliges Soundlink-Spiel für das Satellaview, das zwischen dem 2. September 1996 und dem 30. November 1996 in mindestens 2 Auflagen ausgestrahlt wurde. Das Spiel ist ein Lebenssimulationsspiel und kommt als Pseudo-Fortsetzung der früheren Sendung (Juli 1996)/Einzelhandelsveröffentlichung Bokujou Monogatari, die international allgemein als &quot;Harvest Moon&quot; bekannt ist; dies hat der Serie den Fan-Spitznamen &quot;BS Harvest Moon&quot; als Ergebnis gegeben. Zusammen mit dem Spiel (in der Regel unmittelbar vor und danach) wurden 10-minütige Sendungen verwandter Art mit dem Titel BS Bokujou Monogatari Torisetsu (eine digitale Bedienungsanleitung) und Bokujou Monogatari no Kekka (ein Ergebnis-/Ergebnisprogramm) veröffentlicht.
Bokujou Monogatari - Dai-2-wa (Japan) (1996-9-9) (SoundLink)	BS Bokujou Monogatari ist ein herunterladbares 4-teiliges Soundlink-Spiel für das Satellaview, das zwischen dem 2. September 1996 und dem 30. November 1996 in mindestens 2 Auflagen ausgestrahlt wurde. Das Spiel ist ein Lebenssimulationsspiel und kommt als Pseudo-Fortsetzung der früheren Sendung (Juli 1996)/Einzelhandelsveröffentlichung Bokujou Monogatari, die international allgemein als &quot;Harvest Moon&quot; bekannt ist; dies hat der Serie den Fan-Spitznamen &quot;BS Harvest Moon&quot; als Ergebnis gegeben. Zusammen mit dem Spiel (in der Regel unmittelbar vor und danach) wurden 10-minütige Sendungen verwandter Art mit dem Titel BS Bokujou Monogatari Torisetsu (eine digitale Bedienungsanleitung) und Bokujou Monogatari no Kekka (ein Ergebnis-/Ergebnisprogramm) veröffentlicht.
Bokujou Monogatari - Dai-4-wa (Japan) (1996-11-16) (SoundLink)	BS Bokujou Monogatari ist ein herunterladbares 4-teiliges Soundlink-Spiel für das Satellaview, das zwischen dem 2. September 1996 und dem 30. November 1996 in mindestens 2 Auflagen ausgestrahlt wurde. Das Spiel ist ein Lebenssimulationsspiel und kommt als Pseudo-Fortsetzung der früheren Sendung (Juli 1996)/Einzelhandelsveröffentlichung Bokujou Monogatari, die international allgemein als &quot;Harvest Moon&quot; bekannt ist; dies hat der Serie den Fan-Spitznamen &quot;BS Harvest Moon&quot; als Ergebnis gegeben. Zusammen mit dem Spiel (in der Regel unmittelbar vor und danach) wurden 10-minütige Sendungen verwandter Art mit dem Titel BS Bokujou Monogatari Torisetsu (eine digitale Bedienungsanleitung) und Bokujou Monogatari no Kekka (ein Ergebnis-/Ergebnisprogramm) veröffentlicht.
BS Dragon Quest I (Japan) (SoundLink)	BS Dragon Quest ist im Wesentlichen das gleiche wie Dragon Quest I der Dragon Quest I+II Reprise mit mehreren spezifischen Besonderheiten für Satellaview. Zum Beispiel sind die Quests zeitlich begrenzt, im Gegensatz zum Original. Die Quests stammen hauptsächlich von Dragon Quest I, mit einigen Originalen.Fans der Dragon Quest/Dragon Warrior-Serie werden es sicherlich zu schätzen wissen, diese Variation des Originals zu entdecken, obwohl sie im Allgemeinen als der Reprise unterlegen angesehen wird. Das Spiel bestand aus vier einstündigen Szenarien, die die Spieler nach einem Wochenkalender herunterladen. Die Spieler sind dafür verantwortlich, ihren Charakter aufzusteigen, Medaillen zu sammeln und Szenario-spezifische Bedingungen mit speziellen Ereignissen zu erfüllen, die so konzipiert sind, dass sie unter bestimmten Bedingungen in Echtzeit auftreten.
BS F-Zero Grand Prix - Dai-1-shuu - Knight League (Japan) (11-1) (SoundLink)	BS F-Zero Grand Prix war ein vierteiliges Soundlink-Spiel zum ursprünglichen F-Zero. Es wurde nur in Japan für den Satellaview-Aufsatz für die Super Famicom auf den Markt gebracht. BS F-Zero Grand Prix enthielt vier verschiedene spielbare Fahrzeuge und vier neue Strecken gegen Ende jeder Sendung sowie die 15 Spuren aus dem ursprünglichen Spiel. Der Kommentar wurde von Bucky Koba, Tsutomu Tareki und Seiichi Hirai zur Verfügung gestellt. Eine Fortsetzung des Spiels wurde später als BS F-Zero Grand Prix 2 verteilt.
BS F-Zero Grand Prix - Dai-2-shuu - Queen League (Japan) (SoundLink)	BS F-Zero Grand Prix war ein vierteiliges Soundlink-Spiel zum ursprünglichen F-Zero. Es wurde nur in Japan für den Satellaview-Aufsatz für die Super Famicom auf den Markt gebracht. BS F-Zero Grand Prix enthielt vier verschiedene spielbare Fahrzeuge und vier neue Strecken gegen Ende jeder Sendung sowie die 15 Spuren aus dem ursprünglichen Spiel. Der Kommentar wurde von Bucky Koba, Tsutomu Tareki und Seiichi Hirai zur Verfügung gestellt. Eine Fortsetzung des Spiels wurde später als BS F-Zero Grand Prix 2 verteilt.
BS F-Zero Grand Prix - Dai-3-shuu - King League (Japan) (3-20) (SoundLink)	BS F-Zero Grand Prix war ein vierteiliges Soundlink-Spiel zum ursprünglichen F-Zero. Es wurde nur in Japan für den Satellaview-Aufsatz für die Super Famicom auf den Markt gebracht. BS F-Zero Grand Prix enthielt vier verschiedene spielbare Fahrzeuge und vier neue Strecken gegen Ende jeder Sendung sowie die 15 Spuren aus dem ursprünglichen Spiel. Der Kommentar wurde von Bucky Koba, Tsutomu Tareki und Seiichi Hirai zur Verfügung gestellt. Eine Fortsetzung des Spiels wurde später als BS F-Zero Grand Prix 2 verteilt.
BS F-Zero Grand Prix - Dai-4-shuu - Ace League (Japan) (11-25) (SoundLink)	BS F-Zero Grand Prix war ein vierteiliges Soundlink-Spiel zum ursprünglichen F-Zero. Es wurde nur in Japan für den Satellaview-Aufsatz für die Super Famicom auf den Markt gebracht. BS F-Zero Grand Prix enthielt vier verschiedene spielbare Fahrzeuge und vier neue Strecken gegen Ende jeder Sendung sowie die 15 Spuren aus dem ursprünglichen Spiel. Der Kommentar wurde von Bucky Koba, Tsutomu Tareki und Seiichi Hirai zur Verfügung gestellt. Eine Fortsetzung des Spiels wurde später als BS F-Zero Grand Prix 2 verteilt.
BS F-Zero Grand Prix 2 - Dai-1-shuu (Japan) (SoundLink)	BS F-Zero Grand Prix 2 ist die direkte Fortsetzung des ursprünglichen F-Zero-Spiels, das für die Super Famicom über die Satellaview veröffentlicht wurde. Zwei Versionen wurden veröffentlicht - ein Nicht-SoundLink-Spiel und ein SoundLink-Spiel. Die ursprüngliche Nicht-SoundLink-Version wurde am 1. Juni 1997 als BSF-Zero 2 Practice veröffentlicht (obwohl der Titelbildschirm gleich blieb). Es enthielt die vier Kurse, die erstmals während des BS F-Zero Grand Prix (ein Satellaview-Remake des Originals) zu sehen waren, zusammen mit einem neuen Kurs namens Mute City IV. Über die spätere SoundLink-Version außerhalb der überlebenden Videos ist wenig bekannt, aber sie wurde im August 1997 in zwei Hälften verteilt und hatte einen ähnlichen Ansager und einen neu gemachten Soundtrack wie der vorherige Satellaview-Eintrag. Zumindest in der ersten Woche wurden einige Kurse neu arrangiert und zwei durch neue Standorte namens &quot;Forest I&quot; und &quot;Forest II&quot; ersetzt.
BS F-Zero Grand Prix 2 - Practice (Japan) (6-7)	BS F-Zero Grand Prix 2 ist die direkte Fortsetzung des ursprünglichen F-Zero-Spiels, das für die Super Famicom über die Satellaview veröffentlicht wurde. Zwei Versionen wurden veröffentlicht - ein Nicht-SoundLink-Spiel und ein SoundLink-Spiel. Die ursprüngliche Nicht-SoundLink-Version wurde am 1. Juni 1997 als BSF-Zero 2 Practice veröffentlicht (obwohl der Titelbildschirm gleich blieb). Es enthielt die vier Kurse, die erstmals während des BS F-Zero Grand Prix (ein Satellaview-Remake des Originals) zu sehen waren, zusammen mit einem neuen Kurs namens Mute City IV. Über die spätere SoundLink-Version außerhalb der überlebenden Videos ist wenig bekannt, aber sie wurde im August 1997 in zwei Hälften verteilt und hatte einen ähnlichen Ansager und einen neu gemachten Soundtrack wie der vorherige Satellaview-Eintrag. Zumindest in der ersten Woche wurden einige Kurse neu arrangiert und zwei durch neue Standorte namens &quot;Forest I&quot; und &quot;Forest II&quot; ersetzt.
BS Fire Emblem - Akaneia Senki Hen - Dai-1-wa - Palace Kanraku (Japan) (4-4) (SoundLink)	BS Fire Emblem: Akaneia Senki ist ein herunterladbares 4-teiliges Soundlink-Spiel für die Satellaview, das zwischen dem 28. September 1997 und dem 1. Mai 1999 in mindestens 3 verschiedenen Auflagen ausgestrahlt wurde. Die vier Kapitel von BS Fire Emblem spielten jeweils im selben Universum wie Fire Emblem: Ankoku Ryu zu Hikari no Tsurugi und Monshou no Nazo. Jedes Segment wurde vor den Ereignissen von Kapitel 1 beider Spiele festgelegt.
BS Fire Emblem - Akaneia Senki Hen - Dai-2-wa - Akai Ryuu Kishi (Japan) (4-13) (SoundLink)	BS Fire Emblem: Akaneia Senki ist ein herunterladbares 4-teiliges Soundlink-Spiel für die Satellaview, das zwischen dem 28. September 1997 und dem 1. Mai 1999 in mindestens 3 verschiedenen Auflagen ausgestrahlt wurde. Die vier Kapitel von BS Fire Emblem spielten jeweils im selben Universum wie Fire Emblem: Ankoku Ryu zu Hikari no Tsurugi und Monshou no Nazo. Jedes Segment wurde vor den Ereignissen von Kapitel 1 beider Spiele festgelegt.
BS Fire Emblem - Akaneia Senki Hen - Dai-3-wa - Seigi no Touzokudan (Japan) (4-21) (SoundLink)	BS Fire Emblem: Akaneia Senki ist ein herunterladbares 4-teiliges Soundlink-Spiel für die Satellaview, das zwischen dem 28. September 1997 und dem 1. Mai 1999 in mindestens 3 verschiedenen Auflagen ausgestrahlt wurde. Die vier Kapitel von BS Fire Emblem spielten jeweils im selben Universum wie Fire Emblem: Ankoku Ryu zu Hikari no Tsurugi und Monshou no Nazo. Jedes Segment wurde vor den Ereignissen von Kapitel 1 beider Spiele festgelegt.
BS Fire Emblem - Akaneia Senki Hen - Dai-4-wa - Hajimari no Toki (Japan) (4-28) (SoundLink)	BS Fire Emblem: Akaneia Senki ist ein herunterladbares 4-teiliges Soundlink-Spiel für die Satellaview, das zwischen dem 28. September 1997 und dem 1. Mai 1999 in mindestens 3 verschiedenen Auflagen ausgestrahlt wurde. Die vier Kapitel von BS Fire Emblem spielten jeweils im selben Universum wie Fire Emblem: Ankoku Ryu zu Hikari no Tsurugi und Monshou no Nazo. Jedes Segment wurde vor den Ereignissen von Kapitel 1 beider Spiele festgelegt.
BS Fuurai no Shiren - Surara o Sukue - Dai-2-shuu (Japan) (SoundLink)	BS Furai no Shiren: Surara wo Sukue ist ein herunterladbares 4-teiliges Soundlink-Spiel für die Satellaview, das zwischen dem 28. April 1996 und dem 2. August 1997 in mindestens 3 Auflagen ausgestrahlt wurde. Das Gameplay ähnelt im Wesentlichen dem früheren Roguelike, Fushigi no Dungeon 2: Furai no Shiren, einem Spiel, das am 1. Dezember 1995 für die SFC veröffentlicht und anschließend im März 2008 als Mystery Dungeon: Shiren the Wanderer für den Nintendo DS lokalisiert wurde. Es hat auch Ähnlichkeiten mit anderen Mystery Dungeon-Spielen wie Dragon Quest Yangus, The Nightmare of Druaga und Pokemon Mystery Dungeon. Wie andere Mystery Dungeon-Spiele spielt es in einem Fantasy-Land, das auf dem feudalen Japan basiert, und es fällt in das Roguelike-Genre. Der Titelheld des Spiels, Shiren the Wanderer, bewegt sich rundenbasiert durch eine Reihe von Karten, die mit Monstern, Fallen und Gegenständen gefüllt sind. Die Karten, die als Dungeons bezeichnet werden, nehmen eine Vielzahl von Formen an, darunter traditionelle Dungeons, Höhlen, Wälder usw. Wenn ein Spieler getötet wird, beginnt er am Anfang wieder mit Statistiken auf der Basisebene, aber er kann Gegenstände zurückgewinnen, die zuvor in einem Lager gelagert wurden.
BS Fuurai no Shiren - Surara o Sukue - Dai-3-shuu (Japan) (SoundLink)	BS Furai no Shiren: Surara wo Sukue ist ein herunterladbares 4-teiliges Soundlink-Spiel für die Satellaview, das zwischen dem 28. April 1996 und dem 2. August 1997 in mindestens 3 Auflagen ausgestrahlt wurde. Das Gameplay ähnelt im Wesentlichen dem früheren Roguelike, Fushigi no Dungeon 2: Furai no Shiren, einem Spiel, das am 1. Dezember 1995 für die SFC veröffentlicht und anschließend im März 2008 als Mystery Dungeon: Shiren the Wanderer für den Nintendo DS lokalisiert wurde. Es hat auch Ähnlichkeiten mit anderen Mystery Dungeon-Spielen wie Dragon Quest Yangus, The Nightmare of Druaga und Pokemon Mystery Dungeon. Wie andere Mystery Dungeon-Spiele spielt es in einem Fantasy-Land, das auf dem feudalen Japan basiert, und es fällt in das Roguelike-Genre. Der Titelheld des Spiels, Shiren the Wanderer, bewegt sich rundenbasiert durch eine Reihe von Karten, die mit Monstern, Fallen und Gegenständen gefüllt sind. Die Karten, die als Dungeons bezeichnet werden, nehmen eine Vielzahl von Formen an, darunter traditionelle Dungeons, Höhlen, Wälder usw. Wenn ein Spieler getötet wird, beginnt er am Anfang wieder mit Statistiken auf der Basisebene, aber er kann Gegenstände zurückgewinnen, die zuvor in einem Lager gelagert wurden.
BS Fuurai no Shiren - Surara o Sukue - Dai-4-shuu (Japan) (SoundLink)	BS Furai no Shiren: Surara wo Sukue ist ein herunterladbares 4-teiliges Soundlink-Spiel für die Satellaview, das zwischen dem 28. April 1996 und dem 2. August 1997 in mindestens 3 Auflagen ausgestrahlt wurde. Das Gameplay ähnelt im Wesentlichen dem früheren Roguelike, Fushigi no Dungeon 2: Furai no Shiren, einem Spiel, das am 1. Dezember 1995 für die SFC veröffentlicht und anschließend im März 2008 als Mystery Dungeon: Shiren the Wanderer für den Nintendo DS lokalisiert wurde. Es hat auch Ähnlichkeiten mit anderen Mystery Dungeon-Spielen wie Dragon Quest Yangus, The Nightmare of Druaga und Pokemon Mystery Dungeon. Wie andere Mystery Dungeon-Spiele spielt es in einem Fantasy-Land, das auf dem feudalen Japan basiert, und es fällt in das Roguelike-Genre. Der Titelheld des Spiels, Shiren the Wanderer, bewegt sich rundenbasiert durch eine Reihe von Karten, die mit Monstern, Fallen und Gegenständen gefüllt sind. Die Karten, die als Dungeons bezeichnet werden, nehmen eine Vielzahl von Formen an, darunter traditionelle Dungeons, Höhlen, Wälder usw. Wenn ein Spieler getötet wird, beginnt er am Anfang wieder mit Statistiken auf der Basisebene, aber er kann Gegenstände zurückgewinnen, die zuvor in einem Lager gelagert wurden.
BS Ihatovo Monogatari - Dai-2-wa (Japan) (SoundLink)	Ihatovo ist ein magisches Land, das vom japanischen Schriftsteller Kenji Miyazawa geschaffen wurde. Im Spiel bist du ein Fremder, der nach Ihatovo kommt und sieben fehlende Notizbücher von Miyazawa finden muss, um seine Geschichten, wie zum Beispiel die des Feuersteins, und andere zu vervollständigen. nnDies ist ein Abenteuerspiel, in dem du deinen Charakter frei durch die Top-Down-Welt navigieren kannst, auf eine Konsolen-RPG-ähnliche Weise. Es gibt keine Schlachten im Spiel und auch keine Rätsel, obwohl man an manchen Stellen Gegenstände sammeln und benutzen muss. Das Spiel entwickelt sich hauptsächlich dank Gesprächen mit verschiedenen Charakteren, die man in Ihatovo trifft.
BS Marvelous - Camp Arnold Course - Dai-1-shuu (Japan) (SoundLink)	BS Marvelous: Camp Arnold ist ein herunterladbares 4-teiliges Soundlink-Spiel für das Satellaview, das zwischen dem 3. November 1996 und dem 29. November 1996 lief. Das Spiel wurde im Januar 1997 als Wiederholung ausgestrahlt. Es dient als Fortsetzung des zuvor ausgestrahlten BS Marvelous: Time Athletics und als direktes Prequel zu Marvelous: Mouhitotsu no Takara-jima. Abgesehen von den anderen Spielen der Marvelous-Serie ist das Gameplay von BS Marvelous: Camp Arnold am ähnlichsten mit dem von Zelda no Densetsu: Kamigami no Triforce. Tatsächlich wurden die Engine- und Gameplay-Elemente des Spiels direkt von Kamigami no Triforce übernommen. Im Gegensatz zu Kamigami no Triforce sind die Themen, die in BS Marvelous: Camp Arnold verkörpert sind, jedoch viel bodenständiger. Das Spiel spielt sich wie ein Pfadfinder-ähnliches Überlebensspiel mit Umweltinteraktionen. Aus einer Overhead-Perspektive kontrolliert der Spieler die Charaktere, während sie über das Land gehen.
BS Marvelous - Camp Arnold Course - Dai-2-shuu (Japan) (SoundLink)	BS Marvelous: Camp Arnold ist ein herunterladbares 4-teiliges Soundlink-Spiel für das Satellaview, das zwischen dem 3. November 1996 und dem 29. November 1996 lief. Das Spiel wurde im Januar 1997 als Wiederholung ausgestrahlt. Es dient als Fortsetzung des zuvor ausgestrahlten BS Marvelous: Time Athletics und als direktes Prequel zu Marvelous: Mouhitotsu no Takara-jima. Abgesehen von den anderen Spielen der Marvelous-Serie ist das Gameplay von BS Marvelous: Camp Arnold am ähnlichsten mit dem von Zelda no Densetsu: Kamigami no Triforce. Tatsächlich wurden die Engine- und Gameplay-Elemente des Spiels direkt von Kamigami no Triforce übernommen. Im Gegensatz zu Kamigami no Triforce sind die Themen, die in BS Marvelous: Camp Arnold verkörpert sind, jedoch viel bodenständiger. Das Spiel spielt sich wie ein Pfadfinder-ähnliches Überlebensspiel mit Umweltinteraktionen. Aus einer Overhead-Perspektive kontrolliert der Spieler die Charaktere, während sie über das Land gehen.
BS Marvelous - Camp Arnold Course - Dai-3-shuu (Japan) (SoundLink)	BS Marvelous: Camp Arnold ist ein herunterladbares 4-teiliges Soundlink-Spiel für das Satellaview, das zwischen dem 3. November 1996 und dem 29. November 1996 lief. Das Spiel wurde im Januar 1997 als Wiederholung ausgestrahlt. Es dient als Fortsetzung des zuvor ausgestrahlten BS Marvelous: Time Athletics und als direktes Prequel zu Marvelous: Mouhitotsu no Takara-jima. Abgesehen von den anderen Spielen der Marvelous-Serie ist das Gameplay von BS Marvelous: Camp Arnold am ähnlichsten mit dem von Zelda no Densetsu: Kamigami no Triforce. Tatsächlich wurden die Engine- und Gameplay-Elemente des Spiels direkt von Kamigami no Triforce übernommen. Im Gegensatz zu Kamigami no Triforce sind die Themen, die in BS Marvelous: Camp Arnold verkörpert sind, jedoch viel bodenständiger. Das Spiel spielt sich wie ein Pfadfinder-ähnliches Überlebensspiel mit Umweltinteraktionen. Aus einer Overhead-Perspektive kontrolliert der Spieler die Charaktere, während sie über das Land gehen.
BS Marvelous - Camp Arnold Course - Dai-4-shuu (Japan) (SoundLink)	BS Marvelous: Camp Arnold ist ein herunterladbares 4-teiliges Soundlink-Spiel für das Satellaview, das zwischen dem 3. November 1996 und dem 29. November 1996 lief. Das Spiel wurde im Januar 1997 als Wiederholung ausgestrahlt. Es dient als Fortsetzung des zuvor ausgestrahlten BS Marvelous: Time Athletics und als direktes Prequel zu Marvelous: Mouhitotsu no Takara-jima. Abgesehen von den anderen Spielen der Marvelous-Serie ist das Gameplay von BS Marvelous: Camp Arnold am ähnlichsten mit dem von Zelda no Densetsu: Kamigami no Triforce. Tatsächlich wurden die Engine- und Gameplay-Elemente des Spiels direkt von Kamigami no Triforce übernommen. Im Gegensatz zu Kamigami no Triforce sind die Themen, die in BS Marvelous: Camp Arnold verkörpert sind, jedoch viel bodenständiger. Das Spiel spielt sich wie ein Pfadfinder-ähnliches Überlebensspiel mit Umweltinteraktionen. Aus einer Overhead-Perspektive kontrolliert der Spieler die Charaktere, während sie über das Land gehen.
BS Marvelous - Time Athletic Course - Dai-1-shuu (Japan) (SoundLink)	BS Marvelous: Time Athletics ist ein herunterladbares 4-teiliges Soundlink-Spiel für Satellaview, das zwischen dem 1. Januar 1996 und dem 31. Januar 1996 lief. Das Spiel wurde im April 1996 als Wiederholung ausgestrahlt. Eine Fortsetzung von BS Marvelous: Time Athletics mit dem Titel BS Marvelous: Camp Arnold wurde im November 1996 als direktes Prequel zu Marvelous: Mohitotsu no Takarajima veröffentlicht, das nicht über Satellaview ausgestrahlt wurde, sondern stattdessen in gedruckter Form als SFC-Cartridge veröffentlicht wurde. Aus einer Overhead-Perspektive steuert der Spieler Charaktere, während sie durch das Land gehen. Immer wenn der Spieler auf ein wichtiges Objekt oder einen NPC trifft, öffnet sich ein Befehlsfenster, um es dem Spieler zu ermöglichen, zwischen mehreren Optionen in Bezug auf das Objekt oder den NPC auszuwählen. Dazu gehören Dinge wie das Aufheben von Gegenständen, das Reden mit NPCs oder das Lesen von Schildern usw.
BS Marvelous - Time Athletic Course - Dai-2-shuu (Japan) (SoundLink)	BS Marvelous: Time Athletics ist ein herunterladbares 4-teiliges Soundlink-Spiel für Satellaview, das zwischen dem 1. Januar 1996 und dem 31. Januar 1996 lief. Das Spiel wurde im April 1996 als Wiederholung ausgestrahlt. Eine Fortsetzung von BS Marvelous: Time Athletics mit dem Titel BS Marvelous: Camp Arnold wurde im November 1996 als direktes Prequel zu Marvelous: Mohitotsu no Takarajima veröffentlicht, das nicht über Satellaview ausgestrahlt wurde, sondern stattdessen in gedruckter Form als SFC-Cartridge veröffentlicht wurde. Aus einer Overhead-Perspektive steuert der Spieler Charaktere, während sie durch das Land gehen. Immer wenn der Spieler auf ein wichtiges Objekt oder einen NPC trifft, öffnet sich ein Befehlsfenster, um es dem Spieler zu ermöglichen, zwischen mehreren Optionen in Bezug auf das Objekt oder den NPC auszuwählen. Dazu gehören Dinge wie das Aufheben von Gegenständen, das Reden mit NPCs oder das Lesen von Schildern usw.
BS Marvelous - Time Athletic Course - Dai-3-shuu (Japan) (SoundLink)	BS Marvelous: Time Athletics ist ein herunterladbares 4-teiliges Soundlink-Spiel für Satellaview, das zwischen dem 1. Januar 1996 und dem 31. Januar 1996 lief. Das Spiel wurde im April 1996 als Wiederholung ausgestrahlt. Eine Fortsetzung von BS Marvelous: Time Athletics mit dem Titel BS Marvelous: Camp Arnold wurde im November 1996 als direktes Prequel zu Marvelous: Mohitotsu no Takarajima veröffentlicht, das nicht über Satellaview ausgestrahlt wurde, sondern stattdessen in gedruckter Form als SFC-Cartridge veröffentlicht wurde. Aus einer Overhead-Perspektive steuert der Spieler Charaktere, während sie durch das Land gehen. Immer wenn der Spieler auf ein wichtiges Objekt oder einen NPC trifft, öffnet sich ein Befehlsfenster, um es dem Spieler zu ermöglichen, zwischen mehreren Optionen in Bezug auf das Objekt oder den NPC auszuwählen. Dazu gehören Dinge wie das Aufheben von Gegenständen, das Reden mit NPCs oder das Lesen von Schildern usw.
BS Marvelous - Time Athletic Course - Dai-4-shuu (Japan) (SoundLink)	BS Marvelous: Time Athletics ist ein herunterladbares 4-teiliges Soundlink-Spiel für Satellaview, das zwischen dem 1. Januar 1996 und dem 31. Januar 1996 lief. Das Spiel wurde im April 1996 als Wiederholung ausgestrahlt. Eine Fortsetzung von BS Marvelous: Time Athletics mit dem Titel BS Marvelous: Camp Arnold wurde im November 1996 als direktes Prequel zu Marvelous: Mohitotsu no Takarajima veröffentlicht, das nicht über Satellaview ausgestrahlt wurde, sondern stattdessen in gedruckter Form als SFC-Cartridge veröffentlicht wurde. Aus einer Overhead-Perspektive steuert der Spieler Charaktere, während sie durch das Land gehen. Immer wenn der Spieler auf ein wichtiges Objekt oder einen NPC trifft, öffnet sich ein Befehlsfenster, um es dem Spieler zu ermöglichen, zwischen mehreren Optionen in Bezug auf das Objekt oder den NPC auszuwählen. Dazu gehören Dinge wie das Aufheben von Gegenständen, das Reden mit NPCs oder das Lesen von Schildern usw.
BS Nichibutsu Mahjong - Mahjong Taikai (Japan) (4-19)	BS Nichibutsu Mahjong ist ein herunterladbares 2-teiliges Soundlink-Spiel für das Satellaview, das zwischen dem 26. Januar 1997 und dem 12. April 1997 ausgestrahlt wurde.
BS Nichibutsu Mahjong - Renshuu Mahjong - Ichimantou (Japan) (SoundLink)	BS Nichibutsu Mahjong ist ein herunterladbares 2-teiliges Soundlink-Spiel für das Satellaview, das zwischen dem 26. Januar 1997 und dem 12. April 1997 ausgestrahlt wurde.
BS Nichibutsu Mahjong - Renshuu Mahjong - Nimantou (Japan) (SoundLink)	BS Nichibutsu Mahjong ist ein herunterladbares 2-teiliges Soundlink-Spiel für das Satellaview, das zwischen dem 26. Januar 1997 und dem 12. April 1997 ausgestrahlt wurde.
BS Nintendo HP - 5-17 Gou (Japan) (Magazine)	BS Nintendo HP ist ein herunterladbares digitales Magazin, das zwischen dem 29. März 1998 und dem 19. Dezember 1998 in mindestens 6 Segmenten für Satellaview ausgestrahlt wurde.
BS Nintendo HP - 5-31 Gou (Japan) (Magazine)	BS Nintendo HP ist ein herunterladbares digitales Magazin, das zwischen dem 29. März 1998 und dem 19. Dezember 1998 in mindestens 6 Segmenten für Satellaview ausgestrahlt wurde.
BS Parlor! Parlor! - Dai-2-shuu (Japan) (3-13) (SoundLink)	BS Parlor! Salon! Ist ein herunterladbares 2-teiliges Soundlink-Spiel für das Satellaview, das zwischen dem 1. März 1998 und dem 14. März 1998 ausgestrahlt wurde. Zu verschiedenen Zeiten im Laufe des Jahres 1995 wurde das Spiel von ganztägigen Sendungen eines Strategiemagazins mit dem Titel BS Parlor! Salon! Kouryaku Magazin.
BS Shin Onigashima - Dai-1-wa (Japan) (1-11) (SoundLink)	BS Shin Onigashima ist ein herunterladbares 4-teiliges Soundlink-Spiel für die Satellaview, das zwischen dem 29. September 1996 und dem 31. Januar 1996 in mindestens 2 verschiedenen Laufen ausgestrahlt wurde. Es war eine Remake-Fortsetzung des früheren Shin Onigashima. Der Hauptunterschied zwischen den beiden Spielen bezieht sich auf die SoundLink-Elemente, die für die Satellaview-Übertragungen eingeführt wurden. Die Handlung von BS Shin Onigashima stammt aus dem ursprünglichen Shin Onigashima, wird jedoch aus der Perspektive der drei Tierhelfer (Hund, Affe und Fasan) präsentiert, die sich den Helden während des Originalspiels als NPCs anschließen. Das Spiel wurde in 4 Kapitel unterteilt, die für das spätere Nintendo Power- und SFC-Remake beibehalten wurden.
BS Shin Onigashima - Dai-2-wa (Japan) (SoundLink)	BS Shin Onigashima ist ein herunterladbares 4-teiliges Soundlink-Spiel für die Satellaview, das zwischen dem 29. September 1996 und dem 31. Januar 1996 in mindestens 2 verschiedenen Laufen ausgestrahlt wurde. Es war eine Remake-Fortsetzung des früheren Shin Onigashima. Der Hauptunterschied zwischen den beiden Spielen bezieht sich auf die SoundLink-Elemente, die für die Satellaview-Übertragungen eingeführt wurden. Die Handlung von BS Shin Onigashima stammt aus dem ursprünglichen Shin Onigashima, wird jedoch aus der Perspektive der drei Tierhelfer (Hund, Affe und Fasan) präsentiert, die sich den Helden während des Originalspiels als NPCs anschließen. Das Spiel wurde in 4 Kapitel unterteilt, die für das spätere Nintendo Power- und SFC-Remake beibehalten wurden.
BS Shin Onigashima - Dai-3-wa (Japan) (1-24) (SoundLink)	BS Shin Onigashima ist ein herunterladbares 4-teiliges Soundlink-Spiel für die Satellaview, das zwischen dem 29. September 1996 und dem 31. Januar 1996 in mindestens 2 verschiedenen Laufen ausgestrahlt wurde. Es war eine Remake-Fortsetzung des früheren Shin Onigashima. Der Hauptunterschied zwischen den beiden Spielen bezieht sich auf die SoundLink-Elemente, die für die Satellaview-Übertragungen eingeführt wurden. Die Handlung von BS Shin Onigashima stammt aus dem ursprünglichen Shin Onigashima, wird jedoch aus der Perspektive der drei Tierhelfer (Hund, Affe und Fasan) präsentiert, die sich den Helden während des Originalspiels als NPCs anschließen. Das Spiel wurde in 4 Kapitel unterteilt, die für das spätere Nintendo Power- und SFC-Remake beibehalten wurden.
BS Shin Onigashima - Dai-4-wa (Japan) (2-1) (SoundLink)	BS Shin Onigashima ist ein herunterladbares 4-teiliges Soundlink-Spiel für die Satellaview, das zwischen dem 29. September 1996 und dem 31. Januar 1996 in mindestens 2 verschiedenen Laufen ausgestrahlt wurde. Es war eine Remake-Fortsetzung des früheren Shin Onigashima. Der Hauptunterschied zwischen den beiden Spielen bezieht sich auf die SoundLink-Elemente, die für die Satellaview-Übertragungen eingeführt wurden. Die Handlung von BS Shin Onigashima stammt aus dem ursprünglichen Shin Onigashima, wird jedoch aus der Perspektive der drei Tierhelfer (Hund, Affe und Fasan) präsentiert, die sich den Helden während des Originalspiels als NPCs anschließen. Das Spiel wurde in 4 Kapitel unterteilt, die für das spätere Nintendo Power- und SFC-Remake beibehalten wurden.
BS Sim City - Scenario 3 (Japan) (SoundLink)	Dies ist eine modifizierte Version von SimCity, wobei das Szenario von der Episode und nicht vom Spieler entschieden wird. Das Spiel wurde von Eisduke Yoda, Madame Marie, Yoshio Kanetake, Masaaki Sekine und Tsutomu Tareki gesprochen. Das Gameplay ist um etwa 50 Minuten in Echtzeit eingeschränkt, und es ist unmöglich, die Zeit zu verlangsamen oder zu beschleunigen. Hinzu kommen drei Berater, die eine Kreditfunktion exklusiv für diese Version durchführen.
BS St. Giga PG - 10 Gatsugou (Japan) (Magazine)	BS St.GIGA PG ist ein herunterladbares digitales Magazin, das zwischen dem 27. September 1998 und dem 12. Dezember 1998 in mindestens 3 Segmenten für die Satellaview ausgestrahlt wurde.
BS Super Mario Collection - Dai-3-shuu (Japan) (3-17) (SoundLink)	BS Super Mario Collection ist ein Remix der Super Mario Collection (der japanische Name für Super Mario All-Stars) für die Satellaview, ein Add-on für die Super Famicom. Das Spiel wurde in vier Teilen veröffentlicht. Während das Spiel gespielt wurde, würde gestreamtes Audio das Gameplay-Erlebnis mit spezieller Musik und Sprachausgabe mit japanischen Prominenten verbessern. Sein &quot;Begleitungstitel&quot; ist BS Super Mario USA. Eine Feuerblumen-Ikone stellt Naes Haus dar, das von einer Satellaview-Radio-Persönlichkeit Nae Yūki moderiert wird. Hier kann Mario den Geistermodus aktivieren, der es ihm ermöglicht, Fire Mario zu werden, sobald er das Level verlässt, wenn er Small oder Super Mario ist. Dies wiederum hindert die Spieler daran, an der Rangliste teilzunehmen.
BS Super Mario USA - Power Challenge - Dai-1-kai (Japan) (SoundLink)	BS Super Mario USA: Power Challenge ist eine Ura-Version von Super Mario Bros. 2 für das Satellaview-System mit grafischen Verbesserungen wie bei der Super Mario All-Stars-Version. Auch wenn das grundlegende Spielprinzip gleich bleibt, wurden einige Inhalte neu arrangiert oder ganz neu hinzugefügt. Das Spiel wurde in vier Teilen veröffentlicht - in jedem davon wird der Spieler in eine andere SMB2-Welt geschickt, um die Gold-Mario-Statuen zu sammeln, den Boss zu schlagen und dann Wart zu finden und zu besiegen.
BS Super Mario USA - Power Challenge - Dai-2-kai (Japan) (SoundLink)	BS Super Mario USA: Power Challenge ist eine Ura-Version von Super Mario Bros. 2 für das Satellaview-System mit grafischen Verbesserungen wie bei der Super Mario All-Stars-Version. Auch wenn das grundlegende Spielprinzip gleich bleibt, wurden einige Inhalte neu arrangiert oder ganz neu hinzugefügt. Das Spiel wurde in vier Teilen veröffentlicht - in jedem davon wird der Spieler in eine andere SMB2-Welt geschickt, um die Gold-Mario-Statuen zu sammeln, den Boss zu schlagen und dann Wart zu finden und zu besiegen.
BS Super Mario USA - Power Challenge - Dai-3-kai (Japan) (SoundLink)	BS Super Mario USA: Power Challenge ist eine Ura-Version von Super Mario Bros. 2 für das Satellaview-System mit grafischen Verbesserungen wie bei der Super Mario All-Stars-Version. Auch wenn das grundlegende Spielprinzip gleich bleibt, wurden einige Inhalte neu arrangiert oder ganz neu hinzugefügt. Das Spiel wurde in vier Teilen veröffentlicht - in jedem davon wird der Spieler in eine andere SMB2-Welt geschickt, um die Gold-Mario-Statuen zu sammeln, den Boss zu schlagen und dann Wart zu finden und zu besiegen.
BS Super Mario USA - Power Challenge - Dai-4-kai (Japan) (SoundLink)	BS Super Mario USA: Power Challenge ist eine Ura-Version von Super Mario Bros. 2 für das Satellaview-System mit grafischen Verbesserungen wie bei der Super Mario All-Stars-Version. Auch wenn das grundlegende Spielprinzip gleich bleibt, wurden einige Inhalte neu arrangiert oder ganz neu hinzugefügt. Das Spiel wurde in vier Teilen veröffentlicht - in jedem davon wird der Spieler in eine andere SMB2-Welt geschickt, um die Gold-Mario-Statuen zu sammeln, den Boss zu schlagen und dann Wart zu finden und zu besiegen.
BS Tantei Club - Yuki ni Kieta Kako - Chuuhen (Japan) (6-14) (SoundLink)	BS Tantei Club: Yuni ni Kieta Kaki( aussi connu sous le nom raccourcie de BS Tan ou B Tan) est un jeu téléchargeable en 3 partie sur satellaview qui a été diffusé en deux fois. C'est un pseudo-préquel à Tantei Club: Kieta Kokeisha et la suite Tantei Club part 2: Ushiro ni Tatsu Shojo. Bs Tantei club est une histoire de détective. Le jeu est basé sur un système de texte en point and click d'aventure où des images sont présentées au joueur qui est guidé par une icone fait-main autour de l'écran afin de sélectionner des objets dans l'image pour de futurs investigations. Un nombre d'icône sur une barre de côté présente le joueur avec plusieurs options comme prendre des notes, parler, ou passer des coup de téléphone. Un gameplay similaire a été utilisé dans d'autre jeu de l'ère FDS incluant le populaire Shadowgate (1989)
BS Tantei Club - Yuki ni Kieta Kako - Kouhen (Japan) (1997-5-1) (SoundLink)	BS Tantei Club: Yuni ni Kieta Kaki( aussi connu sous le nom raccourcie de BS Tan ou B Tan) est un jeu téléchargeable en 3 partie sur satellaview qui a été diffusé en deux fois. C'est un pseudo-préquel à Tantei Club: Kieta Kokeisha et la suite Tantei Club part 2: Ushiro ni Tatsu Shojo. Bs Tantei club est une histoire de détective. Le jeu est basé sur un système de texte en point and click d'aventure où des images sont présentées au joueur qui est guidé par une icone fait-main autour de l'écran afin de sélectionner des objets dans l'image pour de futurs investigations. Un nombre d'icône sur une barre de côté présente le joueur avec plusieurs options comme prendre des notes, parler, ou passer des coup de téléphone. Un gameplay similaire a été utilisé dans d'autre jeu de l'ère FDS incluant le populaire Shadowgate (1989)
BS Tantei Club - Yuki ni Kieta Kako - Zenpen (Japan) (SoundLink)	BS Tantei Club: Yuni ni Kieta Kaki( aussi connu sous le nom raccourcie de BS Tan ou B Tan) est un jeu téléchargeable en 3 partie sur satellaview qui a été diffusé en deux fois. C'est un pseudo-préquel à Tantei Club: Kieta Kokeisha et la suite Tantei Club part 2: Ushiro ni Tatsu Shojo. Bs Tantei club est une histoire de détective. Le jeu est basé sur un système de texte en point and click d'aventure où des images sont présentées au joueur qui est guidé par une icone fait-main autour de l'écran afin de sélectionner des objets dans l'image pour de futurs investigations. Un nombre d'icône sur une barre de côté présente le joueur avec plusieurs options comme prendre des notes, parler, ou passer des coup de téléphone. Un gameplay similaire a été utilisé dans d'autre jeu de l'ère FDS incluant le populaire Shadowgate (1989)
BS Zelda no Densetsu - Dai-1-wa (Japan) (Rerun) (SoundLink)	BS The Legend of Zelda (BS Zeruda no Densetsu) war ein Remake des NES-Spiels The Legend of Zelda, das für das Satellaview-Zubehör für die Super Famicom in Japan veröffentlicht wurde. Mehr oder weniger war es wie die Master Quest-Version des ursprünglichen Zelda, mit der Fähigkeit, sein Genre zu wählen, neue Dungeon-Designs und viele andere wichtige Änderungen. Diese Version wurde auf Englisch gepatcht, die Sprachinterpretation wurde größtenteils aus offensichtlichen Gründen und so weiter entfernt. Beachten Sie, dass uhrbasierte Ereignisse nicht mehr auf die gleiche Weise funktionieren, wie dieses Spiel nicht mehr mit dem Funksignal verbunden ist, sondern durch Triforce-Ereignisse ersetzt wurden, Ereignisse, die nur auftreten, wenn Sie eine bestimmte Anzahl von Triforce-Teilen haben, also stellen Sie sicher, dass Sie nach diesen für die entsprechenden Informationen dazu suchen!
BS Zelda no Densetsu - Dai-2-wa (Japan) (SoundLink)	BS The Legend of Zelda (BS Zeruda no Densetsu) war ein Remake des NES-Spiels The Legend of Zelda, das für das Satellaview-Zubehör für die Super Famicom in Japan veröffentlicht wurde. Mehr oder weniger war es wie die Master Quest-Version des ursprünglichen Zelda, mit der Fähigkeit, sein Genre zu wählen, neue Dungeon-Designs und viele andere wichtige Änderungen. Diese Version wurde auf Englisch gepatcht, die Sprachinterpretation wurde größtenteils aus offensichtlichen Gründen und so weiter entfernt. Beachten Sie, dass uhrbasierte Ereignisse nicht mehr auf die gleiche Weise funktionieren, wie dieses Spiel nicht mehr mit dem Funksignal verbunden ist, sondern durch Triforce-Ereignisse ersetzt wurden, Ereignisse, die nur auftreten, wenn Sie eine bestimmte Anzahl von Triforce-Teilen haben, also stellen Sie sicher, dass Sie nach diesen für die entsprechenden Informationen dazu suchen!
BS Zelda no Densetsu - Dai-3-wa (Japan) (SoundLink)	BS The Legend of Zelda (BS Zeruda no Densetsu) war ein Remake des NES-Spiels The Legend of Zelda, das für das Satellaview-Zubehör für die Super Famicom in Japan veröffentlicht wurde. Mehr oder weniger war es wie die Master Quest-Version des ursprünglichen Zelda, mit der Fähigkeit, sein Genre zu wählen, neue Dungeon-Designs und viele andere wichtige Änderungen. Diese Version wurde auf Englisch gepatcht, die Sprachinterpretation wurde größtenteils aus offensichtlichen Gründen und so weiter entfernt. Beachten Sie, dass uhrbasierte Ereignisse nicht mehr auf die gleiche Weise funktionieren, wie dieses Spiel nicht mehr mit dem Funksignal verbunden ist, sondern durch Triforce-Ereignisse ersetzt wurden, Ereignisse, die nur auftreten, wenn Sie eine bestimmte Anzahl von Triforce-Teilen haben, also stellen Sie sicher, dass Sie nach diesen für die entsprechenden Informationen dazu suchen!
BS Zelda no Densetsu - Dai-4-wa (Japan) (Rerun) (SoundLink)	BS The Legend of Zelda (BS Zeruda no Densetsu) war ein Remake des NES-Spiels The Legend of Zelda, das für das Satellaview-Zubehör für die Super Famicom in Japan veröffentlicht wurde. Mehr oder weniger war es wie die Master Quest-Version des ursprünglichen Zelda, mit der Fähigkeit, sein Genre zu wählen, neue Dungeon-Designs und viele andere wichtige Änderungen. Diese Version wurde auf Englisch gepatcht, die Sprachinterpretation wurde größtenteils aus offensichtlichen Gründen und so weiter entfernt. Beachten Sie, dass uhrbasierte Ereignisse nicht mehr auf die gleiche Weise funktionieren, wie dieses Spiel nicht mehr mit dem Funksignal verbunden ist, sondern durch Triforce-Ereignisse ersetzt wurden, Ereignisse, die nur auftreten, wenn Sie eine bestimmte Anzahl von Triforce-Teilen haben, also stellen Sie sicher, dass Sie nach diesen für die entsprechenden Informationen dazu suchen!
BS Zelda no Densetsu - Inishie no Sekiban - Dai-1-wa (Japan) (SoundLink)	Im Gegensatz zum ersten Teil der BS Zelda, der die Geschichte des ersten Spiels der Serie aufnahm, hat diese Episode eine eigene Geschichte. Allerdings fehlt Link in diesem Abenteuer zugunsten des Avatars des BS-Systems, der Helden des Lichts (oder Heldin, je nach vom Spieler gewähltem Genre) genannt wird und vermutlich aus einer fremden Welt in Hyrule stammt. Nach einer Vision von Prinzessin Zelda erscheint der Held, um acht Steintafeln (zwei pro Woche) zu sammeln und so Hyrule vor einer großen Gefahr zu retten. In der letzten Woche zeigt sich, dass diese Gefahr nichts anderes ist als Ganon.Am Ende des Spiels ruht der Held dann Excalibur in seinem Sockel und kehrt in seine Welt zurück.
BS Zelda no Densetsu - Inishie no Sekiban - Dai-2-wa (Japan) (SoundLink)	Im Gegensatz zum ersten Teil der BS Zelda, der die Geschichte des ersten Spiels der Serie aufnahm, hat diese Episode eine eigene Geschichte. Allerdings fehlt Link in diesem Abenteuer zugunsten des Avatars des BS-Systems, der Helden des Lichts (oder Heldin, je nach vom Spieler gewähltem Genre) genannt wird und vermutlich aus einer fremden Welt in Hyrule stammt. Nach einer Vision von Prinzessin Zelda erscheint der Held, um acht Steintafeln (zwei pro Woche) zu sammeln und so Hyrule vor einer großen Gefahr zu retten. In der letzten Woche zeigt sich, dass diese Gefahr nichts anderes ist als Ganon.Am Ende des Spiels ruht der Held dann Excalibur in seinem Sockel und kehrt in seine Welt zurück.
BS Zelda no Densetsu - Inishie no Sekiban - Dai-3-wa (Japan) (SoundLink)	Im Gegensatz zum ersten Teil der BS Zelda, der die Geschichte des ersten Spiels der Serie aufnahm, hat diese Episode eine eigene Geschichte. Allerdings fehlt Link in diesem Abenteuer zugunsten des Avatars des BS-Systems, der Helden des Lichts (oder Heldin, je nach vom Spieler gewähltem Genre) genannt wird und vermutlich aus einer fremden Welt in Hyrule stammt. Nach einer Vision von Prinzessin Zelda erscheint der Held, um acht Steintafeln (zwei pro Woche) zu sammeln und so Hyrule vor einer großen Gefahr zu retten. In der letzten Woche zeigt sich, dass diese Gefahr nichts anderes ist als Ganon.Am Ende des Spiels ruht der Held dann Excalibur in seinem Sockel und kehrt in seine Welt zurück.
BS Zelda no Densetsu - Inishie no Sekiban - Dai-4-wa (Japan) (SoundLink)	Im Gegensatz zum ersten Teil der BS Zelda, der die Geschichte des ersten Spiels der Serie aufnahm, hat diese Episode eine eigene Geschichte. Allerdings fehlt Link in diesem Abenteuer zugunsten des Avatars des BS-Systems, der Helden des Lichts (oder Heldin, je nach vom Spieler gewähltem Genre) genannt wird und vermutlich aus einer fremden Welt in Hyrule stammt. Nach einer Vision von Prinzessin Zelda erscheint der Held, um acht Steintafeln (zwei pro Woche) zu sammeln und so Hyrule vor einer großen Gefahr zu retten. In der letzten Woche zeigt sich, dass diese Gefahr nichts anderes ist als Ganon.Am Ende des Spiels ruht der Held dann Excalibur in seinem Sockel und kehrt in seine Welt zurück.
BS Zelda no Densetsu - Map 2 - Dai-1-wa (Japan) (SoundLink)	BS The Legend of Zelda (BS Zeruda no Densetsu) war ein Remake des NES-Spiels The Legend of Zelda, das für das Satellaview-Zubehör für die Super Famicom in Japan veröffentlicht wurde. Mehr oder weniger war es wie die Master Quest-Version des ursprünglichen Zelda, mit der Fähigkeit, sein Genre zu wählen, neue Dungeon-Designs und viele andere wichtige Änderungen. Diese Version wurde auf Englisch gepatcht, die Sprachinterpretation wurde größtenteils aus offensichtlichen Gründen und so weiter entfernt. Beachten Sie, dass uhrbasierte Ereignisse nicht mehr auf die gleiche Weise funktionieren, wie dieses Spiel nicht mehr mit dem Funksignal verbunden ist, sondern durch Triforce-Ereignisse ersetzt wurden, Ereignisse, die nur auftreten, wenn Sie eine bestimmte Anzahl von Triforce-Teilen haben, also stellen Sie sicher, dass Sie nach diesen für die entsprechenden Informationen dazu suchen!
BS Zelda no Densetsu - Map 2 - Dai-2-wa (Japan) (SoundLink)	BS The Legend of Zelda (BS Zeruda no Densetsu) war ein Remake des NES-Spiels The Legend of Zelda, das für das Satellaview-Zubehör für die Super Famicom in Japan veröffentlicht wurde. Mehr oder weniger war es wie die Master Quest-Version des ursprünglichen Zelda, mit der Fähigkeit, sein Genre zu wählen, neue Dungeon-Designs und viele andere wichtige Änderungen. Diese Version wurde auf Englisch gepatcht, die Sprachinterpretation wurde größtenteils aus offensichtlichen Gründen und so weiter entfernt. Beachten Sie, dass uhrbasierte Ereignisse nicht mehr auf die gleiche Weise funktionieren, wie dieses Spiel nicht mehr mit dem Funksignal verbunden ist, sondern durch Triforce-Ereignisse ersetzt wurden, Ereignisse, die nur auftreten, wenn Sie eine bestimmte Anzahl von Triforce-Teilen haben, also stellen Sie sicher, dass Sie nach diesen für die entsprechenden Informationen dazu suchen!
BS Zelda no Densetsu - Map 2 - Dai-3-wa (Japan) (SoundLink)	BS The Legend of Zelda (BS Zeruda no Densetsu) war ein Remake des NES-Spiels The Legend of Zelda, das für das Satellaview-Zubehör für die Super Famicom in Japan veröffentlicht wurde. Mehr oder weniger war es wie die Master Quest-Version des ursprünglichen Zelda, mit der Fähigkeit, sein Genre zu wählen, neue Dungeon-Designs und viele andere wichtige Änderungen. Diese Version wurde auf Englisch gepatcht, die Sprachinterpretation wurde größtenteils aus offensichtlichen Gründen und so weiter entfernt. Beachten Sie, dass uhrbasierte Ereignisse nicht mehr auf die gleiche Weise funktionieren, wie dieses Spiel nicht mehr mit dem Funksignal verbunden ist, sondern durch Triforce-Ereignisse ersetzt wurden, Ereignisse, die nur auftreten, wenn Sie eine bestimmte Anzahl von Triforce-Teilen haben, also stellen Sie sicher, dass Sie nach diesen für die entsprechenden Informationen dazu suchen!
BS Zelda no Densetsu - Map 2 - Dai-4-wa (Japan) (SoundLink) [b]	BS The Legend of Zelda (BS Zeruda no Densetsu) war ein Remake des NES-Spiels The Legend of Zelda, das für das Satellaview-Zubehör für die Super Famicom in Japan veröffentlicht wurde. Mehr oder weniger war es wie die Master Quest-Version des ursprünglichen Zelda, mit der Fähigkeit, sein Genre zu wählen, neue Dungeon-Designs und viele andere wichtige Änderungen. Diese Version wurde auf Englisch gepatcht, die Sprachinterpretation wurde größtenteils aus offensichtlichen Gründen und so weiter entfernt. Beachten Sie, dass uhrbasierte Ereignisse nicht mehr auf die gleiche Weise funktionieren, wie dieses Spiel nicht mehr mit dem Funksignal verbunden ist, sondern durch Triforce-Ereignisse ersetzt wurden, Ereignisse, die nur auftreten, wenn Sie eine bestimmte Anzahl von Triforce-Teilen haben, also stellen Sie sicher, dass Sie nach diesen für die entsprechenden Informationen dazu suchen!
Cheap de Gorgeous Vol. 1 (Japan) (Magazine)	Cheap de Gorgeous ist ein herunterladbares digitales Magazin für die Satellaview, das vom 10. Mai 1998 bis zum 6. Dezember 1998 in 8 Bänden lief.
Cheap de Gorgeous Vol. 4 (Japan) (Magazine)	Cheap de Gorgeous ist ein herunterladbares digitales Magazin für die Satellaview, das vom 10. Mai 1998 bis zum 6. Dezember 1998 in 8 Bänden lief.
Cheap de Gorgeous Vol. 5 (Japan) (Magazine)	Cheap de Gorgeous ist ein herunterladbares digitales Magazin für die Satellaview, das vom 10. Mai 1998 bis zum 6. Dezember 1998 in 8 Bänden lief.
Chou Aniki - Bakuretsu Rantou Hen (Japan)	Eine Demo des gleichnamigen Super Famicom-Spiels. Botei ist nach seiner Niederlage gegen Idaten, Samson und Adon für den 11. Galaxy Bodybuilding-Wettbewerb zurückgekehrt und strebt den Sieg an, um der größte Bodybuilder in der Galaxie zu werden. Idaten muss seinen Körper und Geist trainieren, um gemeißelt, geölt und muskulös zu werden, um zu beweisen, dass er der wahre König des Proteins und der größte Körper der Galaxie ist.
Chrono Trigger - Jet Bike Special (Japan)	BS Chrono Trigger: Character Library ist im Wesentlichen ein Bestiarium, das nicht nur alle spielbaren Charaktere, sondern auch alle Feinde enthält. Das Spiel wurde 1995 nur für die Japan Satellaview veröffentlicht und von Squaresoft entwickelt und von Nintendo veröffentlicht. Das Spiel ist nichts anderes als ein Addon zu Chrono Trigger, das jedes Sprite für jeden Charakter und Feind sowie eine kurze Beschreibung jedes einzelnen enthält. BS Chrono Trigger: Character Library ist auch in Final Fantasy Chronicles enthalten.
Cock-A-Doodle-Do (Japan) (4-27) (Data Pack)	&quot;Cock-A-Doodle-Do&quot; handelt von den Missgeschicken eines Alkoholikers namens Nicole (leider für ihn), der kürzlich sein ganzes Glück und seinen letzten Besitz, ein Haushuhn namens Pal, verloren hat. Pal kämpft gegen Tier Wilderer, freundet sich mit einer Katze und einer Fee an und vollzieht vielleicht später im Spiel Heldentaten, die denen von JRPGs ähneln.
Columbus no Tamagoyaki - Dai-1-kai (Japan) (7-5) (Magazine)	Columbus no Tamago Yaki ist ein herunterladbares digitales Magazin, das zwischen dem 5. Juli 1999 und dem 22. August 1999 in mindestens 4 Segmenten für die Satellaview ausgestrahlt wurde.
Columbus no Tamagoyaki - Dai-2-kai (Japan) (3-15) (Magazine)	Columbus no Tamago Yaki ist ein herunterladbares digitales Magazin, das zwischen dem 5. Juli 1999 und dem 22. August 1999 in mindestens 4 Segmenten für die Satellaview ausgestrahlt wurde.
Columbus no Tamagoyaki - Dai-3-kai (Japan) (7-19) (Magazine)	Columbus no Tamago Yaki ist ein herunterladbares digitales Magazin, das zwischen dem 5. Juli 1999 und dem 22. August 1999 in mindestens 4 Segmenten für die Satellaview ausgestrahlt wurde.
Cu-On-Pa BS Ban (Japan) (6-7)	Cu-On-Pa BS Ban ist ein herunterladbares Spiel für die Satellaview, das zwischen dem 29. Juni 1997 und dem 19. Dezember 1998 in mindestens 2 Auflagen ausgestrahlt wurde. Zwischen der ersten Sendung und dem 2. August 1997 wurde neben Cu-On-Pa ein verwandtes Magazin mit dem Titel Cu-On-Pa BS Ban Seiseki Magazine ausgestrahlt.
Daibakushou Jinsei Gekijou (Japan)	Daibakushou Jinseigekijou: Ooedo Nikki ist ein begrenztes herunterladbares Spiel für die Satellaview, das zwischen dem 2. März 1997 und dem 21. Februar 1998 in mindestens 4 Läufen ausgestrahlt wurde. Ab dem 15. November 1998 ließ das Spiel seinen Untertitel fallen, um einfach Daibakushou Jinseigekijou zu werden.
Dandan Belt Conveyor - Gyuunyuu no Maki (Japan) (Magazine)	DanDan Belt Conveyor - Gyuunyuu no Maki is a Downloadable Digital Magazine for the Satellaview. The magazine is a sister run to DanDan Belt Conveyor - Ukulele no Maki (March 1998) both of which compose the DanDan Belt Conveyor series.
Dandan Belt Conveyor - Ukulele no Maki (Japan) (Magazine) [b]	DanDan Belt Conveyor - Ukulele no Maki ist ein herunterladbares digitales Magazin für die Satellaview. Das Magazin ist eine Schwester von DanDan Belt Conveyor - Gyuunyuu no Maki (März 1998), die beide die DanDan Belt Conveyor-Serie bilden.
Darius Force (Japan) (En) (3-3)	Pendant d'innombrables millénaires, le tyran de l'espace Belser et ses maraudeurs cosmiques ont terrorisé cette galaxie autrefois pacifique. Désormais, aucun secteur n'est à l'abri de ces mercenaires stellaires et de leur empire maléfique. La Fédération Galactique a finalement fait appel à deux de ses pilotes d'élite et à leurs élégants vaisseaux de guerre Silver Hawk pour combattre les menaces métalliques malveillantes de Belser et reconquérir la chère planète Darius. Prenez place dans le siège du pilote pour une mission solo contre les forces de Belser, ou affrontez les ennemis avec un autre pilote de la Fédération dans une attaque d'équipe simultanée à deux joueurs. L'avenir de la galaxie repose sur le succès de cette quête périlleuse.
DerbyStal 96 - Taiou 97-nendo Ban (Japan) (12-3) (Data Pack)	Der endgültige Datensatz mit aktualisierten Statistiken für das Jahr 1997 dieser Satellaview-Version des Super Famicom-Spiels Derby Stallion 96
Dezaemon BSX Version - BS-X Shooting (Japan) (En) (4-30)	Das erste der drei &quot;Satella-Shooting-Trilogie&quot;-Spiele, dieses kleine Dezaemon-Engine-Shmup, ist kurz, aber verrückt und chaotisch. Starten Sie 8M Packs auf Ihre Feinde! Stellen Sie sich Leuten wie Surfhund und küssenden Hai! Hüten Sie sich vor den Feinden mit seltsamen, quasi-realistischen Gesichtern, die auf ihnen verputzt sind!
Dezaemon BSX Version - Sugoi STG 2 - Crystal Guardian (Japan) (En) (7-8)	Crystal Guardian ist das dritte in einer Reihe von Benutzern erstellte Spiele und verwendet die Dezaemon-Engine, ein Shoot'em-Up-Erstellungstool für die Super Famicom. Als Gewinner eines offiziellen Spielerstellungswettbewerbs stellt das technisch beeindruckende Spiel einen Roboterengel gegen eine Armee von Monstern, Bossen mit gigantischen Sprites und enormen Explosionen.
Digital Magazine Busters BS - 4-12 Gou (Japan) (Magazine)	Digital Magazine Busters BS ist ein herunterladbares digitales Magazin für die Satellaview, das zwischen dem 28. September 1997 und dem 23. August 1998 lief. Die Satellaview-Übertragungen repräsentierten die Konsolenversion von Daily Busters News, einer japanischen Gaming-Nachrichtenwebsite.
Digital Magazine Busters BS - 5-10 Gou (Japan) (Magazine)	Digital Magazine Busters BS ist ein herunterladbares digitales Magazin für die Satellaview, das zwischen dem 28. September 1997 und dem 23. August 1998 lief. Die Satellaview-Übertragungen repräsentierten die Konsolenversion von Daily Busters News, einer japanischen Gaming-Nachrichtenwebsite.
Digital Magazine Busters BS - 5-24 Gou (Japan) (Magazine)	Digital Magazine Busters BS ist ein herunterladbares digitales Magazin für die Satellaview, das zwischen dem 28. September 1997 und dem 23. August 1998 lief. Die Satellaview-Übertragungen repräsentierten die Konsolenversion von Daily Busters News, einer japanischen Gaming-Nachrichtenwebsite.
Digital Magazine Busters BS - 6-21 Gou (Japan) (Magazine)	Digital Magazine Busters BS ist ein herunterladbares digitales Magazin für die Satellaview, das zwischen dem 28. September 1997 und dem 23. August 1998 lief. Die Satellaview-Übertragungen repräsentierten die Konsolenversion von Daily Busters News, einer japanischen Gaming-Nachrichtenwebsite.
Digital Magazine Busters BS - 6-7 Gou (Japan) (Magazine)	Digital Magazine Busters BS ist ein herunterladbares digitales Magazin für die Satellaview, das zwischen dem 28. September 1997 und dem 23. August 1998 lief. Die Satellaview-Übertragungen repräsentierten die Konsolenversion von Daily Busters News, einer japanischen Gaming-Nachrichtenwebsite.
Digital Magazine Busters BS - 8-23 Gou (Japan) (Magazine)	Digital Magazine Busters BS ist ein herunterladbares digitales Magazin für die Satellaview, das zwischen dem 28. September 1997 und dem 23. August 1998 lief. Die Satellaview-Übertragungen repräsentierten die Konsolenversion von Daily Busters News, einer japanischen Gaming-Nachrichtenwebsite.
Do-Re-Mi de Faa 2~! Vol. 8 (Japan) (1998-5-10) (Magazine)	Das Do-Re-Mi de Fa! Sendungen waren digitale Zeitschriften zum Thema Musik zu Themen wie die &quot;TOP-Charts&quot; usw. Unter anderem berichtete das Magazin über westliche Musiker wie Bob Marley.
Do-Re-Mi de Faa 2~! Vol. 9 (Japan) (1998-5-25) (Magazine)	Das Do-Re-Mi de Fa! Sendungen waren digitale Zeitschriften zum Thema Musik zu Themen wie die &quot;TOP-Charts&quot; usw. Unter anderem berichtete das Magazin über westliche Musiker wie Bob Marley.
Do-Re-Mi de Faa~! Vol. 1 (Japan) (1997-3-30) (SoundLink Magazine)	Das Do-Re-Mi de Fa! Sendungen waren digitale Zeitschriften zum Thema Musik zu Themen wie die &quot;TOP-Charts&quot; usw. Unter anderem berichtete das Magazin über westliche Musiker wie Bob Marley.
Do-Re-Mi de Faa~! Vol. 9 (Japan) (1997-5-25) (SoundLink Magazine)	Das Do-Re-Mi de Fa! Sendungen waren digitale Zeitschriften zum Thema Musik zu Themen wie die &quot;TOP-Charts&quot; usw. Unter anderem berichtete das Magazin über westliche Musiker wie Bob Marley.
Dokapon Gaiden - Honoo no Audition (Japan) (5-19)	Dokapon Gaiden: Honoo no Audition ist ein begrenztes herunterladbares Spiel für die Satellaview, das zwischen dem 1. Februar 1998 und dem 28. November 1998 in mindestens 2 Auflagen ausgestrahlt wurde. Vor dem 1. Februar 1998 hieß das Spiel einfach Dokapon Gaiden.
Dokapon Gaiden - Honoo no Audition (Japan) (9-12)	Dokapon Gaiden: Honoo no Audition ist ein begrenztes herunterladbares Spiel für die Satellaview, das zwischen dem 1. Februar 1998 und dem 28. November 1998 in mindestens 2 Auflagen ausgestrahlt wurde. Vor dem 1. Februar 1998 hieß das Spiel einfach Dokapon Gaiden.
Dr. Mario BS (Japan) (En) (1-8)	Dr. Mario BS Version ist ein Videospiel für Satellaview, das 1997 für die Super Famicom veröffentlicht wurde. Es handelt sich um eine modifizierte Version des beliebten Spiels Dr. Mario und wurde nur in Japan vertrieben. Es war das letzte Spiel, das über Satellaview ausgestrahlt wurde. Es ist ein Puzzlespiel, bei dem das Ziel darin besteht, Keime verschiedener Farben mit Vitaminen derselben Farbe zu besiegen. Grundsätzlich ist es so, als ob man vier Elemente in einer Reihe bekommt, ähnlich wie Tetris (Zählzahl der Zeile oder Spalte), oder um es mit anderen Worten zu sagen, um jeden Keim zu besiegen, müssen drei Hälften der gleichen Farbe in der Nähe des Keims vorhanden sein. Diese Hälften müssen nicht unbedingt auf derselben Pille sein. Die Keime werden sich vervielfachen, wenn Sie das Niveau weiterentwickeln.
Dragon Slayer - Eiyuu Densetsu (Japan) (5-12)	Im Gegensatz zu früheren Dragon Slayer-Spielen, die alle Side-Scrolling-Action-RPGs waren, ist The Legend of Heroes ein viel direkteres rundenbasiertes RPG, ähnlich wie Dragon Quest. Es erlaubte eine Party mit bis zu vier Charakteren und verfügte über einige moderne Verbesserungen, wie die Möglichkeit für den Spieler, Statistiken nach einer Levelerhöhung zu verteilen, separate Monster auszuwählen und einen Kampf neu zu beginnen, wenn seine Gruppe eliminiert wurde. Sie erhielt eine direkte Fortsetzung, Dragon Slayer: The Legend of Heroes II, bevor die Serie das Präfix Dragon Slayer verließ und als separates Eigentum von Falcom fortfuhr.
Dynami Tracer (Japan)	Dynami Tracer ist eine schelmische Mischung aus RPG-Erkundung und Rennen. Es wurde exklusiv für das Satellaview-System von Nintendo veröffentlicht, das Spiele über Satellitensignale an das Super Famicom sendete und einen speziellen Adapter zum Empfangen und Decodieren der Daten benötigte. Das bedeutet, dass Dynami Tracer nie in Cartridge-Form herausgebracht wurde und Sie es daher nirgendwo kaufen können. Der RPG-Aspekt beinhaltet in erster Linie, dass Ihr Charakter von Stern zu Stern wandert, mit den extravaganten Einheimischen interagiert und Informationen sammelt. Hin und wieder wirst du irgendwie in ein Rennen verwickelt
Excitebike - Bunbun Mario Battle - Stadium 1 (Japan) (6-29) (SoundLink)	BS Excitebike Bun Bun Mario Stadium war das Spiel, das in vier herunterladbaren Versionen auf dem Satellaview-Download-Dienst veröffentlicht wurde. Das Spiel ist auch als Mario Excitebike bekannt. Es wurde 1996 nur in Japan für die Satellaview veröffentlicht und ist die obskure Fortsetzung des NES-Spiels Excitebike. Jede Version fügte eine Reihe neuer Charaktere hinzu, die schließlich zusammen bis zu sechs Zeichen hinzufügten. Das Spiel spielt ähnlich wie Excitebike auf dem NES, obwohl es ein paar Unterschiede hat. Ein Unterschied ist die Tatsache, dass der Spieler entlang der Rennstrecke Münzen abholen kann (die nichts anderes tun, als die Punktzahl zu erhöhen). Die einzige andere Änderung war ein zusätzlicher SUPER-Modus, der dem Spieler einen unendlichen Schub gab.
Excitebike - Bunbun Mario Battle - Stadium 2 (Japan) (7-6) (SoundLink)	BS Excitebike Bun Bun Mario Stadium war das Spiel, das in vier herunterladbaren Versionen auf dem Satellaview-Download-Dienst veröffentlicht wurde. Das Spiel ist auch als Mario Excitebike bekannt. Es wurde 1996 nur in Japan für die Satellaview veröffentlicht und ist die obskure Fortsetzung des NES-Spiels Excitebike. Jede Version fügte eine Reihe neuer Charaktere hinzu, die schließlich zusammen bis zu sechs Zeichen hinzufügten. Das Spiel spielt ähnlich wie Excitebike auf dem NES, obwohl es ein paar Unterschiede hat. Ein Unterschied ist die Tatsache, dass der Spieler entlang der Rennstrecke Münzen abholen kann (die nichts anderes tun, als die Punktzahl zu erhöhen). Die einzige andere Änderung war ein zusätzlicher SUPER-Modus, der dem Spieler einen unendlichen Schub gab.
Excitebike - Bunbun Mario Battle - Stadium 3 (Japan) (2-8) (SoundLink)	BS Excitebike Bun Bun Mario Stadium war das Spiel, das in vier herunterladbaren Versionen auf dem Satellaview-Download-Dienst veröffentlicht wurde. Das Spiel ist auch als Mario Excitebike bekannt. Es wurde 1996 nur in Japan für die Satellaview veröffentlicht und ist die obskure Fortsetzung des NES-Spiels Excitebike. Jede Version fügte eine Reihe neuer Charaktere hinzu, die schließlich zusammen bis zu sechs Zeichen hinzufügten. Das Spiel spielt ähnlich wie Excitebike auf dem NES, obwohl es ein paar Unterschiede hat. Ein Unterschied ist die Tatsache, dass der Spieler entlang der Rennstrecke Münzen abholen kann (die nichts anderes tun, als die Punktzahl zu erhöhen). Die einzige andere Änderung war ein zusätzlicher SUPER-Modus, der dem Spieler einen unendlichen Schub gab.
Excitebike - Bunbun Mario Battle - Stadium 4 (Japan) (2-17) (SoundLink)	BS Excitebike Bun Bun Mario Stadium war das Spiel, das in vier herunterladbaren Versionen auf dem Satellaview-Download-Dienst veröffentlicht wurde. Das Spiel ist auch als Mario Excitebike bekannt. Es wurde 1996 nur in Japan für die Satellaview veröffentlicht und ist die obskure Fortsetzung des NES-Spiels Excitebike. Jede Version fügte eine Reihe neuer Charaktere hinzu, die schließlich zusammen bis zu sechs Zeichen hinzufügten. Das Spiel spielt ähnlich wie Excitebike auf dem NES, obwohl es ein paar Unterschiede hat. Ein Unterschied ist die Tatsache, dass der Spieler entlang der Rennstrecke Münzen abholen kann (die nichts anderes tun, als die Punktzahl zu erhöhen). Die einzige andere Änderung war ein zusätzlicher SUPER-Modus, der dem Spieler einen unendlichen Schub gab.
F-Zero (Japan) (4-4)	F-Zero ist ein futuristisches Rennspiel, in dem die Charaktere fliegende Autos steuern und an einem intergalaktischen Turnier teilnehmen. Insgesamt gibt es vier Charaktere mit ihren eigenen Fahrzeugen, die alle unterschiedliche Eigenschaften haben. Ein Rennen besteht darin, fünf Runden auf einer Strecke zu fahren, wobei man jede Runde als einer der Ersten beenden muss, um nicht disqualifiziert zu werden. Wenn eine Runde abgeschlossen ist, wird der Spieler mit einer Fähigkeit namens &quot;Super Jet&quot; belohnt, die etwa sechs Sekunden lang anhält. Das Ziel des Spiels ist es, die anderen Charaktere zu besiegen, indem man die Ziellinie am Ende eines Rennens überquert und dabei bestimmte Schadensbereiche auf den Strecken vermeidet. Jedes Fahrzeug verfügt über eine eigene Energieanzeige, mit der die Haltbarkeit der Maschinen gemessen werden kann.
Firemen, The (Japan) (2-9)	In einer hochtechnologisierten chemischen Fabrik, in der eine extrem explosive Chemikalie mit der Bezeichnung MDL entwickelt wird, ist ein Feuer ausgebrochen. In The Firemen ist es Deine Aufgabe und die Deiner Feuerwehr-Kollegen, die Leute zu retten, die im Gebäude eingeschlossen sind und zu verhindern, dass das Feuer die MDL erreicht. Denn wenn das geschehen sollte, wird das ganze Gebäude zerfetzt...
Freud no Chousenjou - Dai-1-gou (Japan) (Magazine)	Freud no Chousenjou ist ein herunterladbares digitales Magazin, das zwischen dem 10. Oktober 1997 und dem 19. März 1998 in mindestens 6 Segmenten für die Satellaview ausgestrahlt wurde. Dem Magazin folgte später Freud no Gyakushuu, der im Mai 1998 lief.
Freud no Chousenjou - Dai-2-gou (Japan) (Magazine)	Freud no Chousenjou ist ein herunterladbares digitales Magazin, das zwischen dem 10. Oktober 1997 und dem 19. März 1998 in mindestens 6 Segmenten für die Satellaview ausgestrahlt wurde. Dem Magazin folgte später Freud no Gyakushuu, der im Mai 1998 lief.
Freud no Chousenjou - Dai-3-gou (Japan) (Magazine)	Freud no Chousenjou ist ein herunterladbares digitales Magazin, das zwischen dem 10. Oktober 1997 und dem 19. März 1998 in mindestens 6 Segmenten für die Satellaview ausgestrahlt wurde. Dem Magazin folgte später Freud no Gyakushuu, der im Mai 1998 lief.
Freud no Chousenjou - Dai-4-gou (Japan) (Magazine)	Freud no Chousenjou ist ein herunterladbares digitales Magazin, das zwischen dem 10. Oktober 1997 und dem 19. März 1998 in mindestens 6 Segmenten für die Satellaview ausgestrahlt wurde. Dem Magazin folgte später Freud no Gyakushuu, der im Mai 1998 lief.
Freud no Chousenjou - Dai-5-gou (Japan) (Magazine)	Freud no Chousenjou ist ein herunterladbares digitales Magazin, das zwischen dem 10. Oktober 1997 und dem 19. März 1998 in mindestens 6 Segmenten für die Satellaview ausgestrahlt wurde. Dem Magazin folgte später Freud no Gyakushuu, der im Mai 1998 lief.
Freud no Chousenjou - Dai-6-gou (Japan) (Magazine)	Freud no Chousenjou ist ein herunterladbares digitales Magazin, das zwischen dem 10. Oktober 1997 und dem 19. März 1998 in mindestens 6 Segmenten für die Satellaview ausgestrahlt wurde. Dem Magazin folgte später Freud no Gyakushuu, der im Mai 1998 lief.
Gambler Jiko Chuushinha 2 - Dorapon Quest (Japan) (12-19)	Eine Satellaview-Version des gleichnamigen Super Famicom-Spiels. Ein Mahjong-Spiel, das auf Katayama Masayukis Manga Gambler Jiko Chuushinha basiert. Wie die ersten Super Famicom-Spieluntertitel Super Zugan, die auch auf einem Manga von Katayama Masayuki basierten, stellt Dorapon Quest seine verschiedenen Mahjong-Spiele als &quot;Schlachten&quot; in einem RPG ein.
Game Tora no Ooana Special (Japan) (1996-3-30) (SoundLink Magazine)	Game Tora no Ooana ist eine Reihe von herunterladbaren digitalen Magazinen für die Satellaview, die vom 24. April 1995 bis zum 28. März 1999 mindestens 412 Bände lief. Das Magazin ging während seiner gesamten Laufzeit durch zahlreiche Namen, darunter: Game Tora no Ooana Game Tora no Ooana Special Game Tora no Chou Ooana Game Tora no Chou Ooana Tokubetsuhen Game Tora no Taikoban Es basiert auf dem japanischen Comic Toranoana, der heute noch existiert.
Game Tora no Taikoban No. 10 (Japan) (1998-5-31) (Magazine)	Game Tora no Ooana ist eine Reihe von herunterladbaren digitalen Magazinen für die Satellaview, die vom 24. April 1995 bis zum 28. März 1999 mindestens 412 Bände lief. Das Magazin ging während seiner gesamten Laufzeit durch zahlreiche Namen, darunter: Game Tora no Ooana Game Tora no Ooana Special Game Tora no Chou Ooana Game Tora no Chou Ooana Tokubetsuhen Game Tora no Taikoban Es basiert auf dem japanischen Comic Toranoana, der heute noch existiert.
Game Tora no Taikoban No. 8 (Japan) (1998-5-17) (Magazine)	Game Tora no Ooana ist eine Reihe von herunterladbaren digitalen Magazinen für die Satellaview, die vom 24. April 1995 bis zum 28. März 1999 mindestens 412 Bände lief. Das Magazin ging während seiner gesamten Laufzeit durch zahlreiche Namen, darunter: Game Tora no Ooana Game Tora no Ooana Special Game Tora no Chou Ooana Game Tora no Chou Ooana Tokubetsuhen Game Tora no Taikoban Es basiert auf dem japanischen Comic Toranoana, der heute noch existiert.
Gekkan Coin Toss - Deck 1 (Japan) (Magazine)	Gekkan Coin Toss: Pokémon Card Magazine ist ein monatliches Pokémon Trading Card Game-Magazin, das in sieben oder mehr Segmenten (bezeichnet als &quot;Decks&quot; bezeichnet) veröffentlicht wird. Das erste Deck wurde im April 1998 veröffentlicht.
Golf Daisuki! O.B. Club (Japan) (4-3)	&quot;Golf Daisuki! O.B. Club&quot; ist ein auf die Anzeige beschränktes, herunterladbares Golfspiel für die Satellaview, das ursprünglich zwischen dem 10. August 1997 und dem 23. August 1997 ausgestrahlt wurde. Das Spiel wurde bis zum 30. März 1998 mindestens 4 Mal erneut übertragen. Das Magazin Electronic Gaming Monthly hat eine Vorschau auf dieses Spiel erstellt. Ihre Vorschau hatte ein englischsprachiges Logo, obwohl das Spiel in den USA nie in irgendeiner Form veröffentlicht wurde.
GoodsPress - 3 Gatsugou (Japan) (Magazine)	BS Goods Press ist ein herunterladbares digitales Magazin, das zwischen dem 27. April 1997 und dem 19. Dezember 1998 in mindestens 21 Segmenten für die Satellaview ausgestrahlt wurde.
GoodsPress - 6 Gatsugou (Japan) (Magazine)	BS Goods Press ist ein herunterladbares digitales Magazin, das zwischen dem 27. April 1997 und dem 19. Dezember 1998 in mindestens 21 Segmenten für die Satellaview ausgestrahlt wurde.
GoodsPress - 7 Gatsugou (Japan) (Magazine)	BS Goods Press ist ein herunterladbares digitales Magazin, das zwischen dem 27. April 1997 und dem 19. Dezember 1998 in mindestens 21 Segmenten für die Satellaview ausgestrahlt wurde.
Heisei Gunjin Shougi (Japan)	Heisei Gunjin Shougi ist ein traditionelles japanisches Spiel. Wir beginnen damit, einen Ort in der Stadt zu wählen, an dem das Spiel stattfinden wird, dann platzieren wir nach einer kurzen Zwischensequenz kleine Charaktere auf die Boxen. Dann beginnt das Spiel. Das Spielbrett besteht aus dem gewählten Dekor, das in Kisten unterteilt ist. Wir bewegen diese &quot;Bauern&quot; abwechselnd und respektieren die Regeln für das Bewegen der Shougi, und wenn sich 2 Stücke treffen, zeigt eine kleine Szene ihren &quot;Kampf&quot;.
Ijuin Hikaru no Houkago no Ousama (1996-2-5) + Game Tora no Ooana Special (1996-3-7) (Japan) (SoundLink Magazine)	Ijūin Hikaru no Houkago no Ousama war ein SoundLink Nintendo/St. GIGA Radio-/Quizshow und Satellaview-Magazin unter der Regie von Motomasa Mitsumaru und aufgeführt von Hikaru Ijūin, einem japanischen Komiker und Radiopersönlichkeit, der auch für das Kommentieren und Überprüfen von Videospielen bekannt ist. Yutao Utsumi (derzeit Yutaka) diente als Assistent. Vom Juli bis 7. August war es auch bekannt als Ijūin Hikaru no Natsu Yasumi no Ousama, &quot;Hikaru Ijūin's Summer Vacation King&quot;. Nach April 1996 war es bekannt als Ijūin Hikaru no Kai Denpa Hasshin Kichi, &quot;Hikaru Ijūin's Mysterious Radio Transmission Base&quot;. Die Radiosendung umfasste Spiele, Musik, menschenbezogene Inhalte und hatte verschiedene Quizfragen. Weitere Informationen über das Magazin sind unklar, aber es scheint vulgäre, dunkle Humor- und sexuelle Elemente in seinem Inhalt enthalten zu haben, basierend auf den Screenshots und bestimmten Themen in der Show wie &quot;Ihre Familie verkaufen&quot;, &quot;Harnerfahrung&quot; und &quot;Diebgespräch&quot;
Ijuin Hikaru no Houkago no Ousama (Japan) (1995-9-25) (SoundLink Magazine)	Ijūin Hikaru no Houkago no Ousama war ein SoundLink Nintendo/St. GIGA Radio-/Quizshow und Satellaview-Magazin unter der Regie von Motomasa Mitsumaru und aufgeführt von Hikaru Ijūin, einem japanischen Komiker und Radiopersönlichkeit, der auch für das Kommentieren und Überprüfen von Videospielen bekannt ist. Yutao Utsumi (derzeit Yutaka) diente als Assistent. Vom Juli bis 7. August war es auch bekannt als Ijūin Hikaru no Natsu Yasumi no Ousama, &quot;Hikaru Ijūin's Summer Vacation King&quot;. Nach April 1996 war es bekannt als Ijūin Hikaru no Kai Denpa Hasshin Kichi, &quot;Hikaru Ijūin's Mysterious Radio Transmission Base&quot;. Die Radiosendung umfasste Spiele, Musik, menschenbezogene Inhalte und hatte verschiedene Quizfragen. Weitere Informationen über das Magazin sind unklar, aber es scheint vulgäre, dunkle Humor- und sexuelle Elemente in seinem Inhalt enthalten zu haben, basierend auf den Screenshots und bestimmten Themen in der Show wie &quot;Ihre Familie verkaufen&quot;, &quot;Harnerfahrung&quot; und &quot;Diebgespräch&quot;
Ikari no Yousai (Japan) (7-5)	Ikari no Yousai ist ein herunterladbares Spiel mit eingeschränkter Ansicht für die Satellaview, das zwischen dem 1. Februar 1998 und dem 19. Dezember 1998 in mindestens 2 Auflagen ausgestrahlt wurde.
Jewel of Live (Japan)	Jewel of Live ist der erste Teil der Übertragung von RPG Tsukuru, im Westen bekannt als RPG Maker, auf der Satellaview. Sowohl eine RPG-Erstellungssoftware als auch ein Videospiel, es bietet eine reiche Geschichte und schöne Grafiken.
Jewel of Live II (Japan)	Jewel of Live II ist der zweite Teil der Übertragung von RPG Tsukuru, im Westen als RPG Maker bekannt, auf der Satellaview. Sowohl eine RPG-Erstellungssoftware als auch ein Videospiel, es bietet eine reiche Geschichte und schöne Grafiken.
Kaizou Choujin Shubibinman Zero (Japan) (6-4)	Eine Fortsetzung der Shubibinman Turbografx-Action-Plattformer, die exklusiv für die SNES entwickelt wurden. Eine neue Bande von Cyborg-verstärkten Schlägern bedroht den Frieden in der Stadt, also beschließt &quot;Doc&quot;, seine neuesten Kreationen zu testen: Raita und Azuki, indem er sie schickt, um alle Bösewichte zu zerstören und den Frieden wiederherzustellen. Das Spiel spielt als 2D-Action-Plattformer wie frühere Einträge in der Serie, in der Sie durch jede Phase gehen, um Feinde zu schlagen und Power-Ups zu sammeln, um Ihre Kräfte zu verbessern. Jetzt hat jeder Charakter zum ersten Mal einzigartige Fähigkeiten und Angriffe, außerdem hat jeder Charakter einen Ladeangriff, der verwendet werden kann, um Ihren Partner zu beleben und so das Teamplay im kooperativen Modus für zwei Spieler zu fördern.
Kessen! Dokapon Oukoku IV - Densetsu no Yuusha-tachi (Japan) (8-3)	Kessen! Dokapon Okukoku IV: Densetsu no Yuusha Tachi (&quot;Entschlossene Schlacht! Dokapon Kingdoms IV: Legend of Heroes&quot;) ist eine Mischung aus einem RPG und einem Multiplayer-Brettspiel. Die Spieler bewegen ihre Helden um das Brett, gewinnen Levels und finden Ausrüstung und retten schließlich ein Königreich vor eindringenden Monstern. Das Ziel ist es, die Zielmonster vor den anderen Spielern zu schlagen.
Kid Klown no Crazy Chase (Japan) (5-9)	Kid Klown in Crazy Chase ist ein Plattform-Videospiel, das von Kemco für das Super Nintendo Entertainment System entwickelt und veröffentlicht wurde. Es wurde im September 1994 in Nordamerika, Japan am 21. Oktober 1994 und 1994 in Europa veröffentlicht. Das Spiel zeigt den Kid Klown, den Spielercharakter, der damit beauftragt ist, die Prinzessin Honey vor dem Bösewicht Black Jack zu retten. Die Spieler betrachten das Gameplay aus einer isometrischen Perspektive, während Kid Klown eine beleuchtete Sicherung verfolgt, um zu stoppen, dass sie eine Spatenbombe erreicht. Das Spiel wurde für den Game Boy Advance neu veröffentlicht und bietet 11 neue Levels, vier Minispiele und einen Multiplayer-Modus.
Kiki Kaikai - Nazo no Kuro Manteau (Japan) (6-6)	Dies ist die japanische Version von Pocky und Rocky. Ein Mädchen aus dem Heiligtum und ein Kobold Nopino untersuchen, warum sich die anderen Kobolde schlecht verhalten. Dies ist ein wirklich gutes und lustiges Shoot-em-up.
Kirby no Omochabako - Arrange Ball (Japan)	Der Spieler hat das Ziel, kugelförmige Kirbys in die neun Löcher zu werfen, die von Mr. Frostys besetzt sind. Der Spieler erhält eine bestimmte Anzahl von Kirbys zum Starten, und das Spiel endet, wenn ihm die Kirbys ausgehen, um zu schießen. Der Spieler kann wählen, wie viel Kraft er in jeden Schuss stecken soll. Punkte werden vergeben, wenn der Spieler drei Kirbys in Folge landet - je mehr Reihen der Spieler vervollständigt, desto mehr Punkte erhält er.
Kirby no Omochabako - Baseball (3-13) + Kirby no Omochabako - Ball Rally (Premiere) (1996-2-25) (Japan) [b]	Kirby's Toy Box ist der übersetzte Name aus einer kleinen Reihe von Kirby-Unterspielen mit dem Titel (Kabi no Omochabako, bedeutet Kirby's Toy Box) in Japan. Die Kirby's Toy Box-Serie wurde auf der ersten digitalen Vertriebsform von Nintendo, dem Satellitennetz Satellaview, ausgestrahlt, und je nachdem, wann sich der Spieler mit dem Netzwerk verbindete, waren verschiedene Spiele zu unterschiedlichen Zeiten verfügbar. Diese Spiele konnten auf die Satellaview-Basiseinheit oder auf eine mit dem Satellaview kompatible 8-Megabit-rebeschreibbare ROM-Patrone &quot;Memory Pak&quot; heruntergeladen werden. Da diese Spiele nicht die SoundLink Live-Audio-Streaming-Technologie verwendeten, die von anderen Satellaview-Spielen verwendet wurde, konnten sie nach dem Herunterladen jederzeit nach der Übertragung abgespielt werden, solange sie nicht gelöscht oder überschrieben wurden.
Kirby no Omochabako - Baseball (Japan) (Premiere) (1996-2-9)	Kirby's Toy Box ist der übersetzte Name aus einer kleinen Reihe von Kirby-Unterspielen mit dem Titel (Kabi no Omochabako, bedeutet Kirby's Toy Box) in Japan. Die Kirby's Toy Box-Serie wurde auf der ersten digitalen Vertriebsform von Nintendo, dem Satellitennetz Satellaview, ausgestrahlt, und je nachdem, wann sich der Spieler mit dem Netzwerk verbindete, waren verschiedene Spiele zu unterschiedlichen Zeiten verfügbar. Diese Spiele konnten auf die Satellaview-Basiseinheit oder auf eine mit dem Satellaview kompatible 8-Megabit-rebeschreibbare ROM-Patrone &quot;Memory Pak&quot; heruntergeladen werden. Da diese Spiele nicht die SoundLink Live-Audio-Streaming-Technologie verwendeten, die von anderen Satellaview-Spielen verwendet wurde, konnten sie nach dem Herunterladen jederzeit nach der Übertragung abgespielt werden, solange sie nicht gelöscht oder überschrieben wurden.
Kirby no Omochabako - Cannon Ball (Japan)	Kirby no Omochabako: Cannonball ist eines der Kirby no Omochabako (Kirby's Toy Box) Minispiele für den Satellaview-Service. Der Spieler steuert einen riesigen Roboter, der darauf abzielt, einen anderen riesigen Roboter zu zerstören und Kirbys als Munition zu verwenden. Ähnlich wie bei der Worms-Franchise gibt es Gelände, das auf eine Weise zerstört werden kann, die dem Spieler helfen kann (d.h. indem ihm mehr Platz zum Feuer gegeben wird).
Kirby no Omochabako - Guruguru Ball (Japan)	Das Spiel beinhaltet das Senden von Kirbys durch eine lange Pfeife, die um den Mittelboss Efreeti herum entworfen ist. Der Spieler muss Kirby in einem möglichen Loch mit der höchsten Punktzahl landen und kann frühere Löcher mit der richtigen Geschwindigkeit vermeiden.
Kirby no Omochabako - Hoshi Kuzushi (Japan)	Ein Spiel im Breakout-Stil, in dem der Spieler Kirby mit Rick-ähnlichen Charakteren kontrolliert, die das Paddel halten. Es gibt sechs Stufen, mit König Dedede als Chef der Stufe 6.
Kirby no Omochabako - Pachinko (Japan)	In diesem Spiel müssen Sie Kirby durch einen Pachinko (eine Art Flipper/Spielautomat) schicken. Schick Kirby in bestimmte &quot;Felder&quot;, um deine Punktzahl zu erhöhen und Bonuspunkte zu erhalten, und gewinne noch mehr Punkte beim Treffen des großen Kirby in der Mitte des Spielbretts.
Kirby no Omochabako - Pinball (Japan)	Ein Kirby-Flipperspiel mit verschiedenen Charakteren aus der Serie wie King Dedede, Mr. Frosty und Kracko. Die Spieler müssen Kirby kontrollieren, der zum Flipperball wird...
Kodomo Chousadan Mighty Pockets - Chousa 1 - Junk-ya Black no Ie (Japan) (SoundLink)	Kodomo Chousadan Mighty Pockets ist ein Brettspiel mit einem Detektivmotiv, das dem Spiel Clue ähnelt. Die Spielregeln sind jedoch erheblich unterschiedlich. Während des gesamten Spiels wird die SoundLink-Erzählung verwendet, einschließlich Rapping über Michael Jackson-Soundproben und Remixe des amerikanischen Fernsehens der 1950er Jahre.
Kodomo Chousadan Mighty Pockets - Chousa 2 - Hanzai Toshi Big Apple (Japan) (SoundLink)	Kodomo Chousadan Mighty Pockets ist ein Brettspiel mit einem Detektivmotiv, das dem Spiel Clue ähnelt. Die Spielregeln sind jedoch erheblich unterschiedlich. Während des gesamten Spiels wird die SoundLink-Erzählung verwendet, einschließlich Rapping über Michael Jackson-Soundproben und Remixe des amerikanischen Fernsehens der 1950er Jahre.
Kodomo Chousadan Mighty Pockets - Chousa 3 - Kyakusen Queen Patra no Nazo (Japan) (1998-3-24) (SoundLink)	Kodomo Chousadan Mighty Pockets ist ein Brettspiel mit einem Detektivmotiv, das dem Spiel Clue ähnelt. Die Spielregeln sind jedoch erheblich unterschiedlich. Während des gesamten Spiels wird die SoundLink-Erzählung verwendet, einschließlich Rapping über Michael Jackson-Soundproben und Remixe des amerikanischen Fernsehens der 1950er Jahre.
Koi wa Balance - Tatoeba K-kun no Tabou na Ichinichi Hen (Japan)	Koi wa Balance: Tatoeba K-kun no Tabou na Ichinichi Hen ist ein herunterladbares Spiel für die Satellaview, das erstmals am 27. Januar 1996 ausgestrahlt wurde. Das Spiel ist ein Brettspiel und enthält unter anderem Gaspar und Johnny aus dem früheren Square-Titel Chrono Trigger.
Konae-chan no Dokidoki Penguin Kazoku (Japan) (12-22)	Konae-chan no DokiDoki Pengin Kazoku ist ein herunterladbares Event-Spiel, das von Pax Softnica für die Satellaview entwickelt wurde. Es spielt Konae und wurde als Bindung zum Radioprogramm &quot;If Tomorrow Comes...&quot; verteilt.
Konae-chan no Dokidoki Penguin Kazoku - Event-ban (Japan) (1-4)	Konae-chan no DokiDoki Pengin Kazoku ist ein herunterladbares Event-Spiel, das von Pax Softnica für die Satellaview entwickelt wurde. Es spielt Konae und wurde als Bindung zum Radioprogramm &quot;If Tomorrow Comes...&quot; verteilt.
Kouryaku Casino Bar Mokuyoubi - Poker (Japan)	Besuchen Sie die verschiedenen Casinos dieses Spieles, um mit Ihrem Satellaview-Avatar so viel Geld wie möglich zu gewinnen...
Kouryaku Casino Bar Suiyoubi - Poker (10-4) + Kouryaku Casino Bar Kinyoubi - Slots (10-6) (Japan)	In diesem anderen Casinospiel, auf das Sie mit Ihrem Satellaview-Avatar zugreifen können, können Sie Roulette wie in einem echten Casino spielen. Aber passen Sie auf, dass Sie nicht Ihr ganzes Geld auf einmal verspielen...
Lemmings (Japan) (En)	Tausende von Lemmingen sind auf freiem Fuß und marschieren auf das Aussterben zu, es sei denn, Sie können sie retten. Ohne ihre eigenen Köpfe sind sie völlig hilflos und folgen ihrem Anführer treu durch 125 Ebenen von lodernden Bränden, endlosen Schluchten, tödlichen Tunneln und alten Ruinen. Sie oder Sie und ein Freund können den Lemmings befehlen, zu graben, zu klettern, zu tunneln, zu schwimmen und ihren Weg in Sicherheit zu bauen. Aber Sie müssen sich schnell bewegen, denn in jedem Moment, in dem Sie zögern, können mehr Lemminge von oben fallen!
Let's Pachinko Nante Gindama 1 (Japan) (9-5)	Let's Pachinko: Nante Gindama ist ein herunterladbares Spiel mit limitierter Anzahl von Ansichten für Satellaview, das erstmals am 1. Februar 1998 und dann am 28. November 1998 ausgestrahlt wurde. Der Pachinko, eine Art Flipper-Slot-Maschine, ist eine traditionelle Maschine in den japanischen Arcade-Sälen. Im Glücksspiel bewegt sich die Metallkugel auf einem Brett und bringt dem Spieler mehr oder weniger Punkte, je nachdem, wo sie aufhört.
Let's Pachinko Nante Gindama 2 (Japan) (11-8)	Let's Pachinko: Nante Gindama ist ein herunterladbares Spiel mit limitierter Anzahl von Ansichten für Satellaview, das erstmals am 1. Februar 1998 und dann am 28. November 1998 ausgestrahlt wurde. Der Pachinko, eine Art Flipper-Slot-Maschine, ist eine traditionelle Maschine in den japanischen Arcade-Sälen. Im Glücksspiel bewegt sich die Metallkugel auf einem Brett und bringt dem Spieler mehr oder weniger Punkte, je nachdem, wo sie aufhört.
Let's Pachinko Nante Gindama 3 (Japan) (9-15)	Let's Pachinko: Nante Gindama ist ein herunterladbares Spiel mit limitierter Anzahl von Ansichten für Satellaview, das erstmals am 1. Februar 1998 und dann am 28. November 1998 ausgestrahlt wurde. Der Pachinko, eine Art Flipper-Slot-Maschine, ist eine traditionelle Maschine in den japanischen Arcade-Sälen. Im Glücksspiel bewegt sich die Metallkugel auf einem Brett und bringt dem Spieler mehr oder weniger Punkte, je nachdem, wo sie aufhört.
Let's Pachinko Nante Gindama 4 (Japan) (3-21)	Let's Pachinko: Nante Gindama ist ein herunterladbares Spiel mit limitierter Anzahl von Ansichten für Satellaview, das erstmals am 1. Februar 1998 und dann am 28. November 1998 ausgestrahlt wurde. Der Pachinko, eine Art Flipper-Slot-Maschine, ist eine traditionelle Maschine in den japanischen Arcade-Sälen. Im Glücksspiel bewegt sich die Metallkugel auf einem Brett und bringt dem Spieler mehr oder weniger Punkte, je nachdem, wo sie aufhört.
Logos Panic Goaisatsu BS Ban (Japan)	Ein Puzzlespiel, das sich auf die Kenntnisse des Spielers über Kanji und die japanische Sprache stützt: Der Spieler muss Sätze mit einer Liste von Kanji bilden. Die Charaktere wurden von Kotobuki Shiriagari entworfen, einem Mangaka, der für seinen dunklen Humor und seine Sozialkritik bekannt ist.
Lord Monarch (Japan) (6-1)	Lord Monarch ist ein Echtzeitstrategiespiel. In diesem umfangreichen Spiel musst du ein ganzes Königreich verwalten. Ob du nun Ressourcen sammelst, neue Gebäude errichtest oder das Geld des Königreichs verwaltest, du musst dich sorgfältig um deine Herde kümmern. Hinter den Grenzen Ihres Landes befinden sich natürlich andere Königreiche, die sich ebenfalls entwickeln. Sie müssen also bereit sein, Ihr Land zu verteidigen und vielleicht sogar die anderen zu überrumpeln, indem Sie gegen sie kämpfen, um die Grenzen Ihres Königreichs zu erweitern. Das Spiel war für begrenzte Zeit für den Satellaview herunterladbar und wurde zwischen dem 20. Dezember 1997 und dem 31. März 1998 mindestens zweimal ausgestrahlt.
Mario Paint - BS Ban (Japan) (6-4)	Mario Paint BS Ban ist ein herunterladbares Spiel für die Satellaview, das zwischen dem 3. August 1997 und dem 30. August 1997 1998 lief. Das Spiel ist ein Malwerkzeug und fungiert als Pseudo-Fortsetzung des Spiels Mario Paint aus dem Jahr 1992. Zwischen dem 2. November 1997 und dem 22. November 1997 fand der &quot;Mario Paint BS Ban Contest&quot; statt und die Übertragungen des Spiels wurden von einem digitalen Magazin begleitet, das sich auf den Wettbewerb bezieht. Die Ergebnisse des Wettbewerbs wurden zwischen dem 28. Dezember 1997 und dem 31. Januar 1998 in Form eines zweiten digitalen Magazins ausgestrahlt, das die Veröffentlichung von Mario Paint BS Ban - Yuushou Sakuhin Naizou Version begleitete.
Mario Paint - Yuushou Naizou Ban (Japan)	Eine modifizierte Version des ursprünglichen Mario Paint BS Ban, die das Gewinnerdesign aus einem Wettbewerb enthält, der 1997 in Japan stattfand. Das Gewinnerbild wurde von einem in Tokio lebenden Spieler namens Hiroko Mizota entworfen und trägt den Titel &quot;Dreaming of the Moon&quot;.
Monopoly 2 BS - Red Cup (Japan)	Monopoly (Japan) ist ein Spiel, das von der Tomy Corporation entwickelt und veröffentlicht wurde.
Monopoly 2 BS - Yellow Cup (Japan)	Monopoly ist eine Adaption des berühmten Immobilien-Akquisitions-Brettspiels, das von der Tomy Corporation entwickelt und veröffentlicht wurde
New 3D Golf Simulation - Waialae no Kiseki (Japan) (1997-10-28)	Meistern Sie die Winde von Waialae! Steigen Sie zum ersten Tee auf und spüren Sie Hawaiis Winde. Dies ist Waialae-18 Löcher der Meisterschaftsaktion, gespielt vor der glitzernden Kulisse des Pazifiks. Jeder Schlag testet Ihre Golfstrategie. Sollten Sie groß vom Abschlag schlagen oder sich mit einem Bügeleisen hinlegen? Backspin für Biss hinzufügen? Chip-and-Roll vom Rand? Mit True Golf können Sie jeden Schlag in Ihrem Spiel perfektionieren. Jedes Loch erscheint im perfekten Detail. Entdecken Sie Waialaes tief gestreckte Bunker auf marmorfarbenen Grüns. Unsicher über die Strategie? Suchen Sie nach Tipps vom Club-Profi. Jede Runde bietet eine neue Herausforderung. Konkurrieren Sie mit Profis oder stellen Sie einen Vierer von Freunden auf. Überprüfen Sie den Wind, untersuchen Sie die neuen Stiftplatzierungen. In True Golf ist jede Runde ein ganz neues Spiel.
New Yatterman - Nandai Kandai Yajirobee (Japan) (Demo) (1996-5-5)	&quot;New Yatterman: Nandai Kandai Yajirobee&quot; ist ein Spiel für Super Famicom, das sich auf den Multiplayer konzentriert und auf der Yatterman-Anime-Serie aus den 70er Jahren basiert. Yatterman stellt ein Team von drei Helden vor, die alle Yatterman genannt werden und versuchen, das Team der Superschurken Doronbo (auch eine Gruppe von drei) zu schlagen, um eine Reihe von scheilförmigen Münzen zu erhalten, die den Weg zu einem riesigen versteckten Glück aufdecken. Helden verwenden oft Spielzeug und Mech, um ihre inkompetenten Gegner zu besiegen, wie die Kendamagic des männlichen Protagonisten. Das Spiel ähnelt der Serie Spy vs. Spy von First Star, in dem Sinne, dass beide Teams versuchen, zuerst den Schatz zu erreichen. Sie können ihren Gegnern durch eine Reihe von Fallen im Weg stehen, von denen einige bedingte Verwendungen haben. Durch die Platzierung von Minen und das Werfen von Raketen kann der Spieler die Gesundheit seiner Gegner verringern und sie daran hindern, fortzufahren. Wenn sich die beiden Teams treffen, kämpfen sie in einem Drei-gegen-Drei-Teamkampf, wobei die Verliererseite einen großen Schlag auf die Gesundheit erleidet. Das Spiel kann im Einzelspiel (wie das Yatterman-Team oder das Doronbo-Team) oder im Multiplayer gespielt werden.
Nintama Rantarou 2 (Japan) (1-29)	Rantarou, Shinbei und Kirimaru, angehende Ninjas trainieren in der Ninja-Schule (Ninja Gakuen), wo die höchsten Ränge Nintama genannt werden. Das Trio zieht es jedoch lieber vor, ihre Zeit damit zu verbringen, Spaß zu haben, zu essen oder Geld zu verdienen! Ihr Alltag wird hektisch sein zwischen ihrem Wunsch, das zu tun, was sie wollen, und ihrer Pflicht als Ninja-Lehrlinge.
Panel de Pon - Event '98 (Japan) (1998-1-11)	Panel de Pon Event '98 ist ein herunterladbares Spiel für Satellaview, das am 31. Januar 1998 veröffentlicht wurde. Panel de Pon Event '98 ist eine leicht modifizierte Sonderausgabe des Spiels Panel de Pon.
Panel de Pon - Event Version 2 (Japan) (1996-1-28)	Panel de Pon Event '98 ist ein herunterladbares Spiel für Satellaview, das am 31. Januar 1998 veröffentlicht wurde. Panel de Pon Event '98 ist eine leicht modifizierte Sonderausgabe des Spiels Panel de Pon.
Radical Dreamers - Nusume Nai Houseki (Japan) (2-24)	Dieses textbasierte Abenteuer (mit einigen interessanten Hintergrundgrafiken) wurde ursprünglich in Japan über das Satellaview-System veröffentlicht. Das Spiel ist ein Spin-off der Chrono-Serie und war der Vorläufer von Chrono Cross. Es erzählt die Geschichte von Serge (reisender Musiker), Kid (Dieb) und Magil (Zauberer), die versuchen, die gefrorene Flamme von Viper Manor zu stehlen. Enthält mehrere, oft humorvolle Enden. Das Gameplay ist etwas zwischen einem Standard-Textadventure und einem Choose Your Own Adventure-Buch. Anstatt eine vollständige Palette möglicher Aktionen zu haben, sind die Spieler auf die verschiedenen Optionen beschränkt, die sie jederzeit bieten. Mit neu entdeckten Gegenständen und Informationen können neue Bereiche erreicht werden. Gelegentlich kommt es während der Erkundung zu Kämpfen, die auch durch die Anzeige mehrerer möglicher Aktionen zur Auswahl, wie &quot;Rennen&quot; oder &quot;Zurückspringen, während es schwingt!&quot;
Rika & Hitomi (3-29) + Tamori no Picross (1995-8-1) (Japan) (SoundLink Magazine, Game)	Diese Super Nintendo-Version des berühmten Bild-Kreuzworträtsels wurde ursprünglich nur in Japan veröffentlicht und bietet Hunderte von entspannenden, aber auch herausfordernden Rätseln. Jedes Picross-Puzzle besteht aus einem nummerierten Raster, von dem jedes Feld ein Bild enthüllt, wenn es richtig ausgefüllt ist. Beobachten Sie im Hauptmodus Mario gut: Seine Bewegungen zeigen Ihnen, ob Sie auf dem richtigen Weg sind oder Zeit verschwenden. Im schwierigeren Wario-Modus bekommst du dagegen keine Hilfe von außen... also sei vorsichtig! Spielen Sie alleine oder mit einem Freund, der Ihnen über den zweiten Gamepad helfen kann.
Satella Walker - Dai-2-wa - Machi no Heiwa o Torimodose! (Japan) (SoundLink)	SatellaWalker (auch bekannt für seine Kurzschrift, SW) ist ein herunterladbares 2-teiliges Soundlink-Spiel für Satellaview, das zwischen dem 29. Juni 1997 und dem 2. Januar 1998 ausgestrahlt wurde. Die Übertragung des Spiels im Januar war das Ergebnis, dass er der erste Gewinner der Wahl des dritten Spielers war. SatellaWalker folgte eine Fortsetzung, SatellaWalker 2, im Februar 1998.
SD Gundam G Next - Map Data (Japan) (2-7) (Data Pack)	Ein Erweiterungsset für SD Gundam GNext auf der Super Famicom, für die das Originalspiel zum Spielen erforderlich ist. Enthält zusätzliche Missionen und Einheiten, heutzutage würde dies als DLC betrachtet werden.
SD Gundam G Next - MS Data (Japan) (1-16) (Data Pack)	Ein Erweiterungsset für SD Gundam GNext auf der Super Famicom, für die das Originalspiel zum Spielen erforderlich ist. Enthält zusätzliche Missionen und Einheiten, heutzutage würde dies als DLC betrachtet werden.
Shanghai - Banri no Choujou (Japan) (5-27)	Shanghai: Banri no Choujou ist ein Spiel zum Herunterladen mit eingeschränkter Sichtweite für Satellaview, das zwischen dem 15. November 1998 und dem 28. November 1998 veröffentlicht wurde.
Sonic Blast Man (Japan)	In diesem Side-Scrolling-Shooter schlüpfen Sie in die Rolle von Sonic Blast Man, einem Superhelden, und kämpfen gegen verschiedene Formen des Bösen. Neben den typischen Schlag-, Sprung- und Trittbewegungen verfügt Sonic Blast Man auch über zwei spezielle Power-Moves: Dynamite Punch und Screw Bomb. Du reist durch fünf verschiedene Level und kämpfst gegen Feinde, die von lokalen Ganoven bis hin zu Robotern und sogar Aliens aus dem Weltall reichen.
Sound Journal for Lovers - Valentine Special Vol. 1 (Japan) (4-14) (SoundLink Magazine)	Sound Journal for Lovers besteht aus einer Reihe von Texten und Bildern, welche die Musik, die während der St.GIGA-Sendestunde gespielt wurde, begleitet haben. Der größte Teil des Inhalts besteht aus Bildschirmen, die eine Liste der Interpreten und der Liedtexte anzeigen und nach oben scrollen. Von den kleineren Interaktionen, die dem Spieler zur Verfügung stehen, wechselt eine Umschaltoption die Liedtexte von Englisch zu einer japanischen Übersetzung. Die vorgestellten Künstler sind Stevie Wonder, Paul Simon, Phil Collins, The Bee Gees und zahlreiche andere.
Sousa Sentai Wappers - Extra Mission (Japan) (Magazine)	Sousa Sentai Wappers ist ein herunterladbares digitales Magazin, das in mindestens 6 Segmenten zwischen dem 19. April 1998 und dem 20. September 1998 für Satellaview ausgestrahlt wurde.
Sousa Sentai Wappers - Mission 01 (Japan) (Magazine)	Sousa Sentai Wappers ist ein herunterladbares digitales Magazin, das in mindestens 6 Segmenten zwischen dem 19. April 1998 und dem 20. September 1998 für Satellaview ausgestrahlt wurde.
Sousa Sentai Wappers - Mission 02 (Japan) (Magazine)	Sousa Sentai Wappers ist ein herunterladbares digitales Magazin, das in mindestens 6 Segmenten zwischen dem 19. April 1998 und dem 20. September 1998 für Satellaview ausgestrahlt wurde.
Special Tee Shot (Japan) (En) (4-25)	BS Special Tee Shot è un gioco che era inizialmente previsto per essere rilasciato su SNES, ma alla fine è stato realizzato esclusivamente per il servizio Satellaview del Super Famicom. Il personaggio giocante era poco ispirato, essendo semplicemente una sfera rossa che rimbalzava. Nonostante il gioco sia stato rifatto con i personaggi di Kirby, ci sono notevoli differenze tra i due titoli, tra cui il concetto di gioco complessivo e i livelli. Ad esempio, in questo gioco, l'obiettivo era semplicemente quello di colpire la palla nella buca, mentre nel gioco di Kirby si vuole scontrarsi con i nemici per distruggerli. Tuttavia, nonostante ciò, i giochi condividono molte somiglianze, come la grafica e il modo in cui il giocatore controlla la palla. Curiosamente, Special Tee Shot è stato presentato non solo nelle riviste, ma anche sul retro delle confezioni SNES come pubblicità, prima di essere cancellato e riportato con personaggi di Kirby. Va anche notato che prima di essere intitolato Kirby's Dream Course, il gioco era ufficialmente chiamato Kirby's Tee Shot.
Spriggan Powered BS - Dai-3-wa (Japan) (SoundLink)	Eine Demo des Spriggan Powered Super Famicom-Spiels. Es zählt nur die erste Ebene des Einzelhandelsspiels (das mehrmals wiederholt werden kann) und einige Story- und manuelle Texte mit Hintergrundbildern als Intro. Außerdem gibt das Spiel dem Spieler ein Passwort für die Punktzahl nach jedem Durchspielen der ersten Ebene, die wahrscheinlich mit einem Highscore-Wettbewerb verbunden war. Dies ist ein Soundlink-Spiel (die Musik wurde live über den Dienst gestreamt), so dass es keine andere Musik als SFX in der erhaltenen Rom gibt.
Spriggan Powered BS - Prelude (Japan) (SoundLink)	Eine Demo des Spriggan Powered Super Famicom-Spiels. Es zählt nur die erste Ebene des Einzelhandelsspiels (das mehrmals wiederholt werden kann) und einige Story- und manuelle Texte mit Hintergrundbildern als Intro. Außerdem gibt das Spiel dem Spieler ein Passwort für die Punktzahl nach jedem Durchspielen der ersten Ebene, die wahrscheinlich mit einem Highscore-Wettbewerb verbunden war. Dies ist ein Soundlink-Spiel (die Musik wurde live über den Dienst gestreamt), so dass es keine andere Musik als SFX in der erhaltenen Rom gibt.
Star Soldier - 2 Minute Mode (Japan) (En)	Eine Satellaview-Portierung des Famicom-Spiels &quot;Star Soldier&quot;, insbesondere des 2-minütigen Caravan-Modus. Über diese Version ist nicht viel bekannt, noch ob es viele andere 8-Bit-Spiele gab, die auf dem Dienst ausgestrahlt wurden.
Super Aleste (Japan)	Die aufregende Geschwindigkeit des Spiels ist das attraktivste Merkmal. Die feindlichen Bewegungen sind schnell. Ihre Schüsse und die Schüsse der Feinde sind schnell. Schließlich ist das Scrollen schnell. Der mit Kampfaktion gefüllte Bildschirm ist einfach überfüllt mit Hochgeschwindigkeits-Schieß-Aufregung. Darüber hinaus gibt es das Schusskontrollsystem, das mit der &quot;R&quot;-Taste betrieben wird. Sie können den Feind auf vielfältige Weise mit einer Waffe angreifen, die dieses System verwendet. Natürlich werden die Funktionen der Super Famicom wie Rotations-, Vergrößerungs- und Schrumpffunktionen in vollen Zügen genutzt und riesige Feinde, die nie zuvor möglich waren, sind in diesem aufregenden MEGA-Spiel verpackt!
Super Bomberman (Japan) (En) (5-3)	Nördlich der Stadt des Friedens (Bomberman City), in der modernen Metropole Diamond City, befindet sich der böse Carat Diamond und sein Hof, zusammen mit dem Wissenschaftler Dr. Mok hat eine Gruppe von Robotern mit offensiven Fähigkeiten zugewiesen. Mit der Absicht, Bombermans fortgeschrittene Kampffähigkeiten zu stehlen, schuf Diamond einen gefälschten Bomberman, um in die Stadt des Friedens zu gehen und den echten Bomberman zu entführen. Als er die Situation erkennt, bereitet sich Black Bomberman darauf vor, den gefälschten Bomberman allein zu übernehmen, wird aber am Ende besiegt und seine Burg eingenommen. Black Bomberman entkommt jedoch und findet Zuflucht bei White Bomberman und warnt ihn vor der bevorstehenden Gefahr. Bald nachdem die Welle feindlicher Roboter in Richtung der Stadt des Friedens vorzurücken beginnt, müssen sich die beiden Helden zusammenschließen, um dieses Übel zu besiegen.
Super E.D.F. (Japan)	Eine böse Organisation namens AGYMA bedroht den 200-jährigen Frieden, den die Galaxis genießt. Von ihrer Basis auf der anderen Seite des Mondes aus haben sie viele wichtige Orte auf der Erde infiltriert. Sie arbeiten für die Earth Defense Force und sind der alleinige Pilot eines Spezialschiffs, das zur Bekämpfung von AGYMA entwickelt wurde: der XA-1. Das Spiel ist ein Side-Scrolling-Shooter mit 6 Leveln und insgesamt 8 hochmodernen Waffen, mit denen Sie die Angriffe abwehren und AGYMAs Plan vereiteln können, die Erde zu zerstören und den Frieden im gesamten Kosmos zu stören.
Super Famicom Wars BS Ban - Hagoromo-jima (Japan)	Super Famicom Wars BS Ban ist ein aufrufbegrenztes herunterladbares Spiel für die Satellaview, das im April 1998 ausgestrahlt wurde.
Super Famicom Wars BS Ban - Noakazantou (Japan)	Super Famicom Wars BS Ban ist ein aufrufbegrenztes herunterladbares Spiel für die Satellaview, das im April 1998 ausgestrahlt wurde.
Super Famicom Wars BS Ban - Tsukinowa-jima (Japan)	Super Famicom Wars BS Ban ist ein aufrufbegrenztes herunterladbares Spiel für die Satellaview, das im April 1998 ausgestrahlt wurde.
Super Fire Pro Wrestling (Japan)	Eine Satellaview-Übertragung des Wrestling-Spiels Super Fire Pro Wrestling. Eines der frühen Werke von Goichi Suda (Suda 51), es verfügt über einen reichhaltigen Story-Modus, etwas Ungewöhnliches zu der Zeit für Wrestling-Spiele.
Super Formation Soccer (Japan) (8-5)	Eine Satellaview-Übertragung von Human's Super Famicom-Version seiner Fußball-Franchise, Formation Soccer. Das Spiel wurde bei der Veröffentlichung für seine revolutionäre Top-Down-Ansicht gelobt, die die Zoom- und Perspektivenfunktionen des Modus 7 in großem Nutzen macht.
Super Mahjong Taikai (9-27) + Super Bowling (9-27) (Japan)	Super Mahjong Taikai ist ein Nachfolger von Mahjong Taikai. Die Struktur und das Gameplay des Spiels sind fast identisch mit denen des Vorgängers. Zu den Unterschieden gehören die Möglichkeit, ein Porträt der Hauptfigur (männlich oder weiblich) auszuwählen, und einige zusätzliche historische Figuren, gegen die man antreten kann: So gibt es neben dem mittelalterlichen japanischen Kriegsherrn Oda Nobunaga nun auch Toyotomi Hideyoshi und Tokugawa Ieyasu, berühmte historische Figuren aus derselben Zeit. Auch die Riege der modernen Charaktere (insbesondere Entwickler wie Kou Shibusawa) wurde erweitert. Wie im Vorgängerspiel kann der große Turniermodus erst erreicht werden, wenn der Spieler in der Rangliste weit genug aufgestiegen ist.
Super Mahjong Taikai (Japan) (5-27)	Super Mahjong Taikai ist ein Nachfolger von Mahjong Taikai. Die Struktur und das Gameplay des Spiels sind fast identisch mit denen des Vorgängers. Zu den Unterschieden gehören die Möglichkeit, ein Porträt der Hauptfigur (männlich oder weiblich) auszuwählen, und einige zusätzliche historische Figuren, gegen die man antreten kann: So gibt es neben dem mittelalterlichen japanischen Kriegsherrn Oda Nobunaga nun auch Toyotomi Hideyoshi und Tokugawa Ieyasu, berühmte historische Figuren aus derselben Zeit. Auch die Riege der modernen Charaktere (insbesondere Entwickler wie Kou Shibusawa) wurde erweitert. Wie im Vorgängerspiel kann der große Turniermodus erst erreicht werden, wenn der Spieler in der Rangliste weit genug aufgestiegen ist.
Super Nazo Puyo Tsuu - Rulue no Tetsuwan Hanjouki (Japan) (Demo)	Puyo Puyo Tsuu BS Ban ist eine herunterladbare Spieldemo für die Satellaview. Es ist als Vorschau auf die Super Famicom-Einzelhandelsveröffentlichung Super Puyo Puyo Tsuu konzipiert. Als solches ist es im Grunde eine kleinere, begrenztere Variante dieses Spiels. In der Demo ist der Spielmodus auf ein VS. Match zwischen Arle und Satan beschränkt, das entweder Einzelspieler (mit Spieler 1 als Arle) oder in einem 2-Spieler-Wettbewerb gespielt werden kann.
Super Ninja-kun (Japan) (6-1)	Super Ninja Kun ist ein Action-/Plattformspiel, das von 2 Spielern gleichzeitig gespielt werden kann. Es ist eigentlich ein Remake des Spielhallenspiels Ninja Kun von 1984, aber mit einer Umsetzung, die des Nintendo 16 Bits würdig ist. Man steuert einen (oder zwei) kleine Ninja von der Seite, der das Ende eines jeden Levels erreichen und einen Endgegner bekämpfen muss. Sein Vorankommen wird durch zahlreiche Feinde erschwert, die von allen Seiten angreifen, aber er kann sich verteidigen, indem er Shuriken wirft und auf Feinde springt, um sie zu betäuben. Es ist auch möglich, zu laufen, indem man zweimal schnell in eine Richtung drückt. Jeder eliminierte Feind lässt eine Seele erscheinen. Durch das Einsammeln dieser Seelen füllt sich eine spezielle Leiste, die, wenn sie voll ist, eine Kraft hervorrufen kann. Nach jedem Level erhält man eine neue Waffe, die man jederzeit gegen die Shuriken austauschen kann.
Super Puyo Puyo (Japan) (11-3)	Puyo Puyo Tsuu BS Ban ist eine herunterladbare Spieldemo für die Satellaview. Es ist als Vorschau auf die Super Famicom-Einzelhandelsveröffentlichung Super Puyo Puyo Tsuu konzipiert. Als solches ist es im Grunde eine kleinere, begrenztere Variante dieses Spiels. In der Demo ist der Spielmodus auf ein VS. Match zwischen Arle und Satan beschränkt, das entweder Einzelspieler (mit Spieler 1 als Arle) oder in einem 2-Spieler-Wettbewerb gespielt werden kann.
Super Puyo Puyo Tsuu BS Ban (Japan) (12-3)	&quot;Puyo Puyo Tsuu BS Ban&quot; ist eine herunterladbare Demo für die Satellaview. Sie ist als Vorschau auf den kommerziellen Start auf Super Famicom von Super Puyo Puyo Tsuu konzipiert. Infolgedessen handelt es sich im Wesentlichen um eine kleinere, eingeschränkte Version dieses Spiels. In der Demo ist der Spielmodus auf ein VS.-Spiel zwischen Arle und Satan beschränkt, das sowohl als Einzelspieler (mit Spieler 1 als Arle) als auch in einem 2-Spieler-Wettbewerb gespielt werden kann.
Super Puyo Puyo Tsuu Remix (3-4) + Bakushow Mondai no Silicon Chounaikai (1997-2-1 and 1997-2-8) (Japan)	Puyo Puyo Tsuu BS Ban ist eine herunterladbare Spieldemo für die Satellaview. Es ist als Vorschau auf die Super Famicom-Einzelhandelsveröffentlichung Super Puyo Puyo Tsuu konzipiert. Als solches ist es im Grunde eine kleinere, begrenztere Variante dieses Spiels. In der Demo ist der Spielmodus auf ein VS. Match zwischen Arle und Satan beschränkt, das entweder Einzelspieler (mit Spieler 1 als Arle) oder in einem 2-Spieler-Wettbewerb gespielt werden kann.
Super Puyo Puyo Tsuu Remix (5-16) + Game Tora no Chou Ooana (1996-5-19, Part 2) (Japan) (Game, SoundLink Magazine)	Puyo Puyo Tsuu BS Ban ist eine herunterladbare Spieldemo für die Satellaview. Es ist als Vorschau auf die Super Famicom-Einzelhandelsveröffentlichung Super Puyo Puyo Tsuu konzipiert. Als solches ist es im Grunde eine kleinere, begrenztere Variante dieses Spiels. In der Demo ist der Spielmodus auf ein VS. Match zwischen Arle und Satan beschränkt, das entweder Einzelspieler (mit Spieler 1 als Arle) oder in einem 2-Spieler-Wettbewerb gespielt werden kann.
Super Tsumeshougi 1000 (Japan) (7-15)	Super Tsumeshougi 1000 ist die Satellaview-Version eines Shōgi-Spiels auf Super Nintendo. Dieses Spiel bietet spezielle Shōgi-Probleme, die mit der vorgegebenen Anzahl an Teile gelöst werden müssen.
Sutte Hakkun - 98 Fuyu Event Version (Japan) (1999-1-7)	Sutte Hakkun '98 ist ein Plattform-/Puzzlespiel, das 1998 in Japan veröffentlicht wurde. Wie der Titel des Spiels dies impliziert, ist es eine Art Fortsetzung der vorherigen: „Sutte Hakkun“ (November 1997) und „Sutte Hakkun Event Version“ (Oktober 1997). Zu diesem Titel: &quot;Sutte Hakkun '98&quot; (Dezember 1998) folgte einen Monat nach der Übertragung von &quot;Sutte Hakkun Version 2&quot;
Sutte Hakkun - BS Version 2 (Japan) (1-5)	&quot;Sutte Hakkun BS Version 2&quot; ist ein 1998 in Japan veröffentlichtes Plattform-/Puzzlespiel. Wie der Titel schon sagt, handelt es sich um eine Art Fortsetzung der früheren Titel &quot;Sutte Hakkun&quot; (November 1997) und &quot;Sutte Hakkun Event Version&quot; (Oktober 1997). Ein weiterer späterer Titel in derselben Serie, &quot;Sutte Hakkun '98&quot; (Dezember 1998), wurde kurz nach der Ausstrahlung von &quot;Sutte Hakkun Version 2&quot; veröffentlicht.
Sutte Hakkun - Event Version (Japan) (2-6)	Sutte Hakkun '98 ist ein Plattform-/Puzzlespiel, das 1998 in Japan veröffentlicht wurde. Wie der Titel des Spiels dies impliziert, ist es eine Art Fortsetzung der vorherigen: „Sutte Hakkun“ (November 1997) und „Sutte Hakkun Event Version“ (Oktober 1997). Zu diesem Titel: &quot;Sutte Hakkun '98&quot; (Dezember 1998) folgte einen Monat nach der Übertragung von &quot;Sutte Hakkun Version 2&quot;
Table Game Daisyugo!! Shougi Mahjong Hanafuda (Japan) (6-2)	Tischspiel Daishuugou!! (&quot;Tischspiel Großes Set!!) Ist eine Brettspiel-Zusammenstellung für die Super Famicom, die von Varie veröffentlicht wurde und einen Teil der Programmierung des Spiels an Natsu System vergeben hat. Es bietet fünf verschiedene Spiele: Mahjong, Shogi, &quot;zwei Seiten&quot; (reversi) und zwei Spiele, die mit Hanafuda-Karten gespielt werden. Jedes Spiel bietet die gleiche Auswahl von fünf KI-Gegnern, die jeweils immer intelligenter sind.
Tamori no Picross (1995-5-10) + Waiwai Check (1995-8-26, 8-26) (Japan)	Diese Super Nintendo-Version des berühmten Bild-Kreuzworträtsels wurde ursprünglich nur in Japan veröffentlicht und bietet Hunderte von entspannenden, aber auch herausfordernden Rätseln. Jedes Picross-Puzzle besteht aus einem nummerierten Raster, von dem jedes Feld ein Bild enthüllt, wenn es richtig ausgefüllt ist. Beobachten Sie im Hauptmodus Mario gut: Seine Bewegungen zeigen Ihnen, ob Sie auf dem richtigen Weg sind oder Zeit verschwenden. Im schwierigeren Wario-Modus bekommst du dagegen keine Hilfe von außen... also sei vorsichtig! Spielen Sie alleine oder mit einem Freund, der Ihnen über den zweiten Gamepad helfen kann.
Tamori no Picross (1995-5-3) + Game Tora no Ooana (1995-5-3) (Japan) (Game, SoundLink Magazine)	Diese Super Nintendo-Version des berühmten Bild-Kreuzworträtsels wurde ursprünglich nur in Japan veröffentlicht und bietet Hunderte von entspannenden, aber auch herausfordernden Rätseln. Jedes Picross-Puzzle besteht aus einem nummerierten Raster, von dem jedes Feld ein Bild enthüllt, wenn es richtig ausgefüllt ist. Beobachten Sie im Hauptmodus Mario gut: Seine Bewegungen zeigen Ihnen, ob Sie auf dem richtigen Weg sind oder Zeit verschwenden. Im schwierigeren Wario-Modus bekommst du dagegen keine Hilfe von außen... also sei vorsichtig! Spielen Sie alleine oder mit einem Freund, der Ihnen über den zweiten Gamepad helfen kann.
Tamori no Picross (1995-6-13) + AK LIVE Hit Gang (1995-5-30) (Japan) (Game, Magazine)	Diese Super Nintendo-Version des berühmten Bild-Kreuzworträtsels wurde ursprünglich nur in Japan veröffentlicht und bietet Hunderte von entspannenden, aber auch herausfordernden Rätseln. Jedes Picross-Puzzle besteht aus einem nummerierten Raster, von dem jedes Feld ein Bild enthüllt, wenn es richtig ausgefüllt ist. Beobachten Sie im Hauptmodus Mario gut: Seine Bewegungen zeigen Ihnen, ob Sie auf dem richtigen Weg sind oder Zeit verschwenden. Im schwierigeren Wario-Modus bekommst du dagegen keine Hilfe von außen... also sei vorsichtig! Spielen Sie alleine oder mit einem Freund, der Ihnen über den zweiten Gamepad helfen kann.
Tamori no Picross (1995-7-14) + SatellaQ (1995-7-21) + Machi Magazine (1995-7-21) (Japan)	Diese Super Nintendo-Version des berühmten Bild-Kreuzworträtsels wurde ursprünglich nur in Japan veröffentlicht und bietet Hunderte von entspannenden, aber auch herausfordernden Rätseln. Jedes Picross-Puzzle besteht aus einem nummerierten Raster, von dem jedes Feld ein Bild enthüllt, wenn es richtig ausgefüllt ist. Beobachten Sie im Hauptmodus Mario gut: Seine Bewegungen zeigen Ihnen, ob Sie auf dem richtigen Weg sind oder Zeit verschwenden. Im schwierigeren Wario-Modus bekommst du dagegen keine Hilfe von außen... also sei vorsichtig! Spielen Sie alleine oder mit einem Freund, der Ihnen über den zweiten Gamepad helfen kann.
Tamori no Picross (1995-8-13) + Bakushow Mondai no Houkago no Ousama - Kayoubi (1995-10-17) (Japan) (Game, SoundLink Magazine)	Diese Super Nintendo-Version des berühmten Bild-Kreuzworträtsels wurde ursprünglich nur in Japan veröffentlicht und bietet Hunderte von entspannenden, aber auch herausfordernden Rätseln. Jedes Picross-Puzzle besteht aus einem nummerierten Raster, von dem jedes Feld ein Bild enthüllt, wenn es richtig ausgefüllt ist. Beobachten Sie im Hauptmodus Mario gut: Seine Bewegungen zeigen Ihnen, ob Sie auf dem richtigen Weg sind oder Zeit verschwenden. Im schwierigeren Wario-Modus bekommst du dagegen keine Hilfe von außen... also sei vorsichtig! Spielen Sie alleine oder mit einem Freund, der Ihnen über den zweiten Gamepad helfen kann.
Tamori no Picross (Japan) (1995-5-10)	Diese Super Nintendo-Version des berühmten Bild-Kreuzworträtsels wurde ursprünglich nur in Japan veröffentlicht und bietet Hunderte von entspannenden, aber auch herausfordernden Rätseln. Jedes Picross-Puzzle besteht aus einem nummerierten Raster, von dem jedes Feld ein Bild enthüllt, wenn es richtig ausgefüllt ist. Beobachten Sie im Hauptmodus Mario gut: Seine Bewegungen zeigen Ihnen, ob Sie auf dem richtigen Weg sind oder Zeit verschwenden. Im schwierigeren Wario-Modus bekommst du dagegen keine Hilfe von außen... also sei vorsichtig! Spielen Sie alleine oder mit einem Freund, der Ihnen über den zweiten Gamepad helfen kann.
Treasure Conflix (Japan)	Halb Point-and-Click-Abenteuer, halb Mode7-Luftschiff-Action, In Schatz Conflix reist ein Schatzjägerheld um die Welt und absolviert Missionen, die dem Spieler Gold einbringen, das er für Upgrades für sein Luftschiff ausgeben kann. Diese Power-Ups helfen bei Missionen, die die Geschichte vorantreiben, in der Sie gezwungen sind, Horden anderer Luftschiffe und Bosse zu bekämpfen. Dieses Spiel ist exklusiv für den Download-Service satellaview und wurde nie in der Patrone veröffentlicht.
Tsuri Tarou (Japan)	Es spielt ähnlich wie Natsumes Legend of the River King-Serie, da der Spielercharakter damit beginnen muss, kleinere Fische zu fangen, um Upgrades zu bezahlen, um größere Fische zu landen und bessere Angelplätze zu erreichen.
Waiwai Check (1996-3-21, 3-27) (Rerun) + Yuki no Waiwai Kids (1996-3-16) (Japan)	WaiWai Check ist ein herunterladbares digitales Magazin, das 1995 in mindestens 3 Segmenten für die Satellaview ausgestrahlt wurde.
Waiwai Check (Japan) (1995-8-26, 8-26)	WaiWai Check ist ein herunterladbares digitales Magazin, das 1995 in mindestens 3 Segmenten für die Satellaview ausgestrahlt wurde.
Waiwai Check (Rerun) (1995-11-15, 11-17) + Kouryaku Casino Bar Nichiyoubi - Roulette (10-22) (Japan)	WaiWai Check ist ein herunterladbares digitales Magazin, das 1995 in mindestens 3 Segmenten für die Satellaview ausgestrahlt wurde.
Waiwai Check (Rerun) (1996-3-21, 3-21) + Game Tora no Chou Ooana (1996-3-31, Part 2) (Japan) (Game, SoundLink Magazine)	WaiWai Check ist ein herunterladbares digitales Magazin, das 1995 in mindestens 3 Segmenten für die Satellaview ausgestrahlt wurde.
Wario no Mori - Bakushou Version (Japan) (1995-4-24)	Dieses Puzzlespiel ist eine &quot;Pseudo-Fortsetzung&quot; von Wario's Woods und Wario no Mori Futatabi, in dem das Gesangstalent des japanischen Comedy-Duos Bakushō Mondai ins Licht gerückt wird.
Wario no Mori - Event Version 2 (Japan) (1995-8-27)	Dieses Puzzlespiel ist eine &quot;Pseudo-Fortsetzung&quot; von Wario's Woods und Wario no Mori Futatabi, in dem das Gesangstalent des japanischen Comedy-Duos Bakushō Mondai ins Licht gerückt wird.
Wario no Mori - Futatabi (Japan) (4-9)	Wario's Woods ist ein Puzzlespiel ähnlich wie Tetris oder Columns, aber mit einem Twist. Anstatt die herabfallenden Monster und Bomben direkt zu kontrollieren, steuert der Spieler Toad, der Stapel von Monstern und Bomben mit sich herumtragen und sie richtig kombinieren muss. Eine Bombe und mindestens zwei Monster derselben Farbe müssen kombiniert werden, um sie verschwinden zu lassen. Wenn fünf oder mehr Objekte gleichzeitig verschwinden, erscheint ein Diamant, der zerstört werden kann, um alle Monster mit der Farbe des Diamanten verschwinden zu lassen.
Wizardry V - Saika no Chuushin (Japan)	Trotz der größten Magie der alten Hohen Weisen durchdringen große Überschwemmungen, Erdbeben und Hungersnöte wieder das Land von Llylgamyn. Die große Orb von Llylgamyn, ein Artefakt von bemerkenswerter Macht, das die Stadt seit Ewigkeiten schützt, ist jetzt machtlos, die Geißel zu stoppen. Aber jetzt haben die Weisen entdeckt, dass der verborgene Grund hinter den Katastrophen beängstigender ist, als sich jemand hätte vorstellen können. Um die Welt, wie wir sie kennen, zu retten, müssen Sie und Ihre Partei in die................. Herz des Maelstroms.
Yoshi no Panepon - BS Ban (Japan) (En,Ja) (1-2)	Yoshi no Panepon BS Ban ist ein herunterladbares Spiel für die Satellaview, das zwischen dem 3. November 1996 und dem 30. Juni 2000 in mindestens 11 Auflagen ausgestrahlt wurde. Yoshi no Panepon BS Ban basiert auf dem Puzzle/Casual-Spiel von Panel de Pon und ist eine Lokalisierung der englischsprachigen Veröffentlichung Tetris Attack.
Yung Hakase no Shinsatsushitsu - Dai-1-gou (Japan) (Magazine)	Yung-hakase no Shinsatsushitsu ist ein herunterladbares digitales Magazin, das zwischen dem 28. Juni 1998 und dem 6. September 1998 in mindestens 4 Segmenten für die Satellaview ausgestrahlt wurde.
Yung Hakase no Shinsatsushitsu - Dai-2-gou (Japan) (Magazine)	Yung-hakase no Shinsatsushitsu ist ein herunterladbares digitales Magazin, das zwischen dem 28. Juni 1998 und dem 6. September 1998 in mindestens 4 Segmenten für die Satellaview ausgestrahlt wurde.
Yuuki Nae no GE-MU no Tsubo (1996-12-22) + Konae-chan no Dokidoki Penguin Kazoku (12-22) (Japan) (SoundLink Magazine, Game)	Yuuki Nae no GE-MU no Tsubo ist ein herunterladbares Soundlink-Magazin, das zwischen dem 28. April 1996 und dem 23. März 1997 für die Satellaview ausgestrahlt wurde. Das Magazin zeigte die stimmlichen Talente des Idols der 1990er Jahre, Nae Yuki, die seit 1995 mit St.GIGA zusammengearbeitet hatte, um Satellaview-Inhalte zu produzieren. Das Format/Konzept von GE-MU no Tsubo entwickelte sich aus einem früheren Yuki-Magazin mit dem Titel Yuuki Nae Ashita ni Nareba... during two April 1996 segments subtitled &quot;GE-MU no Tsubo&quot;.
Yuuki Nae no GE-MU no Tsubo (1996-6-2) + Game Tora no Chou Ooana (1996-6-2, Part 1) (Japan) (SoundLink Magazine)	Yuuki Nae no GE-MU no Tsubo ist ein herunterladbares Soundlink-Magazin, das zwischen dem 28. April 1996 und dem 23. März 1997 für die Satellaview ausgestrahlt wurde. Das Magazin zeigte die stimmlichen Talente des Idols der 1990er Jahre, Nae Yuki, die seit 1995 mit St.GIGA zusammengearbeitet hatte, um Satellaview-Inhalte zu produzieren. Das Format/Konzept von GE-MU no Tsubo entwickelte sich aus einem früheren Yuki-Magazin mit dem Titel Yuuki Nae Ashita ni Nareba... during two April 1996 segments subtitled &quot;GE-MU no Tsubo&quot;.
Yuuki Nae no GE-MU no Tsubo (1997-3-16) + Yuuki Nae no GE-MU no Tsubo (1997-3-23) (Japan) (SoundLink Magazine)	Yuuki Nae no GE-MU no Tsubo ist ein herunterladbares Soundlink-Magazin, das zwischen dem 28. April 1996 und dem 23. März 1997 für die Satellaview ausgestrahlt wurde. Das Magazin zeigte die stimmlichen Talente des Idols der 1990er Jahre, Nae Yuki, die seit 1995 mit St.GIGA zusammengearbeitet hatte, um Satellaview-Inhalte zu produzieren. Das Format/Konzept von GE-MU no Tsubo entwickelte sich aus einem früheren Yuki-Magazin mit dem Titel Yuuki Nae Ashita ni Nareba... during two April 1996 segments subtitled &quot;GE-MU no Tsubo&quot;.
Yuuki Nae no GE-MU no Tsubo (1997-3-23) + Yuuki Nae Ashita ni Nareba (1996-3-29) (Japan) (SoundLink Magazine) [b]	Yuuki Nae no GE-MU no Tsubo ist ein herunterladbares Soundlink-Magazin, das zwischen dem 28. April 1996 und dem 23. März 1997 für die Satellaview ausgestrahlt wurde. Das Magazin zeigte die stimmlichen Talente des Idols der 1990er Jahre, Nae Yuki, die seit 1995 mit St.GIGA zusammengearbeitet hatte, um Satellaview-Inhalte zu produzieren. Das Format/Konzept von GE-MU no Tsubo entwickelte sich aus einem früheren Yuki-Magazin mit dem Titel Yuuki Nae Ashita ni Nareba... during two April 1996 segments subtitled &quot;GE-MU no Tsubo&quot;.
Yuuki Nae no GE-MU no Tsubo (Japan) (1996-12-22) (SoundLink Magazine)	Yuuki Nae no GE-MU no Tsubo ist ein herunterladbares Soundlink-Magazin, das zwischen dem 28. April 1996 und dem 23. März 1997 für die Satellaview ausgestrahlt wurde. Das Magazin zeigte die stimmlichen Talente des Idols der 1990er Jahre, Nae Yuki, die seit 1995 mit St.GIGA zusammengearbeitet hatte, um Satellaview-Inhalte zu produzieren. Das Format/Konzept von GE-MU no Tsubo entwickelte sich aus einem früheren Yuki-Magazin mit dem Titel Yuuki Nae Ashita ni Nareba... during two April 1996 segments subtitled &quot;GE-MU no Tsubo&quot;.
Zelda no Densetsu - Kamigami no Triforce (Japan) (3-14)	Zelda no Densetsu: Kamigami no Triforce ist ein herunterladbares Spiel mit eingeschränkter Ansicht für die Satellaview, das zwischen dem 2. März 1997 und dem 29. Mai 2000 in mindestens 10 verschiedenen Läufen ausgestrahlt wurde. Im Gegensatz zu BS Zelda und Inishie no Sekiban verwendete Kamigami no Triforce keine SoundLink-Erzählung oder eine verbesserte Orchesterpartitur. Abgesehen von seiner physischen Form und der Hinzufügung von Satellaview-Headern zum Code ist das Spiel identisch mit der Hardware-Version, die am 21. November 1991 für die Super Famicom veröffentlicht wurde.
