#key	synopsis
3-ji no Wide Shou - 5 Gatsugou (Japan) (Magazine)	3 Ji no WIDE Shou è una rivista digitale scaricabile trasmessa in almeno 8 segmenti per Satellaview tra il 31 maggio 1998 e il 19 dicembre 1998. Questo titolo era disponibile per il download dalla posizione della stazione ferroviaria quando si utilizzava la cartuccia BS-X .
3-ji no Wide Shou - 6 Gatsugou (Japan) (Magazine)	3 Ji no WIDE Shou è una rivista digitale scaricabile trasmessa in almeno 8 segmenti per Satellaview tra il 31 maggio 1998 e il 19 dicembre 1998. Questo titolo era disponibile per il download dalla posizione della stazione ferroviaria quando si utilizzava la cartuccia BS-X .
Actraiser (Japan) (5-14)	ActRaiser (BS) è byte per byte identico alla versione giapponese rilasciata. Il giocatore assume il ruolo di &quot;The Master&quot;, il protagonista principale del gioco che non è direttamente controllato dal giocatore. Il giocatore controlla un angelo durante le fasi di simulazione e una statua animata durante le sequenze d'azione per interagire con &quot;The Master&quot;. nnLa modalità vista dall'alto viene utilizzata per guidare e proteggere la nuova civiltà del Maestro, che inizia con 2 umani. Questa fase del gioco chiede al giocatore di intraprendere azioni per incoraggiare la crescita della popolazione, ciò richiede la pianificazione di percorsi, utilizzando luce, pioggia, sole, vento e terremoti. L'angelo può interagire con i mostri usando le frecce per sconfiggerli, può anche dire dove costruire e usare miracoli.
AK LIVE Hit Gang (1995-4-28) + Game Tora no Ooana (1995-4-28) (Japan) (SoundLink Magazine)	Le trasmissioni di AK Live Hit Gang consistevano in vari media (grafica, canzoni, ecc.) Relativi alla band giapponese, AK LIVE, e avevano lo scopo di promuovere la band e la loro musica
AK LIVE Hit Gang (Japan) (1995-5-30) (Magazine)	Le trasmissioni di AK Live Hit Gang consistevano in vari media (grafica, canzoni, ecc.) Relativi alla band giapponese, AK LIVE, e avevano lo scopo di promuovere la band e la loro musica
Albert Odyssey (Japan) (5-31)	Albert Odyssey è un videogioco di ruolo tattico sviluppato e pubblicato dal Giappone nel marzo 1993. Il gioco presenta combattimenti basati sulla strategia oltre ai tradizionali elementi di gioco di ruolo in ambienti bidimensionali. Il gioco è stato ripubblicato per Satellaview nel marzo 1998. I giocatori assumono il ruolo di Albert, l'eroico giovane spadaccino che vive in un mondo fantastico pieno di mostri e creature mitiche. Mentre gran parte del mondo rimane dopo un mondo di guerra, il mondo è diventato un mondo di guerra. Con l'aiuto degli amici di Albert e dei mercenari assoldati.
Arkanoid - Doh It Again (Japan) (En) (4-10)	Arkanoid: Doh It Again è stato trasmesso tra il 21
B Dash - 2 Gatsugou (Japan) (Magazine)	B Dash è una rivista digitale scaricabile per Satellaview che è stata pubblicata per 5 numeri tra il 15 novembre 1998 e l'inizio del 1999. I numeri di B Dash portavano tutti un pedice Romaji &quot;X-Gatsu-Go&quot; che indica il mese. Ad esempio, il volume di febbraio può essere ritradotto in kanji come &quot;2 Gatsu Gou&quot; o &quot;Numero di febbraio&quot; (&quot;Numero di febbraio&quot;) in inglese.
B Dash - 3 Gatsugou (Japan) (Magazine)	B Dash è una rivista digitale scaricabile per Satellaview che è stata pubblicata per 5 numeri tra il 15 novembre 1998 e l'inizio del 1999. I numeri di B Dash portavano tutti un pedice Romaji &quot;X-Gatsu-Go&quot; che indica il mese. Ad esempio, il volume di febbraio può essere ritradotto in kanji come &quot;2 Gatsu Gou&quot; o &quot;Numero di febbraio&quot; (&quot;Numero di febbraio&quot;) in inglese.
Bakushow Mondai no Silicon Chounaikai (1996-9-14) + Super Formation Soccer (9-22) (Japan) (SoundLink Magazine, Game)	Bakushō Mondai è un duo comico giapponese composto da Yūji Tanaka e Hikari Ōta sotto l'agenzia di intrattenimento Titan Inc. I comici si sono incontrati quando erano studenti al Dipartimento di Belle Arti della Nihon University e hanno formato Bakushō Mondai nel 1988 dopo aver abbandonato la scuola. Il nome del duo significa letteralmente &quot;scoppiare a ridere&quot;, &quot;problema/domanda&quot;. Allo tsukkomi dei due, Tanaka, è stato rimosso un testicolo a causa di un cancro ai testicoli, e questo spesso provoca battute da parte del boke del gruppo, Ōta, così come da altre personalità con cui potrebbero esibirsi. Ōta è solitamente il profilo più alto dei due e spesso domina gli spettacoli che ospitano con i suoi discorsi prolissi.
Bakushow Mondai no Silicon Chounaikai (1997-2-1) + Bakushow Mondai no Silicon Chounaikai (1997-2-8) (Japan) (SoundLink Magazine)	Bakushō Mondai è un duo comico giapponese composto da Yūji Tanaka e Hikari Ōta sotto l'agenzia di intrattenimento Titan Inc. I comici si sono incontrati quando erano studenti al Dipartimento di Belle Arti della Nihon University e hanno formato Bakushō Mondai nel 1988 dopo aver abbandonato la scuola. Il nome del duo significa letteralmente &quot;scoppiare a ridere&quot;, &quot;problema/domanda&quot;. Allo tsukkomi dei due, Tanaka, è stato rimosso un testicolo a causa di un cancro ai testicoli, e questo spesso provoca battute da parte del boke del gruppo, Ōta, così come da altre personalità con cui potrebbero esibirsi. Ōta è solitamente il profilo più alto dei due e spesso domina gli spettacoli che ospitano con i suoi discorsi prolissi.
Bakushow Mondai no Silicon Chounaikai (Japan) (1997-2-8) (SoundLink Magazine)	Bakushō Mondai è un duo comico giapponese composto da Yūji Tanaka e Hikari Ōta sotto l'agenzia di intrattenimento Titan Inc. I comici si sono incontrati quando erano studenti al Dipartimento di Belle Arti della Nihon University e hanno formato Bakushō Mondai nel 1988 dopo aver abbandonato la scuola. Il nome del duo significa letteralmente &quot;scoppiare a ridere&quot;, &quot;problema/domanda&quot;. Allo tsukkomi dei due, Tanaka, è stato rimosso un testicolo a causa di un cancro ai testicoli, e questo spesso provoca battute da parte del boke del gruppo, Ōta, così come da altre personalità con cui potrebbero esibirsi. Ōta è solitamente il profilo più alto dei due e spesso domina gli spettacoli che ospitano con i suoi discorsi prolissi.
Bakushow Mondai no Totsugeki! Star Pirates - Dai-1-wa (Japan) (SoundLink)	Bakusho Mondai no Totsugeki! StarPirates è un gioco Soundlink scaricabile in 4 parti per Satellaview che è stato trasmesso in almeno 2 serie distinte tra il 22 giugno 1997 e il 29 novembre 1997. Il gioco presenta la narrazione vocale del duo comico giapponese Bakushō Mondai.
Bakushow Mondai no Totsugeki! Star Pirates - Dai-3-wa (Japan) (SoundLink) [b]	Bakusho Mondai no Totsugeki! StarPirates è un gioco Soundlink scaricabile in 4 parti per Satellaview che è stato trasmesso in almeno 2 serie distinte tra il 22 giugno 1997 e il 29 novembre 1997. Il gioco presenta la narrazione vocale del duo comico giapponese Bakushō Mondai.
Bokujou Monogatari (Japan) (Demo) (1996-7-25)	BS Bokujou Monogatari è un gioco Soundlink scaricabile in 4 parti per Satellaview che è stato trasmesso in almeno 2 serie tra il 2 settembre 1996 e il 30 novembre 1996. Il gioco è un gioco di simulazione di vita e si presenta come uno pseudo-sequel di la prima trasmissione (luglio 1996)/uscita al dettaglio Bokujou Monogatari comunemente conosciuta a livello internazionale come &quot;Harvest Moon&quot;; di conseguenza, questo ha dato alla serie il soprannome di fan &quot;BS Harvest Moon&quot;. Insieme al gioco (in genere subito prima e dopo), sono state rilasciate trasmissioni di 10 minuti di natura correlata intitolate BS Bokujou Monogatari Torisetsu (un manuale di istruzioni digitale) e Bokujou Monogatari no Kekka (un programma di punteggio/risultati).
Bokujou Monogatari - Dai-2-wa (Japan) (1996-9-9) (SoundLink)	BS Bokujou Monogatari è un gioco Soundlink scaricabile in 4 parti per Satellaview che è stato trasmesso in almeno 2 serie tra il 2 settembre 1996 e il 30 novembre 1996. Il gioco è un gioco di simulazione di vita e si presenta come uno pseudo-sequel di la prima trasmissione (luglio 1996)/uscita al dettaglio Bokujou Monogatari comunemente conosciuta a livello internazionale come &quot;Harvest Moon&quot;; di conseguenza, questo ha dato alla serie il soprannome di fan &quot;BS Harvest Moon&quot;. Insieme al gioco (in genere subito prima e dopo), sono state rilasciate trasmissioni di 10 minuti di natura correlata intitolate BS Bokujou Monogatari Torisetsu (un manuale di istruzioni digitale) e Bokujou Monogatari no Kekka (un programma di punteggio/risultati).
Bokujou Monogatari - Dai-4-wa (Japan) (1996-11-16) (SoundLink)	BS Bokujou Monogatari è un gioco Soundlink scaricabile in 4 parti per Satellaview che è stato trasmesso in almeno 2 serie tra il 2 settembre 1996 e il 30 novembre 1996. Il gioco è un gioco di simulazione di vita e si presenta come uno pseudo-sequel di la prima trasmissione (luglio 1996)/uscita al dettaglio Bokujou Monogatari comunemente conosciuta a livello internazionale come &quot;Harvest Moon&quot;; di conseguenza, questo ha dato alla serie il soprannome di fan &quot;BS Harvest Moon&quot;. Insieme al gioco (in genere subito prima e dopo), sono state rilasciate trasmissioni di 10 minuti di natura correlata intitolate BS Bokujou Monogatari Torisetsu (un manuale di istruzioni digitale) e Bokujou Monogatari no Kekka (un programma di punteggio/risultati).
BS Dragon Quest I (Japan) (SoundLink)	BS Dragon Quest è essenzialmente lo stesso di Dragon Quest I di Dragon Quest I+II Reprise con diverse peculiarità specifiche di Satellaview. Ad esempio, le missioni sono limitate nel tempo, a differenza dell'originale. Le missioni provengono principalmente da Dragon Quest I, con alcuni originali. I fan della serie Dragon Quest/Dragon Warrior apprezzeranno sicuramente l'esperienza della variazione sull'originale, sebbene sia generalmente considerata inferiore alla Reprise. Il gioco consisteva in quattro scenari di un'ora che i giocatori avrebbero scaricato con un programma settimanale. I giocatori hanno il compito di livellare il proprio personaggio, raccogliere medaglie e completare condizioni specifiche dello scenario con eventi speciali progettati per verificarsi in condizioni specifiche in tempo reale.
BS F-Zero Grand Prix - Dai-1-shuu - Knight League (Japan) (11-1) (SoundLink)	BS F-Zero Grand Prix era un gioco Soundlink in quattro parti rispetto all'originale F-Zero. È stato lanciato solo in Giappone per l'allegato Satellaview per il Super Famicom. BS F-Zero Grand Prix conteneva quattro diversi veicoli giocabili e quattro nuove tracce verso la fine di ogni trasmissione, oltre alle 15 tracce del gioco originale. Il commento è stato fornito da Bucky Koba, Tsutomu Tareki e Seiichi Hirai. Un seguito del gioco è stato successivamente distribuito come BS F-Zero Grand Prix 2.
BS F-Zero Grand Prix - Dai-2-shuu - Queen League (Japan) (SoundLink)	BS F-Zero Grand Prix era un gioco Soundlink in quattro parti rispetto all'originale F-Zero. È stato lanciato solo in Giappone per l'allegato Satellaview per il Super Famicom. BS F-Zero Grand Prix conteneva quattro diversi veicoli giocabili e quattro nuove tracce verso la fine di ogni trasmissione, oltre alle 15 tracce del gioco originale. Il commento è stato fornito da Bucky Koba, Tsutomu Tareki e Seiichi Hirai. Un seguito del gioco è stato successivamente distribuito come BS F-Zero Grand Prix 2.
BS F-Zero Grand Prix - Dai-3-shuu - King League (Japan) (3-20) (SoundLink)	BS F-Zero Grand Prix era un gioco Soundlink in quattro parti rispetto all'originale F-Zero. È stato lanciato solo in Giappone per l'allegato Satellaview per il Super Famicom. BS F-Zero Grand Prix conteneva quattro diversi veicoli giocabili e quattro nuove tracce verso la fine di ogni trasmissione, oltre alle 15 tracce del gioco originale. Il commento è stato fornito da Bucky Koba, Tsutomu Tareki e Seiichi Hirai. Un seguito del gioco è stato successivamente distribuito come BS F-Zero Grand Prix 2.
BS F-Zero Grand Prix - Dai-4-shuu - Ace League (Japan) (11-25) (SoundLink)	BS F-Zero Grand Prix era un gioco Soundlink in quattro parti rispetto all'originale F-Zero. È stato lanciato solo in Giappone per l'allegato Satellaview per il Super Famicom. BS F-Zero Grand Prix conteneva quattro diversi veicoli giocabili e quattro nuove tracce verso la fine di ogni trasmissione, oltre alle 15 tracce del gioco originale. Il commento è stato fornito da Bucky Koba, Tsutomu Tareki e Seiichi Hirai. Un seguito del gioco è stato successivamente distribuito come BS F-Zero Grand Prix 2.
BS F-Zero Grand Prix 2 - Dai-1-shuu (Japan) (SoundLink)	BS F-Zero Grand Prix 2 è il sequel diretto del gioco originale F-Zero rilasciato per Super Famicom tramite Satellaview. Sono state rilasciate due versioni: un gioco non SoundLink e un gioco SoundLink. La versione originale non SoundLink è stata rilasciata come BSF-Zero 2 Practice il 1 giugno 1997 (sebbene la schermata del titolo sia rimasta la stessa). Conteneva i quattro percorsi visti per la prima volta durante BS F-Zero Grand Prix (un remake Satellaview dell'originale), insieme a un nuovo percorso chiamato Mute City IV. Poco si sa della versione successiva di SoundLink al di fuori dei video sopravvissuti, ma è stata distribuita in due metà nell'agosto 1997 e aveva un annunciatore simile e una colonna sonora rifatta come la precedente voce di Satellaview.
BS F-Zero Grand Prix 2 - Practice (Japan) (6-7)	BS F-Zero Grand Prix 2 è il sequel diretto del gioco originale F-Zero rilasciato per Super Famicom tramite Satellaview. Sono state rilasciate due versioni: un gioco non SoundLink e un gioco SoundLink. La versione originale non SoundLink è stata rilasciata come BSF-Zero 2 Practice il 1 giugno 1997 (sebbene la schermata del titolo sia rimasta la stessa). Conteneva i quattro percorsi visti per la prima volta durante BS F-Zero Grand Prix (un remake Satellaview dell'originale), insieme a un nuovo percorso chiamato Mute City IV. Poco si sa della versione successiva di SoundLink al di fuori dei video sopravvissuti, ma è stata distribuita in due metà nell'agosto 1997 e aveva un annunciatore simile e una colonna sonora rifatta come la precedente voce di Satellaview.
BS Fire Emblem - Akaneia Senki Hen - Dai-1-wa - Palace Kanraku (Japan) (4-4) (SoundLink)	BS Fire Emblem: Akaneia Senki è un gioco Soundlink scaricabile in 4 parti per Satellaview che è stato trasmesso in almeno 3 serie distinte tra il 28 settembre 1997 e il 1 maggio 1999. I quattro capitoli di BS Fire Emblem erano ciascuno ambientato nello stesso universo di Fire Emblem: Ankoku Ryu a Hikari no Tsurugi e Monshou no Nazo. Ogni segmento è stato ambientato prima degli eventi del Capitolo 1 di entrambi i giochi.
BS Fire Emblem - Akaneia Senki Hen - Dai-2-wa - Akai Ryuu Kishi (Japan) (4-13) (SoundLink)	BS Fire Emblem: Akaneia Senki è un gioco Soundlink scaricabile in 4 parti per Satellaview che è stato trasmesso in almeno 3 serie distinte tra il 28 settembre 1997 e il 1 maggio 1999. I quattro capitoli di BS Fire Emblem erano ciascuno ambientato nello stesso universo di Fire Emblem: Ankoku Ryu a Hikari no Tsurugi e Monshou no Nazo. Ogni segmento è stato ambientato prima degli eventi del Capitolo 1 di entrambi i giochi.
BS Fire Emblem - Akaneia Senki Hen - Dai-3-wa - Seigi no Touzokudan (Japan) (4-21) (SoundLink)	BS Fire Emblem: Akaneia Senki è un gioco Soundlink scaricabile in 4 parti per Satellaview che è stato trasmesso in almeno 3 serie distinte tra il 28 settembre 1997 e il 1 maggio 1999. I quattro capitoli di BS Fire Emblem erano ciascuno ambientato nello stesso universo di Fire Emblem: Ankoku Ryu a Hikari no Tsurugi e Monshou no Nazo. Ogni segmento è stato ambientato prima degli eventi del Capitolo 1 di entrambi i giochi.
BS Fire Emblem - Akaneia Senki Hen - Dai-4-wa - Hajimari no Toki (Japan) (4-28) (SoundLink)	BS Fire Emblem: Akaneia Senki è un gioco Soundlink scaricabile in 4 parti per Satellaview che è stato trasmesso in almeno 3 serie distinte tra il 28 settembre 1997 e il 1 maggio 1999. I quattro capitoli di BS Fire Emblem erano ciascuno ambientato nello stesso universo di Fire Emblem: Ankoku Ryu a Hikari no Tsurugi e Monshou no Nazo. Ogni segmento è stato ambientato prima degli eventi del Capitolo 1 di entrambi i giochi.
BS Fuurai no Shiren - Surara o Sukue - Dai-2-shuu (Japan) (SoundLink)	BS Furai no Shiren: Surara wo Sukue è un gioco Soundlink scaricabile in 4 parti per Satellaview, andato in onda almeno 3 volte tra il 28 aprile 1996 e il 2 agosto 1997. nnIl gameplay è sostanzialmente simile al precedente roguelike, Fushigi no Dungeon 2: Furai no Shiren, un gioco pubblicato per SFC il 1 dicembre 1995 e successivamente localizzato per i mercati inglesi nel marzo 2008 come Mystery Dungeon: Shiren the Wanderer per Nintendo DS. nnHa anche somiglianze con altri giochi Mystery Dungeon, tra cui Dragon Quest Yangus, The Nightmare of Druaga e Pokemon Mystery Dungeon.
BS Fuurai no Shiren - Surara o Sukue - Dai-3-shuu (Japan) (SoundLink)	BS Furai no Shiren: Surara wo Sukue è un gioco Soundlink scaricabile in 4 parti per Satellaview, andato in onda almeno 3 volte tra il 28 aprile 1996 e il 2 agosto 1997. nnIl gameplay è sostanzialmente simile al precedente roguelike, Fushigi no Dungeon 2: Furai no Shiren, un gioco pubblicato per SFC il 1 dicembre 1995 e successivamente localizzato per i mercati inglesi nel marzo 2008 come Mystery Dungeon: Shiren the Wanderer per Nintendo DS. nnHa anche somiglianze con altri giochi Mystery Dungeon, tra cui Dragon Quest Yangus, The Nightmare of Druaga e Pokemon Mystery Dungeon.
BS Fuurai no Shiren - Surara o Sukue - Dai-4-shuu (Japan) (SoundLink)	BS Furai no Shiren: Surara wo Sukue è un gioco Soundlink scaricabile in 4 parti per Satellaview, andato in onda almeno 3 volte tra il 28 aprile 1996 e il 2 agosto 1997. nnIl gameplay è sostanzialmente simile al precedente roguelike, Fushigi no Dungeon 2: Furai no Shiren, un gioco pubblicato per SFC il 1 dicembre 1995 e successivamente localizzato per i mercati inglesi nel marzo 2008 come Mystery Dungeon: Shiren the Wanderer per Nintendo DS. nnHa anche somiglianze con altri giochi Mystery Dungeon, tra cui Dragon Quest Yangus, The Nightmare of Druaga e Pokemon Mystery Dungeon.
BS Ihatovo Monogatari - Dai-2-wa (Japan) (SoundLink)	La versione Satellaview del gioco Super Famicom &quot;Ihatovo Monogatari&quot;, da non confondere con il suo seguito BS Ihatovo Monogatari trasmesso precedentemente su Satellaview. Ihatovo è una terra magica creata dallo scrittore giapponese Kenji Miyazawa. Nel gioco, sei uno straniero che arriva a Ihatovo e deve trovare sette quaderni mancanti di Miyazawa per completare le sue storie, come ad esempio &quot;La Pietra del Fuoco&quot; e altre. Si tratta di un gioco d'avventura in cui puoi navigare liberamente il tuo personaggio nel mondo visto dall'alto, in uno stile simile a un RPG per console. Non ci sono battaglie nel gioco e neanche rompicapi, anche se in alcuni punti dovrai raccogliere e usare degli oggetti. Il gioco avanza principalmente attraverso le conversazioni con vari personaggi che incontri a Ihatovo.
BS KureKure Mou Race - 2 Tsuki-Gou (2-3) + RPG Tsukuru 2 (Japan) (Data Pack)	Il gioco di ruolo in questione è una parodia di &quot;Ryōma ga Yuku&quot;, che sembra essere un'opera letteraria giapponese di grande fama. Questa parodia è realizzata utilizzando RPG Tsukuru (RPG Maker) ed è stata scritta da Hikari Ōta del duo comico Bakushō Mondai.
BS KureKure Mou Race - 2 Tsuki-Gou (Japan) (2-11) (Data Pack)	Il gioco di ruolo in questione è una parodia di &quot;Ryōma ga Yuku&quot;, che sembra essere un'opera letteraria giapponese di grande fama. Questa parodia è realizzata utilizzando RPG Tsukuru (RPG Maker) ed è stata scritta da Hikari Ōta del duo comico Bakushō Mondai.
BS Marvelous - Camp Arnold Course - Dai-1-shuu (Japan) (SoundLink)	Marvelous BS: Camp Arnold è un gioco Soundlink scaricabile in 4 parti per Satellaview in corso dal 3 novembre 1996 al 29 novembre 1996. Il gioco è stato trasmesso come replica nel gennaio 1997. Marvelous BS: Camp Arnold è servito come sequel Marvelous: Time Athletics , pubblicato nel gennaio 1996, e un prequel diretto di Marvelous: Muhitotsu no Takara-jima che non è stato trasmesso tramite Satellaview ma è stato rilasciato su cartuccia SFC nell'ottobre 1996.
BS Marvelous - Camp Arnold Course - Dai-2-shuu (Japan) (SoundLink)	Marvelous BS: Camp Arnold è un gioco Soundlink scaricabile in 4 parti per Satellaview in corso dal 3 novembre 1996 al 29 novembre 1996. Il gioco è stato trasmesso come replica nel gennaio 1997. Marvelous BS: Camp Arnold è servito come sequel Marvelous: Time Athletics , pubblicato nel gennaio 1996, e un prequel diretto di Marvelous: Muhitotsu no Takara-jima che non è stato trasmesso tramite Satellaview ma è stato rilasciato su cartuccia SFC nell'ottobre 1996.
BS Marvelous - Camp Arnold Course - Dai-3-shuu (Japan) (SoundLink)	Marvelous BS: Camp Arnold è un gioco Soundlink scaricabile in 4 parti per Satellaview in corso dal 3 novembre 1996 al 29 novembre 1996. Il gioco è stato trasmesso come replica nel gennaio 1997. Marvelous BS: Camp Arnold è servito come sequel Marvelous: Time Athletics , pubblicato nel gennaio 1996, e un prequel diretto di Marvelous: Muhitotsu no Takara-jima che non è stato trasmesso tramite Satellaview ma è stato rilasciato su cartuccia SFC nell'ottobre 1996.
BS Marvelous - Camp Arnold Course - Dai-4-shuu (Japan) (SoundLink)	Marvelous BS: Camp Arnold è un gioco Soundlink scaricabile in 4 parti per Satellaview in corso dal 3 novembre 1996 al 29 novembre 1996. Il gioco è stato trasmesso come replica nel gennaio 1997. Marvelous BS: Camp Arnold è servito come sequel Marvelous: Time Athletics , pubblicato nel gennaio 1996, e un prequel diretto di Marvelous: Muhitotsu no Takara-jima che non è stato trasmesso tramite Satellaview ma è stato rilasciato su cartuccia SFC nell'ottobre 1996.
BS Marvelous - Time Athletic Course - Dai-1-shuu (Japan) (SoundLink)	Marvelous BS: Time Athletics è un gioco Soundlink scaricabile in 4 parti per Satellaview che è andato in onda dal 1 gennaio 1996 al 31 gennaio 1996. Il gioco è stato trasmesso nell'aprile 1996. Un sequel di BS Marvelous: Time Athletics intitolato Marvelous BS: Camp Arnold è stato rilasciato nel novembre 1996 come prequel diretto di Marvelous: Mohitotsu no Takarajima che non è stato trasmesso tramite Satellaview ma è stato rilasciato come cartuccia SFC.
BS Marvelous - Time Athletic Course - Dai-2-shuu (Japan) (SoundLink)	Marvelous BS: Time Athletics è un gioco Soundlink scaricabile in 4 parti per Satellaview che è andato in onda dal 1 gennaio 1996 al 31 gennaio 1996. Il gioco è stato trasmesso nell'aprile 1996. Un sequel di BS Marvelous: Time Athletics intitolato Marvelous BS: Camp Arnold è stato rilasciato nel novembre 1996 come prequel diretto di Marvelous: Mohitotsu no Takarajima che non è stato trasmesso tramite Satellaview ma è stato rilasciato come cartuccia SFC.
BS Marvelous - Time Athletic Course - Dai-3-shuu (Japan) (SoundLink)	Marvelous BS: Time Athletics è un gioco Soundlink scaricabile in 4 parti per Satellaview che è andato in onda dal 1 gennaio 1996 al 31 gennaio 1996. Il gioco è stato trasmesso nell'aprile 1996. Un sequel di BS Marvelous: Time Athletics intitolato Marvelous BS: Camp Arnold è stato rilasciato nel novembre 1996 come prequel diretto di Marvelous: Mohitotsu no Takarajima che non è stato trasmesso tramite Satellaview ma è stato rilasciato come cartuccia SFC.
BS Marvelous - Time Athletic Course - Dai-4-shuu (Japan) (SoundLink)	Marvelous BS: Time Athletics è un gioco Soundlink scaricabile in 4 parti per Satellaview che è andato in onda dal 1 gennaio 1996 al 31 gennaio 1996. Il gioco è stato trasmesso nell'aprile 1996. Un sequel di BS Marvelous: Time Athletics intitolato Marvelous BS: Camp Arnold è stato rilasciato nel novembre 1996 come prequel diretto di Marvelous: Mohitotsu no Takarajima che non è stato trasmesso tramite Satellaview ma è stato rilasciato come cartuccia SFC.
BS Nichibutsu Mahjong - Mahjong Taikai (Japan) (4-19)	BS Nichibutsu Mahjong è un gioco Soundlink scaricabile in 2 parti per Satellaview trasmesso tra il 26 gennaio 1997 e il 12 aprile 1997.
BS Nichibutsu Mahjong - Renshuu Mahjong - Ichimantou (Japan) (SoundLink)	BS Nichibutsu Mahjong è un gioco Soundlink scaricabile in 2 parti per Satellaview trasmesso tra il 26 gennaio 1997 e il 12 aprile 1997.
BS Nichibutsu Mahjong - Renshuu Mahjong - Nimantou (Japan) (SoundLink)	BS Nichibutsu Mahjong è un gioco Soundlink scaricabile in 2 parti per Satellaview trasmesso tra il 26 gennaio 1997 e il 12 aprile 1997.
BS Nintendo HP - 5-17 Gou (Japan) (Magazine)	BS Nintendo HP è una rivista digitale scaricabile andata in onda in almeno 6 segmenti per Satellaview tra il 29 marzo 1998 e il 19 dicembre 1998.
BS Nintendo HP - 5-31 Gou (Japan) (Magazine)	BS Nintendo HP è una rivista digitale scaricabile andata in onda in almeno 6 segmenti per Satellaview tra il 29 marzo 1998 e il 19 dicembre 1998.
BS Parlor! Parlor! - Dai-2-shuu (Japan) (3-13) (SoundLink)	BS Parlor! Salottino! è un gioco Soundlink scaricabile in 2 parti per Satellaview che è stato trasmesso tra il 1 marzo 1998 e il 14 marzo 1998. In vari momenti nel corso del 1995, il gioco è stato accompagnato da trasmissioni di un'intera giornata di una rivista di strategia intitolata BS Parlor! Salottino! Rivista Kouryaku.
BS Shin Onigashima - Dai-1-wa (Japan) (1-11) (SoundLink)	BS Shin Onigashima è un gioco Soundlink scaricabile in 4 parti per Satellaview che è stato trasmesso in almeno 2 serie distinte tra il 29 settembre 1996 e il 31 gennaio 1996. Era un remake sequel del precedente Shin Onigashima. La principale differenza tra i due giochi riguarda gli elementi SoundLink introdotti per le trasmissioni Satellaview. La trama di BS Shin Onigashima deriva dall'originale Shin Onigashima, tuttavia è presentata dalla prospettiva dei tre aiutanti animali (cane, scimmia e fagiano) che si uniscono agli eroi come NPC durante il gioco originale. Il gioco è stato diviso in 4 capitoli che sono stati mantenuti per il successivo remake di Nintendo Power e SFC. BS Shin Onigashima fa uso di una colonna sonora orchestrale ampliata che è stata trasmessa tramite radio satellitare e la narrazione di gioco nella voce del personaggio principale, Ittaisan, è stata trasmessa tramite SoundLink tra i capitoli per far avanzare la trama. Il gioco utilizza il gameplay del menu di comando proprio come in Shin Onigashima, tuttavia in BS Shin Onigashima l'opzione per cambiare personaggio a metà gioco è stata rimossa. Altre differenze includevano l'aggiunta di scene d'azione in stile piattaforma e limiti di tempo associati all'esecuzione di determinati comandi.
BS Shin Onigashima - Dai-2-wa (Japan) (SoundLink)	BS Shin Onigashima è un gioco Soundlink scaricabile in 4 parti per Satellaview che è stato trasmesso in almeno 2 serie distinte tra il 29 settembre 1996 e il 31 gennaio 1996. Era un remake sequel del precedente Shin Onigashima. La principale differenza tra i due giochi riguarda gli elementi SoundLink introdotti per le trasmissioni Satellaview. La trama di BS Shin Onigashima deriva dall'originale Shin Onigashima, tuttavia è presentata dalla prospettiva dei tre aiutanti animali (cane, scimmia e fagiano) che si uniscono agli eroi come NPC durante il gioco originale. Il gioco è stato diviso in 4 capitoli che sono stati mantenuti per il successivo remake di Nintendo Power e SFC. BS Shin Onigashima fa uso di una colonna sonora orchestrale ampliata che è stata trasmessa tramite radio satellitare e la narrazione di gioco nella voce del personaggio principale, Ittaisan, è stata trasmessa tramite SoundLink tra i capitoli per far avanzare la trama. Il gioco utilizza il gameplay del menu di comando proprio come in Shin Onigashima, tuttavia in BS Shin Onigashima l'opzione per cambiare personaggio a metà gioco è stata rimossa. Altre differenze includevano l'aggiunta di scene d'azione in stile piattaforma e limiti di tempo associati all'esecuzione di determinati comandi.
BS Shin Onigashima - Dai-3-wa (Japan) (1-24) (SoundLink)	BS Shin Onigashima è un gioco Soundlink scaricabile in 4 parti per Satellaview che è stato trasmesso in almeno 2 serie distinte tra il 29 settembre 1996 e il 31 gennaio 1996. Era un remake sequel del precedente Shin Onigashima. La principale differenza tra i due giochi riguarda gli elementi SoundLink introdotti per le trasmissioni Satellaview. La trama di BS Shin Onigashima deriva dall'originale Shin Onigashima, tuttavia è presentata dalla prospettiva dei tre aiutanti animali (cane, scimmia e fagiano) che si uniscono agli eroi come NPC durante il gioco originale. Il gioco è stato diviso in 4 capitoli che sono stati mantenuti per il successivo remake di Nintendo Power e SFC. BS Shin Onigashima fa uso di una colonna sonora orchestrale ampliata che è stata trasmessa tramite radio satellitare e la narrazione di gioco nella voce del personaggio principale, Ittaisan, è stata trasmessa tramite SoundLink tra i capitoli per far avanzare la trama. Il gioco utilizza il gameplay del menu di comando proprio come in Shin Onigashima, tuttavia in BS Shin Onigashima l'opzione per cambiare personaggio a metà gioco è stata rimossa. Altre differenze includevano l'aggiunta di scene d'azione in stile piattaforma e limiti di tempo associati all'esecuzione di determinati comandi.
BS Shin Onigashima - Dai-4-wa (Japan) (2-1) (SoundLink)	BS Shin Onigashima è un gioco Soundlink scaricabile in 4 parti per Satellaview che è stato trasmesso in almeno 2 serie distinte tra il 29 settembre 1996 e il 31 gennaio 1996. Era un remake sequel del precedente Shin Onigashima. La principale differenza tra i due giochi riguarda gli elementi SoundLink introdotti per le trasmissioni Satellaview. La trama di BS Shin Onigashima deriva dall'originale Shin Onigashima, tuttavia è presentata dalla prospettiva dei tre aiutanti animali (cane, scimmia e fagiano) che si uniscono agli eroi come NPC durante il gioco originale. Il gioco è stato diviso in 4 capitoli che sono stati mantenuti per il successivo remake di Nintendo Power e SFC. BS Shin Onigashima fa uso di una colonna sonora orchestrale ampliata che è stata trasmessa tramite radio satellitare e la narrazione di gioco nella voce del personaggio principale, Ittaisan, è stata trasmessa tramite SoundLink tra i capitoli per far avanzare la trama. Il gioco utilizza il gameplay del menu di comando proprio come in Shin Onigashima, tuttavia in BS Shin Onigashima l'opzione per cambiare personaggio a metà gioco è stata rimossa. Altre differenze includevano l'aggiunta di scene d'azione in stile piattaforma e limiti di tempo associati all'esecuzione di determinati comandi.
BS Sim City - Scenario 3 (Japan) (SoundLink)	Questa è una versione modificata di SimCity, con lo scenario deciso dall'episodio piuttosto che scelto dal giocatore. Il gioco è stato doppiato da Eisduke Yoda, Madame Marie, Yoshio Kanetake, Masaaki Sekine e Tsutomu Tareki. nnIl gameplay è limitato a circa 50 minuti in tempo reale ed è impossibile rallentare o accelerare il tempo. Sono inoltre aggiunti tre consulenti che gestiscono una funzione di prestito esclusiva per questa versione.
BS St. Giga PG - 10 Gatsugou (Japan) (Magazine)	BS St.GIGA PG è una rivista digitale scaricabile andata in onda in almeno 3 segmenti per Satellaview tra il 27 settembre 1998 e il 12 dicembre 1998.
BS Super Mario Collection - Dai-3-shuu (Japan) (3-17) (SoundLink)	BS Super Mario Collection è un remix di Super Mario Collection (il nome giapponese di Super Mario All-Stars) per Satellaview, un componente aggiuntivo per Super Famicom. Il gioco è stato rilasciato in quattro parti. Mentre il gioco si svolge, i flussi audio arricchiscono l'esperienza di gioco con musica speciale e voci di celebrità giapponesi. Il suo &quot;titolo compagno&quot; è BS Super Mario USA. Un'icona di un fiore di fuoco raffigura la casa di Nae, che è ospitata dal personaggio radiofonico di Satellaview Nae Yūki. Qui, Mario può scegliere di attivare la modalità fantasma che gli consente di diventare Fire Mario una volta che lascia il livello se è Little o Super Mario.
BS Super Mario USA - Power Challenge - Dai-1-kai (Japan) (SoundLink)	BS Super Mario USA Power Challenge è una versione ura o gaiden di Super Mario Bros. 2 per il sistema Satellaview con miglioramenti grafici simili alla sua versione Super Mario All-Stars. Sebbene il gameplay sottostante sia molto simile, sono stati aggiunti contenuti nuovi e organizzati.
BS Super Mario USA - Power Challenge - Dai-2-kai (Japan) (SoundLink)	BS Super Mario USA Power Challenge è una versione ura o gaiden di Super Mario Bros. 2 per il sistema Satellaview con miglioramenti grafici simili alla sua versione Super Mario All-Stars. Sebbene il gameplay sottostante sia molto simile, sono stati aggiunti contenuti nuovi e organizzati.
BS Super Mario USA - Power Challenge - Dai-3-kai (Japan) (SoundLink)	BS Super Mario USA Power Challenge è una versione ura o gaiden di Super Mario Bros. 2 per il sistema Satellaview con miglioramenti grafici simili alla sua versione Super Mario All-Stars. Sebbene il gameplay sottostante sia molto simile, sono stati aggiunti contenuti nuovi e organizzati.
BS Super Mario USA - Power Challenge - Dai-4-kai (Japan) (SoundLink)	BS Super Mario USA Power Challenge è una versione ura o gaiden di Super Mario Bros. 2 per il sistema Satellaview con miglioramenti grafici simili alla sua versione Super Mario All-Stars. Sebbene il gameplay sottostante sia molto simile, sono stati aggiunti contenuti nuovi e organizzati.
BS Tantei Club - Yuki ni Kieta Kako - Chuuhen (Japan) (6-14) (SoundLink)	BS Tantei Club: Yuki ni Kieta Kako (noto anche con l'abbreviazione BS Tan o anche B Tan) è un gioco Soundlink scaricabile in 3 parti per Satellaview che è stato trasmesso in almeno 2 serie distinte tra il 9 febbraio 1997 e il 3 maggio, 1997. È uno pseudo-sequel di Tantei Club: Kieta Kokeisha ed è seguito da Tantei Club Part II: Ushiro ni Tatsu Shojo. BS Tantei Club è una storia poliziesca. Il gioco è un gioco di avventura basato su testo in stile punta e clicca in cui vengono presentate al giocatore immagini fisse e il giocatore può guidare un'icona a forma di mano sullo schermo per selezionare gli oggetti nell'immagine per indagare ulteriormente. Una serie di icone in una barra laterale presentano al giocatore opzioni come prendere appunti, parlare o effettuare telefonate. Un gameplay simile è stato utilizzato in altri giochi dell'era FDS, incluso il popolare Shadowgate (1989).
BS Tantei Club - Yuki ni Kieta Kako - Kouhen (Japan) (1997-5-1) (SoundLink)	BS Tantei Club: Yuki ni Kieta Kako (noto anche con l'abbreviazione BS Tan o anche B Tan) è un gioco Soundlink scaricabile in 3 parti per Satellaview che è stato trasmesso in almeno 2 serie distinte tra il 9 febbraio 1997 e il 3 maggio, 1997. È uno pseudo-sequel di Tantei Club: Kieta Kokeisha ed è seguito da Tantei Club Part II: Ushiro ni Tatsu Shojo. BS Tantei Club è una storia poliziesca. Il gioco è un gioco di avventura basato su testo in stile punta e clicca in cui vengono presentate al giocatore immagini fisse e il giocatore può guidare un'icona a forma di mano sullo schermo per selezionare gli oggetti nell'immagine per indagare ulteriormente. Una serie di icone in una barra laterale presentano al giocatore opzioni come prendere appunti, parlare o effettuare telefonate. Un gameplay simile è stato utilizzato in altri giochi dell'era FDS, incluso il popolare Shadowgate (1989).
BS Tantei Club - Yuki ni Kieta Kako - Zenpen (Japan) (SoundLink)	BS Tantei Club: Yuki ni Kieta Kako (noto anche con l'abbreviazione BS Tan o anche B Tan) è un gioco Soundlink scaricabile in 3 parti per Satellaview che è stato trasmesso in almeno 2 serie distinte tra il 9 febbraio 1997 e il 3 maggio, 1997. È uno pseudo-sequel di Tantei Club: Kieta Kokeisha ed è seguito da Tantei Club Part II: Ushiro ni Tatsu Shojo. BS Tantei Club è una storia poliziesca. Il gioco è un gioco di avventura basato su testo in stile punta e clicca in cui vengono presentate al giocatore immagini fisse e il giocatore può guidare un'icona a forma di mano sullo schermo per selezionare gli oggetti nell'immagine per indagare ulteriormente. Una serie di icone in una barra laterale presentano al giocatore opzioni come prendere appunti, parlare o effettuare telefonate. Un gameplay simile è stato utilizzato in altri giochi dell'era FDS, incluso il popolare Shadowgate (1989).
BS Zelda no Densetsu - Dai-1-wa (Japan) (Rerun) (SoundLink)	BS Zelda no Densetsu è un gioco Soundlink scaricabile in 4 parti per Satellaview che è stato trasmesso in almeno 5 serie distinte tra il 6 agosto 1995 e il 4 gennaio 1997. Nella mezz'ora è stato trasmesso anche un programma chiamato BS Zelda no Asobikata prima delle trasmissioni di BS Zelda. Questo programma sembra essere stato un tutorial radiofonico che insegna ai giocatori come giocare a BS Zelda. Il gameplay attinge direttamente da The Legend of Zelda. La trama di BS Zelda varia considerevolmente dalla trama dell'originale a causa in gran parte del fatto che l'eroe del gioco non è Link (l'eroe di The Legend of Zelda). Invece, BS Zelda è strettamente associato alla storia presentata nella cartuccia dell'interfaccia BS-X, con l'Eroe della Luce che rappresenta effettivamente l'avatar di BS-X secondo la trama di BS Zelda. Un altro fattore importante nella trama di BS Zelda è il fatto che la storia è più strettamente correlata alla storia raccontata in The Legend of Zelda: A Link to the Past. Entrambe le trame riprendono dopo la conclusione di Kamigami no Triforce - un fatto che per Inishie no Sekiban produce una delle tante incongruenze/contraddizioni della trama per le quali la serie è diventata nota.
BS Zelda no Densetsu - Dai-2-wa (Japan) (SoundLink)	BS Zelda no Densetsu è un gioco Soundlink scaricabile in 4 parti per Satellaview che è stato trasmesso in almeno 5 serie distinte tra il 6 agosto 1995 e il 4 gennaio 1997. Nella mezz'ora è stato trasmesso anche un programma chiamato BS Zelda no Asobikata prima delle trasmissioni di BS Zelda. Questo programma sembra essere stato un tutorial radiofonico che insegna ai giocatori come giocare a BS Zelda. Il gameplay attinge direttamente da The Legend of Zelda. La trama di BS Zelda varia considerevolmente dalla trama dell'originale a causa in gran parte del fatto che l'eroe del gioco non è Link (l'eroe di The Legend of Zelda). Invece, BS Zelda è strettamente associato alla storia presentata nella cartuccia dell'interfaccia BS-X, con l'Eroe della Luce che rappresenta effettivamente l'avatar di BS-X secondo la trama di BS Zelda. Un altro fattore importante nella trama di BS Zelda è il fatto che la storia è più strettamente correlata alla storia raccontata in The Legend of Zelda: A Link to the Past. Entrambe le trame riprendono dopo la conclusione di Kamigami no Triforce - un fatto che per Inishie no Sekiban produce una delle tante incongruenze/contraddizioni della trama per le quali la serie è diventata nota.
BS Zelda no Densetsu - Dai-3-wa (Japan) (SoundLink)	BS Zelda no Densetsu è un gioco Soundlink scaricabile in 4 parti per Satellaview che è stato trasmesso in almeno 5 serie distinte tra il 6 agosto 1995 e il 4 gennaio 1997. Nella mezz'ora è stato trasmesso anche un programma chiamato BS Zelda no Asobikata prima delle trasmissioni di BS Zelda. Questo programma sembra essere stato un tutorial radiofonico che insegna ai giocatori come giocare a BS Zelda. Il gameplay attinge direttamente da The Legend of Zelda. La trama di BS Zelda varia considerevolmente dalla trama dell'originale a causa in gran parte del fatto che l'eroe del gioco non è Link (l'eroe di The Legend of Zelda). Invece, BS Zelda è strettamente associato alla storia presentata nella cartuccia dell'interfaccia BS-X, con l'Eroe della Luce che rappresenta effettivamente l'avatar di BS-X secondo la trama di BS Zelda. Un altro fattore importante nella trama di BS Zelda è il fatto che la storia è più strettamente correlata alla storia raccontata in The Legend of Zelda: A Link to the Past. Entrambe le trame riprendono dopo la conclusione di Kamigami no Triforce - un fatto che per Inishie no Sekiban produce una delle tante incongruenze/contraddizioni della trama per le quali la serie è diventata nota.
BS Zelda no Densetsu - Dai-4-wa (Japan) (Rerun) (SoundLink)	BS Zelda no Densetsu è un gioco Soundlink scaricabile in 4 parti per Satellaview che è stato trasmesso in almeno 5 serie distinte tra il 6 agosto 1995 e il 4 gennaio 1997. Nella mezz'ora è stato trasmesso anche un programma chiamato BS Zelda no Asobikata prima delle trasmissioni di BS Zelda. Questo programma sembra essere stato un tutorial radiofonico che insegna ai giocatori come giocare a BS Zelda. Il gameplay attinge direttamente da The Legend of Zelda. La trama di BS Zelda varia considerevolmente dalla trama dell'originale a causa in gran parte del fatto che l'eroe del gioco non è Link (l'eroe di The Legend of Zelda). Invece, BS Zelda è strettamente associato alla storia presentata nella cartuccia dell'interfaccia BS-X, con l'Eroe della Luce che rappresenta effettivamente l'avatar di BS-X secondo la trama di BS Zelda. Un altro fattore importante nella trama di BS Zelda è il fatto che la storia è più strettamente correlata alla storia raccontata in The Legend of Zelda: A Link to the Past. Entrambe le trame riprendono dopo la conclusione di Kamigami no Triforce - un fatto che per Inishie no Sekiban produce una delle tante incongruenze/contraddizioni della trama per le quali la serie è diventata nota.
BS Zelda no Densetsu - Inishie no Sekiban - Dai-1-wa (Japan) (SoundLink)	A differenza della prima puntata di BS Zelda che riprendeva la storia del primo gioco della serie, questo episodio ha una storia tutta sua. Tuttavia, Link rimane assente da questa avventura a favore dell'avatar del sistema BS, chiamato Hero of Light (o Heroine, a seconda del sesso scelto dal giocatore) e presumibilmente proveniente da un mondo estraneo a Hyrule. Secondo una visione della principessa Zelda, l'eroe appare per raccogliere otto tavolette di pietra (due a settimana) e salvare così Hyrule da un grande pericolo. Durante l'ultima settimana, sembra che questo pericolo non sia altro che Ganon. Alla fine del gioco, l'eroe rimette Excalibur nella sua base e torna nel suo mondo.
BS Zelda no Densetsu - Inishie no Sekiban - Dai-2-wa (Japan) (SoundLink)	A differenza della prima puntata di BS Zelda che riprendeva la storia del primo gioco della serie, questo episodio ha una storia tutta sua. Tuttavia, Link rimane assente da questa avventura a favore dell'avatar del sistema BS, chiamato Hero of Light (o Heroine, a seconda del sesso scelto dal giocatore) e presumibilmente proveniente da un mondo estraneo a Hyrule. Secondo una visione della principessa Zelda, l'eroe appare per raccogliere otto tavolette di pietra (due a settimana) e salvare così Hyrule da un grande pericolo. Durante l'ultima settimana, sembra che questo pericolo non sia altro che Ganon. Alla fine del gioco, l'eroe rimette Excalibur nella sua base e torna nel suo mondo.
BS Zelda no Densetsu - Inishie no Sekiban - Dai-3-wa (Japan) (SoundLink)	A differenza della prima puntata di BS Zelda che riprendeva la storia del primo gioco della serie, questo episodio ha una storia tutta sua. Tuttavia, Link rimane assente da questa avventura a favore dell'avatar del sistema BS, chiamato Hero of Light (o Heroine, a seconda del sesso scelto dal giocatore) e presumibilmente proveniente da un mondo estraneo a Hyrule. Secondo una visione della principessa Zelda, l'eroe appare per raccogliere otto tavolette di pietra (due a settimana) e salvare così Hyrule da un grande pericolo. Durante l'ultima settimana, sembra che questo pericolo non sia altro che Ganon. Alla fine del gioco, l'eroe rimette Excalibur nella sua base e torna nel suo mondo.
BS Zelda no Densetsu - Inishie no Sekiban - Dai-4-wa (Japan) (SoundLink)	A differenza della prima puntata di BS Zelda che riprendeva la storia del primo gioco della serie, questo episodio ha una storia tutta sua. Tuttavia, Link rimane assente da questa avventura a favore dell'avatar del sistema BS, chiamato Hero of Light (o Heroine, a seconda del sesso scelto dal giocatore) e presumibilmente proveniente da un mondo estraneo a Hyrule. Secondo una visione della principessa Zelda, l'eroe appare per raccogliere otto tavolette di pietra (due a settimana) e salvare così Hyrule da un grande pericolo. Durante l'ultima settimana, sembra che questo pericolo non sia altro che Ganon. Alla fine del gioco, l'eroe rimette Excalibur nella sua base e torna nel suo mondo.
BS Zelda no Densetsu - Map 2 - Dai-1-wa (Japan) (SoundLink)	BS Zelda no Densetsu è un gioco Soundlink scaricabile in 4 parti per Satellaview che è stato trasmesso in almeno 5 serie distinte tra il 6 agosto 1995 e il 4 gennaio 1997. Nella mezz'ora è stato trasmesso anche un programma chiamato BS Zelda no Asobikata prima delle trasmissioni di BS Zelda. Questo programma sembra essere stato un tutorial radiofonico che insegna ai giocatori come giocare a BS Zelda. Il gameplay attinge direttamente da The Legend of Zelda. La trama di BS Zelda varia considerevolmente dalla trama dell'originale a causa in gran parte del fatto che l'eroe del gioco non è Link (l'eroe di The Legend of Zelda). Invece, BS Zelda è strettamente associato alla storia presentata nella cartuccia dell'interfaccia BS-X, con l'Eroe della Luce che rappresenta effettivamente l'avatar di BS-X secondo la trama di BS Zelda. Un altro fattore importante nella trama di BS Zelda è il fatto che la storia è più strettamente correlata alla storia raccontata in The Legend of Zelda: A Link to the Past. Entrambe le trame riprendono dopo la conclusione di Kamigami no Triforce - un fatto che per Inishie no Sekiban produce una delle tante incongruenze/contraddizioni della trama per le quali la serie è diventata nota.
BS Zelda no Densetsu - Map 2 - Dai-2-wa (Japan) (SoundLink)	BS Zelda no Densetsu è un gioco Soundlink scaricabile in 4 parti per Satellaview che è stato trasmesso in almeno 5 serie distinte tra il 6 agosto 1995 e il 4 gennaio 1997. Nella mezz'ora è stato trasmesso anche un programma chiamato BS Zelda no Asobikata prima delle trasmissioni di BS Zelda. Questo programma sembra essere stato un tutorial radiofonico che insegna ai giocatori come giocare a BS Zelda. Il gameplay attinge direttamente da The Legend of Zelda. La trama di BS Zelda varia considerevolmente dalla trama dell'originale a causa in gran parte del fatto che l'eroe del gioco non è Link (l'eroe di The Legend of Zelda). Invece, BS Zelda è strettamente associato alla storia presentata nella cartuccia dell'interfaccia BS-X, con l'Eroe della Luce che rappresenta effettivamente l'avatar di BS-X secondo la trama di BS Zelda. Un altro fattore importante nella trama di BS Zelda è il fatto che la storia è più strettamente correlata alla storia raccontata in The Legend of Zelda: A Link to the Past. Entrambe le trame riprendono dopo la conclusione di Kamigami no Triforce - un fatto che per Inishie no Sekiban produce una delle tante incongruenze/contraddizioni della trama per le quali la serie è diventata nota.
BS Zelda no Densetsu - Map 2 - Dai-3-wa (Japan) (SoundLink)	BS Zelda no Densetsu è un gioco Soundlink scaricabile in 4 parti per Satellaview che è stato trasmesso in almeno 5 serie distinte tra il 6 agosto 1995 e il 4 gennaio 1997. Nella mezz'ora è stato trasmesso anche un programma chiamato BS Zelda no Asobikata prima delle trasmissioni di BS Zelda. Questo programma sembra essere stato un tutorial radiofonico che insegna ai giocatori come giocare a BS Zelda. Il gameplay attinge direttamente da The Legend of Zelda. La trama di BS Zelda varia considerevolmente dalla trama dell'originale a causa in gran parte del fatto che l'eroe del gioco non è Link (l'eroe di The Legend of Zelda). Invece, BS Zelda è strettamente associato alla storia presentata nella cartuccia dell'interfaccia BS-X, con l'Eroe della Luce che rappresenta effettivamente l'avatar di BS-X secondo la trama di BS Zelda. Un altro fattore importante nella trama di BS Zelda è il fatto che la storia è più strettamente correlata alla storia raccontata in The Legend of Zelda: A Link to the Past. Entrambe le trame riprendono dopo la conclusione di Kamigami no Triforce - un fatto che per Inishie no Sekiban produce una delle tante incongruenze/contraddizioni della trama per le quali la serie è diventata nota.
BS Zelda no Densetsu - Map 2 - Dai-4-wa (Japan) (SoundLink) [b]	BS Zelda no Densetsu è un gioco Soundlink scaricabile in 4 parti per Satellaview che è stato trasmesso in almeno 5 serie distinte tra il 6 agosto 1995 e il 4 gennaio 1997. Nella mezz'ora è stato trasmesso anche un programma chiamato BS Zelda no Asobikata prima delle trasmissioni di BS Zelda. Questo programma sembra essere stato un tutorial radiofonico che insegna ai giocatori come giocare a BS Zelda. Il gameplay attinge direttamente da The Legend of Zelda. La trama di BS Zelda varia considerevolmente dalla trama dell'originale a causa in gran parte del fatto che l'eroe del gioco non è Link (l'eroe di The Legend of Zelda). Invece, BS Zelda è strettamente associato alla storia presentata nella cartuccia dell'interfaccia BS-X, con l'Eroe della Luce che rappresenta effettivamente l'avatar di BS-X secondo la trama di BS Zelda. Un altro fattore importante nella trama di BS Zelda è il fatto che la storia è più strettamente correlata alla storia raccontata in The Legend of Zelda: A Link to the Past. Entrambe le trame riprendono dopo la conclusione di Kamigami no Triforce - un fatto che per Inishie no Sekiban produce una delle tante incongruenze/contraddizioni della trama per le quali la serie è diventata nota.
Chou Aniki - Bakuretsu Rantou Hen (Japan)	Una demo del gioco Super Famicom con lo stesso nome. Botei è tornato per l'undicesimo Galaxy Bodybuilding Competition dopo la sua sconfitta contro Idaten, Samson e Adon, e mira alla vittoria per diventare il più grande culturista della galassia. Idaten deve allenare il suo corpo e la sua mente, diventare scolpito, oliato e muscoloso per dimostrare di essere il vero re delle proteine e il più grande corpo della galassia.
Chrono Trigger - Character Zukan (Japan)	BS Chrono Trigger: Character Library è essenzialmente un bestiario contenente non solo tutti i personaggi giocabili, ma anche tutti i nemici. Il gioco è stato rilasciato solo per il Giappone Satellaview nel 1995, ed è stato sviluppato da Squaresoft e pubblicato da Nintendo. Il gioco non è altro che un componente aggiuntivo di Chrono Trigger, contenente ogni sprite per ogni personaggio e nemico, oltre a una breve descrizione di ciascuno. BS Chrono Trigger: la libreria dei personaggi è inclusa anche in Final Fantasy Chronicles.
Chrono Trigger - Jet Bike Special (Japan)	BS Chrono Trigger: Character Library è essenzialmente un bestiario contenente non solo tutti i personaggi giocabili, ma anche tutti i nemici. Il gioco è stato rilasciato solo per il Giappone Satellaview nel 1995, ed è stato sviluppato da Squaresoft e pubblicato da Nintendo. Il gioco non è altro che un componente aggiuntivo di Chrono Trigger, contenente ogni sprite per ogni personaggio e nemico, oltre a una breve descrizione di ciascuno. BS Chrono Trigger: la libreria dei personaggi è inclusa anche in Final Fantasy Chronicles.
Chrono Trigger - Music Library (Japan)	BS Chrono Trigger: Character Library è essenzialmente un bestiario contenente non solo tutti i personaggi giocabili, ma anche tutti i nemici. Il gioco è stato rilasciato solo per il Giappone Satellaview nel 1995, ed è stato sviluppato da Squaresoft e pubblicato da Nintendo. Il gioco non è altro che un componente aggiuntivo di Chrono Trigger, contenente ogni sprite per ogni personaggio e nemico, oltre a una breve descrizione di ciascuno. BS Chrono Trigger: la libreria dei personaggi è inclusa anche in Final Fantasy Chronicles.
Cock-A-Doodle-Do (Japan) (4-27) (Data Pack)	&quot;Cock-A-Doodle-Do&quot; riguarda le disavventure di un ragazzo alcolizzato di nome Nicole (sfortunatamente per lui), che ha recentemente perso tutta la sua fortuna e il suo ultimo possesso, un pollo domestico di nome Pal. Pal combatte i bracconieri di animali, fa amicizia con un gatto e una fata e forse in seguito nel gioco compie atti eroici simili a quelli dei JRPG.
Columbus no Tamagoyaki - Dai-1-kai (Japan) (7-5) (Magazine)	&quot;Columbus no Tamago Yaki&quot; è una rivista digitale scaricabile che è stata trasmessa in almeno 4 segmenti per il Satellaview tra il 5 luglio 1999 e il 22 agosto 1999.
Columbus no Tamagoyaki - Dai-2-kai (Japan) (3-15) (Magazine)	&quot;Columbus no Tamago Yaki&quot; è una rivista digitale scaricabile che è stata trasmessa in almeno 4 segmenti per il Satellaview tra il 5 luglio 1999 e il 22 agosto 1999.
Columbus no Tamagoyaki - Dai-3-kai (Japan) (7-19) (Magazine)	&quot;Columbus no Tamago Yaki&quot; è una rivista digitale scaricabile che è stata trasmessa in almeno 4 segmenti per il Satellaview tra il 5 luglio 1999 e il 22 agosto 1999.
Daibakushou Jinsei Gekijou (Japan)	Daibakushou Jinseigekijou: Ooedo Nikki è un gioco scaricabile con visualizzazione limitata per Satellaview che è stato trasmesso in almeno 4 sessioni tra il 2 marzo 1997 e il 21 febbraio 1998. Dal 15 novembre 1998 in poi, il gioco ha perso i sottotitoli per diventare semplicemente Daibakushou Jinseigekijou.
Dandan Belt Conveyor - Gyuunyuu no Maki (Japan) (Magazine)	DanDan Belt Conveyor - Gyuunyuu no Maki è una rivista digitale scaricabile per il Satellaview. La rivista è gemella di DanDan Belt Conveyor - Ukulele no Maki (marzo 1998), entrambe che compongono la serie DanDan Belt Conveyor.
Dandan Belt Conveyor - Ukulele no Maki (Japan) (Magazine) [b]	&quot;DanDan Belt Conveyor - Ukulele no Maki&quot; è una rivista digitale scaricabile per il Satellaview. La rivista fa parte della serie DanDan Belt Conveyor insieme a &quot;DanDan Belt Conveyor - Gyuunyuu no Maki&quot; (marzo 1998).
Darius Force (Japan) (En) (3-3)	Per innumerevoli millenni, il tiranno spaziale Belser e i suoi predoni cosmici hanno terrorizzato questa una volta pacifica galassia. Ora, nessun settore è al sicuro da questi mercenari stellari e dal loro malvagio impero. La Federazione Galattica ha finalmente chiamato due dei suoi piloti migliori e le loro eleganti navicelle da guerra Silver Hawk per combattere le minacce metalliche malvagie di Belser e reclamare l'amato pianeta Darius. Prendi il comando nella cabina di pilotaggio per una missione individuale contro le forze di Belser; oppure affronta i nemici con un altro pilota della Federazione in un attacco di squadra simultaneo a due giocatori. Il futuro della galassia dipende dal successo di questa pericolosa missione.
DerbyStal 96 - Taiou 97-nendo Ban (Japan) (12-3) (Data Pack)	Il set finale di dati, con statistiche aggiornate per l'anno 1997, di questa versione Satellaview del gioco Super Famicom Derby Stallion 96.
Dezaemon BSX Version - BS-X Shooting (Japan) (En) (4-30)	Il primo dei tre giochi della &quot;trilogia Satella-shooting&quot;, questo piccolo sparatutto realizzato con il motore Dezaemon è breve ma folle e caotico. Lancia pacchetti 8M ai tuoi nemici! Affronta avversari come un cane surfista e uno squalo baciante! Attento ai nemici con strani volti quasi realistici incollati su di loro!
Dezaemon BSX Version - Sugoi STG 2 - Crystal Guardian (Japan) (En) (7-8)	Il terzo della serie di giochi creati dagli utenti, Crystal Guardian utilizza il motore Dezaemon, uno strumento per la creazione di shoot'em up per il Super Famicom. Vincitore di un concorso ufficiale di creazione di giochi, il gioco tecnicamente impressionante mette un angelo robotico contro un'armata di mostri, boss con sprite giganteschi ed esplosioni enormi.
Dokapon Gaiden - Honoo no Audition (Japan) (5-19)	Dokapon Gaiden: Honoo no Audition è un gioco scaricabile a tempo limitato per il Satellaview che è stato trasmesso almeno in due sessioni tra il 1º febbraio 1998 e il 28 novembre 1998. Prima del 1º febbraio 1998, il gioco era semplicemente chiamato Dokapon Gaiden.
Dokapon Gaiden - Honoo no Audition (Japan) (9-12)	Dokapon Gaiden: Honoo no Audition è un gioco scaricabile a tempo limitato per il Satellaview che è stato trasmesso almeno in due sessioni tra il 1º febbraio 1998 e il 28 novembre 1998. Prima del 1º febbraio 1998, il gioco era semplicemente chiamato Dokapon Gaiden.
Dr. Mario BS (Japan) (En) (1-8)	Dr. Mario BS Version è un videogioco per Satellaview uscito nel 1997 per il Super Famicom. Si tratta di una versione modificata del popolare gioco Dr. Mario ed è stato distribuito solo in Giappone. È stato l'ultimo gioco trasmesso tramite il Satellaview. È un gioco di puzzle in cui l'obiettivo è sconfiggere germi di diversi colori utilizzando vitamine dello stesso colore. Fondamentalmente è come ottenere quattro elementi in fila, simile a Tetris (conteggio della riga o della colonna), o per dirla in altri termini, per sconfiggere ciascun germe, devono essere presenti tre metà dello stesso colore vicino al germe. Queste metà non devono essere necessariamente sulla stessa pillola. I germi si moltiplicheranno man mano che si avanza di livello.
Dragon Slayer - Eiyuu Densetsu (Japan) (5-12)	Diversamente dai precedenti giochi di Dragon Slayer, che erano tutti action RPG a scorrimento laterale, The Legend of Heroes è un RPG a turni molto più diretto, simile a Dragon Quest. Consentiva un party di fino a quattro personaggi e presentava alcuni miglioramenti moderni, come la possibilità per il giocatore di distribuire statistiche dopo un aumento di livello, di selezionare mostri separati e di ricominciare una battaglia se il proprio gruppo veniva eliminato. Ha ricevuto un seguito diretto, Dragon Slayer: The Legend of Heroes II, prima che la serie abbandonasse il prefisso Dragon Slayer e continuasse come proprietà separata di Falcom.
Dynami Tracer (Japan)	&quot;Dynami Tracer&quot; è un curioso mix tra esplorazione RPG e corse. È stato rilasciato esclusivamente per il sistema Satellaview della Nintendo, che inviava giochi al Super Famicom attraverso segnali satellitari, richiedendo un adattatore speciale per ricevere e decodificare i dati. Ciò significa che &quot;Dynami Tracer&quot; non è mai stato pubblicato sotto forma di cartuccia e, di conseguenza, non è disponibile per l'acquisto da nessuna parte. L'aspetto RPG coinvolge principalmente il tuo personaggio che viaggia da stella a stella, interagendo con i coloriti abitanti e raccogliendo informazioni. Di tanto in tanto, ti ritroverai coinvolto in una gara.
Excitebike - Bunbun Mario Battle - Stadium 1 (Japan) (6-29) (SoundLink)	&quot;BS Excitebike Bun Bun Mario Stadium&quot; è stato un gioco pubblicato in quattro versioni scaricabili sul servizio di download Satellaview. Conosciuto anche come Mario Excitebike, è stato rilasciato solo in Giappone nel 1996 ed è il sequel meno conosciuto del gioco NES Excitebike. Ogni versione ha aggiunto un certo numero di nuovi personaggi, arrivando a un totale di sei personaggi. Il gioco si gioca in modo simile a Excitebike su NES, anche se presenta alcune differenze. Una di esse è la possibilità per il giocatore di raccogliere monete lungo la pista (che non fanno altro che aumentare il punteggio). L'unico altro cambiamento è la modalità SUPER aggiunta, che dava al giocatore un boost infinito.
Excitebike - Bunbun Mario Battle - Stadium 2 (Japan) (7-6) (SoundLink)	&quot;BS Excitebike Bun Bun Mario Stadium&quot; è stato un gioco pubblicato in quattro versioni scaricabili sul servizio di download Satellaview. Conosciuto anche come Mario Excitebike, è stato rilasciato solo in Giappone nel 1996 ed è il sequel meno conosciuto del gioco NES Excitebike. Ogni versione ha aggiunto un certo numero di nuovi personaggi, arrivando a un totale di sei personaggi. Il gioco si gioca in modo simile a Excitebike su NES, anche se presenta alcune differenze. Una di esse è la possibilità per il giocatore di raccogliere monete lungo la pista (che non fanno altro che aumentare il punteggio). L'unico altro cambiamento è la modalità SUPER aggiunta, che dava al giocatore un boost infinito.
Excitebike - Bunbun Mario Battle - Stadium 3 (Japan) (2-8) (SoundLink)	&quot;BS Excitebike Bun Bun Mario Stadium&quot; è stato un gioco pubblicato in quattro versioni scaricabili sul servizio di download Satellaview. Conosciuto anche come Mario Excitebike, è stato rilasciato solo in Giappone nel 1996 ed è il sequel meno conosciuto del gioco NES Excitebike. Ogni versione ha aggiunto un certo numero di nuovi personaggi, arrivando a un totale di sei personaggi. Il gioco si gioca in modo simile a Excitebike su NES, anche se presenta alcune differenze. Una di esse è la possibilità per il giocatore di raccogliere monete lungo la pista (che non fanno altro che aumentare il punteggio). L'unico altro cambiamento è la modalità SUPER aggiunta, che dava al giocatore un boost infinito.
Excitebike - Bunbun Mario Battle - Stadium 4 (Japan) (2-17) (SoundLink)	&quot;BS Excitebike Bun Bun Mario Stadium&quot; è stato un gioco pubblicato in quattro versioni scaricabili sul servizio di download Satellaview. Conosciuto anche come Mario Excitebike, è stato rilasciato solo in Giappone nel 1996 ed è il sequel meno conosciuto del gioco NES Excitebike. Ogni versione ha aggiunto un certo numero di nuovi personaggi, arrivando a un totale di sei personaggi. Il gioco si gioca in modo simile a Excitebike su NES, anche se presenta alcune differenze. Una di esse è la possibilità per il giocatore di raccogliere monete lungo la pista (che non fanno altro che aumentare il punteggio). L'unico altro cambiamento è la modalità SUPER aggiunta, che dava al giocatore un boost infinito.
F-Zero (Japan) (4-4)	&quot;F-Zero&quot; è un gioco di corse futuristico in cui i personaggi controllano auto volanti e gareggiano in un torneo intergalattico. In totale ci sono quattro personaggi con il proprio veicolo, ognuno con caratteristiche diverse. Una gara consiste nel completare cinque giri lungo una pista, ed è obbligatorio terminare ciascuno di essi in una delle prime posizioni per evitare di essere squalificati. Quando si completa un giro, il giocatore è premiato con un potere chiamato &quot;Super Jet&quot;, che dura circa sei secondi. L'obiettivo del gioco è sconfiggere gli altri personaggi attraversando il traguardo alla fine di una gara, evitando certe zone dannose all'interno delle piste. Ogni veicolo ha il proprio indicatore di energia, che funziona come misura della resistenza delle macchine; questo diminuisce ogni volta che il giocatore attraversa una zona sabbiosa o collide, e l'energia può essere ricaricata passando per una zona di pit stop.
Firemen, The (Japan) (2-9)	Giochi come pompiere, insieme, tu e la tua squadra venite mandati in un grande edificio che sta andando a fuoco. La tua missione è salvare le persone all'interno dell'edificio e anche spegnere il fuoco. Usa il tuo cannone ad acqua per spegnere il fuoco o usa la tua bomba ad acqua per spegnere fiamme più grandi. Assicurati di ascoltare ogni parola che ti dice il tuo compagno di squadra, o potresti essere un brindisi.
Gambler Jiko Chuushinha 2 - Dorapon Quest (Japan) (12-19)	Una versione Satellaview del gioco Super Famicom omonimo. Un gioco di mahjong basato sul manga di Katayama Masayuki, Gambler Jiko Chuushinha. Come il primo gioco per Super Famicom sottotitolato Super Zugan, anch'esso basato su un manga creato da Katayama Masayuki, Dorapon Quest presenta le sue varie partite di mahjong come &quot;battaglie&quot; in un RPG.
Golf Daisuki! O.B. Club (Japan) (4-3)	&quot;Golf Daisuki! O.B. Club&quot; è un gioco di golf scaricabile limitato alla visualizzazione per il Satellaview, inizialmente trasmesso tra il 10 agosto 1997 e il 23 agosto 1997. Il gioco è stato ritrasmesso almeno 4 volte fino al 30 marzo 1998. La rivista Electronic Gaming Monthly ha realizzato un'anteprima di questo gioco. La loro anteprima aveva un logo in lingua inglese anche se il gioco non è mai stato pubblicato negli Stati Uniti in nessuna forma.
Heisei Gunjin Shougi (Japan)	&quot;Heisei Gunjin Shougi&quot; è un gioco tradizionale giapponese. Si inizia scegliendo un luogo nella città in cui si svolgerà il gioco, quindi dopo una breve scena introduttiva, si posizionano piccoli personaggi sulle caselle. Il gioco inizia poi ufficialmente. La scacchiera consiste nel decoro scelto, diviso in caselle. Si muovono questi &quot;pedoni&quot; a turno, rispettando le regole per muovere gli Shougi e quando due pezzi si incontrano, viene mostrata una piccola scena che rappresenta il loro &quot;combattimento&quot;.
Ikari no Yousai (Japan) (7-5)	&quot;Ikari no Yousai&quot; è un gioco scaricabile a tempo limitato per il Satellaview che è stato trasmesso almeno in due sessioni tra il 1º febbraio 1998 e il 19 dicembre 1998.
Jewel of Live (Japan)	Jewel of Live is the first part of the broadcast of RPG Tsukuru, known in the West as RPG Maker, on the Satellaview. Both a RPG-creation software and a video game, it features a rich story and nice graphics.
Jewel of Live II (Japan)	Jewel of Live II è la seconda parte della trasmissione di RPG Tsukuru, conosciuto in Occidente come RPG Maker, su Satellaview. Sia un software di creazione di RPG che un videogioco, presenta una trama ricca e grafiche piacevoli.
Kaizou Choujin Shubibinman Zero (Japan) (6-4)	Il gioco è un sequel degli action platformer Shubibinman sviluppati esclusivamente per il Turbografx, ora adattato per il SNES. Una nuova banda di teppisti potenziati da cyborg minaccia la pace nella città, così &quot;Doc&quot; decide di mettere alla prova le sue nuove creazioni: Raita e Azuki, inviandoli per distruggere tutti i cattivi e ripristinare la pace. Il gioco si svolge come un platformer d'azione in 2D, come i precedenti titoli della serie, in cui si procede attraverso ogni livello picchiando nemici e raccogliendo potenziamenti per migliorare le proprie abilità. Per la prima volta, ogni personaggio ha abilità e attacchi unici; inoltre, ciascun personaggio dispone di un attacco caricabile che può essere usato per energizzare il tuo compagno, incoraggiando così il teamwork nella modalità cooperativa a due giocatori.
Kessen! Dokapon Oukoku IV - Densetsu no Yuusha-tachi (Japan) (8-3)	&quot;Kessen! Dokapon Okukoku IV: Densetsu no Yuusha Tachi&quot; è un mix tra un RPG e un gioco da tavolo multiplayer. I giocatori muovono i loro eroi sulla plancia, guadagnando livelli, trovando equipaggiamento e alla fine salvando un regno dall'avanzare dei mostri. L'obiettivo è sconfiggere i mostri designati prima degli altri giocatori.
Kid Klown no Crazy Chase (Japan) (5-9)	Kid Klown in Crazy Chase è un videogioco platform sviluppato e pubblicato da Kemco per il Super Nintendo Entertainment System. È stato rilasciato in Nord America nel settembre 1994, in Giappone il 21 ottobre 1994 e in Europa nello stesso anno. Il gioco presenta Kid Klown, il personaggio giocante incaricato di salvare la Principessa Honey dal malvagio Black Jack. I giocatori vedono il gameplay da una prospettiva isometrica mentre Kid Klown insegue una miccia accesa per impedirle di raggiungere una bomba a picca. Il gioco è stato ripubblicato per il Game Boy Advance e presenta 11 nuovi livelli, quattro mini-giochi e una modalità multiplayer.
Kiki Kaikai - Nazo no Kuro Manteau (Japan) (6-6)	Questa è la versione giapponese di Pocky and Rocky. Una sacerdotessa di un santuario e un goblin Nopino indagano sul perché gli altri goblin si stanno comportando male. Si tratta di un divertente sparatutto molto apprezzato e divertente.
Kirby no Omochabako - Arrange Ball (Japan)	Il giocatore ha il compito di lanciare Kirbys sferici nei nove buchi occupati da Mr. Frosty. Al giocatore viene dato un certo numero di Kirbys da lanciare e il gioco termina quando si esauriscono i Kirbys da sparare. Il giocatore può scegliere quanto potere mettere in ogni lancio. Vengono assegnati punti se il giocatore riesce a far atterrare tre Kirbys in fila: più file il giocatore completa, più punti guadagnerà.
Kirby no Omochabako - Baseball (3-13) + Kirby no Omochabako - Ball Rally (Premiere) (1996-2-25) (Japan) [b]	Kirby's Toy Box è il nome tradotto di una piccola serie di sotto-giochi di Kirby intitolata (Kabi no Omochabako, che significa La Scatola dei Giocattoli di Kirby) in Giappone. La serie Kirby's Toy Box veniva trasmessa tramite la prima forma di distribuzione digitale della Nintendo, la rete satellitare Satellaview, e, a seconda del momento in cui il giocatore si connetteva alla rete, erano disponibili giochi diversi in momenti diversi. Questi potevano essere scaricati sull'unità base del Satellaview o su una cartuccia ROM riscrivibile da 8 megabit compatibile con il Satellaview, chiamata &quot;Memory Pak&quot;. Poiché questi giochi non utilizzavano la tecnologia di trasmissione audio in tempo reale SoundLink utilizzata da altri giochi Satellaview, dopo essere stati scaricati, potevano essere giocati in qualsiasi momento dopo la trasmissione, purché non fossero stati eliminati o sovrascritti.
Kirby no Omochabako - Baseball (Japan) (Premiere) (1996-2-9)	Kirby's Toy Box è il nome tradotto di una piccola serie di sotto-giochi di Kirby intitolata (Kabi no Omochabako, che significa La Scatola dei Giocattoli di Kirby) in Giappone. La serie Kirby's Toy Box veniva trasmessa tramite la prima forma di distribuzione digitale della Nintendo, la rete satellitare Satellaview, e, a seconda del momento in cui il giocatore si connetteva alla rete, erano disponibili giochi diversi in momenti diversi. Questi potevano essere scaricati sull'unità base del Satellaview o su una cartuccia ROM riscrivibile da 8 megabit compatibile con il Satellaview, chiamata &quot;Memory Pak&quot;. Poiché questi giochi non utilizzavano la tecnologia di trasmissione audio in tempo reale SoundLink utilizzata da altri giochi Satellaview, dopo essere stati scaricati, potevano essere giocati in qualsiasi momento dopo la trasmissione, purché non fossero stati eliminati o sovrascritti.
Kirby no Omochabako - Cannon Ball (Japan)	&quot;Kirby no Omochabako: Cannonball&quot; è uno dei minigiochi di Kirby no Omochabako (Kirby's Toy Box) per il servizio Satellaview. Il giocatore controlla un gigantesco robot con l'obiettivo di distruggere un altro gigantesco robot, utilizzando i Kirbys come munizioni. Simile alla serie di giochi Worms, ci sono terreni che possono essere distrutti in un modo che può aiutare il giocatore (ad esempio, dandogli più spazio per sparare).
Kirby no Omochabako - Guruguru Ball (Japan)	Il gioco consiste nel spedire Kirby attraverso un lungo tubo progettato attorno al mid-boss Efreeti. Il giocatore deve far atterrare Kirby nel buco con il punteggio più alto possibile e evitare i buchi precedenti con la giusta quantità di velocità.
Kirby no Omochabako - Hoshi Kuzushi (Japan)	Un gioco in stile breakout in cui il giocatore controlla Kirby con personaggi simili a Rick che tengono la pagaia. Ci sono sei livelli, con King Dedede come boss del Livello 6.
Kirby no Omochabako - Pachinko (Japan)	Il gioco coinvolge l'invio di Kirby attraverso una macchina simile a un flipper giapponese (pachinko). Il giocatore deve far atterrare Kirby in specifiche tasche e sono disponibili punti bonus se si colpisce il grande Kirby al centro della sala.
Kirby no Omochabako - Pinball (Japan)	Il gioco è un tavolo da flipper a tema Kirby, con vari personaggi della serie che appaiono, come King Dedede, Mr. Frosty e Kracko. I giocatori controllano Kirby come la palla e devono mantenere Kirby nel tavolo da flipper per al massimo tre volte prima che il gioco finisca.
Kodomo Chousadan Mighty Pockets - Chousa 1 - Junk-ya Black no Ie (Japan) (SoundLink)	&quot;Kodomo Chousadan Mighty Pockets&quot; è un gioco da tavolo con un tema investigativo simile al gioco di Cluedo. Tuttavia, le regole del gioco sono notevolmente diverse. Durante il gioco, viene utilizzata la narrazione SoundLink, che include rap su campionamenti sonori di Michael Jackson e remix di programmi televisivi americani degli anni '50.
Kodomo Chousadan Mighty Pockets - Chousa 2 - Hanzai Toshi Big Apple (Japan) (SoundLink)	&quot;Kodomo Chousadan Mighty Pockets&quot; è un gioco da tavolo con un tema investigativo simile al gioco di Cluedo. Tuttavia, le regole del gioco sono notevolmente diverse. Durante il gioco, viene utilizzata la narrazione SoundLink, che include rap su campionamenti sonori di Michael Jackson e remix di programmi televisivi americani degli anni '50.
Kodomo Chousadan Mighty Pockets - Chousa 3 - Kyakusen Queen Patra no Nazo (Japan) (1998-3-24) (SoundLink)	&quot;Kodomo Chousadan Mighty Pockets&quot; è un gioco da tavolo con un tema investigativo simile al gioco di Cluedo. Tuttavia, le regole del gioco sono notevolmente diverse. Durante il gioco, viene utilizzata la narrazione SoundLink, che include rap su campionamenti sonori di Michael Jackson e remix di programmi televisivi americani degli anni '50.
Koi wa Balance - Tatoeba K-kun no Tabou na Ichinichi Hen (Japan)	&quot;Koi wa Balance: Tatoeba K-kun no Tabou na Ichinichi Hen&quot; è un gioco scaricabile per il Satellaview che è stato trasmesso per la prima volta il 27 gennaio 1996. Il gioco è un gioco da tavolo e presenta, tra gli altri personaggi, sia Gaspar che Johnny dal precedente titolo di Square, Chrono Trigger.
Kouryaku Casino Bar Mokuyoubi - Poker (Japan)	Un gioco d'azzardo che consente, tra le altre cose, di giocare a poker utilizzando il proprio avatar del Satellaview.
Lemmings (Japan) (En)	Migliaia di Lemmings sono in fuga, marciando verso l'estinzione a meno che tu non riesca a salvarli. Senza una propria volontà, sono completamente indifesi, seguendo fedelmente il loro capo attraverso 125 livelli di fuochi ardenti, canyon infiniti, tunnel mortali e antiche rovine. Tu, da solo o con un amico, puoi comandare i Lemmings a scavare, arrampicarsi, scavare tunnel, galleggiare e costruire il loro percorso verso la sicurezza. Ma devi muoverti velocemente, perché ogni istante di esitazione potrebbe far cadere più Lemmings dall'alto!
Let's Pachinko Nante Gindama 1 (Japan) (9-5)	&quot;Let's Pachinko: Nante Gindama&quot; è un gioco scaricabile a tempo limitato per il Satellaview che è stato trasmesso almeno in due sessioni tra il 1º febbraio 1998 e il 28 novembre 1998. Il pachinko è una tradizione giapponese, un gioco d'azzardo che coinvolge piccole palline metalliche che cadono su un tavolo di gioco e possono far guadagnare al giocatore alcuni premi.
Let's Pachinko Nante Gindama 2 (Japan) (11-8)	&quot;Let's Pachinko: Nante Gindama&quot; è un gioco scaricabile a tempo limitato per il Satellaview che è stato trasmesso almeno in due sessioni tra il 1º febbraio 1998 e il 28 novembre 1998. Il pachinko è una tradizione giapponese, un gioco d'azzardo che coinvolge piccole palline metalliche che cadono su un tavolo di gioco e possono far guadagnare al giocatore alcuni premi.
Let's Pachinko Nante Gindama 3 (Japan) (9-15)	&quot;Let's Pachinko: Nante Gindama&quot; è un gioco scaricabile a tempo limitato per il Satellaview che è stato trasmesso almeno in due sessioni tra il 1º febbraio 1998 e il 28 novembre 1998. Il pachinko è una tradizione giapponese, un gioco d'azzardo che coinvolge piccole palline metalliche che cadono su un tavolo di gioco e possono far guadagnare al giocatore alcuni premi.
Let's Pachinko Nante Gindama 4 (Japan) (3-21)	&quot;Let's Pachinko: Nante Gindama&quot; è un gioco scaricabile a tempo limitato per il Satellaview che è stato trasmesso almeno in due sessioni tra il 1º febbraio 1998 e il 28 novembre 1998. Il pachinko è una tradizione giapponese, un gioco d'azzardo che coinvolge piccole palline metalliche che cadono su un tavolo di gioco e possono far guadagnare al giocatore alcuni premi.
Logos Panic Goaisatsu BS Ban (Japan)	Il gioco è un puzzle che si basa sulla conoscenza dei kanji e della lingua giapponese: il giocatore deve formare frasi utilizzando un elenco di kanji. I personaggi sono stati disegnati da Kotobuki Shiriagari, un mangaka noto per il suo umorismo nero e la critica sociale.
Lord Monarch (Japan) (6-1)	Lord Monarch è un gioco di strategia in tempo reale. In questo gioco molto completo, dovrete gestire un intero regno. Che si tratti di raccogliere risorse, creare nuovi edifici o gestire il denaro del regno, dovrete prendervi cura del vostro gregge. Oltre i confini del vostro regno, ci sono ovviamente altri regni che si stanno sviluppando. Dovrete quindi essere pronti a difendere il vostro Paese e, perché no, scegliere di coglierli di sorpresa, andando ad affrontarli per estendere i confini del vostro regno. Era scaricabile a tempo limitato per il Satellaview ed è stato rilasciato almeno due volte tra il 20 dicembre 1997 e il 31 marzo 1998.
Mario Paint - BS Ban (Japan) (6-4)	Mario Paint BS Ban è un gioco scaricabile per il Satellaview che è stato trasmesso tra il 3 agosto 1997 e il 30 agosto 1997. Si tratta di uno strumento di disegno e funge da pseudo-sequel del gioco del 1992, Mario Paint. Tra il 2 novembre 1997 e il 22 novembre 1997 si è tenuto il &quot;Mario Paint BS Ban Contest&quot; e le trasmissioni del gioco erano accompagnate da una rivista digitale relativa al concorso. I risultati del concorso sono stati trasmessi tra il 28 dicembre 1997 e il 31 gennaio 1998 sotto forma di una seconda rivista digitale che accompagna il rilascio di Mario Paint BS Ban - Yuushou Sakuhin Naizou Version.
Mario Paint - Yuushou Naizou Ban (Japan)	Una versione modificata dell'originale Mario Paint BS Ban che include il disegno vincitore di un concorso tenutosi in Giappone nel 1997. Il disegno vincitore è stato realizzato da una giocatrice di Tokyo di nome Hiroko Mizota ed è intitolato &quot;Sognando la Luna&quot;.
Monopoly 2 BS - Yellow Cup (Japan)	Monopoly (Giappone) è un gioco di categoria varia, sviluppato e pubblicato dalla Tomy Corporation.
New 3D Golf Simulation - Waialae no Kiseki (Japan) (1997-10-28)	Domina i venti di Waialae! nnGli alisei delle Hawaii. Questo è Waialae: 18 buche di campionato, giocate sullo sfondo spettacolare del Pacifico. Ogni colpo mette alla prova la tua strategia di golf. Bisogna colpire forte con il ferro? Aggiungere un backspin al cazzo? Striscia di patatine fritte e roll? Con True Golf puoi perfezionare ogni colpo del tuo gioco. Ogni foro appare perfettamente dettagliato. Scoprite i bunker dai colori intensi di Waialae sui pavimenti in marmo verde. Non sei sicuro della strategia? Chiedi consiglio al club professionistico. Ogni round presenta una nuova sfida. Gareggia con i professionisti o schierati con quattro amici. Controlla il vento, scopri nuove posizioni dei pin. Nel vero golf, ogni giorno è una nuova partita.
New Yatterman - Nandai Kandai Yajirobee (Japan) (Demo) (1996-5-5)	&quot;New Yatterman: Nandai Kandai Yajirobee&quot; è un gioco per Super Famicom incentrato sul multiplayer e basato sulla serie anime Yatterman degli anni '70. Yatterman presenta una squadra di tre eroi, tutti chiamati Yatterman, che cercano di battere il team di supercattivi Doronbo (anche loro un gruppo di tre) per ottenere una serie di monete a forma di teschio che riveleranno il percorso per un'enorme fortuna nascosta. Gli eroi spesso usano giocattoli e mech per sconfiggere i loro incompetenti avversari, come il kendamagic del protagonista maschile. Il gioco è simile alla serie Spy vs. Spy di First Star, nel senso che entrambe le squadre cercano di raggiungere prima il tesoro. Possono intralciare i loro avversari attraverso una serie di trappole, alcune delle quali con utilizzi condizionali. Piazzando mine e lanciando missili, il giocatore può ridurre la salute dei loro avversari e impedire loro di procedere. Se le due squadre si incontrano, combattono in una battaglia a squadre tre contro tre, con il lato perdente che subisce un grande colpo alla salute. Il gioco può essere giocato in singolo (come il team Yatterman o il team Doronbo) o in multiplayer.
Nintama Rantarou 2 (Japan) (1-29)	Nintama Rantaro 2 è un gioco scaricabile per il Satellaview che è stato trasmesso almeno in due sessioni tra il 29 marzo 1998 e il 28 novembre 1998.
Organic Stone - Honpen (Japan) (Data Pack)	Il gioco di ruolo in questione è una parodia di &quot;Ryōma ga Yuku&quot;, che sembra essere un'opera letteraria giapponese di grande fama. Questa parodia è realizzata utilizzando RPG Tsukuru (RPG Maker) ed è stata scritta da Hikari Ōta del duo comico Bakushō Mondai.
Panel de Pon - Event '98 (Japan) (1998-1-11)	&quot;Panel de Pon Event '98&quot; è un gioco scaricabile per il Satellaview trasmesso il 31 gennaio 1998. Si tratta di una versione leggermente modificata dell'evento del gioco Panel de Pon.
Panel de Pon - Event Version 2 (Japan) (1996-1-28)	&quot;Panel de Pon Event '98&quot; è un gioco scaricabile per il Satellaview trasmesso il 31 gennaio 1998. Si tratta di una versione leggermente modificata dell'evento del gioco Panel de Pon.
Rika & Hitomi (3-29) + Tamori no Picross (1995-8-1) (Japan) (SoundLink Magazine, Game)	Questa versione Super Famicom del popolare gioco di parole crociate a immagini è stata originariamente pubblicata solo in Giappone e presenta centinaia di rompicapi rilassanti ma impegnativi. Ogni puzzle Picross consiste in una griglia numerata di tessere che svelano un'immagine quando vengono intagliate correttamente. Nel modo principale di Mario, un movimento sbagliato significa perdere tempo. Tuttavia, nella modalità più difficile di Wario, gli errori non vengono mostrati... quindi attenzione! Inoltre, un amico può aiutare unendosi con un secondo controller.
RPG Tsukuru 2 Collection (Japan) (Data Pack)	Il gioco di ruolo in questione è una parodia di &quot;Ryōma ga Yuku&quot;, che sembra essere un'opera letteraria giapponese di grande fama. Questa parodia è realizzata utilizzando RPG Tsukuru (RPG Maker) ed è stata scritta da Hikari Ōta del duo comico Bakushō Mondai.
Ryouma de Yuku (Japan) (Data Pack)	Il gioco di ruolo in questione è una parodia di &quot;Ryōma ga Yuku&quot;, che sembra essere un'opera letteraria giapponese di grande fama. Questa parodia è realizzata utilizzando RPG Tsukuru (RPG Maker) ed è stata scritta da Hikari Ōta del duo comico Bakushō Mondai.
Ryouma de Yuku - Kanaderu Score (5-7) + Yusuke Akamatsu Theater (5-7) (Japan) (Data, SoundLink Magazine)	Il gioco di ruolo in questione è una parodia di &quot;Ryōma ga Yuku&quot;, che sembra essere un'opera letteraria giapponese di grande fama. Questa parodia è realizzata utilizzando RPG Tsukuru (RPG Maker) ed è stata scritta da Hikari Ōta del duo comico Bakushō Mondai.
Ryouma de Yuku - Kanaderu Score (6-30) + Ryouma de Yuku - Kanaderu Score (8-4) (Japan) (Data Pack)	Il gioco di ruolo in questione è una parodia di &quot;Ryōma ga Yuku&quot;, che sembra essere un'opera letteraria giapponese di grande fama. Questa parodia è realizzata utilizzando RPG Tsukuru (RPG Maker) ed è stata scritta da Hikari Ōta del duo comico Bakushō Mondai.
Satella Walker - Dai-2-wa - Machi no Heiwa o Torimodose! (Japan) (SoundLink)	SatellaWalker (noto anche con l'abbreviazione SW) è un gioco Soundlink scaricabile in 2 parti per il Satellaview, trasmesso tra il 29 giugno 1997 e il 2 gennaio 1998. La trasmissione di gennaio del gioco è stata il risultato di essere stato il primo vincitore del terzo voto del Player's Choice. SatellaWalker è stato seguito da un sequel, SatellaWalker 2, nel febbraio 1998.
Satella Walker 2 - Dai-1-wa - Mokumoku Kemuri Panic (Japan) (Rerun) (SoundLink)	A differenza della prima puntata di BS Zelda che riprendeva la storia del primo gioco della serie, questo episodio ha una storia tutta sua. Tuttavia, Link rimane assente da questa avventura a favore dell'avatar del sistema BS, chiamato Hero of Light (o Heroine, a seconda del sesso scelto dal giocatore) e presumibilmente proveniente da un mondo estraneo a Hyrule. Secondo una visione della principessa Zelda, l'eroe appare per raccogliere otto tavolette di pietra (due a settimana) e salvare così Hyrule da un grande pericolo. Durante l'ultima settimana, sembra che questo pericolo non sia altro che Ganon. Alla fine del gioco, l'eroe rimette Excalibur nella sua base e torna nel suo mondo.
SD Gundam G Next - Map Data (Japan) (2-7) (Data Pack)	Si tratta di un set di espansione per SD Gundam GNext su Super Famicom, che richiede il gioco originale per essere utilizzato. Comprende missioni e unità aggiuntive, una caratteristica che oggigiorno verrebbe considerata come DLC (Downloadable Content).
SD Gundam G Next - MS Data (Japan) (1-16) (Data Pack)	Si tratta di un set di espansione per SD Gundam GNext su Super Famicom, che richiede il gioco originale per essere utilizzato. Comprende missioni e unità aggiuntive, una caratteristica che oggigiorno verrebbe considerata come DLC (Downloadable Content).
Shanghai - Banri no Choujou (Japan) (5-27)	Shanghai: Banri no Choujou è un gioco scaricabile esclusivamente tramite il servizio Satellaview che è stato trasmesso tra il 15 novembre 1998 e il 28 novembre 1998.
Sonic Blast Man (Japan)	Impersonifichi Sonic Blast Man, un supereroe, in questo sparatutto a scorrimento orizzontale dove si affrontano vari nemici. Oltre ai classici pugni, salti e calci, Sonic Blast Man dispone di due poteri speciali: Dynamite Punch e Screw Bomb. Attraverserai 5 diversi livelli combattendo nemici che spaziano da furfanti locali a robot e addirittura alieni provenienti dallo spazio profondo.
Sound Journal for Lovers - Valentine Special Vol. 1 (Japan) (4-14) (SoundLink Magazine)	Sound Journal for Lovers è composto da una serie di testi e immagini pensati per accompagnare fluidamente la musica che veniva trasmessa durante l'ora di trasmissione di St.GIGA. La maggior parte dei contenuti consiste in schermate che mostrano un elenco di artisti e testi che scorrono verso l'alto. Tra le interazioni minori disponibili per il giocatore, c'è un'opzione per cambiare i testi dall'inglese a una traduzione giapponese. Gli artisti presenti includono Stevie Wonder, Paul Simon, Phil Collins, The Bee Gees e numerosi altri.
Sousa Sentai Wappers - Extra Mission (Japan) (Magazine)	&quot;Sousa Sentai Wappers&quot; è una rivista digitale scaricabile che è stata trasmessa in almeno 6 segmenti per il Satellaview tra il 19 aprile 1998 e il 20 settembre 1998.
Sousa Sentai Wappers - Mission 01 (Japan) (Magazine)	&quot;Sousa Sentai Wappers&quot; è una rivista digitale scaricabile che è stata trasmessa in almeno 6 segmenti per il Satellaview tra il 19 aprile 1998 e il 20 settembre 1998.
Sousa Sentai Wappers - Mission 02 (Japan) (Magazine)	&quot;Sousa Sentai Wappers&quot; è una rivista digitale scaricabile che è stata trasmessa in almeno 6 segmenti per il Satellaview tra il 19 aprile 1998 e il 20 settembre 1998.
Special Tee Shot (Japan) (En) (4-25)	BS Special Tee Shot è un gioco che era inizialmente previsto per essere rilasciato su SNES, ma alla fine è stato realizzato esclusivamente per il servizio Satellaview del Super Famicom. Il personaggio giocante era poco ispirato, essendo semplicemente una sfera rossa che rimbalzava. Nonostante il gioco sia stato rifatto con i personaggi di Kirby, ci sono notevoli differenze tra i due titoli, tra cui il concetto di gioco complessivo e i livelli. Ad esempio, in questo gioco, l'obiettivo era semplicemente quello di colpire la palla nella buca, mentre nel gioco di Kirby si vuole scontrarsi con i nemici per distruggerli. Tuttavia, nonostante ciò, i giochi condividono molte somiglianze, come la grafica e il modo in cui il giocatore controlla la palla. Curiosamente, Special Tee Shot è stato presentato non solo nelle riviste, ma anche sul retro delle confezioni SNES come pubblicità, prima di essere cancellato e riportato con personaggi di Kirby. Va anche notato che prima di essere intitolato Kirby's Dream Course, il gioco era ufficialmente chiamato Kirby's Tee Shot.
Spriggan Powered BS - Dai-3-wa (Japan) (SoundLink)	Si tratta di una demo del gioco Spriggan Powered per Super Famicom. Contiene solo il primo livello del gioco completo (che può essere rigiocato più volte) e alcuni testi di storia e manuali con immagini di sfondo come introduzione. Inoltre, il gioco fornisce al giocatore una password per il punteggio dopo ogni completamento del primo livello, probabilmente collegato a un concorso di punteggio elevato. Questo è un gioco Soundlink (la musica veniva trasmessa in streaming tramite il servizio), quindi nella rom preservata sono presenti solo effetti sonori e non altre musiche.
Spriggan Powered BS - Prelude (Japan) (SoundLink)	Si tratta di una demo del gioco Spriggan Powered per Super Famicom. Contiene solo il primo livello del gioco completo (che può essere rigiocato più volte) e alcuni testi di storia e manuali con immagini di sfondo come introduzione. Inoltre, il gioco fornisce al giocatore una password per il punteggio dopo ogni completamento del primo livello, probabilmente collegato a un concorso di punteggio elevato. Questo è un gioco Soundlink (la musica veniva trasmessa in streaming tramite il servizio), quindi nella rom preservata sono presenti solo effetti sonori e non altre musiche.
Star Soldier - 2 Minute Mode (Japan) (En)	Esiste una versione Satellaview del gioco Famicom &quot;Star Soldier&quot;, più precisamente della sua modalità Caravan di 2 minuti. Purtroppo, ci sono poche informazioni disponibili su questo rilascio, e non è chiaro se ci fossero molti altri giochi a 8-bit trasmessi attraverso questo servizio.
Super Aleste (Japan)	L'emozionante velocità del gioco è la sua caratteristica più interessante. I movimenti dei nemici sono veloci. I tuoi colpi e quelli dei nemici sono veloci. Infine, lo scorrimento è veloce. Lo schermo pieno di azione di battaglia è traboccante del brivido delle riprese ad alta velocità. Inoltre, c'è il sistema di controllo antincendio azionato dal pulsante &quot;R&quot;. Puoi attaccare il nemico in molti modi con un'arma usando questo sistema. Naturalmente, le funzionalità del Super Famicom, come le funzioni di rotazione, ingrandimento e riduzione, vengono utilizzate per la tua esperienza più completa e infinita prima di questo entusiasmante gioco MEGA!
Super Bomberman (Japan) (En) (5-3)	A nord della Città della Pace (la città di Bomberman), situata nella moderna metropoli di Diamond City, il malvagio Carat Diamond e la sua corte, insieme allo scienziato Dr. Mok, hanno assegnato un gruppo di robot con capacità offensive. Con l'intenzione di rubare le avanzate abilità di combattimento di Bomberman, Diamond ha creato un falso Bomberman per recarsi nella Città della Pace e rapire il vero Bomberman. Realizzando la situazione, Bomberman Nero si prepara a affrontare il falso Bomberman da solo, ma finisce per essere sconfitto e il suo castello viene preso. Tuttavia, Bomberman Nero riesce a fuggire e trova rifugio con Bomberman Bianco, avvertendolo del pericolo imminente. Poco dopo, l'onda di robot nemici inizia ad avanzare verso la Città della Pace, e i due eroi devono unire le forze per sconfiggere questo malefico nemico.
Super E.D.F. (Japan)	Un'organizzazione malvagia chiamata AGYMA minaccia i 200 anni di pace che la galassia ha goduto. Dalla loro base sul lato lontano della luna, si sono infiltrati in molte importanti località sulla Terra. Lavorando per le Forze di Difesa della Terra, sei l'unico pilota di un'astronave speciale progettata per combattere AGYMA: la XA-1. Il gioco è uno sparatutto a scorrimento laterale con 6 livelli, e un totale di 8 armi all'avanguardia con cui respingere gli attacchi e contrastare il piano di AGYMA di distruggere la Terra e disturbare la pace in tutto il cosmo.
Super Famicom Wars BS Ban - Hagoromo-jima (Japan)	&quot;Super Famicom Wars BS Ban&quot; è un gioco scaricabile a tempo limitato per il Satellaview che è stato trasmesso nell'aprile 1998.
Super Famicom Wars BS Ban - Noakazantou (Japan)	&quot;Super Famicom Wars BS Ban&quot; è un gioco scaricabile a tempo limitato per il Satellaview che è stato trasmesso nell'aprile 1998.
Super Famicom Wars BS Ban - Tsukinowa-jima (Japan)	&quot;Super Famicom Wars BS Ban&quot; è un gioco scaricabile a tempo limitato per il Satellaview che è stato trasmesso nell'aprile 1998.
Super Fire Pro Wrestling (Japan)	Una trasmissione Satellaview del gioco di wrestling Super Fire Pro Wrestling. Uno dei primi lavori di Goichi Suda (Suda 51), presenta una modalità storia ricca, qualcosa di insolito all'epoca per i giochi di wrestling.
Super Mahjong Taikai (9-27) + Super Bowling (9-27) (Japan)	Super Mahjong Taikai è il seguito di Mahjong Taikai. La struttura e il gameplay del gioco sono quasi identici a quelli del suo predecessore. Tra le differenze c'è la possibilità di selezionare un ritratto del personaggio principale (maschio o femmina) e alcuni personaggi storici aggiuntivi contro cui competere: ad esempio, il signore della guerra giapponese medievale Oda Nobunaga è ora affiancato da Toyotomi Hideyoshi e Tokugawa Ieyasu, famoso storico personaggi della stessa epoca. Anche il roster dei personaggi moderni (in particolare sviluppatori come Kou Shibusawa) è stato ampliato. Come nel gioco precedente, è possibile accedere alla modalità grande torneo solo dopo che il giocatore è sufficientemente avanzato nella classifica.
Super Mahjong Taikai (Japan) (5-27)	Super Mahjong Taikai è il seguito di Mahjong Taikai. La struttura e il gameplay del gioco sono quasi identici a quelli del suo predecessore. Tra le differenze c'è la possibilità di selezionare un ritratto del personaggio principale (maschio o femmina) e alcuni personaggi storici aggiuntivi contro cui competere: ad esempio, il signore della guerra giapponese medievale Oda Nobunaga è ora affiancato da Toyotomi Hideyoshi e Tokugawa Ieyasu, famoso storico personaggi della stessa epoca. Anche il roster dei personaggi moderni (in particolare sviluppatori come Kou Shibusawa) è stato ampliato. Come nel gioco precedente, è possibile accedere alla modalità grande torneo solo dopo che il giocatore è sufficientemente avanzato nella classifica.
Super Ninja-kun (Japan) (6-1)	Super Ninja Kun è un gioco d'azione/piattaforma che può essere giocato da 2 giocatori contemporaneamente. Si tratta infatti di un remake del gioco arcade Ninja Kun del 1984, ma con una realizzazione degna del Nintendo 16 bit. Si controlla uno (o due) piccoli ninja laterali che devono raggiungere la fine di ogni livello e combattere un boss. La sua progressione è resa difficile dai numerosi nemici che lo attaccano da ogni lato, ma può difendersi lanciando shuriken e saltando sui nemici per stordirli. È anche possibile correre premendo due volte velocemente in una direzione. Ogni nemico eliminato fa apparire un'anima. Raccogliendoli si riempie un indicatore speciale che permette di invocare un potere quando è pieno. Dopo ogni livello, si ottiene una nuova arma che può essere sostituita allo shuriken in qualsiasi momento.
Super Puyo Puyo Tsuu BS Ban (Japan) (12-3)	&quot;Puyo Puyo Tsuu BS Ban&quot; è una demo scaricabile per il Satellaview. È progettata come anteprima del lancio commerciale su Super Famicom di Super Puyo Puyo Tsuu. Di conseguenza, è essenzialmente una versione più piccola e limitata di quel gioco. Nella demo, la modalità di gioco è limitata a una partita VS. tra Arle e Satan, che può essere giocata sia in singolo giocatore (con il Giocatore 1 come Arle) che in una competizione a 2 giocatori.
Super Soukoban (Japan) (4-4)	Super Soukoban (o Sokoban) è un gioco di puzzle nel quale il giocatore deve spingere delle casse in un labirinto verso la loro area di stoccaggio designata, assicurandosi di non spingere accidentalmente una cassa in una posizione dalla quale non possa essere recuperata. L'introduzione stabilisce che l'omonimo Sokoban (dal giapponese &quot;lavoratore di magazzino&quot;), deve risolvere abbastanza rompicapi di spinta di casse per guadagnare abbastanza denaro per comprare una nuova auto vistosa e finalmente impressionare la ragazza dei suoi sogni. Un'aggiunta interessante è che ogni livello ha un limite fisso di mosse, quindi il giocatore non solo deve spingere le casse nell'ordine corretto, ma farlo con massima efficienza.
Super Tsumeshougi 1000 (Japan) (7-15)	Una trasmissione Satellaview di un gioco di shogi, rilasciato anche su Super Famicom. Piuttosto che le partite standard, Super Tsumeshogi propone dei problemi speciali di shogi che possono essere risolti con il numero limitato di pezzi forniti.
Super Volley II (Japan) (11-3)	Super Volleyball II (Hyper V-Ball negli Stati Uniti) è una partita di pallavolo dal ritmo lento (scoprilo!) Che mette i tuoi quattro giocatori contro un'altra squadra di quattro. Riesci a colpire, impostare e inchiodare la tua strada verso la vittoria?
Sutte Hakkun - 98 Fuyu Event Version (Japan) (1999-1-7)	Sutte Hakkun BS Version 2 è un gioco di platform / di enigmi uscito nel 1998 in Giappone. Come suggerisce il titolo del gioco, è una sorta di sequel ai precedenti Sutte Hakkun (novembre 1997) e Sutte Hakkun Event Version (ottobre 1997). Un altro titolo successivo della stessa serie, Sutte Hakkun '98 (dicembre 1998), è stato distribuito un mese dopo la trasmissione di Sutte Hakkun Version 2.
Sutte Hakkun - BS Version 2 (Japan) (1-5)	&quot;Sutte Hakkun BS Version 2&quot; è un gioco platform/puzzle uscito nel 1998 in Giappone. Come suggerisce il titolo, è una sorta di sequel dei precedenti titoli &quot;Sutte Hakkun&quot; (novembre 1997) e &quot;Sutte Hakkun Event Version&quot; (ottobre 1997). Un altro titolo successivo nella stessa serie, &quot;Sutte Hakkun '98&quot; (dicembre 1998), è stato distribuito poco dopo la trasmissione di &quot;Sutte Hakkun Version 2&quot;.
Sutte Hakkun - Event Version (Japan) (2-6)	Sutte Hakkun BS Version 2 è un gioco di platform / di enigmi uscito nel 1998 in Giappone. Come suggerisce il titolo del gioco, è una sorta di sequel ai precedenti Sutte Hakkun (novembre 1997) e Sutte Hakkun Event Version (ottobre 1997). Un altro titolo successivo della stessa serie, Sutte Hakkun '98 (dicembre 1998), è stato distribuito un mese dopo la trasmissione di Sutte Hakkun Version 2.
Tamori no Picross (1995-5-10) + Waiwai Check (1995-8-26, 8-26) (Japan)	Questa versione Super Famicom del popolare gioco di parole crociate a immagini è stata originariamente pubblicata solo in Giappone e presenta centinaia di rompicapi rilassanti ma impegnativi. Ogni puzzle Picross consiste in una griglia numerata di tessere che svelano un'immagine quando vengono intagliate correttamente. Nel modo principale di Mario, un movimento sbagliato significa perdere tempo. Tuttavia, nella modalità più difficile di Wario, gli errori non vengono mostrati... quindi attenzione! Inoltre, un amico può aiutare unendosi con un secondo controller.
Tamori no Picross (1995-5-3) + Game Tora no Ooana (1995-5-3) (Japan) (Game, SoundLink Magazine)	Questa versione Super Famicom del popolare gioco di parole crociate a immagini è stata originariamente pubblicata solo in Giappone e presenta centinaia di rompicapi rilassanti ma impegnativi. Ogni puzzle Picross consiste in una griglia numerata di tessere che svelano un'immagine quando vengono intagliate correttamente. Nel modo principale di Mario, un movimento sbagliato significa perdere tempo. Tuttavia, nella modalità più difficile di Wario, gli errori non vengono mostrati... quindi attenzione! Inoltre, un amico può aiutare unendosi con un secondo controller.
Tamori no Picross (1995-6-13) + AK LIVE Hit Gang (1995-5-30) (Japan) (Game, Magazine)	Questa versione Super Famicom del popolare gioco di parole crociate a immagini è stata originariamente pubblicata solo in Giappone e presenta centinaia di rompicapi rilassanti ma impegnativi. Ogni puzzle Picross consiste in una griglia numerata di tessere che svelano un'immagine quando vengono intagliate correttamente. Nel modo principale di Mario, un movimento sbagliato significa perdere tempo. Tuttavia, nella modalità più difficile di Wario, gli errori non vengono mostrati... quindi attenzione! Inoltre, un amico può aiutare unendosi con un secondo controller.
Tamori no Picross (1995-7-14) + SatellaQ (1995-7-21) + Machi Magazine (1995-7-21) (Japan)	Questa versione Super Famicom del popolare gioco di parole crociate a immagini è stata originariamente pubblicata solo in Giappone e presenta centinaia di rompicapi rilassanti ma impegnativi. Ogni puzzle Picross consiste in una griglia numerata di tessere che svelano un'immagine quando vengono intagliate correttamente. Nel modo principale di Mario, un movimento sbagliato significa perdere tempo. Tuttavia, nella modalità più difficile di Wario, gli errori non vengono mostrati... quindi attenzione! Inoltre, un amico può aiutare unendosi con un secondo controller.
Tamori no Picross (1995-8-13) + Bakushow Mondai no Houkago no Ousama - Kayoubi (1995-10-17) (Japan) (Game, SoundLink Magazine)	Questa versione Super Famicom del popolare gioco di parole crociate a immagini è stata originariamente pubblicata solo in Giappone e presenta centinaia di rompicapi rilassanti ma impegnativi. Ogni puzzle Picross consiste in una griglia numerata di tessere che svelano un'immagine quando vengono intagliate correttamente. Nel modo principale di Mario, un movimento sbagliato significa perdere tempo. Tuttavia, nella modalità più difficile di Wario, gli errori non vengono mostrati... quindi attenzione! Inoltre, un amico può aiutare unendosi con un secondo controller.
Tamori no Picross (Japan) (1995-5-10)	Questa versione Super Famicom del popolare gioco di parole crociate a immagini è stata originariamente pubblicata solo in Giappone e presenta centinaia di rompicapi rilassanti ma impegnativi. Ogni puzzle Picross consiste in una griglia numerata di tessere che svelano un'immagine quando vengono intagliate correttamente. Nel modo principale di Mario, un movimento sbagliato significa perdere tempo. Tuttavia, nella modalità più difficile di Wario, gli errori non vengono mostrati... quindi attenzione! Inoltre, un amico può aiutare unendosi con un secondo controller.
Treasure Conflix (Japan)	Metà avventura point-and-click, metà azione su dirigibile Mode7, in Treasure Conflix un eroe cacciatore di tesori viaggia per il mondo completando missioni che danno al giocatore dell'oro da spendere per potenziare il proprio dirigibile. Questi potenziamenti aiutano durante le missioni che fanno progredire la storia in cui sei costretto a combattere contro orde di altri dirigibili e boss. Questo gioco è esclusivo del servizio di download satellaview e non è mai stato pubblicato su cartuccia.
Tsuri Tarou (Japan)	Il gioco è simile alla serie Legend of the River King di Natsume, in quanto il personaggio giocante deve iniziare catturando pesci più piccoli per pagare miglioramenti e poter catturare pesci più grandi, ottenendo l'accesso a luoghi di pesca migliori.
Waiwai Check (1996-3-21, 3-27) (Rerun) + Yuki no Waiwai Kids (1996-3-16) (Japan)	WaiWai Check è un magazine digitale scaricabile, è stato messo in onda in almeno 3 pubblicazioni sul Satellaview nel 1995.
Waiwai Check (Japan) (1995-8-26, 8-26)	WaiWai Check è un magazine digitale scaricabile, è stato messo in onda in almeno 3 pubblicazioni sul Satellaview nel 1995.
Waiwai Check (Rerun) (1995-11-15, 11-17) + Kouryaku Casino Bar Nichiyoubi - Roulette (10-22) (Japan)	WaiWai Check è un magazine digitale scaricabile, è stato messo in onda in almeno 3 pubblicazioni sul Satellaview nel 1995.
Waiwai Check (Rerun) (1996-3-21, 3-21) + Game Tora no Chou Ooana (1996-3-31, Part 2) (Japan) (Game, SoundLink Magazine)	WaiWai Check è un magazine digitale scaricabile, è stato messo in onda in almeno 3 pubblicazioni sul Satellaview nel 1995.
Wario no Mori - Futatabi (Japan) (4-9)	Wario's Woods è un puzzle game simile a Tetris o Columns, ma con alcune piccole differenze. Invece di controllare direttamente i mostri e le bombe che cadono, il giocatore controlla Toad, che deve trasportare molti mostri e bombe e combinarli nel modo giusto. È necessario combinare una bomba e almeno due mostri dello stesso colore per farli sparire. Se vengono rimossi cinque o più oggetti contemporaneamente, apparirà un diamante. Distruggendo il diamante si eliminano tutti i mostri del suo colore. Ci sono alcune differenze tra le versioni SNES e NES: a causa della mancanza di pulsanti, i controlli sono leggermente diversi nella versione NES (anche se tutte le mosse della versione SNES sono presenti).
Yoshi no Panepon - BS Ban (Japan) (En,Ja) (1-2)	Yoshi no Panepon BS Ban è un gioco scaricabile per il Satellaview che è stato trasmesso in almeno 11 sessioni tra il 3 novembre 1996 e il 30 giugno 2000. Si basa sul gioco di puzzle/casual Panel de Pon ed è una localizzazione del gioco in lingua inglese Tetris Attack.
Zelda no Densetsu - Kamigami no Triforce (Japan) (3-14)	&quot;Zelda no Densetsu: Kamigami no Triforce&quot; è un gioco scaricabile limitato alla visualizzazione per il Satellaview, trasmesso in almeno 10 esecuzioni distinte tra il 2 marzo 1997 e il 29 maggio 2000. A differenza di BS Zelda e Inishie no Sekiban, Kamigami no Triforce non utilizzava la narrazione SoundLink né una colonna sonora orchestrale migliorata. A parte la sua forma fisica e l'aggiunta degli header del Satellaview al codice, il gioco è identico alla versione hardware rilasciata per il Super Famicom il 21 novembre 1991.
