#key	synopsis
007 - The World Is Not Enough (USA)	O jogo novamente possui Pierce Brosnan como protagonista, embora não seja o próprio que o dublê. A jogabilidade do jogo é semelhante a do GoldenEye 007, com alguns aprimoramentos, como a possibilidade de saltar e render inimigos.
1080 Snowboarding (Japan, USA) (En,Ja)	1080° Snowboarding é um jogo de corrida de snowboard. Os jogadores encontrarão seis pistas de downhill e um half-pipe como percursos, diversos personagens para escolher e a possibilidade de realizar mais de 25 manobras. Após escolher um personagem e uma prancha entre oito disponíveis, os jogadores podem competir em uma variedade de eventos: Corrida de Contrarrelógio: Corra frente a frente contra um oponente controlado pelo computador. Contra o Tempo: Tente bater o tempo mais rápido em uma pista. Contra Manobras: Tente obter a melhor pontuação de manobras em uma pista. Competição: Compita pelo tempo mais rápido em um percurso de slalom. 2P vs.: Compita contra um amigo. Prática: Pratique manobras em um half-pipe ou em um salto na pista.
64 de Hakken!! Tamagotchi - Minna de Tamagotchi World (Japan)	Tamagotchi 64: Minna de Tamagotchi World é um jogo para Nintendo 64 lançado apenas no Japão em 1997. É um jogo de tabuleiro virtual baseado no brinquedo tamagotchi. Tamagotchi é um brinquedo em que se cria um animal de estimação virtual. O tamagotchi foi lançado em 1996, a motivação do jogo consiste em cuidar do animalzinho virtual como se fosse real, dando-lhe carinho virtual, comida virtual, banho virtual, cuidados virtuais etc.
64 Hanafuda - Tenshi no Yakusoku (Japan)	64 Hanafuda: Tenshi no Yakusoku é um jogo eletrônico de card game lançado para o Nintendo 64. O jogo foi desenvolvido e lançado pela Altron em 1999 somente no Japão.
64 Oozumou 2 (Japan)	64 ?zum? 2 é um jogo eletrônico de luta de sumô lançado para o Nintendo 64. O jogo foi desenvolvido e lançado pela Bottom Up em 1999 apenas no Japão. O jogo é a sequência de 64 ?zum?, lançado em 1997.
64 Trump Collection - Alice no Wakuwaku Trump World (Japan)	64 Trump Collection: Alice no Waku Waku Trump World é um jogo eletrônico de card game baseado em Alice no País das Maravilhas lançado para o Nintendo 64. O jogo foi desenvolvido e lançado pela Bottom Up em 1998 somente no Japão.
AeroFighters Assault (USA)	Aero Fighters Assault é um jogo de batalha produzido para o Nintendo 64, onde o utilizador controla um caça e tem como objetivo destruir seus inimigos. O jogo foi produzido em 1996 no Japão, onde é chamado de Sonic Wings Assault. A equipe de AeroFighters Assault precisa de sua ajuda para salvar a Terra do malvado Phutta Morgana e suas máquinas da destruição. Envolva uma variedade de aeronaves inimigas e personagens chefes ao redor do mundo em múltiplas missões. Junte-se à batalha no único jogo que importa!
AeroGauge (USA)	Incendeie-se pelos céus enquanto assume o controlo das suas próprias Aeromachines neste novo e futurista jogo de corrida, o AeroGauge. Com cursos que têm curvas fechadas e obstáculos ainda mais nítidos, vai ser preciso um olhar atento e controle final para manobrar através de cursos com canyons, túneis, oceanos e montanhas. Imagine velocidades atingindo mais de 1.000 km / h à medida que você passeia pelo campo em direção à vitória nessas paisagens graficamente avançadas. Nunca um jogo incorporou um controle tão notável, gráficos detalhados e velocidades incríveis ... AeroGauge!
AI Shougi 3 (Japan)	Esta é a versão N64 do clássico jogo japonês de Shogi. Shogi ou xadrez japonês (literalmente &quot;xadrez dos generais&quot;) é o mais popular de uma família de variantes de xadrez nativas do Japão. Exclusivo para as formas japonesas de xadrez são as gotas, movimentos
Aidyn Chronicles - The First Mage (USA)	Aidyn Chronicles: The First Mage é um jogo de videogame desenvolvido pelo estúdio canadense H2O Interactive e publicado pela THQ para o console de videogame Nintendo 64. O jovem Alaron está em busca de descobrir a verdade sobre si mesmo, seu nome e sua herança. Viajando para terras distantes e distantes, perseguido por forças que ele não consegue entender, o perigo espreita em cada esquina. Alaron e seus companheiros procurarão cumprir seu destino como o maior mago já conhecido!
Airboarder 64 (Europe)	Air Boarder 64 é um jogo de corrida futurista para Nintendo 64 lançado em 1998. Nele você anda com uma prancha voadora(hoverboard) e faz manobras para ganhar pontos e destravar áreas novas. O jogo tem similaridades com jogos de skate porém utiliza-se muito mais velocidade e saltos altos para efetuar as manobras.
All Star Tennis 99 (USA)	All Star Tennis '99 é um jogo feito para as plataformas Nintendo 64, Playstation e Game Boy Color. O jogo foi desenvolvido pela Smart Dog e publicado pela Ubisoft. All Star Tennis '99 não um dos melhores simuladores, mas também não é ruim. Ele simula bem a jogabilidade do jogo, apesar da bola não variar muito. Não existe diferença entre os golpes, exceto o lob, tanto o top spin, quanto o back spin parecem ser iguais. O jogo tem um bom sistema de câmeras, com replays em jogadas que a bola passa perto da linha. Há também as jogadas especiais (special moves) que são jogadas que cada jogador tem, elas podem ser ativadas no menu option dentro do menu principal.As jogadas especiais do podem ser usadas se o jogador estiver com a barra (localizada no topo direito da tela) cheia. Os jogadores parecem ser reais nos seus movimentos, com comemorações e expressões de raiva. Os Árbitros agem bem, gritando as marcações. A Torcida tem muitas ações, ela grita antes do serviço, aplaude os pontos e uivam os certos jogadores, dependendo do local aonde estiverem. Ainda uma situação engraçada, no meio do jogo o celular de um dos torcedores toca deixando todos os outros rindo, cabe ao Árbitro pedir para que parem.
All-Star Baseball 2000 (USA)	All-Star Baseball 2000 é a segunda de jogos eletrônicos de esporte (beisebol) desenvolvida pela Acclaim Entertainment para Nintendo 64 e inclui uma ampla gama de melhorias e novos recursos sobre ASB '99. * Tecnologia de captura de movimento permite uma representação realista dos movimentos do jogador, balanços, arremessos e capturas. * Melhoria no gerenciamento de lista inclui a habilidade de contratar jogadores da segunda divisão, assim como criar novos jogadores com novas estatísticas para criar. * Jogue uma temporada inter-liga de 162 jogos ou a temporada completa da MLB e todas as 30 equipas e os seus respectivos jogadores, estádios de casa, camisola caseira e fora de casa e rostos, tamanhos e estilos de jogo realistas.
All-Star Baseball 2001 (USA)	All-Star Baseball 2001 é o terceiro de uma série de jogos de beisebol que foi desenvolvido e publicado pela Acclaim Entertainment para Nintendo 64, inclui alguns novos recursos, bem como melhorias nos modos e opções de jogo anteriores. Para 2001, uma nova equipe está incluída, The Coopertown Legends, com uma seleção de alguns dos melhores jogadores para cada graça da MLB, incluindo Yogi Berra, Willie Stargell e Reggie Jackson. Junto com a equipe de lendas, você pode escolher entre todos os jogadores, equipes e estádios na temporada de 2000 da MLB. Cada jogador inclui expressões faciais e visuais realistas, movimentos de jogadores capturados em movimento, posturas de rebatidas e reações a eventos chave durante o jogo.
All-Star Baseball 99 (USA)	All-Star Baseball 99 é uma série de jogos de beisebol desenvolvida e publicada pela Acclaim Entertainment. A série começou em 1998 com o lançamento do All-Star Baseball '99. Todas as 30 equipes da Major League Baseball aparecem no primeiro título All-Star Baseball. Modos de jogo incluem Treino, Temporada, Playoff, World Series, mais um All-Star Match, Home Run Derby e trivialidades da MLB. São apresentados 100 estilos de rebatidas diferentes, assim como movimentos como deslizamentos, colisões de base, arremessos ajoelhados e bastões quebrados. Também é possível se inscrever e trocar jogadores de todas as partes da liga e criar seu próprio time a partir de toda a lista de 700 jogadores. E se não houver um player que atenda às suas demandas, você poderá usar o modo Criar um Player para maior versatilidade.
Armorines - Project S.W.A.R.M. (USA)	Um grupo de fuzileiros navais equipados com ternos avançados de armadura devem proteger a Terra de uma invasão de extraterrestres, seres de aranha.
Army Men - Air Combat (USA)	Franquia do Army Men da 3DO atinge um nível mais alto novamente com Army Men: Air Combat! Como capitão William Blade, o piloto de brinquedo de vários helicópteros de brinquedo de plástico, você está lutando com o exército de tan mal e suas máquinas de guerra aterrorizantes. Os cenários do mundo real incluem quintal, playgrounds, acampamentos e castelos de areia gigantes, distribuídos em mais de 16 missões para um jogador e modos multijogador competitivos. Para as suas batalhas, quatro tipos de helicópteros estão disponíveis (Chinook, Apache, Huey e Super Stallion) para combater inimigos como robôs de brinquedo, trens elétricos, abelhas assassinas e libélulas. Além disso, interações com seu ambiente também são possíveis; pegar pratos de cachorro, latas de refrigerante, donuts ou sacos de fertilizante para uso contra os brinquedos do tan mal e acabar com eles!
Army Men - Sarge's Heroes (USA)	Em Army Men: Sarge's Heroes você joga como Sarge, o protagonista de muitos dos jogos do Army Men. Tan Army está invadindo a base do Exército Verde; Sarge resgata o Coronel Grimm e eles evacuam a base em um helicóptero. Sarge descobre portais que levam do &quot;mundo plástico&quot; ao &quot;mundo real&quot; e que o Exército Tan está tentando adquirir &quot;Armas de Destruição em Massa&quot; do &quot;mundo real&quot;, por exemplo, brinquedos e objetos comuns como lupa. Para evitar a destruição do Exército Verde, Sarge tem que resgatar comandos de sua própria unidade, Bravo Company, para destruir veículos e portais e finalmente parar o malvado general Plastro.
Army Men - Sarge's Heroes 2 (USA)	Army Men: Sarge's Heroes 2 um jogo de vídeo de tiro em terceira pessoa desenvolvido e publicado pela The 3DO Company para Nintendo 64. Ao contrário do jogo anterior, que era mais escuro em tom, este jogo tem mais de enredo despreocupado. Sarge's Heroes 2 começam onde o Sarge's Heroes 2 parou. É anunciado que a captura do Marechal de Campo Tannenberg terminará a guerra. Desde que o general Plastro desapareceu, sugere-se que ele tenha se tornado vítima da plastificação e tenha sido preso no mundo real. O jogo apresenta Bridgette Bleu, uma espiã da Nação Azul. Ela desenvolveu um soro que reverte a plastificação. Seu trabalho como Sarge e às vezes Vikki é destruir o soro, eliminar os soldados Tan e capturar Plastro e Tannenburg.
Asteroids Hyper 64 (USA)	Uma versão atualizada do clássico arcade Asteroids, apresenta ambientes 3D completos, todas as novas armas e sistemas de defesa e um modo de ecrã dividido para 2 jogadores. A jogabilidade, no entanto, é exatamente a mesma. Pilote uma espaçonave e destrua os asteróides que estão chegando, cada um com tamanhos diferentes. Navios alienígenas e buracos negros também estão por aí, junto com upgrades de navios que atualizam as armas de seus navios e sistemas de defesa.
Automobili Lamborghini (USA)	Automobili Lamborghini é um dos primeiros jogos de corrida para o Nintendo 64, desenvolvido pela Titus. 8 carros estão incluídos neste jogo, entre eles o Lamborghini Diablo, Porsche 959, Ferrari F50 e alguns escondidos. Os cursos são bastante detalhados e os efeitos são decentes, incluindo efeitos especiais como reflexos de lente. As corridas levam você por seis circuitos em áreas exóticas ao redor do mundo. Existem 4 modos no modo Single Player, incluindo Arcade Mode, Championship Mode, Single Race e Time Trials. O jogo também inclui suporte para 4 jogadores.
Bakushou Jinsei 64 - Mezase! Resort Ou (Japan)	Bakushou Jinsei 64 - Mezase! Resort Ou é um jogo de tabuleiro feito para o Nintendo 64 e lançado somente no Japão em 1998.
Banjo-Kazooie (USA)	Banjo-Kazooie é um jogo de estilo plataforma, desenvolvido pela Rare e originalmente lançado para o Nintendo 64 em 1998. Uma bruxa feia e retorcida chamada Gruntilda pergunta a seu caldeirão mágico quem é a mais bela de todas. Claro, a resposta do pote não agrada a bruxa - ele escolhe a irmã de Banjo, Tooty. Quando Tooty aparece ausente, Banjo e seu amigo pássaro Kazooie partem para encontrá-la. Os mundos em Banjo-Kazooie são gigantescos e repletos de itens malucos para colecionar. Notas Musicais, Peças de Quebra-Cabeça (&quot;Jiggies&quot;), Mumbo Tokens e Jinjoes são apenas alguns dos itens que Banjo deve colocar em sua mochila para completar sua aventura. Enquanto alguns dos itens necessários são simplesmente escondidos fora do caminho batido, outros exigem habilidades de resolução de quebra-cabeças para aparecer.
Banjo-Tooie (USA)	Depois de dois anos sob a rocha, Gruntilda é finalmente libertada de seu leito de morte por suas duas irmãs. Como nada além de um esqueleto, Grunty e suas irmãs planejam uma maneira de curar sua aparência, sugando a vida para fora da terra, a fim de restaurar seu corpo ao seu antigo eu. Ao ouvir essa notícia, nossos dois campeões, Banjo e Kazooie, com a ajuda de Mumbo, decidiram parar o plano maligno e buscar vingança pelo falecimento de Bottles, a toupeira.Nesta sequência de Banjo-Kazooie, você pode jogar como os dois personagens principais (assim como Mumbo) como antes, embora agora eles possam se separar, ajudando-os a alcançar áreas ainda mais difíceis da terra. Você deve coletar jiggies para abrir novas áreas (muito parecido com o original), bem como aprender 40 novos movimentos para ajudá-lo a se dar bem.E bem parecido com outro título da Rareware, Donkey Kong 64, você pode jogar minigames de quatro jogadores que vão desde jogos de tiro em primeira pessoa, carros de choque, batalhas por pontos, etc.
Bassmasters 2000 (USA)	O Bass Masters 2000, desenvolvido pela Mass Media e publicado pela THQ, é um videogame de pesca do robalo lançado para o Nintendo 64 em 1999. BassMasters 2000 é um jogo de simulação de pesca que conta com um total de 4 modos e tem uma grande variedade de opções personalizáveis. Você pode criar e salvar até 7 pescadores através da opção &quot;Criar Pescador&quot; e personalizar estatísticas como sexo, cabelo, rosto, roupas, etc. Outras opções personalizáveis incluem &quot;Condições do Lago&quot; (local do lago, estação, clima, tempo , etc.), ?Barco? (modelo do barco, motor, etc.) e ?Tackle? (haste / bobina, linha, isca, etc.). Estes são os seguintes modos:
Batman Beyond - Return of the Joker (USA)	Batman Beyond: Return of the Joker é um jogo de plataforma 3D, lançado pela Ubisoft para Nintendo 64 e baseado no filme, Batman Beyond coloca o jogador nas ruas de Gotham (Beyond) para tirar o Coringa sempre sorridente, mas antes disso derrote os seus capangas capangas do mal - alguns dos quais são geneticamente modificados. Ande pela cidade, dê socos, chute, use o cinto de utilidades e armas do morcego e e derrote as gangue da cidade. Nesse jogo use todas as habilidades do Batman e seja o verdadeiro herói.
BattleTanx (USA)	BattleTanx é um jogo de ação desenvolvido e publicado pela The 3DO Company para o Nintendo 64, no qual os jogadores controlam tanques futuristas em um cenário pós-apocalíptico. Lutar contra os níveis de campanha single-player baseados em cidades dos EUA contra multidões de gangues com seus próprios tanques e poder de fogo pesado. O jogo tem um grande componente multiplayer, permitindo até 4 jogadores de uma só vez, com ou sem equipes, oponentes de inteligência artificial, e em vários estilos de jogo, incluindo um deathmatch padrão e um estilo de captura de bandeira.
BattleTanx - Global Assault (USA)	O ano é 2006. O mundo tornou-se um deserto pós-apocalíptico. Enquanto Griffin e Madison lutam para reconstruir a sociedade, eles percebem que seu filho pequeno possui poderes telecinéticos que são a chave para o futuro. Mas a maligna Rainha do Senhor, Cassandra, planeja usar os poderes do menino para seu próprio esquema perverso. Com apenas tanques blindados sob seu comando, você deve derrotar o Lorde Rainha e as gangues sinistras sob seu controle. O combate vai levar você a solo estrangeiro, onde é uma guerra global total!
Battlezone - Rise of the Black Dogs (USA)	Explore a tecnologia alienígena secreta ao derrotar os americanos e soviéticos em seu próprio jogo neste thriller de guerra fria cheio de ação! Battlezone: Rise of the Black Dogs apresenta um avançado combate de tanques baseado em espaço, capacidade de sniper e intensidade de death-match. Com três modos de jogo, o Battlezone dá a você o poder de definir sua experiência de combate - a única questão remanescente é quanto tempo você estará por perto para usá-lo.
Beetle Adventure Racing! (USA) (En,Fr,De)	Beetle Adventure Racing! é um jogo de corrida de carros lançado para o videogame Nintendo 64. Todos os carros, entretanto, são veículos da Volkswagen, mais especificamente New Beetles, que foram lançados no ano anterior. Assuma o controle de uma coleção dos modelos mais recentes da Volkswagen Beetle &quot;2.0&quot; e corra por diferentes tipos de estrada que testarão sua velocidade e resistência (cada pista leva até 4 minutos para ser concluída) para outro). Encontre atalhos ou use reforços de nitro para chegar primeiro ao fim para passar para a próxima faixa. Se a IA do computador for fácil para você, lute contra um amigo no modo de corrida de dois jogadores. Até 4 pessoas também podem jogar um desafio especial no Modo de Batalha, com habilidades adicionais, incluindo armas (de minas e foguetes a elementos mágicos), recolhendo a bandeira e encontrando a saída.
Bio F.R.E.A.K.S. (USA)	O futuro é agora ... América e seu governo estão em ruínas após as guerras civis Techno-Industrial. A tecnologia saiu do controle, gerando uma nova raça de cidadãos: os BIOF.R.E.A.K.S. Escolha entre 8 F.R.E.A.K.S. Cada um está armado para a batalha com seu próprio arsenal, incluindo lasers de pulso, lançadores de granadas, armas de choque, espadas e metralhadoras. Batalha em três andares, arenas de várias camadas! Cuidado com os perigos, como poços de lava, moedores de carne e lâminas giratórias.
Blues Brothers 2000 (USA)	Este jogo de plataforma com um tema Blues Brothers segue vagamente o enredo do filme. Você tem que escapar da prisão e juntar a banda para participar da competição &quot;Battle of the Bands&quot;. Você consegue isso pulando obstáculos, batendo em muitas pessoas e coletando moedas, notas, chaves inglesas, chaves e outras coisas em quatro níveis; Prisão, Chicago, Cemitério e Pântano. Após cada nível, você liberará um novo membro da banda. Além disso, eles jogam alguma ação de ritmo, onde você tem que pressionar os botões certos no momento certo para continuar. O jogo possui multiplayer, mas você só pode jogar o mini-game de ritmo.
Body Harvest (USA)	Body Harvest é um jogo eletrônico de ação criado pela empresa de jogos DMA Design, cujo enredo é sobre aliens invadindo a Terra. O soldado Adam Drake tem que impedir os aliens utilizando veículos e armas. O jogo mescla ação e muitos elementos de RPG. Em 2050 dC, a Terra foi dominada por alienígenas horríveis, que há muito tempo plantaram os humanos lá para depois devorar, e os últimos restos da humanidade estão trabalhando em um plano desesperado - para enviar um soldado geneticamente modificado de volta ao passado, e Ajude a conter a invasão. Mas, enquanto os preparativos finais para esta operação Alpha Command estão em andamento, os alarmes acendem na estação de controle orbital onde os últimos seres humanos se escondem - os alienígenas estão de volta para o jantar. Você tem que explorar o mundo, através de antigas ruínas e terras desertas, encontrar segredos escondidos, dirigir todos os tipos de veículos e enfrentar a invasão alienígena para salvar a Terra.
Bomberman 64 (Japan)	Bomberman 64 é um jogo eletrônico da série Bomberman, desenvolvido pela Racjin e lançado pela Hudson Soft para o Nintendo 64 em 2001, lançado somente no Japão. Bomberman 64 é o último jogo lançado para o Nintendo 64 no Japão.
Bomberman 64 (USA)	O maligno Altair está usando o Omni Cube para drenar a energia do planeta Bomber. Com a ajuda de um assistente misterioso, você deve derrotar o Altair e restaurar a pazr. No modo Aventura, conduza o Bomberman por 24 áreas perigosas e cheias de inimigos. Lute contra os sinistros aliados de Altair, destrua suas bases e acabe com seus planos malignos. O modo de batalha multiplayer oferece infinitas horas de ação explosiva. Use o personagem padrão Bomberman ou crie um personalizado.
Bomberman 64 - The Second Attack! (USA)	De todas as grandes descobertas no universo, poucas são mais importantes que os lendários 8 elementos. Quando o malvado Rukifellth encontrou um desses elementos - a poderosa Pedra Celestial - ele usou sua influência para montar o temido Exército BHB. Armado com seu novo exército e um gigantesco navio espacial, o poderosamente louco Rukifellth começou a vasculhar a galáxia em busca dos outros 7 elementos, invadindo planetas e escravizando raças inocentes por toda a galáxia. Rukifellth controla esses planetas escravizados com geradores especiais de gravidade - os mesmos dispositivos que o Exército BHB usava para criar um Buraco Negro. Rukifellth usa seu Buraco Negro para capturar novos planetas ... Mas ele deveria ter pensado duas vezes antes de tentar capturar o planeta Bomber!
Bomberman Hero (USA)	Bomberman Hero é um jogo eletrônico desenvolvido pela Hudson Soft e distribuído pela Nintendo para o console Nintendo 64. Traz novos recursos de jogabilidade porém não possui o modo multiplayer. Este é outro jogo da série Bomberman. Agora você tem que impedir a demolição do Planet Bomber pelo mal Nitros e adquirir um disco de computador do robô Pibot. Como sempre você tem que colocar a bomba no lugar certo para destruir inimigos, quebrar paredes, etc. Aqui estão os cinco planetas diferentes, 71 níveis, 20 itens úteis, vários veículos especiais e suas bombas.
Bottom of the 9th (USA)	Jogue os modos Exposição e Temporada como seu time favorito da Major League Baseball. 300 jogadores da vida real, completos com uma lista completa de estatísticas, estão incluídos para esta combinação de simulação e baseball estilo arcade. Juntamente com a variedade usual de opções de reprodução, você também pode reproduzir algumas simulações de cenário, em que cada cenário é baseado em uma ocorrência real na MLB. Por exemplo, acerte um home run com a última bola do jogo, ou pare um time de marcar no último final para completar cada cenário. O Traning e o suporte para 2 jogadores para vários jogadores também estão disponíveis.
Brunswick Circuit Pro Bowling (USA)	Brunswick Circuit Pro Bowling é um jogo de boliche de dez pinos lançado para o Nintendo 64 em 1999. Escolha entre um dos 13 jogadores de torneio genuínos e vá trabalhar! Com pistas reais, animações reais de jogadores, condições reais de pista e mudanças, bolas de boliche reais (genuínas Brunswick!) E muito mais! O ambiente 3D completo dá vida ao jogo e todas as regras do torneio estão disponíveis, até mesmo o jogo &quot;Skins&quot; da Brunswick.
Buck Bumble (USA)	Um derramamento químico em algum lugar da Inglaterra rural transformou um exército de abelhas em insetos assassinos e mortais. Liderados por sua rainha, eles estão destinados a destruir tudo o que existe no planeta, incluindo todos os insetos que ousam detê-los. Apenas Buck Bumble, a única abelha a não ser transformada pelo mal pelos caminhos da rainha, pode salvar o mundo e seus companheiros insetos da destruição total. Usando as armas de Buck, você deve derrubar os muitos enxames de abelhas inimigas, enquanto permanecer acima do solo, evitando os perigos abaixo. Às vezes você pode ter que pousar no chão e atacar a pé, enquanto certos inimigos só podem ser destruídos por certas armas. Também está incluído um punhado de modos de tela dividida para dois jogadores, incluindo Buzz Ball, um jogo único de estilo de futebol no qual cada jogador controla uma Bee enquanto tenta chutar a bola um pouco maior para a outra meta.
Bug's Life, A (USA)	A Bug's Life é um jogo eletrônico baseado no filme da Disney/Pixar &quot;A Bug's Life&quot;. O jogo foi lançado entre 1998 e 1999 em diversos sistemas. A Bug's Life é um jogo de ação cômica com diferentes objetivos em cada um dos 15 níveis. A maior parte dos objetivos são feitos controlando o personagem principal, Flik, para fazer os eventos que ligam à linha de história do filme. Quando o jogador termina um nível, esse jogador pode proceder para o próximo nível. Cada novo nível começa com uma nova curta animação vinda do filme. Se o jogador coleta todos os itens bonus em um nível, esse jogador ganha um filme bonus. Itens Bonus incluem 50 pedaços de milho, quatro letras que soletram F-L-I-K e permanentemente destruindo cada inseto inimigo. Para guiar o jogador através dos níveis existem pequenos telescópios flutuantes que vão mostrar ao jogador áreas onde é necessário ele ir.
Bust-A-Move '99 (USA)	Bust-a-move 3 Dx na europa, Bust-A-Move '99 nos USA e Puzzle Bobble 64 no japão lançado para o Nintendo 64 em 1999 Terceiro episódio que inclui o modo Challenge (que classifica o seu desempenho após cada rodada), o modo Contest (ganhe o máximo de rodadas seguidas) e o modo Edit, onde você pode criar seus próprios quebra-cabeças Bust-A-Move. E, claro, os modos de 2 e 4 jogadores (apenas N64) estão incluídos para desafiar os seus amigos.
Bust-A-Move 2 - Arcade Edition (USA)	Bust-a-move 2 - Arcade Edition jogo da Taito, foi intitulada na Europa e América do Norte como Bust-A-Move Again no arcade e Bust-A-Move 2 Arcade Edition e lançado no Nintendo 64 em 1998. Como Tetris no sentido inverso, você atira bolhas em uma série de bolhas de cores diferentes presas em um teto sempre decrescente, que você precisa igualar três por três para fazê-las desaparecer. Esta edição contém desafios de quebra-cabeça, multiplayer e progressão normal de fase a fase.
California Speed (USA)	O California Speed você corre pela Califórnia, claro, com uma gama de pistas diferentes e únicas baseadas nos mapas da vida real do estado dos EUA, com elementos de atalhos e ramificação adicionando elementos de estratégia ao correr para a linha de chegada. Os carros incluem a coleção habitual de carros velozes, bem como corredores de F1 e carrinhos de golfe, e você pode personalizar a pintura do seu carro para se adequar ao seu estilo. Tela dividida duas corridas de jogador é suportada, as corridas individuais acontecem de forma arcade com tempo e checkpoint de coleta de tempo.
Carmageddon 64 (USA)	Carmageddon é um jogo essencialmente anárquico, você é posto em uma corrida aparentemente normal, mas sem limites. O jogador pode optar por atropelar os pedestres ou destruir seus adversários se não agradar o simples &quot;completar a volta em menos tempo&quot;. Vencer as provas pode se dar de três maneiras diferentes; Completando as voltas no tempo, matando todos os pedestres da prova ou destruindo os carros adversários. A cada corrida o jogador tem um tempo para completar a prova. Esse tempo pode aumentar de acordo com a quantidade que você coleta de bônus, entre: checkpoints, danos aos competidores, pedestres atropelados, formas de atropelamentos ou objetos bônus. Em muitos países (incluindo Alemanha e Inglaterra) Carmageddon foi lançado com o conteúdo de violência limitado ou censurado, trocando os seres humanos por zumbis ou robôs. A versão brasileira não incluía essa modificação, porém, ao instalar era necessário à criação de uma senha, só com ela era permitido jogar com seres humanos (modo sangue), sem ela o game era iniciado com a versão de robôs. Porém, mesmo com senhas de segurança, o game acabou sendo proibido no Brasil, o alto nível de carnificina e violência explicita foi o bastante para que em menos de uma semana o governo brasileiro retirasse o produto das prateleiras. A atitude do governo teve o efeito contrário ao esperado: com a proibição, Carmageddon se tornou um dos mais conhecidos jogos já lançados no Brasil, tendo circulado diversas cópias do mesmo após a veiculação da notícia da proibição do jogo. Na televisão a notícia mostrava cenas do jogo, o que fomentou a curiosidade daqueles que nem conheciam o produto.
Castlevania (USA)	A longa série de jogos Castlevania da Konami faz sua estréia no N64. Os tradicionais gráficos 2D foram deixados para trás; este é o primeiro jogo de Castlevania em 3D. No entanto, o objetivo do jogo continua o mesmo: chutar algumas bunda de vampiro como você batalha contra o mal Conde Drácula e seus asseclas neste jogo de plataformas. O jogador pode optar por ser Reinhardt Schneider (pela tradicional ação de chicote) ou Carrie Fernandez (que usa poderes mágicos). Ambos os personagens têm sua própria história. Um bom recurso é a presença de um relógio no jogo que muda a hora do dia (seja dia ou noite).
Castlevania - Legacy of Darkness (USA)	Castlevania: Legacy of Darkness é um jogo eletrônico que foi desenvolvido e distribuído pela Konami para Nintendo 64. Ele faz parte da série Castlevania e foi primeiramente lançado nos Estados Unidos em 30 de novembro, 1999. Seu título em japonês é Akumajou Dracula Mokushiroku Gaiden Legend of Cornell. Situado no ano de 1844, o jogo protagoniza o homem-fera Cornell em sua missão para impedir que sua irmã adotiva, Ada, seja usada como sacrifício para ressuscitar Drácula. O jogo começa quando Cornell chega à sua aldeia, que foi queimada até o chão pelos asseclas de Drácula. Ele encontra o pingente de Ada em uma porta e segue seu cheiro até o castelo de Drácula. Durante o curso do jogo, Cornell se depara com uma grande propriedade da família Oldrey: J.A. Oldrey, o mestre da Villa, Mary, sua esposa e Henry, seu filho. Gilles de Rais e Actrise transformaram Oldrey Senior em um vampiro. A pedido de Mary, Cornell guia Henry para a segurança. Mais tarde na vida, Henry retorna a Castlevania para salvar crianças sequestradas.
Centre Court Tennis (Europe)	O Centre Court Tennis é um jogo de tênis que não se leva muito a sério. Depois de criar seu personagem Lego, você está pronto para ir! O jogo básico apresenta um modo multiplayer (até 4 jogadores), um modo de torneio e um modo de exibição. Você também tem quatro mini-jogos, &quot;Tennis Court Bingo&quot;, &quot;Burning Barrels&quot;, &quot;Run and Gun&quot; e Knock'em Down &quot;, onde seu objetivo é acertar certos objetos no campo de tênis. Você pode ganhar preços especiais para recebendo pontos suficientes. Além disso, você tem um modo de desafio especial em que você tem que jogar contra seu oponente em condições estranhas - seu campo de tênis pode estar girando, feito de gelo ou prestes a explodir, para citar alguns. Bata no seu adversário e você será recompensado com uma peça de vestuário ou item de sua escolha no vestiário do seu oponente. Perca e você perde um item que seu oponente escolheu. Continue perdendo e você terá que jogar seus jogos usando apenas sua roupa de baixo, o que torna o jogo uma espécie de strip-tenis ideal para a família.
Chameleon Twist (USA)	Davy, o camaleão, está cuidando de seus próprios negócios, quando um coelho chama sua atenção. Seguindo o coelho em seu buraco, ele logo se transforma em um camaleão super-alienígena, com uma língua extra longa. Preso em um mundo desconhecido, ele deve usar sua nova força para encontrar seu caminho de volta para sua casa. Usando o analógico, você pode controlar a língua de Davy para pegar inimigos e jogá-los como balas, agarrar-se a postes e bordas distantes por um caminho rápido através da terra, ou realizar truques como um salto de vara, no qual ele pode alcançar distâncias mais altas usando sua língua como um salto com vara.
Chameleon Twist 2 (USA)	Depois de encontrar seu caminho de volta para casa de sua primeira aventura, Davy decide relaxar com seus amigos. No entanto, enquanto brincava com a gangorra, um enorme coelho caiu do céu, mandando a cabeça de Davy para o céu. Então, mais uma vez, usando sua longa língua para atacar inimigos e agarrar-se a bordas distantes, Davy deve encontrar o caminho de volta para casa a partir da terra no céu. Para a segunda aventura, agora você pode escolher entre 4 Chameleon's diferentes, Davy e seus amigos Linda, Fred e Jack. E, além de usar a língua, Davy também pode usar um guarda-sol para flutuar em grandes aberturas.
Charlie Blast's Territory (USA)	Charlie Blast é um trabalhador da construção civil, mas bastante diferente do seu colega mais famoso. Charlie tem uma barriga de cerveja convincente, ele tem dificuldade em manter a calça jeans levantada (sim, você vai ter uma boa visão do seu crack com bastante frequência) e seus pelos no peito fazem David Hasselhoff sentir vergonha de si mesmo. Ele não está tentando salvar uma princesa também; Sua missão é explodir ilhas com TNT! Com gráficos 3D e alguns elementos de plataforma, Território de Charlie Blast, um remake de Kablooey, é uma modernização de um dos gêneros clássicos de quebra-cabeça, onde seu objetivo é empurrar caixas para os pontos corretos. Todo nível é uma ilha. Em cada ilha você tem pelo menos uma bomba e uma caixa TNT. Seu objetivo é empurrar todos eles ao lado uns dos outros e depois explodir tudo em uma enorme reação em cadeia. Quando você faz, você avança um nível. Você não pode puxar as caixas, mas pode subir por elas.
Chopper Attack (USA)	Em Chopper Attack, você pega um helicóptero e explode tudo! Você pode escolher entre oito diferentes helicópteros de ataque, cada um com suas próprias forças e fraquezas. Após receber os detalhes de sua missão, você está pronto para destruir tudo - tanques, outros helicópteros, aviões, radares, prédios etc. Enquanto a missão exige apenas que você faça algo específico, destruir tudo lhe dá bônus e dinheiro, que você pode usar para comprar mais mísseis pesados entre as missões. Se você olhar para as imagens, você pode pensar que Chopper Attack é uma simulação de helicóptero. Não é. Sua elevação é fixa. Não há física. Você tem brigas com chefes com helicópteros gigantes. O jogo é pura ação 3D, pura e simples.
Choro Q 64 2 - Hacha Mecha Grand Prix Race (Japan)	Choro Q 64 2: Hacha-Mecha Grande Prémio Race é um jogo de corrida lançado em 1999 no Japão para o Nintendo 64. É a sequela do Choro Q 64 (Penny Racers fora do Japão) e faz parte da série Choro Q. O jogo também é compatível com o jogo Choro Q Hyper Customable GB da Game Boy Color, usando o GB Transfer Pak.
Chou Kuukan Nighter Pro Yakyuu King (Japan)	Chou Kuukan Nighter Pro Yakyuu King é um jogo de basebol para o Nintendo 64. Foi lançado apenas no Japão em 1996, jogo de beisebol de mini personagens em formato SD, liga profissional, modos de exibi~]ao e modos competitivos estão disponíveis nessa versão.
Clay Fighter - Sculptor's Cut (USA)	Prepare-se para desmoronar ... com esta edição especial do mais engraçado jogo de luta do mundo! Este &quot;corte do diretor&quot; contém muitos extras adicionados ao jogo original Clay Fighter 63 1/3. Você pode perder vidas, você pode perder membros, mas não perca seu senso de humor! 12 caças excêntricos e mais 4 combatentes de argila adicionais encontrados somente nesta versão. Mais observações sarcásticas e sagacidade farpada farão com que você chore de tanto rir! Os personagens originais recebem ataques adicionais para uma experiência totalmente nova. O ângulo aprimorado da câmera permanece disponível para ver mais detalhes no ambiente e melhorar o controle da luta!
Clay Fighter 63 1-3 (USA)	Clay Fighter 63 1/3 é categorizado como um beat 'em up e foi lançado pela desenvolvedora e editora Interplay em 1997. Ele usa animação stop motion e claymation em oposição à animação de computador tradicional para produzir um efeito único. Jogue personagens como Bad Mr. Frosty (um boneco de neve que ficou terrivelmente mal), Bonker, o palhaço de pesadelo, ou até mesmo escolha um Blob verde e viscoso; Cada lutador tem seu próprio estilo de luta e uma série de movimentos que nenhum personagem de animação de argila jamais tentou antes, incluindo galinhas, argila e muitos outros objetos.
Command & Conquer (USA)	Command & Conquer desenvolveu idéias do Dune 2 anterior de Westwood, formando um jogo de estratégia em tempo real que influenciou muitos. O sistema de controle de selecionar unidades com o mouse e direcioná-las é semelhante a títulos futuros, como Aniquilação Total. O jogo centra-se numa guerra entre duas organizações, a Brotherhood of Nod e a Global Defense Initiative. Você pode controlar qualquer um dos lados por mais de 15 missões. Ambos têm diferentes unidades e estruturas, incluindo artilharia, tanques e infantaria ligeira. Na maioria das missões você tem que construir uma base primeiro para construir novas unidades e estruturas. Os mais importantes são os harvesters especiais, que coletam Tiberium e os entregam a uma refinaria, onde são convertidos em dinheiro - dinheiro necessário para criar unidades adicionais.
Conker's Bad Fur Day (USA)	Conker's Bad Fur Day lançado em 2001 apresenta violência explícita, temas sexuais, linguagem forte, humor escatológico, e inúmeras paródias cinematográficas. O jogo recebeu muitos elogios por críticos, que elogiaram seus gráficos, sons e apresentação. É considerado por muitos como um dos jogos de melhor visual do Nintendo 64. Jogabilidade muito boa nos moldes de Banjo-Kazoie e uma narrativa contada em capítulos sem tirar o jogador da imersão, e um dos top multiplayers do Nintendo 64.
Cruis'n Exotica (USA)	Cruis'n Exotica tem uma jogabilidade semelhante aos jogos anteriores da série, mas acrescenta um sistema de código PIN para acompanhar o progresso como San Francisco Ponta 2049. Os níveis ocorrem em locais exóticos no universo, tais como Las Vegas, Tailândia, e a superfície de Marte. O jogo também permite que um jogador escolha um motorista durante as corridas, incluindo um marciano, um bebê, um palhaço e um cowboy. A versão Nintendo 64 é muito semelhante ao seu homólogo arcade, contendo faixas e veículos escondidos.
Cruis'n USA (USA)	Originalmente uma máquina de arcade, Cruis'n USA foi então lançado para o Nintendo 64. O jogo pede aos jogadores que escolham entre sete veículos para correr em uma variedade de cursos (baseados em locais reais) em todo o país. Várias opções pré-jogo incluídas são a escolha de transmissão automática ou manual, várias configurações de controlador, bem como opção de seleção de música de fundo. Os jogadores assumem o controle do veículo a partir de uma perspectiva de terceira pessoa e, evitando vários perigos ao longo do caminho, devem vencer o relógio, bem como os rivais controlados pelo CPU para ganhar o primeiro lugar. Com quatorze cursos para escolher, o Cruis'n USA leva os jogadores a um passeio por algumas das estradas e rodovias mais famosas e famosas do continente. Alguns dos locais incluem: Golden Gate Park, Redwood Forest, Beverly Hills e o Grand Canyon.
Cruis'n World (USA)	Faça as malas e prepare-se para uma viagem de primeira classe pelo mundo. Seu ingresso é cortesia de Midway, que transformou o seu mega-hit Cruis'n World em um novo piloto para o N64. Cruis'n EUA pilotos emocionados com uma viagem cênica pelas estradas da América, mas desta vez a ação irá levá-lo ao redor do mundo. Cada faixa é repleta de paisagens realistas e pontos de referência autênticos, portanto, jogar este jogo pode economizar muito dinheiro nas despesas de viagem. Você pode ter um vislumbre da Esfinge, da Estátua da Liberdade e das ruínas maias sem deixar a segurança do sofá da sua sala de estar. Se você está procurando por uma simulação de corrida realista com a física do mundo real, então este definitivamente não é o jogo para você. Os gráficos são realistas, mas o jogo real é distorcido ao extremo. Mesmo que o brilho na Grande Muralha da China possa ser inacreditável, certamente é divertido. Você pode saltar sobre um caminhão com um carro da polícia, ou fazer um backflip com um ATV militar. Acrescente a isso uma corrida bônus que acontece na Lua, e você tem uma boa idéia da execução over-the-top da Midway do conceito Cruis'n. Muitos de nós nunca teremos a chance de visitar as pirâmides egípcias, muito menos a oportunidade de dirigir uma ambulância gritando diretamente através delas. O Cruis'n World oferece ação de corrida de fantasia e a melhor coisa é que você não terá que se preocupar com a sua bagagem ficando para trás na Rússia.
Custom Robo (Japan)	Custom Robo é uma espécie de ação sci-fi nos títulos de Pokémon estilo colecionador e batalha da própria Nintendo. No modo de história do jogo, você assume o papel de um garoto que acaba de construir seu próprio robô de brinquedo que atende pelo nome de Lei. Juntamente com seu primo, você vai até Robo Station para participar de um gigantesco campeonato de batalha Custom Robo que acontece no Holosseum local. O objetivo final é melhorar suas habilidades para que você possa derrotar o construtor campeão Custom Robo de todos eles, Mamoru. A jogabilidade envolve personalização de robôs e batalhas de ação frenéticas em arenas 3D confinadas.
Custom Robo V2 (Japan)	Custom Robo V2 foi um jogo de ação pra Nintendo 64 produzido em 2000 pela Noise e lançado somente no Japão. Ele foi o segundo jogo da série Custom Robo que assim como o primeiro também é um jogo que mistura lutas com rpg. Ele lembra bastante a jogos como Digimon e Beyblade. Segundo e último título Custom Robo desenvolvido para o Nintendo 64. É também o primeiro título da série a permitir a participação de até quatro jogadores, em vez de dois jogadores.
CyberTiger (USA)	O CyberTiger é um jogo de golfe de 1999 que conta com Tiger Woods, para Nintendo 64. A um passo atrás do estilo de simulação do Tiger Woods PGA, Cyber Tiger Woods tem mais de uma sensação de arcada, com animações de estilo cartoon, jogabilidade rápida e elementos adicionados para tornar o jogo de golfe mais vivo do que a contraparte da vida real.
Dance Dance Revolution - Disney Dancing Museum (Japan)	Dance Dance Revolution: O Disney Dancing Museum é um jogo de música lançado para o Nintendo 64 em 30 de novembro de 2000 no Japão. Foi vendido como parte de um pacote com o jogo, bem como um tapete de dança para N64 exclusivo projetado para essa mistura que apresentava personagens populares da Disney. O jogo contou com 22 (20 que devem ser desbloqueados) músicas de várias franquias da Disney e outros números musicais populares. As músicas são desbloqueadas por jogadores que montaram quebra-cabeças de personagens famosos da Disney. Ele compartilha três músicas com a encarnação do PlayStation Disney, Dance Dance Revolution, Disney Mix e vários modos de jogo, incluindo single e dual player, e dance magic (um modo de batalha). O jogo também apresenta um modo de jogo único, onde o jogador dança no teclado de dança e usa o controle para pressionar as setas de um único conjunto no lado direito e esquerdo da tela usando o botão Z do controlador N64.
Deadly Arts (USA)	G.A.S.P!! NEXTream é um jogo de luta para o Nintendo 64 lançado em 1998. A história segue uma série de lutadores que receberam uma misteriosa carta para competir em um lendário concurso e sobre um campeão. que desapareceu e está oferecendo honra e uma grande recompensa para o novo campeão. As versões americana e canadense são conhecidas como Deadly Arts. Lute como uma gama de personagens de todo o mundo nos modos de treino, &quot;um-contra-um&quot; e torneio. Simples derrotar cada lutador que está diante de você para progredir nas fileiras até derrotar todos em diversos cenário e arenas. Cada lutador tem um conjunto de movimentos básicos e movimentos especiais para usar. Juntamente com as opções de multijogador de 2 jogadores, você também pode criar seu próprio lutador e treiná-lo para o nível de elite.
Densha de Go! 64 (Japan)	Densha de Go! 64 é um jogo de simulação de trem para o Nintendo 64.[1] Foi lançado apenas no Japão em 1999. O jogo foi desenvolvido e publicado pela Taito Corporation.
Derby Stallion 64 (Japan)	O Derby Stallion - também conhecido no Japão pela abreviação de portmanteau DerbyStal - é uma série de jogos de simulação de aposta e de corrida de cavalos criados originalmente pela ASCII Entertainment e lançados pela Nintendo. No jogo você pode assistir corridas de cavalos em um gráfico 2.5D, cuidar do seu cavalo e customizar o jocker originalmente o jogo foi lançado somente no Japão.
Destruction Derby 64 (USA)	Destruction Derby 64 é jogo de combate veicular desenvolvido pela Looking Glass e publicado pela Psygnosis em 1999 para o Nintendo 64. Baseado no esporte de corrida de demolição, o jogo incumbe o jogador a correr e destruir carros para marcar pontos. Na jogo você tem o simples objetivo de correr contra seus oponentes pelas pistas contra o tempo para atingir checkpoints, tudo fica mais fácil quando você bate para destruir seus oponentes, estir o modo de destruição pura, modo arcade, e um modo multiplayer. Também existe carros secretos que podem ser desbloqueados vencendo o modo World Tour Championship
Dezaemon 3D (Japan)	Dezaemon 3D é mais um criador de jogos do que um jogo real. Enquanto ele vem com dois jogos, o que realmente torna o cartucho especial é o editor. É muito mais do que um editor de níveis - você pode usá-lo para projetar seu próprio jogo de tiro em 3D! De fato, ambos os jogos foram feitos com o mesmo editor. Projetar modelos 3D, fazer texturas e compor uma música de sucesso não são tarefas pequenas, por isso, se você é mais do tipo impaciente, você pode pular o editor e ir direto para os dois jogos de exemplo, Solid Gear e Usagi. Ambos os jogos são atiradores, mas essa é a única coisa que eles têm em comum. O Solid Gear é um shooter &quot;sério&quot; (e difícil), onde você está no meio de uma guerra, atirando em navios de guerra, tanques e até mesmo mechs inimigos. Usagi é a sua peculiaridade japonesa tipicamente atípica, onde você deve se defender contra robôs, mísseis e coelhinhos. Um monte de coelhinhos.
Die Hard 64 (USA) (Proto) (Level 1)	Die Hard 64 é o protótipo de um jogo baseado no universo dos filmes 'Duro de Matar'. O jogo foi cancelado no meio de seu desenvolvimento, refeito para o GameCube, e eventualmente lançado como &quot;Die Hard: Vendetta&quot;.
Donald Duck - Goin' Quackers (USA) (En,Fr,De,Es,It)	O jogo começa com Pato Donald, Gastão e Professor Pardal assistindo a repórter Margarida em sua descoberta do misterioso templo do malvado feiticeiro Merlock. Enquanto ela conta a história, é raptada por Merlock. O arqui-inimigo de Pato Donald, Gastão, diz que vai encontrar ela primeiro que Donald, usando a nova invenção do Professor Pardal, o &quot;sistema de teletransporte por tubo&quot;. No entanto, a máquina não possui poder suficiente para colocar eles no templo de uma vez, e para fazer essa funcionar, Donald deve embarcar na aventura de restaurar o poder da máquina. Durante a aventura, ele deve competir com Gastão, reverter o feitiço que Merlock colocou nos brinquedos de Huguinho, Zezinho e Luisinho, e derrotar vários chefes, incluindo os Irmãos Metralha e a Maga Patalójika. No final, Donald consegue encontrar Merlock; ele o derrota e resgata Margarida. O templo entra em colapso, mas o Professor Pardal consegue trazer eles de volta para o laboratório, onde Donald recebe um beijo de Margarida por ter salvado ela.
Donkey Kong 64 (USA)	Donkey Kong 64 é um jogo da série Donkey Kong para o sistema Nintendo 64. Neste jogo temos o retorno de Donkey Kong como personagem jogável e Diddy Kong, contando com a participação de mais 3 personagens totalmente novos. A história do jogo acontece um ano depois do jogo Donkey Kong Land III onde K. Rool produz uma nova arma, a Blast-O-Matic, e pretende destruir as Ilhas DK. Porém, a máquina falha após um problema que faz com que sua ilha flutuante fique de frente para a Ilha Donkey Kong. Para ganhar tempo e poder arrumar sua máquina, K.Rool captura alguns dos Kongs e os prende e rouba as preciosas bananas douradas de Donkey Kong. À medida que DK liberta seus amigos, ele parte em uma aventura para recuperar suas bananas e derrotar K. Rool, seu exército de Kremlings e outras criaturas do mal.
Doom 64 (USA)	DOOM 64 começa onde todos os outros jogos do DOOM pararam. Depois de rasgar o espaço, o inferno e onde quer que houvesse nos jogos anteriores, o DOOM guy pensou que a ameaça dos demônios havia finalmente passado. Naturalmente, um deles sobreviveu, e atualmente está reanimando todos os monstros caídos em uma última tentativa de revitalizar sua missão maligna. A tarefa do jogador é finalmente livrar o universo de todos os infernos malucos, desde o morto com a pistola até o Cyberdemon. A versão de Nintendo 64 apesar de ser superior em jogabilidade e graficamente comparado a outras versões está com os níveis de violência mais baixa para atender mais publico infanto-juvenil.
Doraemon - Nobita to 3tsu no Seireiseki (Japan)	O Diabo foi selado pelos poderes das Três Pedras do Espírito das Fadas. Estas pedras criaram uma barreira que ele não podia passar, então um dia ele escapou e continuou sua guerra contra o povo do Mundo das Fadas. A princesa do céu foi então pedida por seu pai para ir ao mundo humano e retornar com o bolso tridimensional de Doraemon. Ela chega ao Mundo Humano para pegar o bolso de Doraemon, mas como ela faz o Rei Malvado vem, na forma de um morcego, e o rouba. A princesa persegue o morcego de volta ao seu mundo e desaparece. Doraemon, Nobita e seus amigos decidem segui-la e ver se conseguem recuperar o bolso. Ao chegar eles descobrem que esta princesa de aparência humana agora tem o corpo de uma pequena fada completa com asas. Ela diz a eles que ela foi transformada nessa forma pelo Diabo, e que ela conseguiu o bolso de Doraemon de volta, mas na luta todos os seus itens úteis foram perdidos, entre as três áreas do Mundo das Fadas, Terra, mar e céu.
Doraemon 2 - Nobita to Hikari no Shinden (Japan)	Jogo de ação lançado em 1998 no Japão apenas. A jogabilidade consiste em coletar itens como vários personagens da série e rastreamento de dungeons. O jogo é inspirado no mangá Doraemon. É o segundo jogo de Doraemon no Nintendo 64, precedido por Doraemon: Nobita para mittsu no seireiseki e segue a mesma formula do seu antecessor de plataforma 3D, com piadas retiradas diretamente dos mangás de Akira Toriyama. O título se traduz em Nobita e no Templo da Luz.
Doubutsu no Mori (Japan)	Doubutsu no Mori (Dobutsu no Mori, Floresta Animal), muitas vezes referido como Animal Forest em Inglês, é a primeira parcela da série Animal Crossing e foi lançado exclusivamente no Japão para o Nintendo 64. Apesar de ser lançado no final do ciclo de vida do console , o jogo ainda conseguiu vender 213.800 unidades, tornando-se o 28º título mais vendido no sistema. O Doubutsu no Mori é compatível com o Expansion Pak e apresenta uma imagem mais nítida quando usado, melhorando sua resolução de 320x240 para 640x480 pixels. Como o Nintendo 64 estava no fim de sua vida, um porto melhorado chamado Doubutsu no Mori + foi lançado apenas oito meses depois para o Nintendo GameCube. A Nintendo ofereceu um serviço para os jogadores transferirem dados salvos do Doubutsu no Mori para o Doubutsu no Mori +, no entanto este serviço foi descontinuado. Doubutsu no Mori foi lançado na China como parte do iQue Player em janeiro de 2006. É o único jogo da série Animal Crossing a ser lançado no mercado chinês.
Dr. Mario 64 (USA)	Dr. Mario 64 é um jogo para Nintendo 64 lançado no primeiro semestre de 2001. O jogo é uma mistura do tetris clássico com outros elementos consagrados do gênero puzzle. Dr. Mario 64 é uma versão mais recente do Dr. Os blocos do tetris foram substituídos por pequenas criaturas que representam os vírus e o Dr. Mario, como o título de &quot;Dr.&quot; sugere, deve combatê-los. No jogo, além do Mario o único personagem bastante conhecido é o Wario, o resto são uma maioria de personagens até então desconhecidos do público. O mais legal do jogo é a opção multiplayer que suporta até quatro jogadores simultaneamente, mas além dessa ainda existem mais seis modos de jogo:
Dragon Sword 64 (USA) (Proto) (1999-08-25)	Criado por Team Storm nos Interactive Studios (os criadores de Glover N64), Dragon Sword é um jogo de hack and slash (similar ao Gauntlet Legends) que estava em desenvolvimento em 1997/1998 para o Nintendo 64. Infelizmente, este jogo nunca foi finalizado. por causa de alguns problemas com o editor. Dragon Sword 64 estava em perigo de ser perdido e esquecido para sempre, mas graças a um colecionador anônimo, um beta jogável foi compartilhado on-line e agora a comunidade pode ajudar a preservá-lo. Se você amava Gauntlet Legends no Nintendo 64 no modo multiplayer, provavelmente também vai se divertir com o Dragon Sword. Antes de jogar esta versão beta, lembre-se de que se trata de um jogo da Nintendo 64 inacabado e não lançado que estava em desenvolvimento há mais de 12 anos.
Dual Heroes (USA)	Dual Heroes é um jogo de luta para o Nintendo 64, lançado em 5 de dezembro de 1997 no Japão, 12 de abril de 1998 na Europa e 31 de outubro de 1998 na América do Norte. O jogo foi desenvolvido pela Produce e publicado pela Hudson Soft. É um jogo de luta 3D com personagens vestidos ou mutantes parecidos com insetos, usando técnicas normais e especiais, combos e alguns tipos de finalizações especiais. Há 20 anos, em preparação para a próxima desgraça, a humanidade começou um êxodo para os satélites fabricados pelo homem no espaço sideral. Mas o &quot;Dia do Juízo Final&quot; chegou mesmo antes de metade da população ter escapado para o espaço. A mudança na placa tectônica fez com que a forma do Oceano Pacífico mudasse e um novo continente fosse criado. Depois de 100 anos, as únicas áreas habitáveis foram limitadas à área em torno do novo Oceano Pacífico e do novo continente. Novas nações foram fundadas neste continente e a humanidade começou a reconstruir suas vidas. No meio da reconstrução, &quot;Gaiathyst&quot;, um mineral que libera uma energia semelhante à gravidade, foi descoberto como uma nova fonte de energia infinita.
Duck Dodgers Starring Daffy Duck (USA) (En,Fr,Es)	Duck Dodgers Starring Daffy Duck é um videogame de plataforma para o Nintendo 64 lançado em 2000. Baseado no desenho animado, o jogador assume o controle de Daffy Duck e explora cinco planetas fictícios e salva a Terra. Marvin O Marciano desenvolveu uma arma suprema que lhe permitirá finalmente destruir a Terra, o que, finalmente, permitirá que ele assuma o controle do universo. Após a demonstração da arma, um ligeiro obstáculo impede Marvin de completar sua ação desonesta. A arma está fora dos átomos, que ele executa, então ele envia seus minions(todos os quais são personagens do universo Looney Tune) para reunir átomos para abastecer sua arma. Duck Dodgers é informado por sua academia sobre os feitos de Marvin e decide encontrar os cem Átomos antes que Marvin possa. No final das contas, Dodgers e seu companheiro, Cadet, viajam para quatro planetas diferentes, incluindo um grande navio pirata, para obter a vantagem sobre Marvin.
Duke Nukem - Zero Hour (USA)	Duke Nukem: Zero Hour é um jogo de tiro em terceira pessoa da série Duke Nukem, desenvolvido pela Eurocom para o Nintendo 64. Duke é chamado à ação pelo governo, os aliens voltaram e estão causando estragos. Duke bombeia a ameaça alienígena pelas ruas de Nova York com a ajuda de alguns fuzileiros navais e, eventualmente, ganha acesso à Estátua da Liberdade. Aqui, Duke descobre o verdadeiro plano dos alienígenas, para voltar no tempo e mexer com eventos históricos, para que a Terra agora não seja o que é e faça com que eles possam facilmente assumir o controle.
ECW Hardcore Revolution (USA)	ECW Hardcore Revolution é um título de wrestling desenvolvido pela Acclaim baseado na promoção de wrestling Extreme Championship Wrestling. Os jogadores podem usar até 33 wrestlers da ECW, incluindo Rob Van Dam, Tazz, Sandman e muitos outros. O jogo em si é executado em um mecanismo WWF Attitude modificado e inclui vários modos de jogo, incluindo jogos de tag, Death Match, arame farpado e outros. Até 4 jogadores podem jogar simultaneamente.
Excitebike 64 (USA)	Excitebike 64 é um jogo de corrida lançado para o Nintendo 64 em 2000. No jogo você é um piloto de motocross e tem que encarar corridas alucinantes em diversos tipos de pistas e em diversos modos de jogo, sendo o mais incomum deles o jogo de futebol com motos é uma atualização para o Excitebike original, para o NES. Os saltos ultrajantes e o tempo de precisão exigidos no original foram traduzidos para um moderno jogo de corridas em 3D. Existem vários modos de jogo para escolher. Primeiro, há um modo de temporada com vários níveis de habilidade. Completar uma temporada de 5 corridas em primeiro lugar desbloqueia faixas especiais e classes mais difíceis. Em segundo lugar, há um modo de exibição que permite que você e até três outras pessoas escolham uma única pista para competir. Em terceiro lugar, há um modo de teste de tempo em que você tenta obter os melhores tempos nas 20 faixas. Algumas das faixas especiais incluem uma corrida ponto-a-ponto pelo deserto, uma competição de subida de montanha, futebol de motocross e uma conversão pixel-perfeita da Excitebike original. Excitebike 64 também inclui um editor de pista para construir suas próprias competições.
Extreme-G (USA)	Extreme-G é um jogo eletrônico de corrida futurística para Nintendo 64. Foi o primeiro jogo da série Extreme-G. Foi desenvolvido pela Probe Entertainment e publicado pela Acclaim Entertainment. A sequência Extreme-G 2 foi lançada em 1998. Corrida de motociclismo futurista incrivelmente rápida. Expulsar seus adversários fora da pista com canhões a laser, mísseis homing e uma variedade de outras armas, como minas, bombas e tripwires - tudo em 300 MPH. Inclui modos de campeonato e multiplayer, com um modo de torneio para 16 jogadores, sobre uma série de faixas definidas em quatro mundos diferentes.
Extreme-G XG2 (USA)	Extreme-G 2 é um jogo eletrônico de corrida futurística para Nintendo 64 foi desenvolvido pela Probe Entertainment e publicado pela Acclaim Entertainment em lançada em 1998. Prepare-se para o passeio da sua vida! Extreme-G 2. Alimente o speedfreak dentro. Mais rápido que o original. E dez vezes mais mortal. Um falso giro e você é um brinde! Quebre a barreira do som com 12 manobras radicais de evolução. Mais de 40 pistas de torção. Exploda seus inimigos com foguetes de disparo traseiro, canhões de íons, minas magnéticas e muito mais! Intensa ação de 4 jogadores: Battle Mode, Cup Challenge e Head-to-Head.
F-1 World Grand Prix (USA)	F-1 World Grand Prix é um jogo de corrida de Fórmula 1 lançado em 1998 para o Nintendo 64. Você experimentará todos os pilotos, faixas e equipes e competirá em vários modos de corrida diferentes, desde o habitual Grand Prix e o Training ao modo Challenge, onde você tentará completar uma série de eventos críticos com base sobre o negócio.
F-1 World Grand Prix II (Europe) (En,Fr,De,Es)	F-1 World Grand Prix II é um jogo de corrida de Fórmula 1 lançado em 1999 para Nintendo 64, a segunda experiência de F1 da Paradigm, a sequência direta do F-1 World Grand Prix, tem mais das mesmas pistas e carros de alta velocidade do circuito de Fórmula 1. As licenças de pilotos e equipes ainda estão disponíveis nesta versão.
F-Zero X (USA)	F-Zero X é a sequência de F-Zero para Nintendo 64. Este jogo também foi lançado para a iQue na China e para a Virtual Console. F-Zero X é uma corrida de naves chamadas Machines, que correm quebrando a velocidade do som. Nessa versão, existem 30 pilotos distintos com suas Machines, ao contrário de seu antecessor, que possuía apenas 4 pilotos. Cada machine possui seus altos e baixos. Dispondo de um total de 30 naves, o jogo se passa em um ambiente futurístico, com corridas das mais variadas formas, com loops e quedas livres. F-Zero X é considerado um dos jogos mais rápidos da história. A bordo de uma nave, o jogador pode chegar a mais de 1000km/h numa corrida, e passando a sensação de velocidade, o que foi um dos grandes pontos positivos do jogo.
F1 Pole Position 64 (USA) (En,Fr,De)	Um jogo de corridas de Fórmula 1, oficialmente reconhecido pelo Campeonato Mundial de F1 da FIA, contendo os 16 circuitos do campeonato mundial do dia, desde Monza e o antigo Hockenheim até Mônaco e Hungaroring. A configuração do carro é altamente detalhada, refletindo a verdadeira Fórmula 1 e a base de simulação do jogo. Você terá que correr no molhado, o que significa mais modificações na configuração para lidar com a aderência reduzida. Você também pode editar o nível de dano do carro, o rádio do carro do poço e se os carros da CPU podem colidir. Existem também os modos Battle e Time Trial, com seus melhores tempos registrados.
F1 Racing Championship (Europe) (En,Fr,De,Es,It)	O F1 Racing Championship é o terceiro jogo de simulação de corrida Ubi Soft F1, publicado com a licença da FIA pelo sistema de vídeo. Possui pistas oficiais, pilotos e carros da temporada de F1 de 1999. O jogo é baseado em um novo motor trazendo um verdadeiro passo tecnológico em comparação com os dois primeiros títulos (F1 Racing Simulation e Monaco Grand Prix Racing Simulation 2). Os modos de jogo disponíveis são Single Race, Grand Prix, Championship, Trials Privados e Time Attack. As pistas foram modeladas em 3D a partir de dados de GPS amostrados nas estradas reais. Há física realista, um sistema de telemetria para analisar o comportamento de seu carro e ajustar suas configurações, IA complexa, replays graváveis, gerenciamento de estratégia com sequências animadas, simulação de clima e suporte LAN para jogos multiplayer.
Famista 64 (Japan)	Famista 64, da Namco, é a primeira versão de 64 bits de sua série Family Stadium de jogos de beisebol. Todas as principais equipes do Japão da temporada de 1997 estão presentes e uniformes e estádios são modelados de acordo com os seus homólogos da vida real. Modos de liga e carreira. Mesclando gráficos 3D com 2D bem minimalista e jogabilidade simples, Famista 64 é um simulador de beisebol que pode agradar fãs do esporte diverti muito.
FIFA - Road to World Cup 98 (USA) (En,Fr,De,Es,It,Nl,Sv)	FIFA: A Caminho da Copa de 98 traz para você um excelente simulador de futebol. Excelentes gráficos e sons! Aqui você defenderá seu time a partir da fase classificatória, lutando para conseguir a tão sonhada vaga para a Copa da França. São 172 times, em seis zonas diferentes. No final apenas 30 serão classificados (obedecendo à regra das Eliminatórias na época, o Brasil, campeão incumbente, e a França, país-sede, estavam dispensados de disputar as eliminatórias; porém, eles podiam ser escolhidos para as Eliminatórias, e o jogo designaria substitutos da mesma zona para receber a qualificação automática). Sua música tema foi Song 2, da banda britânica Blur. O jogo possui 5 modalidades diferentes: Copa do Mundo de 98, Amistosos, Liga, Pênalti e Treino.
FIFA 99 (USA) (En,Fr,De,Es,It,Nl,Pt,Sv)	FIFA 99 é um jogo da série de jogos FIFA. Lançado em 1998 pela Eletronic Arts, consiste em um simulador de futebol que permite ao usuário selecionar um time para jogar, sendo disponível para Nintendo 64. O jogo foi o primeiro da série com versão em português e o último disponível para Nintendo 64. O FIFA 99 possuía 12 ligas. As novidades foram as entradas Primeira Liga e a Pro League e a saída da M-League. Como nas edições anteriores o Brasileiro e a Liga Americana não são oficiais, no entanto os times brasileiros passaram a contar com suas escalações reais. O jogo continha 4 torneios europeus além de ter a possibilidade de criar campeonatos e copas. Curiosamente, em todas as versões, a Liga Brasileira continha os oito finalistas do Campeonato Brasileiro de 1997 (Vasco, Palmeiras, Internacional, Atlético Mineiro, Flamengo, Portuguesa, Santos e Juventude).
FIFA Soccer 64 (USA) (En,Fr,De)	O FIFA Soccer 64, também conhecido como FIFA 64, é um jogo do Nintendo 64 lançado em 1997. Foi o primeiro jogo de futebol lançado para o N64, com toda a ação de futebol e futebol que se pode esperar de um título da EA Sports. Escolha o seu time, seja o Manchester Utd ou o Real Madrid, ou até mesmo um time de baixo escalão, e leve-o para as fileiras do esporte profissional até os reis coroados do torneio. Você pode ficar com as ligas locais (cinco no total) ou levar sua equipe para o circuito internacional e competir contra todas as equipes disponíveis. O FIFA Soccer 64 pode ser jogado por até 4 jogadores por vez.
Fighter Destiny 2 (USA)	Para Nintendo 64 desenvolvido/publicado Imagineer/South Peak Interative e lançado em 2000, a sequência de Fighters Destiny (o título agora sem o 's' em 'Fighters') faz você novamente levar o seu lutador criado para cima na hierarquia competindo em um número desafiador de batalhas 1 em 1. Assim como no primeiro título, o objetivo é acertar um número de alvos no corpo do adversário para ganhar pontos, assim como nocautes, ringouts, expiração de tempo e assim por diante. No total, são mais de 30 movimentos a serem usados. O vencedor é o que tem mais pontos no final, o que não será necessariamente o que tem mais energia.
Fighters Destiny (USA)	Fighters Destiny, conhecido no Japão como Fighting Cup, é um jogo de luta, desenvolvido pela Genki e publicado pela Imagineer para o Nintendo 64 em 1998. Ele modela de perto o padrão de jogo de luta 3D da Virtua Fighter, da Sega, mas integra um sistema único de pontuação. O jogo conta com 9 lutadores iniciais e alguns desbloqueáveis, divididos em categorias de luta dependendo do seu país de origem, você pode derrubar seu oponente da arena ou nocautear diretamente. Diferente de outros jogos de luta onde é divididos em rounds melhor de 3, Fighters Destiny segue o estilo de pontuação onde cada tipo de vitória define a sua pontuação, até atingir 7 estrelas.
Fighting Force 64 (USA)	Fighting Force é um jogo em 3D de beat'em up, desenvolvido pela Core Design e publicado pela Eidos Interactive na mesma linha de clássicos como Final Fight e Streets of Rage. Foi lançado para Nintendo 64 em 1999. O Fighting Force oferece ação incomparável e muitos movimentos de ataque em um ambiente 3D totalmente progressivo. Esmague uma barricada antitanque, pegue um lançador de foguetes e incendeie inimigos que chegam, ou derrube uma máquina de venda automática ou um tanque de combustível para encontrar armas escondidas!
Flying Dragon (USA)	Flying Dragon, conhecido no Japão como Hiryu no Ken Twin, é um jogo de luta com elementos de RPG que foi desenvolvido pela Culture Brain e lançado para Nintendo 64 em 1998. Parte da série Hiryu no Ken, foi publicada em Japão pela Culture Brain , e pela Natsume na América do Norte e Europa. O Flying Dragon é um jogo de batalha de visão lateral que lembra os títulos de 16 bits. Ele possui oito personagens para escolher, com dois modos principais de jogo, &quot;SD&quot; (super deformado) e &quot;Virtual&quot; (estilo ala 'Virtua Fighter').
Forsaken 64 (USA)	Forsaken 64 é um jogo 3D de tiro em primeira pessoa. O jogo foi desenvolvido pela Iguana Entertainment UK para o Nintendo 64. Cada nível tem uma saída definida que deve ser alcançada dentro de um limite de tempo apertado. As áreas ao redor estão desmoronando ao seu redor, com picos e ventiladores de turbina entre seus perigos. Esteja ciente de outras habilidades para levar tudo o que você tem, pois elas alteram sua abordagem com base em suas armas (das 25 características do jogo) e nos encontros passados.
Fox Sports College Hoops '99 (USA)	O Fox Sports College Hoops '99 é um jogo de basquete universitário desenvolvido pela Z-Axis e publicado pela Fox Interactive sob a marca Fox Sports Interactive para o Nintendo 64. Foi lançado na América do Norte em 31 de outubro de 1998. Jeff Sheppard da a Universidade de Kentucky é destaque na capa. Licença completa de basquete universitário com mais de 120 equipes universitárias. Torneio NCAA, NCAA Sweet 16 e Final Four. Torneios de pré-temporada e conferência. Atributos de jogador em profundidade e classificações de habilidade. Três níveis de dificuldade, controles fáceis de aprender e vários ângulos de câmera. Olhar e sentir autêntico do basketball da faculdade com logotipos reais, uniformes e cortes home, e jogos ofensivos e defensivos reais da faculdade.
Frogger 2 (USA) (Proto 4)	Após a reinicialização do Frogger em 1997, a Interactive Studios começou a desenvolver o Frogger 2 para o N64, programado para ser lançado com as outras versões do jogo. Infelizmente, foi cancelado e o console foi deixado sem a dose necessária de ação de anulação de veículos anfíbios. Este protótipo foi lançado pelo Team CARROT em 23 de outubro de 2005. Ele inclui dois níveis, uma porta fiel da versão arcade originalnnE um conjunto sofisticado de ferramentas de desenvolvimento. Também é completamente desprovido de som.
Fushigi no Dungeon - Fuurai no Shiren 2 - Oni Shuurai! Shiren Jou! (Japan)	Fushigi no Dungeon: Fuurai no Shiren 2 - Oni Shuurai! Shiren Jou! é um jogo de RPG desenvolvido por ChunSoft e publicado pela Nintendo, e foi lançado em 2000. Você está no controle de Shiren, um Ronin (samurai sem mestre) que viaja através de uma versão fantasiada do Japão feudal em busca da Terra do Condor Dourado. Juntar-se a Shiren na jornada é seu ajudante de doninha Koppa e juntos os dois colecionam
Getter Love!! - Cho Renai Party Game Tanjou (Japan)	Getter Love!!: Cho Renai Jogo de Festa Tanjo é um jogo para o Nintendo 64 que pode ser considerado um jogo bishojo ou simulador de encontros e tem um visual estilo anime. Foi lançado apenas no Japão em 1998.
Gex 3 - Deep Cover Gecko (USA)	Gex 3: Deep Cover Gecko é um jogo de plataforma. É o terceiro e último da trilogia de Gex. Em uma ilha perdida escondida no Pacífico Sul úmido não fica longe o suficiente do longo braço de Rez. Enquanto a GEX estava passando as horas vivendo dos frutos de seus sucessos recentes, o louco da Dimensão da Mídia estava trabalhando em seu novo passatempo - agente secreto - cochilando. A agente Xtra estava agora lutando por sua liberdade como refém no esconderijo de Rez. Como um mestre do disfarce, GEX teve seu trabalho cortado para ele. Outra descida aos maus filmes de TV está à mão.
Gex 64 - Enter the Gecko (USA)	Gex: Enter the Gecko é um jogo de plataforma lançado em 1998 para o PlayStation, Nintendo 64nnA melhor experiência 3D de livre circulação! 24 níveis de dimensão de mídia, todos concebidos como paródias sarcásticas da TV e dos filmes populares! Master of Disguise GEX tem um traje secreto, uniforme de kung fu, traje espacial e outras fantasias em sua missão de salvar a TV do malvado Rez! Mais de 125 movimentos de lagartixa escorregadios. Ataques de chicote, chutes de caratê, agarrar a língua e escalar paredes. O novo N64 exclusivo nível do mar profundo com novos mecanismos de mergulho e equipamento de mergulho!
Glover (USA)	Glover é um videojogo de plataformas desenvolvido em 1998 pela Interactive Studios e publicado pela Hasbro Interactive para a Nintendo 64nnUm mago está misturando um monte de poções mágicas, quando uma explosão envia as luvas de suas mãos voando no ar. Um aterrissa seguramente fora do castelo, mas o outro aterrissa em uma mistura de poções malignas. É essa luva malvada que decide dominar o castelo. Enquanto isso, 7 cristais, que costumavam se sentar no topo do castelo e davam força às suas terras, também voavam em todas as direções. Felizmente, porém, a boa Luva transforma os cristais em bolas de borracha, de modo que eles pousariam de forma segura. Você deve controlar a boa luva (nome Glover) e encontrar os 7 cristais, colocando-os de volta no castelo para restaurar a vida de volta à terra. Mas tenha cuidado, a luva má está aí para te parar e tomar o reino, e o poder dos magos, por conta própria.
Glover 2 (USA) (Proto 2)	A Hasbro Interactive planejava lançar uma sequência de Glover que tinha um personagem de luva de boxe e seria lançado em 2000 chamado Glover 2, mas a ideia foi descartada, embora vídeos de gameplay e fotos sobre o jogo tenham aparecido no nesworld.com, que descobriu um trabalho versão em progresso do jogo. Em 2010, o NESworld recuperou uma versão jogável da versão para Nintendo 64 do Glover 2 e, em outubro de 2011, a ROM vazou online. Jogabilidade exclusiva de luvas e bolas. Dinâmica do mundo real. Interação ambiental completa. Enredo integrado progressivo. Personagens originais divertidos. Divertido jogo multiplayer.
Goemon - Mononoke Sugoroku (Japan)	Goemon: Mononoke Sugoroku é um jogo para o Nintendo 64, lançado em 1999. O jogo é baseado na série Goemon e, apesar da popularidade relativa da série no ocidente para o sistema, o jogo foi lançado apenas no Japão. O jogo é baseado no jogo de tabuleiro japonês Sugoroku, preenchido com o conjunto de personagens Ganbare Goemon da Konami. Até quatro jogadores controlam dois dados e alternam-se para controlar Goemon, Ebisumaru, Sasuke ou Yae em quadros pré-renderizados que se assemelham a locais anteriores da série Ganbare Goemon.
Goemon's Great Adventure (USA)	Goemon e seus amigos retornam nesta sequência do Mystical Ninja Starring Goemon. Bismaru, que se parece com a amiga de Goemon, Ebisumaru, vestida como uma freira, roubou uma recém-inventada Ghost Returning Machine! Com isso, ele está usando planejando nada menos que a dominação do mundo. Tudo o que Ebisumaru queria era conhecer seu ancestral, James Dean! Ajude Goemon e seus amigos a recuperarem a Máquina e derrubem alguns fantasmas pelo caminho. Mystical Ninja 2 regressa ao tradicional estilo de plataformas 2D dos jogos SNES. No entanto, devido aos recursos 3D do Nintendo 64, você encontrará chefes enormes e mundos detalhados enquanto percorre o Japão. Para atacar, você pode arremessar moedas ou usar a arma específica de cada personagem, como o tubo de marca registrada do Goemon. Dois jogadores também podem jogar simultaneamente e trabalhar juntos para derrotar inimigos, e você pode até mesmo andar de cavalinho para o seu amigo.
Golden Nugget 64 (USA)	Golden Nugget 64 é um jogo multiplayer de cassino virtual para o Nintendo 64. Ele foi desenvolvido pela Westwood Studios, publicado pela Electronic Arts, e foi lançado em 1 de dezembro de 1998 na América do Norte. Jogar em tempo real em 3D no Nintendo 64, dentro do famoso cassino Golden Nugget em Las Vegas. As características incluem uma interface rápida e simples, 15 jogos de azar clássicos e 4 jogos simultâneos. Tente jogar Black Jack, Craps, 5-Card Draw, 7-Card Stud, Texas Hold'em, Mini Baccarat, Big Six, Roleta, Video Poker e Slot Machines.
GoldenEye 007 (USA)	GoldenEye 007 é um jogo de tiro em primeira pessoa para Nintendo 64, baseado no filme de James Bond, GoldenEye. Produzido pela Rareware (até então produtora second-party da Nintendo) e distribuído pela Nintendo, fora lançado em 1997 (dois anos após o filme). É considerado um dos maiores jogos de 1ª pessoa da história, com foco especial em seu inovador modo multiplayer.
GT 64 - Championship Edition (USA)	O GT 64, abreviação de Grand Tour 64, é um jogo de corrida 3D para o Nintendo 64. Ele apresenta carros e pilotos da temporada do All-Japan GT Championship de 1997, pois é um jogo oficialmente licenciado. Há três etapas, cada uma com uma longa e uma curta versão, totalizando seis faixas situadas no Japão, nos EUA e na Europa. Todos eles estão localizados em ambientes urbanos. Você pode optar por correr três, seis, doze ou 24 voltas em cada pista. Há quatorze carros disponíveis para competir e eles podem ser ajustados manualmente para melhorar o desempenho. O relançamento japonês do jogo inclui duas novas faixas baseadas na temporada de 1998.
Hamster Monogatari 64 (Japan)	Hamster Monogatari 64 é um jogo de simulação de vida para o Nintendo 64, onde o jogador deve criar e cuidar de hamsters. Foi lançado apenas no Japão em 2001. O jogo se passa em um ambiente 2D isométrico onde você cuida do seu hamster estilo tamagochi, alimenta, dorme, faz carinho, passeia pela cidade e realiza atividades em minigames.
Harukanaru Augusta - Masters '98 (Japan)	Masters '98: Harukanaru Augusta é um jogo de golfe para o Nintendo 64. Foi licenciado pelo Augusta National Golf Club e lançado apenas no Japão em 1997. É um dos três lançamentos de golfe japoneses exclusivos do Nintendo 64, sendo os outros Eiko no Saint Andrews e o 64DD Japan Pro Golf Tour 64. É uma continuação da série de golfe T & E Soft e o primeiro jogo de golfe para o Nintendo 64, seguido pelo lançamento do Waialae Country Club: True Golf Classics em 1998, embora cada um tenha usado muito o mesmo mecanismo de programação, os locais e cursos em si são completamente diferentes. A T & E havia lançado anteriormente um jogo baseado no Augusta National como parte de sua série New 3D Golf Simulation (True Golf Classics fora do Japão).
Harvest Moon 64 (USA)	Em Harvest Moon 64, seu objetivo é restaurar uma fazenda degradada que você herdou de seu avô, que morreu recentemente. Na aldeia, muitas pessoas o ajudam em sua longa jornada. Durante esse período, você pode participar de festivais, competir em corridas de cavalos, cultivar, cuidar de seu rebanho, adicionar a sua casa, casar ou talvez até ter um filho. Há 5 mulheres bonitas para serem escolhidas, cada uma com seus próprios trabalhos e personalidades. No final, os pais do jogador aparecem e classificam-nos após 2 anos e meio de desempenho. A opção então existe para continuar ou parar por aí. A verdadeira questão é se você está pronto para o desafio.
Heiwa Pachinko World 64 (Japan)	O Heiwa Pachinko World 64 é um jogo pachinko virtual para o Nintendo 64. Ele foi lançado apenas no Japão em 1997. Pachinko é um entretenimento e jogo de azar praticado em máquinas que se assemelham a um cruzamento entre pinball e slot machine muito popular no japão.
Hercules - The Legendary Journeys (USA)	Assuma o controle do lendário herói Hércules e seus amigos Iolaus e Serena enquanto eles tentam impedir Ares de completar seus planos diabólicos. Use os atributos exclusivos de cada personagem: a força lendária de Hercules, a natureza ágil de Iolaus e a precisão de Serena para completar sua missão. Viaje por 12 mundos totalmente 3D únicos, desde a ensolarada cidade costeira de Porticus até as montanhas cobertas de neve do Alpsius. Explore as forrests invadidas por bandidos de Traycus ou o celestial Monte Olimpo. Lute contra monstros terríveis míticos como o Minotauro, o Ciclope e muito mais!
Hexen (USA)	Hexen é um jogo de fantasia em primeira pessoa criado pela companhia Raven Software, publicado pela id Software, e distribuído pela GT Interactive em 30 de Outubro de 1995, da série Heretic/Hexen. Hexen usa uma engine modificada do Doom II que segue a história de Heretic, adicionando elementos como (assim como em Heretic) poder olhar para cima e para baixo e guardar itens em inventórios. Além disso, Hexen também permite a escolha de três classes para o seu personagem e a possibilidade de jogar em rede com até 8 pessoas.
Hey You, Pikachu! (USA)	Hey You, Pikachu! é um jogo da série Pokémon para Nintendo 64. É o primeiro jogo da história dos video games a usar o reconhecimento de voz através do (VRU &quot;Unidade de Reconhecimento de Voz&quot;), sendo um dos dois únicos jogos para N64 que utilizam esse recurso. O jogador tinha como parceiro um Pikachu que recebia ordens pelo microfone que acompanhava o jogo. O jogo começa com o Prof. Carvalho dando ao jogador um item que permite conversar com os Pokémon. O jogador conhece um Pikachu selvagem e se torna amigo dele. A confiança dele deve ser conquistada para poder ir e viver na casa do jogador. Há três área no jogo para se explorar, chamadas Pikachu's Daring Days, Pikachu's Discovery Days e Pikachu's Play Days. Em cada área, o jogador pode conquistar Pika Points, para comprar coisas no Abra's Shop. Ao completar 365 dias de jogo, o Prof. Carvalho diz que é necessário soltar o Pikachu, já que ele é um Pokémon selvagem.
Hot Wheels - Turbo Racing (USA)	Hot Wheels Turbo Racing é um videogame de corrida para o Nintendo 64 lançado em 1999. Possui veículos baseados na série de brinquedos Hot Wheels. Também conta com o stock car NASCAR de 1999 de Kyle Petty, patrocinado pela Hot Wheels. Também possui músicas de artistas como Primus e Mix Master Mike. O foco do jogo é competir com uma seleção de carros através de várias faixas temáticas. Faixas secretas podem ser acessadas por carros vencedores e novos podem ser usados encontrando os bônus de 'carro novo' escondidos em cada estágio.
Hybrid Heaven (USA)	Hybrid Heaven é um jogo desenvolvido pela Konami Computer Entertainment Osaka e lançado para a Nintendo 64 em 1999. Este jogo é mais notável pela sua peculiar mistura de géneros: tem aspectos tanto de jogos de RPG como de jogos de ação e aventura. O Hybrid Heaven usa muitos elementos de jogos de ação e aventura padrão em 3-D, como o Tomb Raider. O jogador pode se mover em qualquer direção, pular, rastejar, subir e atirar. O jogador deve resolver quebra-cabeças desativando armas eletrônicas ou através de manobras habilidosas.
Hydro Thunder (USA)	Hydro Thunder é um jogo eletrônico de corrida de lanchas, em 2000 para Nintendo 64, a premissa é inexistente, você simplesmente acelera os motores e faz 13 cursos de água na Antártida, no extremo oriente, nas ilhas gregas, etc. em diferentes tipos de barcos futuristas. As corridas usam o sistema usual de pontos de verificação de arcade e espalhadas pelos cursos você encontrará uma variedade de power-ups e upgrades como os intensificadores nitro. Os gráficos são totalmente em 3D, com efeitos de água refletivos e saltos realistas e contrariando os barcos. Competições multijogador são suportadas por 2 jogadores na versão PlayStation.
Ide Yosuke no Mahjong Juku (Japan)	Ide Yosuke no Mahjong Juku é um jogo desenvolvido e publicado pela Seta Corporation, lançado no Japão em 2000. Mahjong é um jogo de mesa de origem chinesa que foi exportado, a partir de 1920, para o resto do mundo e principalmente para o ocidente. É composto de 144 peças, chamadas comumente de ?pedras?. São elas: 36 pedras do naipe ?Círculo? 36 pedras do naipe ?Bambu? 36 pedras do naipe ?Caractere?
Iggy's Reckin' Balls (USA)	Iggy's Reckin 'Balls é um videogame que foi desenvolvido para o console Nintendo 64 pela Iguana Entertainment e publicado pela Acclaim Entertainment em agosto de 1998. É uma corrida até o topo da torre, enquanto você controla uma coleção de bolas como personagens em plataformas em espiral, com o objetivo de ser o primeiro até o topo. Uma gama completa de itens está em oferta para ajudar no seu progresso, incluindo saltos, ganchos, correias transportadoras, molas e muito mais. E, além de competir contra os outros personagens, há também personagens inimigos que sujam as plataformas, tentando impedi-lo de chegar ao topo.
In-Fisherman - Bass Hunter 64 (USA)	Vá pescar ao ar livre com Bass Hunter 64! Reel em um baixo recorde no modo de torneio. Ambientes renderizados em 3D, completos com vida selvagem nativa e paisagens geograficamente precisas. Pesque o Lago Arthur da Pensilvânia e os Butler Chain Lakes da Flórida. Câmeras subaquáticas e posicionais de condução estão presentes em toda a sua aventura. Animações de isca, greve e luta com peixes projetadas para simular os momentos mais emocionantes da pesca do robalo. Comportamento de peixes baseado em pesquisa científica e experiência prática de especialistas da In-Fisherman.
Indiana Jones and the Infernal Machine (USA)	O ano é 1947. Dr. Jones Jr está em uma aposentadoria de se aventurar, vivendo a vida de um estudioso e um arqueólogo. Mas logo ele encontra sua antiga paixão ... e novos inimigos. Os soviéticos estão rastreando partes de uma máquina misteriosa e poderosa da antiga Babilônia, esperando usá-la como arma. Eles devem ser impedidos de liberar um perigo indescritível de outro mundo. Indiana Jones e o Infernal Machine combinavam ação e aventura de uma forma que os jogos antigos da Indy não faziam. A jogabilidade é inspirada em Tomb Raider, enquanto Indy se move através de representações em 3D de 17 locais em todo o mundo. O mecanismo do jogo é modificado do Jedi Knight. Quebra-cabeças baseados em switches e itens; saltos precisos devem ser negociados regularmente. Você deve usar escadas, cordas e botes, bem como andar a pé. Você também se encontrará a bordo de um jipe ??e um carrinho de mina. Substituições para seu chicote padrão podem ser coletadas no caminho (do arsenal do exército soviético), incluindo granadas, sub-metralhadoras e bazucas. Os valiosos tesouros que você encontra podem ser usados ??para comprar munição extra (entre os níveis). Depois de cada nível você recebe sua pontuação (Indy Quociente) - você deve alcançar todos os itens do tesouro escondidos em lugares secretos para obter todos os pontos.
Indy Racing 2000 (USA)	O Indy Racing 2000 é um produto oficialmente licenciado da Indy Racing League daquele ano. Neste momento, ele correu em pistas ovais e com carros de corrida estilo Indianápolis - roda aberta, cockpit aberto. Todos os 20 pilotos e seus carros e equipes são autênticos com faixas IRL totalmente licenciadas, incluindo faixas noturnas no Texas e Charlotte. O modo de dois jogadores é suportado e existe um medidor de calado exclusivo para ajudar na realização de movimentos de arremesso para passar. Os principais pilotos são representados com réplicas detalhadas de seus carros. É uma simulação de corrida em vez de um jogo de ação puro, permitindo escolher os ângulos da asa dianteira, asa traseira, definir a pressão dos pneus, relações de transmissão e tipo de transmissão.
International Superstar Soccer '98 (USA)	International Superstar Soccer 98 é um jogo de futebol desenvolvido pela KCEO como exclusivo para o Nintendo 64. O jogo foca na Copa do Mundo FIFA de 1998 e inclui cada equipe que classificada e outras. Todos os continentes possuem no mínimo um estádio, além dos uniformes oficiais da Copa do Mundo. Na versão européia, as escalações estão em conformidade com as oficiais do Mundial de 98 e também as equipes que não participaram desse mundial (na versão norte-americana as seleções estão com a escalações das eliminatórias). No entanto os nomes dos jogadores corretos por não ter conseguido a licença da FIFPro, embora o número, aparência, idade, peso e habilidades estejam corretas. Na versão européia, o jogo tem mais patrocinadores como a Reebok, Apple, Continental, Canon, Sharp, Umbro , Major A (uma das divisões da Konami) e até a própria Konami que aparecem nas placas de publicidades. Já a versão japonesa o nomes do jogadores estão licenciados, embora esteja escrito em japonês
International Superstar Soccer 2000 (USA) (En,Es)	International Superstar Soccer 2000 ou como é conhecido no Japão Jikkyo J-League 1999: Perfect Striker 2 é um jogo de Nintendo 64 de futebol da série International Superstar Soccer criado pela Konami e produzido pela Major A. O indiscutível rei do futebol regressa ... Experimente o novo modo Career - traga os jovens para as fileiras para criar jogadores individuais. Animações mais suaves e jogabilidade. O ISS 2000 é a escolha dos campeões - nada chega tão perto do belo jogo.
International Superstar Soccer 64 (USA)	International Superstar Soccer 64 é um jogo de futebol desenvolvido pela divisão de Osaka da Konami na série de jogos International Superstar Soccer da Konami e lançado para o Nintendo 64 que é essencialmente uma versão de Nintendo 64 de International Superstar Soccer Pro. Na essência, o jogo é quase o mesmo que o seu antecessor de Super Nintendo, International Superstar Soccer Deluxe, vastamente melhorado para o Nintendo 64, com animações em 3D, jogabilidade rápida e fluída. Enquanto é mantida a maioria das listas de jogadores. A África do Sul estreando nesse jogo como um time selecionável, substituindo Marrocos. Entretando há times da versão japonesa que não estão presentes nas versões internacionais, como Bolívia, Jugoslávia, Canadá e Arábia Saudita. Existem seis modos de jogo, incluindo um divertido modo multijogador que aceita até quatro pessoas. Copa Internacional consiste em o jogador competindo com uma série de times do mundo onde todos jogam contra todos; Liga Mundial é uma séria de setenta partidas contra cada um dos times do jogo. Há também a competição de pênaltis com até quatro jogadores, ou tentar completar os chamado modo scenario (cenário) onde em cada jogo há um objetivo específico, por exemplo marcar um gol com um tempo limite definido, ou impedir que o time adiversário marque, etc.).
International Track & Field 2000 (USA)	O International Track & Field 2000 é um jogo de atletismo para Nintendo 64 em 2000. Foi lançado na Europa sob o nome International Track & Field: Jogos de Verão no Nintendo 64 e como International Track & Field 2. Os eventos ocorrem nos EUA, Rússia, Alemanha, China, Cuba, Coréia, França, Austrália, Canadá, Grã-Bretanha, Japão e Quênia.
Itoi Shigesato no Bass Tsuri No. 1 Kettei Ban! (Japan)	Itoi Shigesato no Bass O Tsuri No. 1 está localizado no Lago Akahoshi fictício onde o BAC (Bass Angler's Club) pesca e compete em torneios. Existem vários tipos de peixes e há um intervalo de tamanho dentro de cada tipo. O objetivo do jogador é pegar a maior quantidade e o maior peixe possível para competir em competições adicionais, como competições. Para ter mais sucesso na pesca, os jogadores devem determinar a parte mais produtiva do Lago Akahoshi, dadas as condições meteorológicas e a hora do dia. O jogador também pode selecionar várias iscas diferentes que podem ser usadas para atrair espécies diferentes e tamanhos diferentes de peixes. O peixe mais procurado no jogo é o &quot;baixo de mais de 80 cm&quot;.
J.League Dynamite Soccer 64 (Japan)	O jogo é licenciado oficialmente para jogadores da J-League japonesa.
J.League Eleven Beat 1997 (Japan)	J-League Eleven Beat 1997 é um jogo de futebol para o Nintendo 64. Foi lançado apenas para o Japão em 1997. O jogo não tem jogadores licenciados ou equipas da J-League do Japão e, em vez disso, tem uma aparência de desenho animado Jogo de futebol japonês
J.League Tactics Soccer (Japan)	J-League Tactics Soccer é um jogo de futebol para o Nintendo 64. Ele foi lançado apenas no Japão em 1999. O jogo oficialmente licenciou jogadores e times da J-League do Japão. Como o próprio nome sugere, o objetivo deste jogo é administrar taticamente um clube. Então, como outros jogos com a mesma vocação, nós não direcionamos os jogadores manualmente, nós os vemos jogar depois de dar instruções antes do jogo. Os gráficos são muito semelhantes aos do menu Dynamite Soccer para os jogadores, o que significa que eles são de boa qualidade. Você pode tentar um amistoso ou sair imediatamente na temporada.
Jangou Simulation Mahjong Dou 64 (Japan)	Desfrute de um bom jogo de mahjong, mas um dos melhores jogos de mahjong existentes na nintendo 64, com gráficos 3D proporciona uma experiência imbatível em jogos de mahjong. Que você está esperando? Você levará muito mais tempo para experimentá-lo ou terá medo de ficar preso? Mahjong é um jogo de mesa de origem chinesa que foi exportado, a partir de 1920, para o resto do mundo e principalmente para o ocidente. É composto de 144 peças, chamadas comumente de ?pedras?. São elas: 36 pedras do naipe ?Círculo? 36 pedras do naipe ?Bambu? 36 pedras do naipe ?Caractere?
Jeopardy! (USA)	Esta versão do Jeopardy apresenta o visual e a voz digitalizados do apresentador do programa de TV, Alex Trebek, e até do apresentador, Johnny Gilbert. Existem 650 categorias diferentes para escolher, assim como 4.000 novas respostas. O jogador responde às perguntas selecionando letras usando o analógico ou o D-pad e recebe palavras de sugestão para ajudá-las. As mesmas regras se aplicam ao jogo como no programa de TV, o jogo é dividido em três rodadas diferentes: Regular, Double Jeopardy e Final Jeopardy e tem três competidores diferentes.
Jeremy McGrath Supercross 2000 (USA)	Esta edição dos recursos do jogo de corrida Supercross licenciadonn8 pistas interiores e 8 exteriores. Você pode optar por fazer uma única corrida em uma pista individual ou fazer uma série de campeonatos nas pistas internas, nas pistas externas ou em ambas. Além disso, há um modo Time Trial, além do modo Freestyle, onde você pode andar por aí em uma área parecida com uma pista de skate, executando truques para ganhar pontos. O jogo apresenta pelo menos 8 pilotos reais (dependendo da plataforma), além da capacidade de combinar equipamento, bicicleta e número de montaria para criar um Custom Rider. As classes de 125cc e 250cc de motos são apresentadas. As corridas e o modo Freestyle podem ser jogados com dois jogadores, através de uma tela dividida. Um editor de trilhas também é apresentado, permitindo que você crie suas próprias trilhas personalizadas.
Jet Force Gemini (USA)	Jet Force Gemini é um jogo de tiro em terceira pessoa lançado em 11 de outubro de 1999 pela Rare para o Nintendo 64. A Rare utilizou neste jogo elementos de outros jogos seus de sucesso do Nintendo 64, como GoldenEye 007 e Banjo-Kazooie. Os personagens principais do jogo são Juno (ser humano), Vela (ser humano), Lupus (cão) e Floyd (robô). O vilão é Mizar, chefe de um exército de formigas que colonizam diversos planetas e escravizam uma raça conhecida como Tribals. O objetivo do jogo é libertar os Tribals e derrotar Mizar. Sua censura é um pouco elevada por causa do sangue fictício, quando você atira nos soldados inimigos sai uma quantidade muito grande de sangue verde e gosmento, também pode se ativar a trapaça para o sangue ficar colorido.
Jikkyou G1 Stable (Japan)	Emocionante! Sensação incrível de estar no lombo de um corcel e vencer corridas! Não há jogo de corridas de cavalos melhor que este Jikkyou G1 Stable, sem dúvida o melhor jogo de corridas de cavalos para a Nintendo 64.
Jikkyou J.League Perfect Striker (Japan)	Jikkyou J.League Perfect Striker é um jogo de futebol para Nintendo 64. O primeiro da série ISS em N64. Este título oferece uma experiência de jogo em 3D realista que apresenta uma licença para a Liga J e para o estádio, bem como um verdadeiro anunciante. O aplicativo é jogável em 4 simultaneamente. Suas versões ocidentais voltarão a se concentrar em equipes internacionais em vez de clubes japoneses sob o nome &quot;International Superstar Soccer 64&quot;, esta nova versão também será reeditada no Japão sob o título &quot;Jikkyou World Soccer 3&quot; (episódios 1 e 2 sendo o 2 jogos da ISS publicados no SNES).
Jikkyou Powerful Pro Yakyuu - Basic Ban 2001 (Japan)	É um jogo de beisebol com personagens animados para Nintendo 64. Foi lançado exclusivamente no Japão em 2001 e é o título final da série Jikkyō Powerful Pro Yakyū para Nintendo 64, dando continuidade à série iniciada com Jikkyō Powerful Pro Yakyū 4, Jikkyō Powerful Pro Yakyū 5, Jikkyō Powerful Pro Yakyū 6 e Jikkyō Powerful Pro Yakyū 2000. Todos os jogos da série foram lançados apenas no Japão.
Jikkyou Powerful Pro Yakyuu 2000 (Japan)	O protagonista, que continua a jogar basebol no liceu e na faculdade, faz a sua terceira aposta e começa a jogar basebol como membro de uma equipa de basebol profissional. O jogo é baseado no &quot;JIKKYOU PAWAFURU PUROYAKYU '99 OPENING EDITION&quot;, mas com a adição de um novo evento de aquisição de habilidades especiais e uma nova equipa, a &quot;Dosukoi Sake Brewery&quot;.
Jinsei Game 64 (Japan)	O jogo permite que os jogadores experimentem diferentes fases da vida ao girar a roleta conforme avançam. Os jogadores podem vivenciar diferentes fases da vida, como casar, criar filhos, trabalhar, investir e se aposentar. Também é possível personalizar seus próprios personagens.
John Romero's Daikatana (USA)	John Romero's Daikatana é um jogo de tiro em primeira pessoa desenvolvido pela Ion Storm e públicado pela Eidos Interactive. Foi lançado em 23 de Maio de 2000 para Windows, seu desenvolvimento foi liderado por John Romero. O jogo é conhecido por ser uma das maiores falhas comerciais da industria dos video-games. Você interpreta Hiro Miyamoto como um instrutor de artes marciais que se envolve em uma missão de proporções que quebram o tempo. Você deve resgatar a garota da corporação do mal, encontrar a espada com a garota e viajar no tempo com a espada, a garota e uma Superfly para obter uma vacina para um vírus que dizimou dois terços da população mundial. A espada é o Daikatana, uma arma empunhada pelos seus antepassados, e você é ... um cara com armas que atiram muito nas coisas. Este é um jogo de tiro, o que significa que, enquanto há cenas e enredos acontecendo em segundo plano, a maioria é de vitrine por quilômetros de ação e galões de sangue e carne esfolada.
Ken Griffey Jr.'s Slugfest (USA)	Slugfest de Ken Griffey Jr. é um jogo de beisebol para o Nintendo 64, lançado em 1999. É uma sequencia de Major League Baseball com Ken Griffey Jr., lançado para o Nintendo 64, que em si foi uma continuação de Ken Griffey Jr. Visando mais realismo, o Slugfest remove muitos elementos de arcada do título Ken Griffey N64 original, substituído por mais elementos de estilo de simulação. Pela segunda vez, as novas inclusões apresentam listas de membros e estatísticas atualizadas, um novo por trás da perspectiva da câmera lançadora e um novo modo criar um jogador. O suporte total também está incluído para 4 jogadores no modo derby de corrida em casa e na exibição de 2 jogadores, enquanto o pak de expansão permite resoluções mais altas para jogadores e estádios.
Killer Instinct Gold (USA)	Uma conversão atualizada do Killer Instinct 2 dos arcadas, todos os lutadores, movimentos e fases estão disponíveis (incluindo as três novos lutador, Maya, Kim Wu e Tusk) além de novos modos de jogo, como Team, Team Elimination, 5 níveis de velocidade e um modo de treinamento completo ajudando você a aprender os muitos movimentos, combos e ataques especiais para cada lutador.
Kirby 64 - The Crystal Shards (USA)	Kirby 64: The Crystal Shards, é um jogo lançado para o Nintendo 64 no ano de 2000. É o único jogo de Kirby lançado para o Nintendo 64. Derrube inimigos passados, voe pelos céus e nade nas profundezas do oceano enquanto Kirby assume Dark Matter em uma nova aventura. Inspire, expire e engula seus inimigos, copie e combine suas habilidades e use-as como se fossem suas! Junte-se a amigos e inimigos conhecidos - como Waddle Dee e King Dedede - enquanto você viaja através de mundos sonhadores em busca dos Crystal Shards perdidos.
Knife Edge - Nose Gunner (USA)	O jogo descreve um &quot;Plano de Nova Fronteira&quot; anunciado pelos Estados Unidos no final do século 20; um programa ambicioso para permitir que os humanos migrem para Marte. O Congresso dos Estados Unidos aprovou um enorme orçamento para a Agência Nacional de Aeronáutica e Espaço para iniciar o desenvolvimento deste programa. Outros países tecnologicamente avançados também participaram do plano. Através de um esforço cooperativo sem precedentes, os membros do New Frontier Plan construíram uma estação espacial orbital; a vida em Marte logo seria uma realidade.
Knockout Kings 2000 (USA)	Jogue como alguns dos maiores nomes da história do boxe através de uma carreira completa, ou crie o seu próprio boxeador e lute até o campeonato dos pesos pesados. Nomes famosos incluem Muhammad Ali, &quot;Sugar&quot; Ray Leonard, Lennox Lewis, Oscar De La Hoya e Evander Holyfield, além de muitos mais de uma variedade de divisões de peso.
Kobe Bryant in NBA Courtside (USA)	Totalmente endossado e apresentando movimentos capturados pelo movimento do próprio Kobe Bryant, o NBA Courtside tem todas as equipes e jogadores da temporada de 1998 da NBA. Os modos de jogo incluem a habitual temporada regular de 82 jogos, os playoffs, a exibição e a capacidade de criar o seu próprio jogador no modo criar um jogador. Os próprios jogadores, usando os movimentos de Kobe capturados em movimento, usam uma variedade de diferentes jogadas de basquete para a experiência completa, incluindo muitas técnicas diferentes de dunk, drible e passes, bem como uma grande variedade de inteligência artificial.
Last Legion UX (Japan)	Last Legion UX é um jogo de luta de ação em terceira pessoa que foi desenvolvido pela Yuke e publicado pela Hudson em 1999 para o Nintendo 64. O jogo é um jogo de luta na mesma linha do Virtual On, onde os jogadores conseguem equipar seus mechs com diferentes armas , combinações diferentes, e pit uns contra os outros em lutas um-contra-um. No entanto, Last Legion UX foi lançado apenas no Japão e não viu uma aparição localizada em nenhum outro lugar do mundo, até agora.
Legend of Zelda, The - Ocarina of Time (USA)	Ocarina of Time é um jogo de ação e aventura com elementos de RPG e quebra-cabeça disposto num vasto ambiente. O jogador controla Link, o protagonista da série, a partir de uma perspectiva de terceira-pessoa em um mundo tridimensional. Link combate principalmente com espada e escudo, mas também pode usar outras armas, como projéteis, bombas e magia. O esquema de controle introduziu técnicas como ações sensíveis ao contexto e um sistema de mira denominado &quot;mira-Z&quot;, a qual permite que o jogador mantenha o foco de Link fixo em inimigos ou objetos. Ao se usar essa técnica, a câmera segue o alvo e Link o defronta continuamente. Ataques com projéteis são automaticamente direcionados ao alvo e não requerem mira manual. Ações sensíveis ao contexto permitem que múltiplas tarefas sejam alocadas em um botão, simplificando o esquema de controle. Na tela de jogo é exibido o que ocorrerá ao se pressionar o botão, mudando de acordo com o que o personagem executa. Por exemplo, o mesmo botão que faz com que Link empurre uma caixa se ele estiver parado defronte a ela, fá-lo-á escalar essa caixa, caso a alavanca do controle seja movida em sua direção. Muito do jogo se passa em batalhas, mas algumas partes requerem furtividade. Exploração é outra característica importante da jogabilidade; algumas áreas inicialmente inacessíveis tornam-se exploráveis quando o jogador retorna após obter um novo item, como a bomba, para explodir paredes; o gancho, para alcançar locais distantes etc. Durante o jogo, Link coleta itens e armas, cujas habilidades permitem-no acessar, percorrer e completar calabouços para avançar a história. Cada calabouço é uma área densa e independente na qual Link resolve quebra-cabeças e derrota inimigos, terminando na batalha com o chefe do calabouço, um inimigo poderoso e único. Cada calabouço e seu respectivo chefe partilham de um item principal e um tema em comum; por exemplo, Link deve usar o Arco da Fada para completar o Templo da Floresta e derrotar seu chefe, o Ganon Fantasma, ambos os quais envolvem artimanhas e descaminhos. Derrotar um chefe do calabouço concede a Link um item especial e avança a demanda principal.
Legend of Zelda, The - Ocarina of Time - Master Quest (USA) (GameCube)	O jogo consiste em uma versão modificada e mais difícil de Ocarina of Time. Os dungeons apresentam-se um pouco alterados, com itens e inimigos em locais diferentes, embora os chefes tenham sido mantidos como no original. O enredo do jogo também permaneceu o mesmo, apresentando apenas algumas mudanças textuais (correções e/ou melhorias) pouco significativas nos diálogos. Durante o jogo, Link coleta itens e armas, cujas habilidades permitem-no acessar, percorrer e completar calabouços para avançar a história. Cada calabouço é uma área densa e independente na qual Link resolve quebra-cabeças e derrota inimigos, terminando na batalha com o chefe do calabouço, um inimigo poderoso e único. Cada calabouço e seu respectivo chefe partilham de um item principal e um tema em comum; por exemplo, Link deve usar o Arco da Fada para completar o Templo da Floresta e derrotar seu chefe, o Ganon Fantasma, ambos os quais envolvem artimanhas e descaminhos. Derrotar um chefe do calabouço concede a Link um item especial e avança a demanda principal.
LEGO Racers (USA) (En,Fr,De,Es,It,Nl,Sv,No,Da,Fi)	LEGO Racers é um jogo de computador lançado em 1999, desenvolvido pela High Voltage Software e distribuído pela LEGO Media para Nintendo 64. Pela primeira vez, construa seus carrinhos de Lego favoritos em seu PC usando todos os blocos que estão disponíveis na vida real, graças aos modos de criação detalhados. Você pode então competir com sua besta contra outros personagens lego em 12 faixas temáticas especiais, baseadas nos kits Themed Lego (incluindo Pirates & Egypt e muito mais). Corra o seu amigo no modo de tela dividido ou siga em frente para o derradeiro troféu de corridas de Lego.
Lode Runner 3-D (USA)	Lode Runner 3-D um jogo de Nintendo 64 desenvolvido pelo Big Bang e foi lançado em 1999 na USA e Europa pela Infogrames e no Japão pela Banpresto. É o primeiro e único jogo 3D da série Lode Runner. O Imperador Monge de Pandora começou a invadir as Colônias Externas, roubando suprimentos vitais de ouro dos sistemas livres. Hegemonias Federadas não têm outra escolha senão pedir aos Corredores do Lode que parem os ataques e ponham fim à regra do Imperador. Incapazes de usar a frota completa nas defesas do Imperador, o que causaria baixas em massa, eles decidem que um solitário Lod Runner deve entrar na base inimiga para recuperar qualquer ouro encontrado e destruir o Imperador. A partir de uma perspectiva de estilo isométrico, você deve guiar Lode Runner em cada um dos níveis, desviando de blocos defensivos e inimigos colocando bombas e fazendo buracos no solo para encontrar outro caminho, encontrando todo o ouro no nível, você avança para o próximo nível.
Mace - The Dark Age (USA)	Mace The Dark Age é um jogo de luta que foi feito pela jogos Midway, e lançado pela Atari para Arcade. Acredita-se que foi o pioneiro em aproveitar o ambiente 3D jogo em de luta no Nintendo 64. Viva pela espada. Mate pela maça! Forjado no fogo da Idade das Trevas, cada personagem medieval empunha uma arma única em sua terra de origem. Seu único desejo - infligir dor grave! Dezesseis personagens selecionáveis pelo jogador, dois chefes incríveis e seis personagens ocultos. Toneladas de combinações saborosas e reversões com controles simples de quatro botões. Torne-se imerso na batalha com o movimento completo dos personagens em 3D. Contemple as arenas multi-nível interativas, mas cuidado com os limites mortais!
Madden Football 64 (USA)	Em termos de recursos, o primeiro da série Madden da Electronic Arts a aparecer no Nintendo 64 é o mais próximo do Madden Football '98. O Madden Football 64 foi o jogo Madden mais avançado graficamente no momento do lançamento. Recursos visuais incluem 5000 quadros de animação e uma visualização HelmetCam dos olhos do jogador. AI ajusta durante o jogo para o seu estilo de jogo. Você pode criar, desmembrar e trocar uma lista completa de jogadores. O jogo não tem uma licença da NFL, então todas as equipes são nomeadas apenas pelo nome da cidade sem logotipos. Ele tem uma licença de jogadores, então todos os jogadores reais estão aqui.
Madden NFL 2000 (USA)	John Madden traz o melhor futebol de volta ao N64, maior do que nunca! Todas as 31 equipes da NFL (incluindo o novo Cleveland Browns), equipes de estrelas e clássicas, animações específicas para o jogador e muito mais. Gráficos estão melhores do que nunca. Interface de corrida e corrida melhorada lhe dá o controle final sobre estratégia e execução. Até mesmo um modo de franquia para mantê-lo ocupado por um tempo.
Madden NFL 2001 (USA)	O jogo de futebol americano mais vendido volta a dominar com a lendária jogabilidade Madden e o mais profundo conjunto de recursos disponíveis. Achas que tens jogo? Leve suas habilidades contra os melhores torneios patrocinados pela EA SPORTS. Confira o ranking online para ver como você é realmente bom. A licença exclusiva do clube de treinadores da NFL traz treinadores reais completos com seus próprios estilos de assinatura e jogadas para adicionar ainda mais estratégia ao seu jogo. As listas históricas de All-Madden permitem que você combine as estrelas de hoje com as lendas do jogo para todos os direitos de rebotes de todos os tempos. AI aprimorada e você terá o melhor em futebol americano de N64.
Madden NFL 2002 (USA)	John Madden traz o melhor futebol de volta com estatísticas e jogadores atualizados, maiores do que nunca! Todas as 32 equipes da NFL, incluindo a expansão Houston Texans. Difícil de acreditar, mas eles fazem muitas melhorias na versão anterior. Há novas faces de jogadores e animações em campo e captura de movimento expandida. EA Sports adicionou um novo jogo dentro do jogo chamado Two Minute Drill. Os controles são basicamente os mesmos com o Easy Play, usando controles simplificados e o modo Normal Play, com todos os recursos que abrangem quase tudo o que se pode fazer no campo de futebol real. Você pode criar um jogador ou uma equipe inteira. Negocie jogadores e gerencie equipes durante toda a temporada.
Madden NFL 99 (USA)	Tal como acontece com todas as atualizações anuais para a série de futebol, Madden NFL 99 apresenta gráficos melhorados e AI sobre seus antecessores. Force feedback, controladores de 8 botões e suporte on-line estão disponíveis. A lista da equipe inclui quase 100 times de sucesso da NFL, bem como a lista completa e atualizada da época. Há mais comentário integrado do que antes. Esta versão apresenta um novo modo de franquia, que permite controlar uma equipe por meio de várias temporadas, levando em conta agentes livres, aposentadoria, rascunhos e limites salariais. Cada equipe pode ter diferentes playbooks. Também adicionado é um modo de um botão, o que simplifica os controles para iniciantes. Ligando-se a isso está o modo arcade, que remove algumas das regras mais complexas e aumenta a força dos impactos.
Magical Tetris Challenge (USA)	Magical Tetris Challenge, conhecido no Japão como Desafio Mágico de Tetris Com o Mickey, é um jogo de quebra-cabeças da Capcom para Nintendo 64. O Magical Tetris Challenge mistura a famosa marca Tetris com os personagens e mundos da Disney. O Tetris original está em oferta através do habitual desafio de resistência ou do novo modo de história, onde você escolhe um dos muitos personagens Disney conhecidos (Mickey, Minnie, Donald e Goofy) e enfrenta os bandidos em um jogo de Tetris para salva o dia. Um modo de 2 jogadores também está incluído.
Mahjong Master (Japan)	Mahjong Master é um jogo de simulação de Mahjong lançado apenas no Japão em 1996. Mahjong é um jogo de mesa de origem chinesa que foi exportado, a partir de 1920, para o resto do mundo e principalmente para o ocidente. É composto de 144 peças, chamadas comumente de ?pedras?. São elas: 36 pedras do naipe ?Círculo? 36 pedras do naipe ?Bambu? 36 pedras do naipe ?Caractere?
Major League Baseball Featuring Ken Griffey Jr. (USA)	A Liga Principal de Beisebol completa está em exibição neste título de beisebol de estilo de arcada principalmente. Todas as equipes e jogadores estão disponíveis para os modos de exibição, temporada e world series. Até dois jogadores podem jogar através destes modos, com mais dois para o derby caseiro de 4 jogadores, onde o vencedor é determinado pela quantidade de bolas que você pode bater fora do parque. Ken Griffey Jr. fornece seus movimentos capturados e voz para o jogo, juntamente com as estatísticas da equipe rastreando durante toda a temporada.
Mario Golf (USA)	Mario Golf é um jogo de esportes desenvolvido pela Camelot Software Planning e publicado pela Nintendo para o Nintendo 64 em 1999. Esqueça a compra de equipamento de golfe caro - Mario traz o jogo para você. Mario Golf possui quatro cursos completos de 18 buracos, 11 jogadores de golfe e controle preciso de jogo. Crie o seu próprio jogador e desenvolva a sua experiência e os seus níveis de habilidade competindo em vários torneios e confrontos diretos. Quanto mais você joga, mais forte e mais preciso seu golfista se torna. Há muitos modos diferentes de jogar no Mario Golf, incluindo uma grande variedade de minijogos projetados para desafiar até mesmo os swingers mais sensatos.
Mario Kart 64 (USA)	Mario Kart 64 é o segundo jogo da série Mario Kart, e o primeiro a usar gráficos tridimensionais. Foi lançado entre 1996 e 1997 para o console Nintendo 64. O jogo oferece dois ângulos de câmera e três tamanhos de motor: 50cc, 100cc e 150cc. Você pode ganhar ainda mais velocidade dominando a técnica Power Slide ou pegando power-ups Super Star. Cada kart tem recursos distintos de manuseio, aceleração e velocidade máxima. Os karts leves, como os da Princesa, passam suavemente por curvas apertadas, mas correm o risco constante de serem achatados por karts pesados, como o de Donkey Kong. As granadas que você dispara em corredores rivais, Bananas que as fazem derrapar e Lightning Bolts, que as tornam pequenas e muito lentas, são apenas alguns dos power-ups únicos do jogo.
Mario no Photopie (Japan)	Mario no Photopi é um videojogo de criatividade lançado para a Nintendo 64 em 1998 exclusivamente no Japão. Um estranho título baseado em 64DD que permite manipular gráficos em cartões de mídia inteligente (câmeras digitais) e armazenar os resultados em disco. Som e muitos fundos podem ser adicionados para melhorar as imagens, um pouco como um &quot;Mario Paint&quot; muito melhorado.
Mario Party (USA)	Mario Party é uma série de jogos com personagens da série Mario, no qual quatro personagens competem em um jogo de tabuleiro intercaladas com minigames. A série foi desenvolvida pela Hudson Soft e publicada pela Nintendo. Os minijogos estão espalhados por oito tabuleiros de jogo diferentes, os quais não estão imediatamente disponíveis. Alguns dos jogos colocam cada homem ou princesa contra os outros, alguns são dois contra dois e outros são até três contra um. Os jogos são simples, mas incrivelmente divertidos de jogar. Um desafio é vagamente baseado em &quot;Simon Says&quot;, outro envolve uma corrida de dois contra dois no bobsled, e um jogo louco faz um jogador tentar atravessar uma corda, enquanto os outros três fazem o melhor para afastar o jogador. Você encontrará jogos de habilidade, jogos de corrida, jogos de quebra-cabeça - basicamente qualquer tipo de desafio que você possa imaginar.
Mario Party 2 (USA)	Mario Party 2 é a continuação do jogo de tabuleiro estrelado pela turma do Mario. Foi lançado pela Nintendo para o console Nintendo 64. A segunda edição inclui 5 novos tabuleiros, cada uma com um tema específico, como Space Land, Western Land, Horror Land e Mystery Land. Cada tabuleiro inclui atributos únicos em relação ao tema, mas o objetivo principal é o mesmo: completar o jogo de tabuleiro ao longo de uma certa quantidade de movimentos e ser o jogador a ter mais moedas e / ou estrelas no final. O modo história de jogador único permite que uma pessoa e três jogadores controlados pelo CPU joguem cada tabuleiro. Uma vez que você jogue um mini-game específico (64 no total), eles estarão disponíveis para compra usando as moedas que você coletou em seus jogos para jogar a qualquer momento. O multijogador permite que 2 a 4 pessoas joguem o jogo.
Mario Party 3 (USA)	Mario Party 3 é o terceiro jogo da série, baseado em jogos de tabuleiro. Foi desenvolvido pela Nintendo para o console Nintendo 64. A série continua com um conjunto de 70 novos mini-jogos. Jogue no novo modo Story de jogador único ou traga alguns amigos para o modo Party. Quatro jogos de jogador e um novo modo de dois jogadores também estão disponíveis para jogar. No modo Battle Royale (quatro jogadores), você corre em torno de diferentes tabuleiros para ganhar mais estrelas e moedas. No final de cada rodada, você enfrenta em um dos mini-jogos, que podem ser perseguições de galinha, lutas de bola de neve ou várias outras competições. O modo de duelo permite jogar entre apenas duas pessoas. Você ainda corre em volta do tabuleiro, mas os mini-jogos só são jogados quando você pousa em um quadrado específico. Outra mudança de jogada é a adição de outro personagem para a sua equipe, permitindo a ação de estilo de equipe de tag no jogo.
Mario Tennis (USA)	Mario Tennis, conhecido no Japão como Mario Tennis 64 para Nintendo 64 lançado no início de 2001. Escolha o seu personagem favorito da Nintendo e leve para o mundo do tênis. Os tipos de jogo incluem ring shot (onde você deve arremessar a bola através de aros dourados que estão suspensos acima da área de jogo, ganhando bônus enquanto joga), tênis de bomba (basta colocar Tennis with Bombs) e Piranha Challenge (muito parecido com as máquinas de tênis que chuck bolas em você, mas neste caso eles são substituídos por plantas Piranha). Claro, há o seu modo de torneio normal, com até 4 jogadores em ação, e algumas arenas malucas, especialmente o Bowser's Castle, que está suspenso acima de um poço de lava!
Mega Man 64 (USA)	Mega Man Legends, conhecido no Japão como Rockman DASH, é o primeiro jogo eletrônico da série Mega Man Legends produzido pela Capcom. É o primeiro jogo da franquia Mega Man a ser desenvolvido em ambiente 3D com gráficos poligonais e a implementar características de RPG de ação e aventura. Esta aventura épica combina o melhor da acção clássica do Mega Man com enormes bosses, um enredo fascinante e toda a profundidade do RPG mais popular. Explore vastos mundos 3D em sua busca para encontrar o tesouro de todos os tesouros, o Mother Lode. Você vai adorar os impressionantes gráficos 3-D, armas poderosas e ação sem parar ... a menos que você seja uma vaidade.
Mia Hamm Soccer 64 (USA) (En,Es)	Sinta a empolgação ao vencer o campeão de futebol Mia Hamm! Faça parte da equipe All-Star de Mia Hamm ou enfrente Mia enquanto joga na Copa do Mundo diante de milhares de fãs animados. Aprende a arte de um pontapé de canto, um pontapé de grande penalidade ou como bater um guarda-redes individual e recebe dicas da Mia que podes levar consigo para o campo real!
Mickey's Speedway USA (USA)	As doninhas seqüestraram Pluto enquanto ele usava seu colar de diamantes! Tudo o que restou dele foi um bilhete de resgate mostrando as doninhas o levando embora em uma van. Mickey reúne todos os seus amigos (e até Pete quer entrar em ação!), E o professor Von Drake prepara seus carros de corrida para que eles possam alcançar os Weasels enquanto eles fazem uma turnê pelo país. Estados Unidos. Os Weasels também roubaram quatro partes do piloto super secreto do Professor e as ocultaram em quatro das pistas. Assim que os jogadores encontrarem todas essas peças, eles poderão alcançar os Weasels no confronto final.
Micro Machines 64 Turbo (USA)	Micro Machines 64 Turbo, baseado na popular toyline de miniaturas de carros, foi um jogo de corrida lançado em 1999. Foi desenvolvido pela Codemasters e publicado pela Midway. Todas as cópias vieram em caixa com um carro Micro Machines gratuito. O jogo é compatível com o Rumble Pak. Com uma mistura peculiar de pilotos de carros de brinquedo e jogabilidade sofisticada, o Micro Machines 64 Turbo garante ser uma adição refrescante ao estável dos jogos de corrida padrão. A grande variedade de veículos apresentados inclui corredores de Fórmula 1, lanchas, monster trucks, tanques e caminhões de sorvete. Escolha entre 25 faixas extravagantes, que vão de uma mesa de cozinha a um laboratório de química, cada uma incluindo os acessórios apropriados para combinar com a decoração.
Midway's Greatest Arcade Hits - Volume 1 (USA)	O maior sucesso de arcade da Midway: o Volume 1 contém os quatro jogos produzidos pela Williams: Defender, Sinistar, Robotron: 2084 e Joust, além dos dois jogos extras: Spy Hunter e Tapper. Sinistar foi alterado de sua forma de arcade, os olhos do antagonista não brilham mais e sua boca nunca se move durante o jogo. Ele só diz &quot;eu sou Sinistar!&quot; na tela do título. Ocasionalmente durante o jogo, ele diz &quot;Corra! Corra! Corra!&quot; Ao receber um jogo, ele dirá &quot;Cuidado! Eu vivo!&quot; Caso contrário, ele não diz nada.
Mike Piazza's Strike Zone (USA)	Strike Zone do Mike Piazza é um simulador de beisebol lançado exclusivamente para o Nintendo 64. Apresentando o apanhador do New York Mets, Mike Piazza, na capa e no título acima mencionado, ele tem a capacidade de jogar jogos de exibição, bem como um modo de temporada que oferece comprimentos de temporada. de 15, 81 ou 162 jogos. Um modo World Series, All-Star Game e Home Run Derby também estão entre as ofertas. O jogo tem muitos recursos personalizáveis (incluindo a capacidade de alterar nomes e logotipos de equipes).
Milo's Astro Lanes (USA)	Astro Lanes de Milo é um jogo de boliche de 1998 para o Nintendo 64 desenvolvido pelo Jogador 1 e publicado pela Crave Entertainment. O jogo acontece em um espaço onde há pistas de boliche intergalácticas. Faz uso do Rumble Pak e do Controlador Pak. Este último deve ser usado para o primeiro a ser usado. Simulação futurista de boliche espacial, com bolas nucleares, muitos power-ups e personagens malucos. Robôs, alienígenas e cursos divertidos, e um modo multiplayer onde você pode arruinar as oportunidades de seus amigos com diferentes armas especiais.
Mini Racers (USA) (Ja) (Proto)	Os Mini Racers tem vários modos de jogo em modo single e multiplayer, incluindo um editor de pistas para criar o seu próprio percurso e um gerador aleatório de pistas. Os carros controlados por rádio poderiam receber um aumento de turbo pressionando o botão Z. A N64 Magazine jogou uma versão inicial e expressou sua frustração com a pobre câmera, apesar de quando eles jogaram no Spaceworld em 1999, eles notaram que o ângulo ea distância de visão eram agora configuráveis ??e poderiam até ser jogados em uma visão de cima para baixo.
Mischief Makers (USA)	Mischief Makers é um jogo para o Nintendo 64 dos lendários desenvolvedores do Treasure. É um jogo de plataforma de rolagem lateral 2D no qual a protagonista usa as mãos para agarrar, agitar e jogar objetos. Existem 5 &quot;mundos&quot; no jogo, cada um com cerca de 10 níveis. Você é Marina Liteyears, assistente do professor Theo. O professor foi sequestrado e algumas das tropas do rei Aster desertaram. Cabe a Marina, com alguma ajuda das tropas ainda leais ao rei, salvar o professor e derrotar o império do mal.
Mission - Impossible (USA)	Prepare-se para entrar na Missão Impossível mais exigente e perigosa de todos os tempos. Sua missão, caso decida aceitá-la, será orientar sua equipe por meio de uma série espetacular de missões mundiais autorizadas, abrangendo mais de 20 níveis de jogabilidade. Reflexos precisos, a capacidade de tomar decisões rápidas, pensamento estratégico e um nível extremamente alto de precisão serão essenciais. Como sempre, caso você, ou qualquer membro da Força MI, seja apanhado ou morto, o Secretário negará qualquer conhecimento de suas ações. Como de costume, Ethan Hunt será o seu ponto de vista. Este jogo não irá se autodestruir em cinco segundos, mas você pode ...
Monaco Grand Prix (USA)	O inovador mecanismo de física de 4 pontos calcula e monitora todos os 4 pneus de forma independente, criando a simulação mais precisa das corridas de estilo Grand Prix que você já experimentou. 16 cursos internacionais e todas as faixas para escalar com dimensões realistas, cenários e ambientes. Até 22 pilotos competindo em cada pista. Modos Arcade, Amador, Especialista e Pro. Carros indestrutíveis ou danos reais, amassados e estilhaços. Efeitos climáticos e várias condições da estrada. Comece como um motorista inexperiente com uma equipe de nível de entrada. À medida que sua habilidade melhora, você é convidado a correr para times mais prestigiados.
Monopoly (USA)	Monopoly é um jogo de tabuleiro lançado para o Nintendo 64 em 1999, mais conhecido como &quot;Banco Imobiliário&quot;. Foi publicado pela Hasbro Interactive e desenvolvido pela Minds Eye. Monopoly no seu Nintendo 64, tão bom quanto o de tabuleiro. Cada movimento seu tem sua animação 3D ou pode desativar se você não quiser ver animações. Pode ter até 4 jogadores ao mesmo tempo. músicas, sons de qualidade, se divirta muito com essa versão.
Monster Truck Madness 64 (USA)	Monster Truck Madness é um jogo de corrida desenvolvido pela Terminal Reality, durante o desenvolvimento foi referido como Heavy Metal Truck ou pelo codinome interno Metal Crush. Os modos de jogo para um jogador que o jogo oferece são a corrida de exibição e circuito. Durante as corridas você tem que dirigir para marcar os pontos para definir o seu tempo. Você pode pegar uma variedade de power-ups, como invisibilidade, mísseis homing, manchas de óleo, bombas de contração, modos de foco, nitro, super-saltos e escudos. Em multi-player, o jogo oferece vários modos de jogo, como hóquei, futebol, perseguição policial, rumble (rei da colina) e tag. Você pode reproduzir as faixas durante vários tipos de clima e diferentes horários do dia.
Morita Shougi 64 (Japan)	Morita Shogi 64 é um jogo de tabuleiro virtual japonês para o Nintendo 64. Ele foi lançado apenas no Japão em 1998. Ele tem uma porta de conexão de modem RJ-42 integrada com a qual você foi capaz de se conectar a servidores (agora mortos) para jogar contra outros jogadores em todo o mundo.
Mortal Kombat 4 (USA)	Mortal Kombat 4 é o quarto jogo da série Mortal Kombat e o primeiro a ser feito em 3D e também foi lançado para Nintendo 64. Diferente dos jogos anteriores, MK4 traz finais em vídeo para cada personagem. Semelhante aos outros jogos de Mortal Kombat. Usando personagens 3D em um campo de jogo 2D, você tem cerca de 20 lutadores diferentes para escolher, e cada um tem segredos mágicos e armas.
Mortal Kombat Mythologies - Sub-Zero (USA)	Mortal Kombat Mythologies: Sub-Zero é o primeiro jogo de plataforma e o primeiro jogo Single Player da franquia Mortal Kombat, tendo sido lançado em 1997 para Sub-Zero encontra a fortaleza de Quan Chi, e dentro derrota suas assassinas pessoais: Kia, Jataaka, e Sareena. Sub-Zero decide poupar a vida de Sareena e segue à Pirâmide de Shinnok. Nintendo 64. O protagonista deste jogo é Sub-Zero, presente desde as primeiras versões do jogo de luta. O jogo acontece em um formato que mescla briga de rua com rolagem lateral e com jogo da propia franquia em gráficos 2D pré renderizados, a violência marca da série permanece.
Mortal Kombat Trilogy (USA)	Mortal Kombat Trilogy é considerada a última atualização do Mortal Kombat 3, depois de Ultimate Mortal Kombat 3, a versão de Nintendo 64 é considerada a melhor por jogadores profissionais. Todos os personagens dos três primeiros jogos de Mortal Kombat retornam para a batalha final. Você pode jogar como Kano, Réptil, Mileena, Kung Lao, Tsung Shang, Sindel, Sketor, Stryker, Nightwolf, Sheeva, Kitana, Escorpião, Sonya, Fumaça (Cyber Ninja), Chuva, Jade, Baraka, Johnny Cage, Ermac, Noob Saibot, Sub-Zero (Desmascarado), Sub-Zero (Clássico), Jax, Rayden, Cyrax, Liu Kang, Smoke(Humano), Kabal, Goro, Kintaro, Motaro ou Shao Kahn.
MRC - Multi-Racing Championship (USA)	Sente-se, prenda-se e aguente-se no mais extremo desafio de corrida que o mundo tem para oferecer. Corra por uma variedade de terrenos, lute contra os elementos e garanta seu lugar entre os pilotos de elite da corrida de rally. As configurações totalmente personalizáveis do MRC permitem que você prepare seu veículo para explorar as condições da estrada e o clima a seu favor! Escolha entre 8 veículos totalmente personalizáveis e de alto desempenho, além de dois veículos secretos. Navegue por três cursos desafiadores. Desfrute de múltiplas perspectivas de visualização, da perspectiva aérea de um piloto às vistas por trás do veículo. Velocidade através de fundos altamente detalhados, gráficos incríveis e efeitos sonoros impressionantes para uma experiência de corrida realista.
Ms. Pac-Man - Maze Madness (USA)	Ms. Pac-Man Maze Madness é um jogo da série Pac-Man, produzido e distribuido pela Namco e lançado em 12 de novembro de 2001, para o Nintendo 64 e estrelando pela Ms. Pac-Man. Professor Pac descobre que a bruxa, Mesmerelda, tomou o controle do Castelo Encantado usando magia negra e de lá planeja roubar as quatro Jóias da Virtude (Generosidade, Verdade, Sabedoria, Coragem) para controlar as &quot;quatro maravilhas&quot; (áreas Pac) -Land) Ele cria um dispositivo chamado Pactrómetro que permite que a Sra. Pac-Man vá até essas áreas para recuperar as gemas antes que Mesmerelda possa obtê-las primeiro.
Mystical Ninja Starring Goemon (USA)	Goemon's Great Adventure, conhecido como Mystical Ninja 2 Starring Goemon na Europa, é um jogo desenvolvido e lançado pela Konami para o Nintendo 64 em 23 de dezembro de 1998. É o terceiro jogo da série Goemon lançado na América do Norte e Europa, seguindo Mystical Ninja Starring Goemon, lançado dois anos antes. Mystical Ninja Starring Goemon é um RPG baseado em ação similar em estilo The Legend of Zelda: The Ocarina of Time. É também o primeiro jogo Goemon localizado desde o Legend of the Mystical Ninja para o SNES. Os jogadores controlam Goemon e seus amigos enquanto eles percorrem o Japão Antigo para parar os Xoguns da Montanha Peach. Você pode falar com personagens, bater em inimigos com seu cachimbo (ou arremessar moedas neles), visitar uma cartomante enlouquecida que grita &quot;PLASMA!&quot; em intervalos aleatórios sem motivo e muito mais.
Nagano Winter Olympics '98 (USA)	A Nagano Winter Olympics '98, conhecida no Japão como Hyper Olympics em Nagano, é um jogo esportivo de vários eventos da Konami. Baseia-se nos Jogos Olímpicos de Inverno de 1998 e apresenta 10 eventos olímpicos, incluindo patinação, esqui, luge, bobsleigh, slalom, curling, halfpipe e snowboard. Até quatro jogadores podem escolher um dos 16 países e competir no modo olímpico (jogar pelas medalhas) ou no modo de campeonato (para os pontos, em uma competição no estilo Decathlon).
Namco Museum 64 (USA)	O Namco Museum é uma série de compilações de jogos lançadas pela Namco para vários consoles lançados na 5ª geração e acima, contendo lançamentos principalmente de seus jogos de arcade do final dos anos 1970, 1980 e início dos anos 90. A Namco começou a lançar compilações com o título do Museu Namco em 1995 e continua em 2018. O título do Museu da Namco foi originalmente usado na década de 1980 como o nome de uma loja de varejo que vendia mercadorias das franquias da Namco. A série de videogames começou em 1995 no PlayStation com o nome provisório de Namco Museum Volume 1, indicando a intenção da Namco de fazer mais parcelas da série. A série rodou até o volume 5 do PlayStation, abrangendo vários jogos do final dos anos 80, antes de chegar ao Nintendo 64, todos os consoles de sexta e sétima geração, o Windows PC, o Nintendo Switch e um console portátil dedicado.
NASCAR 2000 (USA)	Esta simulação de corridas de stock car da NASCAR é uma sequência de NASCAR Revolution. O jogo apresenta 18 pistas do mundo real, além de vários percursos de estrada de fantasia e 30 pilotos ativos da NASCAR, além de alguns pilotos de &quot;legenda&quot;. Modos de jogo incluem corridas rápidas, eventos de fim de semana completos, uma série de campeonatos completa ou abreviada, um modo Race Against the King onde você corre contra Richard Petty em uma série de eventos, e suporte multiplayer para até 4 jogadores. Física e IA atualizadas ajudam o jogo a ter mais realismo.
NASCAR 99 (USA)	NASCAR '99 é um jogo de simulador de corrida desenvolvido e publicado pela EA Sports e co-desenvolvido pela Stormfront Studios. Foi lançado para o Nintendo 64 em 11 de setembro de 1998, foi o segundo jogo da série de videogames da EA Sports NASCAR. Corra em alta velocidade com esse game alucinante.
NBA Courtside 2 featuring Kobe Bryant (USA)	NBA Courtside 2: Featuring Kobe Bryant é um jogo de basquete desenvolvido pela Left Field Productions e publicado pela Nintendo para o Nintendo 64. O jogo foi lançado na América do Norte exclusivamente em 31 de outubro de 1999. Este jogo apresenta listas da temporada da NBA de 1999-2000. A capacidade de jogar várias temporadas foi adicionada. Novos recursos incluem a capacidade de jogar um concurso de três pontos e opções adicionais para criar um jogador a partir do zero. O jogo apresenta melhor inteligência artificial ajuda a melhorar o realismo do jogo. Os novos estilos de dunk são possíveis de implementar e a captura de movimento aprimorada permite que a passagem no-look seja usada durante o jogo. Existem mais de 300 jogadores e os jogos podem ser uma simulação realista da ação real da NBA ou de uma experiência arcade completa. Jogadas como a jogada de isolamento, o lançamento e o triângulo podem ser chamados.
NBA Hangtime (USA)	NBA Hang Time é um jogo de ação de basquete arcade 2 contra 2 seguindo os passos do NBA Jam. Todas as equipes da NBA, cada uma com 4 jogadores para escolher, são incluídas junto com o basquete rápido e exagerado, desconsiderando as regras normais do jogo, mas incluindo faltas e fora de campo. Você também pode criar seu próprio player, com uma coleção de partes do corpo e roupas para escolher.
NBA in the Zone '98 (USA)	Este título totalmente licenciado da NBA apresenta todas as equipes e jogadores da NBA para a temporada 97/98, permitindo modos de Exposição, Temporada, Playoff e All-Star para 1-4 jogadores. Estatísticas completas das equipes, informações e horários estão incluídos, juntamente com uma lista completa de opções para criar o jogo que você quer (a partir da duração de cada partida, regras, esquemas de controle, dificuldade e mais).
NBA in the Zone '99 (USA)	A segunda tentativa da Konami de basquetebol da NBA apresenta todas as opções do título de 1998, além de novos movimentos capturados por movimento, um sistema de passe de ícones, listas de jogadores em tempo real e estatísticas atualizadas da temporada 98/99 da NBA. Um novo concurso de três pontos está incluído para acompanhar os modos Exposição, Temporada, Playoff e All-Star. Tudo isso e a voz do locutor público do Chicago Bull, Ray Clay.
NBA in the Zone 2000 (USA)	O terceiro título da In the Zone apresenta todas as opções habituais que você espera de um título de simulação da NBA, incluindo concursos de temporada, exibição, playoff, All-Star, Slam Dunk e shoot-out de três pontos. Totalmente licenciado, o jogo apresenta todos os jogadores, estatísticas e equipes mais recentes da temporada NBA 99/2000, além do jogo de passar o ícone e em tempo real pedindo por um jogo de basquete completo. Comentário novamente apresenta a voz de Ray Clay.
NBA Jam 2000 (USA)	Novo modo JAM 2-on-2 com 50 dunks e efeitos especiais impressionantes! Tribunais de modo JAM personalizado 2-on-2, incluindo quadra de rua. Autêntico modo de simulação 5-on-5 com estilos reais de jogo em equipe, como o Jazz Pick-and-Roll. Gráficos de altíssima resolução! Exclusiva assinatura move como o drible crossover. Crie seu próprio player JAM. Todas as 29 equipes e mais de 300 superstars da NBA! Mais de 800 novos movimentos capturados pelo &quot;X-Man&quot; Xavier McDaniel!
NBA Jam 99 (USA)	O Nintendo 64, estilizado como NINTENDO64 e abreviado como N64, é o terceiro console de videogame doméstico da Nintendo para o mercado internacional. Batizada com o nome de sua unidade central de processamento de 64 bits, foi lançada em junho de 1996 no Japão, setembro de 1996 na América do Norte e Brasil, março de 1997 na Europa e Austrália e setembro de 1997 na França. NBA Jam retorna, desta vez removido de seus flashy jams e bolas de basquete em chamas, substituído por uma simulação completa de basquete completo com todas as equipes e jogadores da temporada 99, criar um jogador completo e criar uma equipe de modos, temporada, exposição e disparar modos. O gerenciamento total da equipe também está incluído, com a capacidade de negociar, liberar e assinar novos jogadores, bem como relatórios de reconhecimento. 4 jogador multiplayer também é suportado.
NBA Live 2000 (USA) (En,Fr,De,Es)	Michael Jordan. Animações faciais e fala. Todos os jogadores da temporada 1999 - 2000 da NBA. Além de equipes All-Stars do passado e do presente. Ah, e Jordan voltou. Como seus antecessores na série de longa duração, o NBA Live 2000 se esforça para simulação de basquete realista, em vez de jogabilidade arcade-like. Novos movimentos foram adicionados neste jogo, e a IA do oponente foi ajustada para tornar a vitória mais dependente da execução dos movimentos certos nos momentos certos. Como nos jogos anteriores da NBA ao vivo, é possível editar e criar jogadores de basquete, além de criar e construir um time próprio. Desta vez, também é possível usar qualquer foto para servir como uma foto do jogador. Novidade nesta edição (ao lado de Jordan) é um modo de basquete de rua um-a-um e um modo que permite o gerenciamento de uma equipe por várias temporadas, incluindo jogadores de negociação.
NBA Live 99 (USA) (En,Fr,De,Es,It)	NBA Live 99 é um jogo eletrônico parte da série de jogos NBA Live que foi desenvolvido pela EA Sports e publicado pela Electronic Arts e lançado em 10 de Novembro de 1998. Jogue na 98/99 temporada da NBA ou em várias temporadas para construir sua equipe ao longo do tempo. Ou apenas pule direto para os playoffs. Negocie, liberte ou pegue agentes gratuitos para adicionar à sua equipe. Divirta-se um pouco com o modo shootout de 3 pontos. E uma série de novas animações de jogadores, incluindo animações faciais e movimentos de jogadores.
NBA Showtime - NBA on NBC (USA)	A NBA como você nunca viu antes! NBA Showtime: A NBA na NBC traz para você os melhores jogadores de cada equipe em uma emocionante corrida de pulsação acima do aro! Você vai ver a intensidade em seus rostos e ouvir em suas vozes, você vai sentir o poder de cada passagem e cada tiro! Isto é o que a NBA é tudo! Ir para rebotes e 3 pontos em todas as 28 arenas ao redor da liga. Escolha entre mais de 130 jogadores reais da NBA, além de personagens escondidos!
Neon Genesis Evangelion (Japan)	Neon Genesis Evangelion é uma adaptação do mangá Yoshiyuki Sadamotos de mesmo nome, que também recebeu um anime. É o único jogo de Evangelion que foi lançado no N64. Abrange as principais batalhas de toda a saga de Evangelion e apresenta imagens originais do anime. No Story Mode você assume o controle de mecas biomecânicas chamadas Evas para lutar contra seres monstruosos chamados Anjos. Para ver todas as missões, ataques combinados (socos e pontapés), técnicas de bloqueio e luta estão à sua disposição. Dependendo do dano que o Eva controla, e se certos parâmetros forem cumpridos durante esse tempo, você receberá um limite de tempo no qual você deve terminar a batalha com o Anjo. O Modo de Simulação: é um modo de perspectiva de 1ª pessoa, no qual você deve eliminar o maior número possível de Anjos dentro do limite de tempo. Quando o limite de tempo terminar, você recebe uma classificação, dependendo de quantos inimigos você destruiu e quantas balas você usou.
New Tetris, The (USA)	Nesta nova versão do Tetris, das mesmas pessoas que trouxeram Tetris para o mundo das esferas 3D, agora você pode jogar um jogo de 4 jogadores, e despejar suas linhas limpas para outro jogador usando 'lixo'. No modo single player, o total de linhas limpas em cada partida que você joga é adicionado, e quando você alcança uma certa quantia, um famoso monumento será desbloqueado, e você pode vê-los de todos os ângulos em 3D completo.
NFL Blitz (USA)	A NFL Blitz é uma série de videogames com tema de futebol americano originalmente lançados pela Midway com as equipes da National Football League. A primeira conversão para PC do hit arcade, NFL Blitz, dá à Liga Nacional de Futebol o mesmo tratamento exagerado que a Midway usou tão eficazmente com o NBA Jam. As características incluem modelos exagerados de jogadores com limites musculares, botões &quot;turbo&quot;, ação rápida e algumas mudanças de regras bem selvagens (como 30 jardas para uma primeira descida!). O Blitz não é nada além de uma experiência única em jogos de futebol.
NFL Blitz - Special Edition (USA)	A NFL Blitz é uma série de videogames com tema de futebol americano originalmente lançados pela Midway com as equipes da National Football League. Times Reais, Jogadores Reais, Atitude Real! Aperte sua cinta de queixo e prepare-se para o futebol estilo adrenalina como só Blitz pode fazer! NFL Blitz Special Edition é completamente atualizado para a temporada NFL 2001-02 com equipes atuais, horários e uniformes. Prepare-se para comandar o videogame de futebol mais rápido do mundo!
NFL Blitz 2001 (USA)	A NFL Blitz é uma série de videogames com tema de futebol americano originalmente lançados pela Midway com as equipes da National Football League. Todas as grandes jogadas e os sucessos do arcade podem ser colocados na palma da sua mão com o NFL BLITZ 2001. Tal como acontece com todos os jogos BLITZ, o futebol foi reduzido a um jogo de sete contra sete pontuações altas. . Escolha o seu time de qualquer um dos 31 times da NFL e vá até ele nos modos Season ou Arcade. O modo Arcade faz com que você desafie todas as equipes na liga para um jogo, enquanto o modo Temporada permite que você saiba sobre uma temporada de 16 jogos, os playoffs e a possibilidade de vencer o Super Bowl. Não importa de que maneira você jogue, você não perderá um segundo de ação graças aos vários ângulos de câmera disponíveis. Sempre que houver uma grande peça, a voz digitalizada do interlocutor o avisará e você será tratado com uma sequência de vídeo em movimento total. Entre no jogo com o NFL BLITZ 2001.
NFL QB Club 2001 (USA)	O título final do QC em N64 segue os mesmos passos dos três títulos anteriores no console, com uma simulação de futebol americano completa com todas as equipes, jogadores e estatísticas. Modos incluem Exposição, Temporada, Prática e Pro Bowl, com a opção de jogar após os jogos da NFL Super Bowl nossa criar sua própria simulação personalizada. Você também pode criar sua própria equipe e jogadores, um livro de jogo completo e assinar ou trocar jogadores na pré-temporada. Até 4 jogadores são suportados.
NFL Quarterback Club 2000 (USA)	QC retorna para outra temporada. Pela terceira vez, melhorias em relação aos títulos anteriores incluem muito mais detalhes e animações durante as jogadas (graças a 1.200 movimentos capturados por movimento) e mais movimentos e estratégias. Em termos de jogabilidade, a variedade usual de opções está incluída, desde o gerenciamento completo da equipe (negociações, esboços, etc.) para criar um jogador e criar um modo de equipe. Jogue com 4 pessoas em jogos de Torneio, Temporada, Playoffs, Pro Bowl e Exposição, junto com a chance de reviver os Super Bowls.
NFL Quarterback Club 98 (USA)	Acclaim e Iguana se reúnem para um título de futebol americano da NFL. O QC98 apresenta modos de temporada completa, exibição e playoff, direto do Super Bowl, com todos os times, jogadores e estatísticas da temporada de 1998. Você também pode jogar jogos históricos do Super Bowl dos anos anteriores, onde joga como um time específico em um ponto de um dos muitos jogos e tenta recriar o histórico. E se isso não for suficiente, você também pode ler perfis completos em todos os jogadores da liga.
NFL Quarterback Club 99 (USA)	Muitas novas adições foram feitas para isso, o segundo título da Acclaim NFL na N64. Atualizações para todas as equipes, desde as estatísticas dos jogadores até os recordes da equipe, são incluídas, juntamente com 6 clubes europeus da NFL, enquanto as jogadas de equipe e a estratégia AI caracterizam a mente do coordenador ofensivo Charlie Weis, e todos os 32 Super Bowls podem ser reescritos ao seu estilo. Também está incluído um modo de criar um jogador; prêmios semanais, de jogo e temporada; total de opções de gerenciamento de equipe, incluindo negociação, elaboração e liberação de jogadores; 30 livros de brincadeiras baseados em projetos reais de equipe; Jogue-by-play de Mike Patrick, as chamadas de cor de Randy Cross e as chamadas dos árbitros do chefe de oficiais da NFL, Jerry Markbreit.
NHL 99 (USA)	Como as mudanças gráficas não são suficientes para tornar um jogo melhor, a jogabilidade também foi ajustada, com os jogadores de computador sendo mais inteligentes, tanto no ataque quanto na defesa. As filmagens foram ajustadas (tiros de tiros são mais fáceis de puxar, os jogadores não patinam em círculos para fazer tiros de backhand e precisam enfrentar o objetivo de chutar, particularmente em um cronômetro) e um novo movimento especial traz deke, spin-o-ramas e o tipo de movimentos que Jagr, Fedorov e Selänne fazem quando estão cara-a-cara com o goleiro. No entanto, se o jogador se aproximar demais do vinco, o árbitro pode querer rever a jogada no novo juiz de gols, então o jogador deve pensar duas vezes antes de tentar puxar um &quot;Brett Hull&quot;. Para os iniciantes no esporte, um novo modo Iniciante permite que os jogadores se acostumem ao gelo sem ter que se preocupar com penalidades ou com um adversário excessivamente forte.
NHL Blades of Steel '99 (USA)	Ação non-stop NHL! O mais novo all-star da Konami Sports Series chega ao gelo! Prepare-se para um jogo totalmente novo! O NHL Blades of Steel '99 bate no gelo com todos os jogadores, estatísticas e ação da NHL. Motion capturou animação, estratégias de equipe ajustáveis e estádios totalmente detalhados da NHL com condições reais de gelo. Atualizados 98-99 elencos chamados pelo apresentador de TV da NHL, Randy Hahn. Negocie jogadores e assine agentes livres. Acompanhamento de estatísticas de temporada completa e líderes da liga.
NHL Breakaway 98 (USA)	Este jogo de hóquei no gelo tem um sistema de IA baseado em carteiras baseado em jogadas reais das equipes, permitindo que equipes específicas joguem seus estilos reais, com tamanho variável de jogador, desde defensores grandes até alas rápidas e pequenas. Há um sistema de gerenciamento de equipe total para fazer negócios, melhorar o treinamento, criar escolhas de rascunho e enviar jogadores através de campos de treinamento, ou até mesmo enviar atletas feridos para a terapia. A inclusão de todos os jogadores de destaque, como Lemieux, Gretzky, Messier, Sakic, Hull e outros, é principalmente obrigatória em jogos esportivos. Além disso, as dicas sobre como jogar cada time do jogador da NHL Keith Tkachuk são um recurso útil.
NHL Breakaway 99 (USA)	NHL Breakaway 99 é a sequência da NHL Breakaway 98. É a segunda e última parte da série NHL da Acclaim para a Nintendo 64. Esta nova versão inclui listas, equipes e horários novos e atualizados. Todas as 27 equipes da NHL possuem estatísticas atualizadas e classificações da temporada 97-98. Existem cinco modos de jogo: Treinamento, jogos livres, temporada, contra e eliminatórios. Uma ampla variedade de configurações podem ser definidas para cada jogo, incluindo, lesões, fadiga, luta e opções de penalidade. Ganhar uma temporada ganha pontos que você pode investir para diminuir o tempo de lesão, desenvolver as habilidades dos seus jogadores e trocar jogadores. O conselho do jogo é fornecido por Steve Yzerman.
Nightmare Creatures (USA)	Nightmare Creatures é um jogo de ação e survival horror em 3D lançado para Nintendo 64 em 1998. Foi publicado pela Activision e desenvolvido pela Kalisto Entertainment. Adam Crowley, um cientista antes respeitado, agora transformado em magia negra, lançou um contágio demoníaco nas ruas de Londres, em 1834. Baseado no trabalho há muito perdido da Irmandade de Hecate, ele transforma os corpos de suas vítimas em grotescas criaturas de pesadelo e transforma suas mentes em criaturas assassinas. Quando o dr. Jean F. começou a investigar, ele foi assassinado. A jogabilidade é ação em terceira pessoa, com ênfase em combate corpo a corpo. Inácio e Nadia têm diferentes estilos de luta e movimentos especiais. Para manter as coisas em movimento, um medidor de adrenalina se esgota, matando o herói se ele acabar. Mate monstros para completar novamente. Reúna itens especiais para usar nos inimigos ou apenas mate-os usando armas básicas.
Nintama Rantarou 64 Game Gallery (Japan)	Nintama Rantarou 64 Game Gallery é um jogo de puzzle, desenvolvido e publicado pela Culture Brain, lançado no Japão em 2000. É uma coleção de mini jogos educacionais japonesa, quebra cabeças, jogos de dados, xadrez, ache o caminho, pinturas etc, com gráficos e músicas infantil muito característico para o publico infantil oriental.
Nuclear Strike 64 (USA)	O Nuclear Strike 64 é um jogo baseado em helicópteros, com elementos de estratégia adicionados ao jogo de ação. O enredo diz respeito a uma força especial de elite - os aliados do jogador - perseguindo um espião desonesto armado nuclearmente através de um cenário asiático ficcional. Ele manteve o mecanismo do jogo anterior, mas adicionou várias modificações para melhorar o desempenho gráfico e tornar o jogo mais acessível. O jogo apresenta 15 veículos jogáveis, um grande aumento em relação aos jogos anteriores. Além do principal Apache ficcional, existem helicópteros, jatos, armaduras e hovercrafts secundários. O jogador também comanda tropas terrestres em seções ocasionais de estratégia em tempo real.
Nushi Zuri 64 (Japan)	Nushi Tsuri 64 é um videogame de pesca para o Nintendo 64. Ele foi lançado apenas no Japão em 1998. O jogo tem gráficos muito similares aos da série Harvest mon em câmera isométrica contando algumas pequenas historias no vilarejo também pode interagir com os NPCs, você pode ir na loja e comprar iscas, novas varas de pesca. Existem seis personagens que os jogadores podem escolher antes de iniciar o jogo. Como na maioria dos jogos de RPG, a cidade pode ser explorada livremente, além de outras cidades. Os itens comprados estão relacionados principalmente à pesca. Encontros aleatórios podem ocorrer durante a caminhada; Os jogadores podem escolher atirar pedras para perseguir seus atacantes ou percorrer um caminho para alcançar a segurança.
Nushi Zuri 64 - Shiokaze ni Notte (Japan)	Nushi Tsuri 64: Shiokaze Ninotte é um jogo de pesca para o Nintendo 64. Ele foi lançado apenas no Japão em 2000. O jogo tem gráficos muito similares aos da série Harvest mon em câmera isométrica contando algumas pequenas historias no vilarejo também pode interagir com os NPCs, você pode ir na loja e comprar iscas, novas varas de pesca. As músicas do jogo são de tom bem relaxante dando o ambiente correto para pescaria e exploração do vilarejo.
O.D.T. (USA) (En,Fr,Es) (Proto)	Este jogo nunca foi oficialmente lançado. O.D.T. é um jogo de role-playing de ação com alguns elementos de plataformas e quebra-cabeças. O jogador pode escolher controlar qualquer um dos quatro personagens. Cada um deles tem suas próprias forças e fraquezas: por exemplo, Maxx tem alta defesa, enquanto o arcebispo tem acesso a poderosas técnicas ocultas. Derrotar inimigos recompensa o jogador com pontos de experiência, que podem ser usados para aumentar um parâmetro particular de um personagem, aumentando suas habilidades de combate.
Off Road Challenge (USA)	Off Road Challenge Off Road Challenge é um jogo desenvolvido e publicado pela Midway Games. O jogo foi originalmente publicado em 1998 para Nintendo 64. Off Road Challenge é um jogo de corrida de caminhões off-road para o Nintendo 64. Como o Cruis'n USA, também era um jogo arcade para o N64. A jogabilidade é semelhante à do seu antecessor, Super Off Road: The Baja. O jogador corre contra outros veículos off-road em várias paisagens, enquanto coleta nitros e ouro pelo caminho. Ouro pegou no curso ou ganhou de corrida pode ser usado para atualizar o veículo. Uma vez que o jogador tenha completado o circuito, ele se move para o próximo nível de dificuldade e passa por ele novamente, mantendo o caminhão atualizado.
Ogre Battle 64 - Person of Lordly Caliber (USA)	Ogre Battle 64: Person of Lordly Caliber é um jogo eletrônico lançado para o console Nintendo 64. O jogo é a continuação do jogo para SNES Ogre Battle: March Of The Black Queen, mas desta vez o personagem principal é Magnus Gallant. O Império do Santo Lodis está planejando o domínio de todo o continente de Zeteginia! Cabe a você levantar a bandeira da revolução e livrar a terra da ameaça de Lodis. Tome decisões em tempo real e assuma o controle de inúmeros personagens para se mostrar vitorioso no campo de batalha e recuperar a liberdade para todas as pessoas!
Olympic Hockey 98 (USA)	Pela primeira vez na história, os profissionais do NHLPA estão descendo os Jogos Olímpicos de Inverno. Seja uma testemunha quando oponentes da temporada regular se juntam como companheiros de equipe. Kamensky e Yashin estão amarrados para a Rússia. Kariya e Roy acenam para o Canadá. Modano e Leetch estão nos Estados Unidos. As listas são reais. Os gráficos vão fazer você suar. É país contra país neste compromisso. E o preço da glória não será bonito!
Onegai Monsters (Japan)	Onegai Monster é um jogo de estratégia para o Nintendo 64. Ele foi lançado apenas no Japão em 1999. Originalmente apelidado de um &quot;clone Pokemon&quot;, é na verdade mais perto de jogos como Digimon World ou Monster Rancher. Depois de receber e chocar um ovo, o jogador anda pelo mundo, completando os pedidos do povo e criando monstros. As solicitações são missões básicas, como coletar um item para um personagem que não pode ser jogado, e monstros lutam em batalhas no estilo Pokémon por turnos. Ao contrário do Pokémon, cada monstro no jogo vem do único bebê que o jogador recebe como seu primeiro monstro. Dependendo do alimento que é alimentado, o monstro ganha pontos elementares, que determinam como ele evolui. Os monstros se nivelam tanto ao derrotar outros monstros quanto caminhando pela cidade. Os monstros vêm dos ovos que podem ser comprados na loja local de monstros.
Pachinko 365 Nichi (Japan)	O Pachinko 365 Nichi é um jogo desenvolvido e publicado pela Seta Corporation, lançado no Japão em 1998. Pachinko é um entretenimento e jogo de azar praticado em máquinas que se assemelham a um cruzamento entre pinball e slot machine.
Paper Mario (USA)	Paper Mario, conhecido como Mario Story no Japão, é um jogo do Super Mario de RPG desenvolvido pela Intelligent Systems e publicado pela Nintendo para o console Nintendo 64 em 2001. O nome &quot;Paper Mario&quot; já diz tudo: os personagens parecem feitos de papel. Nessa jornada Mario não irá sozinho. Ele fará muitos amigos que serão de grande ajuda cada parceiro tem uma habilidade que será útil para prosseguir pelo jogo. Em batalha, cada parceiros tem um ataque normal e outro especial. Para conseguir todas as habilidades especiais é necessário encontrar os &quot;Super Blocks&quot;. Até o Capítulo 5 é possível apenas liberar uma habilidade para cada personagem, mas após ele, Mario recebe a &quot;Ultra Stone&quot; que dá a possibilidade de liberar mais uma habilidade.
Paperboy (USA)	Paperboy é um jogo para Nintendo 64, desenvolvido em 1999 pela Midway/Atari Games. Os jogadores tomam o papel de um menino entregador de jornais que faz o seu trabalho ao longo de um bairro suburbano em sua bicicleta. Paperboy retorna com um novo visual retro-3D, mas com os mesmos objetivos. Como o jornaleiro, você deve entregar, à sua lista de assinantes, o papel deles. Quanto mais papéis você entregar no menor período de tempo, maiores as chances de assinar mais assinantes. Para cada rua, você tem um número máximo de inscritos que você precisa se inscrever antes de poder passar para a próxima e mais desafiadora rua (também conhecido como o próximo nível). Cada rua também inclui objetos que ficarão no seu caminho (como cães, hidrantes, etc.), assim como objetivos de bônus (coletar três moedas derrubando pessoas e itens na rua o levará aos níveis de bônus, variando de cursos de obstáculos para pegar fogo voa. Você pode ganhar assinantes extras, completando os níveis de bônus).
Parlor! Pro 64 - Pachinko Jikki Simulation Game (Japan)	Isso pode ser visto como o mais difícil de todos os jogos Pachinko no N64. O menu principal tem um modo de carreira, jogo rápido, menu de opções e uma combinação de jogo rápido e modo de carreira. O jogo tem 3 mesas que estão disponíveis desde o início.
PD Ultraman Battle Collection 64 (Japan)	PD Ultraman Battle Collection 64 é um RPG baseado no super-herói japonês Ultraman. O PD Ultraman Battle Collection 64 é um dos poucos jogos da Nintendo 64 a utilizar a transfer pak,O jogo pode ser conectado com qualquer jogo de Game Boy para criar um personagem em PD Ultraman Battle Collection 64 a partir dos dados do jogo Game Boy, similarmente ao Monster Rancher.
Penny Racers (USA)	Penny Racers é um jogo de corrida para o Nintendo 64. Foi lançado no Japão em 1998 e na América do Norte e Europa em 1999. O jogo faz parte da série de jogos de corrida japonesa Choro Q e é conhecido pelo nome Choro Q 64 no Japão. Há treze carros que você pode escolher e nove faixas no total - todas disponíveis desde o início. Possui dois modos jogáveis, Race Series e Time Trial, e um modo que permite que você crie sua própria pista. O jogo também suporta até quatro jogadores humanos.
Perfect Dark (USA)	Perfect Dark é um jogo desenvolvido para Nintendo 64; lançado pela Rare, em lançado pela Rare em 2000. Joanna Dark é uma agente do Instituto Carrington, uma organização secreta financiada por fontes anônimas e dedicada a proteger o mundo. Através de seus agentes altamente treinados e dispositivos especiais (gadgets), Carrington fica de olho em terroristas, poderes mundiais e acontecimentos estranhos. A velocidade na qual a corporação dataDyne se estabeleceu através do desenvolvimento de novas tecnologias está começando a preocupar o instituto. Então, quando Carrington recebe uma mensagem do Dr. Caroll, um cientista que deseja escapar do dataDyne, eles enviam sua melhor agente, Joanna, para se infiltrar na sede da empresa ...
PGA European Tour (USA)	European Tour é melhor pensado como um remake do jogo original, ao invés de uma sequela como tal. Possui 5 cursos de toda a Europa e 60 profissionais europeus de topo, em vez da linha inclinada dos EUA do original. Os gráficos são muito mais detalhados e coloridos, como seria de esperar considerando os anos intermediários de avanços na habilidade de programação. O sistema de controle é o método padrão de três cliques usado na maioria dos jogos de golfe, mas agora você pode definir os níveis de draw / fade antes de jogar, de modo que um objetivo perfeito leve a um efeito medido, e um imperfeito exagere o efeito. Assim como os jogos Stroke Play do original (onde você conta a pontuação total em toda a rodada de 18 buracos, e compara isso com o seu oponente), há também Match Play (onde o objetivo é ganhar tantos buracos individuais quanto possível) e Skins (o mesmo, mas com dinheiro) modos também.
Pilotwings 64 (USA)	Esta é a melhor experiência de voo! O Pilotwings 64 leva você a um vasto ambiente tridimensional. Pilote vários veículos diferentes e desfrute de vistas de tirar o fôlego. Complete com sucesso os testes de voo para obter seu logotipo de voo. Obter uma pontuação alta o suficiente, e você terá a oportunidade de participar de jogos de bônus como Cannonball e Sky Diving! Voe em um azul selvagem com Pilotwings 64! Nn * Um monte de desafios aéreos para que você possa dominar! Nn * Suba no assento de um Gyrocopter e atire em alguns mísseis! Nn * Cinta em um Cinto de Foguete e confira lugares como o Monte. Rushmore, Space Needle e a Estátua da Liberdade! Nn * Voe na solidão de uma asa-delta enquanto sobe acima das florestas tropicais e dos blocos de gelo congelados. * Mantenha seu progresso na memória.
Pokemon Puzzle League (USA)	Pokémon Puzzle League é um jogo da série Pokémon para Nintendo 64 baseado no famoso Panel de Pon. É o primeiro e único jogo a ter os personagens do anime como Ash Ketchum e Tracey e também o único game da série a não ser lançado no Japão. Descubra o desafio de Pokémon mais frenético, frenético e divertido de sempre - Pokémon Puzzle League! Alinhe três ou mais blocos do mesmo tipo para removê-los da tela. Crie correntes e combos para enviar lixo para o seu oponente. Colete distintivos de outros treinadores de Pokémon para ganhar o direito de entrar na competição final ... uma batalha contra o misterioso Puzzle Master!
Pokemon Snap (USA)	Pokémon Snap é um jogo da série Pokémon, lançado em 1999 para Nintendo 64. É um dos primeiros spin-offs da série. Nele, o jogador controla um fotógrafo, Todd Snap, cujo objetivo é fotografar cada Pokémon no melhor ângulo. O Professor pediu para você fotografar o Pokémon Selvagem da Ilha Pokémon ... Passeie pela ilha em seu veículo ZERO-ONE e tire fotos de Pokémon em seu habitat natural. Pokémons selvagens são frequentemente tímidos, então você terá que usar itens especiais para trazê-los para fora. Apenas as melhores fotos farão para o Relatório de Pokémon do Professor, então afie suas habilidades fotográficas e prepare-se para o SNAP!
Pokemon Stadium (Japan)	O primeiro Pokémon Stadium tem 42 Pokémon jogáveis. O jogo se concentra principalmente em lutar e mostrar que seus Pokémon são os mais fortes.Os modos do jogo são: Battle Mode, como o nome sugere, envolve batalhas Pokémon. Existem dois tipos: batalha livre e torneio. Organize, onde os jogadores podem transferir Pokémon e itens entre o seu jogo de Game Boy e o N64. Modo de lista, onde os jogadores podem ver uma lista de seus Pokémon para estudar e comparar suas estatísticas. Modo de registro, onde o jogador registra uma equipe de seus Pokémon para a batalha. Party Mode, onde o jogador examina sua equipe atual. GB Mode, onde podes desfrutar do teu jogo Gamen BOy na Nintendo 64, graças ao acessório Transfer Pak, que só é compatível com as versões Pokémon Red, Green, Blue e Yellow.
Pokemon Stadium (USA)	Pokémon Stadium é um jogo de estratégia da série Pokémon para o Nintendo 64. É um jogo de lutas entre os Pokémon onde o jogador pode lutar contra a CPU ou outros jogadores através do Transfer Pak de Nintendo 64 com Pokémon Red, Blue & Yellow inserido. Finalmente, todos os seus Pokémon favoritos estão prontos para lutar no seu N64! Você está prestes a testemunhar algumas das cenas de batalha mais espetaculares da história de Pokémon! Selecione uma equipe de pokemons para lutar, ou use o N64 Transfer Pak incluído para enviar sua própria equipe de Pokémon Red, Blue or Yellow!
Pokemon Stadium 2 (USA)	Pokémon Stadium 2 é um jogo da série Pokémon para Nintendo 64. Contém os 251 Pokémon existentes até a época e tinha capacidade do uso do Mobile System na versão Japonesa com Pokémon Crystal. Assim como em Pokémon Stadium, Pokémon Stadium 2 não tinha uma história própria, mas havia modos de batalha, desafio aos Líderes de Ginásio de Johto, os Minigames e um modo de jogar os jogos no Nintendo 64. Além desses modos, havia outros, mas menos importantes que os modos principais. Basicamente, todos usavam o Transfer Pak com um jogo de Pokémon inserido.
Polaris SnoCross (USA)	Polaris SnoCross é um jogo de corridas de snowmobile snocross para Nintendo 64, foi lançado em 2000. Em um único evento, o jogador pode selecionar qualquer um dos 5 trenós disponíveis para corrida. O jogador também pode selecionar o fato do piloto e a dificuldade da corrida. Truques e acrobacias também podem ser executados durante o jogo. O modo atual suporta até 4 jogadores humanos. Instant Action instantaneamente permite que você no jogo, selecionando aleatoriamente o trenó, faixa, hora do dia e condições meteorológicas. No torneio, o jogador pode optar por jogar em um novo ou continuar de um jogo salvo anteriormente. Existem 7 eventos no modo Torneio e cada um consiste numa corrida de 3 dias (3 corridas basicamente). Apenas um está disponível no início, mas cada vez que o jogador completar com sucesso um evento, outro com maior dificuldade será desbloqueado.
Power League 64 (Japan)	Power League 64 é um jogo de baseball para o Nintendo 64. Foi lançado apenas no Japão em 1997. Este foi um jogo de beisebol exclusivamente japonês. Os jogadores tem as estatísticas, uniformes e campos de jogo do jogador mais novo! Box do Batedor O batedor usa um &quot;Escopo de Pitching&quot;
Power Rangers - Lightspeed Rescue (USA)	Power Rangers: Lightspeed Rescue é um jogo desenvolvido pela Mass Media, Climax Studios, Natsume e Red Sky Interactive, distribuído pela THQ e pela Bandai, baseado na série televisiva infantil Power Rangers: Lightspeed Rescue lançado em 2000 para Nintendo 64. Power Rangers: Lightspeed Rescue Os Power Rangers estão salvando o mundo no Nintendo 64! Resgate pessoas inocentes das ameias. Dirija veículos super legais de Power Rangers! Lute contra monstros enormes em ambientes impressionantes. Batalhe contra seus amigos na Arena Megazord!
Powerpuff Girls, The - Chemical X-Traction (USA)	The Powerpuff Girls: Chemical X-traction é um jogo de luta para o Nintendo 64 e PlayStation. Foi lançado em 2001 e é baseado na série animada Cartoon Network The Powerpuff Girls. As Meninas Superpoderosas devem lutar contra inimigos em uma variedade de configurações, a fim de recuperar o Elemento X e rastrear o Macaco loco. No modo história, os jogadores podem pegar objetos e jogá-los em um inimigo para diminuir o medidor de saúde de seus oponentes. Eles podem usar ataques superpoderosos coletando frascos de Elemento X. Se o jogador derrotar com sucesso o inimigo em duas das três rodadas, ele se moverá para o próximo local inimigo. A jogabilidade é muito semelhante ao popular jogo de luta da Capcom, Power Stone. Os jogadores podem jogar o modo de história ou podem lutar contra um amigo em uma batalha frente-a-frente. No Modo Simulador, as pessoas podem lutar como um Powerpuff contra um vilão ou um vilão contra outro vilão.
Premier Manager 64 (Europe)	Premier Manager 64 é um jogo de simulação de gerenciamento de futebol, para Nintendo 64. Foi lançado apenas na Europa em 1999. Ele faz parte da série Premier Manager e é endossado por Kevin Keegan. Premier Manager 64 coloca o jogador no comando de uma equipe de sua escolha da Premier League para a terceira divisão como era conhecido na época. O jogador deve gerenciar as táticas, formações e treinamentos da equipe. O jogador também deve gerenciar o lado financeiro de dirigir um clube de futebol para poder comprar jogadores de futebol para a equipe. O Premier Manager usa o mecanismo Actua Soccer para exibir partidas de futebol. Na época, esse era um novo recurso e diferenciava o Premier Manager de outros jogos de gerenciamento de futebol. O uso do mecanismo permite que o jogador do jogo veja a partida em detalhes e avalie onde as mudanças táticas precisam ser feitas.
Pro Mahjong Kiwame 64 (Japan)	Pro Mahjong Kiwame 64 é um jogo de simulação de mahjong para o Nintendo 64. Foi lançado apenas no Japão em 1997. Mahjong é um jogo de mesa de origem chinesa que foi exportado, a partir de 1920, para o resto do mundo e principalmente para o ocidente. É composto de 144 peças, chamadas comumente de ?pedras?. São elas: 36 pedras do naipe ?Círculo? 36 pedras do naipe ?Bambu? 36 pedras do naipe ?Caractere?
Pro Mahjong Tsuwamono 64 - Jansou Battle ni Chousen (Japan)	Pro Mahjong Kiwame 64 é um jogo de simulação de mahjong para o Nintendo 64. Foi lançado apenas no Japão em 1997. Mahjong é um jogo de mesa de origem chinesa que foi exportado, a partir de 1920, para o resto do mundo e principalmente para o ocidente. É composto de 144 peças, chamadas comumente de ?pedras?. São elas: 36 pedras do naipe ?Círculo? 36 pedras do naipe ?Bambu? 36 pedras do naipe ?Caractere?
Puyo Puyo Sun 64 (Japan)	Puyo Puyo SUN é um jogo de quebra-cabeça lançado em 1997 para o Nintendo 64 apenas no Japão. O jogo foi desenvolvido e editado pela Compile. O jogo faz parte da série Puyo Puyo. Puyo Puyo SUN é a terceira parte da série de jogos Puyo Puyo, e a sequência de Puyo Puyo Tsu, feita em 1996 pela Compile. Após o sucesso altamente aclamado de seu antecessor, o Compile adotou uma abordagem um pouco mais retrô, então os jogadores tiveram mais origi
Puyo Puyoon Party (Japan)	Puyo Puyo 4 : Puyo Puyon Party é um jogo eletrônico de quebra-cabeça que foi lançado em 1997 no Nintendo 64, apenas no Japão. O jogo foi desenvolvido e editado pela Compile. O jogo é parte da série Puyo Puyo. Com o advento do Puyo Puyo Circus, Arle e Carbuncle vieram visitar e participar de festividades. Arle faz o seu caminho para uma das tendas para assistir a um show, liderado por Satanás como o mestre do circo. Como parte de um dos atos, Satanás solicita um voluntário para descer ao palco. Com Carbuncle como dito voluntário, ele realizou um ato de desaparecimento, fazendo-o desaparecer diante da multidão. Depois que Arle deixa a barraca após a conclusão do show, ela percebe que Carbuncle está longe de ser encontrado. Assim, Arle começa a explorar o terreno do circo em busca de sua amiga.
Quake (USA)	Um inimigo com o codinome Quake, que se acredita vir de outra dimensão, está usando portais de teleporte para invadir a Terra. O jogador assume o papel de um soldado sem nome que chega à sua base apenas para descobrir que Quake o invadiu e matou todo mundo. Em algum lugar na base deve haver um teleportador para o reino de Quake. A missão é clara: leve a luta ao inimigo, superando inúmeras hordas de monstros e vingue-se. Seguimento da id Software para Doom e Doom II, &quot;Quake&quot; é um jogo de tiro em primeira pessoa. Sua principal inovação tecnológica é o uso de um verdadeiro motor 3D - os níveis em si e os inimigos são poligonais. Isso não só permite designs de níveis mais naturais e animações de personagens, mas também uma iluminação mais realista e a inclusão de simulações físicas que afetam o jogo: as granadas podem saltar das paredes e das curvas, por exemplo.
Quake II (USA)	Quake II é um jogo de computador FPS desenvolvido pela id Software, distribuído pela Activision e lançado em 9 de dezembro de 1997. Não se trata de uma sequência de Quake. Os efeitos autênticos da Nintendo 64 e os níveis mais recentes e tenazes incluem detalhes gráficos impressionantes numa versão já viciosa do Quake II! Com dois, três e quatro jogadores Deathmatch, controles totalmente personalizáveis e salvar os recursos do jogo, esta obra-prima leva os jogos a um nível indefinido! Estratos misteriosos de luz e sombra surgem dentro de novos níveis baseados em missões, não encontrados na versão para PC. A incrível velocidade e fluidez do motor intensificam cada nível para uma experiência de jogo acelerada e de alta ação!
Quest 64 (USA)	O Quest 64 é um jogo de RPG de um jogador desenvolvido pela Imagineer e publicado pela THQ. Foi lançado para o Nintendo 64 em 1998 e foi o primeiro jogo de RPG lançado para o sistema nos Estados Unidos, possui gráficos coloridos em um mundo totalmente 3D. Você interpreta o jovem herói Brian em sua missão de salvar a terra de Celtland. O pai de Brian, lorde Bartholomy, desapareceu misteriosamente. O Eletale Book também foi roubado, o que preserva a harmonia em Celtland. Brian deve encontrar seu pai e trazer de volta o Livro Eletale. O jogo segue a jogabilidade por turno mesclado com estratégia de jogos de tática, podendo usar ataques corpo a corpo, magias e subir de nível.
Rakugakids (Europe)	Rakuga Kids é um jogo de luta 2.5D criado pela Konami para a Nintendo 64, lançado em 1998. O nome Rakugakids é uma junção da palavra japonesa rakugaki (que significa &quot;doodle&quot;), e a palavra inglesa &quot;kids&quot;, um reflexo do visual estilo do jogo que se assemelhava a desenhos infantis. Ele, junto com o ClayFighter 63, foi um dos únicos jogos 2D de luta para o N64. O jogo em si tem um aspecto de desenho animado muito bem coloridos e com cenários 3D, por talvez esse motivo o jogo sobre de pequenas quedas de framerate nada que atrapalhe a jogabilidade que um fator bem interessante em Rakuga Kids, os personagem tem inúmeros golpes a distancia e de perto sendo eles muitos bonitos e próprios para cada um.
Rally Challenge 2000 (USA)	Rally Challenge 2000 é um jogo de corridas para a Nintendo 64, foi lançado em 2000 no Estados Unidos. No Japão foi lançado em 1999 como Rally'99 Os jogadores podem escolher 9 regiões Fácil - Austrália, Espanha, Inglaterra Médio - Itália, Brasil, França Expert - Alemanha, Canadá, Estados Unidos Arcade - você deve simplesmente selecionar uma das 3 configurações de dificuldade, um dos carros disponíveis e competir com os outros 8 jogadores da CPU pelo primeiro lugar. Cada dificuldade tem 3 corridas e o lugar que você consegue no final de cada corrida é levado para a próxima. Danos no carro não se aplicam neste modo.
Rampage - World Tour (USA)	Uma brincadeira de arrebentar com apelo universal! Simples o suficiente para qualquer jogador. Muita profundidade e desafio para atrair os jogadores sérios também. Traga um amigo ou dois em um RAMPAGE sem parar enquanto você causa algum dano e destruição. Demolir edifícios, derrubar aviões, comer pessoas e acumular pontos, enquanto destrói cidades inteiras! Mais de 130 níveis padrão, 14 níveis de bônus, 4 níveis de rancor e muitos níveis escondidos! Chefes especiais e alguns humanos gostosos dão a Lizzy, George ou Ralph um grande impulso para a saúde.
Rampage 2 - Universal Tour (USA)	Rampage 2: Universal Tour é o terceiro jogo da série Rampage. É uma sequência direta de Rampage: World Tour. Seus 3 mutantes mal-comportados que se alimentam de humanos favoritos foram capturados! Infelizmente, para os humanos que habitam a Terra, novos mutantes foram enviados para resgatar George, Lizzy e Ralph. Você conhecerá Ruby, a Lagosta, Boris, o Rinoceronte e Curtis, o Rato, destruindo cidades na América do Norte, Ásia e Europa! Prepare-se para a destruição, o caos, os exterminadores alienígenas e o melhor buffet da cidade - o povo da Terra! Espero que você esteja com fome!
Rat Attack! (USA)	Rat Attack! é um jogo para Nintendo 64, que foi lançado em 2000. O objetivo do jogo é passar cada nível com uma certa quantidade de ratos sem perder nenhuma vida ou ter o os objetos do cenário destruídos (que também elimina uma vida). Cada nível tem um número diferente de ratos para destruir e uma vez que você tenha atingindo a quantidade, um portão irá aparecer permitindo a você ir para o próximo nível. Ratos são destruídos ao serem &quot;eradicados&quot; (prendendo-os em um quadrado). Uma vez que você tenha predido os ratos basta passar por cima do sinal com uma cara de rato (o destruidor) e eles serão destruídos. No final de cada nível você recebe bônus mostrando o quão bem você foi. Há bônus para danos no cenário (quanto menos danos, mais pontos); tempo (quanto menos tempo gasto, mais pontos); e perfeição (se nada no cenário for destruído, você ganha esses pontos)
Rayman 2 - The Great Escape (USA) (En,Fr,De,Es,It)	Rayman 2: The Great Escape é videojogo de ação-aventura desenvolvido pela Ubi Soft Montpellier e publicado pela Ubi Soft; é a sequência de Rayman. Foi lançado para Nintendo 64 em 1999. Entre nesse mundo de aventura de ação 3D de incrível belo e desafiador. Os piratas escravizaram o mundo e apenas a velocidade, a agilidade e os poderes mágicos de Rayman poderá salvar a todos. Corra e batalhe através de 45 áreas intrinsecamente desenhadas - florestas tropicais, selvas, desfiladeiros estreitos, até mesmo no poderoso navio pirata.
Razor Freestyle Scooter (USA)	O Razor Freestyle Scooter é um jogo de esportes radicais lançado para o Nintendo 64 em 2001. Um robô gigante enlouquecido raptou seus amigos de patinação. Ao completar os desafios de patinação na fortaleza do céu do robô, você deve resgatar seus amigos. Você patina em torno de 3 grandes áreas e tenta realizar truques selvagens, colecionar rodas de scooter e ganhar tempo de bônus. Ao completar um objetivo em todas as 3 áreas, você desbloqueia um nível de fortaleza do céu no qual você pode resgatar um novo skatista para controlar. A jogabilidade baseia-se fortemente na série de jogos Tony Hawk. Os truques consistem em prensas de botão e direção, e podem ser agrupados com grinds para criar combos de alta pontuação.
Re-Volt (USA)	Re-Volt é um jogo de videogame de corrida de carros por controle remoto lançado pela Acclaim Entertainment em 1999 lançado para Nintendo 64. Modos de jogo único e multiplayer para escolher, onde você completa uma única pista enquanto compete com vários oponentes controlados pelo computador; um campeonato, onde você tenta completar uma série de corridas na esperança de terminar no topo; e Multiplayer, onde você joga com adversários ao vivo. Há também um contra-relógio, em que você está sozinho na pista e simplesmente tenta obter o melhor tempo possível; um modo Practice, onde você é livre para percorrer uma pista para aprender sua estrutura e atalhos; e a Stunt Arena, onde você dirige em torno de uma arena especial e tenta coletar estrelas em lugares de difícil acesso.
Ready 2 Rumble Boxing (USA)	Ready 2 Rumble Boxing é um jogo de boxe desenvolvido pela Midway Studios San Diego, publicado pela Midway Games e publicado em 2000 para o Nintendo 64. É um jogo de boxe estilo cartoon com muitos personagens estranhos para escolher com habilidade próprias e combate no ringue. Você pode treinar seu personagem até o melhor de sua habilidade e depois lutar com os melhores do mundo pelo cinturão de campeão.
Ready 2 Rumble Boxing - Round 2 (USA)	Ready 2 Rumble Boxing é um jogo de boxe desenvolvido pela Midway Studios San Diego, publicado pela Midway Games e publicado em 2000 para o Nintendo 64. A jogabilidade no jogo é semelhante à do jogo anterior. Quanto mais golpes consecutivos o jogador atingir consecutivamente, letras que soletram &quot;RUMBLE&quot; aparecerão abaixo do lado do jogador na tela. Cartas também aparecem quando o lutador insulta seu oponente. Uma vez que a palavra é formada, ataques poderosos podem ser ativados, o que quase derrubará o oponente. Desta vez, no entanto, existem três níveis de &quot;RUMBLE&quot;, que se acumulam um após o outro. Se o jogador conseguir um combo com seu RUMBLE Meter completo no terceiro nível (onde as letras começam a fumar), o golpe final pode lançar o oponente fora do ringue, dando ao jogador uma vitória instantânea.
Resident Evil 2 (USA)	Resident Evil 2, conhecido no Japão como Biohazard 2 é um jogo eletrônico de survival horror lançado para o Nintendo 64 em 1999. Portado pela desenvolvedora Angel Studio como o segundo título da série Resident Evil mantendo todo o conteúdo da versão de Playstation, sua história se passa dois meses após os eventos do primeiro jogo. A jogabilidade de Resident Evil 2 centra-se na exploração, solução de quebra-cabeças e combate, apresentando elementos típicos do gênero survival horror, tais como munição e salvamentos limitados. A principal diferença do jogo com seu antecessor é o &quot;Sistema Zapping&quot;, que fornece a cada personagem história e obstáculos únicos. O jogo se passa dois meses após os acontecimentos de Resident Evil,na cidade de Raccon City, localizada na região centro-oeste dos Estados Unidos. Quase todos os seus cidadãos foram transformados em zumbis por um surto do T-virus, um novo tipo de arma biológica secreta desenvolvida pela empresa farmacêutica Umbrella Corporation. Os protagonistas são Leon S. Kennedy, um policial novato em seu primeiro dia na força local, e Claire Redfield, uma estudante universitária à procura de seu irmão Chris.
Road Rash 64 (USA)	Road Rash 64 é um jogo de corrida desenvolvido pela Pacific Coast Power and Light e publicado pela THQ para a Nintendo 64. O jogo é o quinto de seis lançamentos da série Road Rash, a única entrada a ser publicada pela THQ e o único a ser lançado para a plataforma Nintendo 64. Durante a corrida, o jogador tem a opção de socar ou usar armas para atacar outros pilotos, para retardar seu progresso. O objetivo final é colocar em primeiro lugar na corrida e causar danos aos outros, a fim de ganhar mais dinheiro para atualizar a moto do jogador. Por outro lado, o pior cenário é ser &quot;preso&quot; pelos policiais, que intervêm quando as situações ficam muito agitadas ou os corredores os prejudicam, o que custa dinheiro ao jogador. Se o jogador não puder pagar a multa, esse jogo acaba. Em uma situação semelhante, também era possível perder sem ser preso; Se os danos de um jogador se tornarem suficientemente graves, a motocicleta será enviada a um mecânico que cobrará peças e mão-de-obra para voltar ao jogo. Ser incapaz de pagar a conta do mecânico teve as mesmas conseqüências de ser preso e incapaz de pagar.
Roadsters (USA) (En,Fr,Es)	Roadsters é um jogo de corrida lançado pela Titus Software em 2000 para o Nintendo 64, aperte o cinto e prepare-se enquanto segura o volante de um roadster super-carregado, asfalto e chutado. Passeie por uma das dez pistas diferentes de adrenalina a 200 km / h. Sinta o vento arrancando o cabelo das raízes. Bata cotovelos com a concorrência. Você está em um foguete sem teto. Você está correndo, baby! Ganhe corridas. Ganhe em dinheiro. Transforme seu Roadster em um monstro, porque você precisará de toda a ajuda que conseguir. Aqui as velocidades são mais rápidas, as curvas são mais apertadas e se você piscar, você está em atropelamentos!
Robotech - Crystal Dreams (USA) (Proto 2)	Robotech: Crystal Dreams foi um videogame Robotech cancelado para o Nintendo 64 desenvolvido pela GameTek. A Crystal Dreams era basicamente um jogo de simulação de caça espacial com alguns elementos de gerenciamento de recursos. O principal protagonista trabalhou como mercenário e conseguiu obter diferentes números de créditos com base no tipo de missões cumpridas. Entre os níveis, o jogador retornaria à base e seria capaz de interagir com uma variedade de outros personagens, comprar atualizações e modificar seu mecha. O jogo também tinha uma linha de tempo de guerra contínua onde o jogador podia obter relatórios do que estava acontecendo em vários locais do espaço, e poderia correr para ajudar aqueles que mais precisavam de sua ajuda e receber mais créditos por isso. O mecha pode ser transformado em três formas diferentes: &quot;modo Fighter&quot;, &quot;modo Guardian&quot; e &quot;modo Battloid&quot;.
Robotron 64 (USA)	O retro shooter retorna com a mesma jogabilidade viciante do jogo arcade original, mas agora com o poder adicional do Nintendo 64. O objetivo do jogo é simples. Atire em todos os inimigos em cada grade, salvando os humanos da morte certa. Poderes e itens podem ser escolhidos para aumentar sua habilidade de atirar e acelerar, e quanto mais você for no jogo, mais inimigos atacam e mais difícil é salvar os humanos. As opções incluem a capacidade de conectar um segundo controlador N64 para controle adicional do personagem na tela do jogo (ou seja, dois sticks analógicos). O novíssimo motor 3D, que ostenta gráficos com estilo semelhante, que remetem ao clássico dos anos 80, também apresenta texturas mais completas e maior mobilidade para o personagem.
Rocket - Robot on Wheels (USA)	O Whoopie World, o maior parque de diversões de todos os tempos, está pronto para abrir, mas o mascote do segundo banana park, Jojo the Raccoon, ficou louco. Ele assumiu o parque! Rocket, o mais avançado robô de parques de diversões de todos os tempos, pode salvar o dia? Rocket é uma maravilha de uma roda com foguetes impulsionadores de salto duplo e 7 carros legais para dirigir. Ele tem um raio trator que pode pegar quase qualquer coisa, balançar de bordas, árvores, até atirar e congelar objetos. Rocket tem os movimentos e ele tem as ferramentas para fazer as coisas direito.
RR64 - Ridge Racer 64 (USA)	Ridge Racer 64 é um jogo de corrida desenvolvido pela Namco e Nintendo Software Technology para o Nintendo 64 e lançado em 2000. Sua primeira aparição em um console da Nintendo, incluindo todas as ações rápidas, pick up e play vistas anteriormente na série no Playstation e em arcades. O RR64 inclui três faixas, cada uma com três variações, perfazendo um total de nove faixas. 25 carros estão em oferta, cada um com diferentes habilidades de potência e velocidade. Os modos single player e multiplayer estão incluídos. Bata o relógio e chegue à linha de chegada primeiro para ganhar.
Rugrats - Scavenger Hunt (USA)	Rugrats: Scavenger Hunt é um jogo interativo desenvolvido pela Realtime Associates para o Nintendo 64 em 1999. O jogo possui três tabuleiros de jogo. Angelica Temple of Gloom que tem um cenário asteca, Pirate Treasure Hunt onde os bebês mergulham debaixo d'água para encontrar tesouros escondidos perto de um navio afundado, e Reptar Rally, que é o único palco que transforma os bebês em dinossauros (lembrando a forma de Reptar). O jogo pode ser jogado com até quatro jogadores (ou jogadores NPC). a cada turno, você pode se mover com o maior número de passos do spinner (um substituto para os dados). Algumas peças têm ações especiais associadas a elas que permitem avançar ou ganhar ou perder cookies. Cada Rugrat também tem energia limitada, quando eles se movem muito eles se cansam e têm que tirar uma soneca para recuperar energia. Você pode coletar Cartas de Brinquedo para abrir portas ou usar contra amigos para ganhar vantagem.
Rugrats in Paris - The Movie (USA)	Rugrats in Paris: The Movie é um jogo baseado no filme de mesmo nome da série animada da Rugrats. O jogo segue as aventuras de um grupo de crianças pequenas em um parque temático europeu. O jogo foi lançado em 2000 para Nintendo 64 . O pai de Tommy Pickle foi enviado para a Europa para trabalhos de manutenção na EuroReptarland. Os Rugrats se juntam a ele em sua viagem para a Europa. Existem 16 níveis e nível de bônus escondido para jogar. O jogo consiste em vários mini-jogos que precisam ser completados para ganhar ingressos suficientes para vencer o jogo. A maioria dos ingressos, no entanto, pode ser coletada apenas correndo ao redor do parque e pegando-os. Os ingressos podem ser usados para comprar prêmios. Há dez mini-jogos, incluindo whack-a-ninja, carros de choque e minigolfe.
Rush 2 - Extreme Racing USA (USA)	Performance ... Adrenalina ... Velocidade! Estes são os ingredientes da próxima geração do Rush Mania! Sinta o Rush mais uma vez enquanto você atravessa alguns dos pontos mais quentes da América! Você quer saltos que desafiam a morte e atalhos traiçoeiros? Você vai encontrá-los, juntamente com muito mais, em 8 novos locais! Hora de polir sua velocidade habilidades de condução demônio! Você estará fumando as armas de radar em lugares como Las Vegas, Nova York, Havaí, Los Angeles e Seattle. E, claro, há aquele cantinho conhecido como Ilha de Alcatraz. Sim, estamos falando sobre o The Rock.
S.C.A.R.S. (USA)	S.C.A.R.S. é um videogame de corrida com carros que têm a forma de animais. Foi lançado no Nintendo 64 em 1998nnNo mundo de 3000 dC, o mundo é gerenciado por 9 supercomputadores diferentes, que estão terrivelmente entediados, então criaram essa simulação de realidade virtual para competir entre si. Os carros são baseados nos atributos de animais terrestres extintos. Corrida nove carros diferentes (alguns precisam ser desbloqueados) em nove pistas diferentes. Você pode correr ou pode atirar nos seus adversários com nove armas diferentes. Abundância de opções multiplayer.
San Francisco Rush - Extreme Racing (USA) (En,Fr,De)	Coloque o pedal no metal, fume os pneus e derrube a velocidade com o San Francisco Rush! Vá para a estrada em um dos oito carros de corrida exclusivos classificados em quatro classes de desempenho distintas. Queime borracha através das colinas e marcos modelados em 3D de São Francisco. Escolha entre seis faixas detalhadas que podem ser ajustadas com as opções &quot;Espelho&quot; ou &quot;Para trás&quot; dos jogos, num total de 24 pistas incríveis! Atalhos escondidos espetaculares em cada faixa!
San Francisco Rush 2049 (USA)	San Francisco Rush 2049 é o terceiro jogo da série Rush, sequela de San Francisco Rush e Rush 2: Extreme Racing USA, que apresenta uma representação futurista de San Francisco e um motor de física estilo arcade. Ele também possui um modo multiplayer para até quatro jogadores e compatibilidade com Rumble Pak no porto do Nintendo 64. Uma grande diferença no jogo em comparação com os antecessores da série é a capacidade de estender as asas dos carros no ar e deslizar . Tal como acontece com os títulos anteriores da franquia, o Rush 2049 apresenta um modo de acrobacias em que o jogador ganha pontos por manobras complexas no ar e aterragens bem sucedidas. Há também um modo de batalha multiplayer de combate à morte. Existem seis pistas de corrida, quatro cenários de acrobacias, oito cenários de batalha e uma pista de obstáculos destratável chamada The Gauntlet.
Scooby-Doo! - Classic Creep Capers (USA)	Scooby-Doo! Clássico Creep Capers é um jogo de plataforma publicado pela THQ para o Nintendo 64 baseado no desenho animado de Hanna-Barbera Scooby-Doo, Where Are You! Scooby e sua turma enfrentam alguns vilões clássicos de todos os tempos, incluindo O Feiticeiro, O Cavaleiro Negro e O Fantasma da Neve. Ajude a guiar Scooby e sua turma através de três episódios clássicos e um episódio totalmente novo. É o seu trabalho para procurar pistas e desmascarar os vilões macabros!
SD Hiryuu no Ken Densetsu (Japan)	O SD Hiryu no Ken Densetsu é um jogo de ação, desenvolvido e publicado pela Culture Brain, lançado no Japão em 1999. S.D. Hiryu no Ken Densetsu é um jogo de luta 3D com rolagem lateral, usando personagens característicos de anime em formato SD(super deformed), podendo usar técnicas especiais.
Sesame Street - Elmo's Letter Adventure (USA)	Pré-escolares estão em um bom tempo embalado alfabeto-embalado. Junte-se a Elmo e seus amigos da Vila Sésamo em maravilhosas aventuras de ação em 3D enquanto ele mergulha, dirige e explode em um mundo de diversão de videogames de cores vibrantes! Ajuda crianças de 3 a 6 anos com reconhecimento de letras e habilidades básicas de ortografia. Três níveis de habilidade facilmente ajustáveis pelo pai ou filho. Apresenta vozes do amado programa de TV.
Sesame Street - Elmo's Number Journey (USA)	Elmo's Number Journey é um videojogo de 1999 da Sesame Street em que Elmo explora a Vila Sésamo e coloca-o para além numa missão de recolha de números. O jogo foi desenvolvido pela Realtime Associates Inc. para o sistema de videogame Nintendo 64 e publicado pela NewKidCo, com a Ubisoft Entertainment publicando o jogo na Europa. Um jogo de companhia, Elmo's Letter Adventure, também foi lançado em 1999. Pré-escolares estão em um bom tempo embalado número maravilhoso. Explore mundos mágicos com Elmo e seus amigos da Vila Sésamo enquanto ele pratica snowboard, jetskis e se lança em uma emocionante aventura de videogame! Ajuda crianças de 3 a 6 anos com reconhecimento de números e habilidades básicas de matemática. Três níveis de habilidade facilmente ajustáveis pelo pai ou filho. Apresenta vozes do amado programa de TV.
Shadow Man (USA)	Shadow Man é um Video jogo desenvolvido pela Acclaim Studios Teesside e publicado pela Acclaim Entertainment. Foi desenhado por Guy Miller e Simon Phipps e é vagamente baseado na série de quadrinhos Shadowman publicada pela Valiant Comics. O jogo foi lançado em 1999 para Nintendo 64, tendo uma versão traduzida e dublada. Shadow Man gira em torno de um homem de nome Michael LeRoi (Mike), um ex-estudante de Literatura inglesa transformado no Shadow Man, um guerreiro Vodu. Dez anos antes dos eventos que ocorrem no jogo, Mike foi reprovado nas aulas e seus hábitos de apostar esgotaram suas economias, forçando-o a trabalhar como um motorista de táxi em Chicago, tudo isso enquanto mantinha seu fracasso em segredo da sua família em Nova Orleans. Uma noite, durante um desembarque rotineiro, seu passageiro foi morto em um tiroteio, deixando para trás uma maleta com 20,000 dólares. Mike pegou o dinheiro e voltou para casa para gastar com sua família, usando-o entre outras coisas, para pagar a operação de seu irmão caçula Luke. Entretanto, a gangue envolvida no tiroteio o caçou e começou a fazer ameaças para ele e sua família. Em desespero, Mike pediu proteção contra os ataques da gangue a um bokor. A proteção funcionou, mas apenas para ele; a família inteira de Mike foi morta, e ele sobreviveu, porém a beira da morte.
Shadowgate 64 - Trials of the Four Towers (USA) (En,Es)	Um antigo mal agita. Alcançando além do túmulo, isso distorce as mentes dos homens que o liberariam. Em breve, muito em breve, o temido Senhor Bruxo será novamente solto na terra. Desta vez não há ninguém para pará-lo. Ninguém, exceto um infeliz Halfling, preso no meio dos eventos cataclísmicos que acontecem nas ruínas do Castelo de Shadowgate ... Esta nova aventura o leva de volta ao mundo do premiado computador e da obra prima do NES. Um mundo mágico agora em torno de você em pleno esplendor 3D. Um mundo de maravilhas, que convida você a desvendar seus mistérios.
Shin Nihon Pro Wrestling Toukon Road - Brave Spirits (Japan)	Jogo de Wrestling baseado no Campeonato Japonês. Foi seguido em N64 por Shin Nihon Pro Wrestling Toukon Road 2 - A próxima geração. Se você gosta de jogos de luta livre com grandes shows esse é feito para você, com golpes e manobras incríveis torne-se o grande campeão da categoria
SimCity 2000 (Japan)	O SimCity 2000 é o sucessor do jogo de simulação de cidades da cidade de Sim City. Você é mais uma vez o prefeito, mas desta vez você pode personalizar totalmente o terreno antes de construir sua cidade. Os gráficos são isométricos, enquanto o original tinha gráficos exibidos de uma forma top-down. Este título acrescenta inúmeras características sobre o original, como a capacidade de construir zonas &quot;leves&quot;, metrôs, hospitais, faculdades, zoológicos e arcos que são, na verdade, cidades nas cidades. Agora você pode dar nomes a lugares e sua cidade é cercada por cidades vizinhas com as quais você pode fazer comércio. Finalmente, em vez da pesquisa no primeiro jogo, você agora tem a opção de ler vários jornais para ter uma ideia do seu progresso.
SimCopter 64 (USA) (Proto) (E3 1997)	SimCopter foi um jogo de simulador de helicóptero de 1996 desenvolvido pela Maxis e publicado pela Electronic Arts. O jogo era exclusivo para PC, mas originalmente deveria haver uma porta para o Nintendo 64 intitulada SimCopter 64
Snowboard Kids (USA)	Snowboard Kids é um Jogo eletrônico publicado pela Atlus e desenvolvido pela Racdym lançado para Nintendo 64 em 12 de dezembro de 1997 no Japão, 3 de maio de 1998 na América do Norte e na Austrália e Reino Unido em 23 de abril de 1998. Snowboard Kids é um jogo que você pode joga de 1 jogador até 4 jogadores (Solo até Multiplayer). Você pode jogar com 5 personagens e 1 secreto (Slash, Linda, Nancy, Jam, Tommy e Shinobin) que participam em corridas de snowboards. Você também pode fazer manobras ou Pegar Moedinhas pra ganhar Tricks Pts que são dinheiros pra juntar e comprar outras armas na gameplay como Neve Humana, Bombas, Gelo, Fantasmas, Panelas pra jogar nos seus oponentes, Pedras e etc. e até pra comprar niveis de snowboards no Menu.
South Park (USA)	South Park é um jogo de tiro em primeira pessoa. Baseado na série de televisão de mesmo nome, foi desenvolvido pela Iguana Entertainment e publicado pela Acclaim em 1998 na América do Norte e em 1999 na Europa. Um cometa gigante está indo em direção a South Park e cabe a você salvá-la! Cuidado com sondas anais alienígenas, clones do mal e perus dementes! É o único jogo grande o suficiente para a ... gorda do Cartman!
South Park - Chef's Luv Shack (USA)	South Park: Chef's Luv Shack é um jogo de videogame de festa em estilo de jogos 2D baseado no programa de televisão South Park. Foi lançado em 1999 para o Nintendo 64. Todos os seus personagens favoritos de South Park estão esperando por você no Chef's Luv Shack. Espalhando o jogo quente amanteigado com dezenas de minijogos malucos. Teste seu conhecimento de South Park com perguntas triviais. E dizendo isso como se fosse com insanas insinuações! Com vozes autênticas de South Park, incluindo Isaac Hayes como Chef!
South Park Rally (USA)	O South Park Rally é um videogame de corrida estilo kart baseado na série de comédia animada americana South Park. Escolha o seu personagem do elenco do popular desenho animado 'maduro' South Park e atravesse as ruas neste jogo de corrida. O veículo do seu personagem pode ser um carrinho, triciclo ou caixa, por exemplo. Armas incluem rockets, Salty Balls, Cheesy Poofs, a amada vaca e até mesmo uma sonda anal. Todas as vozes também estão incluídas, fazendo com que se pareça mais com o desenho animado real do que com um jogo de rally. Você também pode jogar um modo all-on-all de 4 jogadores.
Space Invaders (USA)	Atenção todos os terráqueos! Hordas alienígenas implacáveis foram identificadas perto de você. Esteja ciente - a atualização clássica de arcade provou ser ainda mais perigosamente viciante do que nunca. Space Invaders leva a lendária franquia arcade a novos patamares com gráficos 3D fora do comum, efeitos especiais explosivos, potência de fogo aprimorada, cinemática de alta resolução e modos multijogador frenéticos em mundos espaciais graficamente ricos. Classic Arcade Action: Adora 100 níveis de jogabilidade clássica estilo shoot e dodge agora em 3D e atualizada com uma série de recursos inovadores! Visite uma variedade de mundos espaciais, incluindo Plutão, Saturno, Marte e Terra - cada um com terreno dinâmico e elementos de fundo interativos.
Spider-Man (USA)	Spider-Man é um jogo de ação baseado no personagem mais famoso da Marvel Comics, Homem-Aranha. O jogo foi desenvolvido pela Neversoft com a engine de Tony Hawk's Pro Skater. Lançado originalmente para Playstation e Nintendo 64. A história começa numa exposição de ciências onde o Dr. Otto Octávios dá uma palestra sobre um de seus projetos. Nesta feira, também se encontra Peter Parker e Eddie Brock, este tentando tirar fotos para recuperar o emprego no Clarim Diário. Então aparece um falso Homem Aranha que rouba o projeto de Octávios e destrói a câmera de Eddie para não ser flagrado, incriminando o Aranha original. Eddie, depois, revoltado contra o Aranha e seu chefe, J. Jonah Jameson, editor do Clarim, resolve se vingar e mais uma vez se transforma no Venom.
Star Fox 64 (USA)	Star Fox 64, também conhecido como Lylat Wars na Europa e Oceania (devido a problemas com direitos autorais). Ele foi lançado em 27 de Abril de 1997 no Japão, em 1º de Julho de 1997 na América do Norte e em 20 de Outubro de 1997 na Europa e na Austrália. Depois, ele foi importado ao console exclusivo da China iQue Player em 21 de Novembro de 2003. Além disso, ele foi planejado como um remake do jogo original Star Fox. Muitos aspectos deste jogo foram reaproveitados no projeto Star Fox 2, que seria lançado para o Super Nintendo mas foi cancelado pelos desenvolvedores, visto que o Nintendo 64 já estava quase chegando ao mercado. Star Fox 64 foi o primeiro jogo do Nintendo 64 a se utilizar do Rumble Pak, acessório que faz o controle tremer. A trilha sonora de Star Fox 64 foi composta por K?ji Kond? e Hajime Wakai. Algumas músicas deste jogo foram utilizadas novamente em outros jogos da franquia.
Star Soldier - Vanishing Earth (USA)	Star Soldier: Vanishing Earth é um jogo de 1998 desenvolvido e publicado pela Hudson Soft para a Nintendo 64. No ano de 2098, a humanidade havia sido criticamente atacada por uma força militar de Zeograd, um planeta hostil em uma galáxia distante. O Comandante Parker Deehan, da Força Aérea Especial de Interceptação (SIA), decidiu instalar e pilotar o caça F98 Star Soldier na linha de frente da batalha contra Zeograd. Perder a batalha significou a extinção da humanidade e a total aniquilação da Terra!
Star Wars - Rogue Squadron (USA)	Star Wars: Rogue Squadron é um jogo eletrônico de ação com estilo de arcade co-desenvolvido por Factor 5 e LucasArts. Sendo o primeiro de uma trilogia da série Rogue Squadron, foi publicado pela LucasArts e pela Nintendo, e lançado para Windows e Nintendo 64 em dezembro de 1998. Ambientado na galáxia fictícia da série Star Wars e inspirado pelo gibi Star Wars: X-wing Rogue Squadron, o jogo se passa majoritariamente entre os eventos dos filmes Star Wars Episode IV: A New Hope e The Empire Strikes Back. O jogador controla Luke Skywalker, comandante da elite de pilotos X-wing conhecida como Rogue Squadron. Ao longo do jogo, Skywalker e o Rogue Squadron lutam contra o Império Galáctico em dezesseis missões por vários planetas.
Star Wars - Shadows of the Empire (USA)	Star Wars: Sombras do Império é um jogo desenvolvido e publicado pela LucasArts. Principalmente um shooter na terceira pessoa, o jogo também utiliza vários tipos de sequências de combate veiculares. Há muito tempo atrás, em uma galáxia muito, muito distante ... Enquanto Luke Skywalker e a Aliança Rebelde lutam para derrotar Darth Vader e o Império, surge uma nova ameaça. Dark Prince Xizor, chefe do sindicato do crime Black Sun, aspira a tomar o lugar de Darth Vader ao lado do Imperador. Para fazer isso, ele deve eliminar o jovem Skywalker. Como Dash Rendar, cabe a você proteger Luke e ajudar a Aliança a derrotar o malvado Xizor. Cuidado com os infames caçadores de recompensas e as tropas de assalto mortais! Que a força esteja com você!
Star Wars Episode I - Battle for Naboo (USA)	Star Wars: Episódio I: Battle for Naboo é um jogo de acção co-desenvolvido pela Factor 5 e pela LucasArts. É uma sequela espiritual para o sucesso de Star Wars: Rogue Squadron lançado dois anos antes. Apesar das semelhanças entre os dois jogos, a equipe de desenvolvimento concebido um jogo melhor que Rogue Squadron. A Federação de Comércio deve ser parada! Tempestade através de mais de 15 missões por terra, mar e espaço como seus lutadores da liberdade se reúnem contra os exércitos droides. Assuma o controle de 7 veículos: o caça Naboo, Gian Speeder e novas embarcações, como a pesada STAP, a canhoneira Trade Federation e muito mais. Mais de 15 missões: fugir de Theed, procurar e destruir, sabotagem, reconhecimento, comboio. Batalha contra os combatentes dróides da Federação de Comércio, AATs, dróides destruidores, dróides de batalha.
Star Wars Episode I - Racer (USA)	Star Wars: Episode I Racer é um jogo de computador desenvolvido e publicado pela LucasArts em 1999. Nesse jogo de corrida, o jogador comanda um Pod Racer, e o objetivo é conseguir terminar o jogo, completando todas as fases, sendo que a última é com Sebulba. Junte-se a a Anakin Skywalker na corrida de Star Wars da sua vida! Reviva todas as emoções e excitação da sequência de Podracer de Star Wars: Episódio I. Aguente firme - com pós-combustores ligados, o Podracers atinge um máximo de 600 mph! Corrida em competição furiosa contra mais de 21 adversários! Assuma mais de 21 faixas em 8 mundos únicos. Evite perigos como lagos de metano, chuvas de meteoros e Tusken Raiders! Apresentando ambientes 3D espetaculares!
StarCraft 64 (USA)	Em um futuro distante, um pequeno grupo de exilados humanos foi condenado a lutar pela sobrevivência na periferia da galáxia. Através da força militar, espionagem e fraude, um governo unificado da terra manteve uma paz inquieta. Mas, à medida que recursos e combustível se tornam escassos, as nações confederadas se vêem olhando para os mundos ricos de seus vizinhos alienígenas, os enigmáticos Protoss. Para complicar ainda mais as coisas, parece que uma espécie anteriormente desconhecida, o zerg, entrou no espaço Protoss e está destruindo tudo em seu caminho. O tempo da guerra chegou.
Starshot - Space Circus Fever (USA) (En,Fr,Es)	Um passeio pelo cosmos com Starshot, o famoso malabarista do Circo Espacial. Sua coragem e habilidade serão desafiadas enquanto você luta para superar Wolfgang von Ravel, o chefe malvado de seu concorrente corrupto - o Virtua Circus. Só você pode salvar o Space Circus da extinção! Total liberdade de movimento em um mundo de ricos gráficos 3D! Starshot pode andar, correr, falar, pular, nadar e voar, enquanto atirando estrelas que ele pode controlar! Com mais de 300 personagens &quot;cósmicos&quot; de uma variedade de planetas!
Stunt Racer 64 (USA)	Stunt Racer 64 é um jogo de corrida para o Nintendo 64, desenvolvido pela Boss Studios, e publicado pela Midway para um lançamento norte-americano em 2000. Definido em algum momento não especificado no futuro, os veículos são adaptados com tecnologia futurista de motor e turbo, além de jatos montados para permitir que o carro realize acrobacias no ar. Essas acrobacias, incluindo flips, rolos de barril, etc., permitem que o jogador acumule recompensas em dinheiro durante as corridas nas pistas de levitação. O dinheiro acumulado é usado para comprar carros novos, bem como peças atualizadas para carros.
Super B-Daman - Battle Phoenix 64 (Japan)	Super B-Daman: Battle Phoenix 64 é um jogo de ação para o Nintendo 64. Ele foi lançado apenas no Japão em 1998 e é compatível com Super B-Daman: Fighting Phoenix. Jogo similar ao de acertar a toupeira com marreta mas utilizando bolinhas.
Super Bowling (USA)	Super Bowling é um jogo para Nintendo 64. Quatro oponentes controlados por computador estão disponíveis, dois femininos e dois masculinos. Existem três modos: Golfe, Normal e Prática onde o jogador constrói seus próprios cenários e práticas derrubando os pinos de boliche com uma ou duas bolas. Os jogadores podem jogar em vários ambientes diferentes, que vão desde lagoas de gelo a templos chineses iluminados por neon. Os jogadores podem enfrentar os personagens em seus estágios iniciais, muito parecido com um jogo de luta. Se o jogador vencer, ele poderá jogar nesses estágios em outros modos de jogo. Os modos para vários jogadores também estão disponíveis, com várias variações diferentes.
Super Mario 64 (USA)	Mario é super de uma forma totalmente nova! Combinando os melhores gráficos 3D já desenvolvidos para um videogame e uma trilha sonora explosiva, o Super Mario 64 se torna um novo padrão para videogames. Está repleto de batalhas contundentes, cursos de obstáculo assustadores e aventuras subaquáticas. Recupere as Power Stars de seus locais escondidos e enfrente seu arqui-inimigo - Bowser, Rei dos Koopas!
Super Robot Spirits (Japan)	Super Robot Spirits é um jogo 3D contra um jogo de luta para o Nintendo 64, baseado na linha de jogos Super Robot Wars. Foi lançado apenas no Japão em 1998. Considerou-se estranho o fato de que o Banpresto não incluiu o Mazinger Z ou o Getter Robot, que são a série mecha padrão. O jogo só foi lançado no Japão. O Super Robot Spirits foi um dos 80 melhores jogos do Nintendo 64 no Japão.
Super Robot Taisen 64 (Japan)	Super Robot Wars 64 é um RPG de estratégia para o Nintendo 64. Foi lançado apenas no Japão em 1999. O jogo pode fazer uso do Transfer Pak do Nintendo 64 com o jogo Game Boy Color Super Robot Wars: Link Battler. O jogador é capaz de escolher 4 enredos: Male Super Robot, Female Super Robot, Male Robô Real, Female Robô Real. Cada um tem um protagonista e rival.
Super Smash Bros. (USA)	Super Smash Bros., conhecido no Japão como Nintendo All Star! Dairanto Smash Brothers é um jogo de luta desenvolvido pela HAL Laboratory e publicado pela Nintendo para o Nintendo 64. Foi lançado no Japão em 21 de janeiro de 1999, na América do Norte em 26 de abril de 1999, e na Europa em 19 de novembro de 1999. Em Super Smash Bros., o jogador tem como objetivo jogar os adversários para fora da arena, em qualquer uma das 4 direções possíveis: cima, baixo, direita e esquerda. O dano de cada jogador, representado com porcentagens, é mostrado na interface. Quanto mais alto for o nível de dano, mais distância um mesmo golpe irá provocar, até fazer com que o personagem seja colocado de fora da tela, perdendo uma vida. O jogo difere da maioria dos jogos de luta tradicionais, que representam a energia dos jogadores em barras, e tem como objetivo subjugar o adversário. No modo Único Jogador, o jogador é apresentado a dez desafios que devem ser completados até chegar no último chefe, Mão Mestra (Master Hand).
Supercross 2000 (USA)	Este é um jogo de simulação de motocicleta Supercross, oficialmente licenciado pela AMA. Possui corridas através de 16 pistas reais do estádio, com comentários profissionais, e um modo de truques freestyle com faixas especiais. As motos têm física realista e inteligência artificial. 2 jogadores podem competir em tela dividida e o modo de repetição permite que você voe para qualquer lugar.
Superman - The New Superman Aventures (USA) (En,Fr,Es)	Superman: The New Adventures, geralmente referido como Superman 64, de 1999, é um jogo de aventura, desenvolvido e publicado pela Titus Software para o Nintendo 64. O jogo é baseado na série de televisão Superman: A Série Animada. O jogo normalmente é taxado como o pior jogo de Nintendo 64, tanto por usuários como pela crítica especializada. Lex Luthor o arqui-inimigo de Superman sequestrou seus amigos e os trancou numa em uma versão de realidade virtual de Metropolis construida por ele e Braniac, para enganar as pessoas da cidade. E Lois Lane e Jimmy Olsen são os primeiros a serem enganados. Usando todos os seus poderes (incluindo visão de calor, voo e visão de raios X), você deve lutar através do ar, do mar, dos níveis subterrâneos e internos de bandidos, chefes e elementos de quebra-cabeças para alcançar Lois e destruir a missão. de Lex. .
Susume! Taisen Puzzle Dama - Toukon! Marutama Chou (Japan)	Taisen Puzzle-Dama é uma série de quebra-cabeças desenvolvida pela Konami. A jogabilidade da série é semelhante a outros jogos de quebra-cabeça baseados em correspondência, como o Puyo Puyo, sendo um jogo de batalha entre um jogador e um oponente humano ou do CPU. As bolas vão descer pela tela, nas cores vermelho, amarelo, azul ou verde. Estas bolas podem ser &quot;bolas grandes&quot; ou &quot;pequenas bolas&quot;, o último dos quais aparecem &quot;bloqueados&quot; em caixas quadradas. Bolas grandes são limpas se três ou mais estiverem tocando na horizontal ou na vertical. Quando uma bola grande é liberada ao lado de uma pequena bola, essa pequena bola é &quot;desbloqueada&quot; e se torna uma grande bola, e assim pode ser correspondida. Se uma combinação de partidas ocorrer, essas bolas serão convertidas em &quot;bolas de ataque&quot;, o que resulta em pequenas bolas sendo adicionadas ao lado do oponente, em um padrão diferente para cada personagem.
Sydney 2000 (USA) (Proto)	Experimente os Jogos Olímpicos de Sydney 2000. Treine sua mente e corpo para competir no ginásio virtual. 4 modos de jogo: Olímpico, Arcade, Head-to-Head ou Coaching. Competir em intensa ação multiplayer para até 4 jogadores. Apresentação em estilo de TV com os comentaristas dos campeões olímpicos Dwight Stones e Marty Liquori. 32 países representados em 12 eventos de poder, resistência, precisão e habilidade.
Tarzan (USA)	Tarzan é um jogo de plataforma desenvolvido pela Eurocom para Nintendo 64 e distribuido pela Activision em 1999. O jogo se trata do filme de animação Tarzan da Disney, com gráficos cartunescos e ação lateral 2.5D. O jogo coloca você em um papel de Tarzan, um futuro rei da selva, te leva a um monte de níveis de missões onde você pode coletar moedas, mapear peças, cartas de 'TARZAN' e outras coisas, bem como te chamar de amigo macaco de tempos em tempos, isso te dará uma breve explicação das coisas que estão por aí. Após cada nível completo, haverá animações breves que provavelmente tiraram do desenho animado da Disney, algumas dessa animações podem ser desbloqueadas acessando áreas secretas dentro do jogo.
Taz Express (Europe) (En,Fr,De,Es,It,Nl)	Taz Express é um videogame para o Nintendo 64, que foi lançado apenas na Europa em 2000. Taz é um conhecido personagem da Warner Brothers no qual este jogo se expande. O jogo de quebra-cabeças 3D mostra o Taz entregando caixas em 25 níveis e 5 mundos de jogo, incluindo Marte, Bushlands, Monument Valley e o Velho Oeste. Gire, corra, salte em arranha-céus, pule com vários dispositivos elásticos, nade e voe com um jetpack através de níveis para completar tarefas e quebra-cabeças nos ambientes coloridos de desenhos animados. Complete o jogo quatro vezes para destravar todos os segredos e descobrir o que está na caixa que o Taz está entregando.
Tetrisphere (USA)	etrisphere é um jogo de quebra-cabeça de blocos em queda para o console Nintendo 64. Desenvolvido pela empresa canadense H2O Entertainment, Tetrisphere adiciona uma nova dimensão ao clássico jogo de Tetris. Como de costume, você deixa cair peças no campo de jogo para eliminar os blocos e limpar o campo. Desta vez, no entanto, o campo de jogo é uma esfera, e você deve virar a esfera para encontrar um lugar para soltar as peças e, eventualmente, chegar ao núcleo para ganhar. Ao limpar o campo, certos movimentos podem revelar itens mágicos para ajudar a chegar ao núcleo (foguetes, dinamite, etc.).
Tigger's Honey Hunt (USA)	Honey Hunt de Tigger é um jogo de vídeo que foi lançado em 2000 para o Nintendo 64, é um jogo de ação de plataforma no qual o jogador guia o Tigger através de nove níveis. Em seis níveis, o objetivo é coletar uma quantidade mínima pré-determinada de potes de mel, a fim de obter acesso ao próximo nível. Nos outros três níveis existem mini-jogos como Rock-Paper-Scissors, para jogar contra outros personagens do mundo de Winnie the Pooh. Tigger é capaz de pular horizontalmente e verticalmente (ainda mais depois de ter aprendido habilidades especiais), usar teias de aranha para pular para áreas mais altas ou atravessar a água ou abismos com a ajuda de tartarugas ou folhas levitando. Começando com três vidas, Tigger precisa evitar ser tocado por criaturas perigosas como abelhas ou cair em abismos. Quando não há mais vidas, Tigger reinicia no último checkpoint que foi passado.
Tom and Jerry in Fists of Furry (USA)	Tom and Jerry in Fists of Fury é um jogo de luta para o Nintendo 64 lançado em 12 de Novembro de 2000. Combates um-contra-um! Torneios de time de tag! Basta escolher o seu personagem e, em seguida, selecione o local. Todos os ambientes são modelados após cenas de seus episódios favoritos de Tom & Jerry. Um line-up &quot;All-Star&quot; de personagens como Tom, Jerry, Butch, Spike, Tuffy e Duckling ajudam a tornar esta a derradeira experiência Tom & Jerry! Armas incluem pás, bombas, pokers quentes, raquetes de tênis, móveis e uma variedade de frutas, além de inúmeros outros truques, armadilhas e surpresas a serem encontradas. Não há nada melhor que isso. Então vá para o seu canto, espere a campainha e saia lutando. Fique de olho em você, porque ninguém luta de maneira justa neste jogo!
Tom Clancy's Rainbow Six (USA)	Tom Clancy's Rainbow Six é um jogo de FPS e o primeiro da série Rainbow Six e desenvolvido e publicado pela Red Storm Entertainment para o Nintendo 64 em 1999, resgate reféns dos terroristas, mas à medida que avança, descobre que há coisas maiores em jogo. Rainbow Six reinventou o gênero de tiro em primeira pessoa com armas e táticas realistas. Você deve usar a inteligência existente, como layouts de planta baixa para planejar seu ataque. Você pode usar até quatro equipes, com uma variedade de equipamentos, desde coletes simples até biosuits, kit de rompimento e muito mais. Há muitas armas diferentes disponíveis, desde pistolas até metralhadoras, espingardas e granadas. Você pode alternar entre equipes diferentes, conforme necessário, ou deixá-las sob controle da IA. Coordenar equipes diferentes com códigos de acesso. Rainbow Six também possui um multiplayer robusto com variedade de mapas e tipos de missão para escolher e uma variedade de terroristas ou realize missões secretas.
Tommy Thunder (USA) (Proto) (1997-10-01)	Tommy Thunder é um shooter na terceira pessoa em desenvolvimento para o Nintendo 64 dos estúdios do Player 1, mas nunca foi lançado. O jogo é um shooter de plataforma onde você mata insetos gigantes em grandes ambientes em um planeta alienígena, o jogo não tem sua historia você inicia diretamente(protótipo).
Tonic Trouble (Europe) (En,Fr,De,Es,It)	Tonic Trouble é um jogo eletrônico de ação e aventura desenvolvido pela Ubisoft Montreal e publicado pela Ubisoft. O jogo foi lançado para Nintendo 64 em agosto de 1999. Ed, o amigável zelador do espaço alienígena, acidentalmente deixou cair uma lata de &quot;tônico&quot; na Terra, causando um grande desastre ecológico. Tudo começou a mudar! Ed é ordenado a limpar o local e recuperar o tônico, mas alguém o pegou primeiro ... E ele se declarou Mestre da Terra! Pode Ed sobreviver ao ataque dos legumes assassinos, encontrar os seis itens que ele precisa para consertar a Terra, e recuperar a lata Tônica de Grogh, o Inferno, e finalmente sair de Tonic Trouble?
Tony Hawk's Pro Skater (USA)	O Pro Skater de Tony Hawk é uma simulação de skate na qual você controla uma famosa estrela de skate em ambientes 3D. Cada área de jogo contém uma infinidade de objetos como rampas, trilhos e half-pipes que podem ser usados ??para executar truques. Cada manobra que você faz você ganha mais pontos por sua pontuação. O jogo é dividido em dois tipos de níveis. No primeiro, você anda de skate por locais como um shopping, uma rua da cidade ou um depósito. Em cada uma dessas áreas, existem 5 metas para você completar. Alguns objetivos envolvem obter uma pontuação alta, outros esmagando objetos e alguns objetos colecionáveis. Para cada meta que você completa, você ganha uma fita de vídeo. Ao coletar fitas de vídeo suficientes, você desbloqueia níveis e skates para você usar. Existem 6 níveis como este. O segundo tipo de nível é uma competição. Você pode fazer 3 corridas cronometradas em uma pista de skate e tentar obter a maior pontuação possível. Se você fizer bem o suficiente, você vai bater as pontuações dos patinadores controlados por computador e ganhar uma medalha. Existem 3 níveis como este.
Tony Hawk's Pro Skater 2 (USA)	Tony Hawk's Pro Skater 2 é o segundo jogo da série Tony Hawk. Foi desenvolvido pela Neversoft e publicado pela Activision em 2001. A sequência do premiado título PSX e N64, Tony Hawk 2, acrescenta montes de novas manobras, assim como os do original, e uma lista completa de todos os maiores skatistas do mundo. Voe através de alguns dos maiores parques de skate do mundo, ou crie os seus próprios, e compartilhe-os com seus amigos. Você também pode criar seu próprio skatista, com opções de roupas e skates oficiais. Gráficos melhorados e uma escolha de música alternativa ou de hip-hop aumentam as infinitas opções e a ação completa.
Tony Hawk's Pro Skater 3 (USA)	O Tony Hawk retorna, um novo line-up de pistas para competir e um novo nível de gráficos. O line-up de skatistas incluem Elissa Steamer, Jamie Thomas, Steve Caballero, Rune Glifberg, Andrew Reynolds, Rodney Mullen, Eric Koston, Chad Muska, Bucky Lasek e Bam Margera da MTV Jackass (e Tony Hawk, claro). O modo de criação de um skater retorna, permitindo ainda mais níveis de opções para o seu personagem, como adicionar óculos e tatuagens a mudar a cor das joelheiras e cotoveladas ou até mesmo o cabelo. E os níveis em si pelos quais você deve andar agora são mais interativos, com carros e humanos bloqueando caminhos e fazendo barulho enquanto você corre para fazer o maior número de pontos possível. Use itens nas ruas ou no parque para pular de cima para cima para aumentar sua pontuação e extrair o máximo de truques malucos e malucos que você puder.
Toon Panic (Japan) (Proto)	Toon Panic é um jogo N64 original. É um jogo de luta de arena 3D no espírito de Power Stone no Dreamcast. O jogo nunca foi lançado devido à falência de seu desenvolvedor, Bottoms up. Infelizmente, o jogo está longe de estar completo.
Top Gear Hyper-Bike (USA)	Top Gear Hyper-Bike é um jogo de corrida de motocicleta para Nintendo 64, desenvolvido pela Snowblind Studios e publicada pela Kemco. O jogo foi lançado em 2000. Coleção de motos de topo de vôo e bicicletas de rua, Dirt-bike racing permite que você faça truques durante as corridas para aumentar a quantidade de turbo disponível, alternando entre as diferentes motos disponíveis para cada circuito. Competir por pontos para melhorar seu desempenho geral de bicicletas ou comprar uma moto global melhor. O &quot;Attack Mode&quot; de truque permite que você simplesmente se concentre em extrair o maior número possível de truques malucos, enquanto você pode criar sua própria faixa especial, com saltos e curvas fechadas, com o editor de pistas.
Top Gear Overdrive (USA)	Top Gear Overdrive é um jogo de corridas lançado em 1998 para o Nintendo 64 e a continuação do Top Gear Rally. O jogo tem suporte para gráficos de alta resolução, se usado com o Expansion Pak e apresenta música da banda Grindstone. Corrida através de seis pistas abertas com muitos dos carros de corrida de alta velocidade modernos. Quanto melhor você fizer em cada corrida, mais dinheiro você terá para comprar carros mais rápidos ou melhorar o seu carro. Os atalhos enchem as faixas, enquanto os impulsos de nitro ajudam você a realmente voar pelas principais retas. Até 4 jogadores podem competir juntos contra os pilotos controlados por computador nos modos de campeonato, bem como uns contra os outros seperatly
Top Gear Rally (USA)	Top Gear Rally é um jogo para o console Nintendo 64, produzido pela empresa japonesa Kemco. Trata-se da continuação da série Top Gear, permite a você percorrer uma coleção de pistas de alta velocidade, tanto na estrada quanto fora dela, com condições climáticas e atalhos variáveis para melhorar seus tempos. Os carros disponíveis para corrida variam em velocidade, freios, aceleração e classificações de velocidade máxima, e quanto mais você completar no modo Championship, melhores serão os carros desbloqueados para você correr. Você também pode editar o esquema de pintura de carros, incluindo texto e ícones. Multiplayer single player e split screen é suportado.
Top Gear Rally 2 (USA)	Top Gear Rally 2 é um jogo para o console Nintendo 64, produzido pela empresa japonesa Kemco e lençado em 2000. Trata-se da continuação do Top Gear Rally e continua com a mesma mecânica: corridas de rally com diferentes pistas e climas. Existem cerca de 30 carros para serem utilizados. Juntamente com a nova opção para se juntar a uma equipe de corrida de rally, que o apoia durante todo o campeonato em que você participa. O dinheiro arrecadado por cada vistory ou lugar no topo dos copos vai melhorar seu carro ou consertar qualquer problema. Se você tomar um rumo errado e danificar uma parte de seu carro (que pode ser qualquer coisa, desde pneus a um motor completo), os reparos saem do seu bolso, por isso, dirigir com cuidado é importante. Novos contratos de patrocínio e chamadas de equipe maiores também entrarão em jogo quanto melhor você correr, permitindo a chance de dirigir os mais poderosos carros de rally e jogar com muito dinheiro.
Toy Story 2 - Buzz Lightyear to the Rescue! (USA)	Toy Story 2: Buzz Lightyear to the Rescue é um jogo de plataforma baseado no filme animado da Pixar Toy Story 2 para o Nintendo 64 em 2000. A contagem regressiva para a aventura está ligada! Como herói espacial Buzz Lightyear, você tem as mãos cheias. Seu melhor amigo, Woody, foi sequestrado por um colecionador de brinquedos ganancioso e vai ser uma corrida contra o tempo para salvá-lo. Tudo depende de você ... Buzz Lightyear para o resgate! Gire, salte, dê cambalhotas e salte por 15 níveis coloridos e cheios de ação. Desbloquear acessórios de brinquedos especiais para completar suas missões, como botas de foguete legal! Desfrute de uma jogabilidade 3D rápida e divertida com os seus personagens favoritos do filme!
Transformers - Beast Wars Transmetals (USA)	Transformers: Beast Wars Transmetals é um jogo de luta estilo 1999 baseado na série de desenhos animados Beast Wars e na linha de brinquedos para o Nintendo 64. Agora, experimente uma batalha de Transformers que você nunca viu antes! Assuma o comando dos Heroicos Maximals e Evil Predicons enquanto lutam pela supremacia! Mais poderosos do que nunca, esses guerreiros cibertronianos podem se converter em três modos: animal, veículo e robô. Corra, exploda e transforme seu caminho para a vitória! Esmagar a concorrência com o incrível ataque Ultra Blast!
Triple Play 2000 (USA)	O Triple Play 2000 é um jogo esportivo de beisebol lançado para o Nintendo 64 é o único jogo da série Triple Play lançado para o Nintendo 64, onde foi lançado apenas na América do Norte. Esta iteração da linhagem de beisebol de Sculptured tem jogadores e times reais atualizados no momento da produção. Você pode jogar partidas individuais, uma temporada completa, os playoffs ou uma ação total do Home Run Derby. Seleção de equipe e transferências estão sob controle do jogador. Jim Hughson e Buck Martinez fornecem o comentário. Esta foi a primeira versão a suportar o jogo pela Internet no PC.
Turok - Dinosaur Hunter (USA)	Turok: Dinosaur Hunter é um jogo de tiro em primeira pessoa desenvolvido para o Nintendo 64 e foi lançado em 1997, baseado na revista em quadrinhos de mesmo nome da empresa Acclaim. Shooter de primeira pessoa em que os dinossauros são o seu principal inimigo. Inclui 14 armas de alta tecnologia, como o Quad Rocket Launcher e o Atomic Fusion Cannon. Você controla Turok, que deve enfrentar o Campaigner e seu dino altamente evoluído. O objetivo é coletar peças do Cronoscepter, que é a única arma que pode ajudar a destruir o ativista, e impedi-lo de usar o poder da arma para destruir a Terra Perdida.
Turok - Rage Wars (USA)	Turok: Rage Wars, se trata de um jogo de tiro em primeira pessoa com o foco voltado no modo multiplayer, o jogo suporta até quatro jogadores, que podem ser tanto bots, quanto jogadores reais. Desde o início do tempo, Turok manteve o equilíbrio entre o bem e o mal com o fardo de luz. Um navio que detém o poder da criação. Agora, guerras ferozes são travadas pelo controle. Você deve provar-se digno de exercer o fardo de luz. Você deve reviver o desafio de seus antepassados e sobreviver às guerras da ira! Apresentando deathmatches brutais de tirar o fôlego, armas letais com poder inimaginável e 8 modos de jogo selvagens, incluindo jogabilidade cooperativa baseada na missão, Team Bloodlust, Frag Tag e muito mais!
Turok 2 - Seeds of Evil (USA)	Turok 2: Seeds of Evil é um jogo desenvolvido para Nintendo 64 e PC pela Iguana Entertainment e publicado pela Acclaim Entertainment. Jogado em primeira pessoa, foi lançado em 1998 como a sequencia direta de Turok: Dinosaur Hunter. Só o mal esta escuridão poderia trazê-lo de volta. Apenas um jogo desse tamanho pode lhe fazer justiça. Turok 2: Sementes do Mal! Escolhe inimigos distantes com armas mortais de atirador e desfruta de deathmatches ferozes de vários jogadores!
Turok 3 - Shadow of Oblivion (USA)	Turok 3: Shadow of Oblivion é o quarto jogo da série Turok e o último a ser lançado para Nintendo 64 Mais antigo que o próprio tempo, uma entidade cósmica selvagem chamada Oblivion existe apenas para devorar tudo em seu caminho. Dois novos guerreiros de Turok, Danielle e Joseph Fireseed, devem enfrentar esse mal. A herança de Turok e toda a humanidade depende deles. Junte-se ao legado. Mais de 24 armas atualizáveis para combater 40 inimigos novos e originais! Intensa ação multiplayer - mais de 8 modos e 48 mapas!
Twisted Edge - Extreme Snowboarding (USA)	Twisted Edge Extreme Snowboarding, conhecido como simplesmente Twisted Edge, é um jogo de jogo de snowboard lançado para o Nintendo 64. É conhecido no Japão como King Hill 64: Extreme Snowboarding. Twisted Edge É isso! A ação rápida e intensa de snowboard que você está esperando! BORDA TORCIDA: SNOWBOARD EXTREMA! Os truques mais doentios, o maior ar e com que você só sonhava até agora. Chega de procurar o melhor passeio de todos os tempos, agarre o seu controle e prepare-se para ser torcido! Carregado de pilotos, pranchas e segredos - cada um com suas próprias qualidades únicas. Há muita coisa disponível, mas somente se você não estiver relaxando em suas habilidades! O desempenho é tudo e compensa em TWISTED EDGE!
V-Rally Edition 99 (USA)	Insanidade de corrida! Mais de 40 pistas originais, 11 carros oficiais do Campeonato Mundial de Ralis, pistas em 8 locais mundiais, física de corrida realista e manuseio suave de carros, diversos terrenos como selvas, cânions, desertos, montanhas e mais, padrões climáticos instáveis como chuva, neblina, neve e nublado. Ajuste as características de desempenho do carro para se adequar às diversas condições da estrada. Bônus e carros e pistas escondidos para desbloquear!
Viewpoint 2064 (Japan) (Proto) (2000-04-13)	Alemão Viewpoint 2064 é um jogo de tiro 3D vertical desenvolvido pela Racdym para lançamento pelos proprietários da série, Sammy Corporation. é uma sequência do Viewpoint original de 1992. De todas as versões lançadas do Viewpoint, Viewpoint 2064 foi a única que foi desenvolvida como uma verdadeira sequência, com níveis, mecânicas, gráficos, progressão completamente diferentes e uma história única. A trama mostra como o soldado espacial comandado pelo jogador trava uma guerra contra invasores insetóides, durante a história uma voz o chama das profundezas do espaço. Acontece que esta entrada pertence a uma grande criatura esférica voadora de origem desconhecida que, assim que descobre que o soldado não tem memória de seu passado, promete-lhe uma pedra que pode evocar memórias no planeta T3.
Vigilante 8 (USA)	Escolha entre 8 personagens com finais diferentes com carros variando para muscle cars clássicos dos anos 70 para um ônibus escolar, cada um empilhado com todos os tipos de armas. Lotes de unlockables incluem 2 níveis escondidos (3 níveis escondidos na versão N64) e 5 personagens e carros escondidos. Multiplayer, claro, é onde está. A versão PSX permite 2 jogadores, enquanto o título N64 permite que 4 seja frente a frente.
Vigilante 8 - 2nd Offense (USA)	Vigilante 8: Second Offense, assim como seu antecessor, é um jogo de combate veicular, sendo o segundo jogo da franquia Vigilante 8. O jogo foi criado pela Activision em associação com a Luxoflux. Muito semelhante à grande franquia Twisted Metal. tem versões para: Nintendo 64, Escolha entre veículos futuristas e 8 novas arenas destrutíveis com power-ups ocultos. Ganhe pontos para atualizar seu veículo. Explodir com insana ação de 1 a 4 jogadores!
Virtual Chess 64 (USA) (En,Fr,Es)	O Virtual Chess 64 é provavelmente o único jogo de xadrez que foi criado para o console Nintendo 64. Possui gráficos 2D e 3D que o jogador pode escolher de acordo com sua preferência. Ele também possui mini cenas cortadas quando um peão perde para outro, onde personagens semelhantes a desenhos animados que representam o peão que ataca e o peão que perde lutam entre si. A IA do jogo é extremamente alta mesmo nos níveis fáceis.
Virtual Pool 64 (USA)	O Virtual Pool 64 é um videogame de simulação esportiva em primeira pessoa em 3D que foi desenvolvido pela Celeris e lançado para a Nintendo 64 pela Crave Entertainment em 17 de dezembro de 1998 na América do Norte e na Europa em 26 de fevereiro de 1999. A física ultra-real torna o Virtual Pool 64 o mais próximo possível do verdadeiro jogo de sinuca! Escolha entre 9 tipos de snooker, incluindo favoritos como 9-Ball, Straight Pool, 8-Ball e One Pocket. Três níveis de dificuldade: Amador, Profissional e Campeonato. Domine tiros de truques, aprenda um novo jogo ou desafie centenas de oponentes de computador em um torneio emocionante.
Virtual Pro Wrestling 2 - Oudou Keishou (Japan)	Virtual Pro Wrestling 2: ode Keisho é um videogame de wrestling profissional lançado em 2000 para o console de videogame Nintendo 64. O jogo só foi lançado no Japão e é a sequência do Virtual Pro Wrestling 64 de 1997. tem 21 lutadores o resto dos personagens incluídos no jogo são baseados em outras versões e lutadores reais, mas devido a direitos autorais, eles têm nomes e aparições falsos. Isso é comum entre outros jogos de luta japoneses. Você pode identificar quem é o outro lutador por seus movimentos e provocações únicos, e o modo de edição contém todos os trajes que você precisaria para recriar sua imagem real.
Waialae Country Club - True Golf Classics (USA)	Waialae Country Club: O True Golf Classics é o segundo jogo de golfe da T & E Soft para o Nintendo 64 e o primeiro para esse sistema fora do Japão. Aprenda sobre a realidade do golfe com os Verdadeiros Clássicos Golf do Waialae Country Club. Esta simulação de golfe é dobrada em um belo cenário havaiano, mas não deixe a paisagem enganá-lo. O curso é projetado com todos os perigos desafiadores do campo de golfe real. Desfrute dos seis modos de jogo e salve todas as suas estatísticas na memória do Game Pak. Crie até dez golfistas e encha cada saco de golfe com tacos personalizados.
War Gods (USA)	War Gods, é um jogo de luta criado pela Midway Games em 1995, como um novo sistema em 3-D, o jogo possui 10 personagens jogáveis, outros dois personagens são os chefes do jogo. Cenários em 3-D, um para cada personagem. O jogo é semelhante a série Mortal Kombat, também da Midway. Há muitos anos, uma nave espacial alienígena de um planeta distante, carregada com uma carga preciosa de pedras místicas, passa pela Terra; uma falha interna acontece e a nave explode fazendo as pedras cairem em diferentes partes do mundo. Dez pessoas, de povos e culturas diferentes, se apossa de cada uma dessas pedras; sem se aperceberem, as pedras acabam tornando essas pessoas em seres poderosos, semelhantes a deuses mitológicos. Para quererem o controle sobre as pedras e o planeta, essas pessoas se enfrentam numa guerra sangrenta ? uma Guerra dos Deuses.
Wave Race 64 - Kawasaki Jet Ski (USA)	O Wave Race 64 oferece algumas das corridas mais emocionantes que você já experimentou. Sente o bater e bater das ondas à medida que acelera em linha reta, chicoteia em torno das bóias de marcação e vai no ar nas rampas de salto. Não corra sozinho - desafie um amigo! Assuma o controle em três diferentes modos de jogo - Championship, Time Trials e Stunt Mode. Nove campos desafiadores em locais exóticos - as condições da corrida mudam e a ação das ondas responde à maneira como você e seus oponentes correm!
Wayne Gretzky's 3D Hockey '98 (USA)	O 3D Hockey '98 de Wayne Gretzky é um jogo de hóquei no gelo para o Nintendo 64 e foi lançado em 1997. O jogo é patrocinado pelo astro do hóquei Wayne Gretzky e é a sequência do 3D Hockey de Wayne Gretzky. O jogo ganhou críticas generalizadas por várias deficiências percebidas. A jogabilidade consiste em duas opções básicas: Arcade e Simulação. Embora os gráficos e a jogabilidade variem pouco entre os dois, outras alterações têm o efeito de alterar a química e a intensidade do jogo entre as duas opções. O jogador tem a capacidade de personalizar o comprimento do período, fadiga (on / off), mudanças de linha, luta (on / off), penalidades (apenas simulação), tamanho do rink (arcade apenas), puck-streak (on / off), e ângulo da câmera.
Wayne Gretzky's 3D Hockey (USA)	O 3D Hockey de Wayne Gretzky é um jogo desenvolvido pela Williams Entertainment, publicado pela Atari Games. Um port para o console Nintendo 64 foi lançado quase simultaneamente com a versão arcade, em 11 de novembro de 1996, tornando-se o primeiro. Um jogo de 4 jogadores para o Nintendo 64. O 3D Hockey de Wayne Gretzky apresenta uma jogabilidade ao estilo arcade, com movimentos que fazem com que o goleiro se transforme em uma parede de tijolos &quot; tiros &quot;, que incendeiam a rede ou derrubam o goleiro na rede, e&quot; power checks &quot;, que mandam uma ambulância pela parte superior da tela. Possui jogos de alta pontuação e lutas over-the-top. Há também um modo de simulação para quem procura uma jogabilidade mais realista. O jogo permitia a criação de perfis e acompanhava as estatísticas individuais e de equipe, incluindo gols, assistências e vitórias, entre outros.
WCW Backstage Assault (USA)	Afastando-se da usual luta no ringue, o WCW Backstage Assault é apenas isso, batalhas individuais em vestiários, banheiros, arenas ao ar livre e muito mais. Cada lutador tem seu conjunto habitual de movimentos, além da capacidade de usar o ambiente e quaisquer itens (cadeiras, mesas, etc.) que eles possam encontrar. Você pode criar seu próprio lutador, modificar um lutador existente, ou escolher entre uma grande coleção de talentos da WCW, competir por cinturões de campeonatos especiais ou partidas de hardcore, onde cada vitória abre segredos escondidos.
WCW Mayhem (USA)	WCW Mayhem é um jogo de wrestling profissional publicado pela Electronic Arts, baseado na promoção americana World Championship Wrestling. O primeiro jogo da WCW produzido pela EA, foi lançado para Nintendo 64 em 1999. Lute como seus wrestlers favoritos da WCW em qualquer um dos ringues, ou leve a luta para fora da área dos bastidores! Também inclui um modo de criar um lutador e um recurso para desbloquear eventos de pagamento por visualização. Também inclui comentários de Tony Schivonne e Bobby &quot;The Brain&quot; Heenan
WCW Nitro (USA)	WCW Nitro é um videogame baseado no programa de TV de wrestling profissional WCW Monday Nitro. Lançado pela THQ para o console de videogame Nintendo 64 em 1999, o jogo apresentava uma grande lista de wrestlers jogáveis ??da WCW, bem como videoclipes completos do programa de TV. Assuma o controle de seu lutador favorito da WCW e enfrente-o no ringue. Recursos como Kevin Nash, Buff Bagwell e Hollywood Hogan. Muito Arcadey na abordagem.
WCW vs. nWo - World Tour (USA)	WCW vs. NWO: World Tour é um dos clássicos jogos de luta livre para Nintendo 64. É um dos jogos da série Player's Choice, embora não tenha gráficos bons é um jogo que tem uma boa variedade de lutadores para a época, e sim uma boa quantidade de golpes disponíveis e um show a parte.
WCW-nWo Revenge (USA)	WCW / nWo Revenge é um jogo de wrestling profissional lançado em 1998 para a consola de jogos Nintendo 64. É a continuação da WCW vs. nWo: World Tour de 1997. Assuma o controle de um dos 50 wrestlers da WCW (e 10+ lutadores fictícios), como Sting ou Hollywood Hogan, e lute por qualquer um dos cinco cinturões diferentes, com acompanhamento estatístico completo de vitórias / derrotas / empates e novo modo de repetição. sua vitória ou poderoso movimento uma e outra vez.
Wetrix (USA) (En,Fr,De,Es,It,Nl)	Wetrix é um jogo 3D, criado por Zed Two e vendido para a Ocean Software em 1997 para publicação na Nintendo 64 em 1998. Você deve construir barreiras na arena para impedir que a água vaze. Conforme você avança, a chuva começa a cair na arena, então é melhor você manter as paredes o mais alto possível. Muito na tela, porém, vai começar e terremoto. Blocos de gelo caem para congelar a água. Bombas caem, deixando buracos em suas paredes e bolas de fogo secam a água. Basta ir o maior tempo possível para obter uma pontuação tão alta quanto possível. Há um modo de prática disponível e você pode jogar contra um amigo.
Wheel of Fortune (USA)	Este jogo é uma versão interativa do popular programa de perguntas e respostas Wheel of Fortune, com a anfitriã Vanna White. O jogo é jogado tentando encontrar uma palavra escondida com apenas alguns palpites permitidos para as letras que é muito semelhante ao jogo de papel e caneta Hangman. A outra rodada que apresenta a Roda da Fortuna envolve girar a roda que tem vários prêmios bons e ruins e o que quer que o ponteiro pare quando parar de revolver é o que o jogador ganha. Isso pode ser dinheiro, uma rodada grátis ou se você é uma falência muito azarada, o que significa que você perde todo o dinheiro que ganhou até aquele ponto. Até 3 jogadores podem jogar juntos no modo multiplayer
Wildwaters (USA) (1999-06-15) (Proto)	WildWaters é um jogo sem precedentes para o Nintendo 64. Em desenvolvimento em Looking Glass em 1999, este título de caiaque só foi mostrado a portas fechadas na exposição E3 daquele ano. Quando o desenvolvedor fechou a loja, o título desapareceu. A seguinte informação foi usada no anúncio do título: O corredor de arcada à base de água oferecerá seis personagens diferentes para escolher, assim como três tipos diferentes de caiaque, cada um com suas respectivas forças e fraquezas. Wildwater vai enviar até dois jogadores em seis cursos de rios perigosos, destacados pela física da água realista e gráficos atraentes. O Ubi Soft promete cinco modos de jogo diferentes, incluindo Arcade, Time Trial, Championship, Finals e Versus Battle.
WinBack - Covert Operations (USA)	WinBack é um jogo de tiro em terceira pessoa desenvolvido pelo estúdio Omega Force da Koei para o Nintendo 64 em 1999. Um jogo de estratégia e espionagem com sistema de cover, a história explode o helicóptero e você acaba perdido na base inimiga, sua missão será ajudar a resgatar os seus amigos, em apenas 3 horas, o satélite de armas de alta tecnologia atacará novamente ... É seu trabalho garantir que isso não aconteça e descobrir qual dos seus companheiros é o traidor. Deathmatch para 4 jogadores, juntamente com Lethal Tag, Cube Hunt e Quick Draw.
Wipeout 64 (USA)	Wipeout 64 é um jogo de corrida futurista de 1998 desenvolvido pela Psygnosis e publicado pela Midway Games para o Nintendo 64. É o terceiro jogo da série Wipeout e continua sendo o único publicado em um console da Nintendo. Mesma seleção de navios, mesmo sistema de manuseio, mas usando o controle analógico em vez do d-pad, até mesmo gráficos similares. Não pense por um minuto com todas as semelhanças, que este é o mesmo jogo por qualquer meio embora ...
Wonder Project J2 - Koruro no Mori no Jozet (Japan)	Wonder Project J2 é um jogo de 1996 para o Nintendo 64. É um exclusivo do Japão e um jogo de simulação de levantamento desenvolvido por Givro e publicado pela Enix. É a continuação do projeto Wonder J, e foi empacotado com um controlador de memory Pak. O jogador se comunica com Josette através de seu robô, Bird. O jogador responde suas perguntas na tela selecionando &quot;sim&quot; ou &quot;não&quot;. Josette não pode ouvir ou ver o jogador, mas aprende sobre o jogador através de perguntas binárias sucessivas. Ela lembra as respostas mais tarde ao longo da história. O jogador pode comandar Josette através de Bird, embora ela nem sempre ouça. O avanço do jogador através do jogo depende de quão bem seus ensinamentos se encaixam com outras atividades na ilha. Depois de ensinar a Josette uma série de interações humanas fundamentais, o segundo capítulo guiado pelo enredo guia Josette através de uma série de dificuldades e confrontos com o exército siliconiano.
World Cup 98 (USA) (En,Fr,De,Es,It,Nl,Sv,Da)	O jogo World Cup 98 oferece uma experiência de gameplay focada na simulação realista do futebol, com controles versáteis que utilizam o stick analógico para movimentação e direcionamento de passes/chutes, o botão A para passes e troca de jogadores, o B para chutes e desarmes, os botões C para lances específicos como chapéus (C BAIXO segurado), chutes por cima (C BAIXO duplo toque), dribles especiais (Z ou R segurados com outros botões) e corrida rápida (C ESQUERDO toque rápido), além de permitir cabeceios segurando A, B ou C quando a bola está no ar para posicionar automaticamente o jogador mais próximo. Os modos de jogo incluem a Copa do Mundo principal, partidas amistosas com seleções não classificadas, modo Clássicos desbloqueável após vencer o torneio (com confrontos históricos).
World Driver Championship (USA)	Desenvolva uma carreira de corridas enquanto concorre a ofertas de emprego com cada uma das 15 Equipes do Mundial, com 10 pistas incluindo Sydney, Kyoto e Roma, 20 eventos desafiadores espalhados por dois níveis diferentes de competição e mais de 30 carros exóticos e altamente detalhados. física realista e manuseio.
Worms Armageddon (USA) (En,Fr,Es)	Worms Armageddon é um jogo de Estratégia por turnos e artilharia desenvolvido pela Team17 no qual o objetivo do modo de jogo convencional é acabar com as minhocas do oponente. O jogador tem a disposição vários tipos de armas e mapas para jogar. Tudo é apresentado em um estilo humorístico de desenho animado, das paisagens aos próprios vermes e seus gritos de triunfo ou desespero, dependendo de como você faz.
WWF Attitude (USA)	WWF Attitude é um jogo desenvolvido para Nintendo 64, Playstation e Dreamcast desenvolvido pela Acclaim. O jogo consiste em apenas uma coisa: Wrestling. Ele, em especial, retrata um período específico que ocorreu na WWE que se chamou Attitude Era. Na época, era o jogo de wrestling que apresentava a maioria dos modos. Os cerca de 20 modos de jogo incluíam partidas especiais como rumble real, séries de sobreviventes, torneios de tornados e muito mais. Também foi apresentado um novo modo de carreira comparado ao da WWF War Zone, entradas realistas e o primeiro modo Create a PPV. O jogo contou com mais de 40 dos então atuais Superstars da WWF, incluindo os ocultos. O recurso Create A Wrestler foi um dos mais avançados do seu tempo.
WWF No Mercy (USA)	WWF No Mercy é um jogo de luta exclusivo para o Nintendo 64. Nele você pode jogar com mais de 50 lutadores, além de poder criar o seu próprio, podendo atribuir um tipo físico, definir o estilo de luta e os golpes. Também se pode editar a facilidade de o lutador sangrar e como ele reage a isso. Um máximo de 4 jogadores pode competir em vários modos, incluindo competições em gaiolas e escadas e eventos de pagamento por visualização. Você também pode criar seu próprio evento e competir por títulos da WWF desbloqueados no modo Championship. Algumas partidas levarão você para fora do ringue para 4 locais diferentes nos bastidores.
WWF War Zone (USA)	Um dos primeiros jogos de wrestling para o Nintendo 64 e um dos muitos para o Playstation. A versão Playstation tem música de melhor qualidade CD, mas tem menos recursos. Uma das principais atrações foi que Steve Austin, da WWF, fez muita dublagem, apesar de os outros lutadores não terem quase tanta fala. Os recursos incluem wrestlers feitos por jogadores, assim como lutadores de verdade, muitos tipos diferentes de jogos (single player, multiplayer, royal rumbles, gaiolas, etc.), mas o modo career é onde está a ação, e você pode construir seu forças de wrestlers, e ganhe cintos.
WWF WrestleMania 2000 (USA)	O WWF Wrestlemania 2000 é o primeiro jogo licenciado da THQ pela WWF depois de ter feito dois títulos anteriores da WCW. Wrestlemania 2K pega onde a WCW / NWO Revenge parou. Os gráficos são de longe superiores, assim como a animação. O Wrestlemania 2K acrescenta três recursos de classificação alta: Jogo de gaiola, entradas personalizadas e recurso Criar um lutador. Wrestlemania 2K apresenta mais de 50 estrelas reais da WWF, bem como a opção de 16 lutadores personalizados. Todos os lutadores vêm com sua música tema da vida real, vídeos de entrada (feitos em apresentações de slides) e performances de entrada. Um grande avanço em relação ao jogo anterior é o modo &quot;caminho para a Wrestlemania&quot;, um torneio aprimorado onde os jogadores podem desafiar qualquer número de cintos e serem desafiados por outros lutadores em uma jornada de 12 meses que finalmente leva à Wrestlemania 2000.
Xena - Warrior Princess - The Talisman of Fate (USA)	Xena escolherá os defensores do mundo. Nós os vimos nas memórias de suas façanhas. Então, junte-se os maiores heróis e vilões da Terra. Escolha suas armas com sabedoria e deixe as batalhas começarem! Apenas lembre-se, cada vitória só o aproxima de desafiar a incorporação da escuridão ... Desespero! Cada um dos 10 personagens de Xena possui suas próprias armas, atitudes e técnicas de luta. O recurso exclusivo de vários jogadores inclui um modo de lista, além de batalhas de equipe e individuais.
Yakouchuu II - Satsujin Kouro (Japan)	Yakouchuu II: Satsujin Kouro (Traduz para &quot;Phosphorescent Animalcule II: Murder Course&quot;) é um jogo de aventura para o Nintendo 64 lançado apenas no Japão em 1999. É um jogo visual novel e um dos poucos a ter CGIs em suas cenas animadas.
Yoshi's Story (USA) (En,Ja)	Yoshi's Story segue as aventuras de seis Yoshis enquanto eles vasculham bosques ensolarados, cavernas escuras, montanhas altas, selvas fumegantes, vastos oceanos e castelos sombrios para a Super Happy Tree, que foi roubada pelo temido Baby Bowser. Yoshi pode andar, correr, nadar, pular, flutuar e disparar sua carga de ovos. A ação acontece em &quot;páginas&quot; de contos de fadas compostas de materiais de apostas e outras texturas conhecidas, incluindo florestas de papel cortado, nuvens de brim, ilhas de plástico infláveis ??e pilhas de bobinas coloridas. A História de Yoshi é pioneira no uso do Rumble Pak como um elemento-chave da experiência de jogo, pois você poderá sentir correntes invisíveis, mas traiçoeiras, quando Yoshi nadar nas profundezas oceânicas. O Rumble Pak também pode ajudá-lo a localizar frutas escondidas ou outros objetos por estrondo quando Yoshi cheira algo.
Zool - Majuu Tsukai Densetsu (Japan)	A jogabilidade é semelhante a Pokémon na medida em que compartilha o mesmo conceito de capturar monstros. Seu personagem encontra um monstro e o levanta para lutar contra o mal. As cidades são apresentadas na vista superior. Casas, pousadas, bares, masmorras e lojas são pontos fixos onde você pode colocar o cursor. O sistema de combate tem uma barra de notas musicais que o jogador usa para controlar os monstros. Você pode usar até quatro monstros de cada vez.
