#key	synopsis
007 - The World Is Not Enough (USA)	James Bond beginnt in der Schweizer Industriebank in Spanien und muss den Geldkoffer finden und entfliehen. Das MI-6 Hauptquartier wird überfallen und M's alter Freund Sir Robert King wird per Bombe ermordet. Bond jagt den Killer dann durch London (im Film per Boot). Auf dem Weg muss er sogar der Polizei helfen Bomben in der U-Bahn zu deaktivieren. In Baku muss man aus Elektras Domizil schleichen und ihrem Sekretär Davidov folgen. Es folgen Level auf dem Flugfeld, dem Atomtestgelände sowie in Istanbul, wo Bond Renard und Elektra im Leanderturm das Handwerk legen muss. Der letzte Level spielt im U-Boot.
1080 Snowboarding (Japan, USA) (En,Ja)	Der Spieler hat die Aufgabe, als Snowboarder Rennen zu fahren oder Tricks ausüben. 1080° Snowboarding besitzt mehrere Rennmodi, die sich ungefähr in zwei Gruppen aufteilen lassen: in den Trick-Modi geht es darum, mit dem Snowboard so viele Tricks wie möglich auszuführen, während man in den Renn-Modi gegen die Zeit oder andere Spieler eine Piste herunterfahren muss. Man kann zu Beginn des Spiels zwischen fünf Snowboardern sowie acht Snowboards wählen, weitere lassen sich freischalten.
40 Winks (USA) (Piko Interactive)	Setze Dich gegen Skelette, Spinnen und Ausserirdische zur Wehr. Bekämpfe Roboter, Zombies, riesige Dinosaurier... In diesem gefährlichen, traum- und alptraumartigen 3D-Adventure ist jeder hinter Dir her. Bist Du in der Lage, den bösen hinterhältigen Traumräuber NiteKap zu besiegen auf deiner Reise durch die sechs Alptraumwelten? Bist du schnell genug die 40 Winks einzufangen, bevor man Dich erwischt?
64 de Hakken!! Tamagotchi - Minna de Tamagotchi World (Japan)	Tamagotchi 64: Minna de Tamagotchi World ist ein Nintendo 64-Spiel, das 1997 nur in Japan veröffentlicht wurde. Es ist ein virtuelles Brettspiel, das auf dem Tamagotchi-Spielzeug basiert.
64 Hanafuda - Tenshi no Yakusoku (Japan)	64 Hanafuda: Tenshi no Yakusoku (übersetzt &quot;64 Hanafuda: Versprechen eines Engels&quot;) ist ein Kartenspiel für das Nintendo 64. Es wurde 1999 nur in Japan veröffentlicht.
64 Oozumou (Japan)	In 64 Ōzumō steuert der Spieler einen Sumo-Kämpfer, der im Ring gegen andere Sumo-Kämpfer spielt. Das Spiel simuliert aber auch weitere Aspekte des Lebens eines Sumo-Kämpfers wie seine Ernährung.
64 Oozumou 2 (Japan)	64 Ōzumō 2 ist das Sequel zu 64 Ōzumō und entführt Spielefans zurück in die faszinierende Welt des traditionellen japanischen Sumoringens. Spieler übernehmen erneut die Kontrolle über einen Sumoringer ihrer Wahl und treten in verschiedenen Kampfarten gegen andere an, darunter Einzelkämpfe, Tag-Team-Matches und Battle Royales. Geschick und strategisches Denken sind gefragt, um Gegner aus dem Ring zu drängen oder sie mit einem anderen Körperteil als den Füßen zu Boden zu bringen.
64 Trump Collection - Alice no Wakuwaku Trump World (Japan)	64 Trump Collection: Alice nicht Waku Waku Trump World ist ein Videospiel von Karten, die 1998 für Nintendo 64 auf der Grundlage des Universums von Alice im Wunderland gestartet wurden.
AeroFighters Assault (USA)	Das Team von Aero Fighters Assault braucht eure Hilfe, um die Erde vor der bösen Phutta Morgana und ihren Untergangsmaschinen zu retten. Bekämpfen Sie eine Vielzahl von feindlichen Flugzeugen und Boss-Charakteren rund um den Globus in mehreren Missionen. Schließen Sie sich der Schlacht im einzigen wichtigen Spiel an!
AeroGauge (USA)	In diesem futuristischen Rennspiel können Sie Ihre eigenen Aeromaschinen steuern. Mit Strecken, die scharfe Kurven und noch schärfere Hindernisse haben, braucht man ein gutes Auge und die ultimative Kontrolle, um durch Strecken mit Canyons, Tunnels, Ozeanen und Bergen zu manövrieren. Stellen Sie sich Geschwindigkeiten von über 1000 mph vor, während Sie durch das Feld schwirren, um den Sieg in diesen grafisch anspruchsvollen Landschaften zu erlangen. Niemals hat ein Spiel eine so bemerkenswerte Kontrolle, detaillierte Grafik und Geschwindigkeiten wie AeroGauge!
AI Shougi 3 (Japan)	Dies ist die N64 Version des klassischen japanischen Spiels von Shogi. Shogi oder japanisches Schach (wörtlich &quot;Generals-Schach&quot;) ist das populärste einer Familie von Schachvarianten, die in Japan heimisch sind.
Aidyn Chronicles - The First Mage (USA)	Alaron ist auf der Suche nach der Wahrheit über sich selbst, seinen Namen und sein Erbe. Er reist in ferne und ferne Länder, verfolgt von Kräften, die er nicht versteht. Alaron und seine Gefährten werden versuchen, sein Schicksal als der größte Magier aller Zeiten zu erfüllen!
Airboarder 64 (Europe)	Air Boarder ist ein Spiel, das Skateboard-Spiele wie Tony Hawk's Pro Skater ähnelt, jedoch mit einem gewissen Unterschied. Anstelle der üblichen Skateboards gibt es im Spiel Hoover Boards.
All Star Tennis 99 (USA)	Spielen Sie als 8 Weltklasse-ATP / WTA-Tour-Spieler (einschließlich Mark Philippoussis, Richard Krajicek, Conchita Martinez und Jana Novotna) sowie als 4 fiktive Spieler bei einer Reihe von Turnieren auf Gras-, Sand-, Hartplatz- und Rebound-Ace-Oberflächen. Lobe, volley, zerschlage und serviere vergangene computergesteuerte Spieler im Einzel- oder Doppel, im 4-Spieler-Mehrspieler-Doppel und im 8-Spieler-Mehrspieler-Einzel- und -Doppel.
All-Star Baseball 2000 (USA)	All-Star Baseball 2000 ist ein Baseball-Spiel auf Nintendo 64. Das zweite Spiel in der Serie, dieses Spiel hat viele Verbesserungen im Vergleich zu den vorherigen, wie z. B. die Motion Capture der Spieler. 30 Mannschaften mit ihren realistischen Spielern und Stadien sind enthalten.
All-Star Baseball 2001 (USA)	Der letzte All-Star Baseball auf der N64 beinhaltet wieder einige neue Features sowie Verbesserungen der vorherigen Spielmodi und Optionen. Für das Jahr 2001 ist ein neues Team dabei, The Coopertown Legends, mit einer Auswahl der besten Spieler aller Zeiten, darunter Yogi Berra, Willie Stargell und Reggie Jackson. Zusammen mit der Legendenmannschaft können Sie aus allen Spielern, Mannschaften und Stadien der MLB-Saison 2000 wählen. Jeder Spieler verfügt über realistische Gesichtsausdrücke und Looks, sowie Bewegungsabläufe, Schlagpositionen und Reaktionen auf wichtige Ereignisse während des Spiels.
All-Star Baseball 99 (USA)	All-Star Baseball ist ein Baseball-Videospiel-Serie entwickelt und veröffentlicht von Acclaim Entertainment. Die Serie begann 1998 mit der Veröffentlichung von All-Star Baseball' 99. Zu den Spielmodi gehören Training, Saison, Playoff, World Series, sowie ein All-Star Match, Home Run Derby und MLB Trivia. Es ist möglich, Spieler aus der ganzen Liga zu tauschen und ein eigenes Team aus 700 Spielern zu bilden. Und wenn es keinen Player gibt, der Ihren Anforderungen entspricht, können Sie den Modus &quot;Create a Player&quot; für weitere Vielseitigkeit nutzen.
Armorines - Project S.W.A.R.M. (USA)	Armorines: Project Swarm ist ein First-Person-Schießspiel, das auf Nintendo 64 veröffentlicht wurde. Spielen Sie als Lewis oder Lane, zwei Elite-Kämpfer des Panzerkommandos, und verjagen Sie die schrecklichen Bugs, und kriegerische Aliens.
Army Men - Air Combat (USA)	William Blade, Kapitän und Spielzeugpilot mehrerer Plastikhubschrauber, der mit der bösen Armee und ihren schrecklichen Kriegsmaschinen kämpft. Es umfasst reale Umgebungen wie Hinterhöfe, Spielplätze, Lager und riesige Sandburgen, verteilt über 16 Einzelspieler-Missionen und konkurrierende Mehrspielermodi. Für Ihre Kämpfe stehen Ihnen vier Helikoptertypen (Chinook, Apache, Huey und Super Hengst) zur Verfügung, um Gegner wie Spielzeugroboter, elektrische Züge, Killerbienen und Libellen zu bekämpfen.
Army Men - Sarge's Heroes (USA)	In Army Men: Sarge's Heroes spielen Sie als Sarge, der Protagonist aus vielen Army Men-Spielen. Tan Army dringt in die Basis der Grünen Armee ein; Sarge rettet Oberst Grimm und sie evakuieren die Basis in einem Hubschrauber. Sarge entdeckt Portale, die von der &quot;Plastikwelt&quot; in die &quot;reale Welt&quot; führen, und dass die Tan Army versucht,&quot;Massenvernichtungswaffen&quot; aus der &quot;realen Welt&quot; zu erwerben, zum Beispiel Spielzeug und gewöhnliche Gegenstände wie Lupen. Um die Zerstörung der Grünen Armee zu vermeiden, muss Sarge die Kommandos seiner eigenen Einheit, der Firma Bravo, retten, um Fahrzeuge und Portale zu zerstören und schließlich den bösen General Plastro zu stoppen.
Army Men - Sarge's Heroes 2 (USA)	Sarge's Heroes 2 fängt dort an, wo Sarge's Heroes aufgehört hat. Es wird angekündigt, dass die Gefangennahme von Feldmarschall Tannenberg den Krieg beenden wird. Da General Plastro verschwunden ist, wird vermutet, dass er ein Opfer der Plastrifikation geworden ist und in der realen Welt gefangen war. Das Spiel stellt Bridgette Bleu vor, eine Spionin für die Blaue Nation. Sie hat ein Serum entwickelt, das die Plastrifikation rückgängig macht. Ihre Aufgabe als Sarge und manchmal Vikki ist es, das Serum zu zerstören, die Bräunlichen Soldaten zu eliminieren und Plastro und Tannenburg zu fangen. nn
Asteroids Hyper 64 (USA)	Eine aktualisierte Version der klassischen Arcade-Blast'em up bietet volle 3D-Umgebungen, alle neuen Waffen und Abwehrsysteme und einen 2-Spieler Split-Screen-Modus. Das Gameplay ist jedoch genau das gleiche. Steuere ein Raumschiff und zerstöre die kommenden Asteroiden. Außerirdische Schiffe und Schwarze Löcher sind ebenfalls dort draußen. Außerdem kannst du Schiffs-Upgrades finden, um die Waffen und Verteidigungssysteme Ihrer Schiffe zu aktualisieren.
Automobili Lamborghini (USA)	Automobili Lamborghini ist eines der früheren Rennspiele für den Nintendo 64, das von Titus entwickelt wurde. 8 Autos sind in diesem Spiel enthalten, darunter Lamborghini Diablo, Porsche 959, Ferrari F50 und einige versteckte Autos. Die Rennen führen Sie durch sechs Rennstrecken in exotischen Gegenden der Welt. Es gibt 4 Modi im Einzelspieler-Modus, einschließlich Arcade Mode, Championship Mode, Single Race and Time Trials. Das Spiel enthält auch Unterstützung für 4 Spieler.
Bakuretsu Muteki Bangaioh (Japan)	Wolltest du schon immer mal die ultimative Waffe entfesseln? 500 Feinde auf einmal in die Luft jagen? In wahrer Treasure Fashion... du hast diese Macht! Als die Piloten der Bangaioh-Mech muss du eine verrückte Gruppe davon abhalten, die Welt zu erobern, indem Sie ihnen eine kleine Dosis wahnsinnige Zerstörung geben. Willst du einfach verrückt sein und dich von denen umbringen lassen? Nur zu... drück einfach den Abzug, bevor es passiert... Die Nintendo 64 Version wurde nur in Japan veröffentlicht. Die Dreamcast-Version gibt es in den USA und Europa.
Bakushou Jinsei 64 - Mezase! Resort Ou (Japan)	Bakushou Jinsei 64: Mix! Resort Ou ist ein interaktives Brettspiel für Nintendo 64. Es wurde 1998 nur in Japan veröffentlicht.
Banjo-Kazooie (USA)	Die Hexe Gruntilda entführt Banjos kleine Schwester Tooty, um deren Schönheit auf sich selbst zu übertragen. Banjo und Kazooie erfahren von dem Maulwurf Bottles von der Entführung und machen sich auf den Weg durch Gruntildas Reich, einer riesigen Höhle, um Tooty zu retten. Sie müssen durch anfangs verschlossene Tore in verschiedenen Welten Puzzleteile finden, die ihnen ein weiteres Vordringen durch die Höhle zur Hexe ermöglichen. Dabei treffen sie auf den Schamanen Mumbo Jumbo, der Banjo in andere Tiere verwandelt, und auf die gutmütige Schwester von Gruntilda namens Brentilda, die dem Protagonistenduo Geheimnisse über ihre Schwester erzählt.
Banjo-Tooie (USA)	Die Handlung beginnt zwei Jahre nach dem Ende des ersten Teils als die Hexe Gruntilda von ihrem Turm stürzte und von einem Felsen begraben wurde. In einer gewittrigen Nacht wird Gruntilda von ihren beiden Schwestern, Mingella und Blobbelda, durch einen Levitationszauber von jenem Felsen befreit. Durch die lange Verweildauer unter der Erde hat sie sich jedoch in ein Skelett verwandelt und sinnt deswegen auf Rache an Banjo und Kazooie.
Bass Rush - ECOGEAR PowerWorm Championship (Japan)	Bass Rush: ECOGEAR PowerWorm Championship ist ein Angelspiel, in dem Spieler an einem spannenden Angelturnier teilnehmen können. Spieler wählen ihren Charakter aus einer vielfältigen Gruppe erfahrener Angler und begeben sich zu verschiedenen Angelplätzen, um gegen andere Angler anzutreten. Das Spiel bietet verschiedene Angelmodi, darunter Turnier, Training und Time Attack. Im Turniermodus treten die Spieler gegen andere Angler an, um den größten Fisch zu fangen und die Meisterschaft zu gewinnen. Im Trainingsmodus können Spieler ihre Angelfähigkeiten verbessern, während im Time Attack-Modus innerhalb eines festgelegten Zeitlimits so viele Fische wie möglich gefangen werden müssen.
Bassmasters 2000 (USA)	Bassmasters 2000 ist eine Fischersimulation auf Nintendo 64. Diese Simulation bietet vier verschiedene Spielmodi und eine große Auswahl an anpassbaren Optionen. Es liegt an Ihnen, Ihren eigenen Fischer zu erschaffen, indem Sie alle seine Eigenschaften (Haare, Gesichter, Kleidung, etc.) auswählen. Sie können auch Ihre eigene Angelausrüstung vom Boot bis zur Angelrute selbst wählen.
Batman Beyond - Return of the Joker (USA)	Der Joker und seine ganze Gang zu schlagen ist Bruce Waynes neue Aufgabe in Batman of the Future: Return of the Joker on Nintendo 64. Durch den Nahkampf und den Fernkampf mit mehreren Gadgets führt der Spieler verschiedene Missionen auf vier verschiedenen Levels durch.
BattleTanx (USA)	Im Jahr 2049 tötete ein Virus 99,9% der Frauen auf der Erde. Die übrigen Frauen werden von Banden entführt. Griffin, der Held, übernimmt die Kontrolle über einen Kampfpanzer, um seine entführte Frau zu retten. Besuchen Sie die Vereinigten Staaten und beseitigen Sie Banden mit einem der vier Panzer, die in Battletanx angeboten werden.
BattleTanx - Global Assault (USA)	Das Jahr ist 2006. Die Welt ist zu einer postapokalyptischen Ödnis geworden. Während Griffin und Madison kämpfen, um die Gesellschaft wieder aufzubauen, erkennen sie, dass ihr junger Sohn telekinetische Kräfte besitzt, die der Schlüssel zur Zukunft sind. Aber der böse Königinfürst Cassandra will die Kräfte des Jungen für ihren eigenen bösen Plan nutzen. Mit nur gepanzerten Panzern unter Eurem Kommando müsst Ihr den QueenLord und die finsteren Banden unter ihrer Kontrolle besiegen. Combat wird dich auf fremde Erde führen, wo es einen totalen globalen Krieg gibt!
Battlezone - Rise of the Black Dogs (USA)	Explodiere die geheime außerirdische Technologie, während du die Amerikaner und die Sowjets in ihrem eigenen Spiel in diesem Actionspiel mit dem kalten Krieg besiegst! Battlezone: Rise of the Black Dogs bietet fortschrittliche Panzerschlachten auf Weltraumbasen, Scharfschützenfähigkeit und Kampfintensität bis zum Tod. Mit drei Spielmodi gibt dir Battlezone die Möglichkeit, deine Kampferfahrung zu definieren: Die einzige Frage ist, wie lange du in der Nähe sein wirst, um es zu nutzen.
Beetle Adventure Racing! (USA) (En,Fr,De)	Obwohl das Spiel bereits die neuen Volkswagen New Beetles enthält, sind viele Merkmale wie die Musik und die Levelinhalte auf die 1970er-Jahre zurückzuführen. Die Lizenz für das Nutzen der New Beetles erlang Paradigm ähnlich wie beim Film Jurassic Park II und des Mercedes Benz M dadurch, dass der New Beetle gerade neu erschienen war und somit im Spiel als ideale Werbefläche auftrat. Obwohl die Fahrzeuge wie New Beetles aussehen, steuern sie sich eher schwerfällig und an manchen Stellen action-lastig.
Big Mountain 2000 (USA)	Big Mountain 2000 (bekannt als Snow Speeder in Japan) ist ein Videospiel für Ski- und Snowboard-Rennen. Dieses Spiel ermöglicht es dem Spieler, ein Rennen mit Snowboards oder Skiern zu steuern. Es entwirft auch Ihre eigene maßgeschneiderte Ausrüstung, einschließlich Ausrüstung und Kleidung. Es gibt 6 verschiedene Charaktere zur Auswahl, die sich von den anderen sehr unterscheiden, plus drei Spielmodi.
Bio F.R.E.A.K.S. (USA)	Die Zukunft ist jetzt... Amerika und ihre Regierung sind nach den Techno-Industrie-Bürgerkriegen in Trümmern. Die Technologie ist außer Kontrolle geraten und hat eine neue Generation von Bürgern hervorgebracht: die BIO F. R. E. A. K. S. Wählen Sie aus 8 F. R. E. A. K. S. Jeder ist für den Kampf mit seinem eigenen Arsenal gerüstet, einschließlich Pulslaser, Granatwerfer, Elektroschocker, Schwerter und Maschinengewehre. Kämpfe in dreistöckigen, mehrschichtigen Arenen! Achten Sie auf Gefahren wie Lavagruben, Fleischwölfe und Spinnklingen.
Blast Corps (USA)	Blast Corps ist ein Actionspiel auf Nintendo 64. Mit Planierraupen, Baurobotern, Raketen und Lastwagen zerstören Sie ganze Städte. Ihr habt viele Waffen zur Verfügung, um euren Durst nach Chaos zu stillen.
Blues Brothers 2000 (USA)	Blues Brothers 2000 ist ein Actionspiel auf Nintendo 64. Du spielst Elwood Blues, bist kürzlich aus dem Gefängnis geflohen und willst nur eines: seine Band neu formieren. Es liegt an dir, das Chicago-Gefängnis von oben nach unten zu durchsuchen, um alle Mitglieder deiner Gruppe zu finden und freizulassen. Viele Hindernisse werden dir im Weg stehen, aber es liegt an dir, sie zu meiden.
Body Harvest (USA)	2050 Die Erde ist tot. Die Menschheit vernichtet. Durch ein Jahrhundert von Alien-Angriffen ausgestorben. Eine letzte, verzweifelte Chance bleibt. Jemand muss in der Zeit zurückreisen und die außerirdischen Raubtiere bekämpfen, bevor sie ihre abscheuliche Invasion beenden. Adam Drake, ein genetisch verbesserter Marinesoldat wird ausgewählt, um die Reise in die Weiten der Erdgeschichte zu machen. Sein Ziel - stoppt die Aliens.
Bomberman 64 (Japan)	Im Gegensatz zu Bomberman 64, die 1997 veröffentlicht wurde, ist das Gameplay des Spiels eher das der ersten Bomberman-Spiele.
Bomberman 64 (USA)	Bomberman 64 ist ein Actionspiel auf Nintendo 64. Du spielst Bomberman und gehst durch Levels, indem du alles auf deinem Weg in die Luft jagst, egal ob es Mauern oder Feinde sind. Dieses Spiel bietet dir 24 Levels und die Möglichkeit, deinen kleinen Bomber individuell zu gestalten. Bomberman 64 ist mit 4 auf der gleichen Bildschirm spielbar.
Bomberman 64 - The Second Attack! (USA)	Bomberman 64: The Second Attack ist ein Actionspiel in isometrischer Perspektive auf Nintendo 64. Während er eine wohlverdiente Pause einlegt, wird Bomberman in ein schwarzes Loch gesaugt, das von Rukifellth's Gravitationsgeneratoren erzeugt wird. Deine Feinde planen, alle Planeten mit diesen Generatoren anzugreifen. Hilf Bomberman dabei, verschiedene Rätsel zu lösen und deine Feinde zu besiegen.
Bomberman Hero (USA)	Bomberman Hero auf dem Nintendo 64 ist ein Action-Spiel, wo das Ziel ist es, Bomben an den richtigen Ort zu platzieren, um Feinde zu zerstören oder Wände zu zerbrechen. Das Spiel hat 71 Levels verteilt auf 5 Planeten und ca. 20 nützliche Objekte, um dein Arsenal zu verbessern.
Bottom of the 9th (USA)	Bottom of the 9th steht ein Baseballspiel auf Nintendo 64, das Ihnen verschiedene Spielmodi bietet. Ein Saison-Modus ermöglicht es Ihnen, ein Szenario mit Ihrem Lieblingsteam zu leben.
Brunswick Circuit Pro Bowling (USA)	Wählen Sie aus 13 echten Turnier-Bowlern und gehen Sie zur Arbeit! Mit echten Bahnen, echten Spieleranimationen, realen Bahnenbedingungen und -änderungen, echten Bowlingkugeln (echten Brunswick!) und vielem mehr! Die volle 3D-Umgebung erweckt das Spiel zum Leben und alle Turnierregeln sind verfügbar, sogar das Brunswick &quot;Skins&quot; -Spiel.
Buck Bumble (USA)	Buck Bumble ist ein Abenteuerspiel, das auf Nintendo 64 veröffentlicht wurde und in dem du Buck Bumble spielst, die einzige Biene, die nach einem chemischen Überlauf auf den Bienenstock nicht böse geworden ist. Buck wird deshalb gegen seine Mitmenschen in den Krieg ziehen, um die Welt vor der totalen Zerstörung zu retten. Das Spiel hat einen Multiplayer-Modus.
Bug's Life, A (USA)	Bist du Ameise genug? Als Hoffnungsträger Flik bist du die letzte Rettung für die Ameisenkolonie im Kampf gegen die habgierigen Grashüpfer. Renne, fliege, rutsche, trete und schlage dich durch 15 animierte 3D-Level. Trickse 13 verschiedene Gegnerarten aus, einschließlich dem Vogel mit seinem tödlichen Schnabel. Setze in wagemutigen Manövern clever deinen Körper ein, wenn du Beeren wirfst oder auf deinem Hinterteil hüpfst. Bei diesem Abenteuer braucht du mehr als nur Glück. Suche nach Power-Ups, Münzen und Gegenständen, die du in der Insektenwelt einsetzen kannst. Sieh die magische 3D-Welt aus dem Blickwinkel einer Ameise. Manövriere Flik durch gigantische Level, in denen es vor Insekten nur so wimmelt.
Bust-A-Move '99 (USA)	Bust-A-Move ist ein großer Klassiker der Spielhalle. Diese 3 DX-Edition auf Nintendo 64 behält das erfolgreiche Rezept bei, farbige Blasen an eine Tafel zu schicken und sie in die Luft zu sprengen, indem sie die gleichen Farben gruppieren. Der Zwei-Spieler-Modus, wenn eingängig, ist immer da, mit der Fähigkeit, Ihre eigenen Rätsel zu erstellen.
Bust-A-Move 2 - Arcade Edition (USA)	In Bust A Move 2 on Nintendo 64 musst du alle Kugeln verschwinden lassen, indem du alle Kugeln der gleichen Farbe in Gruppen von 3 oder mehr gruppierst. Dieses zweites Spiel beinhaltet einen Zwei-Spieler-Modus, in dem jeder Spieler eine künstliche Intelligenz herausfordern muss, die immer härter wird.
California Speed (USA)	California Speed ist ein Rennspiel auf Nintendo 64. Die 14 Rennen haben zwei Dinge gemeinsam: zum einen die Tatsache, dass sie alle in Kalifornien liegen und zum anderen die Tatsache, dass sie total verrückt sind. Mit voller Geschwindigkeit unter Brücken hindurch, durch die U-Bahn oder mit einem der 12 Autos vorbeifahren!
Carmageddon 64 (USA)	Wie in einem traditionellen Rennspiel gibt es in Carmageddon zwar die Möglichkeit, das Rennen durch Abfahren von Checkpoints bzw. Runden zu gewinnen, bevor die Zeit abläuft. Allerdings gibt es dazu noch Alternativen: Einerseits kann das Spiel durch das Kaputtfahren gegnerischer Autos gewonnen werden und andererseits durch das Überfahren aller im Spiel befindlichen Lebewesen. Dazu zählen größtenteils Menschen, teilweise aber auch Tiere wie Hunde und Hirsche. Das Spielprinzip sieht dabei vor, dass der Spieler andere Fahrer rammt bzw. Lebewesen überfährt, um sein ablaufendes Zeitkonto aufzustocken. Belohnt werden dabei zusätzlich besonders spektakuläre Fahrmanöver oder Kollisionen. Weiterhin kann der Spieler durch Überfahren von Kisten bzw. Tonnen Extras einsammeln, die die Umgebung, das Fahrzeug, die Lebewesen oder die Gegner positiv oder auch negativ beeinflussen.
Carnivale - Cenzo's Adventure (USA) (Proto) (2000-07-21)	In Carnivale - Cenco's Adventure musst du den Fängen einer Gruppe finsterer Schausteller entkommen! Die Schausteller haben eine Gruppe unglücklicher Kinder gefangen genommen und halten sie in verschiedenen Bereichen des Parks gefangen. Du spielst die fünf Kinder (jeweils zu unterschiedlichen Zeitpunkten) und forderst die Schausteller zu einem Duell um deine Freiheit heraus. Die Duelle finden als Rennen durch die bizarren Bereiche des Karnevals statt, die du gewinnen musst, um deine Freiheit zu erlangen. Jedes der fünf Rennen ist ein Top-Down-Rennen durch bunte und unheimliche Orte voller Fallen und Hindernisse. Du kannst dich auch mit einem Freund zusammentun und gegen ihn im Kopf-an-Kopf-Rennen durch den seltsamen Park antreten. Kannst du dich aus diesem schrecklichen Karneval des Bösen befreien?
Castlevania (USA)	Konamis lang laufende Serie von Castlevania-Spielen feiert ihr Debüt auf der N64. Die traditionelle 2D-Grafik wurde zurückgelassen; dies ist das erste Castlevania-Spiel in 3D. Das Ziel des Spiels bleibt jedoch das gleiche: Kick einige Vampir-Arsch, wie Sie den bösen Grafen Dracula und seine Günstlinge in diesem Platformer bekämpfen. Der Spieler kann entweder Reinhardt Schneider (für die traditionelle Peitschenhandlung) oder Carrie Fernandez (mit magischen Kräften) spielen. Beide Charaktere haben ihre eigene Geschichte. Ein nettes Feature ist die Anwesenheit einer In-Game-Uhr, die die Uhrzeit des Tages (Tag oder Nacht) ändert. Reinhardt & Carrie erscheinen beide wieder im zweiten Castlevania-Spiel für das N64: Castlevania: Legacy of Darkness, das neue Layouts für die Levels dieses Spiels hat.
Castlevania - Legacy of Darkness (USA)	Im Jahr 1844 spielt das Spiel den männlichen Bestien Cornell in seinem Bestreben, seine Adoptivschwester Ada davon abzuhalten, als Opfer für die Wiederbelebung von Dracula benutzt zu werden. Das Spiel beginnt, als Cornell in seinem Dorf ankommt, das von Draculas Gefolgsleuten niedergebrannt wurde. Er findet Adas Anhänger in einer Tür und folgt ihrem Duft zu Draculas Schloss. Im Laufe des Spiels stößt Cornell auf ein großes Anwesen der Familie Oldrey: J. A. Oldrey, der Herr der Villa, Maria, seine Frau und Henry, ihr Sohn. Gilles de Rais und Actrise haben Oldrey Senior in einen Vampir verwandelt. Auf Marys Bitte führt Cornell Henry in Sicherheit. Später im Leben kehrt Henry nach Castlevania zurück, um entführte Kinder zu retten.
Centre Court Tennis (Europe)	Centre Court Tennis für N64 gehört zu den besten N64-Tennisspielen. Zahlreiche Plätze sind verfügbar, man kann zwischen verschiedenen Spielern wählen und die Grafik ist detailiert und realistisch! In Centre Court Tennis für N64 kannst du in verschiedenen Turnieren und Minispielen Kleidungsstücke und Extras gewinnen. Centre Court Tennis für N64 spielt sich kein Spieler gleich. Jeder hat seine individuellen Stärken und Schwächen.
Chameleon Twist (USA)	Chameleon Twist ist ein Plattformspiel auf Nintendo 64. Der Held des Spiels, Davy, der ein Kaninchen verfolgt, nimmt eine humanoide Gestalt an. Die Handlung betrifft natürlich Davy, aber auch seine Freunde Jack, Fred und Linda. Also springt ihr durch sechs magische Welten, um eure frühere Form wiederzuerlangen.
Chameleon Twist 2 (USA)	Chameleon Twist 2 auf Nintendo 64 ist ein Abenteuerspiel, in dem du das Chamäleon Davy spielst. Nachdem Davy am Ende seines ersten Abenteuers seinen Weg nach Hause gefunden hat, beschließt er sich mit seinen Freunden zu entspannen, als ein riesiger Hase vom Himmel fällt und ihn wegwirft. Also mußt du Davy helfen, nach Hause zu kommen, indem du seine Zunge benutzt, um Feinde anzugreifen und auf die Plattformen zu greifen.
Charlie Blast's Territory (USA)	Charlie Blast's Territory ist ein Puzzlespiel auf Nintendo 64, in dem du Charlie Blast, einen Bauarbeiter spielst, der seine Jeans wegen seines schweren Bierbauchs nicht mehr schließen kann. Das Ziel des Spiels ist es, Bomben und Kisten von TNT auf jeder Insel zu sammeln, um eine Kettenreaktion während der Explosion zu erzeugen.
Chopper Attack (USA)	Chopper Attack auf Nintendo 64 ist ein Action-Spiel, das Ihnen die Kontrolle über einen Angriffshubschrauber gibt. Sie können zwischen 8 verschiedenen Helikoptern mit jeweils eigenen Stärken und Schwächen wählen. Die Missionen sind abwechslungsreich und die Zerstörung aller Gebäude und Fahrzeuge bringt Ihnen Bonus, nützlich, um Verbesserungen für Ihren Hubschrauber zu kaufen.
Choro Q 64 2 - Hacha Mecha Grand Prix Race (Japan)	Choro Q 64 2: Hacha-Mecha Grand Prix Race ist ein Rennspiel, das 1999 in Japan für den Nintendo 64 veröffentlicht wurde. Dies ist die Fortsetzung von Choro Q 64 (Penny Racers außerhalb Japans) und Teil der Choro Q Serie, die auch mit Game Boy Color Choro Q Hyper Customable GB kompatibel ist und das GB Transfer Pak verwendet.
Chou Kuukan Nighter Pro Yakyuu King (Japan)	Chou Kuukan Nighter Pro Yakyuu King ist ein Baseballspiel mit Teams der japanischen Profiliga und zwei Spielmodi: Freundschaftsspiel und Saison. Im Saisonmodus spielt man eine komplette Saison mit einem Team und kann Spielertransfers durchführen. Jeder Spieler verfügt über individuelle Werte, die verbessert werden können.
Chou Kuukan Nighter Pro Yakyuu King 2 (Japan)	Bei Chōkūkan Night: Pro Yakyū King 2 handelt es sich wie beim Vorgänger um ein Baseball-Spiel. Das Spiel verfügt über die gleiche Grafik wie bereits der Vorgänger und verfolgt das gleiche Spielprinzip. Chōkūkan Night: Pro Yakyū King 2 spielt in der professionellen, japanischen Baseball-Liga. Im Spiel sind die Baseball-Spieler nach japanischen Profi-Baseballspielern benannt
Clay Fighter - Sculptor's Cut (USA)	Clay Fighter: Sculptor's Cut auf Nintendo 64 ist ein Action-/Kampfspiel, in dem 16 Kämpfer von Santa Sumo bis zur Freiheitsstatue und dem legendären Earthworm Jim spielbar sind. Es gibt eine Vielzahl von Fuß/Fußkombinationen und jeder Charakter hat seine eigenen Kombinationen. Du kannst auch mit dem Set interagieren, um deinen Gegner zu schlagen.
Clay Fighter 63 1-3 (USA)	Sie sind wieder da. Sie sind total abgedreht und scharf auf Knetgummibrei. Raus aus dem Fenster und rein in den nächsten Kampf. In Clayfighter 63 1/3 für N64 gibt es 16 Spielfiguren, die für ungezügelten Prügelspaß sorgen. Dieses Game sorgt mit vielen verschiedenen Kämpfern, von Schneemännern bis hin zum Blob für viel Abwechslung. Das sollte sich kein Prügelfan entgehen lassen: Clayfighter 63 1/3 für N64!
Command & Conquer (USA)	Das Schicksal der Welt liegt in Deinen Händen: Als Kommandeur der GDI-Streitmacht hast Du den Auftrag, die Bruderschaft von Nod zu stoppen und deren Welteroberungspläne zu vereiteln! Du willst lieber in die Rolle der Terroristen schlüpfen? Dann entscheide Dich, die Nod-Truppen gegen die GDI anzuführen um die Vorherrschaft über die Erde zu erlangen. Egal, für welche der beiden Seiten Du Dich entscheidest: Stets mußt Du Dein Vorgehen strategisch und bis ins kleinste Detail planen. Überlege genau, wo Du Deine Streitkräfte plazierst, wie Du Deinen Nachschub sicherst und wie Deine Truppen aufgebaut sind - damit Du den Sieg erlangst!
Conker's Bad Fur Day (USA)	Im Gegensatz zu allen anderen Nintendo-Spielen, die jemals gemacht wurden, erlebt Conker seinen ersten Ausflug auf der N64 mit einem reifen Publikum im Hinterkopf. Aber lassen Sie sich nicht die Gewalt in den Weg kommen, um diesen Titel zu spielen, der anderen Rare-Jump' n' Run-Titeln ähnelt, einschließlich Banjo-Kazooie. In diesem Fall hat Conker eine höllische Nacht hinter sich, und wenn er aufwacht, hat er nicht nur einen riesigen Kater, sondern etwas fühlt sich einfach nicht richtig an. Es liegt also an Conker und seinen vielen Fähigkeiten, die Dinge in Ordnung zu bringen. Conker durchläuft viele wilde und verrückte Levels, von denen die meisten auf klassischen Filmen wie The Matrix, Jaws, Aliens, The Terminator und sogar Eyes Wide Shut basieren. Ein Multiplayer-Modus ist ebenfalls enthalten, der es 4 Spielern ermöglicht, in vielen verschiedenen Arten von Multiplayer-Gameplay zu kämpfen.
Cruis'n Exotica (USA)	Cruis' n Exotica ist ein Rennspiel auf Nintendo 64. Kämpfen Sie gegen den Computer oder gegen bis zu drei Ihrer Freunde bei intensiven und adrenalinreichen Rennen. Es gibt eine große Auswahl an Rennstrecken und viele Arten von Autos sind spielbar, wie Taxis, Polizeiautos, Sportwagen, etc...
Cruis'n USA (USA)	Cruis' n USA ist ein Rennspiel auf Nintendo 64. Reisen Sie durch die Vereinigten Staaten und fahren Sie Rennwagen, wobei Sie aufpassen müssen, dass Sie pünktlich an den Checkpoints ankommen. Es ist auch notwendig, den Verkehr zu vermeiden, sehr dicht, um die zahlreichen Rennen des Titels zu gewinnen.
Cruis'n World (USA)	Cruis' n World ist ein Rennspiel auf Nintendo 64. Reisen Sie auf Straßen rund um die Welt und nehmen Sie an spannenden Rennen teil. Kämpfen Sie Ihre Gegner auf Strecken mit realistischen und authentischen Landschaften.
Custom Robo (Japan)	Custom Robot on Nintendo 64 ist ein taktisches Kampfspiel mit Robotern. Suche nach Robotern und bereite dich darauf vor, dich mächtigen mechanischen Gegnern zu stellen. Es gibt zwei Spielmodi: einen Rollenspiel-Modus, in dem du nach Verbesserungen für deinen Roboter suchen kannst und einen Battle-Modus, in dem du gegen andere Maschinen kämpfen kannst.
Custom Robo V2 (Japan)	Der zweite und letzte Custom Robo Titel, der für den Nintendo 64 entwickelt wurde. Es ist auch der erste Titel der Serie, der es bis zu vier Spielern erlaubt, anstatt bis zu zwei Spielern zu spielen.
CyberTiger (USA)	Cyber Tiger ist ein Golfspiel, das auf Nintendo 64 veröffentlicht wurde. Entdecken Sie den Weltmeister Tiger Woods, wie Sie ihn noch nie zuvor gesehen haben. In Cyber Tiger Golf ist gemeint, um surrealistisch zu sein und Arcade erlaubt Ihnen, eindrucksvolle Schüsse zu machen.
Dance Dance Revolution - Disney Dancing Museum (Japan)	Dieses Spiel ist ein reines Tanzspiel man wählt erstmal eine der Figuren z.B. Micky und muss nach den Vorgaben des Bildschirms reagieren. Es gibt 5 unterschiedliche Schwierigkeitsstufen beim Tanzen. Man folgt einfach den Pfeilen die angezeigt werden. Man konnte entweder die Tanzmatte mit den Füßen bedienen oder den Controller. Zu den Figuren gab es auch von japanischen Sänger eingespielte Lieder wie Tiki, Tiki oder it's a small world.
Dark Rift (USA)	Dark Rift ist ein Kampf-Videospiel, das von Kronos Digital Entertainment entwickelt wurde, bei dem 8 Kämpfer an einem Turnier teilnehmen, um die 3 Elemente des Kosmos zu erhalten und die ultimative Macht zu erlangen. Das Spiel bietet 3 klassische Spielmodi: Turnier, Training und Kontra.
Deadly Arts (USA)	Deadly Arts on Nintendo 64 ist ein 3D-Kampf-Videospiel mit 8 spielbaren Charakteren und 9 Arenen. Die Besonderheit des Spiels besteht darin, dem Spieler die Freiheit zu geben, seinen Kämpfer von A bis Z zu kreieren und ihn so zu modellieren, wie er möchte, indem er die Schläge der besiegten Gegner kopiert.
Densha de Go! 64 (Japan)	Densha de Go! 64 ist ein Zugsimulator, der den Spieler in die Schuhe eines japanischen Lokführers versetzt. Obwohl es mit einem herkömmlichen Nintendo 64 Controller gespielt werden kann, könnte auch ein spezieller Controller verwendet werden, der so aussieht wie ein Panel, das auf einem Zug zu finden ist.
Derby Stallion 64 (Japan)	Derby Stallion 64 on Nintendo 64 ist ein reitendes Videospiel, das exklusiv in Japan veröffentlicht wurde. Es gehört zu einer beliebten Serie in Japan, die sich auf Pferderennen spezialisiert hat.
Destruction Derby 64 (USA)	Das gibt Blechschaden! Sie wollten sich im Straßenverkehr schon immer mal so richtig daneben benehmen? Dann sind Sie bei Destruction Derby 64 genau richtig. Einerseits gilt es zwar die Rennen zu gewinnen - andererseits ist es mindestens genauso wichtig, die gegnerischen Fahrer mit gekonnten Rammanövern außer Gefecht zu setzen! In 8 verschiedenen Spielmodi (4 Einzelspieler - und 4 Mehrspielermodi) können Sie Ihren Fahrspaß ungebremst ausleben. Sie treten mit 24 unterschiedlichen Fahrzeugen auf 12 themenorientierten Strecken bzw. Arenen an.
Dezaemon 3D (Japan)	Dezaemon 3D auf Nintendo 64 ist ein Spiel-Erstellungswerkzeug, mit dem Sie 3D-Aufnahmen in 3D erstellen können, indem Sie alles selbst konfigurieren können. Das Spiel wird auch mit zwei Spielen geliefert, die bereits mit demselben Editor erstellt wurden, so dass Sie die Möglichkeiten des Erstellungswerkzeugs sehen können.
Diddy Kong Racing (USA) (En,Fr)	Das böse Zauberschwein Wizpig ist auf der Insel von Taj eingefallen und hat diese mit einem Fluch belegt. Da Tajs magische Kräfte nicht ausreichen, um das Unheil abzuwenden, bittet er Timber und seine Freunde um Hilfe, die wiederum Kontakt zu Diddy Kong aufnehmen. Um den Fluch von der Insel zu nehmen, müssen sie in den vier Bereichen der Insel goldene Ballongs sammeln und die Wächter der Welten von ihrem Fluch befreien, indem sie sie in einem Rennen besiegen...
Die Hard 64 (USA) (Proto) (Level 1)	Die Hard 64 ist ein Prototyp eines Spieles das im &quot;Die Hard&quot; (zu Deutsch: Stirb Langsam) Universum spielt. Die Entwicklung wurde abgebrochen, erneut designt und kam schließlich als &quot;Die Hard: Vendetta&quot; (deutscher Titel: Die Hard -Stirb Langsam-: Vendetta) für die Gamecube, PS2 und Xbox im Jahre 2002 auf den Markt.
Dinosaur Planet (USA) (Proto) (2000-12-01)	Die Geschichte erzählt die Abenteuer von Krystal und Sabre, zwei anthropomorphen Tieren, auf ihrer Reise über den Dinosaurierplaneten, um General Scales, den selbsternannten Anführer des Stammes der Scharfklaue, zu besiegen. Im Spielverlauf begegnen Krystal und Sabre verschiedenen anderen Dinosaurierstämmen wie den Dornenschwänzen und den Leichtfuß und decken schließlich die Wahrheit über die Entstehung des Planeten auf.
Donald Duck - Goin' Quackers (USA) (En,Fr,De,Es,It)	Donald Couak Angriff? ist ein Action-Spiel, das auf Nintendo 64 veröffentlicht wurde. Spielen Sie als Donald Duck, wie er versucht, Daisy zu retten, entführt vom Magier Merlock. Und es ist wichtig, sich zu beeilen, denn auch sein Cousin hat sich auf die Suche nach ihr gemacht, und er sollte nicht dorthin kommen.
Donkey Kong 64 (USA)	Donkey Kong ist zurück - mit alten Freunden und neuen Streitern im Kampf gegen seinen Erzfeind, dem Schuppen-Fiesling King. K. Rool! K. Rool hat die Kongs entführt! Kann Donkey Kong seine Freunde retten, die Goldenen Bananen zurückfordern und seine Heimat vor dem sicheren Untergang bewahren?
Doom 64 (USA)	Nachdem der Marine den Angriff auf die Erde durch die Dämonen überlebt hatte, beschloss er, die Monde, von denen sie kamen, zu bombardieren und ließ die tödliche Strahlung für jedes Lebewesen zurück. Eine Kreatur aus der Hölle, die sich vor den Sensoren wegen ihrer hohen Strahlungsintensität verstecken konnte, hat eine Menge Dämonen verjüngt, und die Hauptfigur aus Dooms früherer Kapitulation wurde geschickt, um diese neuen Monster loszuwerden, die gesandt wurden.
Doraemon - Nobita to 3tsu no Seireiseki (Japan)	Basierend auf der gleichnamigen Zeichentrickserie handelt es sich um ein 3D-Actionspiel, das Super Mario 64 ähnelt. Drei heilige Kristalle wurden in Stücke zerbrochen und auf der ganzen Welt verstreut. Kontrolliere Doraemon, eine katzenartige Roboterkreatur, die in die Fantasiewelt eintreten kann um die Stücke zu finden.
Doraemon 2 - Nobita to Hikari no Shinden (Japan)	Doraemon 2: Nobita to Hikari no Shinden (Doraemon 2: Nobita und der Tempel des Lichts) ist ein Actionspiel für das Nintendo 64. Es wurde 1998 nur in Japan veröffentlicht. Das Spiel basiert auf dem japanischen Manga Doraemon und ist der zweite Teil der Nintendo 64-Serie. Der Vorgänger war Doraemon: Nobita to Mittsu no Seirei Ishi, das ebenfalls nur in Japan veröffentlicht wurde.
Doraemon 3 - Nobita no Machi SOS! (Japan)	Doraemon 3: Nobita no Machi SOS! (Doraemon 3: Nobita's Town SOS!) ist ein Actionspiel für das Nintendo 64. Es wurde im Jahr 2000 nur in Japan veröffentlicht. Das Spiel basiert auf dem japanischen Manga Doraemon und ist die Fortsetzung von zwei N64-Spielen, Doraemon: Nobita to Mittsu no Seireiseki und Doraemon 2: Nobita to Hikari no Shinden, die ebenfalls nur in Japan erschienen sind.
Doubutsu Banchou (Japan) (Proto)	Fressen oder gefressen werden! Schlüpfe in die Rolle eines Tieres in seinen frühen Entwicklungsstadien. Lass dich von deinen tierischen Instinkten leiten und durchstreife mutig feindliche Umgebungen, um deine Beute zu jagen und deinen Platz in der Tierhierarchie zu sichern. Wirst du das Zeug dazu haben, der neue König der Tiere zu werden?
Doubutsu no Mori (Japan)	Dies ist die japanische Version von Animal Crossing, Doubutsu no Mori bedeutet übersetzt &quot;Animal Forest&quot;. Animal Crossing ist ein sozialer Simulator, der von Nintendo als &quot;Kommunikationsspiel&quot; bezeichnet wird. Es ist ein offenes Spiel, bei dem ein Spieler weit weg vom Stress der Stadt leben kann.
Dr. Mario 64 (USA)	Was macht Mario in seiner Freizeit? Er zerstört Viren. Dr. Mario 64 setzt das Tetris-Gameplay der Vorgängerversionen fort und fügt einen 4-Spieler-Modus hinzu.
Dragon Sword 64 (USA) (Proto) (1999-08-25)	Ein klassischer Beat' em-up, dessen Entwicklung Ende der 90er Jahre abgebrochen wurde, aber 2010 endlich veröffentlicht wurde. Das Spiel ist noch nicht zu Ende, aber Mann kann 7 Levels spielen.
Dual Heroes (USA)	Coole Helden tragen es in einem Kampf mit 3D Combo-Attacken aus. Aufregende Kämpfe gegen CPU Gegner mit Persönlichkeit! Trainiere Deinen Roboter und lasse ihn im Auto-Battle kämpfen. Gib alles, denn Du musst Dir den Titel holen! Acht virtuelle Spieler fordern Dich zu einem heißen Wettkampf heraus!
Duck Dodgers Starring Daffy Duck (USA) (En,Fr,Es)	Marvin der Marsmensch hat eine ultimative Waffe entwickelt, die es ihm erlaubt, die Erde endgültig zu zerstören, was ihm letztlich die Kontrolle über das Universum geben wird. Bei der Demonstration der Waffe hindert Marvin ein kleiner Haken daran, seine hinterhältige Tat zu vollenden. Die Waffe ist aus Atomen, auf denen sie läuft, also schickt er seine Gefolgsleute (Alle sind Charaktere aus dem Looney Tune Universum), um Atome zu sammeln, um seine Waffe zu beschießen. Duck Dodgers wird von seiner Akademie über Marvins Taten informiert und macht sich auf, die einhundert Atome zu finden, bevor Marvin sie finden kann. Dieses hat schließlich Dodgers und seinen Sidekick, Cadet, trekking zu vier verschiedenen Planeten, einschließlich ein großes Piratenschiff, um die Oberhand über Marvin zu erhalten.
Duke Nukem - Zero Hour (USA)	Die Jagd auf die zeitreisenden Alien Warlords durch die Zeitzonen kann beginnen - heutige Großstädte, das postapokalyptische New York, den wilden Westen und das victorianische London. Duke ist bereit für die volle Action mit neuen Feinden (und natürlich auch alten Bekannten). Ein beeindruckendes Arsenal aus 20 brandneuen Waffen - da wären die Claw-12 Shotgun, die guten Pipebomb's und der Alien-Scatter-Laser - stehen bereit, um jedem Alien eindrucksvoll &quot;Hallo&quot; zu sagen.
Duke Nukem 64 (USA)	Macht euch bereit, in die Rolle des größten, bösesten, gnadenlosesten Alienjägers zu schlüpfen, den das erforschte Universum je gesehen hat - Duke Nukem. Schießt Euch euren Weg frei durch die Straßen von Los Angeles, zu einer Weltraumstation im Orbit und schließlich bis zum Mond!
Earthworm Jim 3D (USA)	Earthworm Jim 3D ist ein Plattformspiel, das auf Nintendo 64 veröffentlicht wurde. Earthworm Jim wurde von einer Kuh, die vom Himmel gefallen war, niedergeschlagen. Er findet sich in seinem eigenen Gehirn wieder und ist eher in einem schlechten Zustand. Es liegt an dir, ihm zu helfen.
ECW Hardcore Revolution (USA)	Das Debüt von über 40 Hardcore-ECW-Stars! Mit von der Partie sind in ECW Hardcore Revolution für N64 Rob Van Dam, Sabu, Tommy Dreamer, Raven und viele mehr. Der erste Legenden-Modus! Kämpfe Dir den Weg frei durch die ECW und trete an gegen die Legenden des Extreme Wrestling!! Mit dabei sind in ECW Hardcore Revolution für N64 alle original Arenen inklusive der drei neuesten: The Madhouse auf Extreme (New York), The ECW Arena (Philadelphia) und Pay-Per-View Wettkämpfe. Kreiere in ECW Hardcore Revolution für N64 Deinen eigenen Pay-Per-View Modus: entscheide Dich für einen von 8 Wrestling-Kämpfen, Battle of the Belts, Specialty Matches und andere ECW Wettkämpfe...
Eikou no Saint Andrews (Japan)	Eikō no Saint Andrews ist ein Golfspiel, das sich auf den Originalplatz von St Andrews, der Wiege des Golfsports, konzentriert. Zu den Spielmodi gehören Training, Stroke Play, Match Play und Turnier. Je nach Spielart trittst Du abwechselnd gegen einen oder mehrere Spieler an oder spielst in einem Match oder Turnier gegen Computergegner. Die Charaktermodelle umfassen mehrere professionelle Golfer jener Zeit, wobei viele Dinge anpassbar sind, darunter die Körpergröße, die Spielernamen und die bevorzugte Händigkeit.
Excitebike 64 (USA)	Excitebike 64 ist ein Motocross-Rennspiel auf Nintendo 64. Sie werden 20 verschiedene Indoor- und Outdoor-Kurse im Herzen haben. Zusätzlich können Sie dank der drei Schwierigkeitsstufen des Titels Ihren Entwicklungsstand sehen. Schließlich fordern Sie Ihre Freunde mit Multiplayer spielbar Modus bis zu 4 im Split-Screen-Modus.
Extreme-G (USA)	Extreme-G ist ein futuristisches Rennspiel auf Nintendo 64. Beseitigen Sie Ihre Gegner mit Lasergewehren, Raketen, Minen, Bomben und einer Vielzahl anderer zerstörerischer Waffen während der Rennen bei über 300km/Stunde. Verschiedene Spielmodi stehen zur Verfügung, einschließlich Championship-Modus, Multiplayer-Modus und Playable Tournament-Modus für bis zu 16 Spieler.
Extreme-G XG2 (USA)	XG2: Extreme-G ist ein Rennspiel auf Nintendo 64. Der Spieler sitzt am Steuer eines speziellen Motorrads: ein XG2, das mehr als 400 km/h fahren kann. Der Titel hat mehrere verschiedene Modi, einschließlich des Championship-Modus, mit dem Sie auf verschiedenen Rennstrecken antreten können. Der Rennsieg ermöglicht es Ihnen, Geld zu sammeln, um neue Teile zu kaufen und Ihr Auto zu verbessern.
F-1 World Grand Prix (USA)	Formel 1 Power für Profis! Du bist Michael Schuhmacher! Im Cockpit Deines Ferrari wartest Du angespannt auf das Startsignal. Neben Dir steht Mika Häkkinen, in der zweiten Startreihe lauern Jean Alesi und Heinz-Harald-Frentzen. Das Rennen beginnt, mit Vollgas geht es in die erste Kurve des Hockenheim-Rings. Du hast die Pole Position gehalten! F1-World grand Prix bringt Dir die ganze Welt der Formel 1 auf den Bildschirm. Original-Fahrer, Original-Rennstrecken, Original-Teams, einfach Original Racing-Feeling.
F-1 World Grand Prix II (Europe) (En,Fr,De,Es)	Und Michael Schumacher hat doch noch das für unmöglich gehaltene Finish in Suzuka geschafft - im letzten Rennen wird er dank einer überlegenden Boxenstrategie und einer grandiosen Rennleistung Fahrerweltmeister 1998! In der Realität bleibt dies ein Wunschtraum, doch zuhause ist dieses Kunststück mit F-1 World Grand Prix II möglich! Durch viele sinnvolle Ergänzungen macht diese Simulation jetzt noch mehr Spaß. Eine verbesserte Gegnerintelligenz, überarbeitete Grafikroutinen und der aktualisierte Challengemodus versetzen den Spieler mitten hinein ins Cockpit. Dieses Rennerlebnis ist realistisch genug, um förmlich den Geruch von Benzin und abgefahrenen Reifen in der Nase zu empfinden!
F-Zero X (USA)	...in wenigen Momenten beginnt das haarsträubendste, wahnwitzigste und spektakulärste Hochgeschwindigkeits-Rennen des 22. Jahrhunderts. Mit futuristischen Raumgleitern, die innerhalb weniger Sekunden von 0 auf 1000 Stundenkilometer beschleunigen, rast Du durch verrückte Cyber-Landschaften voller Loopings, Sprungschanzen und Schikanen. Nur die besten Fahrer haben eine reelle Chance, lebendig das Ziel zu erreichen.
F1 Pole Position 64 (USA) (En,Fr,De)	Schwinge Dich in F1 Pole Position für N64 ins Cockpit eines Formel 1 Rennwagens und messe dich mit den besten Teams der Welt in einem atemberaubenden Rennen! Erkunde die 16 offiziellen Weltmeisterstrecken von F1 Pole Position für N64 und spüre die Faszination des Grand Prix Geschehens und das alles in superschnellen 3D. Einstellbare Schwierigkeitsgrade und verschiedene Spielmodi in F1 Pole Position für N64 machen dich fit für das große Ziel.
F1 Racing Championship (Europe) (En,Fr,De,Es,It)	Nehmen Sie teil an einer der angesehensten Meisterschaften der Welt! Offiziell lizensiert durch die &quot;Formula One Administration Ltd.&quot; ist F1 Racing Championship für N64 eines der herausfordernsten, realistischsten und spannendsten Formel 1-Rennspiele, für Ihre PSX-Konsole. Fahren Sie in F1 Racing Championship für N64 allein oder zu zweit im Multiplayermodus mit allen echten Formel 1-Daten der 1999 FIA Formula One World Championship. F1 Racing Championship für N64 darf sich kein F1-Fan entgehen lassen!
Famista 64 (Japan)	Famista 64 von Namco ist die erste 64-Bit-Version seiner Family Stadium-Serie von Baseballspielen. Alle wichtigen japanischen Teams der Saison 1997 sind anwesend und Uniformen und Stadien werden nach ihren realen Pendants modelliert. Liga- und Karrieremodi. Famista 64 vermischt 3D-Grafiken mit sehr minimalistischem 2D und einfachem Gameplay und ist ein Baseball-Simulator, der Sportfans sehr unterhalten kann.
FIFA - Road to World Cup 98 (USA) (En,Fr,De,Es,It,Nl,Sv)	Der Spieler steuert in Freundschaftsspielen oder einer selbstdefinierten Liga die Spieler einer Fußballmannschaft in einer von mehreren internationalen Ligen oder bei der Fußball-Weltmeisterschaft 1998. Er hat dabei die Wahl zwischen den Vereinsmannschaften verschiedener nationaler Ligen und allen Nationalmannschaften, die an der Qualifikation zur Fußball-Weltmeisterschaft 1998 teilnahmen. Mit letzteren kann er die Weltmeisterschaft nachspielen. Als Spielstätte stehen 16 Stadien aus 16 Ländern zur Auswahl. FIFA 98 war das letzte Spiel aus dieser Reihe, in dem der Spieler Hallenfußballspiele austragen konnte. Die Kommentatoren der Fußballspiele in der deutschen Version sind Martin Siebel, Wolf-Dieter Poschmann und Werner Hansch.
FIFA 99 (USA) (En,Fr,De,Es,It,Nl,Pt,Sv)	Alle Vereine, alle Ligen, alle Pokale! Saison-Modus - Wählen Sie zwischen 220 Vereinsmannschaften aus 12 europäischen Ligen. Europäische Dream League - Europas Top-20 Mannschaften und Stadien. Eigene Ligen und Pokale - Spielen Sie mit in jeder Liga und um jeden Pokal. EA-Sports-Cups - Drei unterschiedliche Pokalformate plus 42 Nationalmannschaften für internationale Begegnungen. Komplettes neues Gameplay. Sofort Reaktionen der Spieler - flüssigeres und spannenderes Angriffsspiel. Schnellere Ballkontrolle - Verbesserte Ballkontrolle für genaueres Passen, Täuschen, Dribbeln und Schießen.
FIFA Soccer 64 (USA) (En,Fr,De)	EA Sports hebt den beliebtesten interaktiven Sporttitel mit FIFA Soccer 64 für N64 auf den nächsten Level. 3D-Stadien und Motion Capture-Animationen bringen dir die Fußballatmosphäre nach Hause! In FIFA Soccer 64 für N64 kannst du präzise passen und schießen. Jede Bewegung geht flüssig von der Hand. Du hast die Kontrolle! FIFA Soccer 64 für N64 erlaubt es dir mit der neuartigen Bild-in-Bild-Funktion das Geschehen aus zwei Perspektiven zu betrachten. So entgeht dir kein spielentscheidendes Detail!
Fighter Destiny 2 (USA)	Fighter Destiny 2 on Nintendo 64 ist ein Kampfspiel, in dem du deinen eigenen Kämpfer erschaffen kannst und ihn durch Duelle gegen viele Gegner dazu bringen kannst, Ränge zu gewinnen. Neben den klassischen K. O. Klassikern gibt es mehrere Möglichkeiten, die Schlachten zu gewinnen.
Fighters Destiny (USA)	Fighters Destiny ist ein Kampfspiel auf Nintendo 64. Das Duell findet in vollständig modellierten dreidimensionalen Kampfarenen statt. Konfrontationen finden punktuell statt. Jede Aktion gibt dir Punkte (Ring-out, K. O., etc.). Wer die meisten hat, gewinnt das Spiel.
Fighting Force 64 (USA)	Begeben Sie sich auf den actionreichen Weg in ein aufregendes Abenteuer. Folgen Sie allein oder zu zweit den Pfaden unserer vier Helden, die sich ihren Weg durch wahre Horden von Bösewichtern kämpfen müssen. Durch die Benutzung von herumliegenden Gegenständen als Waffe und das Entdecken versteckter Moves kämpfen Sie sich durch eine Vielzahl faszinierender Umgebungen in einer atemberaubenden 3D-Welt.
Flying Dragon (USA)	Das hat es zuvor noch nie gegeben: Hier sind zwei Spiele in einem vereint! Flying Dragon lässt Dich sowohl einen coolen Virtual-Combat Fight wie bei herkömmlichen Fighter Games austragen, wie auch in die Welt eintauchen und das Spiel als RPG erleben. Das unterhält sicher die ganze Familie auf Deiner N64! Du hast eine Riesenauswahl an verschiedenen Chrakateren, die alle einzigartige Fertigkeiten und Persönlichkeiten haben. Du willst Flying Dragon nicht nur alleine genießen? Kein Problem! Du kannst Deinen Charakter auf deinem Controller Pak speichern und mit ihm gegen Deine Freunde antreten. Also ab an die N64!
Forsaken 64 (USA)	Wir schreiben das Jahr 2077: Ein fehlgeschlagenes Experiment löst auf der Erde eine gewaltige Energiewelle aus und zerstört große Teile der Planetenoberfläche. Der Planet wird zur verseuchten Zone erklärt und damit zur Plünderung freigegeben. Glücksritter, Piraten und Abenteurer wittern schnell fette Beute und durchsuchen mit ihren schwebenden Vehikeln die gefährlichen Trümmer einer ehemals hochmodernen Zivilisation.
Fox Sports College Hoops '99 (USA)	Fox Sports College Hoops '99 ist ein Sportspiel, das 1998 für das N64 veröffentlicht wurde und sich mit dem amerikanischen College-Basketball beschäftigt. Zur Auswahl stehen über 120 lizenzierte College-Teams mit originalen Outfits, Logos sowie mehrere Spielmodi, wie zum Beispiel NCAA Tournament, NCAA Sweet 16 oder auch Final Four.
Freak Boy (Unknown) (Proto)	Am Neujahrstag stehen die Planeten in einer Linie, was es außerirdischen Invasoren namens ZoS ermöglicht, das Sonnensystem zu erobern, indem sie die Sonne auslöschen. Der Held Freak Boy muss die Bewohner der Erde retten, indem er die Aliens mit seinen Superkräften besiegt, die es ihm ermöglichen, die Form und Eigenschaften von Objekten anzunehmen, die er absorbiert.
Frogger 2 (USA) (Proto 4)	Frogger is back! Der knuddelige Frosch Frogger und seine Froschdame des Herzens Lilli sind wohl keine besonders guten Babysitter. Denn Swampy, der fiese Alligator, schnappt sich die kleinen Geschwister Lillis, während Frogger und Lilli selbstvergessen auf einem Seerosenblatt sitzen. Zum Glück bemerken die beiden bald die Entführung -- und Swampy verliert auf seiner Flucht immer mal wieder ein Froschbaby. Also heißt die Devise: immer dem Quaken der Minifrösche nach und dem miesen Swampy den Garaus gemacht!
Fushigi no Dungeon - Fuurai no Shiren 2 - Oni Shuurai! Shiren Jou! (Japan)	Du übernimmst die Kontrolle über Shiren, einen Ronin (herrenloser Samurai), der auf der Suche nach dem Land des goldenen Kondors durch eine fantasievolle Version des feudalen Japans reist. Shiren wird auf seiner Reise von seinem Wiesel Sidekick Koppa begleitet, und gemeinsam sammeln die beiden Mys.
Gauntlet Legends (USA)	Zerstöre zusammen mit bis zu 4-Spielern die Mächte des Bösen im Gauntlet Universum! Reise durch drei riesige Welten voller Feinde, Fallen und Schätze! Benutze Magie, Zaubertränke und neue &quot;legendäre Objekte&quot; um das Königreich vom teuflischen Skorne zu retten! Wähle aus neun Helden (davon fünf versteckte) und kämpfe gegen abscheuliche Monster-Horden und sechs verdorbene Bosse!
Getter Love!! - Cho Renai Party Game Tanjou (Japan)	Getter Liebe !! ist eine Dating-Sim, in der ein Gymnasiast und seine Freunde einen Wettbewerb veranstalten, um zu sehen, wer zuerst eine Freundin bekommt. Aus diesem Grund und im Gegensatz zu anderen Dating-Sim-Spielen müssen Sie sich bis zu drei menschlichen oder CPU-Spielern stellen, um den zu gewinnen
Gex 3 - Deep Cover Gecko (USA)	Let's GEX again! Gex ist zurück in der bizarren Media Dimension - sein Auftrag: Rettung der bezaubernden Agentin Xtra aus den Klauen seines Erzfeindes Rez. FEATURES: - Riesige 256MB-ROM mit 27 großen(!) und vertrackten Levels - enthält unter anderem 3 völlig neue N64 exklusive Level - Enthält GEX brandneuen ZUNGENSCHWINGER - bisher nur auf dem N64 zu sehen! Plus GEX' volles Action-Arsenal mit Klettern, Schlagen und Plätten mit dem Schwanz und dem blitzschnellen Karate-Kick - Weitere neue Fähigkeiten: Panzerfahren, Gleiten, Tauchen, Krokodile und Känguruhs reiten - Völlig neue Kostüme machen GEX DracuGEX, Privat-ErGEXer, Anime-GEX, Sherlock GEX und mehr - Enthält außerdem 3 geheime Charaktere und haufenweise versteckte Überraschungen
Gex 64 - Enter the Gecko (USA)	Gex ist das Genie der Verkleidungen! Im Kung Fu-Anzug, Hasenkostüm oder Nadelstreifen verwirrt er seine Gegner. 24 Packende Level in der Mediadimension - alles Parodien auf bekannte Kinofilme und TV-Serien. Über 125 ausgefallene Gecko-Moves wie Karatetritte, klebrige Zungen-Attacken und Kletterpartien an senkrechten Wänden. Mit Exclusivem Tiefseelevel für die N64-Version.
Glover (USA)	Glover ist neu! Glover ist cool! Grover ist der Held! Glover ist... ein Handschuh! Ja genau, richtig gelesen! Ein Handschuh rettet die Welt! Na ja, nicht gleich die ganze Welt, sondern das sagenumwobene Crystal Kingdom. Wie er das macht? Auf seine ganz eigene Art und Weise! Er wirft, dribbelt, schlägt und rollt einen Gummiball durch sechs riesige Welten und sammelt dabei nach und nach die über das gesamte Königreich verstreuten Kristalle wieder ein.
Glover 2 (USA) (Proto 2)	Hasbro Interactive hatte geplant eine Fortsetzung zu Glover zu veröffentlichen, die einen Boxhandschuh-Charakter hatte und im Jahr 2000 mit dem Namen Glover 2 veröffentlicht werden sollte, aber die Idee wurde verworfen. Unfertige Version des Spiels.
Goemon - Mononoke Sugoroku (Japan)	Goemon: Mononoke Sugoroku ist ein Videospiel für das Nintendo 64, das 1999 veröffentlicht wurde. Das Spiel basiert auf der Ganbare Goemon-Serie und wurde trotz der relativen Popularität der Serie im Westen nur in Japan veröffentlicht. Das Spiel basiert auf dem japanischen Brettspiel Sugoroku, das mit Konamis Ganbare Goemon-Figuren bevölkert ist. Bis zu vier Spieler kontrollieren zwei Würfel und steuern abwechselnd Goemon, Ebisumaru, Sasuke oder Yae über vorberechnete Spielbretter, die früheren Schauplätzen der Ganbare Goemon-Serie ähneln.
Goemon's Great Adventure (USA)	Mystical Ninja 2 - Starring Goemon ist im Gegensatz zu seinem Vorgänger auf dem N64 ein traditionelles, horizontal scrollendes Jump & Run mit Adventure-Elementen, das durch sein hervorragendes Gameplay gerade im Zweispieler-Modus besticht. Grafik und Sound sind wie bei Goemon-Spielen üblich völlig abgedreht und unterstreichen einmal mehr den Kultstatus der Serie.
Golden Nugget 64 (USA)	Golden Nugget 64 auf Nintendo 64 ist ein Echtzeit-Casinospiel, das im Golden Nugget Casino in Las Vegas stattfindet. Der Titel bietet 15 klassische Spiele wie Blackjack oder Roulette und einen 4-Spieler-Mehrspielermodus.
GoldenEye 007 (USA)	Die Handlung hält sich, bis auf zwei Bonusmissionen, über das gesamte Spiel hinweg an die Handlung des Filmes GoldenEye, jedoch erhält der Spieler auch Aufträge, die im Film nur am Rande erwähnt werden, einige Details wurden (im Vergleich zum Film) verändert.
GT 64 - Championship Edition (USA)	Gt 64 Championship Edition ist ein Rennspiel auf Nintendo 64. Passen Sie den Motor Ihres Autos an und passen Sie Ihren Fahrstil den sich ändernden Witterungsbedingungen an. Mit einem der 14 anwesenden Teams ist Ihr Hauptziel, die GT-Meisterschaft zu gewinnen.
Hamster Monogatari 64 (Japan)	Hamster Monogatari 64 ist eine Lebenssimulation für das Nintendo 64, in der der Spieler Hamster aufziehen und pflegen muss. Es wurde 2001 nur in Japan veröffentlicht. Das Spiel findet in einer isometrischen 2D-Umgebung statt, in der du dich um deinen Hamster im Tamagochi-Stil kümmerst, ihn fütterst, ihn schlafen legst, streichelst, durch die Stadt läufst und Aktivitäten in Minispielen ausführst.
Harukanaru Augusta - Masters '98 (Japan)	&quot;Masters' 98: Haruka Naru Augusta&quot; ist ein Golfspiel für das Nintendo 64. Es wurde 1997 nur in Japan veröffentlicht. Es ist eines von drei Nintendo 64-Golfspielen, die exklusiv in Japan erhältlich sind. Die anderen sind &quot;Eikou no Saint Andrews&quot; und &quot;64DD Japan Pro Golf Tour 64&quot;. Als Fortsetzung der T&E Soft-Golfserie und erstes Golfspiel für das Nintendo 64 folgte 1998 &quot;Waialae Country Club: True Golf Classics&quot;. Obwohl beide die gleiche Engine haben, sind die Standorte und Kurse völlig unterschiedlich.
Harvest Moon 64 (USA)	In Harvest Moon für N64 müsst ihr die Farm eurer verstorbenen Großmutter auf Vordermann bringen. Bewaffnet euch mit Sichel, Axt und Hammer und geht in den Kampf gegen Unkraut, Bäume und Steine, und baut eure eigene Farm auf. Alle zwei Jahre und vier Monate wird euer Fortschritt bewertet. Neben dem Züchten von Tieren und Anpflanzen von Gemüse und Getreide geht es auch darum Beziehungen mit den Dorfbewohnern zu verbessern und euch nach einem anstrengendem Tag auszuruhen, z.B. durch Angeln am See. Das Leben des Farmers Pete in einen perfekten Einklang zu bringen bereitet eine Menge Spaß und ist eine große Herausforderung.
Heiwa Pachinko World 64 (Japan)	Heiwa Pachinko World 64 ist ein Simulationsspiel für den Nintendo 64, das auf dem beliebten japanischen Spiel Pachinko basiert (dem seltsamen japanischen Glücksspiel, bei dem viele silberne Kugeln schleudern). Es wurde nur in Japan im Jahr 1997 veröffentlicht.
Hercules - The Legendary Journeys (USA)	Übernimm die Kontrolle über den legendären Helden Herkules und seine Freunde Iolaus und Serena, während sie versuchen, Ares von der Vollendung seiner teuflischen Pläne abzuhalten. Nutze die einzigartigen Attribute eines jeden Charakters: Herkules' legendäre Stärke, Iolaus' Flinkheit und Serenas Genauigkeit, um deine Aufgabe zu erfüllen. Reise durch 12 einzigartige, vollständig in 3D gestaltete Welten, von der sonnigen Küstenstadt Porticus bis zu den verschneiten Bergen von Alpsius. Erforsche die von Banditen überrannten Wälder von Traycus oder den himmlischen Olymp. Kämpfe gegen mythische, furchterregende Monster wie den Minotaurus, Zyklopen und weitere!
Hexen (USA)	Während Sie noch die Mächte von D'Sparil bekämpften, waren die anderen Schlangenreiter schon fleissig dabei, den Samen der Zerstörung in anderen Dimensionen zu tragen. Eine dieser Dimensionen ist die verfallende Welt, in der &quot;Hexen&quot; spielt. Nur drei Menschen sind dem bösen Zauberer der Dämonen entkommen - ein Kämpfer, ein Magier, ein Prister. Und diese drei tapferen Seelen haben nun geschworen, die Welt von der Herrschaft des Bösen zu befreien, bevor sie völlig zerstört ist.
Hey You, Pikachu! (USA)	Hey du Pikachu! auf Nintendo 64 ist ein Abenteuerspiel, in dem das berühmte, komplett gelbe Pokémon Sie auf einem Abenteuer durch eine Reihe von Minispielen begleitet. Dank des Spracherkennungssystems können Sie sogar direkt mit Ihrem aufgeregten Freund sprechen!
Hot Wheels - Turbo Racing (USA)	Hot Wheels Turbo Racing ist ein Rennvideospiel für den Nintendo 64, das 1999 veröffentlicht wurde. Es enthält Fahrzeuge, die auf der Hot Wheels-Spielzeugserie basieren. Es enthält auch Kyle Pettys NASCAR-Stockcar von 1999, da es von Hot Wheels gesponsert wurde. Es enthält auch Musik von Künstlern wie Primus und Mix Master Mike. Der Fokus des Spiels liegt darauf, mit einem aus einer Auswahl von Autos durch verschiedene Themenstrecken zu fahren. Auf geheime Strecken kann man zugreifen, indem man gewinnt, und neue Autos können verwendet werden, indem man die &quot;Neuwagen&quot;-Boni findet, die in jeder Phase versteckt sind.
Hybrid Heaven (USA)	Hybrid Heaven ist ein von Konami für den Nintendo 64 entwickeltes Action-/RPG-Videospiel, das Genres vermischt, indem es die Erkundung von Abenteuerspielen mit den rundenbasierten Konfrontationen von RPGs kombiniert. Sie sind Agent Diaz, der in eine riesige Verschwörung von Außerirdischen verwickelt ist, die durch das Klonen des Präsidenten der Vereinigten Staaten die Macht an sich reißen wollen.
Hydro Thunder (USA)	Hydro Thunder für Nintendo 64 ist ein aufgeladenes Bootsrennspiel. Es ist eine Portierung vom Arcade-Automaten. Die Software ist eher Arcade-orientiert und basiert auf einem System von Kontrollpunkten, die Sie nacheinander überqueren müssen, um das Rennen bis zum Ende fortzusetzen. Geschwindigkeitsboni sind über die dreizehn vom Titel angebotenen Kurse verteilt.
Ide Yosuke no Mahjong Juku (Japan)	Ide Yosuke no Mahjong Juku ist ein Spiel, das von der Seta Corporation entwickelt und veröffentlicht wurde und im Jahr 2000 in Japan veröffentlicht wurde. Mahjong ist ein Tischspiel chinesischer Herkunft, das ab 1920 in den Rest der Welt und vor allem in den Westen exportiert wurde. Es besteht aus 144 Teilen, die gemeinhin als ? Steine?. Sind sie: 36 Steine aus dem Anzug? Kreis? 36 Steine aus dem Anzug ? Bambu? 36 Steine aus dem Anzug ? Charakter?
Iggy's Reckin' Balls (USA)	Die Spieler treten gegeneinander an, um gigantische hohe Gerüste zu erklimmen. Jede Spielfigur ist mit einer Art Enterhaken ausgerüstet, so dass man sich nach oben ziehen und somit ein Stück des Weges überspringen kann. Die Bahnen sind sowohl mit Hindernissen als auch mit nützlichen Extras gespickt. Während des Spiels ist es auch wichtig die anderen Spieler zu beobachten damit eine Begegnung nicht in eine Schlacht ausartet und das eigentliche Rennen für eine ganze Weile auf der Strecke bleibt. Ein nie dagewesenes Rennspiel!
In-Fisherman - Bass Hunter 64 (USA)	Wirf entweder den Haken ins Wasser und schaue, was passiert oder angel in einem Zeitlimit eine bestimmte Anzahl von Fischen mit Mindestgewicht. Habe dabei immer ein Auge auf die Wetter- und Wasserverhältnisse, die Uhr- und Jahreszeit und den See. Mit dem Boot mit Außenborder geht es über den See, um einen geeigneten Platz zu finden. Mit viel Geduld und Fingerspitzengefühl wirst du mit Hilfe der Oberflächen- und Unterwasseransicht des Sees den Fisch vorher schon sehen und anschließend schnappen können. Doch Vorsicht! Verscheuche ihn nicht durch zu schnelles Anziehen. Die Rumble-Funktion lässt Dich jeden Biss spüren!
Indiana Jones and the Infernal Machine (USA)	Vor 2500 Jahren hat der babylonische Gott Marduk die mysteriöse Höllenmaschine in den Fundamenten des legendären Turms zu Babel errichtet. Als der Turm zerstört wurde, zerlegten Marduks Hohepriester die Höllenmaschine in vier Teile und vertsteckten sie an entlegenen Orten auf der ganzen Welt. Bei Indiana Jones - Infernal Machine braucht die CIA Dich, um im Wettlauf gegen die Zeit und die Sowjets die fehlenden Teile der Maschine zu finden ...und ihr Geheimnis zu lüften.
Indy Racing 2000 (USA)	Sei dabei beim größten Racing Spektakel, dass Du dir vorstellen kannst! Auf deiner N64 kannst Du dich nun hinters Steuer setzen und selber bestimmen, wie schnell, stark und unvergesslich Du bei diesem Rennen abschneiden willst. Dank authentischer Indieaction und verschiedenen Fantasystrecken wird Dir garantiert nicht langweilig auf der Piste. Hast Du das Zeug, bei Indy Racing 2000 mit 360 km/h über die Ziellinie zu fahren? Stell Dies nun unter Beweis, und besiege gleich auch noch Deine Freunde im spannenden Multiplayer Modus. Zeig Ihnen, dass Du der Racing Profi Deiner N64 bist!
International Superstar Soccer '98 (USA)	International Superstar Soccer 98 ist ein Fußballspiel aus der ISS-Serie, das auf „International Superstar Soccer 64“ und das Vorgängerspiel „International Superstar Soccer 2000“ folgt. Das Spiel konzentriert sich auf die Weltmeisterschaft 1998 in Frankreich und bietet 56 Nationalmannschaften sowie 6 All-Star-Teams zum Freischalten im „Weltliga“-Modus. Das Spiel bietet 6 Spielmodi, die Möglichkeit, Spieler zu erstellen, 9 Stadien, 4 Wetterumgebungen, Tag- und Nachtspiele. Es ist auch voller Ester-Eier und sehr technisch, man kann Roulettes, One-Twos, Lobs usw. spielen.
International Superstar Soccer 2000 (USA) (En,Es)	Das Warten hat sich gelohnt. Mit noch mehr Features, verbesserter Grafik und verfeinertem Gameplay erwartet den Spieler das realistischste und spannendste Fußballspiel des neuen Jahrtausends. Bahnbrechend ist der neue Karriere-Modus. Der Spieler durchlebt in der Rolle eines Schülers den harten Weg von der Jugend bis hin zum Profifußball. Das gesamte soziale Umfeld eines Jugendlichen wird dabei berücksichtigt. Einfach unglaublich ist die Tatsache, daß neben Disziplin und Teamgeist auch das soziale Verhalten außerhalb des Spielfelds die Eigenschaften des Spielers prägen. Kein Spieler entwickelt sich identisch! Allein der Karriere-Modus würde ein eigenes Spiel rechtfertigen. Gigantisch.
International Superstar Soccer 64 (USA)	International Superstar Soccer 64 ist ein Fußballspiel für Nintendo 64. Dieser Titel bietet ein realistisches 3D-Spielerlebnis mit einer Team- und Stadionlizenz sowie authentischen Ansager. Es gibt sechs Spielmodi, einschließlich der üblichen Ausstellungsmodi und des Trainings für 1 bis 4 Spieler. Mit dem International Cup treten Sie gegen eine Reihe von Teams aus der ganzen Welt an, um den Cup zu gewinnen. World League ist eine Serie von 70 Spielen gegen jedes Team aus der ganzen Welt. Auch Elfmeterschießen-Wettbewerb mit bis zu 4 Spielern ist möglich oder bestimmte Szenario Spiele zu beenden (wobei jedes Spiel mit einem bestimmten Ziel eingerichtet ist, z. B. ein Tor innerhalb eines vorgegebenen Zeitlimits zu erzielen oder die gegnerische Mannschaft zu stoppen)
International Track & Field 2000 (USA)	International Track & Field 2000 bietet mit 14 Disziplinen zwei mehr als die Sony-Variante. Neu sind in Track & Field: Summer Games für N64 Tontaubenschießen, Hochsprung, Reckturnen und Dreisprung. Die Steuerung des Athleten bleibt auf wenige Kommandos beschränkt, wobei eine animierte Tastenerklärung das simple Treiben vor dem Start veranschaulicht. Bis zu vier Spieler ringen um einen Platz auf dem Treppchen; in Renndisziplinen treten die Kontrahenten sogar gleichzeitig an. Beim Weitsprung, Speer- und Hammerwurf ist zusätzlich zu den C-Tasten der Z-Button des Controllers zu drücken.
Itoi Shigesato no Bass Tsuri No. 1 Kettei Ban! (Japan)	Itoi Shigesato no Bass Tsuri Nr. 1 befindet sich im fiktiven Akahoshi-See, wo der BAC (Bass Angler's Club) Fische fischt und an Turnieren teilnimmt. Es gibt verschiedene Arten von Fischen und es gibt einen Größenbereich innerhalb jeder Art. Das Ziel des Spielers ist es, so viele und so große Fische wie möglich zu fangen, um an zusätzlichen Wettbewerben teilzunehmen. Um beim Angeln am erfolgreichsten zu sein, müssen die Spieler den fruchtbarsten Teil des Akahoshi-Sees unter Berücksichtigung der Wetterbedingungen und der Tageszeit bestimmen. Der Spieler kann auch aus mehreren verschiedenen Ködern auswählen, mit denen verschiedene Arten und Fischgrößen angezogen werden können. Der meistgesuchte Fisch im Spiel ist der &quot;Bass von mehr als 80 cm&quot;.
J.League Dynamite Soccer 64 (Japan)	J. League Dynamite Soccer 64 wird von der offiziellen japanischen Fußballliga unterstützt, was bedeutet, dass Sie mit allen siebzehn Mannschaften spielen, aus denen 1997 die J-League bestand. Sie können alleine spielen oder Mehrspielerpartien mit bis zu 4 Spielern absolvieren.
J.League Eleven Beat 1997 (Japan)	J-League Eleven Beat 1997 auf N64 ist ein Fußballspiel, das nur in Japan veröffentlicht wurde. Dabei handelt es sich um die japanische Liga mit teils fiktiven Spielern. Das Spiel hält sich im Comic-Design mit grellen Farben, hat eine gewisse Tiefe in der Spielbarkeit und in den Bewegungen.
J.League Live 64 (Japan)	Ein Fußballspiel basierend auf der FIFA 64-Engine. Zum spielen stehen ausschließlich J-League-Teams zur Auswahl.
J.League Tactics Soccer (Japan)	J-League Tactics Soccer ist ein Fußballmanagement-Spiel, in dem Spieler in die Rolle eines Trainers schlüpfen und ihr Lieblingsteam der J-League zum Sieg führen. Zur Auswahl stehen verschiedene J-League-Teams mit jeweils einzigartigen Werten für Angriff, Geschwindigkeit, Verteidigung und Gesamtstärke. Das Spiel bietet verschiedene Modi, darunter den J-League-Modus, in dem Spieler ihr Team durch eine Saison führen und strategische Entscheidungen zu Formationen, Aufstellungen und Spielstrategien treffen. Im Universal-Cup-Modus treten Spieler in einem globalen Turnier gegen Teams aus aller Welt an, während sie im Battle-Modus Freunde in Mehrspielerpartien herausfordern können.
Jangou Simulation Mahjong Dou 64 (Japan)	Profitez d'un bon jeu de mahjong, peut-être l'un des meilleurs jeux de mahjong sur Nintendo 64 avec des graphismes 3D vous offre une expérience de jeu de mahjong imbattable. Cela prendra un peu de temps pour l'essayer et réussir a maitrisés toutes les subtilités de ce jeu. Le Mahjong est un jeu de société d'origine chinoise qui s'est exporté, depuis 1920, dans le reste du monde et principalement en Occident. Il se compose de 144 pièces, communément appelées &quot;pierres&quot;.
Jeopardy! (USA)	Gefahr! ist ein Quiz-Videospiel, das auf der berühmten amerikanischen Lieblingsserie auf Nintendo 64 basiert. Aus den Antworten müssen die drei Spieler die entsprechende Frage finden. Das Spiel erstreckt sich über 3 Runden, in denen die Spieler Geld einsetzen müssen, bevor sie die Antwort finden.
Jeremy McGrath Supercross 2000 (USA)	Diese Edition des lizenzierten Supercross-Rennspiels bietet 8 Indoor- und 8 Outdoor-Tracks. Sie können wählen, ob Sie ein einzelnes Rennen auf einer einzelnen Strecke oder eine Meisterschaftsserie auf den Indoor-Strecken, den Außenstrecken oder beidem durchführen möchten. Darüber hinaus gibt es einen Zeitfahrmodus sowie den Freestyle-Modus, in dem Sie in einem Skatepark-ähnlichen Gebiet herumfahren und Tricks für Punkte ausführen können.
Jet Force Gemini (USA)	Das Weltall bebt! Der böse Tyrann Mizar erobert fast täglich weitere Planeten, ein interstellarer Krieg steht unmittelbar bevor. Das Team der Jet Force Gemini um Juno, Vela und ihr Schoßtier Lupus registriert auf ihren Patrouillen ein bedrohliches Ausmaß an Zerstörung und Verwüstung, doch ihre vehementen Rufe nach Verstärkung werden von den zentralen Behörden schlichtweg ignoriert. Als Mizar mit seinen Insektenhorden sogar in die benachbarte Galaxie ihres Heimatplaneten vordringt und befreundete Völker gefangen nimmt, bleibt für Jet Force Gemini nur die Flucht nach vorne, getreu dem Motto: Angriff ist die beste Verteidigung!
Jikkyou G1 Stable (Japan)	Aufregend! Das unglaubliche Gefühl, auf dem Rücken eines Rosses zu sitzen und Rennen zu gewinnen! Es gibt kein besseres Pferderennspiel als Jikkyou G1 Stable, ohne Zweifel das beste Pferderennspiel für den Nintendo 64.
Jikkyou J.League Perfect Striker (Japan)	Jikkyou J.League Perfect Striker ist ein Fußballspiel für Nintendo 64. Das erste in der ISS-Serie für N64. Dieser Titel bietet ein realistisches 3D-Spielerlebnis, das eine Lizenz für die J.League und das Stadion sowie einen echten Ansager beinhaltet. Die Anwendung ist in 4 gleichzeitig spielbar. Die westlichen Versionen werden sich unter dem Namen „International Superstar Soccer 64“ erneut auf internationale Teams und nicht auf japanische Vereine konzentrieren. Diese neue Version wird auch in Japan unter dem Titel „Jikkyou World Soccer 3“ neu aufgelegt (Episoden 1 und 2 sind die 2 ISS). auf dem SNES veröffentlichte Spiele).
Jikkyou Powerful Pro Yakyuu - Basic Ban 2001 (Japan)	Jikkyou Powerful Pro Yakyuu Basic Han 2001 ist ein von Diamond Head entwickeltes und von Konami veröffentlichtes Sportvideospiel, das 2001 in Japan veröffentlicht wurde. Es handelt sich um ein Baseballspiel mit animierten Charakteren für Nintendo 64. Es wurde 2001 exklusiv in Japan veröffentlicht und ist der letzte Titel der Jikkyō Powerful Pro Yakyū-Serie für Nintendo 64 und setzt die Serie fort, die mit Jikkyō Powerful Pro Yakyū 4, Jikkyō Powerful Pro Yakyū 5, Jikkyō Powerful Pro Yakyū 6 und Jikkyō Powerful Pro Yakyū 2000 begann. Alle Spiele der Serie wurden nur in Japan veröffentlicht.
Jikkyou Powerful Pro Yakyuu 2000 (Japan)	Der Protagonist, der in der High School und im College weiterhin Baseball spielte, macht seine dritte Wette und beginnt als Mitglied eines professionellen Baseballteams Baseball zu spielen. Das Spiel basiert auf „JIKKYOU PAWAFURU PUROYAKYU '99 OPENING EDITION“, jedoch mit einem neuen Event zum Erwerb besonderer Fähigkeiten und einer neuen Ausrüstung, der „Dosukoi Sake Brewery“.
Jikkyou Powerful Pro Yakyuu 4 (Japan)	Jikkyō Powerful Pro Yakyū 4 ist eine Baseball-Simulation mit verschiedenen Spielmodi wie Freundschaftsspiel, Saison, All-Star-Spiel und Home-Run-Derby. Spieler können aus einer Auswahl fiktiver Teams wählen, jedes mit seinen eigenen Spielern und Fähigkeiten. Spieler haben die volle Kontrolle über ihr Team – vom Werfen und Schlagen bis hin zum Feldspiel und Basislaufen. Neben dem Hauptspiel bietet Jikkyō Powerful Pro Yakyū 4 auch diverse Minispiele und Bonusmodi. Dazu gehören ein Schlagtraining, ein Home-Run-Derby und verschiedene Geschicklichkeitsherausforderungen, die die Fähigkeiten der Spieler beim Schlagen, Fangen und Werfen des Balls testen.
Jikkyou Powerful Pro Yakyuu 5 (Japan)	Jikkyō Powerful Pro Yakyū 5 ist eine Baseball-Simulation aus der langjährigen und beliebten japanischen Jikkyō Powerful Pro Yakyū-Reihe. Spieler können ihr eigenes Team zusammenstellen und individuell gestalten und dabei aus einer Vielzahl von Spielern mit einzigartigen Fähigkeiten und Werten wählen. Das Spiel bietet verschiedene Spielmodi wie Freundschaftsspiel, Meisterschaftsrennen und Home-Run-Derby. Im Mehrspielermodus können Spieler gegeneinander antreten. Die Simulation umfasst alle Aspekte des Baseballs, darunter Werfen, Schlagen, Fangen und Base Running. Strategisches Management und schnelle Entscheidungen auf dem Spielfeld sind entscheidend für den Sieg. Das Spiel bietet außerdem Kommentare von professionellen Baseball-Kommentatoren.
Jikkyou Powerful Pro Yakyuu 6 (Japan)	Jikkyou Powerful Pro Yakyuu 6 setzt die langjährige Serie mit dem dritten Teil für Nintendo 64 fort. Die leicht zu erlernende, aber schwer zu meisternde Spielmechanik kombiniert klassische SNK-Sportspiele mit den nötigen Moves, um eine ganze Arena voller begeisterter Fans zu erobern.
Jinsei Game 64 (Japan)	Dieses Spiel ermöglicht es den Spielern, die verschiedenen Phasen des Lebens durch den Einsatz von Roulette zu erleben, einschließlich Momente wie Ehe, Elternschaft, Arbeit, Investitionen und Ruhestand. Darüber hinaus haben die Spieler die Möglichkeit, ihren Charakter während des Spiels anzupassen.
John Romero's Daikatana (USA)	Daikatana ist ein First-Person-Schießspiel auf Nintendo 64. Der Spieler übernimmt die Rolle des legendären Zeitreisenden Hiro. Dieser mächtige Krieger durchquert vier Epochen (vom antiken Griechenland bis nach Japan des XXV. Jahrhunderts) und verfügt über mehr als 25 Waffen. Vier Freunde können sich im Multiplayer gerne gegenseitig ausweiden.
Ken Griffey Jr.'s Slugfest (USA)	Mit dem Ziel, noch realistischer zu sein, entfernt Slugfest viele Arcade-Elemente aus dem ursprünglichen Ken Griffey N64-Titel und ersetzt sie durch mehr simulationsähnliche Elemente. Neu hinzugekommen sind aktualisierte Teamlisten und Statistiken, eine neue Kameraperspektive hinter dem Pitcher und ein neuer Modus zum Erstellen eines Spielers. Volle Unterstützung gibt es auch für 4 Spieler im Home-Run-Derby-Modus und für 2 Spieler im Exhibition-Modus, während das Erweiterungspaket höhere Auflösungen für Spieler und Stadien ermöglicht.
Killer Instinct Gold (USA)	ls aktualisierte Umsetzung von Killer Instinct 2 aus den Spielhallen sind alle Kämpfer, Moves und Stages verfügbar (einschließlich der drei neuesten Kämpfer, Maya, Kim Wu und Tusk) sowie neue Spielmodi wie Team, Team Elimination, 5 Geschwindigkeitsstufen und ein kompletter Trainingsmodus, mit dem du die vielen Moves, Combos und Spezialangriffe für jeden Kämpfer lernen kannst.
Kiratto Kaiketsu! 64 Tanteidan (Japan)	Ein Brettspiel im Stil von Sugoroku, in dem eine Gruppe junger Kinder in die Rolle von Detektiven schlüpft. In ihrem Zug würfeln die Spieler und ziehen die entsprechende Anzahl Felder auf dem Spielbrett vorwärts, auch über bereits begangene Felder. Je nachdem, wo sie landen, können sie Hinweise sammeln, ihre Werte verwalten usw. Landen zwei Spieler auf demselben Feld, duellieren sie sich mit den Karten, die sie bis dahin gesammelt haben.
Kirby 64 - The Crystal Shards (USA)	Kirby legt sich mit Dark Matter an und sucht die Stücke des zerschmetterten Kristalls. Auf seinen fanatischen Abenteuern begegnet er über 50 Fieslingen, die über die Kristalle wachen. Um sie zu besiegen, setzt Kirby seine einmaligen Fähigkeiten ein, dann er kann Gegner einatmen und dadurch ihre Eigenschaften annehmen! Mit den neu errungenen Features gelingt es Kirby, weitere Feinde zu attackieren. Insgesamt gibt es 35 Möglichkeiten, die unterschiedlichen Eigenschaften zu kombinieren.
Knife Edge - Nose Gunner (USA)	„Kommando an Nose Gunner, Command to Nose Gunner. Das Radar zeigt eine Armee gepanzerter Androiden an, die unsere Marskolonien verwüsten. Wir sehen uns Boo-Coo-Bodenstellungen an Gameplay-Modi für 1 bis 4 Spieler. Und sechs supergroße Kampfstufen mit fast unendlichen Wegen zur gegenseitigen Zerstörung. Es ist ein 3D-Shooter für N64, der den Urknall wie einen Rülpser aussehen lässt. Also gib mir vollautomatische Kanonen. Sperre und lade alles Spezialwaffen. Stellen Sie den Autopiloten auf maximalen Warp ein. Und versuchen Sie, Ihre Chimichangas nicht wegzuschmeißen. &quot;Weil... wir... gehen... in...&quot;
Knockout Kings 2000 (USA)	Tritt gegen die besten Boxer an! Exklusiv dabei: The Greatest of all time: Muhammed Ali! Außerdem 25 der weltbesten boxer aller Zeiten. Die bedeutendsten Schauplätze des Boxkampfes: mit Wembley Arena, Caesars Palace und The Collisium! Neuer Modus: Interaktives Training, perfektioniere Deine Technik und deinen Spezialschlag in den besten Boxzentren der Welt! Verbesserte Geschwindigkeit und Stuerung: Verbesserte Beinarbeit, schnellere Reaktion auf Befehle und schnellere Schlag- und Blockbewegungen. Karrieremodus: Kämpfe um den Titel des Weltmeisters! Verbessertes Feature zum Erstellen eines Boxers!
Kobe Bryant in NBA Courtside (USA)	Kobe Bryant In NBA Courtside ist eine Basketballsimulation auf Nintendo 64. Das Spiel umfasst alle Spieler und Teams der NBA-Saison 1998. All diese wunderbaren Menschen können an der gesamten Saison, den Playoffs sowie den Dunk- und Three-Point-Wettbewerben teilnehmen.
Last Legion UX (Japan)	Last Legion UX ist ein Third-Person-Action-Kampfspiel, das von Yuke entwickelt und 1999 von Hudson für den Nintendo 64 veröffentlicht wurde. Das Spiel ist ein Kampfspiel auf der gleichen Linie wie Virtual On, bei dem die Spieler ihre Mechs mit verschiedenen Waffen, verschiedenen Kombinationen und Boxen gegeneinander in ein-gegen-um-Kämpfen ausstatten können. Last Legion UX wurde jedoch nur in Japan veröffentlicht und hat bisher nirgendwo sonst auf der Welt einen Auftritt gesehen.
Legend of Zelda, The - Majora's Mask (USA)	Ein paar Monate nach dem Ende von Ocarina of Time macht sich Link auf die Suche nach seiner Fee Navi und bei einem Ritt durch einen finsteren Wald wird er aber vom maskierten Skull Kid überfallen, das ihm nicht nur seine Ocarina, sondern auch sein Pferd Epona stiehlt. Das setzt eine Kette von Ereignissen in Gang, die Link einem so ungewöhnlichen wie beängstigenden Gegner gegenüberstellt: dem Mond. Dieser droht in nur drei Tagen mit der Erde zu kollidieren und das will und muss natürlich verhindert werden.
Legend of Zelda, The - Ocarina of Time (USA)	Im Alter von neun Jahren wird Link zum Wächter des Volkes geschickt, dem Deku-Baum ? ein fabelhaftes Wesen in Gestalt eines Baumes. Der Deku-Baum weist Link eine Fee namens Navi als Begleiterin zu und offenbart dem Jungen eine Bedrohung durch Ganondorf, dem Anführer des Wüstenvolkes der Gerudo. Kurz darauf stirbt der Deku-Baum an den Folgen eines Fluches. Dessen letzten Worten folgend, reist Link zum Schloss Hyrule und trifft dort Prinzessin Zelda. Diese misstraut Ganondorf, da sie in einem Traum von dessen bösen Absichten erfuhr. Obwohl Ganondorf dem König von Hyrule seine Treue schwört, begehrt er das Triforce, ein göttliches Relikt unendlicher Macht, das sich in Hyrule befinden soll. Weil Zelda verhindern möchte, dass Ganondorf das Triforce erhält, weiht sie Link in einen Plan ein, das Heiligtum vor Ganondorf zu beschützen. Das Triforce befindet sich im Heiligen Reich, für dessen Zugang als Schlüssel die drei heiligen Steine benötigt werden.
Legend of Zelda, The - Ocarina of Time - Master Quest (USA) (GameCube)	The Legend of Zelda: Ocarina of Time Master Quest ist eine spezielle Version des Spieles, die nicht für das N64 veröffentlicht wurde. Sie war als kostenlose Beilage zur limitierten Auflage des Zelda-Teils The Wind Waker auf dem Nintendo GameCube erhältlich. Zu den Unterschieden zählen die schwierigere Gestaltung der Labyrinthe, veränderte Rätsel, neue Anordnung der goldene Skulltulas und es werden früher im Spiel stärkere Gegner verwendet.
LEGO Racers (USA) (En,Fr,De,Es,It,Nl,Sv,No,Da,Fi)	Lego Racers ist ein Rennspiel, das für Nintendo 64 veröffentlicht wurde. Das Spiel verfügt über vier Rennmodi: Zeitfahren, Duell, Einzelrennen und Meisterschaft. Sie haben die Möglichkeit, auf 12 Strecken in 4 verschiedenen LEGO-Universen, vom alten Ägypten bis zum Sherwood Forest, mit voller Geschwindigkeit zu rasen. Wenn Sie im Meisterschaftsmodus als Siegertrio landen, wird die nächste Meisterschaft freigeschaltet, bis Sie sich als Rocket Racer den Schrecken des LEGO-Universums stellen.
Lode Runner 3-D (USA)	Tauche ein in die Welt des verrückten Imperator Monk, und springe von Welt zu Welt auf deiner N64 mit dem speziellen LR-29 Kampftransporter. Hol Dir bei Lode Runner 3D das gestohlene Gold zurück, jage nebenbei einige Bomben in die Luft sammel mal eben ein paar Edelsteine ein. Vernichte den Imperator und komm lebend zurück auf die Erde! Das ist alles klar soweit? In über 5 einzigartigen Welten kannst Du jetzt die Abenteurrätsel lösen, welche Dir bei Lode Runner 3D so schnell nicht ausgehen sollten.
Mace - The Dark Age (USA)	Lebe nach dem Schwert. Töte für den Streitkolben! In den Feuern des Mittelalters geschmiedet, ist Mace das heißeste 3D-Kampfspiel aller Zeiten! Jeder mittelalterliche Charakter trägt eine Waffe, die für sein Herkunftsland einzigartig ist. Ihr einziger Wunsch - ernsthafte Schmerzen zufügen! Sechzehn von Spielern wählbare Charaktere, zwei fantastische Bosse und sechs versteckte Charaktere. Tonnenweise leckere Combos und Umkehrungen mit einfacher Vier-Tasten-Steuerung. Tauchen Sie ein in die Schlacht mit vollständiger 3D-Charakterbewegung. Sehen Sie sich die interaktiven Arenen mit mehreren Ebenen an, aber hüten Sie sich vor den tödlichen Grenzen!
Madden Football 64 (USA)	In Bezug auf die Funktionen ist die erste Madden-Serie von Electronic Arts, die auf dem Nintendo 64 erscheint, Madden Football '98 am nächsten. Madden Football 64 war zum Zeitpunkt der Veröffentlichung das grafisch fortschrittlichste Madden-Spiel. Zu den visuellen Funktionen gehören 5000 Animationsbilder und eine HelmetCam-Ansicht aus den Augen des Spielers. Die KI passt sich während des Spiels Ihrem Spielstil an. Sie können eine vollständige Liste von Spielern erstellen, tauben und tauschen. Das Spiel hat keine NFL-Lizenz, daher werden alle Teams nur nach dem Stadtnamen ohne Logos benannt. Es hat jedoch eine Spielerlizenz, also sind alle echten Spieler hier
Madden NFL 2000 (USA)	John Madden bringt den besten Fußball zurück auf den PC, größer denn je! Alle 31 NFL-Teams (einschließlich der neuen Cleveland Browns), All-Star- und klassische Teams, spielerspezifische Animationen und vieles mehr. Die Grafik ist besser als je zuvor. Die verbesserte Lauf- und Rush-Oberfläche gibt Ihnen die ultimative Kontrolle über Strategie und Ausführung. Sogar ein Franchise-Modus, um Sie eine Weile zu beschäftigen.
Madden NFL 2001 (USA)	Das meistverkaufte PC-Fußballspiel ist zurück, um mit dem legendären Madden-Gameplay und dem umfassendsten verfügbaren Funktionsumfang zu dominieren. Glaubst du, du hast Spiel? Miss dein Können online mit den Besten bei von EA SPORTS gesponserten Turnieren. Sehen Sie im Online-Ranking nach, wie gut Sie wirklich sind. Die exklusive NFL Coaches Club-Lizenz bringt echte Trainer mit ihren eigenen unverwechselbaren Stilen und Spielzügen, um Ihrem Spiel noch mehr Strategie zu verleihen. Mit historischen All-Madden-Teamaufstellungen kannst du die Stars von heute mit den Legenden des Spiels vergleichen, um allzeit angeberische Rechte zu erlangen. Fügen Sie ein verbessertes Frontend und eine verbesserte KI hinzu, und Sie haben den ultimativen PC-Fußball.
Madden NFL 2002 (USA)	Madden NFL 2002 ist eine American-Football-Simulation auf Nintendo 64. Auf dem Programm finden wir die 32 Teams der NFL sowie alle Spieler der Saison 2002. Ein Classic-Season-Modus, ein Quick-Games-Modus und ein Trainingsmodus sind immer vorhanden. Neu in diesem Werk ist ein Kartenmodus, der Ihnen die Möglichkeit bietet, die Karten der Spieler zu sammeln und einzusehen.
Madden NFL 99 (USA)	Madden NFL 99 ist eine American-Football-Simulation für Nintendo 64. Sie können wählen, ob Sie schnelle Spiele starten, eine Meisterschaftswoche spielen oder die gesamte Saison spielen möchten, es ist aber auch möglich, Ihr eigenes Team zu erstellen, den Trainer, die Spieler und die anderen auszuwählen Taktik.
Magical Tetris Challenge (USA)	Magical Tetris Challenge mischt die bekannte Marke Tetris mit den Charakteren und Welten von Disney. Das ursprüngliche Tetris wird durch die übliche Ausdauer-Herausforderung oder den neuen Story-Modus angeboten, in dem Sie einen der vielen bekannten Disney-Charaktere (Mickey, Minnie, Donald und Goofy) auswählen und es mit den Bösewichten in einem Spiel von Tetris aufnehmen den Tag retten. Ein 2-Spieler-Modus ist ebenfalls enthalten.
Mahjong 64 (Japan)	Mahjong 64 ist eine Videospielumsetzung des traditionellen chinesischen Brettspiels Mahjong. Das Spiel bietet verschiedene Modi, darunter Einzelspieler-Partien gegen KI-Gegner und lokale Mehrspieler-Partien für Wettkämpfe mit Freunden. Zusätzlich gibt es unterschiedliche Regelwerke für verschiedene regionale Varianten von Mahjong.
Mahjong Hourouki Classic (Japan)	Ein auf Mahjong basierendes Spiel, das auf dem gleichnamigen Manga basiert, welcher wiederum eine Adaption des Romans Mahjong Hourouki ist.
Mahjong Master (Japan)	In Mahjong Master schlüpfen die Spieler in die Rolle eines erfahrenen Mahjong-Spielers und treten in verschiedenen Turnieren gegen andere an. Das Spiel bietet drei verschiedene Modi: „Vs. Computer“, „Vs. Hunman“ und „Tutorial“. Jeder Modus hat seine eigenen Herausforderungen und Spielmechaniken. Im Modus „Vs. Computer“ können die Spieler aus einer Vielzahl von Computergegnern mit unterschiedlichen Fähigkeiten und Spielstilen wählen. Im Laufe des Spiels werden die Gegner immer schwieriger und stellen die Fähigkeiten und das strategische Denken der Spieler auf die Probe. Im Modus „Vs. Human“ können die Spieler Freunde oder Familienmitglieder zu einer Partie Mahjong im Splitscreen-Modus herausfordern. Bis zu vier Spieler können in diesem Modus gegeneinander antreten. „Tutorial“ ist speziell für Anfänger konzipiert. Er bietet eine Schritt-für-Schritt-Anleitung zu den Regeln und Spielmechaniken, sodass neue Spieler das Spiel in ihrem eigenen Tempo erlernen können.
Major League Baseball Featuring Ken Griffey Jr. (USA)	Major League Baseball mit Ken Griffey Jr. auf Nintendo 64 ist ein eher Arcade-basiertes Baseballspiel. Alle Teams und Spieler sind im Ausstellungsmodus, Saison- und World Series-Modus verfügbar. Das Spiel kann mit maximal 2 Spielern gespielt werden, mit Ausnahme des Home-Run-Modus, der mit 4 Spielern gespielt werden kann.
Mario Golf (USA)	Entdecke zusammen mit Mario die wunderbare Welt des Golfsports in einem ebenso spannenden wie witzigen Golfturnier! Auf 6 Golfkursen - u.a. Toad Tournament, Yoshi Classic und Koopa Cup - kannst Du Dich mit den berühmtesten Charakteren des Nintendo Imperiums in einem fairen Wettstreit messen. Du hast die Wahl zwischen 10 verschiedenen Nintendo Stars, darunter Mario, Luigi oder Peach. Realistisch animierte Schwünge und Schläge sowie individuell einstellbare Handicaps garantieren dabei eine realitätsnahe Golf-Simulation. Oder magst Du lieber witzige Action? Dann wähle den Time Attack-Modus und versuche, den Ball über einen kompletten Golfkurs in kürzester Zeit bis zum letzten Loch zu schlagen! Hier wird der elegante, ruhige Sport zum wilden Golf Racing! - Insgesamt stehen 10 verschiedene Spielmodi zur Verfügung!
Mario Kart 64 (USA)	3-2-1-Startschuß! Piste frei für den größten Rennspiel-Spaß seit der Erfindung des Motors. Hier kennt die Action keine Grenzen. Rase mit bis zu drei Freunden über dreidimensionale Strecken oder fordere sie im Battle-Modus zum gegenseitigen Kräftemessen heraus. Im Mario Grand Prix kannst Du Dich solo austoben oder im Time Trial sogar gegen Deinen eigenen Geist antreten. Vorbei sind die Zeiten, in denen nur die Uhr Dein Gegner war. Innovative Mehrspielermodi, genial designte Strecken und technische Perfektion sorgen für Action, Spaß und Spannung in noch nie dagewesener Form!
Mario no Photopie (Japan)	Ein seltsamer 64DD Titel, der es ermöglichte, Grafiken auf Smart-Media-Karten (Digitalkameras) zu manipulieren und die Ergebnisse zu speichern. Sound und viele Hintergründe konnten hinzugefügt werden, um die Bilder zu verbessern, ein bisschen wie ein stark verbessertes &quot;Mario Paint&quot;.
Mario Party (USA)	Mario, Luigi, Peach, Yoshi, Donkey Kong und Wario streiten sich darum, wer von ihnen der Superstar ist. Da sagt Toad: &quot;Warum veranstalten wir nicht eine Party, um herauszufinden, wer der Superstar ist?&quot; Damit sind alle einverstanden und somit spielen unsere Freunde ein paar Minispiele und gehen über verschieden Spielbretter auf dem Weg zum Superstar. Leider steht Bowser ihnen dabei auch im Weg...
Mario Party 2 (USA)	Vor einiger Zeit an einem naheliegenden Ort, erschufen Mario und seine Freunde eine neue Welt mit dem Namen &quot;Mario Land&quot;. Doch nicht jeder war mit dem Namen Mario Land zufrieden. Marios Erzrivale Wario war der Meinung, dass er als einziger Superheld, die Welt &quot;Wario Land&quot; taufen sollte! Durch diese ausgesprochenen Worte entbrannte ein Streit um die Superhelden-Frage, denn Prinzessin Peach wollte ebenfalls der Welt einen Namen geben: &quot;Peach Land&quot;. Zur gleichen Zeit tauchte plötzlich unerwartet Bowser auf und fing an, Mario Land anzugreifen! Einen Koopa, der Mario und seine Freunde warnen wollte, dass Bowser das Mario Land angreift, bemerkten die Freunde nicht da sie zu sehr in ihrem Streit vertieft waren. Als Bowser Mario Land zerstörte kam Toad auf die Idee: &quot;Warum nennen wir nicht die Welt nach dem Helden der Bowser besiegt&quot;? Die Freunde stimmten einander ein und machten sich auf den Weg nach &quot;Mario Land&quot;!
Mario Party 3 (USA)	Ein besonderer Stern wurde geboren, was nur alle 1000 Jahre passiert... Dabei handelt es sich um den Millennium Stern, welcher gleich nach seiner Geburt vom Himmel gefallen ist. Mario hat sich vor Peachs Schloss amüsiert, da stürzte plötzlich der Millennium Stern ab. Mario und seine Freunde stritten sich, wer der Besitzer sein soll. Da kam Mario die Idee, dass Problem mit einer Mario Party zu lösen. Lakitu kam mit einer Spielzeugkiste angeflogen und sagte: &quot;Na klar! Mit Mario Party lösen wir die Streiterei!&quot;
Mario Tennis (USA)	Die bekanntesten Helden des Nintendo Universums, u.a. Mario, Donkey Kong, Wario und Luigi haben sich versammelt, um dem weißen Sport zu frönen. Zusätzlich gibt es in Mario Tennis auch einen neuen Charakter und zwar Warios Bruder und Luigis Erzfeind Waluigi, von dem man auch in Zukunft noch viel hören wird! Mario Tennis vereint alle Qualitäten des realen Sports: rasante Ballwechsel, spektakuläre Schlagtechniken und atemberaubende Doppel! Diverse Bonus-Courts, witzige Extras und vieles mehr sorgen für Abwechslung im Tenniszirkus.
Mega Man 64 (USA)	Mega Man stürmt zum ersten Mal auf das Nintendo® 64-System! Dieses epische Abenteuer kombiniert das Beste aus klassischer Mega-Man-Action mit riesigen Bossen, einer packenden Handlung und die Tiefe des heißesten Rollenspiels. Erkunde riesige 3-D-Welten. Sie werden die atemberaubende 3-D-Grafik, die mächtigen Waffen und die Non-Stop-Action lieben.
Mia Hamm Soccer 64 (USA) (En,Es)	Die Saison kann beginnen! THQ präsentiert World League Soccer - die Fußball-Action für ihr Nintendo 64. Treten Sie alleine oder mit bis zu 4 Mitspielern gegen Teams aus aller Welt an. Egal ob im Einzelmatch, Turniermodus oder Ligaspiel - die schnelle Grafik, mit mindestens 25 fps bei 600x544 Bildpunkten, ermöglicht Ihnen die komplette Kontrolle. Für das richtige Fußballfeeling ist gesorgt, denn natürlich wird jeder Spielzug professionell kommentiert und von einer packenden Stadionatmosphäre abgerundet. Und damit Sie auch in den heißesten Augenblicken nichts verpassen, werden auf Wunsch die Highlights des Spiels wie im Fernsehen wiederholt. Um das Paket noch zu vervollständigen, haben wir noch unterschiedliche Wettersituationen, wie Sonne, Regen und Nebel eingebaut. - Viele verschiedene Spielmodi (u.a. Einzelbegegnung, Turnier und Liga) - Hervorragende Grafikdarstellung (mindestens 25 fps bei 600x544 Bildpunkten) - Zahlreiche nationale und internationale Teams - Verschiedene Wettersituationen - Tag- und Nachtmatches - Wiederholung der Highlights im Fernsehstil - Professionelle Kommentatoren
Mickey's Speedway USA (USA)	Die Wiesel haben Pluto entführt, während er sein Diamanthalsband trug! Alles, was von ihm übrig war, war eine Lösegeldforderung, die zeigte, wie die Wiesel ihn in einem Lieferwagen wegfuhren. Micky trommelt alle seine Freunde zusammen (und sogar Pete will mitmachen!), und Professor von Drake rüstet ihre Rennwagen auf, damit sie die Weasels einholen können, während sie auf eine Cross-Country-Tour gehen Vereinigte Staaten. Die Wiesel haben außerdem vier Teile des streng geheimen Rennwagens des Professors gestohlen und sie in vier der Strecken versteckt. Sobald die Spieler alle diese Teile gefunden haben, können sie die Wiesel im finalen Showdown einholen.
Micro Machines 64 Turbo (USA)	Vollbestückt mit hochexplosiven Kraftpaketen düsen die wilden Mini-Flitzer rasant über verrückte 3D-Strecken. Das ultimative, actiongeladene Multi-Player-Spiel - einfach unverwechselbar! Für bis zu 8 Spieler gleichzeitig (je zwei teilen sich einen Controller). Zahlreiche Spielmodi: Solo, Meisterschaft, Kopf-an-Kopf-Rennen, Zeitfahren, Knockout und der beliebte Party-Spielmodus. 43 Kurse in lebendigen, außergewöhnlichen 3D-Umgebungen. Spaßige Extras wie Holzhammer, Minen und Kraftfelder, um Deinen Gegner zu bombardieren. Sammle und teste Special-Price-Autos! Speziell für den N64 der neuen Turbo-Speed mit fünf wählbaren Geschwindigkeitsstufen. Volle Rumble Pak Unterstützung damit Du jeden Stoß zu spüren bekommst.
Midway's Greatest Arcade Hits - Volume 1 (USA)	Midways Greatest Arcade Hits: Volume 1 enthält die vier von Williams produzierten Spiele Defender, Sinistar, Robotron: 2084 und Joust sowie die beiden zusätzlichen Spiele: Spy Hunter und Tapper.
Mike Piazza's Strike Zone (USA)	Mike Piazza's Strike Zone ist ein 3D-Baseballspiel für Nintendo 64. Der Titel bietet die offiziellen Lizenzen der American Baseball League und es stehen mehrere Spielmodi (Season, All-Star Game, Home Run Derby) zur Verfügung. Sie können auch Ihren eigenen Player erstellen. Der Titel kann alleine oder zu zweit gespielt werden.
Milo's Astro Lanes (USA)	Eine Futuristische Space-Bowling-Simulation mit Atombällen, vielen Power-Ups und verrückten Charakteren. Roboter, Aliens und funky Parcours und ein Multiplayer-Modus, in dem du die Chancen deiner Freunde mit verschiedenen Spezialwaffen ruinieren kannst.
Mini Racers (USA) (Ja) (Proto)	Mini Racers has several game modes in single and multiplayer, including a track editor to create your own course and a random track generator. Radio-controlled cars could get a turbo boost by pressing the Z button. N64 Magazine played an early version and expressed their frustration with the poor camera, although when they played Spaceworld in 1999, they noted that the angle and distance of view were now configurable and could even be played in a top-down view.
Mischief Makers (USA)	Mischief Makers ist ein Spiel für den Nintendo 64 von den legendären Entwicklern von Treasure. Es ist ein 2D-Side-Scrolling-Plattformspiel, in dem die Protagonistin ihre Hände verwendet, um Objekte zu greifen, zu schütteln und zu werfen. Es gibt 5 &quot;Welten&quot; im Spiel mit jeweils etwa 10 Levels. Sie sind Marina Liteyears, Assistentin von Professor Theo. Der Professor wurde entführt und einige Truppen von König Aster sind übergelaufen. Es liegt an Marina, mit Hilfe der dem König noch immer loyalen Truppen, den Professor zu retten und das böse Imperium zu besiegen.
Mission - Impossible (USA)	Bereiten Sie sich auf die anspruchsvollste und gefährlichste Mission Impossible aller Zeiten vor. Ihre Mission, sollten Sie sich entscheiden, sie anzunehmen, besteht darin, Ihr Team durch eine spektakuläre Reihe autorisierter weltweiter Missionen zu führen, die über 20 Gameplay-Level umfassen. Gestochen scharfe Reflexe, die Fähigkeit, schnelle Entscheidungen zu treffen, strategisches Denken und eine extrem hohe Genauigkeit werden sich als unerlässlich erweisen. Sollten Sie oder ein Mitglied der IM-Truppe gefasst oder getötet werden, wird der Sekretär wie immer jegliche Kenntnis von Ihren Handlungen leugnen. Wie immer wird Ethan Hunt Ihr Ansprechpartner sein. Dieses Spiel wird sich nicht in fünf Sekunden selbst zerstören, aber Sie können...
Monaco Grand Prix (USA)	Monaco Grand Prix auf Nintendo 64 ist eine F1-Simulation, die die Saison 1997 aufgreift. Zusätzlich zu den klassischen Rennen steht ein Karrieremodus zur Verfügung, mit dem Sie Ihr eigenes Team an die Spitze entwickeln können. Beachten Sie, dass das Spiel nicht weniger als 11 Teams und 22 Fahrer, 17 Strecken und einen Editor zum Erstellen Ihrer eigenen Strecke umfasst.
Monopoly (USA)	Diesmal ein Monopoly-Spiel auf Ihrem Computer, so gut es sich in Ihrer Realität vorstellt. Jede Ihrer Bewegungen kann in 3D-Animation erfolgen oder ausgeschaltet sein, wenn Sie keine Animationen sehen möchten. Es können bis zu 6 Spieler gleichzeitig sein und es kann über das Internet gespielt werden. Musik ist im Midi-Format und die Tonqualität ist im WAV-Format. Rollen, drehen und versäumen Sie nicht, uns ein grinsen zu geben.
Monster Truck Madness 64 (USA)	Monster Truck Madness 64 ist ein Monster Truck-Rennspiel für den Nintendo 64. Das Spiel bietet 20 Trucks zum Fahren und 10 Strecken zum Rennen. Einzelspieler-Spielmodi, die das Spiel bietet, sind Ausstellung und Rundstreckenrennen. Während der Rennen müssen Sie zu Kontrollpunkten fahren, um Ihre Zeit einzustellen. Sie können eine Vielzahl von Power-Ups wie Unsichtbarkeit, Zielsuchraketen, Ölteppiche, Schrumpfbomben, Schwebemodi, Nitro, Supersprünge und Schilde aufnehmen. Im Mehrspielermodus bietet das Spiel verschiedene Spielmodi wie Hockey, Fußball, Polizeiverfolgung, Summit Rumble (König des Hügels) und Tag. Sie können die Titel bei verschiedenen Wetterbedingungen und zu verschiedenen Tageszeiten abspielen.
Morita Shougi 64 (Japan)	Morita Shogi 64 ist ein japanisches virtuelles Brettspiel für den Nintendo 64. Es wurde nur 1998 in Japan veröffentlicht. Es hat einen eingebauten RJ-42-Modemanschluss, mit dem Sie sich mit (jetzt toten) Servern verbinden konnten, um zu spielen gegen andere Spieler auf der ganzen Welt.
Mortal Kombat 4 (USA)	Tausende von Jahren vor dem Beginn des ersten Spiels versuchte Shinnok, einer der älteren Götter, die die sechs Reiche im Universum von Mortal Kombat kontrollieren, der Eroberer von allen zu werden. Donnergott Raiden kämpfte und besiegte Shinnok in einem Hunderte Jahre andauernden Krieg und schickte ihn in die Unterwelt, wo er für immer gefangen sein würde. Nun ist es Shinnok gelungen, mit Hilfe des Zauberers Quan Chi aus der Netherealm zu fliehen und Rache an den Göttern zu suchen, die ihn vertrieben haben. In seinem Plan erobert er zuerst mit Hilfe der Verräterin Tanya das Reich Edenia, während er sich darauf vorbereitet die Alten Götter anzugreifen. Um Shinnoks Bedrohung zu stoppen, bittet Raiden um Hilfe von den Earthrealm-Kriegern, die in vorherigen Titeln die Reiche vor Kaiser Shao Kahn retteten.
Mortal Kombat Mythologies - Sub-Zero (USA)	Ihr steckt in der Person des Assassine Lin Kuei der geschickt wird ein wichtiges Dokument zu stehlen. Diese Mission erweist sich als ein Test von einer mysteriösen Person (Quan Chi), die euch benötigt, um an ein altes Medaillon von unermesslicher Macht zu gelangen. Bei der Übergabe stellt sich heraus, dass ihr betrogen wurdet und das Medaillon der Schlüssel dafür ist, den dämonischen Shinnok zu erwecken. Genau dies macht euch zum Helden wider Willen und ihr jagt Quan Chi durch die Hölle, in der Hoffnung vor ihm zu Shinnok zu gelangen.
Mortal Kombat Trilogy (USA)	Nachdem die Krieger des Erdenreiches im Mortal Kombat siegreich hervorgegangen sind, lässt Shao Kahn, Herrscher von Outworld, einen 10.000 Jahre alten Plan umsetzen: Er lässt seine frühere, in jungen Jahren verstorbene Königin Sindel wiederbeleben, jedoch nicht in Outworld, sondern im Erdenreich, um dieses betreten zu können, sie zurückzufordern und eine Invasion einzuleiten.
MRC - Multi-Racing Championship (USA)	Setzen Sie sich hin, schnallen Sie sich an und halten Sie sich fest für die extremste Rennherausforderung, die die Welt zu bieten hat. Fahren Sie Rennen über eine Vielzahl von Terrains, kämpfen Sie gegen die Elemente und sichern Sie sich Ihren Platz unter den Elite-Fahrern des Rallye-Rennsports. Mit den vollständig anpassbaren Einstellungen von MRC können Sie Ihr Fahrzeug so ausrüsten, dass es die Straßenbedingungen und das Wetter zu Ihrem Vorteil ausnutzt! Wählen Sie aus 8 leistungsstarken, vollständig anpassbaren Fahrzeugen sowie zwei geheimen Fahrzeugen. Navigieren Sie durch drei herausfordernde Kurse. Genießen Sie mehrere Betrachtungsperspektiven von der Vogelperspektive eines Rennfahrers bis hin zu Ansichten hinter dem Fahrzeug. Rase durch hochdetaillierte Hintergründe, erstaunliche Grafiken und beeindruckende Soundeffekte für ein realistisches Rennerlebnis.
Ms. Pac-Man - Maze Madness (USA)	MS Pac-Man: Maze Madness für Nintendo 64 ist ein 3D-Actionspiel. Sie müssen Pac-Land vor dem Fluch retten, der es überwältigt und diesen verzauberten Ort in Dunkelheit verwandelt.
Mystical Ninja Starring Goemon (USA)	Begleite Goemon und seine Freunde auf Ihrer abenteuerlichen Reise durch das altertümliche Japan, und befreie das Reich aus den Klauen einer Bande Außerirdischer. Um Deine Aufgaben erfolgreich zu beenden, mußt Du verzwickte Rätsel lösen, Deine Gefährten mit viel Geschick durch eine komplexe 3D-Welt dirigieren und ihre einzigartigen Fähigkeiten gezielt einsetzen. Im Gespräch mit Dorfbewohnern erhältst Du wichtige Hinweise und Gegenstände, die Dir beim Kampf gegen die verrückten Aliens hilfreich sind.
Nagano Winter Olympics '98 (USA)	Das offizielle Spiel der XVIII. Olympischen Winterspiele in Nagano, Japan, mit 12 Disziplinen wie Abfahrt, Riesenslalom, K-90 und K-120 Skispringen, Freestyle Aerials, Snowboard Halfpipe (nur in der N64-Version) und Slalom ( bei ihrem olympischen Debüt), 500m und 1500m Eisschnelllauf, Bob, Rennrodeln und Curling. Bis zu vier Spieler können eine von 16 Nationen wählen und im olympischen (Spiel um die Medaillen) oder Meisterschaftsmodus (um die Punkte, in einem Wettbewerb im Zehnkampf-Stil) antreten.
Namco Museum 64 (USA)	Namco Museum 64 ist eine Zusammenstellung der Klassiker der japanischen Firma, die auf dem Nintendo 64 neu aufgelegt wurde. Das Spiel enthält Dig Dug (Puzzlespiel), Galaga und Galaxian, zwei große Klassiker des Shoot'em Up, Pac-Man und Ms. Pac -Man sowie Pole Position, ein Formel-1-Spiel.
NASCAR 2000 (USA)	Diese NASCAR-Stock-Car-Rennsimulation ist eine Art Fortsetzung von NASCAR Revolution. Das Spiel bietet 18 reale Rennstrecken sowie mehrere Fantasie-Straßenkurse und 30 aktive NASCAR-Fahrer sowie einige &quot;legendäre&quot; Fahrer. Zu den Spielmodi gehören schnelle Rennen, komplette Wochenendveranstaltungen, eine vollständige oder verkürzte Meisterschaftsserie, ein Modus &quot;Race Against the King&quot;, in dem Sie in einer Reihe von Veranstaltungen gegen Richard Petty antreten, sowie Mehrspielerunterstützung für bis zu 4 Spieler. Aktualisierte Physik und KI helfen dem Spiel, mehr Realismus zu erreichen.
NASCAR 99 (USA)	Nascar Racing 99 ist ein Rennspiel für Nintendo 64. Sie steigen in übermotorisierte Rennwagen, um an spannenden Rennen teilzunehmen und müssen lernen, Fahrtechniken bei sehr hohen Geschwindigkeiten zu beherrschen.
NBA Courtside 2 featuring Kobe Bryant (USA)	Betreten Sie das Hartholz in den Schuhen eines der aufregendsten und kreativsten Spieler der heutigen NBA. NBA Courtside 2 bietet unvergleichliche Grafiken, unglaublich flüssige Spieleranimationen, eine extrem breite Palette an Ein-Spieler-Steuerelementen und völlig neue Zwei-Spieler-Steuerelemente. Erstelle einen Rookie, und je nachdem, wie gut du spielst, werden seine Fähigkeitenwertungen steigen oder sinken. Schnelles Spiel, Saisonspiel, Arcade-Spiel, 3-Punkte-Wettbewerb, Turniermodus und vier verschiedene Saisonmodi.
NBA Hangtime (USA)	NBA Hang Time ist ein 2-gegen-2-Arcade-Basketball-Actionspiel, das in die Fußstapfen von NBA Jam tritt. Alle NBA-Teams mit jeweils 4 Spielern zur Auswahl sind ebenso enthalten wie rasanter, übertriebener Basketball, der die normalen Spielregeln missachtet, aber Fouls und Out-of-Bounds einschließt. Sie können auch Ihren eigenen Player erstellen, mit einer Sammlung von Körperteilen und Kleidung zur Auswahl.
NBA in the Zone '98 (USA)	Dieser vollständig lizenzierte NBA-Titel enthält alle Teams und Spieler der NBA für die Saison 97/98 und ermöglicht die Modi Exhibition, Season, Playoff und All-Star für 1-4 Spieler. Vollständige Teamstatistiken, Informationen und Zeitpläne sind enthalten, zusammen mit einer vollständigen Liste von Optionen, um das gewünschte Spiel zu erstellen (aus der Länge jedes Spiels, den Regeln, Kontrollschemata, dem Schwierigkeitsgrad und mehr).
NBA in the Zone '99 (USA)	Im Sportspiel NBA in the Zone '99 auf N64 können Sie in vier verschiedenen Spielmodi die amerikanische Meisterschaft noch einmal erleben. Diese Basketballsimulation ermöglicht es Ihnen, den berühmten Dreipunktwurf oder den Dunk-Wettbewerb auszuprobieren. Die Spiele werden vom berühmten Ray Clay kommentiert.
NBA in the Zone 2000 (USA)	NBA in the Zone 2000 ist eine Basketballsimulation für Nintendo 64. Finden Sie die 29 NBA-Teams mit ihren 300 Spielern. Probieren Sie die Herausforderungen des Drei-Punkte-Wettbewerbs oder des Dunk-Wettbewerbs aus und werden Sie ein legendärer Spieler. Dank Multitap können Sie bis zu acht spielen.
NBA Jam 2000 (USA)	All-new 2-on-2 JAM-Modus mit 50 Dunks und tolle Spezialeffekte! Benutzerdefinierte 2-on-2 JAM-Modus, einschließlich Streetcourt. Authentischer 5-on-5 Simulationsmodus mit wirklichen Mannschaftsspielarten wie dem Jazz Pick-and-Roll. Hochauflösende Grafiken! Einzigartige Signatur bewegt sich wie das Crossover Dribble. Erstellen Sie Ihren eigenen JAM-Player. Alle 29 Mannschaften und über 300 NBA-Superstars! Über 800 all-new motion erfasste Bewegungen von der &quot;X-Man&quot; Xavier McDaniel!
NBA Jam 99 (USA)	NBA Jam kehrt zurück, diesmal ohne auffällige Jams und flammende Basketbälle, ersetzt durch eine vollständige Basketballsimulation mit allen Teams und Spielern der Saison 99, vollständige Spieler- und Team-Erstellungsmodi, Saison, Ausstellung und Shoot-Out-Modi. Ein umfassendes Teammanagement ist ebenfalls enthalten, mit der Möglichkeit, neue Spieler zu tauschen, freizugeben und zu verpflichten sowie Scouting-Berichte. 4-Spieler-Multiplayer wird ebenfalls unterstützt.
NBA Live 2000 (USA) (En,Fr,De,Es)	Basketball. Michael Jordan. Gesichtsanimationen und Sprache. Jordan. Alle Spieler der NBA-Saison 1999-2000, einschließlich der Rookies. Plus All-Stars-Teams aus Vergangenheit und Gegenwart. Oh, und Jordan ist wieder da. Wie seine Vorgänger strebt auch NBA Live 2000 eine realistische Basketballsimulation an und nicht ein Arcade-ähnliches Gameplay. Es wurden neue Spielzüge hinzugefügt, und die Gegner-KI wurde so verbessert, dass der Sieg mehr davon abhängt, ob man die richtigen Spielzüge zur richtigen Zeit ausführt. Wie in den vorherigen NBA Live-Spielen ist es möglich, Basketballspieler zu bearbeiten und zu erstellen sowie ein eigenes Team zu kreieren und aufzubauen. Diesmal ist es auch möglich, ein beliebiges Bild als Spielerfoto zu verwenden. Neu in diesem Teil (neben Jordan) ist ein Eins-gegen-Eins-Straßenbasketball-Modus und ein Modus, der es erlaubt, ein Team über mehrere Saisons zu verwalten, einschließlich des Handels mit Spielern.
NBA Live 99 (USA) (En,Fr,De,Es,It)	Spielen Sie die NBA-Saison 98/99 oder mehrere Saisons durch, um Ihr Team im Laufe der Zeit aufzubauen. Oder springen Sie einfach direkt in die Playoffs. Handeln Sie, geben Sie freie Agenten frei oder holen Sie sie ab, um sie Ihrem Team hinzuzufügen. Viel Spaß mit dem 3-Punkte-Shootout-Modus. Und eine Menge neuer Spieleranimationen, einschließlich Gesichtsanimationen und Spielerbewegungen.
NBA Showtime - NBA on NBC (USA)	Die NBA, wie Sie sie noch nie gesehen haben! NBA Showtime: NBA auf NBC bringt dir die Top-Spieler jedes Teams in einem Herzklopfen, Pulsrasen über dem Rand! Du wirst die Intensität in ihren Gesichtern sehen und in ihren Stimmen hören, du wirst die Kraft jedes Passes und jedes Schusses spüren! Darum geht es in der NBA! Setzen Sie in allen 28 Arenen der Liga auf Rebounds und 3-Pointer. Wähle aus über 130 echten NBA-Spielern plus versteckten Charakteren!
Neon Genesis Evangelion (Japan)	Neon Genesis Evangelion ist eine Spieladaption von Yoshiyuki Sadamotos gleichnamigem Manga, die auch eine Anime-Veröffentlichung erhielt. Es ist das einzige Evangelion-Spiel, das auf N64 veröffentlicht wurde. Es deckt die wichtigsten Schlachten der gesamten Evangelion-Saga ab und bietet Originalmaterial aus dem Anime. Im Story-Modus übernimmst du die Kontrolle über biomechanische Mechas namens Evas, um gegen monströse Wesen namens Angels zu kämpfen. Um jede Mission zu erfüllen, stehen Ihnen Combo-Angriffe (Schläge und Tritte), Block- und Grappling-Techniken zur Verfügung. Abhängig vom Schaden, den die von dir kontrollierte Eva erleidet und wenn bestimmte Parameter während dieser Zeit erfüllt sind, erhältst du ein Zeitlimit, in dem du den Kampf mit dem Engel beenden musst. Der Simulationsmodus: spielt sich fast wie ein Shooter. Es ist ein 1st-Person-Perspektivmodus, in dem Sie innerhalb des Zeitlimits so viele Engel wie möglich eliminieren müssen. Wenn das Zeitlimit endet, erhalten Sie einen Rang, der davon abhängt, wie viele Feinde Sie zerstört und wie viele Kugeln Sie verwendet haben.
New Tetris, The (USA)	Tetris ist ein alter Hut? Stimmt, aber zeitlos und paßt einfach perfekt! Dieses Spiel hat ein komplettes Genre gegründet und viele Nachfolger nach sich gezogen. Doch nur wenige konnten solch ein genial motivierendes Spielprinzip inszenieren. In dieser Version des Klassikers wurden etliche neue Features integriert und mit der berühmten Spielbarkeit kombiniert. Auf der Suche nach den sagenumwobenen Weltwundern kommen die neuen Spin Moves, der Ersatzstein und die Multi- und Monoblöcke gerade recht. Knobelspaß, wie ihn nur ein Tetris liefern kann, jetzt sogar zu viert!
NFL Blitz (USA)	NFL Blitz, die erste PC-Umsetzung des Arcade-Hits, verleiht der National Football League die gleiche übertriebene Behandlung, die Midway mit NBA Jam so effektiv eingesetzt hat. Zu den Features gehören übertriebene muskelbepackte Spielermodelle, „Turbo“-Knöpfe, schnelle Action und einige ziemlich wilde Regeländerungen (z. B. 30 Yards für einen First Down!). Blitz ist nichts anderes als ein einzigartiges Fußballspielerlebnis. Verspottungen der Spieler („Das ist MEIN HAUS!“), unbestrafte späte Treffer und amüsante Laufkommentare der Ansager („Das war völlig unangebracht – aber schrecklich anzusehen!“) tragen alle zum gewalttätigen Charme des Spiels bei.
NFL Blitz - Special Edition (USA)	Echte Teams, echte Spieler, echte Einstellung! Schnallen Sie Ihren Kinnriemen an und machen Sie sich bereit für Fußball im Adrenalin-Stil, wie ihn nur Blitz austeilen kann! Die NFL Blitz Special Edition wurde für die NFL-Saison 2001-02 komplett aktualisiert und enthält aktuelle Teams, Spielpläne und Uniformen. Bereiten Sie sich darauf vor, das Kommando über das schnellste Fußball-Videospiel der Welt zu übernehmen!
NFL Blitz 2000 (USA)	Neue Ausgabe von Midways Action-/Sportspiel „NFL Jam“, bei dem der Schwerpunkt eher auf knallharter Action als auf realistischer Sportsimulation liegt.Zu den Neuerungen in diesem Jahr gehören ein Saisonmodus, ein einfacheres Passsystem, das auf vordefinierten Tasten basiert (das frühere „Zielsystem“ wurde entfernt), sowie ein eingeschränkter, aber funktionaler Spielzug-Editor.Ebenfalls enthalten sind neue Ansagen und Sprachkommentare, flüssigere Animationen und neue Stadien, in denen gespielt werden kann.Das Spiel unterstützt Mehrspielermodi mit bis zu vier Spielern an einem einzigen Gerät (zwei über Tastatur, zwei über Gamepads).
NFL Blitz 2001 (USA)	Keine Referenzen... Keine Regeln... Nur 'klassischer' Rost. Late Hits, Pass-Interferenzen und andere Strafen werden empfohlen (obwohl Sie nicht im Abseits laufen können). Cheerleader in, na ja, Cheerleader-Uniformen beleben das Ende des ersten und dritten Viertels und es gibt genug Statistiken, um die mathematisch veranlagten glücklich zu machen. Die Teamfunktionen basieren jedoch nicht vollständig auf dem wirklichen Leben (Indy war an der Spitze), und es macht nicht so süchtig wie die altmodischen PC-Spiele der frühen 90er Jahre, aber immer noch ein gutes Spiel für jemanden, der nichts dagegen hat nicht ganz so klassischer Fußball im XFL-Stil.
NFL QB Club 2001 (USA)	Der letzte QC-Titel auf N64 tritt in die ähnlichen Fußstapfen der vorherigen drei Titel auf der Konsole, mit einer vollständigen NFL-Fußballsimulation mit allen Teams, Spielern und Statistiken. Zu den Modi gehören Exhibition, Season, Practice & Pro Bowl, mit der Option, vergangene NFL Super Bowl-Spiele zu spielen oder Ihre eigene benutzerdefinierte Simulation zu erstellen. Sie können auch Ihr eigenes Team und Ihre eigenen Spieler erstellen, ein komplettes Spielbuch erstellen und Spieler in der Vorsaison unterschreiben oder tauschen. Bis zu 4 Spieler werden unterstützt.
NFL Quarterback Club 2000 (USA)	QC kehrt für eine weitere Saison zurück. Zum dritten Mal beinhalten die Verbesserungen gegenüber den vorherigen Titeln viel mehr Spielerdetails und Animationen während des Spiels (dank 1200 Motion Captured Moves) sowie mehr Moves und Strategien. In Bezug auf das Gameplay ist die übliche Auswahl an Optionen enthalten, von der vollständigen Teamverwaltung (Trades, Drafting usw.) Spielen Sie mit 4 Personen in Turnier-, Saison-, Playoffs-, Pro Bowl- und Exhibition-Spielen und erleben Sie vergangene Super Bowls noch einmal.
NFL Quarterback Club 98 (USA)	Das einzige offizielle NFL-Spiel der Saison 97/98 für N64. Alle 30 NFL-Teams und über 1500 Spieler sind bei diesem allerersten Konsolenspiel mit hochauflösenden 640x480-Grafiken dabei. Weitere Features: Motion-Capturing-Animationen, komplette Statistikaufzeichnungen, totales Team-Management und Spielzüge von Superbowl-Quarterback Brett Favre.
NFL Quarterback Club 99 (USA)	Zu diesem zweiten Acclaim NFL-Titel auf dem N64 wurden zahlreiche neue Ergänzungen vorgenommen. Aktualisierungen für jedes Team, von Spielerstatistiken bis hin zu Mannschaftsrekorden, sowie 6 europäische NFL-Clubs sind enthalten, während Teamspiele und KI-Strategien den Geist des Offensivkoordinators der New York Jets, Charlie Weis, berücksichtigen und alle 32 Super Bowls neu geschrieben werden können zu Ihrem Stil. Ebenfalls enthalten ist ein Modus zum Erstellen eines Spielers. Wochen-, Spiel- und Saisonpreise; Gesamtoptionen für das Teammanagement, einschließlich Handel, Entwurf und Freigabe von Spielern; 30 Spielbücher basierend auf echten Teamdesigns; Play-by-Play von Mike Patrick, Farbanrufe von Randy Cross und Schiedsrichteranrufe von Jerry Markbreit, dem Chef der NFL.
NHL 99 (USA)	Nach dem preisgekrönten NHL 98 arbeitete EA daran, eines der umfassendsten Eishockeyspiele auf dem Markt zu verbessern. Neben den üblichen und fast obligatorischen NHL-Kader-Updates wurde der internationale Modus, der erstmals in der vorherigen Version enthalten war, erweitert, sodass Spieler die IIHF-Regeln und die Spielfeldgröße auswählen können.
NHL Blades of Steel '99 (USA)	Non-Stop-NHL-Action! Der neueste All-Star der Konami Sports Series geht aufs Eis! Machen Sie sich bereit für ein ganz neues Spiel! NHL Blades of Steel '99 trifft das Eis mit allen NHL-Spielern, Statistiken und Action. Motion-Capture-Animation, anpassbare Teamstrategien und vollständig detaillierte NHL-Stadien mit echten Eisbedingungen. Aktualisierte 98-99-Kader, die von NHL-TV-Ansager Randy Hahn bekannt gegeben wurden. Handeln Sie mit Spielern und verpflichten Sie Free Agents. Statistik-Tracking der gesamten Saison und Tabellenführer.
NHL Breakaway 98 (USA)	Dieses Eishockeyspiel verfügt über ein Playbook-basiertes KI-System, das auf den tatsächlichen Playbooks der Teams basiert und es bestimmten Teams ermöglicht, ihren tatsächlichen Stil mit variabler Spielergröße zu spielen, von großen Verteidigern bis hin zu kleinen schnellen Flügelspielern. Es gibt ein komplettes Team-Management-System, um Trades abzuschließen, das Coaching zu verbessern, Draft-Picks zu erstellen und Spieler durch Trainingslager zu schicken oder sogar verletzte Athleten zur Therapie zu schicken. Die Einbeziehung aller Festzeltspieler wie Lemieux, Gretzky, Messier, Sakic, Hull und andere ist bei Sportspielen meist obligatorisch. Auch die Hinweise zum Spiel der einzelnen Teams von NHL-Spieler Keith Tkachuk sind eine nützliche Ressource.
NHL Breakaway 99 (USA)	NHL Breakaway 99 ist die Fortsetzung von NHL Breakaway 98. Es ist der zweite und letzte Teil von Acclaims NHL-Serie für den Nintendo 64. Diese neue Version enthält neue und aktualisierte Dienstpläne, Teams und Zeitpläne. Alle 27 NHL-Teams bieten aktuelle Statistiken und Bewertungen der Saison 97-98. Es gibt fünf Spielmodi: Ausstellung, Training, Saison, Schießen und Playoffs. Für jedes Spiel können eine Vielzahl von Einstellungen vorgenommen werden, darunter Optionen für Verletzungen, Ermüdung, Kämpfe und Strafen. Wenn Sie eine Saison gewinnen, erhalten Sie Punkte, die Sie investieren können, um die Nachspielzeit zu verkürzen, die Fähigkeiten Ihrer Spieler zu entwickeln und Spieler auszutauschen. Ratschläge im Spiel werden von Steve Yzerman gegeben.
Nightmare Creatures (USA)	Adam Crowley, ein einstmals respektierter Wissenschaftler, hat sich der schwarzen Magie zugewandt und eine höllische Brut an Monstern und Dämonen erschaffen und diese auf die Straßen Londons von 1834 losgelassen. Kämpfe als Ignatius, oder Nadia gegen das Gräuel, dass London bedroht, bevor Crowley und die Bruderschaft der Hecate die Herrschaft an sich reißen und alles Leben, nicht nur in London, vernichten.
Nintama Rantarou 64 Game Gallery (Japan)	Nintama Rantaro 64 Game Gallery ist ein Puzzlespiel für den Nintendo 64. Es wurde nur in Japan im Jahr 2000 veröffentlicht. Es basiert auf der langjährigen Anime-Serie, die auf NHK . ausgestrahlt wird
Nuclear Strike 64 (USA)	Nuclear Strike für N64 - Steuern Sie mächtige Kriegsmaschinen! Schauplatz für den neuesten Teil der Strike-Serie, Nuclear Strike für N64, ist der Dschungel Südostasiens, in dem ein Wahnsinniger die Welt mit der Atombombe bedroht. Steuern Sie in Nuclear Strike für N64 mehr als 10 Fahr- und Flugzeuge inklusive Harrier-, A-10 Flugzeuge, Kampfpanzer und Angriff-Hovercrafts, Super Apache, Comanche und Cobra-Hubschrauber. Im schnelleren Gameplay und auf den realitätsnahen Schlachtfeldern folgen Ihre Verbündeten in Nuclear Strike für N64 jetzt Ihren Befehlen.
Nushi Zuri 64 (Japan)	Nushi Tsuri 64 (Übersetzt zu &quot;Meister des Angelns 64&quot; ist ein Angelspiel für den Nintendo 64. Es wurde nur 1998 in Japan veröffentlicht. Es folgte eine Fortsetzung von Nushi Tsuri 64: Shiokaze Ninotte im Jahr 2000.
Nushi Zuri 64 - Shiokaze ni Notte (Japan)	Nushi Tsuri 64: Shiokaze Ninotte é um videogame de pesca para o Nintendo 64. Ele foi lançado apenas no Japão em 2000. O jogo tem gráficos muito similares aos da série Harvest mon em câmera isométrica contando algumas pequenas historias no vilarejo também pode interagir com os NPCs, você pode ir na loja e comprar iscas, novas varas de pesca. As músicas do jogo são de tom bem relaxante dando o ambiente correto para pescaria e exploração do vilarejo.
O.D.T. (USA) (En,Fr,Es) (Proto)	Dieses Spiel wurde nie offiziell veröffentlicht. O.D.T. ist ein Action-Rollenspiel mit einigen Plattform- und Rätsellöseelementen. Der Spieler kann wählen, ob er einen der vier Charaktere steuern möchte. Jeder von ihnen hat seine eigenen Stärken und Schwächen: Maxx hat beispielsweise eine hohe Verteidigung, während der Erzbischof Zugang zu mächtigen okkulten Techniken hat. Das Besiegen von Feinden belohnt den Spieler mit Erfahrungspunkten, die verwendet werden können, um einen bestimmten Parameter eines Charakters zu erhöhen und seine Kampffähigkeiten zu erhöhen
Off Road Challenge (USA)	Off Road Challenge ist ein Offroad-Truck-Rennspiel für den Nintendo 64. Wie Cruis'n USA war es auch ein Arcade-Spiel, das auf den N64 portiert wurde. Das Gameplay ist ähnlich wie bei seinem Vorgänger Super Off Road: The Baja. Der Spieler rast gegen andere Geländewagen durch verschiedene Landschaften, während er unterwegs Nitros und Gold sammelt. Gold, das auf dem Kurs abgeholt oder vom Rennen verdient wird, kann verwendet werden, um das Fahrzeug zu verbessern. Sobald der Spieler die Runde beendet hat, geht er zum nächsten Schwierigkeitsgrad und durchquert ihn erneut, wobei er den aktualisierten Truck beibehält.
Ogre Battle 64 - Person of Lordly Caliber (USA)	Das Spiel erzählt die Geschichte von Magnus Gallant, einem kürzlich graduierten Soldaten der Palatinischen Armee, der den unruhigen südlichen Gebieten seines eigenen Heimatlandes zugeteilt wird. Dort wird er Zeuge der Misere der Unterschichten – den Opfern einer tyrannisch regierenden Elite, deren einzige Sorge die Erhaltung ihres eigenen erhabenen Ranges ist. Infolge dieses brodelnden Bürgerkrieges sieht sich Magnus vor eine schwere Entscheidung gestellt: Soll er seine eigenen noblen Ursprünge im Namen der Freiheit verraten oder soll er die Sünden seiner niederträchtigen Gesellschaft wissentlich ignorieren.
Olympic Hockey 98 (USA)	Nagano Olympic Hockey 98 ist ein Hockeyspiel auf dem Nintendo 64. Wählen Sie eine der Olympiamannschaften und nehmen Sie an den Prüfungen der Spiele teil, um die Goldmedaille zu gewinnen. Das Spiel ist eigentlich eine grafisch verbesserte Version von Wayne Gretzky 3D Hockey '98.
Onegai Monsters (Japan)	Das Spiel ist ein 3D-Rollenspiel, in dem die Spielfigur ein Kind ist, das sich an seinem zehnten Geburtstag auf die Reise macht, um ein Monsterzüchter zu werden. Nachdem er ein Ei erhalten und ausgebrütet hat, wandert der Spieler durch die Welt, erfüllt Aufträge von Leuten und zieht Monster auf. Bei den Aufträgen handelt es sich um grundlegende RPG-Aufgaben wie das Sammeln eines Gegenstands für NPCs, und die Monster kämpfen in rundenbasierten Kämpfen im Pokemon-Stil.
Pachinko 365 Nichi (Japan)	Wie viel kannst du in einem Jahr gewinnen? Der Spieler kann die Automaten dreier Pachinko-Hallen bespielen. Um zu gewinnen, brauchst du nicht nur Geschick, sondern musst auch mit den Kunden in den Hallen sprechen und Informationen sammeln. Das ist das wahre Pachinko-Feeling! Die Automaten des Pachinko-Herstellers Heiwa sind originalgetreu nachgebildet. Im Pachinko-Forschungsmodus lassen sich Pins und Gewinnchancen anpassen! Enthält drei Automaten mit Speicherfunktion, darunter den Erfinder des Pachinko-Automaten „Zero Tiger“ und den nostalgischen Klassiker Center Chu Stone! Center Chu Stone kann im 2-Spieler-Modus gespielt werden. Erziele ein Triple und schüttle die Kugeln mit dem 3D-Stick!
Paper Mario (USA)	In Paper Mario für Nintendo 64 erwartet die Mario Fans ein kunterbuntes Rollenspiel-Abenteuer. Dabei begegnen Mario und seine Freunde vielen bekannten Gesichtern aus dem legendären Mario-Universum. Gemeinsam durchstreifen sie 8 wundervoll gestaltete 3D-Welten, in denen knifflige Geheimnisse gelüftet und aufregende Abenteuer bestanden werden müssen. Auch actionreiche Kämpfe mit angriffslustigen Gegnern stehen den Spielhelden bevor. Das jedoch erfordert jede Menge Mut und Training. Zum Glück stehen Mario auf seiner Suche nach der Prinzessin Freunde mit einer Vielzahl ganz besonderer Fähigkeiten zur Seite. Zusätzlich müssen die Spieler Sternsplitter einsammeln, deren magische Energie dem Spielhelden nutzt, um erfolgreich gegen die Bösewichte anzutreten. Somit sind Mario und seine Freunde für das fantastische Abenteuer bestens gewappnet. Paper Mario für Nintendo 64: ein Rollenspiel mit erstklassiger Besetzung!
Paperboy (USA)	Rette als Zeitungsjunge die verrückteste Nachbarschaft des Universums vor mürrischen Bewohnern, Gorillas, Vampiren und Tornados! Stunteinlagen sind an der Tagesordnung! -45 Strecken und 100 interaktive Hindernisse, Benutzerdefiniertes Stuntsystem, Spiele als Paperboy oder Papergirl
Parlor! Pro 64 - Pachinko Jikki Simulation Game (Japan)	Dies ist wohl das schwierigste aller Pachinko-Spiele auf dem N64. Aus dem Hauptmenü heraus kann man einen Karrieremodus, ein Schnellspiel, das Optionsmenü und eine Mischung aus Schnellspiel- und Karrieremodus auswählen. Das Spiel verfügt über 3 Tische, die von Anfang an verfügbar sind.
PD Ultraman Battle Collection 64 (Japan)	PD Ultraman Battle Collection für Nintendo 64 ist ein rundenbasierendes Rollenspiel aus dem in Japan sehr beliebten Ultraman Universum. Das Spiel ermöglicht es über den Transfer Pack, Kreaturen aus Ihren Gameboy-Modul zu generieren und sie so im Spiel auf dem Nintendo 64 kämpfen zu lassen, ähnlich wie Monster Rancher.
Penny Racers (USA)	Penny Racers ist ein Rennspiel für Nintendo 64. Rüsten Sie Ihr Fahrzeug mit vielen Gadgets aus und nehmen Sie allein oder mit anderen am Steuer von Miniaturautos an vielen völlig verrückten Rennen teil.
Perfect Dark (USA)	Joanna Dark ist Agentin des Carrington Institute, eine geheime Organisation, die von anonymen Quellen finanziert wird und sich dem Schutz der Welt verschrieben hat. Carrington behält durch seine gut ausgebildeten Agenten und speziellen Gerät ein Auge auf Terroristen, Weltmächte und seltsame Ereignisse. Die Geschwindigkeit, mit der sich die dataDyne Corporation durch die Entwicklung neuer Technologien etabliert hat, macht dem Institut Sorgen. Als Carrington eine Nachricht von dem Wissenschaftler Dr. Caroll erhält, der dataDyne entkommen will, schicken sie ihre beste Agentin in das Firmenhauptquartier ...
PGA European Tour (USA)	PGA European Tour ist ein Golfspiel für Nintendo 64. Fünf über ganz Europa verteilte Golfplätze stehen zur Auswahl und nicht weniger als sechzig Profigolfer können ausgewählt werden. Das Gameplay basiert immer noch auf einem „Drei-Klick“-System, bei dem das Timing entscheidend ist, um nicht im Bunker zu landen.
Pilotwings 64 (USA)	Vergiss alles, was Du bisher an Flugsimulationen gesehen hast! Dies ist das ultimative Flugerlebnis. Pilotwings 64 katapultiert Dich in eine gigantische 3D-Umgebung. Fliege verschiedene Fluggeräte und bestaune atemberaubende Landschaften. Erfülle erfolgreich Deine Flugmissionen, um die begehrten Auszeichnungen zu erhalten. Je höher Dein Score, desto höher ist die Chance in Bonusrunden z.B. als menschliche Kanonenkugel oder als Fallschirmspringer zu spielen. Steige auf in die tiefblauen Weiten von Pilotwings 64!
Pokemon Puzzle League (USA)	Pokemon Puzzle League ist die neue Herausforderung für alle Pokemon Fans und -Trainer: Das geniale Spielprinzip des beliebtesten Puzzle-Klassikers aller Zeiten wird hier kombiniert mit den erfolgreichsten Videospiel-Charakteren, die es je gab! Die Aufgabe: Werde bester Puzzle Master von allen! Das Spiel wartet mit 6 verschiedenen Spielmodi sowie mehr als 250 Puzzles auf, die im Verlauf des Spiels gelöst werden müssen! Nur wer geschickt und vorausschauend spielt, wird ein Puzzle-Master!
Pokemon Snap (USA)	Der berühmte Professor bittet dich, die wolden Pokemon, die auf der Pokemon-Inseln leben, auf Film zu bannen. In deinem ZERO-ONE Multifunktionsfahrzeug machst du dich auf, um Pokemon in ihrer natürlichen Umgebung zu erforschen. Aber wilde Pokemon sind oft sehr scheu. Um ein Pokemon vor die Linse zu bekommen, musst du verschiedene Gegenstände gezielt einsetzen. Jedoch akzeptiert Prof. Eich nur die besten und schärfsten Fotos, die witzigsten Posen und aufregendsten Aktionen. Also mach dich auf, und &quot;SNAP&quot; sie dir alle!Der berühmte Professor bittet dich, die wolden Pokemon, die auf der Pokemon-Inseln leben, auf Film zu bannen. In deinem ZERO-ONE Multifunktionsfahrzeug machst du dich auf, um Pokemon in ihrer natürlichen Umgebung zu erforschen. Aber wilde Pokemon sind oft sehr scheu. Um ein Pokemon vor die Linse zu bekommen, musst du verschiedene Gegenstände gezielt einsetzen. Jedoch akzeptiert Prof. Eich nur die besten und schärfsten Fotos, die witzigsten Posen und aufregendsten Aktionen. Also mach dich auf, und &quot;SNAP&quot; sie dir alle!
Pokemon Stadium (Japan)	Das erste Pokémon-Stadion bietet nur 42 spielbare Pokémon. Das Spiel konzentriert sich hauptsächlich auf den Kampf. Beim Start fragt das Spiel, ob der Spieler das Pokémon in seinem Game Boy Game Pak verwenden möchte. Wenn nicht, kann nur auf den Kampfmodus zugegriffen werden. Die Modi des Spiels sind: Der Kampfmodus beinhaltet, wie der Name schon sagt, Pokémon-Kämpfe. Es gibt zwei Arten: Freier Kampf und Turnier. Organisieren-Modus, in dem Spieler Pokémon und Gegenstände zwischen ihrer Game Boy-Party, PC-Boxen und Stadion-Aufbewahrungsboxen übertragen. Listenmodus, in dem Spieler eine Liste ihrer Pokémon einsehen können, um ihre Statistiken zu sehen. Registrierungsmodus, in dem der Spieler ein Team seiner Pokémon für den Kampf registriert. Party-Modus, in dem der Spieler sein aktuelles Team untersucht. GB-Modus, in dem das derzeit im Nintendo 64 Transfer Pak enthaltene Game Boy-Pokémon-Spiel auf dem Nintendo 64 gespielt werden kann. Das Spiel ist nur mit den Pokémon-Versionen Rot, Grün, Blau und Gelb kompatibel.
Pokemon Stadium (USA)	Erlebe erstmals alle Pokémon in einzigartigen 3-D-Animationen und lasse sie in einer Arena gegeneinander antreten! Ganz egal, ob du gegen einen Freund, einen Arenaleiter oder einen anderen Turnierteilnehmer kämpfst, du wirst Zeuge der spektakulärsten Pokémon-Duelle der Geschichte! Mit Hilfe des Transfer Paks kannst du deine eigenen, selbst trainierten Pokémon von deinem Pokémon Game Boy Spiel auf dein Stadium-Modul übertragen. Auf diese Weise bleiben dir deine treuen Freunde auch in der dreidimensionalen Pokémon-Arena erhalten. Kämpfe dich auf den Spuren von Ash durch alle bekannten Arenen und erlebe das größte Abenteuer deines Lebens!
Pokemon Stadium 2 (USA)	Jetzt geht der Wettstreit um den Titel des besten Pokemon Trainers weiter. Für faszinierend actionreiche Kämpfe stehen im Pokemon Stadium 2 nun alle 251 Pokemon aus der Goldenen, Silbernen, Roten, Blauen und Gelben Edition bereit! Spektakuläre 3D-Grafiken lassen die Arenen noch lebendiger erscheinen. Atemberaubende Spezialeffekte sowie eine Vielzahl von Spielmodi garantieren jedem begeisterten Pokemon Freak noch spannendere Dimensionen: Alle Pokemon Editionen (Gold, Silber, Rot, Blau und Gelb), die bisher für den Game Boy erschienen sind, können auf dem Nintendo 64 gespielt werden. Darüber hinaus kann man die im Game Boy Spiel geschnappten Pokemon in voller Dreidimensionalität auf dem Nintendo 64 gegeneinander antreten lassen!
Polaris SnoCross (USA)	Wie der Titel schon sagt, ist Polaris SnoCross ein Spiel, das auf dem Schneemobilrennen basiert. Es verfügt über 3 verfügbare Modi (Einzelereignis, Sofortaktion und Turnier) und unterstützt bis zu 4 Spieler. 1. Im Einzel-Event kann der Spieler einen der 5 für Rennen verfügbaren Schlitten auswählen. Der Spieler kann auch den Fahreranzug und den Schwierigkeitsgrad des Rennens auswählen. Tricks und Stunts können auch während des Spiels ausgeführt werden. Der aktuelle Modus unterstützt bis zu 4 menschliche Spieler. 2. Instant Action lässt Sie sofort in das Spiel einsteigen, indem Sie den Schlitten, die Strecke, die Tageszeit und die Wetterbedingungen zufällig auswählen. Beim Turnier kann der Spieler wählen, ob er in einem neuen Spiel spielen oder von einem zuvor gespeicherten Spiel fortfahren möchte. Es gibt 7 Events im Turniermodus und jedes besteht aus einem 3-Tage-Rennen (im Grunde 3 Rennen). Zuerst ist nur eines verfügbar, aber jedes Mal, wenn der Spieler ein Ereignis erfolgreich abschließt, wird ein anderes mit höherem Schwierigkeitsgrad freigeschaltet.
Power League 64 (Japan)	Power League 64 war ein exklusiv in Japan erschienenes Baseball Game. Entwickelt und herausgebracht wurde es durch Hudson Soft. Die Spieler bestehen aus richtigen Polygonen und das Spiel hatte zu jener Zeit die aktuellen Spielerstatistiken, Trikots und Stadien. Der Schläger nutzt ein Feature namens &quot;Pitching Scope&quot;.
Power Rangers - Lightspeed Rescue (USA)	POWER RANGERS RETTUNG BEREIT! Die Power Rangers retten die Welt auf Nintendo 64! Rette unschuldige Menschen aus den Kämpfen. Fahre coole Power Rangers Fahrzeuge! Bekämpfe riesige Monster in fantastischen Umgebungen. Kämpfe in der Megazord Arena gegen deine Freunde!
Powerpuff Girls, The - Chemical X-Traction (USA)	Du bist dran zu kämpfen: Powerpuff Girls Style! Terror in Townsville, Zerstörung und Katastrophe! Mojo Jojo hat den Powerpuff Girls eine Torte mit Chemical X gestohlen und jedem Bösewicht in der Stadt einen Vorgeschmack gegeben. Es liegt an Ihnen, die Kontrolle zu übernehmen und jeden der Townsville-Bösewichte zu bekämpfen und alle Chemikalien X zurückzugewinnen, bevor es zu spät ist! Kämpfe gegen die Bösewichte in aufregenden Arenen wie Mojo Jojos Vulkanhöhle, Townsville City Dump und Fuzzy's Country Shack. Aktiviere Laseraugen und schlage deinen Gegner flach! Spiele als eines der Powerpuff Girls ODER als dein Lieblingsschurke!
Premier Manager 64 (Europe)	Glauben Sie, Sie können einen Verein besser managen als die Profis? Die Mannschaft, die Taktik, die Sponsorenverträge, die Finanzen, der Vorstand... Premier Manager 64 gibt Ihnen alles, was Sie brauchen, um die schwierigste aller Herausforderungen zu meistern. Das ist nicht nur ein Spiel, das ist komplettes Fußballmanagement.
Pro Mahjong Kiwame 64 (Japan)	Pro Mahjong Kiwame 64 ist ein Mahjong-Simulationsspiel für Nintendo 64. Er wurde erst 1997 in Japan veröffentlicht. Mahjong ist ein Brettspiel chinesischer Herkunft, das seit 1920 in den Rest der Welt und hauptsächlich in den Westen exportiert wurde. Es besteht aus 144 Teilen, die gemeinhin als &quot;Steine&quot; bezeichnet werden.
Pro Mahjong Tsuwamono 64 - Jansou Battle ni Chousen (Japan)	Pro Mahjong Tsuwamono 64 - Jansou Battle ni Chousen ist ein 4 Spieler klassiches Mahjong Spiel.
Puyo Puyo Sun 64 (Japan)	Puyo Puyo SUN ist die dritte Ausgabe der Puyo Puyo Spiele-Serie und die Fortsetzung von Puyo Puyo Tsu, die 1996 von Compile produziert wurde. Nach dem viel beachteten Erfolg seines Vorgängers nahm Compile einen etwas mehr retro orientierten Ansatz, so dass die Spieler mehr Origi haben.
Puyo Puyoon Party (Japan)	Satan hat einen seltsamen Dämon namens Pierott befreit. Pierott lädt Arle und Carbuncle zum „Circo de Puyo Puyo“ ein. Alles schien in Ordnung zu sein, Arle und Carbuncle betraten ein Zelt, um eine Zaubershow zu sehen, aber Satan ließ Carbunclo sich freiwillig für einen Zaubertrick melden, den er machte. Ein Zaubertrick? Oder eine Falle? Sie legt Carbuncle auf das Strad und wirft einen Zauber, der Carbuncle verschwinden lässt. Arle war nicht besorgt, er wusste nicht einmal, was los war, aber später konnte er Carbunclo nirgendwo finden! Dann muss er in einem Puyo Puyo-Kampf gegen Monster und seltsame Charaktere kämpfen, um zu versuchen, Satan zu erreichen und Carbunclo zurückzugewinnen!
Quake (USA)	Quake 64! - Eine verbesserte und actiongeladene Version des PC-Megahits. Jetzt speziell für Nintendo 64 entwickelt.- Spannungsgeladenes Gameplay, spektakuläre Optiken und gehirnerschütternde Soundeffekte - die Hetzjagd durch einen grotesken Albtraum- Beinharte 3D-Action im Einzelspieler-Modus und der ultimative Adrenalinschub im Zweispieler Deathmatch- Ein dreidimensionales Echtzeit-Szenario der Sonderklasse - mit dämonischen, dreidimensionalen Gegnern, verblüffende Lichteffekten, verheerendem Waffenarsenal und allen Leveln des Pc-Originals. (Angaben vom Hersteller)
Quake II (USA)	Authentische Nintendo 64-Effekte und neuere, heftigere Levels mit atemberaubende Grafikdetails in einer brandneue Version von Quake II! Mit Zwei-, Drei- und Vier-Spieler-Deathmatch, vollständig anpassbarer Steuerung und Speicherfunktion. Dieses Meisterwerk bringt Gaming auf ein unerreichtes Level!
Quest 64 (USA)	Keltland befindet sich im Chaos-Zustand. Überall verbreiten Geister und Monster Angst und Schrecken, seit Eletales mystisches Buch gestohlen wurde. Es enthält die Geheimnisse der Geisterbändiger. Ayron, der Zauberlehrling, ist tapfer genug, sich allein auf die Suche nach dem heiligen Buch zu begeben. Kein leichtes Unterfangen, muss er doch das weite Land durchforsten und sich stets Angriffen fieser Fabelwesen erwehren. Das Volk hofft auf ihn. Nur wenn er das Buch zurückbringt, wird Keltland wieder im Glanz erstrahlen.
Rakugakids (Europe)	Rakuga Kids ist ein Kampfspiel, das für Nintendo 64 veröffentlicht wurde. Der visuelle Stil des Spiels ähnelt Kinderzeichnungen. Wir haben es mit einem Standard-Kampfspiel mit sechs Tasten zu tun: drei Schläge und drei Tritte. Führe verschiedene Kombinationen mit den Knöpfen und Richtungstasten aus, um deinen Gegner zu verketten.
Rally Challenge 2000 (USA)	Rally Challenge 2000 ist ein Rennspiel für Nintendo 64. Die Software bietet Ihnen viele zerstörbare Fahrzeuge, mit denen Sie auf 9 Rennstrecken rund um die Welt fahren können. Sie können bei Wettbewerben auch auf einem separaten Bildschirm gegen drei Ihrer Freunde antreten.
Rampage - World Tour (USA)	Rampage: World Tour auf Nintendo 64 ist ein Actionspiel oder genau genommen ein echtes Toben. Der Spieler spielt eine von drei riesigen Kreaturen seiner Wahl (Gorilla, Eidechse oder Werwolf). Das Ziel besteht darin, eine Stadt zu plündern, indem man die Gebäude dem Erdboden gleichmacht und die Polizei niedertrampelt, die es wagt, sich Ihnen in den Weg zu stellen. Gutes Gemetzel.
Rampage 2 - Universal Tour (USA)	Deine 3 Lieblingsmutanten, die Menschen fressen, wurden gefangen genommen! Leider wurden für die Menschen auf der Erde brandneue Mutanten geschickt, um George, Lizzy und Ralph zu retten. Sie werden Ruby the Lobster, Boris the Rhino und Curtis the Rat treffen, während sie Städte in Nordamerika, Asien und Europa zerstören! Mach dich bereit für Zerstörung, Chaos, außerirdische Kammerjäger und das beste Buffet der Stadt – die Menschen der Erde! Hoffe du hast Hunger!
Rat Attack! (USA)	Rat Attack ist ein Actionspiel für Nintendo 64. Das Ziel: die Weltraumratten auszurotten, die gekommen sind, um in unsere wunderschöne Erde einzudringen. Washington und Jefferson, die beiden außerirdischen Ratten, Drahtzieher der Invasion, machen den acht Helden der Scratch Cats das Leben schwer. Sie haben die Wahl, als eines der acht Mitglieder des Schockteams zu spielen, einer Katzenbande, deren Komponenten jeweils auf einem Thema basieren: Ägypten, die Samurai, die Katze der Hexe ...
Rayman 2 - The Great Escape (USA) (En,Fr,De,Es,It)	Ein neues Abenteuer beginnt. Kaum ist Rayman wieder da, wird er schon von merkwürdigen Kreaturen verschleppt, die ihn in einen intergalaktischen Zoo stecken wollen. Rayman kann zwar entkommen, muß aber seine Freunde zurücklassen. Wird es ihm gelingen, sie aus der Gefangenschaft zu befreien? Und wird er in den neuen wunderschön gestalteten Landschaften und 10 verschiedenen Welten alle Aufgaben bewältigen, die sich ihm stellen? Wie schon im ersten Teil, so tobt auch der neue Rayman wieder durch ein total verrücktes Universum mit jeder Menge Spielspaß, Humor, wahnwitziger Action und kniffligen Rätseln. Dabei gibt es fast nichts, was der neue Rayman in seinen Abenteuern nicht kann: Er geht, er rennt, er klettert, er schwimmt, er taucht, er schwingt sich über Hindernisse, er gleitet auf Eis, auch diesmal verwandeln sich seine Haare zu Rotoren, mit denen er sich in die Lüfte heben kann.
Razor Freestyle Scooter (USA)	Razor Freestyle Scooter ist ein Extrem-Scooter-Spiel für Nintendo 64. Sie bewegen sich in riesigen Umgebungen, in denen Sie eine festgelegte Liste von Tricks ausführen müssen, um das Level zu beenden.
Re-Volt (USA)	Jahrelang hat Toy-Volt Spielzeug für Kinder in aller Welt produziert und eine neue Generation ferngesteuerter Autos entwickelt. Wenige Monate nachdem sie ihre ersten Produkte auf den Markt gebracht haben, standen sie an der Spitze ihrer Branche. Doch die kleinen Autos haben sich selbständig gemacht und selbst die Kontrolle über ihr Dasein übernommen. Sie sind außer Kontrolle geraten, aus den Regalen geflohen und haben nun unsere Welt betreten. Sie sorgen für Chaos, während sie ihre neu entdeckte Freiheit genießen...
Ready 2 Rumble Boxing (USA)	Ready 2 Rumble Boxing schließt eine Lücke im N64-Sportgenre auf spektakuläre Art und Weise. Die Fachpresse ist sich einig: An Ready 2 Rumble kommt niemand vorbei! Features: - 16 unterschiedliche, völlig schräge Boxertypen: harte Burschen aller Nationen sind genauso vertreten wie heiße Box-Girls die nicht mit ihren Reizen geizen - Jeder verfügt über individuelle Kampftechniken, Special-Moves und Methoden, um seine Gegner zu verhöhnen - Einmalige, filmreife Animationen bringen den Boxsport lebensecht ins heimische Wohnzimmer - Alle legalen Schlagvarianten (und noch ein paar weniger legale...) lassen so richtig die Fetzen fliegen - Viele Gags garantieren Muskelkater im Kieferbereich - Krachende 256 Mbit! Midway hat weder Kosten noch Mühen gescheut, um das State-of-the-Art-Boxspiel schlechthin zu erschaffen!
Ready 2 Rumble Boxing - Round 2 (USA)	Nun ist der Nachfolger da: &quot;Ready 2 Rumble Boxing Round 2&quot; bietet noch mehr Kämpfer (19 an der Zahl), angefangen beim funky Afro Thunder bis zu Boris Knockimov mit dem treffenden Namen. Diesmal ist sogar Afro Thunders Bruder JC Thunder mit von der Partie ganz zu schweigen von Michael Jackson unter den versteckten Figuren... Dank verbesserter Grafik und Animation wirken Figuren und Hintergründe lebensecht und ihre Moves noch realistischer. Im Meisterschafts-Modus trainiert der Boxer in der Halle, ehe er gegen bares Geld bei Preiskämpfen antritt. Ein Kampf-Kalender macht es möglich, das Training genau auf den nächsten Kampf abzustimmen. Im Zwei-Spieler-Modus macht &quot;Ready 2 Rumble Boxing Round 2&quot; süchtig auf einen Schlag. Das ist Boxen mit dem gewissen Etwas!
Resident Evil 2 (USA)	Der Anfang allen Übels war ein Unfall im Versuchslabor eines Herrenhauses. Dieser Unfall hatte zur Folge, daß der T-Virus, ein bilogischer Kampfstoff der Umbrella Corporation, freigesetzt wurde. Alles Leben in seiner ursprünglichen Form wurde vernichtet und in schleckliche Mutationen verwandelt. Dies liegt etwa zwei Monate zurück und der Fall schien abgeschlossen, doch die schrecklichen Experimente der Umbrella Corporation waren alles andere als vorbei. Der T-Virus war nur ein Vorbote. Ganz Raccoon City wurde durch den noch todbringenderen G-Virus infiziert. Die Stadt wird von Zombies und anderen höllischen Kreaturen bevölkert. Zu diesem Zeitpunkt treffen Leon. S. Kennedy und Claire Redfield nichts ahnend in der Stadt ein und stürtzen Hals über Kopf in das Abenteuer Ihres Lebens.
Road Rash 64 (USA)	Road Rash 64 enthält all die atemberaubenden Features, welche die Original-Produktreihe zu einem Riesenerfolg gemacht haben, und sorgt durch einige zusätzliche Besonderheiten dafür, daß Road Rash 64 auch auf der Nintendo 64-Konsole richtig Gummi gibt. Und damit Sie nicht alleine über die Pisten brettern müssen, bietet Road Rash 64 genug Action für bis zu 4 knallharte Biker. Dazu gesellen sich jede Menge neuer Waffen, brandneue Rennstrecken und die Möglichkeit, Ihren individuellen Biker auszuwählen. Road Rash 64 ist mit Sicherheit eines der spannendsten Rennspiele, die es jemals für die Nintendo 64-Konsole gab. Halten Sie Ihren Helm fest, das wird ein heißes Rennen!
Roadsters (USA) (En,Fr,Es)	Schnallen Sie sich an und machen Sie sich bereit, während Sie das Steuer eines ausgetricksten, asphaltierten Roadster mit Kompressor übernehmen. Rase mit 200 MPH auf einer von zehn verschiedenen adrenalingeladenen Strecken herum. Spüren Sie, wie der Wind Ihr Haar aus den Wurzeln reißt. Knock Ellenbogen mit der Konkurrenz. Du bist in einem Raketenschiff ohne Dach. Du bist Roadster-Rennen, Baby! Rennen gewinnen. Geld gewinnen. Verwandle deinen Roadster in ein Monster, denn du brauchst jede Hilfe, die du bekommen kannst. Hier draußen sind die Geschwindigkeiten schneller, die Kurven sind enger und wenn Sie blinzeln, sind Sie ein Strassenkiller!
Robot Poncots 64 - 7tsu no Umi no Caramel (Japan)	Die Geschichte spielt in einer futuristischen Welt, in der Roboter die Ozeane beherrschen. Die Spieler schlüpfen in die Rolle eines jungen Helden, der sich durch sieben Level voller Herausforderungen und Rätsel kämpfen muss, um die Welt vor den Robotern zu retten. Jedes Level bietet abwechslungsreiche und wunderschön gestaltete Meereslandschaften und lässt die Spieler vollständig in dieses fantastische Universum eintauchen. Das Gameplay von Robot Ponkotsu 64 – 7tsu no Umi no Caramel basiert auf Erkundung und dem Lösen von Rätseln. Die Spieler müssen die Spezialfähigkeiten ihres Charakters nutzen, um in den Leveln voranzukommen. Zu diesen Fähigkeiten gehören Schwimmen, Springen und die Interaktion mit der Umgebung. Die Rätsel sind clever gestaltet und bieten eine ständige Herausforderung sowie ein Erfolgserlebnis, wenn die Spieler sie lösen können.
Robotech - Crystal Dreams (USA) (Proto 2)	Robotech: Crystal Dreams ist ein 3D Flugsimulator Spiel, welches jedoch nie auf den Markt kam. Entwickelt wurde das sehr ambitionierte Projekt von GameTek. Ursprünglich sollte das Spiel bereits zum Release der N64 erscheinen, doch meldete GameTek nach 2 Jahren Entwicklungszeit im Jahr 1997 Bankrott an. GameTek versuchte weiterhin einen Publisher für die Fertigstellung des Spieles zu finden, jedoch wurde aufgrund ausbleibendem Interesses 1998 die Entwicklung endgültig eingestellt, wenige Tage nachdem die offizielle Demo auf der E3 1998 gezeigt wurde.
Robotron 64 (USA)	Schlüpfen Sie in Robotron 64 in die Rolle eines druchgeknallten Professors, und retten Sie mit Hilfe von einem riesigen Arsenal an futuristischen Waffen die unschuldigen Geiseln. 200 atemberaubende Level erwarten Sie in Robotron 64 für N64, mit gnadenlosen Laserschlachten bis der Morgen graut. Robotron 64 für N64 ist ein abgespactes Abenteuer!
Rocket - Robot on Wheels (USA)	DIE HOFFNUNG HAT EINEN NEUEN NAMEN: ROCKET - ROBOT ON WHEELS! Erkunde den Park mit durchgeknallten Vehikeln und benutze Deinen Traktorstrahl, um Objekte zu benutzen, zu heben und zu werfen.
RR64 - Ridge Racer 64 (USA)	Namco präsentiert mit Ridge Racer 64 eine ausgefeilte Umsetzung bisheriger Ridge Racer-Titel sowie exklusiv für das Nintendo 64 gestaltete, völlig neue Kurse! Die authentische Renn-Action bietet jede Menge Effekte: Fantastische Lichteffekte, Kurvendrifting oder rauchende Reifen - für realistischen Rennspielspaß ist bestens gesorgt! - Der Arcade-Hit nun endlich für das Nintendo 64! - Steuere mehr als 30 verschiedene Rennwagen auf 9 schwierigen Strecken! - Exklusive Rennstrecken, die nur für das Nintendo 64 programmiert wurden! - Für spannende Rennduelle mit bis zu 4 Spielern gleichzeitig!
Rugrats - Scavenger Hunt (USA)	Rugrats: The Treasure Hunt ist eine Zusammenstellung von Minispielen, die in drei verschiedene Teile unterteilt ist. Im ersten musst du gegen Angelica kämpfen; im zweiten tauchen Sie auf der Suche nach Schätzen in die Tiefe ein; und im dritten Teil kämpfst du gegen Reptar, den Dinosaurier. In jedem der drei Spiele kontrollierst du einen der 4 Rugrats und musst einen Gegenstand zurückholen. Außerdem ist das Spiel mit vier Spielern spielbar, von denen jeder einen der Rugrats kontrolliert.
Rugrats in Paris - The Movie (USA)	Tommy Pickle's Vater wurde für Wartungsarbeiten bei EuroReptarland nach Europa geschickt. Die Rugrats begleiten ihn auf seiner Reise nach Europa. Es gibt 16 Levels und versteckte Bonuslevel, die es zu knacken gilt. Das Spiel besteht aus verschiedenen Minispielen, die abgeschlossen werden müssen, um genügend Tickets zu verdienen, um das Spiel zu gewinnen. Die Mehrzahl der Tickets kann aber einfach gesammelt werden, indem man durch den Park läuft. Tickets können zum Kauf von Preisen verwendet werden. Es gibt zehn Minispiele, darunter Whack-a-ninja, Autoscooter und Minigolf.
Rush 2 - Extreme Racing USA (USA)	Leistung ... Adrenalin ... Geschwindigkeit! Das sind die Zutaten in der nächsten Generation von Rush Mania! Spüren Sie den Rush noch einmal, wie Sie durch einige der heißesten Flecken in Amerika fahren! Sie wollen todesmutige Sprünge und heimtückisch Abkürzungen? Dies finden Sie, zusammen mit viel mehr, in 8 neuen Gebieten! Es ist Zeit, ihre fahrerischen Fähigkeiten zu erweitern! Sie werden an Orten wie Las Vegas, New York City, Hawaii, Los Angeles und Seattle die Radar-Pistolen zum glühen bringen. Und natürlich gibt es diese besondere Strecke, bekannt als Alcatraz Island. Ja, wir reden über den Rock.
S.C.A.R.S. (USA)	In der Welt von 3000 n. Chr. wird die Welt von 9 verschiedenen Supercomputern gesteuert, die sich schrecklich langweilen, also haben sie diese Virtual-Reality-Simulation entwickelt, um gegeneinander anzutreten. Die Autos basieren auf den Attributen ausgestorbener terranischer Tiere. Fahre mit neun verschiedenen Autos (einige müssen freigeschaltet werden) auf neun verschiedenen Strecken. Sie können Rennen fahren oder mit den neun verschiedenen Waffen auf Ihre Gegner schießen. Viele Multiplayer-Optionen (einschließlich geteilter Bildschirm auf dem PC).
Saikyou Habu Shougi (Japan)	Dieser Titel präsentiert die faszinierende Welt des Shogi, eines japanischen, schachähnlichen Spiels. In Saikyou Habu Shogi können Spieler in Shogi-Partien gegen computergesteuerte Gegner antreten oder ihre Freunde in Mehrspielerpartien herausfordern. Das Spiel bietet verschiedene Spielmodi, die den Vorlieben der Spieler gerecht werden und vielfältige Möglichkeiten bieten, ihre strategischen Fähigkeiten zu testen.
San Francisco Rush - Extreme Racing (USA) (En,Fr,De)	Rasen Sie bis die Achsen brechen. Mit einem von acht unterschiedlichen Wagen, gestaffelt nach vier Schwierigkeitsstufen. Dreidimensional nachmodelliertes Terrain von San Francisco mitsamt allen Hügeln, Häusern und Sehenswürdigkeiten. Sechs Kurse, überragende 3D-Optiken und Spezialeffekte, physikalische Reaktionen auf Gegenwind und Karambolagen und heimtückische verborgene Abkürzungen.
San Francisco Rush 2049 (USA)	San Francisco im Jahre 2049: Steigen Sie ein in einen raketengetriebenen Supersportwagen und liefern Sie sich mit dem Computer oder Freunden spannende Hochgeschwindigkeitsduelle durch die Häuserschluchten der kalifornischen Metropole! Alternativ können Sie heiße Stunts mit Ihrem Wagen auf extra dafür vorgesehene Parcours absolvieren, oder, ausgestattet mit High-Tech-Waffen, in der Arena gegnerische Fahrzeuge in einem modernen Gladiatorkampf besiegen.
Scooby-Doo! - Classic Creep Capers (USA)	Scooby Doo! Classic Creep Capers ist ein Abenteuerspiel für Nintendo 64. Während das gute Team durch einen sehr düsteren Wald läuft, bleibt der Van unserer Freunde in der Nähe eines seltsamen Herrenhauses liegen. Wenn Sie vor diesem imposanten Herrenhaus stehen, fällt Ihnen auf, dass Dr. Jekyll, der Besitzer des Herrenhauses, verdächtige Ähnlichkeit mit Mr. Hyde hat, dem Juwelendieb, der in diesen Tagen die Stadt heimsucht. Helfen Sie dem Scooby-Doo-Team und begeben Sie sich auf die Suche nach Hinweisen, um die Rätsel um Dr. Jekyll zu lösen.
SD Hiryuu no Ken Densetsu (Japan)	Eine aktualisierte Version von Hiryuu no Ken: Twin (Flying Dragon overseas), mit dem Titel SD Hiryuu no Ken Densetsu (wörtlich: SD Legend of the Fist of the Flying Dragon), wurde nur in Japan veröffentlicht und fügte weitere Charaktere (wie Jack, Ryu und Gofire aus der Super Chinese-Serie), Gegenstände und einen neuen Spielmodus hinzu. Außerdem wurde der realistischere &quot;Virtual Mode&quot; zugunsten des superdeformierten &quot;Quest Mode&quot; entfernt. Spielbare Charaktere sind Ryuhi, Hayato, Min Min, Wiler, Shouryu, Yuka, Suzaku, Powers, Robo No Hana, Bokuchin (freischaltbar), Jack, Ryu, Raima, E. Quaker, Ellie, Gofire, Ryumaou (freischaltbar).
Sesame Street - Elmo's Letter Adventure (USA)	Triff in Sesame Street: Elmos Letter Adventure für N64 deine Lieblingsfiguren aus der Sesamstraße und lerne gemeinsam mit ihnen das Alphabet! Übernimm die Rolle von Elmo und spiele spaßige MInispiele. Gehe tauchen, oder fahre ein Rennen und finde dabei die versteckten Buchstaben! Jeder gefundene Buchstabe wird in Sesame Street: Elmos Letter Adventure für N64 laut vorgelesen und mit einem Bild verbunden, so dass es Dir leicht fallen wird ihn Dir zu merken! So lernst Du ohne Probleme das Alphabet. Gehe auf ein spannendes Abenteuer mit Elmo in Sesame Street: Elmos Letter Adventure für N64!
Sesame Street - Elmo's Number Journey (USA)	Nun geht's los für Kindergartenkinder. Magst du Sesamstraße? Dann hilf jetzt bei Sesame Street: Elmo's Number Journey Elmo dabie, viele Rätsel und Abenteuer zu bestehen. Entdecke mit ihm magische Welten, besuche Freunde aus der Serie und habe ganz viel Spaß dabei! Du kannst mit Elmo Snowboarden, Jetskis fahren, Autoscooter fahren... Das alles und noch viel mehr erwartet dich jetzt exklusiv auf deiner N64! Werde spielend besser im Rechnen und zeig Elmo, dass Du der beste darin bist.
Shadow Man (USA)	Durch den kaltblütigen Mord an seinem kleinen Bruder Luke ist Professor Mike LeRoi zu einem gewissenlosen Rächer geworden. Auf der verzweifelten Suche nach dem Killer verkauft LeRoi seine Seele an einen gottlosen Voodoo-Kult und wird zum Sklaven der Totenwelt - Shadowman. Die Jagd nach dem Mörder führt den übernatürlichen Shadowman nach New Orleans in die Welt der Untoten. Dort hat sich der wahre Killer versteckt! Der Spieler kämpft gegen monströse Kreaturen und abartige Ausgeburten aus anderen Welten. Erst wenn Shadowman den Mord an seinem Bruder rächen kann, wird seine Seele befreit und die Erde gerettet.
Shadowgate 64 - Trials of the Four Towers (USA) (En,Es)	Ein uraltes Übel rührt sich. Es greift aus dem Jenseits an und verzerrt den Geist der Menschen, die es befreien wollen. Bald, sehr bald, wird der gefürchtete Warlock Lord wieder auf das Land losgelassen werden. Dieses Mal gibt es niemanden, der ihn aufhalten kann. Niemand außer einem unglücklichen Halbling, der mitten in den katastrophalen Ereignissen gefangen ist, die sich in den Ruinen der Burg Shadowgate abspielen... Dieses brandneue Abenteuer katapultiert dich zurück in die Welt des preisgekrönten Computer- und NES-Meisterwerks. Eine magische Welt, die dich nun in voller 3D-Pracht umgibt. Eine Welt voller Wunder, die dich einlädt, ihre Geheimnisse zu enträtseln.
Shin Nihon Pro Wrestling Toukon Road - Brave Spirits (Japan)	Steigen Sie mit den mutigsten Animes der New Japan Pro Wrestling League in den Ring und kämpfen Sie um den Gipfel! Mit atemberaubender 3D-Grafik und einem intuitiven Steuerungssystem bietet Toukon Road die realistischste Kampfaktion, die jemals in Videospielen vorgestellt wurde!
Shin Nihon Pro Wrestling Toukon Road 2 - The Next Generation (Japan)	Shin Nippon Pro Wrestling: A Toukon Road 2 - The Next Generation ist ein Sportspiel, das von Yuke's entwickelt und von Hudson veröffentlicht wurde und 1998 in Japan veröffentlicht wurde. Auf dem gleichen Schritt wie sein Vorgänger, ein Wrestling-Spiel, in dem Sie Ihre Gegner im Ring mit wirklich unglaublichen Schlägen und Griffen besiegen sollten, eine Fernsehshow.
SimCity 2000 (Japan)	Sie sind wieder der Bürgermeister, aber dieses Mal können Sie, bevor Sie Ihre Stadt bauen, das Gelände vollständig anpassen. Im Gegensatz zu SimCity gibt es eine isometrische Sicht statt einer &quot;Draufsicht&quot;. Der Titel biete gegenüber dem Original zahlreiche zusätzliche Funktionen (z.B. die Möglichkeit &quot;Licht&quot; -Zonen, U-Bahnen, Krankenhäuser, Hochschulen, Zoos und Arkologien zu bauen - letztere sind eigentlich Städte in Städten). Sie können jetzt Orten Namen geben und Ihre Stadt ist von anderen Städten umgeben, mit denen Sie Handel treiben können. Anstelle der Umfrage im ersten Spiel haben Sie jetzt die Möglichkeit mehrere Zeitungen zu lesen, um sich ein Bild von Ihrem Fortschritt zu machen.
SimCopter 64 (USA) (Proto) (E3 1997)	SimCopter (1996) war das erste Spiel, in dem die simlische Sprache verwendet wurde. Das Besondere daran war, dass die Benutzer ihre in SimCity 2000 (1993) erstellten Städte importieren und frei über sie fliegen oder verschiedene Rettungsmissionen durchführen konnten, um der Polizei, der Feuerwehr oder den Sanitätern zu helfen, etc. Diese Elemente könnten das Spiel für eine Nintendo 64-Portierung ungeeignet gemacht haben, aber das Studio Maxis hat tatsächlich eine solche in Auftrag gegeben und ausnahmsweise einmal intern entwickelt. Eine erste Version war auf der E3 im Juni 1997 vorgestellt worden, und dieser Prototyp, von dem es nur ein Video in sehr schlechter Qualität gab, wurde im Jahr 2022 ausgegraben.
Snowboard Kids (USA)	Hier kommt der eisgekühlte Snowboard-Spaß aus Fernost! 5 wahnwitzige Cartoon-Helden blicken der Gefahr ins Auge und wagen sich mit ihren rasanten Surfbrettern auf halsbrecherische Pisten, die (teils schneebedeckt, teils sonnig begrünt) zum Kampf um Punkte und Pokale locken. Wenn auch Du Dir die Lizenz zum Brettern besorgen und einen der wertvollen Skipässe ergattern willst, solltest Du nicht nur flink sein, sondern auch die mehr als 36 Special-Stunts erlernen.
Snowboard Kids 2 (USA)	Verteidige so gut es geht die Stadt vor dem fiesen Damien! Das geht am besten mit coolen Tricks, rasanten Geschwindigkeiten und perfekter Balance. Bei N64 - Snowboard Kids 2 stürzt Du Dich in ein Abenteuer voller wintersportgeladener Action. Du kannst dein eigenes Board wählen, verschiedene Charakter ausprobieren und sogar unterschiedliche Arten von Pisten auswählen! Und das ganze musst Du nicht mal alleine machen; Snowboard Kids 2 gibt dir die Möglichkeit, auf deinem N64 mit drei Deiner Freunde die rasante Welt des Snowboardens zu erobern. Hast Du das Zeug dazu. die Stadt zu verteidigen und dabei unschlagbar coole Tricks zu machen? Oder bist Du doch eher der Speedtyp, der Pisten so schnell wie kein anderer fahren kann? Finde es jetzt mit dem Klassiker Snowboard Kids 2 heraus!
South Park (USA)	Das offizielle Game zur Weltbekannten US-Zeichentrickserie. Die Schulkameraden Kenny, Kyle, Stan und Cartman sind in den USA berühmter als Bart Simpson, die TV Cartoon-Serie Nummer 1! Die vier sarkastischen Chaoten, die auch bei uns ab 1999 auf RTL ihr Unwesen treiben werden, durchleben auf N64, Play Station und PC skurrile 3D Action Abenteuer. Ein riesiger Komet rast auf South Park zu, und nur Sie können die Bewohner dieses verschlafenen Städtchens retten! Verwandeln Sie sich in Ihren Lieblingsbewohner von South Park in 3D und machen Sie mit den abgedrehtesten Waffen Jagd auf die anderen.
South Park - Chef's Luv Shack (USA)	Luv Shack von South Park Chef für Nintendo 64 ist ein Partyspiel. Sie wählen einen der vier Racker der Serie aus und müssen Fragen dazu beantworten. Eine richtige Antwort gibt Ihnen das Recht, das Rad zu drehen, auf dem Geldbeträge, Versprechen und Minispiele angeordnet sind.
South Park Rally (USA)	Wähle deine Spielfigur aus der beliebten Zeichentrickserie South Park und rase in diesem Rennspiel durch die Straßen. Das Fahrzeug deiner Figur kann zum Beispiel ein kleiner Wagen, ein Trike oder eine Kiste sein. Zu den Waffen gehören Raketen, Salty Balls, Cheesy Poofs, die geliebte Kuh und sogar eine Analsonde. Alle Stimmen sind ebenfalls enthalten, so dass es sich mehr wie ein echter Zeichentrickfilm als ein Rallye-Spiel anfühlt. Es gibt auch einen 4-Spieler-Modus, in dem jeder gegen jeden spielt.
Space Invaders (USA)	In Space Invaders, einem klassischen Arcade-Remake, kämpfst du gegen die Invasoren, die in geordneten Reihen über den Bildschirm marschieren. Mit Power-Ups und neuen Feinden erweitert, führt dich das Spiel durch das Sonnensystem, beginnend auf Pluto, weiter über Mars und Venus bis zur Erde. Während du mehrere Wellen abwehrst, fliegen Mutterschiffe über dir, die bei Treffern nützliche Power-Ups wie Schilde oder Doppelschüsse freigeben. Nach jeder Planetenstufe erwartet dich ein einzigartiger Bosskampf. Schaffst du es, das Spiel zu beenden, kannst du eine Reproduktion des originalen Coin-Op-Spiels erleben.
SpaceStation Silicon Valley (USA)	Reisen Sie in die Zukunft und lösen Sie das Geheimnis der Raum-Station Silicon Valley, der erste Versuch der Menschheit, intelligente, sich selbst reproduzierende und entwickelnde Roboter zu schaffen, schlug fehl. Treffen Sie auf Ihrer Reise raketenwerfende Füchse, Lamas mit Kettensägen, Polarbären mit Katapulten und viele andere. Kriechen Sie durch Abwasserkanäle, erklimmen Sie hohe Berge oder entdecken Sie neue Landschaften, aber in jedem Fall: lösen die das Geheimnis dieser Raumstation.
Spider-Man (USA)	Spider-Man ist das erste freibewegliche 3D-Action-Adventure, in dem Du Spider-Man in voller Montur spielst. Die große Verantwortung, die Du trägst, lastet schwer auf Deinen Schultern, doch wenn Du Deine Superkräfte einsetzt, kannst Du die abscheulichen Pläne der Schurken vereiteln. Beschütze die unschuldigen mit all den Fähigkeiten von Spidey - schwinge an Netzen, klettere an Fassaden, nutze Deine extreme Beweglichkeit und den &quot;Spinnen-Sinn&quot;! Acht Hauptschauplätze aus den Comics und 3D Einzelabschnitte bilden die Bühne für Deinen Auftritt!
Star Fox 64 (USA)	Der böse Wissenschaftler Andross war einst durch General Pepper für seine Missetaten auf den verlassenen Planeten Venom verbannt worden, doch eines Tages wurden seltsame Aktivitäten in diesem Teil des Lylat-Systems wahrgenommen. Das Star-Fox-Team, bestehend aus James McCloud, Pigma Dengar und Peppy Hare, wurde losgeschickt, um die Ursache zu ermitteln. Auf dem Planeten angekommen verriet Pigma den Rest des Teams und James und Peppy wurden von Andross gefangen genommen, wobei Peppy um Haaresbreite entkommen konnte. Als Andross eines Tages erneut das Lylat-System zu erobern versucht, wendet sich General Pepper an das neue Star-Fox-Team, bestehend aus James? Sohn Fox McCloud, Falco Lombardi, Slippy Toad und Peppy Hare. In ihren Händen liegt nun das Schicksal des Lylat-Systems.
Star Soldier - Vanishing Earth (USA)	Im Jahr 2098 war die Menschheit von einer Militärmacht aus Zeograd, einem feindlichen Planeten in einer weit entfernten Galaxie, kritisch angegriffen worden. Commander Parker Deehan von Special Interception Airforce (SIA) beschloss, das Kampfflugzeug F98 Star Soldier in die Frontlinie des Gefechts gegen Zeograd einzusetzen und zu steuern. Die Schlacht zu verlieren bedeutete das Aussterben der Menschheit und die totale Vernichtung der Erde!
Star Wars - Rogue Squadron (USA)	Fliege in Deinem X-Wing lebensgefährliche Einsätze im Kampf gegen die imperialen Truppen! Zerstöre alle Stützpunkte des Imperiums und rette die Bewohner fremder Planeten! Du bist Luke Skywalker, der bravouröse Kampfpilot und Anführer des legendären Rogue Squadron. Mit Fliegern dieser Eliteeinheit bietest Du den Soldaten des Imperiums die Stirn. Zur Seite stehen Dir gewandte Piloten der Rebellenalianz sowie Deine alten Kampfgefährten Han Solo und Chewbacca!
Star Wars - Shadows of the Empire (USA)	Noch während sich Luke Skywalker und die Rebellen mit Darth Vader und dem Imperium erbitterte Gefechte liefern, droht aus den Tiefen des Alls neue Gefahr. Dark Prince Xizor, Kopf des geheimnisvollen Black Sun Syndikates, hat den Tod von Luke angeordnet, um dann Dath Vader die Schuld dafür anzulasten. So erhofft er sich, die Position von Vader an der Seite des Imperators einzunehmen. Als Dash Rendar liegt es nun an Dir, Luke zu beschützen! Du wirst lernen müssen, die unterschiedlichsten Weltraum-Kampfjäger und Sternen-Kreuzer zu fliegen. Erkunde Weltraumstationen und Städte, triff auf die Stormtrooper des Imperiums, AT-AT Walkers, Snowtroopers, TIE Fighter, Sternenkreuzer, Wampa Ice-Kreaturen und vieles mehr! Von nun an bist Du Teil eines anderes Universums - Spüre die Macht!
Star Wars Episode I - Battle for Naboo (USA)	Aufgepasst - Verteidiger von Naboo! Die Handelsföderation muss aufgehalten werden! Kämpfen sie in mehr als 15 Missionen - In der Luft, auf dem Wasser oder im Weltall! Schicken sie ihre Jäger gegen die Droidenarmeen der Handelsföderation! FEATURES: - Steuern sie bis zu 7 Raumschiffe: Den Raumjäger von Naboo, den Gian-Gleiter und völlig neue Schiffe, wie die schwere STAP oder das Kanonenboot der Handelsföderation - Mehr als 15 Missionen: Flucht von Theed, Suchen und Zerstören, Sabotage, Erkundungen, Konvois und mehr - Kämpfen sie gegen die Droiden-Raumjäger der Handelsföderation, AATs, Zerstörer-Droiden, Kampfdroiden, und viele mehr - Wechseln sie ihr Fahrzeug während einer Mission in speziell dafür gebauten Hangarsnn- Von den Entwicklern von &quot;Star Wars; Rogue Squadron&quot;
Star Wars Episode I - Racer (USA)	Steig ein, schnall Dich an und spüre, wie Dir das Adrenalin durch die Adern schießt, wenn Du die Rennsequenzen aus Star Wars Episode I: Die Dunkle Bedrohung neu erleben darfst. Übernimm als Anakin Skywalker, dem potentiellen Jedi, die Kontrolle über Deinen Podracer, oder schlüpf in die Rolle eines der anderen 20 Piloten. Lass Dich von zwei riesigen Jet-Turbinen auf eine Geschwindigkeit von über 950 km/h beschleunigen und flieg über acht verschiedene Welten. Bei Star Wars: Episode 1 Racer meisterst Du brennende Methan-Seen, Angriffe von Tusken, Anti-Grav-Tunnel und andere Hindernisse in einem Rennen, das Dich bis an Dein Limit fordern wird. Ein Wettkampf, bei dem es um alles geht und jeder Pilot versuchen wird, als erster die Ziellinie zu überqueren! Erlebe die Spannung und Dramatik der Rennsequenzen aus Star Wars Episode I: Die Dunkle Bedrohung, wenn Du mit deinem Podracer mit Deinen Nachbrennern mühelos Geschwindigkeiten von über 950 Kilometern in der Stunde erreichst.
StarCraft 64 (USA)	In ferner Zukunft ist eine kleine Gruppe von Menschen im Exil dazu verdammt, am Rande der Galaxis ums Überleben zu kämpfen. Durch militärische Stärke, Spionage und Täuschung hat eine vereinte terranische Regierung einen unruhigen Frieden aufrechterhalten. Da jedoch die Ressourcen und der Treibstoff knapp werden, blicken die konföderierten Staaten auf die reichen Welten ihrer außerirdischen Nachbarn, der rätselhaften Protoss. Um die Sache noch komplizierter zu machen, scheint eine bisher unbekannte Spezies - die Zerg - in den Protoss-Raum eingetreten zu sein und alles auf ihrem Weg zu zerstören. Die Zeit für den Krieg ist gekommen.
Starshot - Space Circus Fever (USA) (En,Fr,Es)	Machen Sie eine Fahrt durch den Kosmos mit Starshot, dem Starjongleur des Space Circus. Ihr Mut und Ihr Können werden herausgefordert, wenn Sie gegen Wolfgang von Ravel kämpfen, den bösen Boss Ihres krummen Konkurrenten - den Virtua Circus. Nur Sie können den Space Circus vor dem Aussterben retten! Volle Bewegungsfreiheit in einer Welt voller 3D-Grafiken! Starshot kann laufen, rennen, sprechen, springen, schwimmen und fliegen, während er Sterne schießt, die er kontrollieren kann! Mit mehr als 300 &quot;kosmischen&quot; Charakteren aus verschiedenen Planeten!
Stunt Racer 64 (USA)	Das Hauptziel des Spiels ist, wie bei allen Rennfahrern, zuerst die Ziellinie zu erreichen. Wenn Sie jedoch Luft schnappen und durch Ringe landen oder Stunts ausführen, sammeln Sie auch Münzen, mit denen Sie Ihr Auto aufwerten können. Die Autos selbst sind eine Mischung aus Zukunft und Vergangenheit, mit einem Hot Rod-Stil außen und einem leistungsstarken New Age-Motor innen. Diese Kraft wird dazu beitragen, Sie über die Ziellinie zu bringen, wobei die Verwendung von Geschwindigkeitssteigerungen und Abkürzungen auf den Strecken Ihnen sehr hilft. Ein 4-Spieler-Split-Screen-Modus ist ebenfalls enthalten, während Sie im Übungs-, Schnellrennen- und Wettbewerbsliga-Modus antreten können sowie im Stunt-Modus, der Ihre Fähigkeiten im Stuntmachen auf Halfpipes und großen offenen Strecken auf die Probe stellt.
Super B-Daman - Battle Phoenix 64 (Japan)	Super B-Daman: Battle Phoenix 64 basiert auf der japanischen Manga-Serie Super B-Daman, die wiederum auf der Spielzeugreihe B-Daman basiert. Diese Spielzeuge haben die Form von Menschen und kicken Murmeln. Die Ziele im Spiel variieren, z. B. Gegner oder ein bestimmtes Objekt zu treffen, und sind für zwei oder mehr Spieler ausgelegt.
Super Bowling (USA)	Super Bowling ist ein third Person Bowlingspiel. Spieler können in verschiedenen Umgebungen bowlen, die von Eisteichen bis zu neonbeleuchteten chinesischen Tempeln reichen. Die Spieler können sich in ihren Heimstadien mit Charakteren messen, ähnlich wie bei einem Kampfspiel. Wenn der Spieler gewinnt, kann er auf diesen Stufen in anderen Spielmodi spielen. Es stehen auch Mehrspielermodi mit einer Reihe von verschiedenen Variationen zur Verfügung.
Super Mario 64 (USA)	Prinzessin Peach hat Mario einen Brief gesendet, in dem stand, dass er zum Schloss kommen soll, da sie ihm einen Kuchen gebacken hat. Im Schloss angekommen, ertönt eine schaurige Stimme die ihm befielt, dass er sofort das Schloss verlassen soll. Daraufhin wird er von einem Toad informiert, dass Prinzessin Peach von Bowser entführt wurde und er die Power Sterne des Schlosses entwendet hat. Nun liegt es an Mario die Power Sterne aus den insgesamt 15 Welten zurückzuerobern, um sich mit ihrer Hilfe seinen Weg durchs Schloss zu bahnen, um Prinzessin Peach aus den Klauen von Bowser zu befreien!
Super Robot Spirits (Japan)	Super Robot Spirits ist ein 3D-Kampfspiel, das von Banpresto für das Nintendo 64 entwickelt und veröffentlicht wurde. Es wurde exklusiv in Japan am 17. Juli 1998 veröffentlicht und ist ein Spin-off der &quot;Super Robot Wars&quot;-Serie. Das Spiel stellt die Spieler in Eins-gegen-Eins-Kämpfe mit ikonischen Mechas aus verschiedenen Anime-Serien, darunter Mobile Fighter G Gundam, Invincible Steel Man Daitarn 3, Aura Battler Dunbine, Chōdenji Machine Voltes V, Combat Mecha Xabungle, Dancouga – Super Beast Machine God und Banprestos eigene R-1 unit. Die freischaltbaren Charaktere beihntehalten unter anderem Master Gundam, Devil Gundam und Judecca. Das Gameplay wird im 2,5D-Stil präsentiert: Charaktere und Umgebungen sind in 3D gerendert, der Kampf findet jedoch auf einer 2D-Ebene statt. Jeder Mecha kann schlagen, treten, blocken und Waffen wie Energieschwerter und Geschütztürme einsetzen. Während des Kampfes bauen die Spieler &quot;Spirit Skills&quot; auf, die verheerende Super-Attacken freischalten um zerstörische, für jeden Roboter einzigartige, Angriffe auszulösen.
Super Robot Taisen 64 (Japan)	Super Robot Wars 64 ist ein Strategie-Rollenspiel für das Nintendo 64. Es wurde erst 1999 in Japan veröffentlicht. Das Spiel kann das Transfer Pak des Nintendo 64 mit dem Game Boy Color-Spiel Super Robot Wars: Link Battler nutzen.
Super Smash Bros. (USA)	Durch die umfangreiche Auswahl an Special Moves und Extras überraschen Dich die Spielfiguren bei Super Smash Bros. für N64 mit immer wieder neuen, fulminanten Angriffsvarianten. Kämpfe gegen besondere Gegner wie den Marionator, den Riesen-Donkey oder gegen die rauflustige Polygon-Gang. Vier versteckte Kämpfer und unzählige Bonusspiele mit Jump'n'Run-Einlagen bieten durchgehenden Spielspaß bis zum finalen Endgegner: Giganten-Glover! Super Smash Bros. für N64 bietet schnelles, actionreiches Gameplay für bis zu vier Spieler gleichzeitigmit den beliebtesten Figuren aus den Nintendo Meisterwerken!
Supercross 2000 (USA)	Fahr mitten im Feld mit, flieg über die Schanzen und zeig heisse Tricks in der Luft. Kopf-an-Kopf-Rennen über geteilten Bildschirm - Die totale Renn-Action. Riesige Sprünge im Freestyle-Modus. Echte Fahrer, Motorräder und Strecken mit den 24 besten Fahrern der Welt.
Superman - The New Superman Aventures (USA) (En,Fr,Es)	Lois Lane und Jimmy Olsen sind verschwunden - sie wurden von den böswilligen Mächten von Lex Luthor und Braniac entführt, die sie in eine Virtual-Reality-Version von Metropolis gebracht haben. Superman muss zur Rettung kommen! Der Mann aus Stahl muss diese virtuelle Dimension durcharbeiten und einen Weg finden, die bösen Vordenker zu besiegen, die sie erschaffen haben. Erlebe die unglaublichen Kräfte von Superman aus erster Hand, während du darum kämpfst, Lois Lane aus den Klauen von Metallo zu befreien, und versuche dann, Jimmy Olsen aus dem stählernen Griff von Darkseid zu befreien. Rase in den Weltraum, um Braniacs böser Alien-Technologie zu begegnen. Zerstören Sie vor allem Luthors tödlichen Traum von einer Virtual-Reality-Metropole!
Susume! Taisen Puzzle Dama - Toukon! Marutama Chou (Japan)	Taisen Puzzle-Dama ist eine Puzzleserie, die von Konami entwickelt wurde. Das Gameplay in der Serie ähnelt anderen spielbasierten Puzzlespielen wie Puyo Puyo, bei denen es sich um ein Kampfspiel zwischen einem Spieler und einem menschlichen Gegner handelt.
Sydney 2000 (USA) (Proto)	Erleben Sie die Olympischen Spiele 2000 in Sydney. Trainieren Sie Ihren Geist und Körper für den Wettkampf in der virtuellen Turnhalle. 4 Spielmodi: - Olympia - Arcade - Kopf an Kopf - Coaching Messen Sie sich in intensiven Multiplayer-Action für bis zu 4 Spieler. TV-Präsentation mit den Olympiasiegerkommentatoren Dwight Stones und Marty Liquori. 32 Länder waren in 12 Wettbewerben vertreten, in denen es um Kraft, Ausdauer, Genauigkeit und Können ging.
Tarzan (USA)	Dieses Spiel bringt dich in die Rolle des Tarzan, eines im Dschungel aufgezogenen Menschen, und das wird dich auf viele verschiedene Missionen mitnehmen, wo du Münzen, Kartenteile, den Tarzan der Buchstaben und andere Dinge sammeln musst. Nach Abschluss jedes Levels, genießt du Disney Cartoon-Animationen.
Taz Express (Europe) (En,Fr,De,Es,It,Nl)	Er wird wild, agressiv und gefräßig: Taz der Tasmanische Teufel versucht sich in Taz Express für N64 als Kurierfahrer - und macht alles platt, was sich ihm in den Weg stellt. Er kann in Taz Express für N64 jedes Objekt aufheben, tragen und werfen, auf Wolkenkratzer springen, alles fressen - oder mit dem berühmten Taz-Wirbel zerstören. Die einzigartige Grafik-Engine schafft eine &quot;lebende&quot; 3D-Umgebung. Taz ist in Taz Express für N64 zum ersten Mal in 3D, in einem superschnellen Gameplay aus Action und Puzzle.
Tetris 64 (Japan) (En)	Tetris 64 ist ein Blockpuzzle, das das klassische Tetris-Erlebnis bietet: Blöcke fallen von oben ins Bild und können während des Fallens bewegt und gedreht werden. Ziel ist es, vollständige Reihen zu bilden, die dann verschwinden, Punkte einbringen und den Schwierigkeitsgrad mit der Zeit erhöhen. Das Spiel ist verloren, sobald der erscheinende Stein nicht mehr bewegt werden kann, weil der Bildschirm voll ist. Der B-Typ ist ähnlich, nur dass der Bildschirm hier mit zufälligen Blockkombinationen vom Boden aufgefüllt wird. Zusätzlich zum Standardmodus bietet das Spiel zwei einzigartige Varianten: In „Giga Tetris“ muss der Spieler gelegentlich mit riesigen Blöcken fertigwerden, die beim Aufprall auf den Boden zerbrechen. „Bio Tetris“ nutzt den mitgelieferten Biosensor: Er wird ins Ohr geklemmt und misst die Herzfrequenz. Es kann eingestellt werden, ob sich das Spiel bei steigender Herzfrequenz verlangsamt oder beschleunigt.
Tetrisphere (USA)	Tetrisphere erweitert das klassische Tetris-Gameplay um eine neue Dimension. Wie üblich wirfst du Steine in das Spielfeld, um die Blöcke zu beseitigen und das Spielfeld zu räumen. Dieses Mal ist das Spielfeld jedoch eine Kugel, und Sie müssen die Kugel umdrehen, um einen Platz zum Ablegen der Teile zu finden und schließlich zum Kern zu gelangen, um zu gewinnen. Wenn Sie das Spielfeld räumen, werden bei bestimmten Bewegungen möglicherweise magische Gegenstände zum Vorschein kommen (Raketen, Dynamit usw.).
Tigger's Honey Hunt (USA)	Winnie the Pooh plant eine Party und braucht deshalb Honig. Sein Freund Tigger verspricht ihm zu helfen und beginnt nach Honigtöpfen zu suchen. Tigger's Honey Hunt ist ein Plattform-Actionspiel, in dem der Spieler Tigger durch neun Level führt. In sechs Levels ist es das Ziel, eine vorgegebene Mindestmenge an Honigtöpfen zu sammeln, um Zugang zum nächsten Level zu erhalten. In den anderen drei Levels gibt es Minispiele wie Rock-Paper-Scissors, um gegen andere Charaktere aus der Welt von Winnie the Pooh zu spielen.
Tom and Jerry in Fists of Furry (USA)	Einzelkampf und Tag-Team-Turniere! Wähle einfach deinen Charakter und dann den Ort. Alle Umgebungen sind nach Szenen aus Ihren Lieblingsfolgen von Tom & Jerry modelliert. Eine &quot;All-Star&quot; -Aufstellung von Charakteren wie Tom, Jerry, Butch, Spike, Tuffy und Duckling macht dies zum ultimativen Tom & Jerry-Erlebnis! Zu den Waffen zählen Schaufeln, Bomben, glühende Schürhaken, Tennisschläger, Möbel und eine Auswahl an Früchten. Außerdem gibt es unzählige andere Tricks, Fallen und Überraschungen. Besser geht es nicht. Also geh in deine Ecke, warte auf die Glocke und komm raus und kämpfe. Haltet einfach ein Auge hinter euch, denn in diesem Spiel kämpft niemand fair!
Tom Clancy's Rainbow Six (USA)	Rainbow Six bringt ihnen die ultrarealistische Intensität, die sonst nur echte Agenten von Sondereinsatztruppen erleben. Treten Sie einer multimedialen Spezialeinheit bei, die im Auftrag der Regierungen in aller Welt eine Gruppe tödlicher Terroristen bekämpft. Stellen sie ihr Team aus einem Kader von Spezialisten zusammen. Wählen Sie authentische Ausrüstung und Waffen aus, und dringen Sie in besetzte Gebäude ein, um Geiseln zu befreien. Die explosive, realistische Action von Rainbow Six und die perfekt ausgefeilte Taktik bieten Ihnen ein unvergeßliches Spielerlebnis.
Tommy Thunder (USA) (Proto) (1997-10-01)	Tommy Thunder war ein Third-Person-Shooter in der Entwicklung für den Nintendo 64 (und später auch für die PSX) von Player 1 Studios, der jedoch nie veröffentlicht wurde.
Tonic Trouble (Europe) (En,Fr,De,Es,It)	Ed, der freundliche außerirdische Raumpfleger, ließ versehentlich eine Dose Tonic auf die Erde fallen und verursachte eine große ökologische Katastrophe. Alles begann zu mutieren! Ed soll das Haus aufräumen und das Tonikum holen, aber zuerst hat es jemand in die Hand genommen ... Und er hat sich selbst zum Meister der Erde erklärt! Kann Ed den Angriff des Killergemüses überleben, die sechs Gegenstände finden, die er benötigt, um die Erde zu reparieren, und die Tonic-Dose von Grogh the Hellish holen und schließlich aus Tonic Trouble herauskommen?
Tony Hawk's Pro Skater (USA)	Tony Hawk's Pro Skater wartet mit einem ausgeklügelten Trick- und Kombisystem auf, bei dem die Spieler sich an Hunderte von Kombinationen aus halsbrecherischen Moves und Stunts wagen können. Dabei stehen ihnen absolut realistische Strecken zur Verfügung, die sie mit der Geschwindigkeit und Beweglichkeit eine professionellen Skaters entlangheizen können. Auch die Spielumgebung hat jede Menge zu bieten: geheime Gelände, Abkürzungen und nahezu unzugängliche Punkte sowie zahlreiche Locations - von Einkaufszentren und Autobahnen bis hin zu Grundschulen und überfüllten Innenstädten. Mit unterschiedlichen Spielmodi, darunter ein einzigartiger Career Mode, bei dem die Laufbahn eines Profi-Skaters simuliert wird.
Tony Hawk's Pro Skater 2 (USA)	Tony Hawk ist zurück. Mit neuer Grafik, neuen Profis und neuen Tricks. Die Legende rollt weiter. Skate als einer von 13 Profis in komplett neuen Leveln oder erstelle deinen ganz persönlichen Skater. Neue Moves wie Blunt Slides, FS/BS Nose- und Tall-Slides und Hurricanes bringen jede Menge Knete, die du um Skateshop oder für Statistikpunkte ausgeben kannst. Errichte mit dem Park-Editor deine eigenen Traumpark in Echtzeit-3D und statte ihn mit Rampen, Funboxen, Rails und vielem mehr aus. Verschiedenste Modi wie Karriere oder Skate for Fun für einen Spieler oder Trick-Turnier, Graffiti, Loser und Gotcha für zwei Spieler sorgen für Abwechslung und Spielspaß pur.
Tony Hawk's Pro Skater 3 (USA)	Tony Hawk -- der Klassiker der Old-School-Skateboard-Games nun in der überarbeiteten Version 3. Damit übertrifft sich eines der besten Funsport-Games auf dem Markt selbst: einzigartige Steuerbarkeit, ausgefeilte Tricks und trainierbare Trickserien, detaillierte Konfigurierbarkeit der schon legendären Skater (Tony Hawk, Bucky Lasek, Rodney Mullen, Chad Muska und vielen anderen) und natürlich der fulminante Soundtrack mit Originalbands wie Ramones, Red Hot Chili Peppers, Motörhead und anderen. Neu sind die verbesserte grafische Darstellung und einige neue Tricks. Die grafische Überarbeitung geht dabei nicht auf Kosten der Spieltiefe oder Levelanzahl. Trotzdem lassen verblüffend realistische Slams selbst den Zuschauer die Hände vor das Gesicht schlagen.
Toon Panic (Japan) (Proto)	Toon Panic ist ein Multiplayer-Brawler/Arcade-Kampfspiel, das bei Bottom Up in Entwicklung war. Es sollte Power Stone oder Rakugaki ShowTime ähneln, wurde aber aufgrund der Insolvenz des Studios eingestellt. Es gab ein nettes Intro mit cooler Musik, kein Hauptspiel, einen Multiplayer-Modus ohne KI und einige Debug-Funktionen. Die Final Fantasy VIII-Bilder im Charakterauswahlschirm waren Platzhalter... eine merkwürdige Entscheidung der Entwickler.
Top Gear Hyper-Bike (USA)	Fahre auf Straßen- und Feldwegen mit einer Sammlung von erstklassigen Feld- und Straßenfahrrädern. Bei Dirt-Bike-Rennen können Sie während des Rennens Tricks ausführen, um den verfügbaren Turboboost zu erhöhen, während Sie zwischen den verschiedenen Motorrädern wechseln, die für jede Rennstrecke verfügbar sind. Wetteifern Sie um Punkte, um die Gesamtleistung Ihres Motorrads zu verbessern, oder kaufen Sie ein besseres Motorrad. Im Trick-Attack-Modus können Sie sich einfach darauf konzentrieren, so viele verrückte Tricks wie möglich auszuführen, während Sie mit dem Track-Editor Ihre eigene Spezialspur mit Sprüngen und scharfen Kurven erstellen können.
Top Gear Overdrive (USA)	Fahre mit vielen modernen Hochgeschwindigkeitsrennwagen über sechs offene Strecken. Je besser du in jedem Rennen bist, desto mehr Geld musst du ausgeben, um die schnelleren Autos zu kaufen oder das Auto zu verbessern, das du hast. Shortcuts verunreinigen die Tracks, während Nitro-Boosts dir helfen, die Hauptgeraden wirklich runterzufliegen. Bis zu 4 Spieler können in den Meisterschaftsmodi gemeinsam gegen die computergesteuerten Rennfahrer und auch einzeln gegeneinander antreten
Top Gear Rally (USA)	Steig ein! Jetzt kannst Du endlich bis zur Besinnungslosigkeit über die Piste rasen! Top Gear Rally wird Deinen Motor zum Heulen bringen! Es gibt keine Wahl, Junge! Das Game ist top ausgestattet mit neun Polygonwagen auf fünf harten Strecken über Stock und Stein durch Wüsten und Dschungel. Vier hochleistungsfähige Spielmodi und diverse Kameraperspektiven gibt's zur Auswahl. Willst Du noch mehr? Wie wär's mit hyperrealistischen 3D-Effekten, daß die Augen im Kopf steckenbleiben? Die Lackierung Deines Autos übernimmst Du selbst und gestaltest sie nach Deinem Geschmack im Paint Shop- Wähle Dir auch Stoßdämpfer, Reifen und Lenkrad selbst. Fertig? Leg den höchsten Gang ein und gib' Dir auf und neben der Strecke durch Nebel, Regen, Schnee, Dreck und Schlamm. Schau Dich nach diesen vom Rumble Pak gebeutelten Kisten um und Du wirst nie wieder davon loskommen!
Top Gear Rally 2 (USA)	Wer nach einem realistischen Rennspiel sucht, hat jetzt eins gefunden: Es steckt in dieser Box und heißt Top Gear Rally 2! Das erste und einzige Ralley-Spiel auf dem Subaru und Mitsubishi bietet. Wenn Sie die harte Prüfung der ARSG Rally School schaf- fen, erhalten Sie Rennzertifikate für Wettfahrten auf der ganzen Welt. Die Kurse sind in jeder vorstellbaren Umgebung angesie- delt, Sie fahren über Stock und Stein. Es ist nicht nur einfach das realistischste Rennspiel dieser Welt - ist ist auch das beste! FEATURES: - Tunen Sie 15 echte Rennwagen, inklusive der Modelle von Toyo- ta, Subaru und Mitsubishi. - Machen Sie neue Sponsoren auf sich aufmerksam und kaufen Sie mit deren Geld weitere Tuning-Teile für Ihr Fahrzeug! - Spielen Sie versteckte Wagen und Kurse frei, indem Sie alle Saisons im Championship-Modus gewinnen.
Toy Story 2 - Buzz Lightyear to the Rescue! (USA)	Als Spielzeugheld Buzz Lightyear haben Sie alle Hände voll zu tun. Ihr bester Freund Woody muß aus den Fängen eines übereifrigen Spielzeugsammlers gerettet werden - ein Wettlauf mit der Zeit beginnt. Schnallen Sie sich die Raketenstiefel an, legen Sie eine neue Batterie ein und machen Sie sich gemeinsam mit Specky, Slinky und Rex auf den Weg, um dem Woody beizustehen. Basierend auf dem Sequel zu Disney/Pixars Trickfilm, der neue Maßstäbe in der Geschichte der Animationsfilme gesetzt hat, verspricht Disney/Pixars Toy Story 2 das Videospielereignis der Saison zu werden und liefert eine actiongeladene Gameplay-Mischung für Menschen aller Altersgruppen.
Transformers - Beast Wars Transmetals (USA)	Erlebe jetzt einen Transformers-Kampf, den du noch nie zuvor gesehen hast! Übernimm das Kommando über die Heroic Maximals und Evil Predicons, die um die Vorherrschaft kämpfen! Diese Cybertron-Krieger sind mächtiger als je zuvor und können in drei Modi umgewandelt werden: Biest, Fahrzeug und Roboter. Renne, sprenge und verwandle deinen Weg zum Sieg! Schalte die Konkurrenz mit dem fantastischen Ultra Blast-Angriff aus!
Triple Play 2000 (USA)	Diese Wiederholung der Baseball-Linie von Sculptured hat echte Spieler und Teams, die zum Zeitpunkt der Produktion auf dem neuesten Stand sind. Sie können einzelne Spiele, eine ganze Saison, die Playoffs oder ein All-out-Action-Home-Run-Derby spielen. Teamauswahl und Transfers unterliegen der Kontrolle der Spieler. Jim Hughson und Buck Martinez geben den Kommentar ab. Dies war die erste Version, die das Internet-Spielen auf dem PC unterstützte.
Tsumi to Batsu - Hoshi no Keishousha (Japan)	Die Erde wird von den Ruffians bedroht! Mutanten, die gezüchtet wurden, um Nahrungsengpässe zu beheben, und die sich jetzt gegen ihre Schöpfer erhoben haben. Als junger Widerstandskämpfer mit dem Ziel, die Erde zu befreien, musst du Welle auf Welle biogenetischer Wesen und korrupter Soldaten abwehren.Zum ersten Mal können Spieler außerhalb Japans die atemberaubende Action dieses Klassikers für Nintendo 64 erleben, erstellt von den Meistern des Genres: Treasure Co. Ltd.Kämpfe dich zu Lande, zu Wasser und in der Luft durch Wellen von Gegnern, sammle Energie und Punkteboni. Mit gewaltigen Kombinationen kannst du zusätzliche Zeit gewinnen. Stelle dich gewaltigen Boss-Gegnern.
Turok - Dinosaur Hunter (USA)	Im düsteren Urwald durchstreift der Jäger Turok halbzerfallene Ruinen und verlassene Tempel, um zu ergründen, welches Ereignis seine Welt in einen Vorhof der Hölle verwandelte. Anno 1997 begeisterte Iguana Entertainment die Zockerwelt mit &quot;Turok - Dinosaur Hunter&quot;, einem der grafisch spektakulärsten Spiele seiner Zeit. Noch mehr Begeisterung verursachte die PC-Umsetzung des Actionspektakels, die in Sachen Grafik noch einiges draufsetze, zugleich war das Spiel eines der ersten, die eine 3D-Beschleunigerkarte zwingend voraussetzen. Leider kam auch dieser Shooter nur in zensierter Form in den deutschen Handel. Die Zensuren von Nintendo 64 und PC-version sind identisch.
Turok - Rage Wars (USA)	Seit Anbeginn der Zeit ist es Aufgabe der Turok, das stetige Gleichgewicht zwischen Gut und Böse, Ordnung und Chaos im Verlorenen Land zu garantieren. Sie sind die einzig wahren Hüter der Bürde des Lichts. Einem seit jeher heiligen Medizinbeutels, der die letzten Reste der reinen Energiequelle umhüllt, aus denen das Verlorene Land einst entstanden ist. Wer diese Macht kontrolliert, beherrscht die Kraft der Schöpfung. Und um ihren Besitz wurden schon viele erbitterte Schlachten geschlagen. Jetzt versucht es das wiedererstarkte Böse erneut, dem Geschlecht der Turok den heiligen Medizinbeutel zu rauben. Bewahren Sie das Verlorene Land vor dem Sturz in die ewige Finsternis, und erweisen Sie sich Ihrer Rolle als Turok würdig. Tragen Sie die schwere Bürde des Lichts gemäß den überlieferten Bestimmungen Ihrer Ahnen, und überstehen Sie die Legenden des Verlorenen Landes... - Eigenständig entwickeltes Multiplayer-Spiel
Turok 2 - Seeds of Evil (USA)	Die Erde und das verlorene Land sind dem Untergang geweiht. Ein tödliches, außerirdisches Wesen ohne Gnade ist aus den Tiefen der Erde auferstanden. Indianerheld Turok steht seinem bisher größten Feind gegenüber - dem Primagen. In der am heißesten erwarteten Fortsetzung des Jahres müssen Sie als Turok mit allen Mitteln verhindern, das der Primagen aus seiner unterirdischen Festung entkommt und die Grenze zwischen Unterwelt und Erde überschreiten. Sonst ist die Menschheit für immer verloren.
Turok 3 - Shadow of Oblivion (USA)	Lange bevor es die Welt von Turok 3 für N64, so wie wir sie kennen, gab, existierte das Oblivion, ein monströses, kosmisches Etwas, das alles Leben verschlang. Es griff sich lebende Körper und fraß sie bis auf den letzten Bissen. Das Oblivion lebt von der Energie der Toten und der Sterbenden. Als der Primagen in Turok 3 ausgelöscht wurde, löste das eine Kette von mächtigen Beben aus, die so stark waren, daß das Universum, so wie es zu der Zeit existierte, völlig ausge-öscht wurde. Auch das allmächitge Ablivion wurde beinahe voll- kommen zerstört. Zum ersten Mal in seinem Leben fühlte das Oblivion in Turok 3 Schmerz, Angst und ... HASS!
Twisted Edge - Extreme Snowboarding (USA)	Die krankesten Tricks, die größte Luft und die größten Läufe, von denen Sie bisher nur geträumt haben. Kein Suchen mehr nach der besten Fahrt aller Zeiten, schnappen Sie sich Ihren Controller und bereiten Sie sich auf das Verdrehen vor! Geladen mit Fahrern, Brettern und Geheimnissen - jedes mit seinen eigenen einzigartigen Qualitäten. Es gibt eine Menge, aber nur, wenn Sie nicht an Ihren Fahrkünsten nachlassen! Leistung ist alles und es zahlt sich in TWISTED EDGE aus!
Utchan Nanchan no Hono no Challenger - Denryuu Ira Ira Bou (Japan)	Uchhannanchan no Honoo no Challenge: Denryuu IraIra Bou (übersetzt zu &quot;Ucchannanchans Herausforderung des Feuers: Elektrischer Stift der Nervosität&quot;) ist ein Puzzlespiel für das Nintendo 64, das 1997 nur in Japan veröffentlicht wurde.
V-Rally Edition 99 (USA)	Rennwahnsinn! Über 40 Originalstrecken, 11 offizielle Rallye-Weltmeisterschaftsfahrzeuge, Strecken an 8 Standorten weltweit, realistische Rennphysik und reibungsloses Fahrverhalten, abwechslungsreiches Gelände wie Dschungel, Canyons, Wüsten, Berge und mehr, instabile Wetterbedingungen wie Regen, Nebel, Schnee und wolkig. Passen Sie die Leistungsmerkmale des Fahrzeugs an die unterschiedlichen Straßenbedingungen an. Bonus und versteckte Autos und Strecken zum Freischalten!
Viewpoint 2064 (Japan) (Proto) (2000-04-13)	Viewpoint 2064 ist ein vertikaler 3D-Shooter, der von Racdym für die Veröffentlichung von den Eigentümern der Serie, Sammy Corporation, entwickelt wurde. ist eine Fortsetzung des ursprünglichen Viewpoint aus dem Jahr 1992. Von allen veröffentlichten Versionen von Viewpoint war Viewpoint 2064 die einzige, die als echte Fortsetzung entwickelt wurde, mit völlig unterschiedlichen Ebenen, Mechanik, Grafik, Progression und einer einzigartigen Geschichte. Die Handlung zeigt, wie der vom Spieler befehligte Weltraumsoldat einen Krieg gegen insektoide Eindringlinge führt, während der Geschichte ruft ihn eine Stimme aus den Tiefen des Weltraums. Es stellt sich heraus, dass dieser Eintrag zu einer großen fliegenden kugelförmigen Kreatur unbekannter Herkunft gehört, die, sobald sie erfährt, dass der Soldat keine Erinnerung an seine Vergangenheit hat, ihm einen Stein verspricht, der Erinnerungen auf dem Planeten T3 hervorrufen kann.
Vigilante 8 (USA)	Autokrieg auf den Straßen der USA. Schwingen sie sich ans Steuer von acht (plus vier Bonuswagen) bombastisch ausstaffierten Muscle Cars aus den 70ern. Acht Schauplätze die zerstört werden können. Alle Wagen sind mit einem zerstörerischen Arsenal an High-Tech Waffen ausgestattet. Erleben sie das Chaos entweder direkt hinter dem Steuer oder aus der Windschattenansicht. Werfen sie Raketen, feuern Maschinengewehre und schlagen Freunde in einem explosiven Kopf-an-Kopf-Rennen.
Vigilante 8 - 2nd Offense (USA)	Mitte der 70er hatten die Vigilantes die Plage des Südwesten - die Coyotes - so richtig fertiggemacht. Jetzt, vier Jahrzehnte später, will ihr kaltblütiger Anführer Slick Clyde einen Sprung in die Vergangenheit machen, um die Geschichte umzuschreiben. Sieht so aus, als würde bald wieder jede Menge Schlamm spritzen. Vigilante 8: 2.Herausforderung hat alle Vorteile seines erfolgreichen Vorgängers 8 neue komplett zerstörbare Umgebungen, 8 durchgeknallte Charaktere und eine bahnbrechende Grafik - und legt noch einen Zahn zu mit Spezialangriffsmoves, explosivem Realismus, einer Morphing-Erweiterung und zusätzlichen Mehrspieler-Optionen. Steuern Sie 18 neue, waffenstarrende Gefährte aus den 70ern, die Sie alle mit modernster Technik und Power-Ups aufmotzen können.
Virtual Chess 64 (USA) (En,Fr,Es)	Virtual Chess 64 ist wahrscheinlich das einzige Schachspiel, das für die Nintendo 64-Konsole entwickelt wurde. Es bietet sowohl 2D- als auch 3D-Grafiken, die der Spieler nach eigenen Wünschen auswählen kann. Es enthält auch Mini-Schnittszenen, in denen ein Bauer gegen einen anderen verliert, wobei Comic-ähnliche Charaktere den Bauern, der angreift, und den Bauern, der verliert, gegeneinander antreten. Die KI des Spiels ist jedoch selbst in den einfachen Levels extrem hoch.
Virtual Pool 64 (USA)	Unglaublich realistische Rollwege der Kugeln und in 3-D gestaltete Tische lassen Sie bei Virtual Pool förmlich den Queue in der Hand spüren. Wählen Sie aus neuen Billard-Spielarten wie z.B. die beliebten Spiele 9-Ball, Straight Pool (14.1 Endlos), 8-Ball und One Pocket. Drei Schwierigkeitsstufen: Amateur, Profi und Champion. Perfektionieren Sie trickreicht Stöße, lernen Sie ein neues Spiel, oder fordern Sie einen Gegner zu einme spannenden Turnierspiel heraus.
Virtual Pro Wrestling 2 - Oudou Keishou (Japan)	Virtual Pro Wrestling 2: Odo Keisho ist ein professionelles Wrestlingspiel. Das Spiel wurde nur in Japan veröffentlicht und ist die Fortsetzung von Virtual Pro Wrestling 64 aus dem Jahr 1997. Der Untertitel Odo Keisho wird auf Englisch als Royal Road Succession übersetzt, was auch der Name des Einzelspielermodus des Spiels ist. Das Spiel verfügt über die gleiche Engine wie WWF WrestleMania 2000, aber die beiden Titel unterscheiden sich ansonsten erheblich und bieten völlig unterschiedliche Dienstpläne. WrestleMania 2000 wurde im Gegensatz zu früheren von AKI entwickelten WCW-Titeln auch in Japan veröffentlicht.
Virtual Pro Wrestling 64 (Japan)	Virtual Pro Wrestling 64 ist ein Wrestling-Spiel auf dem Nintendo 64. Das Spiel beinhaltet die großartigen japanischen Wrestler New Japan Pro Wrestling und All Japan Pro Wrestling, aber auch die US-Charaktere von WCW und UFC. Kämpfe energisch und gewinne den Meisterschaftsgürtel!
Waialae Country Club - True Golf Classics (USA)	Mit den &quot;Waialae Country Club True Golf Classics&quot; haben Sie die Realität des Golfsports im Griff. Diese Golfsimulation befindet sich in einer wunderschönen hawaiianischen Umgebung, aber lassen Sie sich nicht von der Landschaft täuschen. Der Platz ist mit allen herausfordernden Gefahren des realen Golfplatzes ausgelegt. Genießen Sie die sechs Spielmodi und speichern Sie alle Ihre Statistiken im Game Pak-Speicher. Erstellen Sie bis zu zehn Golfer und füllen Sie jede Golftasche mit individuellen Schlägern. Seien Sie nicht mit einem durchschnittlichen Golfspiel im Rough stecken, wenn Sie das Fairway mit den Besten schlagen können!
War Gods (USA)	War Gods ist ein Einzelkampfspiel, das in 3D-Umgebungen stattfindet. Der von Ihnen kontrollierte Kämpfer kann viele verschiedene Bewegungen ausführen und diese Bewegungen zu &quot;Combos&quot; zusammenfassen. Darüber hinaus haben alle Kämpfer spezielle &quot;Finishing Moves&quot;, die Ihren Gegner am Ende eines Matches auf grausame Weise eliminieren. Es stehen 10 verschiedene Kämpfer zur Auswahl, die alle auf verschiedenen alten Zivilisationen basieren.
Wave Race 64 - Kawasaki Jet Ski (USA)	Bei diesem sensationell realistischen Jet-Ski-Rennen peitscht Dir der Wind der Gischt nur so um die Ohren. Schwing Dich auf den Jet-Ski Deiner Wahl und begib Dich auf die Jagd nach Bestzeiten. Vermeide vollbeladene Tanker im Hafen, Holzstege und Riffe. Hänge Deine Verfolger ab und nutze die unterschiedlichen Witterungsbedingungen zu Deinem Vorteil. Meterhohe Sprünge aus einem aufgewählten Wellental, 360°-Drehungen, unglaubliche Stunts und nervenzerfetzende Rennen gegen die stärksten Wave Rider der Welt erwarten Dich! Spiele gegen den Computer oder fordere einen Freund zum Wettkampf heraus. Wave Race eröffnet eine völlig neues Rennspiel-Zeitalter!
Wayne Gretzky's 3D Hockey '98 (USA)	Treten Sie in dieser heißen Fortsetzung des Hits &quot;Best Sports Game&quot; von 1996 erneut gegen &quot;The Great One&quot; an! Mit mehr tollen Features wie neuen versteckten Teams und verbesserter, harter KI packt Gretzky '98 einen Wallop! Umfasst alle 26 Teams mit jeweils 17 verfügbaren Spielern in ihren tatsächlichen NHL-Teams. Sie können Spielergeschäfte tätigen oder Linienmanipulationen vornehmen, um ein eigenes starkes Team zu bilden. Spielen Sie 3-gegen-3, 4-gegen-4 oder 5-gegen-5-Spiele auf Eishockeyfeldern in Arcade- oder regulären Größen sowie in Ausstellungsspielen, in 82 Spielzeiten oder in einer der sieben besten Playoff-Serien.
Wayne Gretzky's 3D Hockey (USA)	Dieser Midway-Titel, der aus der Arcade-Version stammt, ist für alle offiziellen NHL-Hockey-Teams und -Spieler gedacht, die die Möglichkeit haben, eine komplette Saison mit vollständigen Statistiken zu spielen. Hier können Sie auch entweder drei-gegen-drei-, vier-gegen-vier- oder fünf-gegen-fünf-Teams in Arenen im Arcade-Stil oder in offiziellen regulären Arenen spielen. Mit den NHLPA- und NHL-Lizenzen sind 26 Teams mit ihren echten Namen, Logos und Uniformen ausgestattet.
WCW Backstage Assault (USA)	WCW Backstage Assault ist genau das, abseits der üblichen Ring-Wrestling-Action, ein Einzelkampf in Umkleideräumen, Badezimmern, Arenen im Freien und vielem mehr. Jeder Wrestler hat seine / ihre üblichen Bewegungen sowie die Möglichkeit, die Umgebung und alle Gegenstände (Stühle, Tische usw.), die er findet, zu nutzen. Sie können Ihren eigenen Wrestler erstellen, einen vorhandenen Wrestler modifizieren oder aus einer großen Sammlung von WCW-Talenten auswählen, um spezielle Meisterschaftsgürtel oder Hardcore-Matches zu kämpfen, bei denen jeder Gewinn verborgene Geheimnisse aufdeckt.
WCW Mayhem (USA)	Wrestling Total ausser Kontrolle. FEATURES - Erstelle einen Wrestler - Über 50 WCW Superstars - 6 Kampfarten - 12 Backstage-Bereiche - Echte Ring-Eingänge - Alle TV-Events
WCW Nitro (USA)	Übernimm die Kontrolle über deinen Lieblings-WCW-Wrestler und kämpfe im Ring. Zu den 16 Wrestlern (zu Beginn) im Spiel gehören Größen wie Kevin Nash, Buff Bagwell und Hollywood Hulk Hogan. Basierend auf dem Flaggschiff-Fernsehprogramm der WCW, „WCW Monday Nitro“, versetzt dich dieses Spiel im Arcade-Stil (oder einen Partner) in eine knallharte Schlägerei mit vielen der beliebtesten Stars der WCW und ihren charakteristischen Manövern. Es gibt Einzel- und Tag-Match-Optionen für einen oder zwei Spieler sowie einen Einzelspieler-Turniermodus, in dem der Spieler eine Reihe von Kämpfen bestreiten muss, um Champion zu werden. Im Laufe des Spiels können Sie neue Charaktere freischalten, die Sie in den Ring schicken können, darunter weitere WCW-Wrestler und -Mitarbeiter sowie fiktive Charaktere und THQ-Mitarbeiter.
WCW vs. nWo - World Tour (USA)	Mehr als 40 Ringkämpfer insgesamt, einschließlich über 20 Superstars von WCW und NWO. Jeder Ringer führt 30 bis 40 Kampfbewegungen aus, einschließlich seiner eigenen charakteristischen Kampfzüge. Fünf verschiedene Spielmodi.
WCW-nWo Revenge (USA)	WCW/nWo Revenge, die Fortsetzung des Mega-Hits WCW vs. nWO: World Tour, wartet mit noch mehr Superstars der WCW und nWo-Verbände sowie einer erweiterten Palette an Moves auf. Das 128 MBit große Modul erlaubt es den Spielern, wichtige Statistiken der einzelnen Wrestler (Siege, Niederlagen...) abzuspeichern. Ein verbesserter Battle-Royal-Modus sorgt für mehr Spannung und Action. Schwächere Wrestler werden, sobald sie besiegt wurden, durch neue Herausforderer ersetzt. WCW/nWo Revenge: Das neue Referenz-Wrestlingspiel!
Wetrix (USA) (En,Fr,De,Es,It,Nl)	Dieses Spiel macht Dich naß. Willkommen in der Welt von WETRIX, dem spektakulären Wasserzellen-Puzzle, das Deinen Geist für Stunden zum Schwimmen bringt. Das verblüffende 3D Gameplay für ein oder zwei Spieler mit seinen unzähligen Leveln und Effekten raubt Dir den Atem und droht, Dich wegzuspülen.
Wheel of Fortune (USA)	Dieses Spiel ist eine interaktive Version der beliebten US-Quizshow Wheel of Fortune mit Hostess Vanna White. Das Spiel wird gespielt, indem versucht wird, ein verstecktes Wort zu finden, wobei nur wenige Vermutungen für die Buchstaben zulässig sind, was dem Stift- und Papierspiel Hangman sehr ähnlich ist. In der anderen Runde, in der das Glücksrad eingesetzt wird, dreht man das Rad, das sowohl gute als auch schlechte Preise hat. Was auch immer der Zeiger anhält, wenn er aufhört, sich zu drehen, gewinnt der Spieler. Dies kann Bargeld sein, ein Freispiel oder, wenn Sie Pech haben, das heißt, Sie verlieren das gesamte Geld, das Sie bis zu diesem Zeitpunkt verdient haben. Bis zu 3 Spieler können im Mehrspielermodus zusammen spielen
Wildwaters (USA) (1999-06-15) (Proto)	Wildwaters ist ein unveröffentlichtes Spiel für den Nintendo 64. Der wasserbasierte Arcade-Rennfahrer bietet sechs verschiedene Charaktere zur Auswahl sowie drei verschiedene Kajaktypen mit jeweils eigenen Stärken und Schwächen. Wildwaters wird bis zu zwei Spieler auf sechs gefährliche Flussläufe schicken, hervorgehoben durch realistische Wasserphysik und atemberaubende Grafiken. Ubi Soft verspricht fünf verschiedene Spielmodi, darunter Arcade, Zeitfahren, Meisterschaft, Finale und Versus Battle.
WinBack - Covert Operations (USA)	Der erste Schuß zerstörte das Weltrauminstitus. In genau 3 Stunden wird der High-Tech Satellit wieder schußbereit sein... Es ist Ihre Aufgabe dies zu verhindern. Eine Terroristengruppe namens Crying Lions hat sich den einzigen Zugang zu DAMOCLES verschafft, einem militärischen Top Secret-Satelliten, und nutzte ihn gnadenlos. Der Verteidigungsminister weiß, daß er nur noch ein As im Ärmel hat - er befiehlt S.C.A.T. (dem Strategic Covert Actions Team) sich zu mobilisieren - Ihre Einsatzbefehle: Stürmen des Kontrollzentrums in Westham und die Zurückeroberung der Kontrolle über DAMOCLES.
Wipeout 64 (USA)	Es ist soweit: Die auf der PlayStation zur Legende gewordene Rennspielserie hält nun auch Einzug auf dem Nintendo 64 - mit neuer, famoser 64-Bit-Optik und nochmals verbessertem Gameplay. Packende Rennen, Challenges, Time Trails und Multiplayer-Liga - Wipeout 64 bietet den totalen, adrenalintreibenden Rennspielspaß. Und es ist schnell. Verdammt schnell. Schneller als Sie sich vorstellen können!
Wonder Project J2 - Koruro no Mori no Jozet (Japan)	&quot;Wonder Project J2&quot; findet 15 Jahre nach den Ereignissen des ersten Spiels &quot;Wonder Project J&quot; statt und handelt von einem Roboter-Mädchen namens Josette. Das Spiel beginnt damit, dass Josette ihr Zuhause auf Corlo Island verlässt und nach Blueland reist. Dort muss sie lernen, sich wie ein Mensch zu benehmen und schließlich ein Imperium davon abhalten, die Welt zu zerstören.
World Cup 98 (USA) (En,Fr,De,Es,It,Nl,Sv,Da)	Holen Sie sich den WM-Titel! - Die original WM 98 in Frankreich mit allen Spielern, Mannschaften, Gruppen und Stadien - Publikumsunterstützung und Fangesänge für jedes Land - ausführliche internationale Team-Geschichte und WM-Statistiken - neues Spielmanagement ermöglicht die Änderung der Strategie während des Spiels - neue Spiel-Taktik: verständigen Sie sich mit Ihren Spielern und wenden sie besondere Spielzüge an, wie Abseitsfalle und Pressing - Wählen Sie aus acht klassischen WM-Finals mit 16 der besten Mannschaften aller Zeiten - realistische Kommentare durch Wolf-Dieter Poschmann, Werner Hansch und Martin Siebel
World Driver Championship (USA)	Mit World Driver Championship ist der heißeste Anwärter für das beste N64-Rennspiel gestartet. Die Fachpresse ist sich einig: World Driver Championship ist das Gran Turismo für das N64. Als Karrierefahrer gilt es, sich einen Namen zu machen, um hinter das Steuer der coolsten Wagen dieser Welt zu gelangen. Nur die besten erhalten die einmalige Chance, für die großen Teams zu fahren und die GT1-Klasse zu erreichen.
Worms Armageddon (USA) (En,Fr,Es)	Endlich sind auch im N-64 die Würmer drin! Der Spieler dirigiert seine eigene Worms-Armee und zieht in den Kampf gegen andere Teams. Taktik und spielerische Kalkül sind gefragt, um den Gegner in die Enge zu treiben. Marsbrühe und Lavagruben, mit bis an die Zähne bewaffneten Kriechtieren.
WWF Attitude (USA)	Ich schau' Dir in die Augen Kleiner und sehe Deine Angst. WWF Attitude, so nah waren Sie noch nie am Ring! Nur mit sehr viel Liebe zum Detail kann man das ohnehin beste Wrestling Game noch besser machen. Als einer der Superstars der WWF betreten Sie die ausverkaufte Arena, Sie hören die Fanfaren Ihrer eigenen Einzugshymne, Sie schreiten unter dem Jubel der Massen auf den Ring zu und wenn Sie sich nicht schon im Gang eine nette kleine Prügelei gönnen, lernen Sie die neuen, schmerzbereitenden Features im Hauptkampf kennen. Noch nie war Wrestling perfekter, noch nie wurde die Liga mit ihren Stars derart real umgesetzt. Jetzt können Sie nachempfinden wie das wirklich ist, beispielsweise dem Undertaker Auge in Auge gegenüberzustehen.
WWF No Mercy (USA)	Mischen sie die WWF mal so richtig auf! Steigen sie zusammen mit den mächtigsten und fiesesten Jabronis in den Ring und erleben sie die härteste Wrestling-Action, die sie je in einem Konsolespiel gesehen haben. FEATURES: - Alle neuen &quot;Double Team Moves&quot; wie z.B. der &quot;Dudley 3D Deathtrop&quot; - Fordern Sie im Survival-Modus die ganze WWF heraus - Mehr als 65 WWF Supersars - Völlig neues Leiter Match.
WWF War Zone (USA)	Mit den Top-Stars des Profi-Wrestlings, darunter Steve Austun, Shawn Michaels, The Undertaker, Kane, Ken Shamrock, Rocky Maivia, Triple H und viele mehr. Über 300 Wrestling-Moves, zehn Spielmodi, selbst zusammenstellbare Wrestler und original Ringkommentare von Vince McMahon und Jim Ross.
WWF WrestleMania 2000 (USA)	Erleben Sie Wrestling der Spitzenklasse. - Zahlreiche Spielmodi, inklusive Käfigmatch, Road to Wrestlemania, Create-A-PPV u.v.m. - Entwerfen sie eigene Titel-Gürtel und kämpfen Sie mit Ihren Freunden darum - Über 50 WWF Top-Superstars - Tausende von speziellen Moves, Spottgesten und Eigenarten - WWF Auftritte komplett mit Titantron und Erkennungsmusik - Tausende von speziellen Moves, Spottgesen und Eigenarten - Mit Create-A-Werstler-Modus zuordnen von individuellen Moves, Kampfstilen und Outfits
X'treme Roller (USA) (Proto)	Dieses Rollerskate-Spiel, eine Mischung aus Rennen, Akrobatik und Kampf, entführte die Spieler in eine futuristische Welt mit Manga-inspirierten Charakteren. Ziel war es, als Erster die Ziellinie zu überqueren, spektakuläre Tricks vorzuführen und Rivalen zu besiegen, um das Publikum zu begeistern. Erfolgreiche Auftritte brachten Credits ein, mit denen neue Ausrüstung erworben werden konnte. Jeder Charakter hatte seine eigene Geschichte und seinen eigenen Fahrstil, und die Beherrschung aller Manöver war entscheidend, um den Endgegner zu besiegen. Das Spiel umfasste etwa zehn Level mit jeweils unterschiedlichen Zielen: das Rennen gewinnen, Tricks aneinanderreihen oder die Zeit schlagen.
Xena - Warrior Princess - The Talisman of Fate (USA)	Xena wurde zum Verteidiger der Welt gewählt. Wir haben sie in den Erinnerungen an ihre Heldentaten gesehen. Kommt also zusammen, die größten Helden und Schurken der Erde. Wähle deine Waffen mit Bedacht aus und lass die Schlachten beginnen! Denk daran, jeder Sieg bringt Sie nur der Herausforderung der Verkörperung der Dunkelheit näher ... Verzweiflung selbst! Jeder der 10 Charaktere von Xena besitzt seine eigenen Waffen, Einstellungen und Kampftechniken. Die exklusive Mehrspieler-Funktion umfasst einen Dienstplan-Modus sowie Team- und Einzelkämpfe.
Yakouchuu II - Satsujin Kouro (Japan)	Yakouchuu II: Satsujin Kouro (übersetzt zu &quot;Phosphorescent Animalcule II: Murder Course&quot;) ist ein Abenteuerspiel für den Nintendo 64, das 1999 nur in Japan veröffentlicht wurde.
Yoshi's Story (USA) (En,Ja)	Die Yoshis, ein lustiges Völkchen knallbunter Dinosaurier, stehen vor einem großen Problem - und nur Du kannst ihnen helfen! Baby Bowser hat den Happy-Baum entwendet und die Insel der Yoshis in ein Bilderbuch verwandelt. Nun fehlt den knuddeligen Inselbewohnern die Quelle der Fröhlichkeit und außerdem ist ihre Heimat erschreckend zweidimensional geworden. Begib Dich zusammen mit sechs quietschvergnügten Yoshis auf der Suche nach dem Baum der Fröhlichkeit und erlebe aufregende Abenteuer in einer der fantasievollsten Videospiel-Welten, die je geschaffen wurden.
Zool - Majuu Tsukai Densetsu (Japan)	Zool: Majou Tsukai Densetsu ist ein Rollenspiel für den Nintendo 64. Es wurde 1999 nur in Japan veröffentlicht. Dieses Spiel hat nichts mit dem Amiga-Spiel Zool zu tun. Das Gameplay ist ähnlich wie bei Pokemon.
