#key	name	year	genre	developer	players
'96 Zenkoku Koukou Soccer Senshuken (Japan)	'96 Zenkoku Koukou Soccer Senshuken	1996	Sports / Football (Soccer)/Sports	Magical Company	1-2
3 Ninjas Kick Back (USA)	3 Ninjas Kick Back	1994	Platform	Malibu Games	1-2
3x3 Eyes - Juuma Houkan (Japan)	3x3 Eyes : Juuma Houkan	1995	Adventure	Banpresto	1-2
3x3 Eyes - Seima Kourinden (Japan)	3x3 Eyes : Seima Kourinden	1992	Role Playing Game	Nova Games	1-2
4-nin Shougi (Japan)	4 Nin Shogi	1995	Shougi/Asiatic board game	Pow	1-4
7th Saga, The (USA)	The 7th Saga	1993	Role Playing Game	Produce	1
90 Minutes - European Prime Goal (Europe)	90 Minutes : European Prime Goal	1995	Sports / Football (Soccer)/Sports	Ocean	1-2
A.S.P. - Air Strike Patrol (USA)	A.S.P. : Air Strike Patrol	1995	Shooter	Opus	1
Aaahh!!! Real Monsters (USA)	Aaahh!!! Real Monsters	1995	Platform	Realtime Associates	1
ABC Monday Night Football (USA)	ABC Monday Night Football	1993	Sports / Football (American)/Sports	Data East	1-2
Accele Brid (Japan)	Accele Brid	1993	Shooter	Tomy	1-2
Ace o Nerae! (Japan)	Ace o Nerae!	1993	Sports / Tennis/Sports	Telenet	1-2
ACME Animation Factory (USA)	ACME Animation Factory	1994	Educational	Probe Software	1-2
Acrobat Mission (Japan) (En)	Acrobat Mission	1992	Shoot'em Up	UPL	1-2
Action Pachio (Japan)	Action Pachio	1993	Platform	C-Lab	1
ActRaiser (USA)	ActRaiser	1991	Platform	Quintet	1
ActRaiser 2 (USA)	ActRaiser 2	1993	Platform / Fighter Scrolling/Platform	Quintet	1
Addams Family Values (USA) (En,Fr,De)	Addams Family Values	1995	Adventure	Ocean	1
Addams Family, The (USA)	The Addams Family	1992	Platform	Ocean	1
Addams Family, The - Pugsley's Scavenger Hunt (USA)	The Addams Family : Pugsley's Scavenger Hunt	1993	Platform	Ocean	1
Advanced Dungeons & Dragons - Eye of the Beholder (USA)	Eye of the Beholder	1994	Dungeon Crawler RPG/Role Playing Game	Capcom	1
Adventures of Batman & Robin, The (USA)	The Adventures of Batman & Robin	1994	Platform	Konami	1
Adventures of Dr. Franken, The (USA)	The Adventures of Dr. Franken	1993	Platform	Motivetime	1
Adventures of Rocky and Bullwinkle and Friends, The (USA)	The Adventures of Rocky and Bullwinkle and Friends	1993	Platform	Imagineer	1
Adventures of Yogi Bear (USA)	Adventures of Yogi Bear	1994	Platform	Blue Turtle	1
Aero Fighters (USA)	Aero Fighters	1994	Shoot'em Up / Vertical/Shoot'em Up	Video System	1-2
Aero the Acro-Bat (World) (Evercade)	Aero the Acro-Bat	1993	Platform	Iguana Entertainment	1
Aero the Acro-Bat 2 (USA)	Aero the Acro-Bat 2	1994	Platform	Iguana Entertainment	1
Aerobiz (USA)	Aerobiz	1993	Build And Management/Simulation	Koei	1-4
Aerobiz Supersonic (USA)	Aerobiz Supersonic	1994	Build And Management/Simulation	Koei	1-4
AIII S.V. - A Ressha de Ikou 3 - Super Version (Japan)	AIII S.V. : A Ressha de Ikou 3, Super Version	1995	Build And Management/Simulation	Artdink	1
Air Cavalry (USA)	Air Cavalry	1995	Shooter	Synergistic Software	1-2
Akagawa Jirou - Majo-tachi no Nemuri (Japan)	Akagawa Jirou : Majotachi no Nemuri	1995	Adventure	Minato Giken	1
Akazukin Chacha (Japan)	Akazukin Chacha	1996	Role Playing Game	Landwarf	1
Al Unser Jr.'s Road to the Top (USA)	Al Unser Jr.'s Road to the Top	1994	Racing, Driving	Radical Entertainment	1-2
Aladdin (World) (Disney Classic Games)	Disney's Aladdin	1993	Platform	Disney Interactive Studios	1
Albert Odyssey (Japan)	Albert Odyssey	1993	Tactical RPG/Role Playing Game	Tokai Engineering	1-2
Albert Odyssey 2 - Jashin no Taidou (Japan)	Albert Odyssey 2 : Jashin no Taidou	1994	Role Playing Game	Sunsoft	1
Alcahest (Japan)	Alcahest	1993	Role Playing Game	HAL Laboratory	1-2
Alice no Paint Adventure (Japan)	Alice no Paint Adventure	1995	Educational	SAS Sakata	1
Alien 3 (USA)	Alien 3	1993	Platform	Probe Software	1
Alien vs Predator (USA)	Alien Versus Predator	1993	Beat'em Up	Jorudan	1-2
Amazing Spider-Man, The - Lethal Foes (Japan)	The Amazing Spider-Man : Lethal Foes	1995	Platform	Agenda	1-2
America Oudan Ultra Quiz (Japan)	America Oudan Ultra Quiz	1992	Quiz	Genki	1-2
American Battle Dome (Japan)	American Battle Dome	1995	Pinball	Betop	1-2
American Gladiators (USA)	American Gladiators	1993	Sports / Wrestling/Sports	Imagitec Design	1-2
American Tail, An - Fievel Goes West (USA)	An American Tail : Fievel Goes West	1994	Platform	Shimada Kikaku	1
Ancient Magic - Bazoe! Mahou Sekai (Japan)	Ancient Magic: Bazoe! Mahou Sekai	1993	Role Playing Game	Hot-B	1
Andre Agassi Tennis (USA)	Andre Agassi Tennis	1993	Sports / Tennis/Sports	Radiance Software	1-2
Angelique (Japan)	Angelique	1994	Role Playing Game	Koei	1
Animaniacs (USA)	Animaniacs	1994	Platform	Konami	1
Aoki Densetsu Shoot! (Japan)	Aoki Densetsu Shoot!	1994	Sports / Football (Soccer)/Sports	KSS	1
Appleseed - Prometheus no Shintaku (Japan)	Appleseed : Prometheus no Shintaku	1994	Platform	Kan's	1
Arabian Nights - Sabaku no Seirei Ou (Japan)	Arabian Nights : Sabaku no Seirei-o	1996	Role Playing Game	Pandora Box	1
Araiguma Rascal (Japan)	Araiguma Rascal	1994	Puzzle	Nippon Computer Systems (NCS)	1-2
Arcade's Greatest Hits - The Atari Collection 1 (USA)	Arcade's Greatest Hits : The Atari Collection 1	1997	Compilation	Digital Eclipse	1-2
Arcana (USA)	Arcana	1992	Role Playing Game	HAL Laboratory	1
Archer Maclean's Super Dropzone (Europe)	Archer MacLean's Super Dropzone	1995	Shoot'em Up	Eurocom	1-4
Arcus Spirits (Japan)	Arcus Spirits	1993	Role Playing Game	Wolf Team	1-2
Ardy Lightfoot (USA)	Ardy Lightfoot	1994	Platform	ASCII	1
Aretha (Japan)	Aretha	1993	Role Playing Game	Japan Art Media	1
Aretha II - Ariel no Fushigi na Tabi (Japan)	Aretha II : Ariel No Fushigi Na Tabi	1994	Role Playing Game	Yanoman Games	1
Arkanoid - Doh It Again (USA)	Arkanoid : Doh It Again	1997	Action / Breakout games/Action	Taito	1-2
Armored Police - Metal Jack (Japan)	Kikou Keisatsu Metal Jack	1992	Beat'em Up	Atlus	1
Art of Fighting (USA)	Art of Fighting	1993	Fighting / Versus/Fighting	SNK	1-2
Asahi Shinbun Rensai - Katou Hifumi Kudan Shougi - Shingiryuu (Japan)	Asahi Shimbun Rensai : Katou Hifumi Kudan Shogi Shingiryuu	1995	Shougi/Asiatic board game	Varie	1-2
Asameshimae Nyanko (Japan)	Asameshimae Nyanko	1994	Strategy	Zamuse	1-2
Ashita no Joe (Japan)	Ashita no Joe	1992	Fighting	Wave	1-2
Asterix & Obelix (Europe) (En,Fr,De,Es)	Astérix & Obélix	1995	Platform	Infogrames	1-2
Asterix (Europe) (En,Fr,De,Es)	Astérix	1993	Platform	Infogrames	1-2
Atlas, The - Renaissance Voyager (Japan)	The Atlas : Renaissance Voyager	1995	Strategy	Artdink	1
Atmosfear (USA) (Proto)	Atmosfear	1994	Platform	Beam Software	1
Axelay (USA)	Axelay	1992	Shoot'em Up	Konami	1
B.O.B. (USA)	B.O.B.	1993	Platform	Gray Matter	1
Bahamut Lagoon (Japan)	Bahamut Lagoon	1996	Role Playing Game	Squaresoft	1
Bakukyuu Renpatsu!! Super B-Daman (Japan)	Bakukyuu Renpatsu!! Super B-Daman	1997	Puzzle	Amble	1-2
Bakumatsu Kourinden Oni (Japan)	Bakumatsu Kourinden Oni	1996	Role Playing Game	Pandora Box	1
Bakutou Dochers - Bumps-jima wa Oosawagi (Japan)	Bakutou Dochers : Bumps-jima wa Oosawagi	1994	Strategy/Action / Labyrinth/Action	Genki	1-4
Ball Bullet Gun (Japan)	Ball Bullet Gun : Survival Game Simulation	1995	Simulation/Strategy	Betop	1-2
Ballz 3D - Fighting at Its Ballziest (USA)	Ballz 3D	1994	Fighting	Cave Logic Studios	1-2
Barbarossa (Japan)	Barbarossa	1992	Strategy	SystemSoft	1
Barbie - Super Model (USA)	Barbie : Super Model	1993	Adventure	Software Creations	1
Barbie - Vacation Adventure (USA) (Proto)	Barbie Vacation Adventure	1994	Adventure	Software Creations	1-2
Barkley Shut Up and Jam! (USA)	Barkley : Shut Up and Jam!	1994	Sports / Basketball/Sports	Accolade	1-4
BASS Masters Classic (USA)	Bass Masters Classic	1995	Fishing/Hunting and Fishing	Black Pearl Software	1
BASS Masters Classic - Pro Edition (USA)	Bass Masters Classic : Pro Edition	1995	Fishing/Hunting and Fishing	Black Pearl Software	1
Bassin's Black Bass (USA)	Bassin's Black Bass	1994	Fishing/Hunting and Fishing	Starfish	1
Bastard!! - Ankoku no Hakaishin (Japan)	Bastard!! : Ankoku no Hakaishin	1994	Fighting	Cobra Team	1-2
Batman (USA) (Proto)	Batman	1999	Beat'em Up	Software Creations	1
Batman - Revenge of the Joker (USA) (Proto)	Batman : Revenge of the Joker	1991	Platform	Ringler	1
Batman Forever (USA)	Batman Forever	1995	Beat'em Up	Probe Software	1-2
Batman Returns (USA)	Batman Returns	1993	Beat'em Up	Konami	1
Battle Blaze (USA)	Battle Blaze	1993	Fighting	Aircom	1-2
Battle Cars (World) (Evercade)	Battle Cars	1993	Racing, Driving	Malibu	1-2
Battle Clash (USA)	Battle Clash	1992	Lightgun Shooter	Nintendo	1-2
Battle Commander - Hachibushuu, Shura no Heihou (Japan)	Battle Commander : Hachibushu Shura no Heihou	1991	Strategy	Arc System Works	1
Battle Cross (Japan)	Battle Cross	1994	Racing, Driving	A-Max	1-5
Battle Dodge Ball (Japan)	Battle Dodge Ball	1991	Sports / Dodgeball/Sports	Banpresto	1-2
Battle Dodge Ball II (Japan)	Battle Dodge Ball II	1993	Sports / Dodgeball/Sports	Banpresto	1-2
Battle Grand Prix (USA)	Battle Grand Prix	1993	Racing, Driving	Naxat Soft	1-2
Battle Jockey (Japan)	Battle Jockey	1994	Sports with animals/Horse racing	Nova Games	1-4
Battle Master - Kyuukyoku no Senshi-tachi (Japan)	Battle Master : Kyuukyoku no Senshi-tachi	1993	Fighting	System Vision	1-2
Battle Pinball (Japan)	Battle Pinball	1995	Pinball	Banpresto	1
Battle Racers (Japan)	Battle Racers	1995	Racing, Driving	Minato Giken	1-2
Battle Robot Retsuden (Japan)	Battle Robot Retsuden	1995	Strategy	Winky Soft	1
Battle Soccer - Field no Hasha (Japan)	Battle Soccer : Field no Hasha	1992	Sports / Football (Soccer)/Sports	Pandora Box	1-2
Battle Soccer 2 (Japan)	Battle Soccer 2	1994	Sports / Football (Soccer)/Sports	Pandora Box	1-2
Battle Submarine (Japan)	Battle Submarine	1995	Simulation	Office Koukan	1
Battle Tycoon - Flash Hiders SFX (Japan)	Battle Tycoon : Flash Hiders SFX	1995	Fighting	Right Stuff	1-2
Battle Zeque Den (Japan)	Battle Zeque Den	1994	Beat'em Up	Arsys Software	1
Battletoads in Battlemaniacs (USA)	Battletoads in Battlemaniacs	1993	Beat'em Up	Rareware	1-2
Battletoads-Double Dragon (USA)	Battletoads & Double Dragon	1993	Beat'em Up	Rareware	1-2
Bazooka Blitzkrieg (USA)	Bazooka Blitzkrieg	1992	Lightgun Shooter	TOSE	1
Beauty and the Beast (USA)	Beauty and the Beast	1994	Platform	Hudson Soft	1
Beavis and Butt-Head (USA)	Beavis and Butt-Head	1994	Platform	Realtime Associates	1-2
Bebe's Kids (USA)	Bebe's Kids	1994	Beat'em Up	Radical Entertainment	1
Beethoven - The Ultimate Canine Caper! (USA)	Beethoven : The Ultimate Canine Caper!	1993	Platform	RSP	1
Benkei Gaiden - Suna no Shou (Japan)	Benkei Gaiden : Suna no Shou	1992	Role Playing Game	Sunsoft	1
Best of the Best - Championship Karate (USA)	Best of the Best : Championship Karate	1992	Sports / Boxing/Sports	Loriciel	1-2
Best Shot Pro Golf (Japan)	Best Shot Pro Golf	1996	Sports / Golf/Sports	ASCII	1
Big Ichigeki! Pachi-Slot Daikouryaku (Japan)	Big Ichigeki! Pachi-Slot Daikouryaku	1994	Casino	Syscom	1
Big Ichigeki! Pachi-Slot Daikouryaku 2 - Universal Collection (Japan)	Big Ichigeki! Pachi-Slot Daikouryaku 2 : Universal Collection	1995	Casino	Syscom	1
Big Sky Trooper (USA)	Big Sky Trooper	1995	Shooter	LucasArts	1
Bike Daisuki! Hashiriya Tamashii (Japan)	Bike Daisuki! Hashiriya Tamashii	1994	Racing, Driving	Nippon Computer Systems (NCS)	1-2
Biker Mice from Mars (USA)	Biker Mice from Mars	1994	Racing, Driving	Konami	1-2
Bill Laimbeer's Combat Basketball (USA)	Bill Laimbeer's Combat Basketball	1991	Sports / Basketball/Sports	Hudson Soft	1-2
Bill Walsh College Football (USA)	Bill Walsh College Football	1993	Sports / Football (American)/Sports	High Score Productions	1-5
Bing Bing! Bingo (Japan)	Bing Bing! Bingo	1993	Casino	Copya System	1-2
BioMetal (USA)	BioMetal	1993	Shoot'em Up / Horizontal/Shoot'em Up	Athena	1
Bishin Densetsu Zoku (Japan)	Bishin Densetsu Zoku	1993	Beat'em Up	Toho Company	1-2
Bishoujo Janshi Suchie-Pai (Japan)	Bishoujo Janshi Suchie-Pai	1993	Asiatic board game	Jaleco	1-2
Bishoujo Senshi Sailor Moon (Japan)	Bishoujo Senshi Sailor Moon	1994	Beat'em Up	Angel	1-2
Bishoujo Senshi Sailor Moon - Another Story (Japan)	Bishoujo Senshi Sailor Moon : Another Story	1995	Role Playing Game	Angel	1
Bishoujo Senshi Sailor Moon R (Japan)	Bishoujo Senshi Sailor Moon R	1993	Beat'em Up	Angel	1-2
Bishoujo Senshi Sailor Moon S - Jougai Rantou! Shuyaku Soudatsusen (Japan)	Bishoujo Senshi Sailor Moon S : Jougai Rantou!? Shuyaku Soudatsusen	1994	Fighting	Arc System Works	1-2
Bishoujo Senshi Sailor Moon S - Kondo wa Puzzle de Oshioki yo!! (Japan)	Bishoujo Senshi Sailor Moon S : Kondo wa Puzzle de Oshioki yo!	1994	Puzzle	Tom Create	1-2
Bishoujo Senshi Sailor Moon S - Kurukkurin (Japan)	Bishoujo Senshi Sailor Moon S : Kurukkurin	1995	Puzzle	Tom Create	1-2
Bishoujo Senshi Sailor Moon SuperS - Fuwafuwa Panic (Japan)	Bishoujo Senshi Sailor Moon SuperS : Fuwa Fuwa Panic	1995	Puzzle / Throw/Puzzle	Tom Create	1-2
Bishoujo Senshi Sailor Moon SuperS - Zenin Sanka!! Shuyaku Soudatsusen (Japan)	Bishoujo Senshi Sailor Moon SuperS : Zenin Sanka!! Shuyaku Soudatsusen	1996	Fighting	Monolith	1-2
Bishoujo Wrestler Retsuden - Blizzard Yuki Rannyuu!! (Japan)	Bishoujo Wrestler Retsuden : Blizzard Yuki Rannyuu!!	1996	Fighting	KSS	1
Blackthorne (USA)	Blackthorne	1994	Platform / Shooter Scrolling/Platform	Blizzard Entertainment	1
BlaZeon - The Bio-Cyborg Challenge (USA)	BlaZeon : The Bio-Cyborg Challenge	1992	Shoot'em Up / Horizontal/Shoot'em Up	A.I	1
Block Kuzushi (Japan)	Block Kuzushi	1995	Action / Breakout games/Action	OeRSTED	1-2
Blue Crystal Rod, The (Japan)	The Blue Crystalrod	1994	Adventure	GAME	1
Blues Brothers, The (USA)	The Blues Brothers	1993	Platform	Titus	1-2
Bobby's World (USA) (Proto)	Bobby's World	1994	Platform	RSP	1
Bomberman B-Daman (Japan)	Bomber Man B-Daman	1996	Shooter	Al	1-4
Bonkers (USA)	Bonkers	1994	Platform	Capcom	1
Boogerman - A Pick and Flick Adventure (World) (Evercade)	Boogerman : A Pick and Flick Adventure	1995	Platform	Interplay	1
Bounty Sword (Japan)	Bounty Sword	1995	Role Playing Game	Pioneer Productions	1
Boxing Legends of the Ring (USA)	Boxing Legends of the Ring	1993	Sports / Boxing/Sports/Sports	Sculptured Software	1
Brain Lord (USA)	Brain Lord	1994	Role Playing Game	Produce	1
Brainies, The (USA)	The Brainies	1996	Puzzle	Titus Software	1
Bram Stoker's Dracula (USA)	Bram Stoker's Dracula	1993	Platform	Psygnosis	1
Brandish (USA)	Brandish	1995	Action RPG/Role Playing Game	Falcom	1
Brandish 2 - Expert (Japan)	Brandish 2 : Expert	1996	Action RPG/Role Playing Game	Nihon Falcom	1
Brandish 2 - The Planet Buster (Japan)	Brandish 2 : The Planet Buster	1995	Role Playing Game	Nihon Falcom	1
Brawl Brothers (World) (Evercade)	Brawl Brothers	1993	Beat'em Up	Jaleco	1-2
BreakThru! (USA)	BreakThru!	1994	Puzzle	Zoo	1-2
Breath of Fire (USA)	Breath of Fire	1994	Role Playing Game	Capcom	1
Breath of Fire II (USA)	Breath of Fire II	1995	Role Playing Game	Capcom	1
Brett Hull Hockey (USA)	Brett Hull Hockey	1994	Sports / Hockey/Sports	Radical Entertainment	1
Brett Hull Hockey 95 (USA)	Brett Hull Hockey 95	1994	Sports / Hockey/Sports	Radical Entertainment	1-2
Bronkie the Bronchiasaurus (USA) (En,Es)	Bronkie the Bronchiasaurus	1995	Adventure	WaveQuest	1-2
Brunswick World - Tournament of Champions (USA)	Brunswick World Tournament of Champions	1997	Sports / Bowling/Sports	Tiertex	1-4
Brutal - Paws of Fury (USA)	Brutal : Paws of Fury	1994	Fighting	Eurocom	1-2
Bubsy II (World) (Steam)	Bubsy II	1994	Platform	Accolade	1-2
Bubsy in - Claws Encounters of the Furred Kind (World) (Steam)	Bubsy in : Claws Encounters of the Furred Kind	1993	Platform	Solid Software	1-2
Bugs Bunny - Rabbit Rampage (USA)	Bugs Bunny : Rabbit Rampage	1994	Platform	Viacom New Media	1
Bulls vs Blazers and the NBA Playoffs (USA)	Bulls vs Blazers and the NBA Playoffs	1992	Sports / Basketball/Sports	Electronic Arts	1-2
Burai - Hachigyoku no Yuushi Densetsu (Japan)	Burai : Hachigyoku no Yuushi Densetsu	1993	Japanese RPG/Role Playing Game	Riverhillsoft	1-2
Burn-in - Test Cartridge (USA) (Rev D)	ZZZ(notgame):#NONGAME				
Bushi Seiryuuden - Futari no Yuusha (Japan)	Bushi Seiryuuden : Futari no Yuusha	1997	Role Playing Game	Game Freak	1-2
Bust-A-Move (USA)	Bust-A-Move	1995	Puzzle / Throw/Puzzle	Taito	1-2
Cacoma Knight in Bizyland (USA)	Cacoma Knight in Bizyland	1993	Strategy	Affect	1-2
Cal Ripken Jr. Baseball (USA)	Cal Ripken Jr. Baseball	1992	Sports / Baseball/Sports	ACME Interactive	1-2
California Games II (USA)	California Games II	1993	Sports / Multisports/Sports	Silicon Sorcery	1-8
Cannon Fodder (Europe)	Cannon Fodder	1994	Strategy	Sensible Software	1-2
Cannondale Cup (USA)	Cannondale Cup	1994	Sports / Cycling/Sports	Radical Entertainment	1-2
Capcom's MVP Football (USA)	Capcom's MVP Football	1993	Sports / Football (American)/Sports	Equilibrium	1-2
Capcom's Soccer Shootout (USA)	Capcom's Soccer Shootout	1994	Sports / Football (Soccer)/Sports	Epoch	1-4
Captain America and the Avengers (USA)	Captain America and the Avengers	1993	Beat'em Up	Realtime Associates	1-2
Captain Commando (USA)	Captain Commando	1995	Beat'em Up	Capcom	1-2
Captain Novolin (USA) (En,Fr,Es)	Captain Novolin	1992	Platform	Sculptured Software	1
Captain Tsubasa III - Koutei no Chousen (Japan)	Captain Tsubasa III : Koutei no Chousen	1992	Sports / Football (Soccer)/Sports	Tecmo	1-2
Captain Tsubasa IV - Pro no Rival-tachi (Japan)	Captain Tsubasa IV : Pro no Rival-tachi	1993	Sports / Football (Soccer)/Sports	Tecmo	1
Captain Tsubasa J - The Way to World Youth (Japan)	Captain Tsubasa J : The Way to World Youth	1995	Sports / Football (Soccer)/Sports	Bandai	1-2
Captain Tsubasa V - Hasha no Shougou Campione (Japan)	Captain Tsubasa V : Hasha no Shougou Campione	1994	Sports / Football (Soccer)/Sports	Tecmo	1
Caravan Shooting Collection (Japan) (En)	Caravan Shooting Collection	1995	Compilation/Shoot'em Up	Hudson Soft	1
Carrier Aces (USA)	Carrier Aces	1995	Simulation	GameTek	1-2
Casper (Japan)	Casper	1997	Action / Adventure/Action	Natsume	1
Casper (USA)	Casper	1996	Adventure	Absolute Entertainment	1
Castlevania - Dracula X (USA)	Castlevania : Dracula X	1995	Platform	Konami	1
CB Chara Wars - Ushinawareta Gag (Japan)	CB Chara Wars : Ushinawareta Gag	1992	Beat'em Up	Almanic	1-2
Champions - World Class Soccer (USA) (En,Fr,De,Es)	Champions : World Class Soccer	1994	Sports / Football (Soccer)/Sports	Park Place Productions	1-2
Championship Pool (USA)	Championship Pool	1993	Sports / Pool/Sports	Bitmasters	1-8
Championship Soccer '94 (USA) (En,Fr,De,It)	Championship Soccer '94	1994	Sports / Football (Soccer)/Sports	Renegade Software	1-2
Chaos Drop (Europe) (Proto 1)	Chaos Drop	1992	Platform	Joe Booth	1-2
Chaos Engine, The (World) (Evercade)	Soldiers of Fortune	1993	Shooter / Run and Gun/Shooter	The Bitmap Brothers	1-2
Chaos Seed - Fuusui Kairouki (Japan)	Chaos Seed : Fuusui Kairouki	1996	Role Playing Game/Strategy	Neverland	1-2
Chessmaster, The (USA)	The Chessmaster	1991	Board game	The Software Toolworks	1-2
Chester Cheetah - Too Cool to Fool (USA)	Chester Cheetah : Too Cool to Fool	1992	Platform	Kaneko	1
Chester Cheetah - Wild Wild Quest (USA)	Chester Cheetah : Wild Wild Quest	1994	Platform	Kaneko	1
Chibi Maruko-chan - Harikiri 365-nichi no Maki (Japan)	Chibi Maruko-chan : Harikiri 365-nichi no Maki	1991	Playing cards	SAS Sakata	1-4
Chibi Maruko-chan - Mezase! Minami no Island!! (Japan)	Chibi Maruko-chan : Mezase! Minami no Island!!	1995		Konami	1-4
Chinhai (Japan)	Chinhai	1995	Asiatic board game	Pixel	1-2
Choplifter III - Rescue-Survive (USA)	Choplifter III	1994	Shoot'em Up / Horizontal/Shoot'em Up	Beam Software	1
Chou Aniki - Bakuretsu Rantou Hen (Japan)	Chou Aniki : Bakuretsu Rantou Hen	1995	Fighting / Versus/Fighting	Bits Laboratory	1-2
Chou Mahou Tairiku WOZZ (Japan)	Chou-Mahou Tairiku Wozz	1995	Role Playing Game	Red Entertainment	1-2
Choujikuu Yousai Macross - Scrambled Valkyrie (Japan) (En)	Choujikuu Yousai Macross : Scrambled Valkyrie	1993	Shoot'em Up	Winkysoft	1
Chrono Trigger (USA)	Chrono Trigger	1995	Role Playing Game	Squaresoft	1
Chuck Rock (USA)	Chuck Rock	1992	Platform	Core Design	1
Classic Road (Japan)	Classic Road	1993	Sports with animals/Horse racing	Opera House	1
Classic Road II (Japan)	Classic Road II	1995	Sports with animals/Horse racing	Opera House	1
Clay Fighter (World) (Evercade)	Clay Fighter	1993	Fighting	Visual Concepts	1-2
Clay Fighter - Tournament Edition (USA)	Clay Fighter : Tournament Edition	1994	Fighting	Visual Concepts	1-8
Clay Fighter 2 - Judgment Clay (World) (Evercade)	Clay Fighter 2 : Judgment Clay	1995	Fighting	Interplay	1-2
Claymates (World) (Evercade)	Claymates	1994	Platform	Visual Concepts	1-8
Cliffhanger (USA)	Cliffhanger	1993	Beat'em Up	Malibu Games	1
Clock Tower (Japan)	Clock Tower	1995	Adventure / Survival Horror/Adventure	Human Entertainment	1
ClockWerx (Japan)	Clockwerx	1995	Puzzle	Axes Art Amuse	1
Clue (USA)	Clue	1992	Board game	Sculptured Software	1-6
College Football USA 97 (USA)	College Football USA 97	1996	Sports / Football (American)/Sports	Black Pearl Software	1-6
College Slam (USA)	College Slam	1996	Sports / Basketball/Sports	Iguana Entertainment	1-4
Columns (Japan) (NP)	Columns	1999	Puzzle / Fall/Puzzle	SEGA	1-2
Combatribes, The (USA)	The Combatribes	1993	Beat'em Up	Technos Japan	1-2
Computer Nouryoku Kaiseki - Ultra Baken (Japan)	Computer Nouryoku Kaiseki : Ultra Baken	1995	Sports with animals/Horse racing	Culture Brain	1-4
Congo - The Movie - Secret of Zinj (USA) (Proto)	Congo : The Movie, Secret of Zinj	1995	Adventure	Visual Concepts	1
Congo's Caper (USA)	Congo's Caper	1993	Platform	Data East	1-2
Contra III - The Alien Wars (USA)	Contra III : The Alien Wars	1992	Platform / Shooter Scrolling/Platform	Konami	1-2
Controller Test Cassette (Japan) (En)	ZZZ(notgame):#NONGAME				
Conveni Wars Barcode Battler Senki - Super Senshi Shutsugeki seyo! (Japan)	Conveni Wars Barcode Battler Senki : Super Senshi Shutsugeki seyo!	1993	Tactical RPG/Role Playing Game	SAS Sakata	1
Cool Spot (USA)	Cool Spot	1993	Platform	Virgin Interactive	1
Cool World (USA)	Cool World	1993	Platform	Painting by Numbers	1
Coron Land (Japan)	Coron Land	1995		Aroma	1-4
Cosmo Gang - The Puzzle (Japan)	Cosmo Gang : The Puzzle	1993	Puzzle	Namco	1-2
Cosmo Gang - The Video (Japan)	Cosmo Gang : The Video	1992	Shoot'em Up	Namco	1-2
Cosmo Police Galivan II - Arrow of Justice (Japan)	Cosmo Police Galivan II : Arrow of Justice	1993	Beat'em Up	Cream	1
Crayon Shin-chan - Arashi o Yobu Enji (Japan)	Crayon Shin-chan : Arashi o Yobu Enji	1993	Adventure	Bandai	1
Crayon Shin-chan 2 - Daimaou no Gyakushuu (Japan)	Crayon Shin-chan 2 : Daimaou no Gyakushuu	1994	Platform	Sun L	1
Crystal Beans from Dungeon Explorer (Japan)	Crystal Beans from Dungeon Explorer	1995	Role Playing Game	Birthday	1
Cu-On-Pa SFC (Japan)	Cu-On-Pa SFC	1996	Puzzle	T&E Soft	1
CutThroat Island (USA)	Cutthroat Island	1996	Beat'em Up	Software Creations	1-2
CX4 (World) (Enhancement Chip)	ZZZ(notgame):#NONGAME				
Cyber Knight (Japan)	Cyber Knight	1992	Role Playing Game	Advance Communication Company	1-2
Cyber Knight II - Chikyuu Teikoku no Yabou (Japan)	Cyber Knight II : Chikyuu Teikoku no Yabou	1994	Role Playing Game	Group SNE	1-2
Cyber Spin (USA)	Cyber Spin	1992	Racing, Driving	Arc System Works	1
Cyborg 009 (Japan)	Cyborg 009	1994	Platform	Lay-Up	1
D-Force (USA)	D-Force	1991	Shoot'em Up / Vertical/Shoot'em Up	ISCO	1
Daffy Duck - The Marvin Missions (USA)	Daffy Duck : The Marvin Missions	1993	Platform	ICOM	1
Dai-3-ji Super Robot Taisen (Japan)	Dai-3-Ji Super Robot Taisen	1993	Role Playing Game	Winkysoft	1
Dai-4-ji Super Robot Taisen (Japan)	Dai-4-Ji Super Robot Taisen	1995	Role Playing Game	Winkysoft	1
Daibakushou Jinsei Gekijou (Japan)	Daibakushou Jinsei Gekijou	1992	Board game	Disco	1-4
Daibakushou Jinsei Gekijou - Dokidoki Seishun Hen (Japan)	Daibakushou Jinsei Gekijou : Dokidoki Seishun Hen	1993	Board game	Disco	1-4
Daibakushou Jinsei Gekijou - Ooedo Nikki (Japan)	Daibakushou Jinsei Gekijou : Ooedo Nikki	1994	Board game	Act Japan	1-4
Daibakushou Jinsei Gekijou - Zukkoke Salaryman Hen (Japan)	Daibakushou Jinsei Gekijou : Zukkoke Salaryman Hen	1995	Board game	Act Japan	1-4
Daikaijuu Monogatari (Japan)	Daikaijuu Monogatari	1994	Role Playing Game	Birthday	1
Daikaijuu Monogatari II (Japan)	Daikaijuu Monogatari II	1996	Role Playing Game	Birthday	1
Daisenryaku Expert (Japan)	Daisenryaku Expert	1992	Strategy	SystemSoft	1
Daisenryaku Expert WWII - War in Europe (Japan)	Daisenryaku Expert WWII: War in Europe	1996	Strategy	SystemSoft	1
Darius Twin (USA)	Darius Twin	1991	Shoot'em Up / Horizontal/Shoot'em Up	Taito	1-2
Dark Half (Japan)	Dark Half	1996	Role Playing Game	Westone	1-2
Dark Kingdom (Japan)	Dark Kingdom	1994	Role Playing Game	Telenet	1-2
Dark Law - Meaning of Death (Japan)	Dark Law : Meaning of Death	1997	Role Playing Game	ASCII	1-2
Date Kimiko no Virtual Tennis (Japan)	Date Kimiko no Virtual Tennis	1994	Sports / Tennis/Sports	Jorudan	1-2
David Crane's Amazing Tennis (USA)	David Crane's Amazing Tennis	1992	Sports / Tennis/Sports	Imagineering	1-2
Daze Before Christmas (World) (Evercade)	Daze Before Christmas	1994	Platform	Funcom	1-2
Deae Tonosama Appare Ichiban (Japan)	Deae Tonosama : Appare Ichiban	1995	Beat'em Up	Sunsoft	1-2
Dear Boys (Japan)	Dear Boys	1994	Sports	Kan's	1
Death and Return of Superman, The (USA)	The Death and Return of Superman	1994	Beat'em Up	Blizzard Entertainment	1
Death Brade (Japan)	Death Brade	1993	Fighting	Data East	1-2
Dekitate High School (Japan)	Dekitate High School	1995	Strategy	C-Lab	1
Demolition Man (USA)	Demolition Man	1995	Platform / Shooter Scrolling/Platform	Alexandria	1
Demon's Crest (USA)	Demon's Crest	1994	Platform	Capcom	1
Dennis the Menace (USA)	Dennis the Menace	1993	Platform	Ocean	1
Derby Jockey - Kishu Ou e no Michi (Japan)	Derby Jockey : Kishu Ou e no Michi	1994	Sports with animals/Horse racing	Graphic Research	1
Derby Jockey 2 (Japan)	Derby Jockey 2	1995	Sports with animals/Horse racing	Graphic Research	1
Derby Stallion 96 (Japan)	Derby Stallion 96	1996	Horse racing/Sports with animals	ASCII	1
Derby Stallion 98 (Japan) (NP)	Derby Stallion 98	1998	Horse racing/Sports with animals	Nintendo	1
Derby Stallion II (Japan)	Derby Stallion II	1994	Sports with animals/Horse racing	ASCII	1
Derby Stallion III (Japan)	Derby Stallion III	1995	Sports with animals/Horse racing	ASCII	1
Desert Strike - Return to the Gulf (USA)	Desert Strike : Return to the Gulf	1992	Shoot'em Up	Visual Concepts	1
Dezaemon (Japan)	Kaite Tsukutte Asoberu : Dezaemon	1994	Shoot'em Up	Athena	1
Dharma Doujou (Japan)	Dharma Doujou	1995	Puzzle	Metro Corporation	1
Dig & Spike Volleyball (USA)	Dig & Spike Volleyball	1993	Sports / Volleyball/Sports	TOSE	1
Dino Dini's Soccer! (Europe) (En,Fr,De)	Dino Dini's Soccer!	1995	Sports / Football (Soccer)/Sports	Eurocom	1-8
DinoCity (USA)	Dinocity	1992	Platform	Smart Egg Pictures	2
Dirt Racer (Europe) (En,Fr,De)	Dirt Racer	1995	Racing, Driving	Motivetime	1
Dirt Trax FX (USA)	Dirt Trax FX	1995	Racing, Driving	Sculptured Software	1-2
Dokapon 3-2-1 - Arashi o Yobu Yuujou (Japan)	Dokapon 3-2-1 : Arashi o Yobu Yuujou	1994	Role Playing Game	Asmik	1-5
Dokapon Gaiden - Honoo no Audition (Japan)	Dokapon Gaiden : Honoo no Audition	1995	Role Playing Game	Earthly Soft	1-4
Dolucky no A.League Soccer (Japan)	Dolucky no A.League Soccer	1994	Sports / Football (Soccer)/Sports	Zoom	1-2
Dolucky no Kusayakiu (Japan)	Dolucky no Kusayakiu	1993	Sports / Baseball/Sports	Zoom	1-2
Dolucky no Puzzle Tour '94 (Japan)	Dolucky no Puzzle Tour '94	1994	Puzzle	Zoom	1-2
Donald Duck no Mahou no Boushi (Japan)	Donald Duck no Mahou no Boushi	1995	Platform	SAS Sakata	1
Donkey Kong Country (USA)	Donkey Kong Country	1994	Platform/Platform / Run & Jump	Rareware	1-2
Donkey Kong Country 2 - Diddy's Kong Quest (USA) (En,Fr)	Donkey Kong Country 2 : Diddy's Kong Quest	1995	Platform / Run & Jump/Platform	Rareware	1-2
Donkey Kong Country 3 - Dixie Kong's Double Trouble! (USA) (En,Fr)	Donkey Kong Country 3 : Dixie Kong's Double Trouble!	1996	Platform/Platform / Run & Jump	Rareware	1-2
Doom (USA)	Doom	1996	Shooter / FPV/Shooter	Sculptured Software	1
Doom Troopers (USA)	Doom Troopers : Mutant Chronicles	1995	Platform	Adrenalin Interactive	1-2
Doomsday Warrior (USA)	Doomsday Warrior	1992	Fighting	Laser Soft	1-2
Doraemon - Nobita to Yousei no Kuni (Japan)	Doraemon : Nobita to Yousei no Kuni	1993	Platform	SAS Sakata	1-2
Doraemon 2 - Nobita no Toys Land Daibouken (Japan)	Doraemon 2 : Nobita no Toys Land Daibouken	1993	Platform	SAS Sakata	1-2
Doraemon 3 - Nobita to Toki no Hougyoku (Japan)	Doraemon 3 : Nobita to Toki no Hougyoku	1994	Platform	AIM	1-2
Doraemon 4 - Nobita to Tsuki no Oukoku (Japan)	Doraemon 4 : Nobita to Tsuki no Oukoku	1995	Platform	Agenda	1-2
DoReMi Fantasy - Milon no Dokidoki Daibouken (Japan)	Do-Re-Mi Fantasy : Milon no Dokidoki Daibouken	1996	Platform	Hudson Soft	1-2
Dossun! Ganseki Battle (Japan)	Dossun! Ganseki Battle	1994	Puzzle	I'Max	1-2
Double Dragon V - The Shadow Falls (USA)	Double Dragon V : The Shadow Falls	1994	Fighting	Leland Interactive Media	1-2
Doukyuusei 2 (Japan) (NP)	Doukyuusei 2	1997	Adventure/Adults	Elf	1
Down the World - Mervil's Ambition (Japan)	Down the World : Mervil's Ambition	1994	Role Playing Game	ASCII	1
Downtown - Nekketsu Baseball Monogatari - Yakyuu de Shoubu da! Kunio-kun (Japan)	Downtown : Nekketsu Baseball Monogatari, Yakyuu de Shoubu da! Kunio-kun	1993	Sports / Baseball/Sports	Technos Japan	1-2
Dr. Mario (Japan) (En) (NP)	Dr. Mario		Puzzle/Puzzle / Fall	Nintendo	1-2
Dragon - The Bruce Lee Story (USA)	Dragon : The Bruce Lee Story	1994	Beat'em Up	Virgin Interactive	1-3
Dragon Ball Z - Hyper Dimension (Japan)	Dragon Ball Z : Hyper Dimension	1997	Fighting	TOSE	1-2
Dragon Ball Z - Super Butouden (Japan)	Dragon Ball Z : Super Butouden	1993	Fighting	TOSE	1-2
Dragon Ball Z - Super Butouden 2 (Japan)	Dragon Ball Z : Super Butouden 2	1994	Fighting	TOSE	1-2
Dragon Ball Z - Super Butouden 3 (Japan)	Dragon Ball Z : Super Butouden 3	1995	Fighting	TOSE	1-2
Dragon Ball Z - Super Gokuu Den - Kakusei Hen (Japan)	Dragon Ball Z Super Gokuden : Kakusei-Hen	1995	Role Playing Game	TOSE	1
Dragon Ball Z - Super Gokuu Den - Totsugeki Hen (Japan)	Dragon Ball Z Super Gokuden : Totsugeki-Hen	1995	Role Playing Game	TOSE	1
Dragon Ball Z - Super Saiya Densetsu (Japan)	Dragon Ball Z : Super Saiya Densetsu	1992	Role Playing Game	TOSE	1
Dragon Knight 4 (Japan)	Dragon Knight 4	1996	Tactical RPG/Role Playing Game	Elf	1-2
Dragon Quest I & II (Japan)	Dragon Quest I.II	1993	Role Playing Game	Chunsoft	1
Dragon Quest III - Soshite Densetsu e... (Japan)	Dragon Quest III : Soshite Densetsu e...	1996	Role Playing Game	Heart Beat	1
Dragon Quest V - Tenkuu no Hanayome (Japan)	Dragon Quest V : Tenkuu no Hanayome	1992	Role Playing Game	Chunsoft	1
Dragon Quest VI - Maboroshi no Daichi (Japan)	Dragon Quest VI : Maboroshi no Daichi	1995	Role Playing Game	Heart Beat	1
Dragon Slayer - Eiyuu Densetsu (Japan)	Dragon Slayer : Eiyuu Densetsu	1992	Role Playing Game	Nihon Falcom	1
Dragon Slayer - Eiyuu Densetsu II (Japan)	Dragon Slayer : Eiyuu Densetsu II	1993	Role Playing Game	Nihon Falcom	1
Dragon View (World) (Evercade)	Dragon View	1994	Role Playing Game	Infogrames	1
Dragon's Earth (Japan)	Dragon's Earth	1993	Strategy	Human Entertainment	1
Dragon's Lair (USA)	Dragon's Lair	1993	Platform	Motivetime	1
Drakkhen (World) (Evercade)	Drakkhen	1991	Role Playing Game	Kemco	1
Dream Basketball - Dunk & Hoop (Japan)	Dream Basketball : Dunk & Hoop	1994	Sports / Basketball/Sports	Human Entertainment	1-5
Dream Maze - Kigurumi Daibouken (Japan)	Dream Maze : Kigurumi Daibouken	1994	Role Playing Game	Axes Art Amuse	1
Dream T.V. (USA)	Dream T.V.	1992	Platform	Triffix	1
Drift King Shutokou Battle '94 - Tsuchiya Keiichi & Bandou Masaaki (Japan)	Drift King Shutokou Battle '94 : Tsuchiya Keiichi & Bandou Masaaki	1994	Racing, Driving	Genki	1-2
Drift King Shutokou Battle 2 - Tsuchiya Keiichi & Bandou Masaaki (Japan)	Drift King Shutokou Battle 2 : Tsuchiya Keiichi & Bandou Masaaki	1995	Racing, Driving	Genki	1-2
DSP1 (World) (Enhancement Chip)	ZZZ(notgame):#NONGAME				
DSP1 B (World) (Enhancement Chip)	ZZZ(notgame):#NONGAME				
DSP1 Tech Demo (World) (Tech Demo)	ZZZ(notgame):#NONGAME				
DSP2 (World) (Enhancement Chip)	ZZZ(notgame):#NONGAME				
DSP3 (Japan) (Enhancement Chip)	ZZZ(notgame):#NONGAME				
DSP4 (World) (Enhancement Chip)	ZZZ(notgame):#NONGAME				
Dual Orb - Seirei Tama Densetsu (Japan)	Dual Orb : Seirei Tama Densetsu	1993	Role Playing Game	I'Max	1
Dual Orb II (Japan)	Dual Orb II	1994	Role Playing Game	Prism Kikaku	1
Duel, The - Test Drive II (USA)	The Duel : Test Drive II	1992	Racing, Driving	Distinctive Software	1
Dun Quest - Majin Fuuin no Densetsu (Japan)	Dun Quest : Majin Fuuin no Densetsu	1995	Role Playing Game	Technos Japan	1
Dungeon Master (USA)	Dungeon Master	1993	Dungeon Crawler RPG/Role Playing Game	FTL - Faster Than Light	1
Dynamaite - The Las Vegas (Japan)	Dynamaite the Las Vegas	1994	Casino	Micro Factory	1
Dynamic Stadium (Japan)	Dynamic Stadium	1993	Sports / Baseball/Sports	Electronics Application	1-2
E.V.O. - Search for Eden (USA)	E.V.O. : Search for Eden	1993	Role Playing Game	Almanic	1
Earth Defense Force (USA)	Earth Defense Force	1992	Shoot'em Up / Horizontal/Shoot'em Up	Jaleco	1
Earth Light (Japan)	Earth Light	1992	Strategy	Hudson Soft	1
Earth Light - Luna Strike (Japan)	Earth Light : Luna Strike	1996	Strategy	Hudson Soft	1
EarthBound (USA)	EarthBound	1995	Role Playing Game	Ape Studios	1
Earthworm Jim (USA)	Earthworm Jim	1994	Platform/Platform / Run & Jump	Shiny Entertainment	1
Earthworm Jim 2 (World) (Evercade)	Earthworm Jim 2	1995	Platform	Shiny Entertainment	1
Edono Kiba (Japan)	Edo no Kiba	1993		Riot	1
Eek! The Cat (USA)	Eek! The Cat	1994	Platform	CTA	1
Eien no Filerna (Japan)	Eien no Filena	1995	Role Playing Game	Tokuma Shoten Intermedia	1
Elfaria - A Fantastic Theater (Japan)	Elfaria : The Isle of the Blest	1993	Role Playing Game	Red Company Corporation	1
Elfaria II - The Quest of the Meld (Japan)	Elfaria II : The Quest of the Meld	1995	Role Playing Game	Red Company Corporation	1
Elite Soccer (USA)	Elite Soccer	1994	Sports / Football (Soccer)/Sports	Rage Software	1-5
Emerald Dragon (Japan)	Emerald Dragon	1995	Role Playing Game	Alfa System	1-5
Emit Vol. 1 - Toki no Maigo (Japan)	EMIT Vol. 1 : Toki no Maigo	1995	Adventure / Visual Novel/Adventure	Koei	1
Emit Vol. 2 - Inochigake no Tabi (Japan)	EMIT Vol. 2 : Inochigake no Tabi	1995	Adventure / Visual Novel/Adventure	Koei	1
Emit Vol. 3 - Watashi ni Sayonara o (Japan)	EMIT Vol. 3 : Watashi ni Sayonara o	1995	Adventure / Visual Novel/Adventure	Koei	1
Emmitt Smith Football (USA)	Emmitt Smith Football	1995	Sports / Football (American)/Sports	NCM Entertainment	1-5
Energy Breaker (Japan)	Energy Breaker	1996	Role Playing Game	Neverland	1
Equinox (USA)	Equinox	1993	Role Playing Game	Software Creations	1
Esparks - Ijikuu kara no Raihousha (Japan)	Esparks : Ijikuu kara no Raihousha	1995	Role Playing Game	San-X	1
ESPN Baseball Tonight (USA)	ESPN Baseball Tonight	1994	Sports / Baseball/Sports	Park Place Productions	1-2
ESPN National Hockey Night (USA)	ESPN National Hockey Night	1994	Sports / Hockey/Sports	Park Place Productions	1-4
ESPN Speedworld (USA)	ESPN Speedworld	1994	Racing, Driving	Park Place Productions	1-2
ESPN Sunday Night NFL (USA)	ESPN Sunday Night NFL	1994	Sports / Football (American)/Sports	Ringler	1-2
Eurit (USA) (Proto)	Eurit	1995		Radical Entertainment	1
Exertainment Mountain Bike Rally (USA)	Exertainment Mountain Bike Rally	1993	Sports / Cycling/Sports	Radical Entertainment	1-4
Exertainment Mountain Bike Rally + Speed Racer (USA)	Exertainment Mountain Bike Rally + Speed Racer	1994	Compilation/Racing, Driving	Life Fitness	1
Extra Innings (USA)	Extra Innings	1992	Sports / Baseball/Sports	Sting Entertainment	1-6
F-1 Grand Prix (Japan)	F-1 Grand Prix	1992	Racing, Driving	Video System	1
F-1 Grand Prix - Part II (Japan)	F-1 Grand Prix : Part II	1993	Racing, Driving	Video System	1-2
F-1 Grand Prix - Part III (Japan)	F-1 Grand Prix : Part III	1994	Racing, Driving	Video System	1-2
F-Zero (USA)	F-Zero	1991	Racing, Driving/Racing TPV	Nintendo	1
F1 Pole Position (USA)	F1 Pole Position	1993	Racing, Driving	Human Entertainment	1-2
F1 Pole Position 2 (Europe)	F1 Pole Position 2	1994	Racing, Driving	Human Entertainment	1-2
F1 ROC - Race of Champions (USA)	F1 ROC : Race of Champions	1992	Racing, Driving	SETA	1
F1 World Championship Edition (Europe)	F1 World Championship Edition	1995	Racing, Driving	Domark	1-2
F1-ROC II - Race of Champions (USA)	F1 ROC II: Race of Champions	1994	Racing TPV/Racing, Driving	SETA	1
Faceball 2000 (USA)	Faceball 2000	1992	Shooter / FPV/Shooter	Xanth Software	1-2
Falcon (USA) (Proto)	Falcon		Simulation / Vehicle/Simulation/Strategy	Spectrum Holobyte	1
Famicom Bunko - Hajimari no Mori (Japan) (NP)	Famicom Bunko : Hajimari No Mori	1999	Adventure	Pax Softnica	1
Famicom Tantei Club Part II - Ushiro ni Tatsu Shoujo (Japan) (NP)	Famicom Tantei Club Part II: Ushiro ni Tatsu Shōjo	1998		TOSE	1
Family Dog (USA)	Family Dog	1993	Platform	Imagineering	1
Family Feud (USA)	Family Feud	1993	Quiz	Imagineering	1-8
Farland Story (Japan)	Farland Story	1995	Tactical RPG/Role Playing Game	Technic(TGL) Technical Group Laboratory	1
Farland Story 2 (Japan)	Farland Story 2	1995	Tactical RPG/Role Playing Game	Technic(TGL) Technical Group Laboratory	1
Fatal Fury (USA)	Fatal Fury	1993	Fighting / Versus/Fighting	SNK	1-2
Fatal Fury 2 (USA)	Fatal Fury 2	1994	Fighting / Versus/Fighting	SNK	1-2
Fatal Fury Special (USA)	Fatal Fury Special	1995	Fighting / Versus/Fighting	Monolith	1-2
Feda - The Emblem of Justice (Japan)	Feda : The Emblem of Justice	1994	Role Playing Game	Max Entertainment	1-2
FIFA - Road to World Cup 98 (Europe) (En,Fr,De,Es,It,Sv) (A8FP)	FIFA : Road to World Cup 98	1998	Sports / Football (Soccer)/Sports	Electronic Arts	1-2
FIFA International Soccer (USA)	FIFA International Soccer	1995	Sports / Football (Soccer)/Sports	EA Sports	1-5
FIFA Soccer 96 (USA) (En,Fr,De,Es,It,Sv)	FIFA Soccer 96	1995	Sports / Football (Soccer)/Sports	Probe Entertainment	1-5
FIFA Soccer 97 (USA) (En,Fr,De,Es,It,Sv)	FIFA Soccer 97	1996	Sports / Football (Soccer)/Sports	Rage Software	1-5
Fighter's History (World) (Evercade)	Fighter's History	1994	Fighting	Data East	1-2
Fighter's History - Mizoguchi Kikiippatsu!! (Japan)	Fighter's History : Mizoguchi Kikiippatsu!!	1995	Fighting / Versus/Fighting	Data East	1-2
Final Fantasy - Mystic Quest (USA)	Final Fantasy : Mystic Quest	1992	Role Playing Game	Squaresoft	1
Final Fantasy II (USA)	Final Fantasy II	1991	Party-Based RPG/Role Playing Game	Square	1
Final Fantasy III (USA)	Final Fantasy III	1994	Role Playing Game	Squaresoft	1-2
Final Fantasy IV - Easy Type (Japan)	Final Fantasy 4 (Easy Type)	1991	Role Playing Game	Square	1
Final Fantasy V (Japan)	Final Fantasy V	1992	Role Playing Game	Squaresoft	1
Final Fight (USA)	Final Fight	1991	Beat'em Up	Capcom	1
Final Fight 2 (USA)	Final Fight 2	1993	Beat'em Up	Capcom	1-2
Final Fight 3 (USA)	Final Fight 3	1995	Beat'em Up	Capcom	1-2
Final Fight Guy (USA)	Final Fight Guy	1994	Beat'em Up	Capcom	1
Final Stretch (Japan)	Final Stretch	1993	Racing, Driving	Genki	1-2
Finalset (Japan) (En)	Finalset	1993	Sports	Open System	1-4
Fire Emblem - Monshou no Nazo (Japan)	Fire Emblem : Monshou no Nazo	1994	Tactical RPG/Role Playing Game	Intelligent Systems	1
Fire Emblem - Seisen no Keifu (Japan)	Fire Emblem : Seisen no Keifu	1996	Tactical RPG/Role Playing Game	Intelligent Systems	1
Fire Emblem - Thracia 776 (Japan)	Fire Emblem : Thracia 776	2000	Tactical RPG/Role Playing Game	Intelligent Systems	1
Fire Pro Joshi - All Star Dream Slam (Japan)	Fire Pro Joshi : All Star Dream Slam	1994	Fighting	Human Entertainment	1-2
Firearm (USA) (Proto)	Firearm	1994		Malibu Games	1
Firemen, The (Europe) (En,Fr,De)	The Firemen	1995	Action / Adventure/Action	Human Entertainment	1
Firepower 2000 (USA)	Firepower 2000	1992	Shoot'em Up / Vertical/Shoot'em Up	SCi Games	1-2
FireStriker (USA)	FireStriker	1994	Action / Breakout games/Action	Axes Art Amuse	1-2
Fireteam Rogue (USA) (Proto 2)	Fireteam Rogue	1995	Platform	Accolade	1
First Queen - Ornic Senki (Japan)	First Queen : Ornic Senki	1994	Role Playing Game	Kure	1-2
First Samurai (World) (QUByte Classics)	First Samurai	1993	Platform / Fighter Scrolling/Platform	Vivid Image	1
Fishing Koushien (Japan)	Fishing Koushien	1996	Fishing/Hunting and Fishing	A Wave Inc	1
Flashback - The Quest for Identity (USA) (En,Fr,De)	Flashback : The Quest for Identity	1994	Platform	Delphine Software International	1
Flintstones, The (USA) (En,Fr,De,Es,It)	The Flintstones	1995	Platform	Ocean	1-2
Flintstones, The - The Treasure of Sierra Madrock (USA)	The Flintstones : The Treasure of Sierra Madrock	1994	Platform	SOL	1-2
Flying Hero - Bugyuru no Daibouken (Japan)	Flying Hero : Bugyuru no Daibouken	1992	Shoot'em Up / Vertical/Shoot'em Up	Sting Entertainment	1
Football Fury (USA)	Football Fury	1993	Sports / Football (American)/Sports	Aicom Corporation	1-2
Foreman for Real (USA)	Foreman for Real	1995	Sports / Boxing/Sports	Software Creations	1-2
Fortune Quest - Dice o Korogase (Japan)	Fortune Quest : Dice o Korogase	1994	Board game	Natsume	1-6
Frank Thomas Big Hurt Baseball (USA)	Frank Thomas Big Hurt Baseball	1995	Sports / Baseball/Sports	Iguana Entertainment	1-2
Frantic Flea (USA)	Frantic Flea	1996	Platform	Haus Teknikka	1
Frogger (USA)	Frogger	1998	Platform	Morning Star Multimedia	1-2
From TV Animation Slam Dunk - SD Heat Up!! (Japan)	From TV Animation Slam Dunk : SD Heat Up!!	1995	Sports / Basketball/Sports	TOSE	1-2
From TV Animation Slam Dunk - Shuueisha Limited (Japan)	From TV Animation Slam Dunk : Dream Team : Shuueisha Limited	1994	Sports / Basketball/Sports	TOSE	1-2
From TV Animation Slam Dunk 2 - IH Yosen Kanzen Ban!! (Japan)	From TV Animation Slam Dunk 2 : IH Yosen Kanzen Ban!!	1995	Sports / Basketball/Sports	TOSE	1-2
Front Mission (Japan)	Front Mission	1995	Role Playing Game	G-Craft	1-2
Front Mission Series - Gun Hazard (Japan)	Front Mission : Gun Hazard	1996	Role Playing Game	Omiya Soft	1-2
Full Throttle - All-American Racing (World) (Evercade)	Full Throttle : All-American Racing	1998	Racing, Driving	Gremlin Interactive	1-2
Fun 'n Games (USA)	Fun 'n Games	1994	Casual Game	Leland Interactive Media	1-2
Funaki Masakatsu Hybrid Wrestler - Tougi Denshou (Japan)	Funaki Masakatsu Hybrid Wrestler : Tougi Denshou	1994	Fighting	Tecmo	1-2
Fune Tarou (Japan)	Fune Tarou	1997	Hunting and Fishing	Pack In Video	1
Furuta Atsuya no Simulation Pro Yakyuu 2 (Japan)	Furuta Atsuya no Simulation Pro Yakyuu 2	1996	Sports / Baseball/Sports	HectorSoft	1-2
Fushigi no Dungeon 2 - Fuurai no Shiren (Japan)	Fushigi no Dungeon 2 : Fuurai no Shiren	1995	Role Playing Game	Chunsoft	1
G.O.D - Mezame yo to Yobu Koe ga Kikoe (Japan)	G.O.D : Mezame yo to Yobu Koe ga Kikoe	1996	Role Playing Game	Infinity	1
Gaia Saver - Hero Saidai no Sakusen (Japan)	Gaia Saver : Hero Saidai no Sakusen	1994	Role Playing Game	Arc System Works	1
Gakkou de Atta Kowai Hanashi (Japan)	Gakkou de Atta Kowai Hanashi	1995	Adventure	Pandora Box	1
Galaxy Robo (Japan)	Galaxy Robo	1994	Tactical RPG/Role Playing Game	Copya System	1
Galaxy Wars (Japan) (En)	Galaxy Wars	1995		C-Lab	1-2
Gambler Jiko Chuushinha - Mahjong Ooisen (Japan)	Gambler Jiko Chuushinha : Mahjong Kouisen	1992	Mahjong/Asiatic board game	Bits Laboratory	1
Gambler Jiko Chuushinha 2 - Dorapon Quest (Japan)	Gambler Jiko Chuushinha 2 : Dorapon Quest	1994	Mahjong/Asiatic board game	Bits Laboratory	1
Gambling Hourouki (Japan)	Gambling Hourouki	1996	Board game	Vap	1-4
Game no Tatsujin (Japan)	Game no Tatsujin	1995	Board game	Affect	1
Game no Tetsujin - The Shanghai (Japan)	Game no Tetsujin : The Shanghai	1995	Mahjong/Asiatic board game	Sunsoft	1-2
Gamera - Gyaos Gekimetsu Sakusen (Japan)	Gamera : Gyaos Gekimetsu Sakusen	1995	Strategy	Axes Art Amuse	1
Ganbare Goemon 2 - Kiteretsu Shougun McGuiness (Japan)	Ganbare Goemon 2 : Kiteretsu Shougun Magginesu	1993	Platform	Konami	1-2
Ganbare Goemon 3 - Shishi Juurokubee no Karakuri Manjigatame (Japan)	Ganbare Goemon 3 : Shishi Juurokubee no Karakuri Manjigatame	1994	Platform	Konami	1-2
Ganbare Goemon Kirakira Douchuu - Boku ga Dancer ni Natta Wake (Japan)	Ganbare Goemon Kirakira Douchuu : Boku ga Dancer ni Natta Wake	1995	Platform	Konami	1-2
Ganbare! Daiku no Gen-san (Japan)	Ganbare! Daiku no Gen-san	1993	Platform	Irem	1
Gangan Gan-chan (Japan)	Gangan Gan-chan	1995		Team Mental Care	1
Ganpuru - Gunman's Proof (Japan)	Ganpuru : Gunman's Proof	1997	Adventure	Lenar	1
Ganso Pachi-Slot Nihonichi (Japan)	Ganso Pachi-Slot Nihonichi	1994	Casino	Coconuts Japan	1-2
Ganso Pachinko Ou (Japan)	Ganso Pachinko Ou	1994	Casino	Coconuts Japan	1-2
Gargoyles (USA) (Proto)	Gargoyles			Buena Vista Interactive	1
Garry Kitchen's Super Battletank - War in the Gulf (USA)	Garry Kitchen's Super Battletank : War in the Gulf	1992		Imagineering	1-2
Gdleen (Japan)	Gdleen	1991	Role Playing Game	Jorudan	1-2
Gegege no Kitarou - Fukkatsu! Tenma Daiou (Japan)	Gegege no Kitarou : Fukkatsu! Tenma Daiou	1993	Platform	Bandai	1
Gekitotsu Dangan Jidousha Kessen - Battle Mobile (Japan) (En)	Gekitotsu Dangan Jidousha Kessen : Battle Mobile	1993	Racing, Driving	System Sacom	1-2
Gekitou Burning Pro Wres (Japan)	Gekitou Burning Pro-Wrestling	1995	Fighting	Ukiyotei	1-2
Gemfire (USA)	Gemfire	1992	Role Playing Game/Strategy	Koei	1-2
Genghis Khan II - Clan of the Gray Wolf (USA)	Genghis Khan II : Clan of the Gray Wolf	1993	Strategy	Koei	1-2
Genjuu Ryodan (Japan) (NP)	Genjuu Ryodan	1998	Strategy	Crea-tech	1
Genocide 2 (Japan) (En)	Genocide 2	1994	Platform	Bits Studios	1-2
George Foreman's KO Boxing (USA)	George Foreman's KO Boxing	1992	Sports / Boxing/Sports	Beam Software	1-2
Gerry Anderson's Thunderbirds - Kokusai Kyuujotai Shutsudou Seyo!! (Japan)	Gerry Anderson's Thunderbirds : Kokusai Kyuujotai Shutsudou Seyo!!	1993	Shoot'em Up	Nova Games	1
Get in the Hole (Japan)	Lasabirdie : Get in the Hole	1995	Sports / Golf/Sports	Ricoh	1
Getsumen no Anubis (Japan)	Getsumen no Anubis	1995	Adventure	Access Games	1
Ghost Chaser Densei (Japan)	Ghost Chaser Densei	1994	Beat'em Up	Winky Soft	1-2
Ghoul Patrol (USA)	Ghoul Patrol	1994	Shooter	LucasArts	1-2
Gindama Oyakata no Pachinko Hisshouhou (Japan)	Gindama Oyakata no Pachinko Hisshouhou	1995	Casino	Sammy Corporation	1
Ginga Eiyuu Densetsu (Japan)	Ginga Eiyuu Densetsu	1992	Strategy	Advance Communication Company	1
Ginga Sengoku Gunyuuden Rai (Japan)	Ginga Sengoku Gunyuuden Rai	1996	Strategy	Angel	1
Gionbana (Japan)	Gionbana	1994	Hanafuda/Asiatic board game	Nichibutsu	1-2
Go Go Ackman (Japan)	Go Go Ackman	1994	Platform	Banpresto	1
Go Go Ackman 2 (Japan)	Go Go Ackman 2	1995	Platform	Banpresto	1
Go Go Ackman 3 (Japan)	Go Go Ackman 3	1995	Platform	Banpresto	1
Go! Go! Dodge League (Japan)	Go! Go! Dodge League	1993	Sports / Dodgeball/Sports	Mebio Software	1-4
Goal! (USA)	Goal!	1992	Sports / Football (Soccer)/Sports	Jaleco	1-2
Gods (USA)	Gods	1992	Platform	The Bitmap Brothers	1
Gojira - Kaijuu Daikessen (Japan)	Gojira : Kaijuu Daikessen	1994	Fighting	Alfa System	1-2
Gokinjo Boukentai (Japan)	Gokinjo Boukentai	1996	Role Playing Game	ITL	1
Gokujou Parodius (Japan)	Gokujou Parodius	1994	Shoot'em Up / Horizontal/Shoot'em Up	Konami	1
Gon (Japan) (En)	Gon	1994	Platform	Bandai	1
Goof Troop (USA)	Goof Troop	1993	Puzzle	Capcom	1-2
Gourmet Warriors (World) (QUByte Classics)	Gourmet Sentai Barayarou	1995	Beat'em Up	Fupac	1-2
GP-1 (USA)	GP-1	1993	Racing, Driving	Genki	1-2
GP-1 - Part II (USA)	GP-1 Part II	1994	Racing, Driving	Genki	1-2
Gradius III (USA)	Gradius III	1991	Shoot'em Up / Horizontal/Shoot'em Up	Konami	1-2
Granhistoria - Genshi Sekaiki (Japan)	Granhistoria : Genshi Sekaiki	1995	Role Playing Game	J-Force	1-2
Great Battle Gaiden 2, The - Matsuri da Wasshoi (Japan)	The Great Battle Gaiden 2 : Matsuri da Wasshoi	1994	Platform	Banpresto	1
Great Battle II, The - Last Fighter Twin (Japan)	The Great Battle II : Last Fighter Twin	1992	Beat'em Up	Banpresto	1-2
Great Battle III, The (Japan)	The Great Battle III	1993	Beat'em Up	Sun L	1-2
Great Battle IV, The (Japan)	The Great Battle IV	1994	Beat'em Up	Sun L	1-2
Great Battle V, The (Japan)	The Great Battle V	1995	Beat'em Up	Sun L	1-2
Great Circus Mystery Starring Mickey & Minnie, The (USA)	The Great Circus Mystery Starring Mickey & Minnie	1994	Platform	Capcom	1-2
Great Waldo Search, The (USA)	The Great Waldo Search	1993	Strategy	Radiance Software	1-2
GS Mikami - Joreishi wa Nice Body (Japan)	GS Mikami : Joreishi wa Nice Body	1993	Beat'em Up	Natsume	1
GT Racing (Japan)	GT Racing	1996	Racing, Driving	Lenar	1-2
GunForce (USA)	GunForce	1992	Shoot'em Up	Bits Studios	1-2
Habu Meijin no Omoshiro Shougi (Japan)	Habu Meijin no Omoshiro Shougi	1995	Shougi/Asiatic board game	Access Games	1
Hagane - The Final Conflict (USA)	Hagane : The Final Conflict	1995	Platform	CAProduction	1-2
Haisei Mahjong - Ryouga (Japan)	Haisei Mahjong : Ryouga	1995	Mahjong/Asiatic board game	ASCII	1
Hakunetsu Pro Yakyuu '93 - Ganba League (Japan)	Hakunetsu Pro Yakyuu '93 : Ganba League	1992	Sports / Baseball/Sports	Sting Entertainment	1-2
Hakunetsu Pro Yakyuu '94 - Ganba League 3 (Japan)	Hakunetsu Pro Yakyuu '94 : Ganba League 3	1993	Sports / Baseball/Sports	Epic Games	1-2
HAL's Hole in One Golf (USA)	HAL's Hole in One Golf	1991	Sports / Golf/Sports	HAL Laboratory	1-2
Hameln no Violin Hiki (Japan)	Hameln no Violin Hiki	1995	Platform	Daft	1
Hammerlock Wrestling (USA)	HammerLock Wrestling	1994	Sports / Wrestling/Sports	Jaleco	1-8
Hana no Keiji - Kumo no Kanata ni (Japan)	Hana no Keiji : Kumo no Kanata ni	1994	Beat'em Up	TOSE	1
Hanafuda Ou (Japan)	Hanafuda Ou	1994	Hanafuda/Asiatic board game	Electronics Application	1
Hanjuku Hero - Ah, Sekai yo Hanjuku Nare...!! (Japan)	Hanjuku Hero : Ah, Sekai yo Hanjuku Nare...!!	1992	Strategy	Squaresoft	1-8
Haou Taikei Ryuu Knight - Lord of Paladin (Japan)	Haou Taikei Ryuu Knight : Lord of Paladin	1994	Role Playing Game	Japan Art Media	1
HardBall III (USA)	HardBall III	1994	Sports / Baseball/Sports	MindSpan	1-2
Harley's Humongous Adventure (USA)	Harley's Humongous Adventure	1993	Adventure	Visual Concepts	1-2
Harukanaru Augusta 2 - Masters (Japan)	Masters : Harukanaru Augusta 2	1993	Sports / Golf/Sports	T&E Soft	1-4
Harukanaru Augusta 3 - Masters New (Japan)	Masters New : Harukanaru Augusta 3	1995	Sports / Golf/Sports	T&E Soft	1-2
Harvest Moon (USA)	Harvest Moon	1997	Adventure	Amccus	1
Hashire Hebereke (Japan)	Hashire Hebereke	1994	Racing, Driving	Sunsoft	1-2
Hat Trick Hero 2 (Japan)	Hat Trick Hero 2	1994	Sports / Football (Soccer)/Sports	Neverland	1-4
Hatayama Hatch no Pro Yakyuu News! - Jitsumei Ban (Japan)	Hatayama Hatch no Pro Yakyuu News! : Jitsumei Ban	1993	Sports / Baseball/Sports	Agenda	1
Hayazashi Nidan Morita Shougi (Japan)	Hayazashi Nidan Morita Shougi	1993	Shougi/Asiatic board game	Random House	1
Hayazashi Nidan Morita Shougi 2 (Japan)	Hayazashi Nidan Morita Shougi 2	1995	Shougi/Asiatic board game	Random House	1
Head-On Soccer (USA)	Head-On Soccer	1995	Sports / Football (Soccer)/Sports	U.S. Gold	1-4
Hebereke no Oishii Puzzle wa Irimasenka (Japan)	Hebereke no Oishii Puzzle wa Irimasenka	1994	Puzzle	Sunsoft	1-5
Hebereke's Popoitto (Europe)	Hebereke's Popoitto	1995	Puzzle	Sunsoft	1-2
Hebereke's Popoon (Europe)	Hebereke's Popoon	1994	Puzzle	Sunsoft	1-2
Heian Fuuunden (Japan)	The Heian Fuuunden	1995	Strategy/Role Playing Game	Natsume	1
Heisei Gunjin Shougi (Japan)	Heisei Gunjin Shougi	1996	Shougi/Asiatic board game	Carrozzeria	1
Heisei Inu Monogatari Bow - Pop'n Smash!! (Japan)	Heisei Inu Monogatari Bow : Pop'n Smash!!	1994	Sports	Takara	1-2
Heisei Shin Onigashima - Kouhen (Japan)	Heisei Shin Onigashima : Kouhen	1997	Adventure	Pax Softnica	1-4
Heisei Shin Onigashima - Zenpen (Japan)	Heisei Shin Onigashima : Zenpen	1997	Adventure	Pax Softnica	1-4
Heiwa Pachinko World (Japan)	Heiwa Pachinko World	1995	Casino	Office Koukan	1
Heiwa Pachinko World 2 (Japan)	Heiwa Pachinko World 2	1995	Casino	Shouei	1
Heiwa Pachinko World 3 (Japan)	Heiwa Pachinko World 3	1996	Casino	Shouei	1
Heiwa Parlor! Mini 8 - Pachinko Jikki Simulation Game (Japan)	Heiwa Parlor! Mini 8 : Pachinko Jikki Simulation Game	1998	Casino	Telenet	1
Heracles no Eikou III - Kamigami no Chinmoku (Japan)	Heracles no Eikou III : Kamigami no Chinmoku	1992	Role Playing Game	Data East	1-4
Heracles no Eikou IV - Kamigami kara no Okurimono (Japan)	Heracles no Eikou IV : Kamigami kara no Okurimono	1994	Role Playing Game	Data East	1-4
Hero Senki - Project Olympus (Japan)	Hero Senki : Project Olympus	1992	Role Playing Game	Winky Soft	1
Hi no Ouji - Yamato Takeru (Japan)	Hi no Ouji : Yamato Takeru	1995	Role Playing Game	Multimedia Intelligence Transfer	1
Higashio Osamu Kanshuu Super Pro Yakyuu Stadium (Japan)	Higashio Osamu Kanshuu Super Pro Yakyuu Stadium	1993	Sports / Baseball/Sports	C-Lab	1
Hiouden - Mamono-tachi to no Chikai (Japan)	Hiouden : Mamono-tachi to no Chikai	1994	Role Playing Game	Wolf Team	1
Hiryuu no Ken S - Hyper Version (Japan)	Hiryuu no Ken S : Hyper Version	1992	Fighting	Culture Brain	1
Hissatsu Pachinko Collection (Japan)	Hissatsu Pachinko Collection	1994	Casino	Sunsoft	1
Hissatsu Pachinko Collection 2 (Japan)	Hissatsu Pachinko Collection 2	1995	Casino	Sunsoft	1
Hissatsu Pachinko Collection 3 (Japan)	Hissatsu Pachinko Collection 3	1995	Casino	Sunsoft	1
Hissatsu Pachinko Collection 4 (Japan)	Hissatsu Pachinko Collection 4	1996	Casino	Sunsoft	1
Hisshou 777 Fighter - Pachi-Slot Ryuuguu Densetsu (Japan)	Hisshou 777 Fighter : Pachi-Slot Ryuuguu Densetsu	1994	Casino	Jorudan	1
Hisshou 777 Fighter II - Pachi-Slot Maruhi Jouhou (Japan)	Hisshou 777 Fighter II : Pachi-Slot Maruhi Jouhou	1994	Casino	Jorudan	1
Hisshou 777 Fighter III - Kokuryuu Ou no Fukkatsu (Japan)	Hisshou 777 Fighter III : Kokuryuu Ou no Fukkatsu	1995	Casino	Jorudan	1
Hisshou Pachi-Slot Fun (Japan)	Hisshou Pachi-Slot Fun	1994	Casino	Pow	1
Hit the Ice - VHL - The Official Video Hockey League (USA)	Hit the Ice : The Video Hockey League	1993	Sports / Hockey/Sports	Taito	1-2
Hokuto no Ken 5 - Tenma Ryuuseiden Ai Zetsu Shou (Japan)	Hokuto no Ken 5 : Tenma Ryuuseiden Ai Zetsu Shou	1992	Role Playing Game	Shouei	1
Hokuto no Ken 6 - Gekitou Denshouken Haou e no Michi (Japan)	Hokuto no Ken 6 : Gekitou Denshouken Haou e no Michi	1992	Fighting	Shouei	1-2
Hokuto no Ken 7 - Seiken Retsuden Denshousha e no Michi (Japan)	Hokuto no Ken 7 : Seiken Retsuden Denshousha e no Michi	1993	Fighting	Big Toe Software	1-2
Holy Umbrella - Dondera no Mubou!! (Japan)	Holy Umbrella : Dondera no Mubou!!	1995	Platform	Earthly Soft	1-2
Home Alone (USA)	Home Alone	1991	Platform	Altron	1
Home Alone 2 - Lost in New York (USA)	Home Alone 2 : Lost in New York	1992	Platform	Imagineer	1
Home Improvement - Power Tool Pursuit! (USA)	Home Improvement	1994	Platform	Imagineering	1
Honkaku Mahjong - Tetsuman (Japan)	Honkaku Mahjong : Tetsuman	1993	Mahjong/Asiatic board game	Syscom	1
Honkaku Mahjong - Tetsuman II (Japan)	Honkaku Mahjong : Tetsuman II	1994	Mahjong/Asiatic board game	Khaos	1
Honkaku Shougi - Fuuunji Ryuuou (Japan)	Honkaku Shougi : Fuuunji Ryuuou	1994	Shougi/Asiatic board game	Aisystem Tokyo	1
Honkakuha Igo - Gosei (Japan)	Honkakuha Igo : Gosei	1994	Go/Asiatic board game	Aisystem Tokyo	1
Honkakuha Taikyoku Shougi - Shougi Club (Japan)	Shougi Club	1995	Shougi/Asiatic board game	Natsu System	1
Honke Hanafuda (Japan)	Honke Hanafuda	1994	Hanafuda/Asiatic board game	Aisystem Tokyo	1
Honke Sankyo Fever - Jikki Simulation (Japan)	Honke Sankyo Fever : Jikki Simulation	1995	Casino	Vistec	1
Honke Sankyo Fever 2 - Jikki Simulation (Japan)	Honke Sankyo Fever 2 : Jikki Simulation	1995	Casino	Vistec	1
Honke Sankyo Fever 3 - Jikki Simulation (Japan)	Honke Sankyo Fever 3 : Jikki Simulation	1996	Casino	Vistec	1
Honoo no Toukyuuji - Dodge Danpei (Japan)	Honoo no Toukyuuji : Dodge Danpei	1992	Sports / Dodgeball/Sports	Sunsoft	1
Hook (USA)	Hook	1992	Platform	Ukiyotei	1
Houkago in Beppin Jogakuin (Japan)	Houkago in Beppin Jogakuin	1995	Strategy/Adventure	Access Games	1
Hourai Gakuen no Bouken! - Tenkousei Scramble (Japan)	Hourai Gakuen no Bouken! : Tenkousei Scramble	1996	Role Playing Game	Dynamite	1
Human Baseball (Japan)	Human Baseball	1993	Sports / Baseball/Sports	Field	1-2
Human Grand Prix III - F1 Triple Battle (Japan) (En)	Human Grand Prix III : F1 Triple Battle	1994	Racing, Driving	Human Entertainment	1-2
Human Grand Prix IV - F1 Dream Battle (Japan) (En)	Human Grand Prix IV : F1 Dream Battle	1995	Racing, Driving	Human Entertainment	1-2
Humans, The (World) (Evercade)	The Humans	1993	Puzzle	Imagitec Design	1
Hungry Dinosaurs (Europe)	Hungry Dinosaurs	1995	Puzzle	Magical Company	1-4
Hunt for Red October, The (USA)	The Hunt for Red October	1993	Shoot'em Up / Horizontal/Shoot'em Up	Riedel Software	1
Hurricanes (USA)	Hurricanes	1994	Platform	Probe Software	1-2
Hyper Iria (Japan)	Hyper Iria	1995	Platform	Banpresto	1
Hyper V-Ball (USA)	Hyper V-Ball	1994	Sports / Volleyball/Sports	Video System	1-2
HyperZone (USA)	HyperZone	1991	Shoot'em Up	HAL Laboratory	1
Idea no Hi (Japan)	Idea no Hi	1994	Role Playing Game	Office Koukan	1
Ignition Factor, The (World) (Evercade)	The Ignition Factor	1995	Strategy	Jaleco	1
Igo Club (Japan)	Igo Club	1996	Go/Asiatic board game	HectorSoft	1
Ihatovo Monogatari (Japan)	Ihatov Monogatari	1993	Adventure	HectorSoft	1
Illusion of Gaia (USA)	Illusion of Gaia	1994	Role Playing Game	Quintet	1
Illvanian no Shiro (Japan)	Illvanian no Shiro	1994	Strategy	Nippon Clary Business	1
Imperium (USA)	Imperium	1992	Shoot'em Up / Vertical/Shoot'em Up	Jorudan	1
Inazuma Serve da! Super Beach Volley (Japan) (En)	Inazuma Serve da! Super Beach Volley	1995	Sports / Volleyball/Sports	Nippon Bcom	1
Incantation (World) (Evercade)	Incantation	1996	Platform	Titus	1
Incredible Crash Dummies, The (USA)	The Incredible Crash Dummies	1993	Platform	Gray Matter	1
Incredible Hulk, The (USA)	The Incredible Hulk	1994	Platform	Probe Software	1
Indiana Jones' Greatest Adventures (USA)	Indiana Jones' Greatest Adventures	1994	Platform	Factor 5	1
Inindo - Way of the Ninja (USA)	Inindo : Way of the Ninja	1993	Japanese RPG/Role Playing Game	Koei	1
Inspector Gadget (USA)	Inspector Gadget	1993	Platform	AIM	1
International Superstar Soccer (USA)	International Superstar Soccer	1995	Sports/Sports / Football (Soccer)	Konami	1-2
International Superstar Soccer Deluxe (USA)	International Superstar Soccer Deluxe	1995	Sports/Sports / Football (Soccer)	Konami	1-4
International Tennis Tour (USA)	International Tennis Tour	1993	Sports / Tennis/Sports	Loriciel	1-2
Ippatsu Gyakuten (Japan)	Ippatsu Gyakuten : Keiba - Keirin - Kyoutei	1996	Sports with animals/Horse racing	Electronics Application	1
Irem Skins Game, The (USA)	The Irem Skins Game	1992	Sports / Golf/Sports	Irem	1-4
Iron Commando (World) (Steam) (NTSC)	Iron Commando : Koutetsu no Senshi	1995	Beat'em Up	Arcade Zone	1-4
Isozuri - Ritou Hen (Japan)	Isozuri : Ritou Hen	1996	Hunting and Fishing	Pack In Video	1
Itadaki Street 2 - Neon Sign ha Barairo Ni (Japan)	Itadaki Street 2 : Neon Sign wa Barairo ni	1994	Board game	Tomcat System	1-4
Itchy & Scratchy Game, The (USA)	The Itchy & Scratchy Game	1995	Platform	Bits Limited	1
Itoi Shigesato no Bass Tsuri No. 1 (Japan)	Itoi Shigesato no Bass Tsuri No. 1	1997	Role Playing Game/Hunting and Fishing	HAL Labs	1
Itou Hatasu Rokudan no Shougi Doujou (Japan)	Itou Hatasu Rokudan no Shougi Doujou	1994	Shougi/Asiatic board game	ASK Kodansha	1
Izzy's Quest for the Olympic Rings (USA)	Izzy's Quest for the Olympic Rings	1995	Platform	Alexandria	1
J.League '96 Dream Stadium (Japan)	J.League '96 Dream Stadium	1996	Sports/Sports / Football (Soccer)	AI	1-4
J.League Excite Stage '95 (Japan)	J.League Excite Stage '95	1995	Sports / Football (Soccer)/Sports	A-Max	1-4
J.League Excite Stage '96 (Japan)	J-League Excite Stage '96	1996	Sports/Sports / Football (Soccer)	A-Max	1-4
J.League Soccer - Prime Goal (Japan)	J.League Soccer Prime Goal	1993	Sports / Football (Soccer)/Sports	Namco	1-2
J.League Soccer - Prime Goal 2 (Japan)	J.League Soccer Prime Goal 2	1994	Sports / Football (Soccer)/Sports	Namco	1-2
J.League Super Soccer '95 - Jikkyou Stadium (Japan)	J.League Super Soccer '95 : Jikkyou Stadium	1995	Sports / Football (Soccer)/Sports	AI	1-4
J.R.R. Tolkien's The Lord of the Rings - Volume 1 (USA)	J.R.R. Tolkien's The Lord of the Rings : Volume 1	1994	Role Playing Game	Interplay	1-2
Jack Nicklaus Golf (USA)	Jack Nicklaus Golf	1992	Sports / Golf/Sports	Sculptured Software	1-4
Jaleco Rally - Big Run - The Supreme 4WD Challenge (Japan) (En)	Jaleco Rally Big Run : The Supreme 4WD Challenge	1991	Racing, Driving	Jaleco	1
James Bond Jr (USA)	James Bond Jr	1992	Platform	Gray Matter	1-2
Jammes (Japan)	Jammes	1995	Puzzle	Mighty Craft	1-2
Janyuuki - Gokuu Randa (Japan)	Janyuuki Gokuu Randa	1995	Asiatic board game	Virgin Games	1
JB The Super Bass (Japan)	JB The Super Bass	1995	Fishing/Hunting and Fishing	Gaps	1
Jeff's Shoot'Em Up (USA) (Proto)	Jeff's Shoot'Em Up		Shoot'em Up	Iguana Entertainment	1
Jelly Boy (Europe)	Jelly Boy	1995	Platform	Probe Software	1-2
Jelly Boy 2 (Japan) (Proto)	Jelly Boy 2	1994	Platform	Game Freak	1
Jeopardy! (USA)	Jeopardy!	1992	Quiz	Imagineer	1-3
Jeopardy! - Deluxe Edition (USA)	Jeopardy! : Deluxe Edition	1994	Quiz	Imagineer	1-3
Jeopardy! - Sports Edition (USA)	Jeopardy! : Sports Edition	1994	Quiz	Imagineer	1-3
Jerry Glanville's Pigskin Footbrawl (USA) (Proto)	Jerry Glanville's Pigskin Footbrawl	2025	Sports / Football (American)/Sports	Razorsoft	1-2
Jetsons, The - Invasion of the Planet Pirates (USA)	The Jetsons : Invasion of the Planet Pirates	1994	Platform	Sting Entertainment	1
Jikkyou Oshaberi Parodius (Japan)	Jikkyou Oshaberi Parodius	1995	Shoot'em Up / Horizontal/Shoot'em Up	Konami	1-2
Jikkyou Power Pro Wrestling '96 - Max Voltage (Japan)	Jikkyou Power Pro Wrestling '96 : Max Voltage	1996	Fighting	Diamond Head	1-4
Jikkyou Powerful Pro Yakyuu '94 (Japan)	Jikkyou Powerful Pro Yakyuu '94	1994	Sports / Baseball/Sports	Konami	1-2
Jikkyou Powerful Pro Yakyuu '96 - Kaimaku Ban (Japan)	Jikkyou Powerful Pro Yakyuu '96 : Kaimaku Ban	1996	Sports / Baseball/Sports	Diamond Head	1-2
Jikkyou Powerful Pro Yakyuu - Basic '98 (Japan)	Jikkyou Powerful Pro Yakyuu : Basic Ban '98	1998	Sports / Baseball/Sports	Diamond Head	1-2
Jikkyou Powerful Pro Yakyuu 2 (Japan)	Jikkyou Powerful Pro Yakyuu 2	1995	Sports / Baseball/Sports	Konami	1-2
Jikkyou Powerful Pro Yakyuu 3 (Japan)	Jikkyou Powerful Pro Yakyuu 3	1996	Sports / Baseball/Sports	Diamond Head	1-2
Jikkyou Powerful Pro Yakyuu 3 - '97 Haru (Japan)	Jikkyou Powerful Pro Yakyuu 3 : '97 Haru	1997	Sports / Baseball/Sports	Diamond Head	1-2
Jim Lee's WildC.A.T.S - Covert-Action-Teams (USA)	Jim Lee's WildC.A.T.S : Covert-Action-Teams	1995	Beat'em Up	Beam Software	1
Jim Power - The Lost Dimension in 3D (World) (QUByte Classics)	Jim Power : The Lost Dimension in 3D	1993	Platform	Loriciels	1
Jimmy Connors Pro Tennis Tour (USA)	Jimmy Connors Pro Tennis Tour	1992	Sports / Tennis/Sports	Blue Byte	1-4
Jimmy Houston's Bass Tournament U.S.A. (USA)	Jimmy Houston's Bass Tournament U.S.A.	1995	Fishing/Hunting and Fishing	Nexus Interact	1
Jissen Kyoutei (Japan)	Jissen Kyoutei	1995		Aisystem Tokyo	1-4
Jissen Pachi-Slot Hisshouhou! Twin (Japan)	Jissen Pachi-Slot Hisshouhou! Twin	1997	Casino	Sammy Corporation	1
Jissen Pachi-Slot Hisshouhou! Twin Vol. 2 (Japan)	Jissen Pachi-Slot Hisshouhou! Twin Vol. 2	1997	Casino	TOSE	1
Jissen Pachinko Hisshouhou! 2 (Japan)	Jissen Pachinko Hisshouhou! 2	1996	Casino	Sammy Corporation	1
Jissen! Mahjong Shinan (Japan)	Jissen! Mahjong Shinan	1995	Mahjong/Asiatic board game	Syscom	1
Jissen! Pachi-Slot Hisshouhou! (Japan)	Jissen! Pachi-Slot Hisshouhou!	1993	Casino	Sammy Corporation	1
Jissen! Pachi-Slot Hisshouhou! 2 (Japan)	Jissen! Pachi-Slot Hisshouhou! 2	1994	Casino / Slot machine/Casino	TOSE	1
Jissen! Pachi-Slot Hisshouhou! Classic (Japan)	Jissen! Pachi-Slot Hisshouhou! Classic	1995	Casino	Sammy Corporation	1
Jissen! Pachi-Slot Hisshouhou! Yamasa Densetsu (Japan)	Jissen! Pachi-Slot Hisshouhou! Yamasa Densetsu	1996	Casino	Sammy Corporation	1
Joe & Mac (USA)	Joe & Mac	1991	Platform	Data East	1-2
Joe & Mac - Ultimate Caveman Collection (Europe) (Retro-Bit)	Joe And Mac : Ultimate Caveman Collection	2017	Platform/Compilation	Data East	1-2
Joe & Mac 2 - Lost in the Tropics (World) (Evercade)	Joe & Mac 2 : Lost in the Tropics	1994	Platform	Data East	1-2
John Madden Football '93 (USA)	John Madden Football '93	1992	Sports / Football (American)/Sports	EA Canada	1-2
John Madden Football (USA)	John Madden Football	1991	Sports / Football (American)/Sports	Park Place Productions	1-2
JoJo no Kimyou na Bouken (Japan)	JoJo no Kimyou na Bouken	1993	Role Playing Game	Winky Soft	1-2
Joushou Mahjong Tenpai (Japan)	Joushou Mahjong Tenpai	1995	Mahjong/Asiatic board game	Game Arts	1
JRA PAT (Japan) (TJCJ)	ZZZ(notgame):#NONGAME				
JRA PAT - Wide Taiouban (Japan) (TJEJ)	ZZZ(notgame):#NONGAME				
Judge Dredd (USA)	Judge Dredd	1995	Platform / Shooter Scrolling/Platform	Probe Software	1
Jumpin' Derby (Japan)	Jumpin' Derby	1996	Sports with animals/Horse racing	Kindle Imagine Develop	1
Jungle Book, The (World) (Disney Classic Games)	The Jungle Book	1994	Platform	Virgin Interactive Entertainment	1
Jungle no Ouja Tar-chan - Sekaimanyuu Daikakutou no Maki (Japan)	Jungle no Ouja Tar-chan : Sekaimanyuu Daikakutou no Maki	1994	Platform	Kuusou Kagaku	1
Jungle Strike (USA)	Jungle Strike	1993	Shoot'em Up / Diagonal/Shoot'em Up	Gremlin Interactive	1
Jungle Wars 2 - Kodai Mahou Atimos no Nazo (Japan)	Jungle Wars 2 : Kodai Mahou Atimos no Nazo	1993	Role Playing Game	Atelier Double	1
Jurassic Park (USA)	Jurassic Park	1993	Adventure	Ocean	1
Jurassic Park Part 2 - The Chaos Continues (USA) (En,Fr,De,It)	Jurassic Park Part 2 : The Chaos Continues	1994	Platform	Ocean	1-2
Justice League Task Force (USA)	Justice League Task Force	1995	Fighting	Sunsoft	1-2
Justice Ninja Casey (World) (Ratalaika Games)	Shounen Ninja Sasuke	1994	Beat'em Up	Sunsoft	1-2
Jutei Senki (Japan)	Jutei Senki	1993	Role Playing Game	TamTam	1-2
Juusou Kihei Valken (World) (Ja) (Switch)	Cybernator	1993	Shoot'em Up	Nippon Computer Systems (NCS)	1
JWP Joshi Pro Wres - Pure Wrestle Queens (Japan)	JWP Joshi Pro Wres : Pure Wrestle Queens	1994	Fighting	Jaleco	1-5
Ka-blooey (USA)	Ka-blooey	1992	Puzzle	Mirrorsoft	1-2
Kabuki Chou Reach Mahjong Tonpuusen (Japan)	Kabuki Chou Reach Mahjong Tonpuusen	1994	Asiatic board game/Mahjong	Studio Softmov	1
Kabuki Rocks (Japan)	Kabuki Rocks	1994	Role Playing Game	Red Company Corporation	1
Kachiuma Yosou Soft - Baken Renkinjutsu (Japan)	Kachiuma Yosou Soft : Baken Renkinjutsu	1994	Sports with animals/Horse racing	KSS	1
Kachou Shima Kousaku - Super Business Adventure (Japan)	Kachou Shima Kousaku	1993	Adventure	Tom Create	1
Kakinoki Shougi (Japan)	Kakinoki Shougi	1995	Shougi/Asiatic board game	SAS Sakata	1-2
Kamaitachi no Yoru (Japan)	Kamaitachi no Yoru	1994	Adventure / Visual Novel/Adventure	Chunsoft	1
Kamen Rider (Japan)	Kamen Rider	1993	Beat'em Up	Sun L	1-2
Kamen Rider SD - Shutsugeki!! Rider Machine (Japan)	Kamen Rider SD : Shutsugeki!! Rider Machine	1993	Racing, Driving	Yutaka	1-2
Kashiwagi Shigetaka no Top Water Bassing (Japan)	Kashiwagi Shigetaka no Top Water Bassing	1995	Fishing/Hunting and Fishing	Sony Imagesoft	1-2
Kat's Run - Zen-Nihon K-Car Senshuken (Japan)	Kat's Run : Zen-Nihon K-Car Senshuken	1995	Racing, Driving	Atlus	1-2
Katou Hifumi Kudan - Shougi Club (Japan)	Katou Hifumi Kudan : Shougi Club	1997	Shougi/Asiatic board game	Natsu System	1-2
Kawa no Nushi Tsuri 2 (Japan)	Kawa no Nushi Tsuri 2	1995	Role Playing Game/Hunting and Fishing	Pack In Video	1
Kawasaki Caribbean Challenge (USA)	Kawasaki Caribbean Challenge	1993	Racing, Driving	Park Place Productions	1
Kawasaki Superbike Challenge (USA)	Kawasaki Superbike Challenge	1995	Motorcycle race FPV/Racing, Driving	Lankhor	1-2
Keeper (Japan)	Keeper	1994	Puzzle	Fupac	1-2
Keiba Eight Special (Japan)	Keiba Eight Special	1993	Sports with animals/Horse racing	C-Lab	1
Keiba Eight Special 2 (Japan)	Keiba Eight Special 2	1994	Sports with animals/Horse racing	C-Lab	1
Ken Griffey Jr. Presents Major League Baseball (USA)	Ken Griffey Jr. Presents Major League Baseball	1994	Sports / Baseball/Sports	Software Creations	1-2
Ken Griffey Jr.'s Winning Run (USA)	Ken Griffey Jr.'s Winning Run	1996	Sports / Baseball/Sports	Rareware	1-2
Kendo Rage (USA)	Kendo Rage	1993	Platform	Affect	1
Kenyuu Densetsu Yaiba (Japan)	Kenyuu Densetsu Yaiba	1994	Role Playing Game	Atelier Double	1-2
Kero Kero Keroppi no Bouken Nikki - Nemureru Mori no Keroleen (Japan)	Kero Kero Keroppi no Bouken Nikki : Nemureru Mori no Keroleen	1994	Role Playing Game	Character Soft	1-2
Kessen! Dokapon Oukoku IV - Densetsu no Yuusha-tachi (Japan)	Kessen! Dokapon Oukoku IV : Densetsu no Yuusha-tachi	1993	Role Playing Game	Asmik	1-4
Kevin Keegan's Player Manager (Europe)	Kevin Keegan's Player Manager	1993	Sports / Football (Soccer)/Sports	Anco	1-2
Kick Off (Europe)	Kick Off	1993	Sports / Football (Soccer)/Sports	Anco	1-2
Kick Off 3 - European Challenge (Europe) (En,Fr,De,Es,It)	Kick Off 3 : European Challenge	1994	Sports / Football (Soccer)/Sports	Anco	1-2
Kid Klown in Crazy Chase (USA)	Kid Klown in Crazy Chase	1994	Platform	Kotobuki System	1
Kidou Butouden G Gundam (Japan)	Kidou Butouden G Gundam	1994	Fighting	Pandora Box	1-2
Kidou Keisatsu Patlabor (Japan)	Kidou Keisatsu Patlabor	1994	Role Playing Game	Interbec	1
Kidou Senshi Gundam - Cross Dimension 0079 (Japan)	Kidou Senshi Gundam : Cross Dimension 0079	1995	Tactical RPG/Role Playing Game	Bandai	1
Kidou Senshi Gundam F91 - Formula Senki 0122 (Japan)	Kidou Senshi Gundam F91 : Formula Senki 0122	1991	Role Playing Game	Bandai	1
Kidou Senshi V Gundam (Japan)	Kidou Senshi V Gundam	1994	Fighting	Bandai	1
Kidou Senshi Z Gundam - Away to the Newtype (Japan)	Kidou Senshi Z Gundam : Away to the Newtype	1996	Role Playing Game	Bandai	1
Kijin Kourinden Oni (Japan)	Kishin Kourinden Oni	1994	Role Playing Game	Pandora Box	1
Kikuni Masahiko no Jantoushi Doraou (Japan)	Kikuni Masahiko no Jantoushi Doraou	1993	Mahjong/Asiatic board game	C-Lab	1
Kikuni Masahiko no Jantoushi Doraou 2 (Japan)	Kikuni Masahiko no Jantoushi Doraou 2	1993	Asiatic board game	Pow	1
Killer Instinct (USA)	Killer Instinct	1995	Fighting/Fighting / Versus	Rareware	1-2
Kindai Mahjong Special (Japan)	Kindai Mahjong Special	1995	Mahjong/Asiatic board game	Outback	1
King Arthur & The Knights of Justice (USA)	King Arthur & The Knights of Justice	1995	Adventure	Manley & Associates	1
King Arthur's World (USA)	King Arthur's World	1993	Strategy	Argonaut Software	1
King of Dragons (USA)	King of Dragons	1994	Beat'em Up	Prism Kikaku	1-2
King of Rally, The - Paris-Moscow-Beijing (Japan)	The King of Rally	1992	Racing, Driving	KAZe	1
King of the Monsters (USA)	King of the Monsters	1992	Fighting	Genki	1-2
King of the Monsters 2 (USA)	King of the Monsters 2	1994	Fighting	Now Production	1-2
Kingyo Chuuihou! - Tobidase! Game Gakuen (Japan)	Kingyo Chuuihou! : Tobidase! Game Gakuen	1994	Casual Game	Jaleco	1-3
Kinnikuman - Dirty Challenger (Japan)	Kinnikuman : Dirty Challenger	1992	Sports / Wrestling/Sports	Yutaka	1-2
Kirby no Kirakira Kids (Japan)	Kirby no Kirakira Kids	1998	Puzzle / Fall/Puzzle	HAL Laboratory	1-2
Kirby Super Star (USA)	Kirby Super Star	1996	Platform	HAL Laboratory	1-2
Kirby's Avalanche (USA)	Kirby's Avalanche	1995	Puzzle	HAL Laboratory	1-2
Kirby's Dream Course (USA)	Kirby's Dream Course	1995	Sports / Golf/Sports	HAL Laboratory	1-2
Kirby's Dream Land 3 (USA)	Kirby's Dream Land 3	1997	Platform	HAL Laboratory	1-2
Kishin Douji Zenki - Battle Raiden (Japan)	Kishin Douji Zenki : Battle Raiden	1995	Platform	CAProduction	1-2
Kishin Douji Zenki - Denei Raibu (Japan)	Kishin Douji Zenki : Denei Raibu	1995	Platform	Now Production	1
Kishin Douji Zenki - Tenchi Meidou (Japan)	Kishin Douji Zenki : Tenchi Meidou	1996	Strategy	Hudson Soft	1-4
Kiteretsu Daihyakka - Choujikuu Sugoroku (Japan)	Kiteretsu Daihyakka : Choujikuu Sugoroku	1995	Board game	Fill in Café	1-4
Knights of the Round (USA)	Knights of the Round	1994	Beat'em Up	Capcom	1-2
Konpeki no Kantai (Japan)	Konpeki no Kantai	1995	Strategy	Access Games	1
Kouryaku Casino Bar (Japan)	Kouryaku Casino Bar	1995	Casino	Nichibutsu	1-4
Kouryuu Densetsu Villgust - Kieta Shoujo (Japan)	Kouryuu Densetsu Villgust : Kieta Shoujo	1992	Role Playing Game	Plex	1
Kouryuu no Mimi (Japan)	Kouryuu no Mimi	1995	Beat'em Up	Vap	1
Koushien 2 (Japan)	Koushien 2	1992	Sports / Baseball/Sports	Affect	1-2
Koushien 3 (Japan)	Koushien 3	1994	Sports / Baseball/Sports	Magical Company	1-4
Koushien 4 (Japan)	Koushien 4	1995	Sports / Baseball/Sports	Magical Company	1-4
Kousoku Shikou Shougi Ou (Japan)	Kousoku Shikou Shougi Ou	1995	Shougi/Asiatic board game	Access Games	1-2
Koutetsu no Kishi (Japan)	Koutetsu no Kishi	1993	Strategy	Dual	1
Koutetsu no Kishi 2 - Sabaku no Rommel Gundan (Japan)	Koutetsu no Kishi 2 : Sabaku no Rommel Gundan	1994	Strategy	Dual	1
Koutetsu no Kishi 3 - Gekitotsu Europe Sensen (Japan)	Koutetsu no Kishi 3 : Gekitotsu Europe Sensen	1995	Strategy	Dual	1
Krusty's Super Fun House (USA)	Krusty's Super Fun House	1992	Platform	Audiogenic Software	1
Kunio no Oden (Japan)	Kunio no Oden	1994	Puzzle	Technos Japan	1-2
Kunio-kun no Dodge Ball Da yo Zenin Shuugou! (Japan)	Kunio-kun no Dodge Ball Da yo : Zenin Shuugou!	1993	Sports / Dodgeball/Sports	Technos Japan	1-4
Kuusou Kagaku Sekai - Gulliver Boy (Japan)	Kuusou Kagaku Sekai Gulliver Boy	1996	Role Playing Game	Bandai	1
Kyle Petty's No Fear Racing (USA)	Kyle Petty's No Fear Racing	1995	Racing, Driving	Leland Interactive Media	1-2
Kyuuyaku Megami Tensei (Japan)	Kyuuyaku Megami Tensei	1995	Role Playing Game	Opera House	1-2
La Wares (Japan)	Shin Seikoku : La Wares	1995	Role Playing Game	J-Force	1
Lady Stalker - Kako kara no Chousen (Japan)	Lady Stalker : Kako kara no Chousen	1995	Role Playing Game	Climax	1
Lagoon (USA)	Lagoon	1991	Role Playing Game	Kemco	1
Lamborghini American Challenge (USA)	Lamborghini American Challenge	1993	Racing, Driving	Titus	1-2
Langrisser, Der (Japan)	Der Langrisser	1995	Role Playing Game	Masaya Games	1
Laplace no Ma (Japan)	Laplace no Ma	1995	Japanese RPG/Role Playing Game	Hummingbird Soft	1
Last Action Hero (USA)	Last Action Hero	1993	Beat'em Up	Bits Studios	1-2
Last Battle, The (Japan)	The Last Battle	1994	Role Playing Game	Techiko	1-2
Last Bible III (Japan)	Last Bible III	1995	Role Playing Game	Multimedia Intelligence Transfer	1
Lawnmower Man, The (USA)	The Lawnmower Man	1993	Platform	Sales Curve	1-2
Leading Company (Japan)	Leading Company	1993	Build And Management/Simulation	Koei	1
Leading Jockey (Japan)	Leading Jockey	1994	Sports with animals/Horse racing	Carrozzeria	1-2
Leading Jockey 2 (Japan)	Leading Jockey 2	1995	Sports with animals/Horse racing	Carrozzeria	1-2
Legend (World) (QUByte Classics)	Legend	1994	Beat'em Up	Arcade Zone	1-2
Legend of the Mystical Ninja, The (USA)	The Legend of the Mystical Ninja	1992	Platform / Run & Jump Scrolling/Platform	Konami	1-2
Legend of Zelda, The - A Link to the Past (USA)	The Legend of Zelda : A Link to the Past	1992	Role Playing Game	Nintendo	1
Lemmings (USA)	Lemmings	1992	Strategy	Sunsoft	1-2
Lemmings 2 - The Tribes (USA)	Lemmings 2 : The Tribes	1994	Puzzle	DMA Design	1
Lennus II - Fuuin no Shito (Japan)	Lennus II : Fuuin no Shito	1996	Role Playing Game	Copya Systems	1
Lester the Unlikely (USA)	Lester the Unlikely	1994	Platform	Visual Concepts	1
Lethal Enforcers (USA)	Lethal Enforcers	1994	Lightgun Shooter	Konami	1-2
Lethal Weapon (USA)	Lethal Weapon	1992	Platform	Eurocom	1
Libble Rabble (World) (Evercade)	Libble Rabble	1994	Puzzle	Namco	1-2
Liberty or Death (USA)	Liberty or Death	1994	Strategy	Koei	1-2
Light Fantasy (Japan)	Light Fantasy	1992	Role Playing Game	Advance Communication Company	1
Light Fantasy II (Japan)	Light Fantasy II	1995	Role Playing Game	Tonkin House	1
Lion King, The (World) (En) (Disney Classic Games)	The Lion King	1994	Platform	Westwood Studios	1
Little Magic (Japan)	Little Magic	1993	Puzzle	Altron	1
Little Master - Nijiiro no Maseki (Japan)	Little Master : Nijiiro no Maseki	1995	Role Playing Game	Tokuma Shoten	1
Live A Live (Japan)	Live A Live	1994	Role Playing Game	Squaresoft	1
Lobo (USA) (Proto)	Lobo	1996	Fighting	Ocean	1-2
Lock On (USA)	Lock On	1993	Shooter / Plane/Simulation/Shooter	Tokai Engineering	1
Lode Runner Twin - Justy to Liberty no Daibouken (Japan)	Lode Runner Twin : Justy to Liberty no Daibouken	1994	Platform/Platform / Run & Jump	T&E Soft	1-2
Lodoss-tou Senki (Japan)	Lodoss Tou Senki	1995	Role Playing Game	Thinking Rabbit	1-4
Logos Panic Goaisatsu (Japan)	Logos Panic Goaisatsu	1995		Kan's	1-2
Looney Tunes B-Ball (USA)	Looney Tunes B-Ball	1995	Sports / Basketball/Sports	Sculptured Software	1-4
Lord Monarch (Japan)	Lord Monarch	1992	Strategy	Aim Software	1
Lord of Darkness (USA)	Lord of Darkness	1994	Strategy	Koei	1-8
Lost Vikings 2 (USA)	Lost Vikings 2	1997	Platform	Blizzard Entertainment	1-2
Lost Vikings, The (USA)	The Lost Vikings	1993	Platform	Silicon & Synapse	1-2
Love Quest (Japan)	Love Quest	1995	Role Playing Game	C-Lab	1-2
Lucky Luke (Europe) (En,Fr,De,Es)	Lucky Luke	1997	Platform	Infogrames	1-2
Lufia & the Fortress of Doom (USA)	Lufia & the Fortress of Doom	1993	Role Playing Game	Neverland	1
Lufia II - Rise of the Sinistrals (USA)	Lufia II : Rise of the Sinistrals	1996	Role Playing Game	Neverland	1
Lupin Sansei - Densetsu no Hihou o Oe! (Japan)	Lupin Sansei : Densetsu no Hihou o Oe!	1994		SAS Sakata	1
MACS Basic Rifle Marksmanship (USA) (v1.1e) [b]	M.A.C.S. Basic Rifle Marksmanship		Shooter	Sculptured Software	1
Madden NFL '94 (USA)	Madden NFL '94	1993	Sports / Football (American)/Sports	High Score Productions	1-5
Madden NFL 95 (USA)	Madden NFL 95	1994	Sports / Football (American)/Sports	High Score Productions	1-5
Madden NFL 96 (USA)	Madden NFL 96	1995	Sports / Football (American)/Sports	High Score Productions	1-5
Madden NFL 97 (USA)	Madden NFL 97	1996	Sports / Football (American)/Sports	EA Tiburon	1-5
Madden NFL 98 (USA)	Madden NFL 98	1997	Sports / Football (American)/Sports	Tiertex	1-5
Madou Monogatari - Hanamaru Daiyouchienji (Japan)	Madou Monogatari : Hanamaru Daiyouchienji	1996	Role Playing Game	Compile	1
Maerchen Adventure Cotton 100% (USA) (Strictly Limited Games)	Maerchen Adventure Cotton 100%	1994	Shoot'em Up / Horizontal/Shoot'em Up	Success	1
Magic Boy (USA)	Magic Boy	1996	Platform	Blue Turtle	1-2
Magic Knight Rayearth (Japan)	Mahou Kishi Rayearth	1995	Role Playing Game	Pandora Box	1-2
Magic Sword (USA)	Magic Sword	1992	Platform	Capcom	1
Magical Drop (Japan)	Magical Drop	1995	Puzzle / Throw/Puzzle	Data East	1-2
Magical Drop 2 (World) (Evercade)	Magical Drop 2	1996	Puzzle / Throw/Puzzle	Data East	1-5
Magical Pop'n (Japan)	Magical Pop'n	1995	Platform	Polestar	1-5
Magical Quest Starring Mickey Mouse, The (USA)	The Magical Quest Starring Mickey Mouse	1992	Platform	Capcom	1-2
Magical Taruruuto-kun - Magic Adventure (Japan)	Magical Taruruuto-kun : Magic Adventure	1992	Platform	TOSE	1-2
Magna Braban - Henreki no Yuusha (Japan)	Magna Braban : Henreki no Yuusha	1994	Role Playing Game	Lenar	1
Mahjong Club (Japan)	Mahjong Club	1994	Mahjong/Asiatic board game	Natsu System	1
Mahjong Gokuu Tenjiku (Japan)	Mahjong Gokuu Tenjiku	1994	Mahjong/Asiatic board game		1
Mahjong Hanjouki (Japan)	Mahjong Hanjouki	1995	Mahjong/Asiatic board game	Nichibutsu	1
Mahjong Hishouden - Naki no Ryuu (Japan)	Naki no Ryuu : Mahjong Hishouden	1992	Mahjong/Asiatic board game	Information Global Service	1
Mahjong Hishouden - Shin Naki no Ryuu (Japan)	Mahjong Hishouden : Shin Naki no Ryuu	1995	Mahjong/Asiatic board game	BEC	1
Mahjong Sengoku Monogatari (Japan)	Mahjong Sengoku Monogatari	1994	Mahjong/Asiatic board game	Khaos	1
Mahjong Taikai II (Japan)	Mahjong Taikai II	1994	Mahjong/Asiatic board game	Koei	1
Mahjong Touhaiden, The (Japan)	The Mahjong Touhaiden	1993	Mahjong/Asiatic board game	Khaos	1
Mahou Poi Poi Poitto! (Japan)	Mahou Poi Poi Poitto!	1994	Puzzle	Metro	1-2
Mahoujin Guruguru (Japan)	Mahoujin Guruguru	1995	Role Playing Game	TamTam	1
Mahoujin Guruguru 2 (Japan)	Mahoujin Guruguru 2	1996	Role Playing Game	TamTam	1
Majin Tensei (Japan)	Majin Tensei	1994	Role Playing Game/Strategy	Atlus	1
Majin Tensei II - Spiral Nemesis (Japan)	Majin Tensei II : Spiral Nemesis	1995	Role Playing Game/Strategy	Atlus	1
Majuu Ou (Japan)	Majuu Ou	1995	Platform / Shooter Scrolling/Platform	Eleven	1
Maka Maka (Japan)	Maka Maka	1992	Role Playing Game	Office Koukan	1
Makeruna! Makendou 2 - Kimero! Youkai Souridaijin (Japan)	Makeruna! Makendou 2 : Kimero! Youkai Souridaijin	1995	Fighting	Success	1
Manchester United Championship Soccer (Europe)	Manchester United Championship Soccer	1995	Sports / Football (Soccer)/Sports	Krisalis Software	1-2
Mario Is Missing! (USA)	Mario Is Missing!	1994	Adventure/Educational	Mindscape	1
Mario no Super Picross (Japan)	Mario no Super Picross	1995	Puzzle/Strategy	Jupiter	1-2
Mario Paint (Japan, USA) (En)	Mario Paint	1992	Educational	Nintendo	1
Mario to Wario (Japan) (En)	Mario to Wario	1993	Platform	Game Freak	1
Mario's Early Years - Fun with Letters (USA)	Mario's Early Years : Fun with Letters	1994	Educational	The Software Toolworks	1
Mario's Early Years - Fun with Numbers (USA)	Mario's Early Years : Fun with Numbers	1994	Educational	The Software Toolworks	1
Mario's Early Years - Preschool Fun (USA)	Mario's Early Years : Preschool Fun	1994	Educational	The Software Toolworks	1
Mario's Time Machine (USA)	Mario's Time Machine	1993	Educational	The Software Toolworks	1
Mark Davis' The Fishing Master (USA)	Mark Davis' The Fishing Master	1996	Fishing/Hunting and Fishing	Natsume	1
Marko's Magic Football (Europe) (En,Fr,De,Es)	Marko's Magic Football	1995	Platform	Domark	1
Marmalade Boy (Japan)	Marmalade Boy	1995	Adventure	Kuusou Kagaku	1
Marvel Super Heroes in War of the Gems (USA)	Marvel Super Heroes in War of the Gems	1996	Platform	Capcom	1
Marvelous - Mouhitotsu no Takara-jima (Japan)	Marvelous : Mouhitotsu no Takara-jima	1996	Role Playing Game	Nintendo	1
Mary Shelley's Frankenstein (USA)	Mary Shelley's Frankenstein	1994	Platform	Bits Studios	1
Mask, The (USA)	The Mask	1995	Platform	Black Pearl Software	1
Maten Densetsu - Senritsu no Ooparts (Japan)	Maten Densetsu : Senritsu no Ooparts	1995	Role Playing Game	Thinking Rabbit	1
Math Blaster - Episode 1 (USA)	Math Blaster : Episode 1	1994	Educational	Davidson & Associates	1
Matsukata Hiroki no Super Trolling (Japan)	Matsukata Hiroki no Super Trawling	1995	Hunting and Fishing	Atelier Double	1
Matsumura Kunihiro Den - Saikyou no Rekishi o Nurikaero! (Japan)	Matsumura Kunihiro Den : Saikyou no Rekishi o Nurikaero!	1994	Fighting	Office Koukan	1
Maui Mallard in Cold Shadow (USA)	Maui Mallard in Cold Shadow	1996	Platform	Eurocom	1
Mazinger Z (Japan)	Mazinger Z	1993	Platform	Winkysoft	1
Mecarobot Golf (USA)	Mecarobot Golf	1993	Sports / Golf/Sports	Advance Communication Company	1
Mechanoids 2 - The Final Conflict (Europe) (Auto Demo)	Mechanoids 2 - The Final Conflict	1992	Beat'em Up	Mark Greenshields	1
MechWarrior (USA)	MechWarrior	1993	Shooter / FPV/Shooter	Beam Software	1
MechWarrior 3050 (USA)	MechWarrior 3050	1995	Shooter	Malibu Games	1-2
Mega Man 7 (USA)	Mega Man 7	1995	Platform / Shooter Scrolling/Platform	Capcom	1
Mega Man Soccer (USA)	Mega Man Soccer	1994	Sports / Football (Soccer)/Sports	Capcom	1-2
Mega Man X (USA)	Mega Man X	1994	Platform / Shooter Scrolling/Platform	Capcom	1
Mega Man X2 (USA)	Mega Man X2	1995	Platform / Shooter Scrolling/Platform	Capcom	1
Mega Man X3 (USA)	Mega Man X3	1996	Platform / Shooter Scrolling/Platform	Capcom	1
Mega-lo-Mania (Europe) (En,Fr,De)	Mega-Lo-Mania	1993	Strategy	SPS	1
Melfand Stories (Japan)	Melfand Stories	1994	Beat'em Up	Sting Entertainment	1-2
Mer Wars (USA) (Proto)	ZZZ(notgame):#NONGAME				
Metal Combat - Falcon's Revenge (USA)	Metal Combat : Falcon's Revenge	1993	Lightgun Shooter	Intelligent Systems	1-2
Metal Marines (World) (Evercade)	Metal Marines	1993	Strategy	Namco	1
Metal Max 2 (Japan)	Metal Max 2	1993	Role Playing Game	Crea-tech	1
Metal Max Returns (Japan)	Metal Max Returns	1995	Role Playing Game	Crea-tech	1
Metal Morph (USA)	Metal Morph	1994	Platform / Shooter Scrolling/Platform	ORIGIN Systems	1
Metal Slader Glory - Director's Cut (Japan) (NP)	Metal Slader Glory : Director's Cut	2000	Adventure / Graphic/Adventure/Adventure / Visual Novel	HAL Laboratory	1
Metal Warriors (USA)	Metal Warriors	1995	Platform	LucasArts	1-2
Michael Andretti's Indy Car Challenge (USA)	Michael Andretti's IndyCar Challenge	1994	Racing, Driving	Genki	1-2
Michael Jordan - Chaos in the Windy City (USA)	Michael Jordan : Chaos in the Windy City	1994	Platform	Electronic Arts	1
Mick & Mack as the Global Gladiators (USA) (Proto) [b]	Mick & Mack as the Global Gladiators	1993	Platform	Virgin	1
Mickey Mania - The Timeless Adventures of Mickey Mouse (USA)	Mickey Mania : The Timeless Adventures of Mickey Mouse	1994	Platform	Traveller's Tales	1
Mickey no Tokyo Disneyland Daibouken (Japan)	Mickey no Tokyo Disneyland Daibouken	1994	Platform	GRC	1
Mickey to Donald - Magical Adventure 3 (Japan)	Mickey to Donald : Magical Adventure 3	1995	Platform	Capcom	1-2
Mickey's Playtown Adventure - A Day of Discovery! (USA) (Proto)	Mickey's Playtown Adventure : A Day of Discovery!		Adventure	Visual Concepts	1
Mickey's Ultimate Challenge (USA)	Mickey's Ultimate Challenge	1994	Puzzle	Master Designer Software	1
Micro Machines (USA)	Micro Machines	1994	Racing, Driving	Merit Software	1-4
Micro Machines 2 - Turbo Tournament (Europe)	Micro Machines 2 : Turbo Tournament	1996	Racing, Driving	Codemasters	1-4
Might and Magic - Book II (Japan)	Might and Magic II	1993	Adventure/Role Playing Game	New World Computing	1
Might and Magic II (Europe)	Might and Magic II	1993	Adventure/Role Playing Game	New World Computing	1
Might and Magic III - Isles of Terra (USA)	Might and Magic III : Isles of Terra	1995	Role Playing Game	Iguana Entertainment	1-4
Mighty Max (USA)	The Adventures of Mighty Max	1995	Platform	WJS Design	1
Mighty Morphin Power Rangers (USA)	Mighty Morphin Power Rangers	1994	Beat'em Up	Natsume	1
Mighty Morphin Power Rangers - The Fighting Edition (USA)	Mighty Morphin Power Rangers : The Fighting Edition	1995	Fighting	Bandai	1-2
Mighty Morphin Power Rangers - The Movie (USA)	Mighty Morphin Power Rangers : The Movie	1995	Beat'em Up	Natsume	1-2
Milandra (Japan)	Milandra	1997	Role Playing Game	Tomcat System	1
Mini Yonku Let's & Go!! - Power WGP 2 (Japan)	Mini Yonku Let's & Go!! : Power WGP 2	1998	Racing, Driving	Jupiter Multimedia	1
Mini Yonku Shining Scorpion - Let's & Go!! (Japan)	Mini Yonku Shining Scorpion : Let's & Go!!	1996	Adventure/Racing, Driving	Kindle Imagine Develop	1
Miracle Casino Paradise (Japan)	Miracle Casino Paradise	1995	Casino/Board game	Carrozzeria	1-4
Miracle Girls - Tomomi to Mikage no Fushigi Sekai no Daibouken (Japan)	Miracle Girls	1993	Platform	Takara	1-2
Miracle Piano Teaching System, The (USA)	The Miracle Piano Teaching System	1991	Music and Dancing/Educational	The Software Toolworks	1-2
Miyaji Shachou no Pachinko Fan - Shouri Sengen 2 (Japan)	Miyaji Shachou no Pachinko Fan : Shouri Sengen 2	1995	Casino	Pow	1
Mizuki Shigeru no Youkai Hyakkiyakou (Japan)	Mizuki Shigeru no Youkai Hyakkiyakou	1995	Board game	KSS	1-4
MLBPA Baseball (USA)	MLBPA Baseball	1994	Sports / Baseball/Sports	Visual Concepts	1-2
Mohawk & Headphone Jack (USA)	Mohawk & Headphone Jack	1996	Platform	Black Pearl Software	1-2
Momotarou Dentetsu Happy (Japan)	Momotarou Dentetsu Happy	1996	Board game	Make	1-4
Monopoly (Japan)	Monopoly (japan)	1993	Board game		
Monopoly (USA)	Monopoly	1992	Board game	Sculptured Software	1-8
Monopoly Game 2, The (Japan)	The Monopoly Game 2	1995	Board game	Tomcat System	1-5
Monstania (Japan)	Monstania	1996	Role Playing Game/Strategy	Bits Laboratory	1-8
Monster Maker III - Hikari no Majutsushi (Japan)	Monster Maker III : Hikari no Majutsushi	1993	Role Playing Game	SOFEL	1
Monster Maker Kids - Ousama ni Naritai (Japan)	Monster Maker Kids : Ousama ni Naritai	1994	Board game	SOFEL	1-4
Mortal Kombat (USA)	Mortal Kombat	1993	Fighting	Midway	1-2
Mortal Kombat 3 (USA)	Mortal Kombat III	1995	Fighting / Versus/Fighting	Sculptured Software	1-2
Mortal Kombat II (USA)	Mortal Kombat II	1994	Fighting / Versus/Fighting	Sculptured Software	1-2
Motoko-chan no Wonder Kitchen (Japan)	Motoko-chan no Wonder Kitchen	1993	Simulation	Ajinomoto	1
Motteke Oh! Dorobou (Japan)	Motteke Oh! Dorobou	1995	Board game	Data East	1-4
Mouryou Senki Madara 2 (Japan)	Mouryou Senki Madara 2	1993	Role Playing Game	Konami	1
Mr. Bloppy Saves the World (USA) (Piko Interactive)	Mr. Bloopy : Saves the World	2014	Educational/Platform	Copmedia	1
Mr. Do! (USA)	Mr. Do!	1996	Puzzle	Universal	1-2
Mr. Nutz (USA) (En,Fr)	Mr. Nutz	1994	Platform	Ocean	1-2
Mr. Tuff (World) (En,Fr,De,Es,It) (The Retro Room)	Mr. Tuff	1995	Platform	Sales Curve	1-2
Ms. Pac-Man (USA)	Ms. Pac-Man	1996	Action / Labyrinth/Action	Digital Eclipse	1-2
Muhammad Ali Heavyweight Boxing (USA) (Proto)	Muhammad Ali Heavyweight Boxing		Sports / Boxing/Sports	Park Place Productions	1-2
Mujintou Monogatari (Japan)	Mujintou Monogatari	1996	Adventure	Open Sesame	1
Multi Play Volleyball (Japan)	Multi Play Volleyball	1994	Sports / Volleyball/Sports	Mebio Software	1-4
Musya - The Classic Japanese Tale of Horror (USA)	Musya : The Classic Japanese Tale of Horror	1992	Platform	SETA	1
Mystery Circle (Japan)	Mystery Circle	1992	Puzzle	Wave	1-2
Mystic Ark (Japan)	Mystic Ark	1995	Role Playing Game	Produce	1
Nage Libre - Seijaku no Suishin (Japan)	Nage Libre : Seijaku no Suishin	1995	Role Playing Game/Strategy	Varie	1
Nakajima Satoru Kanshuu - F-1 Hero '94 (Japan)	Nakajima Satoru Kanshuu : F-1 Hero '94	1994	Racing, Driving	Varie	1
Nakajima Satoru Kanshuu - Super F-1 Hero (Japan)	Nakajima Satoru Kanshuu : Super F-1 Hero	1992	Racing, Driving	Aprinet	1
Nakano Kouichi Kanshuu Keirin Ou (Japan)	Nakano Kouichi Kanshuu Keirin Ou	1994	Sports / Cycling/Sports	C-Lab	1-4
Namcot Open (Japan)	Namcot Open	1993	Sports / Golf/Sports	TOSE	1-2
Nangoku Shounen Papuwa-kun (Japan)	Nangoku Shounen Papuwa-kun	1994	Platform	Daft	1
Naruhodo! The World (Japan)	Naruhodo! The World	1994	Casual Game/Quiz	Tomy	1-4
Natsuki Crisis Battle (Japan)	Natsuki Crisis Battle	1995	Fighting	TOSE	1-2
Natsume Championship Wrestling (USA)	Natsume Championship Wrestling	1994	Sports / Wrestling/Fighting/Sports	Natsume	1-4
Naxat Super Pinball - Jaki Crush (Japan)	Naxat Super Pinball : Jaki Crush	1992	Pinball	Compile	1-2
NBA All-Star Challenge (USA)	NBA All-Star Challenge	1992	Sports / Basketball/Sports	LJN	1-2
NBA Give 'n Go (USA)	NBA Give 'n Go	1995	Sports / Basketball/Sports	Konami	1-4
NBA Hang Time (USA)	NBA Hang Time	1996	Sports / Basketball/Sports	Funcom	1-4
NBA Jam (USA)	NBA Jam	1994	Sports / Basketball/Sports	Midway	1-4
NBA Jam - Tournament Edition (USA)	NBA Jam Tournament Edition	1995	Sports / Basketball/Sports	Iguana Entertainment	1-4
NBA Live 95 (USA)	NBA Live 95	1994	Sports / Basketball/Sports	Hitmen Productions	1-5
NBA Live 96 (USA)	NBA Live 96	1995	Sports / Basketball/Sports	Hitmen Productions	1-5
NBA Live 97 (USA)	NBA Live 97	1996	Sports / Basketball/Sports	EA Sports	1-5
NBA Live 98 (USA)	NBA Live 98	1997	Sports / Basketball/Sports	Tiertex	1-2
NBA Showdown (USA)	NBA Showdown	1993	Sports / Basketball/Sports	EA Sports	1-2
NCAA Basketball (USA)	NCAA Basketball	1992	Sports / Basketball/Sports	Sculptured Software	1-2
NCAA Final Four Basketball (USA)	NCAA Final Four Basketball	1995	Sports / Basketball/Sports	Bitmasters	1-5
NCAA Football (USA)	NCAA Football	1994	Sports / Football (American)/Sports	The Software Toolworks	1-4
Nekketsu Tairiku - Burning Heroes (Japan)	Nekketsu Tairiku: Burning Heroes	1995	Role Playing Game	J-Force	1-2
Neugier - Umi to Kaze no Kodou (Japan)	Neugier : Umi to Kaze no Kodou	1993	Role Playing Game	Wolf Team	1
New 3D Golf Simulation - Harukanaru Augusta (Japan)	New 3D Golf Simulation : Harukanaru Augusta	1991	Sports / Golf/Sports	T&E Soft	1
New Horizons (USA)	Uncharted Waters 2 : New Horizons	1994	Adventure/Role Playing Game	Koei	1
New Yatterman - Nandai Kandai Yajirobee (Japan)	New Yatterman : Nandai Kandai Yajirobee	1996		Tom Create	1-2
Newman Haas IndyCar featuring Nigel Mansell (USA)	Newman Haas IndyCar featuring Nigel Mansell	1994	Racing, Driving	Acclaim Entertainment	1-2
NFL Football (USA)	NFL Football	1993	Sports / Football (American)/Sports	Konami	1-2
NFL Football Game (USA) (Proto)	NFL Football (Prototype)		Sports / Football (American)/Sports	Sculptured Software	
NFL Quarterback Club (USA)	NFL Quarterback Club	1994	Sports / Football (American)/Sports	Iguana Entertainment	1-5
NFL Quarterback Club 96 (USA)	NFL Quarterback Club 96	1995	Sports / Football (American)/Sports	Iguana Entertainment	1-5
NHL '94 (USA)	NHL '94	1993	Sports / Hockey/Sports	Electronic Arts	1-5
NHL 95 (USA)	NHL 95	1994	Sports / Hockey/Sports	High Score Productions	1-2
NHL 96 (USA)	NHL 96	1995	Sports / Hockey/Sports	High Score Productions	1-2
NHL 97 (USA)	NHL 97	1996	Sports / Hockey/Sports	Black Pearl Software	1-2
NHL 98 (USA)	NHL 98	1997	Sports / Hockey/Sports	EA Sports	1-2
NHL Stanley Cup (USA) (En,Fr)	NHL Stanley Cup	1993	Sports / Hockey/Sports	Sculptured Software	1-2
NHLPA Hockey 93 (USA)	NHLPA Hockey 93	1992	Sports / Hockey/Sports	Park Place Productions	1-2
Nice de Shot (Japan)	Nice de Shot	1994	Sports / Golf/Sports	Magical Company	1-4
Nichibutsu Arcade Classics (Japan)	Nichibutsu Arcade Classics	1995	Compilation	Syscom	1
Nichibutsu Arcade Classics 2 - Heiankyou Alien (Japan)	Nichibutsu Arcade Classics 2 : Heiankyou Alien	1995		Syscom	1-2
Nichibutsu Collection 1 (Japan)	Nichibutsu Collection 1	1996	Compilation	Nichibutsu	1
Nichibutsu Collection 2 (Japan)	Nichibutsu Collection 2	1996	Compilation/Asiatic board game	Nichibutsu	1
Nickelodeon GUTS (USA)	Nickelodeon GUTS	1994	Sports	Viacom New Media	1-2
Nigel Mansell's World Championship Racing (USA)	Nigel Mansell's World Championship Racing	1993	Racing, Driving	GameTek	1
Nightmare Busters (Europe) (Proto 3)	Nightmare Busters	2013	Platform	Arcade Zone	1-2
Ninja Gaiden Trilogy (USA)	Ninja Gaiden Trilogy	1995	Platform	Team Ninja	1
Ninjawarriors (USA)	Ninjawarriors	1994	Beat'em Up	Natsume	1
Nintama Rantarou (Japan)	Nintama Rantarou	1995		Culture Brain	1
Nintama Rantarou 2 (Japan)	Nintama Rantarou 2	1996		Culture Brain	1
Nintama Rantarou 3 (Japan)	Nintama Rantarou 3	1997		Culture Brain	1
Nintama Rantarou Special (Japan)	Nintama Rantarou Special	1996		Culture Brain	1
Nintendo Campus Challenge 1992 (USA, Europe) (Competition Cart)	Nintendo Campus Challenge 1992	1992	Platform	Nintendo	1
Nintendo Power Menu Program (Japan) (NP)	ZZZ(notgame):Nintendo Power Menu Program				
Nishijin Pachinko 3 (Japan)	Nishijin Pachinko 3	1996	Casino	Soft Machine	1
Nishijin Pachinko Monogatari (Japan)	Nishijin Pachinko Monogatari	1995	Casino	KSS	1
Nishijin Pachinko Monogatari 2 (Japan)	Nishijin Pachinko Monogatari 2	1996	Casino	Soft Machine	1
No Escape (USA)	No Escape	1994	Platform	Bits Studios	1
Nobunaga no Yabou - Haouden (Japan)	Nobunaga no Yabou : Haouden	1993	Strategy	Koei	1
Nobunaga no Yabou - Tenshouki (Japan)	Nobunaga no Yabou : Tenshouki	1996	Strategy	Koei	1
Nobunaga's Ambition (USA)	Nobunaga's Ambition	1993	Strategy	Koei	1
Nolan Ryan's Baseball (USA)	Nolan Ryan's Baseball	1992	Sports / Baseball/Sports	Romstar	1-2
Nomark Baku Haitou - Shijou Saikyou no Janshi-tachi (Japan)	Nomark Baku Haitou : Shijou Saikyou no Janshi-tachi	1995	Asiatic board game	Angel	1
Nontan to Issho - Kurukuru Puzzle (Japan)	Nontan to Issho : Kurukuru Puzzle	1994	Puzzle	Game Freak	1-2
Nosferatu (USA)	Nosferatu	1995	Platform	SETA	1
Noughts & Crosses (USA) (Possible Proto) (Nintendo Gateway System)	Noughts And Crosses	1998	Puzzle	DigiNin	1
NTF 2.5 Test Cartridge (USA) (Rev A)	ZZZ(notgame):#NONGAME				
Numbers Paradise (Japan)	Numbers Paradise	1996		ISCO	1
Obitus (USA)	Obitus	1994	Role Playing Game	Scenario Developments	1
Oda Nobunaga - Haou no Gundan (Japan)	Oda Nobunaga : Haou no Gundan	1993	Strategy	TOSE	1
Oekaki Logic (Japan) (NP)	Oekaki Logic	1999	Puzzle	Marigul	1
Oekaki Logic 2 (Japan) (NP)	Oekaki Logic 2	1999	Puzzle	Sekaibunka Publishing	1
Ogre Battle - The March of the Black Queen (USA)	Ogre Battle : The March of the Black Queen	1995	Role Playing Game/Strategy	Quest	1
Okamoto Ayako to Match Play Golf - Ko Olina Golf Club in Hawaii (Japan)	Okamoto Ayako to Match Play Golf : Ko Olina Golf Club in Hawaii	1994	Sports / Golf/Sports	C.P. Brain	1
Olivia no Mystery (Japan)	Olivia no Mystery	1994	Puzzle	Altron	1
Olympic Summer Games (USA)	Olympic Summer Games	1996	Sports / Multisports/Sports	Tiertex	1
On the Ball (USA)	On the Ball	1992	Puzzle	Taito	1
Ongaku Tsukuru Kanadeeru (Japan)	Ongaku Tsukuru Kanadeeru	1996	Music and Dancing	Success	1
Onizuka Katsuya Super Virtual Boxing - Shin Kentou Ou Densetsu (Japan)	Onizuka Katsuya Super Virtual Boxing : Shin Kentou Ou Densetsu	1993	Sports / Boxing/Sports	Sting Entertainment	1
Oonita Atsushi FMW (Japan)	Oonita Atsushi FMW	1993	Sports/Fighting	Marionette	1-2
Oozumou Spirits (Japan)	Oozumou Spirits	1992	Sports / Sumo/Sports/Fighting	Sun L	1-2
Operation Europe - Path to Victory 1939-45 (USA)	Operation Europe : Path to Victory 1939-45	1994	Strategy	Koei	1
Operation Logic Bomb - The Ultimate Search & Destroy (World) (Evercade)	Operation Logic Bomb : The Ultimate Search & Destroy	1993	Shooter	Jaleco	1
Operation Starfi5h (Europe)	Operation Starfi5h	1994	Platform	Millennium Interactive	1
Operation Thunderbolt (USA)	Operation Thunderbolt	1994	Lightgun Shooter	Taito	1-2
Oraga Land Shusai - Best Farmer Shuukakusai (Japan)	Oraga Land Shusai : Best Farmer Shuukakusai	1995		Graphic Research	1-2
Oscar (USA)	Oscar	1996	Platform	Flair Software	1-2
Ossu!! Karate-bu (Japan)	Ossu!! Karate-bu	1994	Fighting	Culture Brain	1-2
Othello World (Japan)	Othello World	1992	Othello/Board game/Asiatic board game	Dice	1-2
Otoboke Ninja Colosseum (Japan)	Otoboke Ninja Colosseum	1995	Action / Labyrinth/Action	Mint	1-4
Otogirisou (Japan)	Otogirisou	1992	Adventure	Chunsoft	1
Ou-chan no Oekaki Logic (Japan)	Ou-chan no Oekaki Logic	1995	Puzzle	GAME	1
Out of This World (USA)	Out of This World	1992	Adventure	Delphine Software International	1
Out to Lunch (USA)	Out to Lunch	1993	Platform	Mindscape	1-2
Outlander (USA)	Outlander	1993	Racing, Driving	Mindscape	1
P.T.O. - Pacific Theater of Operations (USA)	P.T.O. : Pacific Theater of Operations	1993	Strategy	Koei	1-2
P.T.O. II - Pacific Theater of Operations (USA)	P.T.O. II : Pacific Theater of Operations	1995	Simulation/Strategy	Koei	1-2
Pac-Attack (World) (Evercade)	Pac-Attack	1993	Puzzle	Namco	1-2
Pac-In-Time (USA)	Pac-In-Time	1995	Platform	Kalisto	1-2
Pac-Man 2 - The New Adventures (USA)	Pac-Man 2 : The New Adventures	1994	Adventure	Namco	1
Pachi-Slot Gambler (Japan)	Pachi-Slot Gambler	1994	Casino	Nichibutsu	1
Pachi-Slot Kanzen Kouryaku - Universal Shindai Nyuuka Volume 1 (Japan)	Pachi-Slot Kanzen Kouryaku : Universal Shindai Nyuuka Volume 1	1997	Casino	Syscom	1
Pachi-Slot Kenkyuu (Japan)	Pachi-Slot Kenkyuu	1994	Casino	Magical Company	1
Pachi-Slot Land - Pachipachi Coin no Densetsu (Japan)	Pachi-Slot Land : Pachipachi Coin no Densetsu	1994	Casino	Intellectual Software Consultants	1
Pachi-Slot Love Story (Japan)	Pachi-Slot Love Story	1993	Casino	Coconuts Japan	1
Pachi-Slot Monogatari - PAL Kougyou Special (Japan)	Pachi-Slot Monogatari : PAL Kougyou Special	1995	Casino	KAZe	1
Pachi-Slot Monogatari - Universal Special (Japan)	Pachi-Slot Monogatari : Universal Special	1994	Casino	KAZe	1
Pachinko Challenger (Japan)	Pachinko Challenger	1995	Casino	Carrozzeria	1
Pachinko Fan - Shouri Sengen (Japan)	Pachinko Fan : Shouri Sengen	1994	Casino	Pow	1
Pachinko Maruhi Hisshouhou (Japan)	Pachinko Maruhi Hisshouhou	1994	Casino	Jorudan	1-2
Pachinko Monogatari - Pachi-Slot mo Aru deyo!! (Japan)	Pachinko Monogatari : Pachi-Slot mo Aru deyo!!	1993	Casino	KAZe	1
Pachinko Monogatari 2 - Nagoya Shachihoko no Teiou (Japan)	Pachinko Monogatari 2 : Nagoya Shachihoko no Teiou	1995	Casino	KAZe	1
Pachinko Ren-chan Tengoku - Super CR Special (Japan)	Pachinko Ren-chan Tengoku : Super CR Special	1995	Casino	Jorudan	1-2
Pachinko Tetsujin - Nanaban Shoubu (Japan)	Pachinko Tetsujin : Nanaban Shoubu	1995	Casino	Graphic Research	1
Pachinko Wars (Japan)	Pachinko Wars	1992	Casino	OeRSTED	1
Pachinko Wars II (Japan)	Pachinko Wars II	1993	Casino	OeRSTED	1
Pachio-kun Special (Japan)	Pachio-kun Special	1992	Casino	Marionette	1
Pachio-kun Special 2 (Japan)	Pachio-kun Special 2	1994	Casino	Marionette	1
Pachio-kun Special 3 (Japan)	Pachio-kun Special 3	1995	Casino	Marionette	1
Packy & Marlon (USA) (En,Fr,Es)	Packy & Marlon	1995	Platform	WaveQuest	1-2
Pagemaster, The (USA)	The Pagemaster	1994	Platform	Probe Software	1
Paladin's Quest (USA)	Paladin's Quest	1993	Role Playing Game	Copya System	1
Panic in Nakayoshi World (Japan)	Panic in Nakayoshi World	1994	Action / Labyrinth/Action	Tom Create	1-2
Paperboy 2 (USA)	Paperboy 2	1991	Sports / Cycling/Sports	Tengen	1-2
Parlor! Mini - Pachinko Jikki Simulation Game (Japan)	Parlor! Mini : Pachinko Jikki Simulation Game	1996	Casino	Telenet	1
Parlor! Mini 2 - Pachinko Jikki Simulation Game (Japan)	Parlor! Mini 2 : Pachinko Jikki Simulation Game	1996	Casino	Telenet	1
Parlor! Mini 3 - Pachinko Jikki Simulation Game (Japan)	Parlor! Mini 3 : Pachinko Jikki Simulation Game	1996	Casino	Telenet	1
Parlor! Mini 4 - Pachinko Jikki Simulation Game (Japan)	Parlor! Mini 4 : Pachinko Jikki Simulation Game	1996	Casino	Telenet	1
Parlor! Mini 5 - Pachinko Jikki Simulation Game (Japan)	Parlor! Mini 5 : Pachinko Jikki Simulation Game	1997	Casino	Telenet	1
Parlor! Mini 6 - Pachinko Jikki Simulation Game (Japan)	Parlor! Mini 6 : Pachinko Jikki Simulation Game	1997	Casino	Telenet	1
Parlor! Mini 7 - Pachinko Jikki Simulation Game (Japan)	Parlor! Mini 7 : Pachinko Jikki Simulation Game	1997	Casino	Telenet	1
Parlor! Parlor! (Japan)	Parlor! Parlor!	1995	Casino	Telenet	1
Parlor! Parlor! 2 (Japan)	Parlor! Parlor! 2	1995	Casino	Telenet	1
Parlor! Parlor! 3 (Japan)	Parlor! Parlor! 3	1996	Casino	Telenet	1
Parlor! Parlor! 5 (Japan)	Parlor! Parlor! 5	1996	Casino	Telenet	1
Parlor! Parlor! IV CR (Japan)	Parlor! Parlor! IV CR	1995	Casino	Telenet	1
Parodius (Europe)	Parodius	1992	Shoot'em Up / Horizontal/Shoot'em Up	Konami	1-2
Peace Keepers, The (USA)	The Peace Keepers	1994	Beat'em Up	Jaleco	1-4
Pebble Beach no Hatou New - Tournament Edition (Japan)	Pebble Beach no Hatou New : Tournament Edition	1996	Sports / Golf/Sports	T&E Soft	1-4
PGA European Tour (USA)	PGA European Tour	1996	Sports / Golf/Sports	Halestorm	1-4
PGA Tour 96 (USA)	PGA Tour 96	1996	Sports / Golf/Sports	Black Pearl Software	1-4
PGA Tour Golf (USA)	PGA Tour Golf	1992	Sports / Golf/Sports	Sterling Silver Software	1-4
Phalanx (USA)	Phalanx	1992	Shoot'em Up / Horizontal/Shoot'em Up	Kemco	1
Phantom 2040 (USA)	Phantom 2040	1995	Platform	Viacom New Media	1
Picross NP Vol. 1 (Japan) (NP)	Picross NP Vol. 1	1999	Puzzle	Jupiter	1
Picross NP Vol. 2 (Japan) (NP)	Picross NP Vol. 2	1999	Puzzle	Jupiter	1
Picross NP Vol. 3 (Japan) (NP)	Picross NP Vol. 3	1999	Puzzle	Jupiter Multimedia	1-2
Picross NP Vol. 4 (Japan) (NP)	Picross NP Vol. 4	1999	Puzzle	Jupiter Multimedia	1-2
Picross NP Vol. 5 (Japan) (NP)	Picross NP Vol. 5	1999	Puzzle	Jupiter Multimedia	1-2
Picross NP Vol. 6 (Japan) (NP)	Picross NP Vol. 6	2000	Puzzle	Jupiter Multimedia	1-2
Picross NP Vol. 7 (Japan) (NP)	Picross NP Vol. 7	2000	Puzzle	Jupiter Multimedia	1-2
Picross NP Vol. 8 (Japan) (NP)	Picross NP Vol. 8	2000	Puzzle	Jupiter Multimedia	1-2
Pieces (USA)	Pieces	1994	Puzzle	Hori Electric	1-5
Pikiinya! (Japan)	Pikiinya!	1997	Puzzle	ASCII	1-2
Pilotwings (USA)	Pilotwings	1991	Simulation	Nintendo	1
Pinball Dreams (USA)	Pinball Dreams	1994	Pinball	Digital Illusions	1-8
Pinball Fantasies (USA)	Pinball Fantasies	1995	Pinball	Digital Illusions	1-8
Pink Goes to Hollywood (USA)	Pink Goes to Hollywood	1993	Platform	Manley & Associates	1
Pinkie (Europe) (Proto)	Pinkie	1995	Platform	Data Design	1
Pinocchio (USA)	Pinocchio	1996	Platform	Virgin Interactive	1
Pipe Dream (Japan)	Pipe Dream	1992	Puzzle	Distinctive Software	1
Pirates of Dark Water, The (USA)	The Pirates of Dark Water	1994	Beat'em Up	Sunsoft	1-2
Pit-Fighter (USA)	Pit-Fighter	1992	Fighting	Tengen	1
Pitfall - The Mayan Adventure (USA)	Pitfall : The Mayan Adventure	1994	Platform/Platform / Run & Jump	Redline Games	1
Plok (USA)	Plok	1993	Platform / Fighter Scrolling/Platform	Software Creations	1
Pocky & Rocky (USA)	Pocky & Rocky	1993	Shoot'em Up	Natsume	1-2
Pocky & Rocky 2 (USA)	Pocky & Rocky 2	1994	Shoot'em Up	Natsume	1-2
Pokonyan! - Henpokorin Adventure (Japan)	Pokonyan! : Henpokorin Adventure	1994	Platform	Toho Company	1
Pop'n TwinBee (Europe)	Pop'n TwinBee	1993	Shoot'em Up / Vertical/Shoot'em Up	Konami	1-2
Pop'n TwinBee - Rainbow Bell Adventures (Europe)	Pop'n TwinBee : Rainbow Bell Adventures	1994	Platform	Konami	1-2
Popeye - Ijiwaru Majo Sea Hag no Maki (Japan)	Popeye : Ijiwaru Majo Sea Hag no Maki	1994	Adventure/Platform	Tecmo	1
Popful Mail (Japan)	Popful Mail	1994	Role Playing Game	Nihon Falcom	1
Populous (USA)	Populous	1991	Strategy	Infinity	1
Populous II - Trials of the Olympian Gods (Europe)	Populous II : Trials of the Olympian Gods	1994	Strategy	Infinity	1
Porky Pig's Haunted Holiday (USA)	Porky Pig's Haunted Holiday	1995	Platform	Phoenix Interactive Entertainment	1
Power Drive (Europe) (En,Fr,De,Es,Pt)	Power Drive	1995	Racing, Driving	Rage Software	1-4
Power Instinct (USA)	Power Instinct	1994	Fighting	Atlus	1-2
Power Lode Runner (Japan) (NP)	Power Lode Runner	1999	Puzzle	Atelier Double	1
Power Moves (USA)	Power Moves	1993	Fighting	System Vision	1-2
Power of the Hired (Japan)	Power of the Hired	1994	Role Playing Game/Strategy	Nippon Computer Systems (NCS)	1
Power Piggs of the Dark Age (World) (Evercade)	Power Piggs of the Dark Age	1996	Platform	Radical Entertainment	1-2
Power Rangers Zeo - Battle Racers (USA)	Power Rangers Zeo : Battle Racers	1996	Racing, Driving	Natsume	1-2
Power Slide (Europe) (Proto)	Power Slide		Racing TPV/Racing, Driving	The 3DO Company	1
Power Soukoban (Japan)	Power Soukoban	1999	Puzzle	Atelier Double	1
PowerFest 94 (USA) (Competition Cart, 10k points)	Powerfest 94 - Super Mario Bros. - The Lost Levels	1994	Platform	Nintendo	1-2
PowerMonger (Europe)	PowerMonger	1993	Strategy	Bullfrog	1-2
Prehistorik Man (USA) (En,Fr,Es)	Prehistorik Man	1996	Platform	Titus	1
Primal Rage (USA)	Primal Rage	1995	Fighting	Bitmasters	1-2
Prime (USA) (Proto)	Prime		Beat'em Up	Malibu Interactive	1
Prince of Persia (USA)	Prince of Persia	1992	Platform	Arsys Software	1
Prince of Persia 2 (USA)	Prince of Persia 2	1996	Platform	Brøderbund Software	1
Princess Maker - Legend of Another World (Japan)	Princess Maker : Legend of Another World	1995	Simulation / Life/Role Playing Game/Simulation	Gainax	1
Princess Minerva (Japan)	Princess Minerva	1995	Role Playing Game	Riverhillsoft	1
Pro Kishi Jinsei Simulation - Shougi no Hanamichi (Japan)	Pro Kishi Jinsei Simulation : Shougi no Hanamichi	1996	Shougi/Asiatic board game	Access Games	1
Pro Mahjong Kiwame (Japan)	Pro Mahjong Kiwame	1993	Mahjong/Asiatic board game	Athena	1
Pro Mahjong Kiwame II (Japan)	Pro Mahjong Kiwame II	1994	Mahjong/Asiatic board game	Athena	1
Pro Mahjong Kiwame III (Japan)	Pro Mahjong Kiwame III	1995	Mahjong/Asiatic board game	Athena	1
Pro Mahjong Tsuwamono (Japan)	Pro Mahjong Tsuwamono	1997	Mahjong/Asiatic board game	Culture Brain	1
Pro Quarterback (USA)	Pro Quarterback	1992	Sports / Football (American)/Sports	Leland Interactive Media	1-2
Pro Sport Hockey (USA)	Pro Sport Hockey	1994	Sports / Hockey/Sports	Jaleco	1-2
Pro Yakyuu Nettou - Puzzle Stadium (Japan)	Pro Yakyuu Nettou Puzzle Stadium	1997	Puzzle / Fall/Puzzle	Coconuts Japan	1-2
Pro Yakyuu Star (Japan)	Pro Yakyuu Star	1997	Sports / Baseball/Sports	Culture Brain	1-2
Psycho Dream (Japan)	Psycho Dream	1992	Platform	Riot	1
Puggsy (USA) (Proto)	ZZZ(notgame):#NONGAME				
Push-Over (USA)	Push-Over	1992	Puzzle	Red Rat Software	1
Putty Squad (Europe)	Putty Squad	1994	Platform	System 3 Software	1-2
Puzzle Nintama Rantarou - Ninjutsu Gakuen Puzzle Taikai no Dan (Japan)	Puzzle Nintama Rantarou : Ninjutsu Gakuen Puzzle Taikai no Dan	1996	Puzzle	Culture Brain	1-2
Puzzle'n Desu! (Japan)	Puzzle'n Desu!	1995	Puzzle	Nichibutsu	1-4
Q-bert 3 (USA)	Q*bert 3	1992	Puzzle	Realtime Associates	1-2
Quik the Thunder Rabbit (Europe) (Proto)	Quik The Thunder Rabbit	1994	Platform	Stywox	1
R-Type III (USA)	R-Type III	1994	Shoot'em Up / Horizontal/Shoot'em Up	Jaleco	1-2
Race Drivin' (USA)	Race Drivin'	1992	Racing, Driving	Atari	1-2
Radical Psycho Machine Racing (USA)	Radical Psycho Machine Racing	1991	Racing, Driving	Silicon & Synapse	1-2
Radical Rex (World) (QUByte Classics)	Radical Rex	1994	Platform	Beam Software	1-2
Raiden Trad (USA)	Raiden Trad	1992	Shoot'em Up / Vertical/Shoot'em Up	Seibu Kaihatsu	1-2
Rally - The Final Round of the World Rally Championship (USA) (Proto)	Network Q Rally	1995	Racing, Driving	JVC	1
Rampart (USA)	Rampart	1992	Strategy	Bitmasters	1-2
Ranma 1-2 - Akanekodan Teki Hihou (Japan)	Ranma 1/2 : Akanekodan Teki Hihou	1993	Role Playing Game	Atelier Double	1
Ranma 1-2 - Chougi Ranbu Hen (Japan)	Ranma 1/2 : Chougi Ranbu Hen	1994	Fighting	Nippon Computer Systems (NCS)	1-2
Ranma 1-2 - Hard Battle (USA)	Ranma 1/2 : Hard Battle	1992	Fighting	Atelier Double	1-2
Ranma 1-2 - Ougi Jaanken (Japan)	Ranma 1/2 : Ougi Jaanken	1995	Puzzle	Rumic Soft	2
Rap Basketball (USA) (Proto)	Rap Basketball		Sports / Basketball/Sports	Bonsai Entertainment	1
RapJam - Volume One (USA) (En,Fr,Es)	Rap Jam : Volume One	1995	Sports / Basketball/Sports	64WD Creation S.A.R.L.	1-5
Rayman (Europe) (Proto)	Rayman	1995	Platform / Run & Jump Scrolling/Platform	Ludimedia SAS	1
Reactor (Europe) (Proto)	ZZZ(notgame):#NONGAME				
Realm (USA)	Realm	1996	Platform	Titus	1-4
Redline F-1 Racer (USA)	Redline F-1 Racer	1993	Racing, Driving	Genki	1
Rejoice - Aretha Oukoku no Kanata (Japan)	Rejoice : Aretha Oukoku no Kanata	1995	Role Playing Game	Japan Art Media	1-2
Relief Pitcher (USA)	Relief Pitcher	1994	Sports / Baseball/Sports	Tengen	1-2
Ren & Stimpy Show, The - Buckeroo$! (USA)	The Ren & Stimpy Show : Buckeroo$!	1995	Platform	Imagineer	1
Ren & Stimpy Show, The - Fire Dogs (USA)	The Ren & Stimpy Show : Fire Dogs	1994	Platform	Argonaut Software	1
Ren & Stimpy Show, The - Time Warp (USA)	The Ren & Stimpy Show : Time Warp	1994	Platform	Sculptured Software	1-2
Ren & Stimpy Show, The - Veediots! (USA)	The Ren & Stimpy Show : Veediots!	1993	Platform	Imagineer	1-2
Rendering Ranger R2 (USA) (Limited Run Games)	Targa	1995	Shoot'em Up	Rainbow Arts	1
Res Arcana - Diana Ray - Uranai no Meikyuu (Japan)	Res Arcana	1995	Playing cards	Marionette	1
Return of Double Dragon (World) (Evercade)	Super Double Dragon	1992	Beat'em Up	Tecmo	1-2
Revolution X (USA)	Revolution X	1995	Shooter / FPV/Shooter	Midway	1-2
Rex Ronan - Experimental Surgeon (USA) (En,Es)	Rex Ronan : Experimental Surgeon	1994	Educational	Sculptured Software	1-2
RHI Roller Hockey '95 (USA) (Proto)	RHI Roller Hockey '95	1993	Sports / Hockey/Sports	Radical Entertainment	1-2
Riddick Bowe Boxing (USA)	Riddick Bowe Boxing	1993	Sports / Boxing/Sports/Sports	Malibu Games	1-2
Rin Kaihou Kudan no Igo Taidou (Japan)	Rin Kaihou Kudan no Igo Taidou	1996	Go/Asiatic board game	ASK Kodansha	1
Ring ni Kakero (Japan) (NP)	Ring ni Kakero	1998	Sports / Boxing/Sports	Earthly Soft	1-2
Rise of the Phoenix (USA)	Rise of the Phoenix	1995	Strategy	Koei	1-2
Rise of the Robots (USA)	Rise of the Robots	1994	Fighting	Mirage Technologies	1-2
River City Girls Zero (World) (De) (Switch)	Shin Nekketsu Kouha : Kunio-tachi no Banka	1994	Beat'em Up	Technos Japan	1-2
Road Riot 4WD (USA)	Road Riot 4WD	1992	Racing, Driving	Equilibrium	1-2
Road Runner's Death Valley Rally (USA)	Road Runner's Death Valley Rally	1992	Platform	Sunsoft	1
RoboCop 3 (USA)	RoboCop 3	1992	Platform / Shooter Scrolling/Platform	Ocean	1
RoboCop Versus The Terminator (USA)	RoboCop versus The Terminator	1993	Platform / Fighter Scrolling/Platform	Interplay	1
Robotrek (USA)	Robotrek	1994	Role Playing Game	Quintet	1
Rock N' Roll Racing (USA)	Rock N' Roll Racing	1993	Racing, Driving	Silicon & Synapse	1-2
Rocketeer, The (USA)	The Rocketeer	1992	Shooter	NovaLogic	1
Rockman & Forte (Japan)	Rockman & Forte	1998	Platform	Capcom	1
Rocko's Modern Life - Spunky's Dangerous Day (USA)	Rocko's Modern Life : Spunky's Dangerous Day	1994	Platform	Viacom New Media	1
Rocky Rodent (USA)	Rocky Rodent	1993	Platform	Irem	1
Roger Clemens' MVP Baseball (USA)	Roger Clemens' MVP Baseball	1992	Sports / Baseball/Sports	Sculptured Software	1-2
Rokudenashi Blues - Taiketsu! Tokyo Shitennou (Japan)	Rokudenashi Blues : Taiketsu! Tokyo Shitennou	1994	Adventure/Fighting	TOSE	1
Romance of the Three Kingdoms II (USA)	Romance of the Three Kingdoms II	1992	Strategy	Koei	1-4
Romance of the Three Kingdoms III - Dragon of Destiny (USA)	Romance of the Three Kingdoms III : Dragon of Destiny	1992	Strategy	Koei	1
Romance of the Three Kingdoms IV - Wall of Fire (USA)	Romance of the Three Kingdoms IV : Wall of Fire	1995	Strategy	Koei	1
Romancing Sa-Ga (Japan)	Romancing Sa-Ga	1992	Role Playing Game	Square	1
Romancing Sa-Ga 2 (Japan)	Romancing Sa-Ga 2	1993	Role Playing Game	Square	1
Romancing Sa-Ga 3 (Japan)	Romancing Sa-Ga 3	1995	Role Playing Game	Square	1
RPG Tsukuru - Super Dante (Japan)	RPG Tsukuru : Super Dante	1995	Role Playing Game	Kuusou Kagaku	1
RPG Tsukuru 2 (Japan)	RPG Tsukuru 2	1996	Role Playing Game	Kuusou Kagaku	1
Rudra no Hihou (Japan)	Rudra no Hihou	1996	Role Playing Game	Square	1-2
Ruin Arm (Japan)	Ruin Arm	1995	Role Playing Game	Plex	1-2
Run Saber (USA)	Run Saber	1993	Platform	Horisoft	1-2
Rushing Beat (World) (Evercade)	Rival Turf!	1992	Beat'em Up	Jaleco	1-2
Ryuukiheidan Dunzarv (Japan)	Ryuu Kihei Dan Danzarubu	1993	Role Playing Game	Pandora Box	1
Ryuuko no Ken 2 (Japan)	Ryuuko no Ken 2	1994	Fighting	Saurus	1-2
S.O.S - Sink or Swim (USA)	S.O.S : Sink or Swim	1996	Puzzle	Zeppelin Games	1
SA1 Demonstration Program (World) (Tech Demo)	ZZZ(notgame):#NONGAME				
Saibara Rieko no Mahjong Hourouki (Japan)	Saibara Rieko no Mahjong Hourouki	1995	Mahjong/Asiatic board game	Natsume	1
Saikousoku Shikou Shougi Mahjong (Japan)	Saikousoku Shikou Shougi Mahjong	1995	Shougi/Asiatic board game	Varie	1
Saikyou - Takada Nobuhiko (Japan)	Saikyou : Takada Nobuhiko	1995	Fighting	Dual	1-2
Sakurai Shouichi no Jankiryuu Mahjong Hisshouhou (Japan)	Sakurai Shouichi no Jankiryuu Mahjong Hisshouhou	1995	Mahjong/Asiatic board game	J-Force	1-2
Same Game (Japan)	Same Game	1996	Puzzle	Hudson Soft	1-2
Samsara Naga 2 (Japan)	Samsara Naga 2	1994	Role Playing Game	Marvelous Interactive	1
Samurai Shodown (USA)	Samurai Shodown	1994	Fighting/Fighting / 2D	SNK	1-2
Sangokushi Eiketsuden (Japan)	Sangokushi Eiketsuden	1995	Role Playing Game/Strategy	Koei	1
Sangokushi Seishi - Tenbu Spirits (Japan)	Sangokushi Seishi : Tenbu Spirits	1993	Strategy	Wolf Team	1
Sankyo Fever! Fever! - Pachinko Jikki Simulation Game (Japan)	Sankyo Fever! Fever!	1994	Casino	Telenet	1
Sanrio Shanghai (Japan)	Sanrio Shanghai	1994	Mahjong/Puzzle/Asiatic board game	SAS Sakata	1-2
Sanrio World Smash Ball! (Japan)	Sanrio World Smash Ball!	1993	Action / Breakout games/Action	Tomcat System	1-2
Sanspo Fishing - Keiryuu Ou (Japan)	Sanspo Fishing : Keiryuu Ou	1994	Fishing/Hunting and Fishing	Lenar	1
Saturday Night Slam Masters (USA)	Saturday Night Slam Masters	1994	Sports/Fighting	Capcom	1-4
Scooby-Doo Mystery (USA)	Scooby-Doo Mystery	1995	Adventure	Sunsoft	1-4
SD F-1 Grand Prix (Japan)	SD F-1 Grand Prix	1995	Racing, Driving	Video System	1-2
SD Gundam - Power Formation Puzzle (Japan)	SD Gundam : Power Formation Puzzle	1996	Puzzle	Tom Create	1
SD Gundam G Next (Japan)	SD Gundam G Next	1995	Strategy	Japan Art Media	1
SD Gundam Gaiden - Knight Gundam Monogatari - Ooinaru Isan (Japan)	SD Gundam Gaiden : Knight Gundam Monogatari, Ooinaru Isan	1991	Role Playing Game	TOSE	1
SD Gundam Gaiden 2 - Entaku no Kishi (Japan)	SD Gundam Gaiden 2 : Entaku no Kishi	1992	Role Playing Game	TOSE	1
SD Gundam GX (Japan)	SD Gundam GX	1994	Strategy	BEC	1
SD Hiryuu no Ken (Japan)	SD Hiryuu no Ken	1994	Fighting	Culture Brain	1-2
SD Kidou Senshi Gundam - V Sakusen Shidou (Japan)	SD Kidou Senshi Gundam : V Sakusen Shidou	1992	Shoot'em Up / Horizontal/Shoot'em Up	TOSE	1-2
SD Kidou Senshi Gundam 2 (Japan)	SD Kidou Senshi Gundam 2	1993	Shoot'em Up / Horizontal/Shoot'em Up	TOSE	1-2
SD The Great Battle - Aratanaru Chousen (Japan)	SD The Great Battle : Aratanaru Chousen	1990	Shooter		1
seaQuest DSV (USA)	SeaQuest DSV	1995	Shooter	Malibu Games	1
Secret of Evermore (USA)	Secret of Evermore	1995	Role Playing Game	Squaresoft	1
Secret of Mana (USA)	Secret of Mana	1993	Role Playing Game	Square	1-3
Seifuku Densetsu - Pretty Fighter (Japan)	Seifuku Densetsu Pretty Fighter	1994	Fighting	Genki	1-2
Seijuu Maden Beasts & Blades (Japan)	Seijuu Maden Beasts & Blades	1995	Role Playing Game/Strategy	Bullet Proof Software	1
Seiken Densetsu 3 (Japan)	Seiken Densetsu 3	1995	Action RPG/Role Playing Game	Square	1-3
Sengoku Denshou (Japan)	Sengoku Denshou	1993	Beat'em Up	Data East	1-2
Sengoku no Hasha - Tenkafubu e no Michi (Japan)	Sengoku no Hasha : Tenkafubu e no Michi	1995	Strategy	Bits Laboratory	1
Sgt. Saunders' Combat! (Japan)	Sgt. Saunders' Combat!	1995	Strategy	Play Avenue	1
Shadow, The (USA) (Proto 2)	The Shadow	1994	Beat'em Up	Ocean	1
Shadowhawk (USA) (Proto)	Shadowhawk		Platform	ShadowLine	1
Shadowrun (USA)	Shadowrun	1993	Role Playing Game	Data East	1
Shanghai - Banri no Choujou (Japan)	Shanghai : Banri no Choujou	1995	Mahjong/Asiatic board game	Kuusou Kagaku	1-2
Shanghai II - Dragon's Eye (USA)	Shanghai II : Dragon's Eye	1993	Mahjong/Asiatic board game	Hot-B	1-2
Shanghai III (Japan)	Shanghai III	1994	Mahjong/Asiatic board game	Kuusou Kagaku	1-2
Shaq-Fu (USA)	Shaq Fu	1994	Fighting	Delphine Software International	1-2
Shichuusuimei-gaku Nyuumon - Shin Tougenkyou (Japan)	Shichuusuimeigaku Nyuumon : Shin Tougenkyou	1995	Strategy/Simulation		1
Shien's Revenge (USA)	Shien's Revenge	1994	Lightgun Shooter	Tokai Engineering	1
Shijou Saikyou League Serie A - Ace Striker (Japan)	Shijou Saikyou League Serie A : Ace Striker	1995	Sports / Football (Soccer)/Sports	TNN	1-2
Shijou Saikyou no Quiz Ou Ketteisen Super (Japan)	Shijou Saikyou no Quiz Ou Ketteisen Super	1992	Quiz	ISCO	1-8
Shiki Eiyuuden (Japan)	Shiki Eiyuu Den : Jinryuu Densetsu	1995	Role Playing Game	Outrigger Koubou	1
Shimono Masaki no Fishing to Bassing (Japan)	Shimono Masaki no Fishing to Bassing	1994	Fishing/Hunting and Fishing	Natsume	1
Shin Ikkakusenkin (Japan)	Shin Ikkakusenkin	1995	Casino	Jorudan	1-5
Shin Kidou Senki Gundam W - Endless Duel (Japan)	Shin Kidou Senki Gundam W : Endless Duel	1996	Fighting / 2D/Fighting	Natsume	1-2
Shin Mahjong (Japan)	Shin Mahjong	1994	Mahjong/Asiatic board game	Konami	1
Shin Megami Tensei (Japan)	Shin Megami Tensei	1992	Role Playing Game	Atlus	1
Shin Megami Tensei if... (Japan)	Shin Megami Tensei if...	1994	Dungeon Crawler RPG/Role Playing Game	Atlus	1
Shin Megami Tensei II (Japan)	Shin Megami Tensei II	1994	Role Playing Game	Atlus	1
Shin Momotarou Densetsu (Japan)	Shin Momotarou Densetsu	1993	Role Playing Game	Hudson Soft	1
Shin Nihon Pro Wrestling - Chou Senshi in Tokyo Dome - Fantastic Story (Japan)	Shin Nihon Pro Wrestling : Chou Senshi in Tokyo Dome, Fantastic Story	1993	Sports/Fighting	Varie	1-2
Shin Nihon Pro Wrestling Kounin - '94 Battlefield in Tokyo Dome (Japan)	Shin Nihon Pro Wrestling Kounin : '94 Battlefield in Tokyo Dome	1994	Sports/Fighting	Varie	1-2
Shin Nihon Pro Wrestling Kounin - '95 Tokyo Dome Battle 7 (Japan)	Shin Nihon Pro Wrestling Kounin : '95 Tokyo Dome Battle 7	1995	Sports/Fighting	Varie	1-4
Shin SD Sengokuden - Daishougun Retsuden (Japan)	Shin SD Sengokuden : Daishougun Retsuden	1995	Role Playing Game/Strategy	BEC	1
Shin Shougi Club (Japan)	Shin Shougi Club	1995	Shougi/Asiatic board game	Natsu System	1
Shinchou Kouki (Japan)	Nobunaga Kouki	1993	Strategy	Bit Town	1
Shinri Game 2, The - Magical Trip (Japan)	The Shinri Game 2 : Magical Trip	1995	Quiz	Visit	1
Shinri Game 3, The (Japan)	The Shinri Game 3	1995		Ukiyotei	1
Shinri Game, The - Akuma no Kokoroji (Japan)	The Shinri Game : Akuma no Kokoroji	1993	Various	Visit	1-2
Shinseiki Odysselya (Japan)	Shinseiki Odysselya	1993	Role Playing Game	Tokai Engineering	1-2
Shinseiki Odysselya II (Japan)	Shinseiki Odysselya II	1995	Role Playing Game	Tokai Engineering	1-2
Shinzui Taikyoku Igo - Go Sennin (Japan)	Shinzui Taikyoku Igo : Go Sennin	1995	Go/Asiatic board game	Jorudan	1-2
Shiroi Ring e - Twinkle Little Star (Japan)	Shiroi Ring e : Twinkle Little Star	1995	Sports/Fighting	Opera House	1
Shockman Zero (USA, Europe) (Retro-Bit)	Kaizou Choujin Shubibinman Zero	1997	Platform / Fighter Scrolling/Platform	Masaya Games	1-2
Shodai Nekketsu Kouha Kunio-kun (Japan)	Shodai Nekketsu Kouha Kunio-kun	1992	Beat'em Up	Technos Japan	1-2
Shodan Morita Shougi (Japan)	Shodan Morita Shougi	1991	Shougi/Asiatic board game	SETA	1
Shodani Nintei - Shodan Pro Mahjong (Japan)	Shodani Nintei : Shodan Pro Mahjong	1995	Mahjong/Asiatic board game	Khaos	1
Shooter (USA) (Proto)	Shooter		Shooter / Horizontal/Shooter	Punk Development	1-2
Shougi Fuurinkazan (Japan)	Shougi Fuurinkazan	1993	Shougi/Asiatic board game	Pony Canyon	1
Shougi Saikyou (Japan)	Shogi Saikyou	1995	Shougi/Asiatic board game	Magical Company	1
Shougi Saikyou II - Jissen Taikyoku Hen (Japan)	Shogi Saikyou II: Jissen Taikyoku Hen	1996	Shougi/Asiatic board game	Magical Company	1
Shougi Zanmai (Japan)	Shougi Zanmai	1995	Shougi/Asiatic board game	Virgin	1-4
Shounen Ashibe - Goma-chan no Yuuenchi Daibouken (Japan)	Shounen Ashibe : Goma-chan no Yuuenchi Daibouken	1992	Platform	Nova Games	1
Shounin yo, Taishi o Idake!! (Japan)	Shounin yo, Taishi o Idake!!	1995	Board game	Aim Software	1-4
Shuushoku Game (Japan)	Shuushoku Game	1995	Adventure	Lenar	1
Sid Meier's Civilization (USA)	Sid Meier's Civilization	1995	Build And Management/Simulation	MicroProse	1
Side Pocket (World) (Evercade)	Side Pocket	1993	Sports / Pool/Sports	Data East	1-2
Silva Saga II - The Legend of Light and Darkness (Japan)	Silva Saga II : The Legend of Light and Darkness	1993	Role Playing Game	SETA	1
SimAnt - The Electronic Ant Colony (USA)	Sim Ant: The Electronic Ant Colony	1993	Strategy	Maxis Software	1
SimCity (USA)	SimCity	1991	Build And Management/Simulation	Maxis Software	1
SimCity 2000 - The Ultimate City Simulator (USA)	SimCity 2000 : The Ultimate City Simulator	1996	Build And Management/Simulation	Maxis Software	1
SimCity Jr. (Japan)	SimCity Jr.	1996	Build And Management/Simulation	Imagineer	1
SimEarth - The Living Planet (USA)	SimEarth : The Living Planet	1993	Build And Management/Simulation	Maxis Software	1
Simpsons, The - Bart's Nightmare (USA)	The Simpsons : Bart's Nightmare	1992	Platform	Sculptured Software	1
Simulation Pro Yakyuu (Japan)	Simulation Pro Yakyuu	1995	Sports / Baseball/Sports	HectorSoft	1-2
Skuljagger - Revolt of the Westicans (World) (Evercade)	Skuljagger : Revolt of the Westicans	1992	Platform	American Game Cartridges	1-2
Skyblazer (USA)	Skyblazer	1994	Platform	Ukiyotei	1
Slayers (Japan)	Slayers	1994	Role Playing Game	BEC	1
Sleep (Japan) (En) (Proto)	ZZZ(notgame):#NONGAME				
Smart Ball (USA)	Smart Ball	1992	Platform	Game Freak	1
Smash Tennis (Europe)	Smash Tennis	1993	Sports / Tennis/Sports	Namco	1-4
Smurfs Travel the World, The (Europe) (En,Fr,De,Es)	The Smurfs Travel the World	1996	Platform	Virtual Studio	1
Smurfs, The (Europe) (En,Fr,De,Es,It)	The Smurfs	1994	Platform	Bit Managers	1
Snoopy Concert (Japan)	Snoopy Concert	1995	Adventure	Pax Softnica	1
Snow White in Happily Ever After (USA)	Snow White in Happily Ever After	1994	Platform	Imagitec Design	1
SNSP Aging Ver 1.02 (Japan) (En)	ZZZ(notgame):#NONGAME				
Soccer Kid (World) (En,Fr,De,Es,It) (GOG)	The Adventures of Kid Kleets	1994	Platform	Yanoman Games	1
Solid Runner (Japan)	Solid Runner	1997	Role Playing Game	ASCII	1
Song Master (Japan)	Song Master	1992	Role Playing Game	Japan Art Media	1
Sonic Blast Man (USA)	Sonic Blast Man	1993	Beat'em Up	Disco	1
Sonic Blast Man II (USA)	Sonic Blast Man II	1994	Beat'em Up	ITL	1-2
Soreyuke Ebisumaru Karakuri Meiro - Kieta Goemon no Nazo!! (Japan)	Soreyuke Ebisumaru Karakuri Meiro : Kieta Goemon no Nazo!!	1996	Puzzle	Konami	1-2
SOS (USA)	SOS	1994	Adventure	Human Entertainment	1
Sotsugyou Bangai Hen - Nee Mahjong Shiyo! (Japan)	Sotsugyou Bangai Hen : Nee Mahjong Shiyo!	1994	Mahjong/Asiatic board game	KSS	1
Sougou Kakutougi - Astral Bout (Japan)	Sougou Kakutougi : Astral Bout	1992	Fighting	A Wave Inc	1-2
Sougou Kakutougi - Astral Bout 2 - The Total Fighters (Japan)	Sougou Kakutougi : Astral Bout 2, The Total Fighters	1994	Sports/Fighting	A Wave Inc	1-2
Sougou Kakutougi Rings - Astral Bout 3 (Japan)	Sougou Kakutougi Rings : Astral Bout 3	1995	Sports/Fighting	A Wave Inc	1-2
Soukou Kihei Votoms - The Battling Road (Japan)	Soukou Kihei Votoms : The Battling Road	1993		Genki	1-2
Soul & Sword (Japan)	Soul & Sword	1993	Role Playing Game	Pandora Box	1
Soul Blazer (USA)	Soul Blazer	1992	Role Playing Game	Quintet	1
Sound Factory (Japan) (En) (Proto)	ZZZ(notgame):#NONGAME				
Sound Novel Tsukuru (Japan)	Sound Novel Tsukuru	1996	Adventure	Success	1
Space Ace (USA)	Space Ace	1994	Platform	Oxford Digital Enterprises	1
Space Football - One on One (USA)	Space Football : One on One	1992	Sports	Triffix	1-2
Space Invaders (USA)	Space Invaders	1997	Shooter / Space Invaders Like/Shoot'em Up / Vertical/Shoot'em Up/Shooter	Taito	1-2
Space Megaforce (USA)	Space Megaforce	1992	Shoot'em Up / Vertical/Shoot'em Up	Compile	1
Spanky's Quest (USA)	Spanky's Quest	1992	Platform	Natsume	1
Spark World (Japan)	Spark World	1995		Den'Z	1-4
Sparkster (USA)	Sparkster	1994	Platform	Konami	1
Special Tee Shot (USA) (Proto)	Special Tee Shot	1999	Sports / Golf/Sports	HAL Laboratory	1-2
Spectre (USA)	Spectre	1994	Shooter	Velocity	1-2
Speed Racer (USA)	Speed Racer in My Most Dangerous Adventures	1992	Racing, Driving	Radical Entertainment	1-2
Speedy Gonzales - Los Gatos Bandidos (USA)	Speedy Gonzales : Los Gatos Bandidos	1995	Platform	Sunsoft	1
SpellCraft - Aspects of Valor (USA) (Proto 2)	SpellCraft : Aspects of Valor	1993	Adventure	ASCII	1
Spider-Man (USA)	Spider-Man	1995	Platform	Western Technologies	1
Spider-Man - Venom - Maximum Carnage (USA)	Spider-Man & Venom : Maximum Carnage	1994	Beat'em Up	Software Creations	1
Spider-Man - X-Men - Arcade's Revenge (USA)	Spider-Man & X-Men : Arcade's Revenge	1992	Platform	Software Creations	1
Spindizzy Worlds (USA)	Spindizzy Worlds	1993	Puzzle	ASCII	1
Spirou (Europe) (En,Fr,De,Es)	Spirou	1996	Platform	Infogrames	1
Sporting News, The - Baseball (USA)	The Sporting News Baseball	1995	Sports / Baseball/Sports	Hudson Soft	1-4
Sports Illustrated - Championship Football & Baseball (USA)	Sports Illustrated Championship Football & Baseball	1994	Sports / Football (American)/Sports / Baseball/Sports	Malibu Games	1-4
Spot Goes to Hollywood (USA) (Proto 2)	Spot Goes To Hollywood	1995	Adventure		1
Spriggan Powered (Japan)	Spriggan Powered	1996	Shoot'em Up	Micronics	1
Sprinter Monogatari - Mezase!! Ikkakusenkin (Japan)	Sprinter Monogatari : Mezase!! Ikkakusenkin	1995	Sports / Cycling/Sports	Vap	1
Squaresoft Mode 7 Demo (USA) (Tech Demo)	ZZZ(notgame):#NONGAME				
St. Andrews - Eikou to Rekishi no Old Course (Japan)	St. Andrews : Eikou to Rekishi no Old Course	1995	Sports	Epoch	1-2
ST010 (Japan, USA) (Enhancement Chip)	ZZZ(notgame):#NONGAME				
ST011 (Japan) (Enhancement Chip)	ZZZ(notgame):#NONGAME				
ST018 (Japan) (Enhancement Chip)	ZZZ(notgame):#NONGAME				
Stable Star - Kyuusha Monogatari (Japan)	Stable Star : Kyuusha Monogatari	1996	Sports with animals/Horse racing	KCEO	1
Star Fox (USA)	Star Fox	1993	Shoot'em Up	Nintendo	1
Star Fox 2 (USA, Europe) (Classic Mini, Switch Online)	Star Fox 2	2017	Shooter / TPV/Strategy/Shooter	Nintendo EAD	1-2
Star Ocean (Japan)	Star Ocean	1996	Role Playing Game/Japanese RPG	Tri-Ace	1
Star Trek - Deep Space Nine - Crossroads of Time (USA)	Star Trek, Deep Space Nine : Crossroads of Time	1995	Adventure	Novotrade	1
Star Trek - Starfleet Academy - Starship Bridge Simulator (USA)	Star Trek : Starfleet Academy - Starship Bridge Simulator	1994	Simulation / SciFi/Simulation	Interplay	1
Star Trek - The Next Generation - Future's Past (USA)	Star Trek : The Next Generation - Future's Past	1994	Adventure	Spectrum Holobyte	1
Stardust Suplex (Japan)	Stardust Suplex	1995	Sports/Fighting	Varie	1-4
Stargate (USA)	Stargate	1995	Platform	Probe Software	1
Stealth (Japan)	Stealth	1992	Strategy	Axes Art Amuse	1
Steel Talons (USA)	Steel Talons	1993	Shoot'em Up/Simulation	Atari	1-2
Sterling Sharpe - End 2 End (USA)	Sterling Sharpe : End 2 End	1995	Sports / Football (American)/Sports	TOSE	1-5
Steven Seagal Is The Final Option (USA) (Proto)	Steven Seagal Is The Final Option	1995	Beat'em Up	RSP	1-2
Stone Protectors (World) (Steam)	Stone Protectors	1994	Beat'em Up	Eurocom	1-2
Street Combat (USA)	Street Combat	1993	Fighting	Nippon Computer Systems (NCS)	1-2
Street Fighter Alpha 2 (USA)	Street Fighter Alpha 2	1996	Fighting	Capcom	1-2
Street Fighter II (USA)	Street Fighter II	1992	Fighting	Capcom	1-2
Street Fighter II Turbo (USA)	Street Fighter II Turbo	1993	Fighting	Capcom	1-2
Street Racer (World) (GOG)	Street Racer	1994	Racing, Driving	Vivid Image	1-4
Street Sports - Jammit (USA)	Street Sports : Jammit	1994	Sports / Basketball/Sports	GTE Entertainment	1-2
Street Sports - Street Hockey '95 (USA)	Street Sports : Street Hockey '95	1994	Sports / Hockey/Sports	GTE Entertainment	1-4
Strike Gunner S.T.G (USA)	Strike Gunner S.T.G	1992	Shoot'em Up / Vertical/Shoot'em Up	Athena	1-2
Stunt Race FX (Europe)	Stunt Race FX	1994	Racing, Driving	Argonaut Software	1-2
SuFami Turbo (Japan)	ZZZ(notgame):#NONGAME				
Sugoi Hebereke (Japan)	Sugoi Hebereke	1994	Fighting	Sunsoft	1-4
Sugoro Quest++ - Dicenics (Japan)	Sugoro Quest++ : Dicenics	1994	Board game	Technos Japan	1-4
Sugoroku Ginga Senki (Japan)	Sugoroku Ginga Senki	1996	Board game	Bottom Up Interactive	1-2
Sunset Riders (USA)	Sunset Riders	1993	Shooter / Run and Gun/Shooter	Konami	1-2
Supapoon (Japan)	Supapoon	1995		Now Production	1
Supapoon DX (Japan)	Supapoon DX	1996		Now Production	1-2
Super Adventure Island (USA)	Super Adventure Island	1992	Platform	Hudson Soft	1
Super Adventure Island II (USA)	Super Adventure Island II	1995	Platform	Hudson Soft	1
Super Air Diver 2 (Japan) (En)	Super Air Diver 2	1995	Simulation	Copya System	1-2
Super Alfred Chicken (USA)	Super Alfred Chicken	1994	Platform	Twilight Games	1-2
Super Aquatic Games Starring the Aquabats, The (USA)	The Super Aquatic Games Starring the Aquabats	1993	Sports / Multisports/Sports	Millennium Interactive	1-4
Super Back to the Future Part II (Japan)	Super Back to the Future Part II	1993	Platform	Daft	1
Super Baken Ou '95 (Japan)	Super Baken Ou '95	1995	Sports with animals/Horse racing	Copya System	1
Super Baseball 2020 (USA)	Super Baseball 2020	1993	Sports / Baseball/Sports	Monolith	1-2
Super Baseball Simulator 1.000 (USA)	Super Baseball Simulator 1.000	1991	Sports / Baseball/Sports	Culture Brain	1-2
Super Bases Loaded (USA)	Super Bases Loaded	1991	Sports / Baseball/Sports	TOSE	1-2
Super Bases Loaded 2 (USA)	Super Bases Loaded 2	1994	Sports / Baseball/Sports	Jaleco	1-2
Super Bases Loaded 3 - License to Steal (USA)	Super Bases Loaded 3 : License to Steal	1995	Sports / Baseball/Sports	Jaleco	1-2
Super Batter Up (USA)	Super Batter Up	1992	Sports / Baseball/Sports	Namco	1-2
Super Battleship (USA)	Super Battleship	1993	Board game/Strategy	Mindscape	1-2
Super Battletank 2 (USA)	Super Battletank 2	1994	Simulation	Absolute Entertainment	1-2
Super Bikkuriman (Japan)	Super Bikkuriman	1993	Fighting	Tom Create	1-2
Super Birdie Rush (Japan)	Super Birdie Rush	1992	Sports / Golf/Sports	Data East	1-2
Super Black Bass (USA)	Super Black Bass	1992	Fishing/Hunting and Fishing/Sports	Hot-B	1
Super Black Bass 3 (Japan)	Super Black Bass 3	1995	Fishing/Hunting and Fishing	Starfish	1
Super Bomberman (USA)	Super Bomberman	1993	Action / Labyrinth/Action	Hudson Soft	1-4
Super Bomberman - Panic Bomber World (Japan)	Super Bomber Man : Panic Bomber W	1995	Puzzle / Fall/Puzzle	Raizing	1-2
Super Bomberman 2 (USA)	Super Bomberman 2	1994	Action / Labyrinth/Action	Hudson Soft	1-4
Super Bomberman 3 (Europe)	Super Bomberman 3	1995	Action / Labyrinth/Action	Hudson Soft	1-5
Super Bomberman 4 (Japan)	Super Bomber Man 4	1996	Action / Labyrinth/Action	Hudson Soft	1-5
Super Bomberman 5 (Japan)	Super Bomber Man 5	1997	Action / Labyrinth/Action	Hudson Soft	1-5
Super Bombliss (Japan) (En)	Super Bombliss	1995	Puzzle / Fall/Puzzle	TOSE	1-2
Super Bonk (USA)	Super Bonk	1994	Platform	Hudson Soft	1
Super Bowling (USA)	Super Bowling	1992	Sports / Bowling/Sports	Athena	1-4
Super Buster Bros. (USA)	Super Buster Bros.	1992	Shooter	Capcom	1
Super Caesars Palace (USA)	Super Caesars Palace	1993	Casino/Playing cards	Illusion Softworks	1
Super Casino 2 (Japan)	Super Casino 2	1994	Casino	OeRSTED	1-4
Super Castles (Japan)	Super Castles	1994	Strategy	Victor Interactive Software	1
Super Castlevania IV (USA)	Super Castlevania IV	1991	Platform	Konami	1
Super Chase H.Q. (USA)	Super Chase H.Q.	1993	Racing, Driving	Taito	1
Super Chinese Fighter (Japan)	Super Chinese Fighter	1995	Fighting	Culture Brain	1-2
Super Chinese World 2 - Uchuuichi Butou Taikai (Japan)	Super Chinese World 2 : Uchuuichi Butou Taikai	1993	Role Playing Game	Culture Brain	1-2
Super Chinese World 3 - Chou Jigen Daisakusen (Japan)	Super Chinese World 3 : Chou Jigen Daisakusen	1995	Role Playing Game	Culture Brain	1-2
Super Conflict (USA)	Super Conflict	1993	Strategy	Tokai Engineering	1-2
Super Dany (France)	Super Dany	1994	Platform	Cryo Interactive	1
Super Donkey (Japan) (En) (Proto 2)	Donkey Kong Country	1994	Platform/Platform / Run & Jump	Rareware	1-2
Super Double Yakuman (Japan)	Super Double Yakuman	1994	Asiatic board game	Vap	1-4
Super Double Yakuman II (Japan)	Super Double Yakuman II	1997	Asiatic board game	Vap	1-4
Super Drift Out (Japan) (En)	Super Drift Out : World Rally Championships	1995	Racing, Driving	Dragnet	1
Super Dunk Star (Japan) (En)	Super Dunk Star	1993	Sports / Basketball/Sports	C-Lab	1-2
Super F1 Circus (Japan)	Super F1 Circus	1992	Racing, Driving	Cream	1
Super F1 Circus 2 (Japan)	Super F1 Circus 2	1993	Racing, Driving	Cream	1
Super F1 Circus 3 (Japan)	Super F1 Circus 3	1994	Racing, Driving	Cream	1-4
Super F1 Circus Gaiden (Japan)	Super F1 Circus Gaiden	1995	Racing, Driving	Cream	1-2
Super F1 Circus Limited (Japan)	Super F1 Circus Limited	1992	Racing, Driving	Cream	1
Super Famicom Box 4S Attraction (Japan)	ZZZ(notgame):#NONGAME				
Super Famicom Wars (Japan) (NP)	Super Famicom Wars	1998	Strategy	Intelligent Systems	1-2
Super Family Circuit (Japan)	Super Family Circuit	1994	Racing, Driving	GAME	1
Super Family Gelaende (Japan) (NP)	Super Family Gelaende	1998	Sports / Skiing/Sports	Namco	1
Super Famista 2 (Japan)	Super Famista 2	1993	Sports / Baseball/Sports	Namco	1-2
Super Famista 3 (Japan)	Super Famista 3	1994	Sports / Baseball/Sports	Namco	1-2
Super Famista 4 (Japan)	Super Famista 4	1995	Sports / Baseball/Sports	Namco	1-2
Super Famista 5 (Japan)	Super Famista 5	1996	Sports / Baseball/Sports	Namco	1-4
Super Final Match Tennis (Japan)	Super Final Match Tennis	1994	Sports / Tennis/Sports	Human Entertainment	1-4
Super Fire Pro Wrestling (Japan)	Super Fire Pro Wrestling	1991	Sports / Wrestling/Sports/Fighting	Human Club	1-2
Super Fire Pro Wrestling - Queen's Special (Japan)	Super Fire Pro Wrestling : Queen's Special	1995	Sports / Wrestling/Fighting/Sports	Human Club	1-4
Super Fire Pro Wrestling 2 (Japan)	Super Fire Pro Wrestling 2	1992	Sports / Wrestling/Fighting/Sports	Human Club	1-4
Super Fire Pro Wrestling 3 (Japan) (Auto Demo)	Super Fire Pro Wrestling III : Final Bout	1993	Sports / Wrestling/Fighting/Sports	Human Club	1-8
Super Fire Pro Wrestling III - Easy Type (Japan)	Super Fire Pro Wrestling III : Easy Type	1994	Sports / Wrestling/Fighting/Sports	Human Club	1-8
Super Fire Pro Wrestling Special (Japan)	Super Fire Pro Wrestling Special	1994	Sports / Wrestling/Sports/Fighting	Human Club	1-4
Super Fire Pro Wrestling X (Japan)	Super Fire Pro Wrestling X	1995	Sports / Wrestling/Sports	Human Entertainment	1-4
Super Fire Pro Wrestling X Premium (Japan)	Super Fire Pro Wrestling X Premium	1996	Sports / Wrestling/Fighting/Sports	Human Entertainment	1-4
Super Fishing Bigfight (Japan)	Super Fishing Big Fight	1994	Fishing/Hunting and Fishing	Geo Factory	1
Super Formation Soccer 94 - World Cup Edition (Japan)	Super Formation Soccer 94 : World Cup Edition	1994	Sports / Football (Soccer)/Sports	Human Entertainment	1-4
Super Formation Soccer 94 - World Cup Final Data (Japan)	Super Formation Soccer 94 : World Cup Final Data	1994	Sports / Football (Soccer)/Sports	Human Entertainment	1-4
Super Formation Soccer 95 - della Serie A (Japan)	Super Formation Soccer 95 della Serie A	1995	Sports	Human Entertainment	1-4
Super Formation Soccer 96 - World Club Edition (Japan)	Super Formation Soccer 96 : World Club Edition	1996	Sports	Human Entertainment	1-4
Super Formation Soccer II (Japan)	Super Formation Soccer II	1993	Sports	Human Entertainment	1-4
Super Full Metal Planet (Europe) (En,It) (Proto 2)	ZZZ(notgame):#NONGAME				
Super Gachapon World - SD Gundam X (Japan)	Super Gachapon World : SD Gundam X	1992	Strategy	BEC	1
Super Game Boy (Japan, USA) (En)	ZZZ(notgame):#NONGAME				
Super Game Boy 2 (Japan)	ZZZ(notgame):#NONGAME				
Super Game Boy 2 SGB2-CPU (Japan) (Enhancement Chip)	ZZZ(notgame):#NONGAME				
Super Game Boy SGB-CPU (World) (Enhancement Chip)	ZZZ(notgame):#NONGAME				
Super Genjin 2 (Japan)	Super Genjin 2	1995	Platform	Hudson Soft	1
Super Ghouls 'N Ghosts (USA)	Super Ghouls'n Ghosts	1991	Platform / Fighter Scrolling/Platform	Capcom	1
Super Goal! 2 (World) (Evercade)	Super Goal! 2	1994	Sports / Football (Soccer)/Sports	TOSE	1-2
Super Godzilla (USA)	Super Godzilla	1994	Fighting/Strategy	Advance Communication Company	1
Super Gomoku Narabe - Renju (Japan)	Super Gomoku Narabe : Renju	1994	Renju/Asiatic board game	Naxat Soft	1-2
Super Gomoku Shougi - Jouseki Kenkyuu Hen (Japan)	Super Gomoku Shougi : Jouseki Kenkyuu Hen	1994	Shougi/Asiatic board game	Nichibutsu	1-2
Super Gussun Oyoyo (Japan)	Super Gussun Oyoyo	1995	Puzzle	Kan's	1-2
Super Gussun Oyoyo 2 (Japan)	Super Gussun Oyoyo 2	1996	Puzzle	Kan's	1-2
Super Hanafuda (Japan)	Super Hanafuda	1994	Hanafuda/Asiatic board game	Use Corporation	1
Super Hanafuda 2 (Japan)	Super Hanafuda 2	1995	Hanafuda/Asiatic board game	Use Corporation	1-2
Super High Impact (USA)	Super High Impact	1993	Sports / Football (American)/Sports	Midway	1-2
Super Honmei - GI Seiha (Japan)	Super Honmei : GI Seiha	1994	Sports with animals/Horse racing	Nichibutsu	1
Super Ice Hockey (Europe)	Super Ice Hockey	1994	Sports / Hockey/Sports	Opera House	1-4
Super Igo - Go Ou (Japan)	Super Igo : Go Ou	1994	Go/Asiatic board game	Naxat Soft	1
Super Indy Champ (Japan)	Super Indy Champ	1994	Racing, Driving	Open System	1
Super International Cricket (Europe)	Super International Cricket	1994	Sports	Beam Software	1-2
Super James Pond (USA)	Super James Pond	1991	Platform	Vectordean	1
Super Jangou (Japan)	Super Jangou	1995	Asiatic board game	Victor Interactive Software	1
Super Jinsei Game (Japan)	Super Jinsei Game	1994	Board game	Geo Factory	1-4
Super Jinsei Game 2 (Japan)	Super Jinsei Game 2	1995	Board game	Kindle Imagine Develop	1-4
Super Jinsei Game 3 (Japan)	Super Jinsei Game 3	1996	Board game	Kindle Imagine Develop	1-4
Super Keiba (Japan)	Super Keiba	1993	Sports with animals/Horse racing	I'Max	1
Super Keiba 2 (Japan)	Super Keiba 2	1995	Sports with animals/Horse racing	Tomcat System	1
Super Keirin (Japan)	Super Keirin	1995	Sports	Betop	1-4
Super Koukou Yakyuu - Ikkyuu Nyuukon (Japan)	Super Koukou Yakyuu : Ikkyuu Nyuukon	1994	Sports / Baseball/Sports	I'Max	1-2
Super Kyousouba - Kaze no Sylphid (Japan)	Super Kyousouba : Kaze no Sylphid	1993	Sports with animals/Horse racing	King Records	1-4
Super Kyoutei (Japan)	Super Kyoutei	1995	Sports/Racing, Driving	Nichibutsu	1
Super Kyoutei 2 (Japan)	Super Kyoutei 2	1996	Sports/Racing, Driving	Nichibutsu	1
Super Kyuukyoku Harikiri Stadium (Japan)	Super Kyuukyoku Harikiri Stadium	1993	Sports / Baseball/Sports	Taito	1-2
Super Kyuukyoku Harikiri Stadium 2 (Japan)	Super Kyuukyoku Harikiri Stadium 2	1994	Sports / Baseball/Sports	Now Production	1-2
Super Loopz (Japan) (En)	Super Loopz	1994	Puzzle	Graffiti	1-2
Super Mad Champ (Japan)	Super Mad Champ	1995	Racing, Driving	Givro	1
Super Mahjong (Japan)	Super Mahjong	1992	Mahjong/Asiatic board game	I'Max	1
Super Mahjong 2 - Honkaku 4-nin Uchi! (Japan)	Super Mahjong 2 : Honkaku 4-nin Uchi!	1993	Mahjong/Asiatic board game	I'Max	1
Super Mahjong 3 - Karakuchi (Japan)	Super Mahjong 3 : Karakuchi	1994	Mahjong/Asiatic board game	I'Max	1
Super Mahjong Taikai (Japan)	Super Mahjong Taikai	1992	Mahjong/Asiatic board game	Koei	1
Super Mario All-Stars (USA)	Super Mario All-Stars	1993	Platform/Compilation	Nintendo	1-2
Super Mario All-Stars + Super Mario World (USA)	Super Mario All-Stars + Super Mario World	1994	Compilation/Platform/Platform / Run & Jump Scrolling	Nintendo	1-2
Super Mario Kart (USA)	Super Mario Kart	1992	Racing TPV/Racing, Driving	Nintendo	1-2
Super Mario RPG - Legend of the Seven Stars (USA)	Super Mario RPG : Legend of the Seven Stars	1996	Role Playing Game	Square	1
Super Mario World (USA)	Super Mario World	1991	Platform / Run & Jump/Platform	Nintendo	1-2
Super Mario World 2 - Yoshi's Island (USA)	Super Mario World 2 : Yoshi's Island	1995	Platform	Nintendo	1
Super Metroid (Japan, USA) (En,Ja)	Super Metroid	1994	Platform	Nintendo	1
Super Momotarou Dentetsu DX (Japan)	Super Momotarou Dentetsu DX	1995	Board game	Make	1-4
Super Momotarou Dentetsu II (Japan)	Super Momotarou Dentetsu II	1992	Board game	Make	1-4
Super Momotarou Dentetsu III (Japan)	Super Momotarou Dentetsu III	1994	Board game	Make	1-2
Super Morph (Europe)	Super Morph	1993	Platform	Millenium Interactive	1
Super Naxat Open - Golf de Shoubu da Dorabocchan (Japan)	Super Naxat Open : Golf de Shoubu da Dorabocchan	1994	Sports / Golf/Sports	Kuusou Kagaku	1
Super Nazo Puyo - Rulue no Roux (Japan)	Super Nazo Puyo : Rulue no Roux	1995	Puzzle / Fall/Puzzle/Role Playing Game	Compile	1
Super Nazo Puyo Tsuu - Rulue no Tetsuwan Hanjouki (Japan)	Super Nazo Puyo Tsuu : Rulue no Tetsuwan Hanjouki	1996	Puzzle / Fall/Puzzle/Role Playing Game	Compile	1
Super NES Control Deck Tester (Japan) (En) (Rev 1)	ZZZ(notgame):#NONGAME				
Super Nichibutsu Mahjong (Japan)	Super Nichibutsu Mahjong	1992	Mahjong/Asiatic board game	Nichibutsu	1
Super Nichibutsu Mahjong 2 - Zenkoku Seiha Hen (Japan)	Super Nichibutsu Mahjong 2 : Zenkoku Seiha Hen	1993	Mahjong/Asiatic board game	Nichibutsu	1-4
Super Nichibutsu Mahjong 3 - Yoshimoto Gekijou Hen (Japan)	Super Nichibutsu Mahjong 3 : Yoshimoto Gekijou Hen	1994	Mahjong/Asiatic board game	Nichibutsu	1
Super Nichibutsu Mahjong 4 - Kisokenkyuu Hen (Japan)	Super Nichibutsu Mahjong 4 : Kisokenkyuu Hen	1996	Mahjong/Asiatic board game	Nichibutsu	1-4
Super Ninja Boy (USA)	Super Ninja Boy	1993	Role Playing Game	Culture Brain	1-2
Super Ninja-kun (Japan)	Super Ninja-kun	1994	Platform	Jaleco	1-2
Super Nova (USA)	Super Nova	1993	Shoot'em Up / Horizontal/Shoot'em Up	Taito	1
Super Off Road (USA)	Super Off Road	1991	Racing TPV/Racing, Driving	Tradewest	1-2
Super Off Road - The Baja (USA)	Super Off Road : The Baja	1993	Racing TPV/Racing, Driving	Leland Interactive Media	1-2
Super Okumanchouja Game (Japan)	Super Okumanchouja Game	1995	Casino/Board game	Takara	1-4
Super Oozumou - Nessen Ooichiban (Japan)	Super Oozumou : Nessen Ooichiban	1992	Sports / Sumo/Sports/Fighting	Namco	1-2
Super Pachi-Slot Mahjong (Japan)	Super Pachi-Slot Mahjong	1994	Mahjong/Casino/Asiatic board game	Syscom	1
Super Pachinko Taisen (Japan)	Super Pachinko Taisen	1995	Casino	Banpresto	1-2
Super Pinball - Behind the Mask (USA)	Super Pinball : Behind the Mask	1994	Pinball	KAZe	1-4
Super Pinball II - The Amazing Odyssey (Japan)	Super Pinball II : The Amazing Odyssey	1995	Pinball	KAZe	1-4
Super Play Action Football (USA)	Super Play Action Football	1992	Sports / Football (American)/Sports	Nintendo	1-2
Super Power League (Japan)	Super Power League	1993	Sports / Baseball/Sports	Now Production	1-4
Super Power League 2 (Japan)	Super Power League 2	1994	Sports / Baseball/Sports	Now Production	1-4
Super Power League 3 (Japan)	Super Power League 3	1995	Sports / Baseball/Sports	Now Production	1-4
Super Power League 4 (Japan)	Super Power League 4	1996	Sports / Baseball/Sports	Now Production	1-4
Super Professional Baseball II (Japan)	Super Professional Baseball II	1992	Sports / Baseball/Sports	TOSE	1-2
Super Punch-Out!! (USA)	Super Punch-Out!!	1994	Sports / Boxing/Sports	Nintendo	1
Super Putty (USA)	Super Putty	1993	Platform	U.S. Gold	1-2
Super Puyo Puyo Tsuu (Japan)	Super Puyo Puyo Tsuu	1995	Puzzle / Fall/Puzzle	Compile	1-4
Super Puyo Puyo Tsuu Remix (Japan)	Super Puyo Puyo Tsuu Remix	1996	Puzzle / Fall/Puzzle	Compile	1-4
Super R-Type (USA)	Super R-Type	1991	Shoot'em Up / Horizontal/Shoot'em Up	Irem	1
Super R.B.I. Baseball (USA)	Super R.B.I. Baseball	1995	Sports / Baseball/Sports	Gray Matter	1-2
Super Real Mahjong PIV (Japan)	Super Real Mahjong PIV	1994	Adults/Mahjong/Asiatic board game	Affect	1
Super Real Mahjong PV Paradise - All-Star 4-nin Uchi (Japan)	Super Real Mahjong PV Paradise : All-Star 4-nin Uchi	1995	Mahjong/Asiatic board game	SETA	1
Super Robot Taisen EX (Japan)	Super Robot Taisen EX	1994	Role Playing Game/Strategy	Banpresto	1
Super Robot Taisen Gaiden - Masoukishin - The Lord of Elemental (Japan)	Super Robot Taisen Gaiden : Masou Kishin, The Lord of Elemental	1996	Role Playing Game/Strategy	Banpresto	1
Super Rugby (Japan)	Super Rugby	1994	Sports / Rugby/Sports	TOSE	1-2
Super Sangokushi (Japan)	Super Sangokushi	1994	Strategy	Koei	1
Super Scope 6 (USA)	Super Scope 6	1992	Lightgun Shooter	Nintendo	1
Super Shadow of the Beast (USA) (Proto)	Super Shadow of the Beast		Platform	Psygnosis	1
Super Shougi (Japan)	Super Shougi	1992	Shougi/Asiatic board game	I'Max	1-2
Super Shougi 2 (Japan)	Super Shogi 2	1994	Shougi/Asiatic board game	I'Max	1
Super Shougi 3 - Kitaihei (Japan)	Super Shogi 3 : Kitaihei	1995	Shougi/Asiatic board game	Gaibrain	1-4
Super Slam Dunk (USA)	Super Slam Dunk	1993	Sports / Basketball/Sports	Park Place Productions	1-2
Super Slap Shot (USA)	Super Slap Shot	1993	Sports / Hockey/Sports	Ringler	1-2
Super Smash T.V. (USA)	Super Smash T.V.	1992	Shooter / Run and Gun/Shoot'em Up/Shooter	Williams	1-2
Super Soccer (USA)	Super Soccer	1992	Sports/Sports / Football (Soccer)	Human Entertainment	1-2
Super Soccer Champ (USA)	Super Soccer Champ	1992	Sports / Football (Soccer)/Sports	Taito	1-2
Super Solitaire (USA) (En,Fr,De,Es,It)	Super Solitaire	1994	Playing cards	Beam Software	1
Super Soukoban (Japan)	Super Soukoban	1993	Puzzle	Pack In Video	1-2
Super Star Wars (USA)	Super Star Wars	1992	Platform	Sculptured Software	1
Super Star Wars - Return of the Jedi (USA)	Super Star Wars : Return of the Jedi	1994	Platform	Sculptured Software	1
Super Star Wars - The Empire Strikes Back (USA)	Super Star Wars : The Empire Strikes Back	1993	Platform	Sculptured Software	1
Super Street Fighter II (USA)	Super Street Fighter II	1994	Fighting	Capcom	1-2
Super Strike Eagle (USA)	Super Strike Eagle	1993	Simulation	Asmik	1
Super Tekkyuu Fight! (Japan)	Super Tekkyuu Fight!	1995	Action / Labyrinth/Action	Metro 3D	1-4
Super Tennis (USA)	Super Tennis	1991	Sports / Tennis/Sports	Tokyo Shoseki	1-2
Super Tetris 2 + Bombliss (Japan) (En)	Super Tetris 2 + Bombliss	1992	Compilation/Puzzle / Fall/Puzzle	TOSE	1-2
Super Tetris 2 + Bombliss Gentei Ban (Japan) (En)	Super Tetris 2 + Bombliss: Genteiban	1994	Puzzle / Fall/Puzzle	TOSE	1-2
Super Tetris 3 (Japan) (En)	Super Tetris 3	1994	Puzzle / Fall/Puzzle	TOSE	1-4
Super Troll Islands (USA)	Super Troll Islands	1994	Platform	Millennium Interactive	1
Super Trump Collection (Japan)	Super Trump Collection	1995	Playing cards/Casino	Bottom Up Interactive	1
Super Trump Collection 2 (Japan)	Super Trump Collection 2	1996	Playing cards/Casino	Bottom Up Interactive	1-4
Super Tsumeshougi 1000 (Japan)	Super Tsumeshougi 1000	1994	Shougi/Asiatic board game	Bottom Up Interactive	1
Super Turrican (USA)	Super Turrican	1993	Platform / Shooter Scrolling/Platform	Factor 5	1
Super Turrican 2 (USA)	Super Turrican 2	1995	Platform / Shooter Scrolling/Platform	Ocean	1
Super Turrican Collection (USA) (Strictly Limited Games)	Super Turrican Collection	2026		Factor 5	1
Super Ultra Baseball 2 (Japan)	Super Baseball Simulator 1.000 2	1994	Sports / Baseball/Sports	Culture Brain	1-2
Super Uno (Japan)	Super Uno	1993	Playing cards	Tomy	1-2
Super Valis IV (USA)	Super Valis IV	1993	Platform	Telenet	1
Super Variable Geo (Japan)	Super Variable Geo	1995	Fighting / Versus/Fighting	Technic(TGL) Technical Group Laboratory	1-2
Super Wagyan Land (Japan)	Super Wagyan Land	1991	Platform	Nova Games	1
Super Wagyan Land 2 (Japan)	Super Wagyan Land 2	1993	Platform	Nova Games	1-2
Super Widget (USA)	Super Widget	1993	Platform	Atlus	1
Super Wrestle Angels (Japan)	Super Wrestle Angels	1994	Sports / Wrestling/Sports/Fighting	Imagineer	1-2
Super Yakyuudou (Japan)	Super Yakyuudou	1996	Sports / Baseball/Simulation/Sports	Nippon Create	1
Super Zugan - Hakotenjou kara no Shoutaijou (Japan)	Super Zugan : Hakotenjou kara no Shoutaijou	1994	Casino/Asiatic board game	Electronic Arts	1
Super Zugan 2 - Tsukanpo Fighter (Japan)	Super Zugan 2 : Tsukanpo Fighter	1994	Casino/Asiatic board game	J-Wing	1
Super!! Pachinko (Japan)	Super!! Pachinko	1994	Casino	Betop	1
Superman (USA) (Auto Demo)	The Death and Return of Superman	1994	Beat'em Up	Blizzard Entertainment	1
Sutobasu Yarou Show (Japan)	Sutobasu Yarou Show: 3 On 3 Basketball	1994	Sports / Basketball/Sports / Baseball/Sports	Kindle Imagine Develop	1
Sutte Hakkun (Japan)	Sutte Hakkun	1998	Platform/Puzzle	Nintendo	1
Suzuka 8 Hours (USA)	Suzuka 8 Hours	1994	Racing, Driving	Namco	1-2
SWAT Kats - The Radical Squadron (USA)	SWAT Kats : The Radical Squadron	1995	Platform	Hudson Soft	1
Sword World SFC (Japan)	Sword World SFC	1993	Role Playing Game	T&E Soft	1
Sword World SFC 2 - Inishie no Kyojin Densetsu (Japan)	Sword World SFC 2 : Inishie no Kyojin Densetsu	1994	Role Playing Game	T&E Soft	1
Sylvester and Tweety (USA) (Proto 2)	Sylvester and Tweety	1995	Adventure	Visual Concepts	1
Syndicate (USA)	Syndicate	1995	Strategy	Bullfrog	1-4
Syvalion (Europe)	Syvalion	1993	Shoot'em Up / Horizontal/Shoot'em Up	Taito	1
T2 - The Arcade Game (USA)	T2 : The Arcade Game	1994	Lightgun Shooter	Ocean	1-2
Table Game Daishuugou!! (Japan)	Table Game Daishuugou!!	1996	Asiatic board game	Varie	1
Tactical Soccer (Japan)	Tactical Soccer	1995	Strategy/Sports	Electronic Arts	1
Tactics Ogre - Let Us Cling Together (Japan)	Tactics Ogre : Let Us Cling Together	1995	Role Playing Game/Strategy	Quest	1-2
Tadaima Yuusha Boshuuchuu Okawari (Japan)	Tadaima Yuusha Boshuuchuu Okawari	1994	Board game	Human Entertainment	1-4
Taekwon-Do (Japan) (Ja,Ko)	Taekwon-Do	1994	Fighting	Human Entertainment	1-2
Taikou Risshiden (Japan)	Taikou Risshiden	1993	Tactical RPG/Strategy/Role Playing Game	Koei	1
Taikyoku Igo - Goliath (Japan)	Taikyoku Igo : Goliath	1993	Go/Asiatic board game	Bullet Proof Software	1-2
Taikyoku Igo - Idaten (Japan)	Taikyoku Igo : Idaten	1995	Go/Asiatic board game	Bullet Proof Software	1-2
Take Yutaka GI Memory (Japan)	Take Yutaka GI Memory	1995	Sports with animals/Horse racing	Gaps	1
Takeda Nobuhiro no Super League Soccer (Japan)	Takeda Nobuhiro no Super League Soccer	1994	Sports / Football (Soccer)/Sports	TOSE	1-4
Takemiya Masaki Kudan no Igo Taishou (Japan)	Takemiya Masaki Kudan no Igo Taishou	1995	Go/Asiatic board game	KSS	1
Tales of Phantasia (Japan)	Tales of Phantasia	1995	Role Playing Game	Wolf Team	1-2
Tamagotch Town (Japan) (NP)	Tamagotch Town	1999	Simulation	Marigul	1
Tarot Mystery (Japan)	Tarot Mystery	1995	Playing cards	Ukiyotei	1
Tarzan - Lord of the Jungle (USA) (Proto)	Tarzan : Lord of the Jungle	1993	Action / Adventure/Action	Manley & Associates	1
Taz-Mania (USA)	Taz-Mania	1993	Platform	Visual Concepts	1-2
Tecmo Secret of the Stars (USA)	Tecmo Secret of the Stars	1995	Role Playing Game	Tecmo	1-3
Tecmo Super Baseball (USA)	Tecmo Super Baseball	1994	Sports / Baseball/Sports	Tecmo	1-2
Tecmo Super Bowl (USA)	Tecmo Super Bowl	1993	Sports / Football (American)/Sports	Tecmo	1-2
Tecmo Super Bowl II - Special Edition (USA)	Tecmo Super Bowl II : Special Edition	1995	Sports / Football (American)/Sports	Tecmo	1-2
Tecmo Super Bowl III - Final Edition (USA)	Tecmo Super Bowl III : Final Edition	1995	Sports / Football (American)/Sports	Tecmo	1-2
Tecmo Super NBA Basketball (USA) (SNS-NA)	Tecmo Super NBA Basketball	1993	Sports / Basketball/Sports	Tecmo	1-2
Teenage Mutant Ninja Turtles - Tournament Fighters (USA)	Teenage Mutant Ninja Turtles : Tournament Fighters	1993	Fighting	Konami	1-2
Teenage Mutant Ninja Turtles IV - Turtles in Time (USA)	Teenage Mutant Ninja Turtles IV : Turtles in Time	1992	Beat'em Up	Konami	1-2
Tekichuu Keiba Juku (Japan)	Tekichuu Keiba Juku	1996	Sports with animals/Horse racing	Banpresto	1-4
Tenchi Muyou! - Game Hen (Japan)	Tenchi Muyou! : Game Hen	1995	Role Playing Game/Strategy	TamTam	1-2
Tenchi o Kurau - Sangokushi Gunyuuden (Japan)	Tenchi o Kurau : Sangokushi Gunyuuden	1995	Strategy	Capcom	1
Tengai Makyou Zero (Japan)	Tengai Makyou Zero	1995	Role Playing Game	Red Company Corporation	1
Tenshi no Uta - Shiroki Tsubasa no Inori (Japan)	Tenshi no Uta : Shiroki Tsubasa no Inori	1994	Role Playing Game	Telenet	1
Terminator 2 - Judgment Day (USA)	Terminator 2 : Judgment Day	1993	Platform	Bits Studios	1
Terminator, The (USA)	The Terminator	1993	Platform	Gray Matter	1
Terranigma (Europe)	Terranigma	1996	Role Playing Game	Quintet	1
Tetris & Dr. Mario (USA)	Tetris & Dr. Mario	1994	Puzzle / Fall/Puzzle/Compilation	Nintendo	1-2
Tetris 2 (USA)	Tetris 2	1994	Puzzle / Fall/Puzzle	Nintendo	1-2
Tetris Attack (USA) (En,Ja)	Tetris Attack	1996	Puzzle / Fall/Puzzle	Intelligent Systems	1-2
Tetris Battle Gaiden (Japan)	Tetris Battle Gaiden	1993	Puzzle / Fall/Puzzle	Bullet Proof Software	1-2
Tetsuwan Atom (Japan)	Tetsuwan Atom	1994	Platform	Minato Giken	1
Theme Park (Europe) (En,Fr,De)	Theme Park	1996	Build And Management/Simulation	Bullfrog	1
Thomas the Tank Engine & Friends (USA)	Thomas the Tank Engine & Friends	1993	Racing, Driving	Software Creations	1
Thoroughbred Breeder (Japan)	Thoroughbred Breeder	1993	Sports with animals/Horse racing	HectorSoft	1
Thoroughbred Breeder II (Japan)	Thoroughbred Breeder II	1994	Sports with animals/Horse racing	HectorSoft	1
Thoroughbred Breeder III (Japan)	Thoroughbred Breeder III	1996	Sports with animals/Horse racing	HectorSoft	1
Thunder Spirits (USA)	Thunder Spirits	1992	Shoot'em Up	Technosoft	1
Tick, The (USA)	The Tick	1994	Beat'em Up	Software Creations	1
Time Trax (USA)	Time Trax	1994	Platform	Malibu Games	1
Timecop (USA)	Timecop	1995	Platform	JVC	1
Timeslip (USA)	Time Slip	1993	Platform	Sales Curve	1
Timon & Pumbaa's Jungle Games (USA)	Timon & Pumbaa's Jungle Games	1997	Casual Game	Tiertex	1-2
Tin Star (USA)	Tin Star	1994	Lightgun Shooter	Software Creations	1
Tinhead (World) (Piko Interactive)	Tinhead	2019	Platform	MicroProse	1
Tintin - Prisoners of the Sun (Europe) (En,Fr,De,Es)	Tintin : Prisoners of the Sun	1996	Platform	Infogrames	1
Tintin in Tibet (Europe) (En,Fr,De,Nl)	Tintin in Tibet	1995	Platform	Infogrames	1
Tiny Toon Adventures - Buster Busts Loose! (USA)	Tiny Toon Adventures : Buster Busts Loose!	1993	Platform	Konami	1
Tiny Toon Adventures - Wacky Sports Challenge (USA)	Tiny Toon Adventures : Wacky Sports Challenge	1994	Sports / Multisports/Sports	Konami	1-4
Titus the Fox (Europe) (Proto)	ZZZ(notgame):#NONGAME				
TKO Super Championship Boxing (USA)	TKO Super Championship Boxing	1992	Sports / Boxing/Fighting/Sports	Sting Entertainment	1-2
TNN Bass Tournament of Champions (USA)	TNN Bass Tournament of Champions	1994	Fishing/Hunting and Fishing	American Softworks	1-4
Todd McFarlane's Spawn - The Video Game (USA)	Todd McFarlane's Spawn : The Video Game	1995	Platform	Ukiyotei	1
Tokimeki Memorial - Densetsu no Ki no Shita de (Japan)	Tokimeki Memorial : Densetsu no Ki no Shita de	1996	Adventure/Simulation	KCEO	1
Tokoro's Mahjong (Japan)	Tokoro's Mahjong	1994	Mahjong/Asiatic board game	Syscom	1
Tom and Jerry (USA)	Tom and Jerry	1993	Platform	Riedel Software	1-2
Tom vs Jerry - The Chase Is On! (Europe) (Proto 2)	Tom vs Jerry : The Chase Is On!	1995	Action / Adventure/Action	Software Creations	1
Tommy Moe's Winter Extreme - Skiing and Snowboarding (USA)	Tommy Moe's Winter Extreme : Skiing and Snowboarding	1994	Sports / Skiing/Sports	Mindscape	1-2
Tony Meola's Sidekicks Soccer (USA)	Tony Meola's Sidekicks Soccer	1993	Sports / Football (Soccer)/Sports	Sculptured Software	1-2
Top Gear 3000 (USA)	Top Gear 3000	1995	Racing, Driving	Kemco	1-4
Top Management II (Japan)	Top Management II	1994	Build And Management/Simulation/Strategy	Koei	1-4
Top Racer (World) (Piko Interactive)	Top Gear	1992	Racing, Driving	Kemco	1-2
Top Racer 2 (World) (Piko Interactive)	Top Gear 2	1993	Racing, Driving	Gremlin Graphics Software	1-2
Toride (Japan)	Toride	1994	Puzzle	Metro 3D	1-2
Torneko no Daibouken - Fushigi no Dungeon (Japan)	Torneko no Daibouken : Fushigi no Dungeon	1993	Role Playing Game	Chunsoft	1
Total Carnage (USA)	Total Carnage	1993	Shooter / Run and Gun/Shooter	Midway	1-2
Total Football (Europe) (En,Fr,De) (Proto)	Total Football	1995	Sports / Football (Soccer)/Sports	Domark	1-5
Tottemo! Lucky Man - Lucky Cookie Roulette de Totsugekii (Japan)	Tottemo! Lucky Man : Lucky Cookie Roulette de Totsugekii	1995	Casino / Roulette/Role Playing Game/Casino	Tom Create	1
Touge Densetsu - Saisoku Battle (Japan)	Touge Densetsu : Saisoku Battle	1996	Racing, Driving	Lenar	1-2
Tower Dream (Japan)	Tower Dream	1996	Board game	C-Lab	1-4
Toy Story (USA)	Toy Story	1995	Platform	Buena Vista Interactive	1
Toys - Let the Toy Wars begin! (USA)	Toys : Let the Toy Wars begin!	1993	Adventure	Imagineer	1-2
Traverse - Starlight & Prairie (Japan)	Traverse : Starlight & Prairie	1996	Role Playing Game	Pandora Box	1
Treasure Hunter G (Japan)	Treasure Hunter G	1996	Role Playing Game/Strategy	Sting Entertainment	1-2
Trinea (Japan)	Trinea	1993		Japan Art Media	1
Troddlers (USA)	Troddlers	1993	Thinking	Sales Curve	1-2
Troy Aikman NFL Football (USA)	Troy Aikman NFL Football	1994	Sports / Football (American)/Sports	Williams	1-2
True Golf Classics - Pebble Beach Golf Links (USA)	True Golf Classics : Pebble Beach Golf Links	1992	Sports / Golf/Sports	T&E Soft	1-4
True Golf Classics - Waialae Country Club (USA)	True Golf Classics : Waialae Country Club	1991	Sports / Golf/Sports	T&E Soft	1-4
True Golf Classics - Wicked 18 (USA)	True Golf Classics : Wicked 18	1993	Sports / Golf/Sports	T&E Soft	1-4
True Lies (USA)	True Lies	1995	Shooter	Beam Software	1
Tsukikomori (Japan)	Tsukikomori	1996	Adventure	Pandora Box	1
Tsuppari Oozumou - Risshinshusse Hen (Japan)	Tsuppari Oozumou : Risshinshusse Hen	1993	Sports / Sumo/Sports	Tecmo	1-2
Tsuri Tarou (Japan)	Tsuri Tarou	1994	Hunting and Fishing	Pack In Video	1
Tsuyoshi Shikkari Shinasai - Taisen Puzzle Dama (Japan)	Tsuyoshi Shikkari Shinasai : Taisen Puzzle Dama	1994	Puzzle	Konami	1-2
Tuff E Nuff (USA)	Tuff E Nuff	1993	Fighting	Jaleco	1-2
Turbo Toons (Europe)	Turbo Toons	1994	Racing, Driving	Empire Interactive	1-5
Turf Hero (Japan)	Turf Hero: Just One Thing I Need	1995	Sports with animals/Horse racing	Tecmo	1
Turf Memories (Japan)	Turf Memories	1995	Sports with animals/Horse racing	BEC	1
Turn and Burn - No-Fly Zone (USA)	Turn and Burn : No-Fly Zone	1994	Shooter / Plane/Shooter	Nintendo	1
Twisted Tales of Spike McFang, The (USA)	The Twisted Tales of Spike McFang	1994	Role Playing Game	Naxat Soft	1
U.F.O. Kamen Yakisoban - Kettler no Kuroi Inbou (Japan)	U.F.O. Kamen Yakisoban : Kettler no Kuroi Inbou	1994	Beat'em Up	Kindle Imagine Develop	1
U.N. Squadron (USA)	U.N. Squadron	1991	Shoot'em Up / Horizontal/Shoot'em Up	Capcom	1
Uchuu no Kishi - Tekkaman Blade (Japan)	Uchuu no Kishi Tekkaman Blade	1993	Shoot'em Up / Horizontal/Shoot'em Up	BEC	1
Uchuu Race - Astro Go! Go! (Japan) (En)	Uchuu Race : Astro Go! Go!	1994	Racing, Driving	KAZe	1-2
Ugoku E Ver. 2.0 - Aryol (Japan) (En,Ja)	Aryol	1994	Puzzle	Altron	1-2
Ultima - Kyouryuu Teikoku - The Savage Empire (Japan)	Ultima : Kyouryuu Teikoku	1995	Action RPG/Role Playing Game	ORIGIN Systems	1-8
Ultima - Runes of Virtue II (USA)	Ultima : Runes of Virtue II	1994	Role Playing Game	ORIGIN Systems	1
Ultima - The Black Gate (USA)	Ultima : The Black Gate	1994	Role Playing Game	ORIGIN Systems	1-2
Ultima - The False Prophet (USA)	Ultima : The False Prophet	1994	Role Playing Game	Infinity	1
Ultimate Fighter (USA)	Ultimate Fighter	1994	Beat'em Up/Fighting	Natsume	1-2
Ultimate Mortal Kombat 3 (USA)	Ultimate Mortal Kombat 3	1996	Fighting / Versus/Fighting	Midway	1-2
Ultra Baseball Jitsumei Ban (Japan)	Ultra Baseball Jitsumei Ban	1992	Sports / Baseball/Sports	Culture Brain	1-2
Ultra Baseball Jitsumei Ban 2 (Japan)	Ultra Baseball Jitsumei Ban 2	1994	Sports / Baseball/Sports	Culture Brain	2
Ultra Baseball Jitsumei Ban 3 (Japan)	Ultra Baseball Jitsumei Ban 3	1995	Sports / Baseball/Sports	Culture Brain	1-2
Ultra League - Moero! Soccer Daikessen!! (Japan)	Ultra League : Moero! Soccer Daikessen!!	1995	Sports / Football (Soccer)/Sports	Tom Create	1-2
Ultra Seven (Japan)	Ultra Seven	1993	Fighting	BEC	1-2
Ultraman (Japan)	Ultraman	1991	Fighting	Bandai	1-2
Ultraman (USA)	Ultraman	1991	Fighting	Bandai	1-2
Umi no Nushi Tsuri (Japan)	Umi no Nushi Tsuri	1996	Role Playing Game/Hunting and Fishing	Pack In Video	1
Umihara Kawase (Japan)	Umihara Kawase	1994	Platform	TNN	1
Umizuri Meijin - Suzuki Hen (Japan)	Umizuri Meijin : Suzuki Hen	1994	Fishing/Hunting and Fishing	A Wave Inc	1
Uncharted Waters (USA)	Uncharted Waters	1993	Strategy	Koei	1
Undake 30 - Same Game Daisakusen - Mario Version (Japan)	Undake 30 Same Game Daisakusen : Mario Version	1995	Puzzle	Hudson Soft	1
Undercover Cops (USA) (Retro-Bit)	Undercover Cops	1995	Beat'em Up	Varie	1-2
Uniracers (USA)	Uniracers	1994	Racing, Driving	DMA Design	1-2
Universal Soldier (USA) (Proto)	Universal Soldier	1992	Platform / Shooter Scrolling/Platform	The Code Monkeys	1
Untitled Racing Game (USA) (Proto)	Untitled Racing Game	2019	Racing, Driving	Evan G	1-2
Untouchables, The (USA)	The Untouchables	1994	Shooter	Ocean	1
Urban Strike (USA)	Urban Strike	1995	Shoot'em Up	Black Pearl Software	1
Ushio to Tora (Japan)	Ushio to Tora	1993	Platform / Fighter Scrolling/Platform	Yutaka	1
Utopia - The Creation of a Nation (World) (Evercade)	Utopia : The Creation of a Nation	1993	Simulation	Gremlin Graphics Software	1
Vegas Stakes (USA)	Vegas Stakes	1993	Casino/Simulation	Imagineer	1-4
Venom - Spider-Man - Separation Anxiety (USA)	Venom & Spider-Man : Separation Anxiety	1995	Beat'em Up	Software Creations	1-2
Verne World (Japan)	Verne World	1995	Japanese RPG/Role Playing Game	Dual	1
Virtual Bart (USA)	Virtual Bart	1994	Platform	Sculptured Software	1
Virtual Soccer (Europe)	Virtual Soccer	1994	Sports / Football (Soccer)/Sports	Probe Software	1-2
Vortex (USA) (En,Es)	Vortex	1994	Shoot'em Up/Racing, Driving	Argonaut Software	1
VS. Collection (Japan)	Vs. Collection	1996	Puzzle	Bottom Up Interactive	1-4
Wacky Races (Europe) (Proto)	Wacky Races		Racing TPV/Racing, Driving		
Wagyan Paradise (Japan)	Wagyan Paradise	1994	Platform	Namco	1-2
Wakataka Oozumou - Yume no Kyoudai Taiketsu (Japan)	Wakataka Oozumou : Yume no Kyoudai Taiketsu	1993	Sports / Sumo/Sports/Fighting	Tomcat System	1-2
Wakuwaku Ski Wonder Spur (Japan)	Wakuwaku Ski Wonder Spur	1995	Sports / Skiing/Sports	Human Club	1-2
Wally o Sagase! - Ehon no Kuni no Daibouken (Japan)	Wally o Sagase! : Ehon no Kuni no Daibouken	1993	Puzzle	Natsu System	1
War 2410 (USA)	War 2410	1995	Strategy	Advanced Productions	1
War 3010 - The Revolution (USA)	War 3010 : The Revolution	1996	Strategy	Advanced Productions	1
Waratte Iitomo! Tamolympic (Japan)	Waratte Iitomo! Tamolympic	1994	Casual Game	Athena	1-4
Wario's Woods (USA)	Wario's Woods	1994	Puzzle / Fall/Puzzle	Nintendo	1-2
Warlock (USA)	Warlock	1995	Platform	Realtime Associates	1
WarpSpeed (USA)	WarpSpeed	1992	Shoot'em Up	Accolade	1
Waterworld (Europe)	Waterworld	1995	Adventure	Ocean	1
Wayne Gretzky and the NHLPA All-Stars (USA)	Wayne Gretzky and the NHLPA All-Stars	1995	Sports / Hockey/Sports	Time Warner Interactive	1
Wayne's World (USA)	Wayne's World	1993	Platform	Gray Matter	1
WCW Super Brawl Wrestling (USA)	WCW Super Brawl Wrestling	1994	Sports / Wrestling/Sports/Fighting	Beam Software	1-4
We're Back! - A Dinosaur's Story (USA)	We're Back! : A Dinosaur's Story	1993	Platform	Visual Concepts	1-2
WeaponLord (World) (Evercade)	WeaponLord	1995	Fighting	Namco	1-2
Wedding Peach (Japan)	Wedding Peach	1995	Casual Game	Shimada Kikaku	1-3
Wheel of Fortune (USA)	Wheel of Fortune	1992	Quiz	Imagitec Design	1-3
Wheel of Fortune - Deluxe Edition (USA)	Wheel of Fortune : Deluxe Edition	1994	Quiz	Imagitec Design	1-3
Where in the World Is Carmen Sandiego (USA) (En,Fr,De,Es,It)	Where in the World is Carmen Sandiego?	1993	Educational	EA Canada	1
Where in Time Is Carmen Sandiego (USA) (En,Fr,De,Es,It)	Where in Time is Carmen Sandiego?	1993	Educational/Adventure	Brøderbund Software	1
Whirlo (Europe)	Whirlo	1992	Platform	Namco	1
Whizz (USA)	Whizz	1996	Platform	Flair Software	1
Wild Guns (USA)	Wild Guns	1995	Shooter / TPV/Shooter	Natsume	1-2
WildSnake (USA)	Wild Snake	1994	Puzzle	J.S.C. Gamos	1-2
Wile E's Revenge (Europe) (Proto)	Wile E's Revenge	1993	Platform / Run & Jump/Platform	ICOM Simulations	1
Williams Arcade's Greatest Hits (USA)	Williams Arcade's Greatest Hits	1996	Compilation	Digital Eclipse	1-2
Wing Commander (USA)	Wing Commander	1992	Shooter / Vehicle, FPV/Shooter	Mindscape	1
Wing Commander - The Secret Missions (USA)	Wing Commander : The Secret Missions	1993		Mindscape	1
Wings 2 - Aces High (USA)	Wings 2 : Aces High	1992	Simulation	Namco	1
Winning Post (Japan)	Winning Post	1993	Sports with animals/Horse racing	Koei	1
Winning Post 2 (Japan)	Winning Post 2	1995	Sports with animals/Horse racing	Koei	1
Winning Post 2 - Program '96 (Japan)	Winning Post 2 : Program '96	1996	Sports with animals/Horse racing	Koei	1
Winter Gold (Europe)	Winter Gold	1996	Sports / Multisports/Sports	Funcom	1-8
Winter Olympic Games - Lillehammer '94 (USA) (En,Fr,De,Es,It,Pt,Sv,No)	Winter Olympic Games : Lillehammer '94	1994	Sports / Multisports/Sports	Tiertex	1-10
Wizap! - Ankoku no Ou (Japan)	Wizap! : Ankoku no Ou	1994	Role Playing Game	SAS Sakata	1
Wizard of Oz, The (USA)	The Wizard of Oz	1993	Platform	SETA	1
Wizardry Gaiden IV - Taima no Kodou (Japan)	Wizardry Gaiden IV: Throb of the Demon's Heart	1996	Role Playing Game	Access Games	1
Wizardry I-II-III - Story of Llylgamyn (Japan) (NP)	Wizardry I-II-III : Story of Llylgamyn	1999	Role Playing Game	Gung-Ho!	1
Wizardry V - Heart of the Maelstrom (USA)	Wizardry V : Heart of the Maelstrom	1994	Role Playing Game	Capcom	1
Wizardry VI - Kindan no Mahitsu (Japan)	Wizardry VI : Kindan no Mahitsu	1995	Role Playing Game	GAME	1
Wolfchild (USA)	Wolfchild	1993	Platform	JVC	1
Wolfenstein 3-D (USA)	Wolfenstein 3-D	1994	Shooter / FPV/Shooter	id Software	1
Wolverine - Adamantium Rage (USA)	Wolverine : Adamantium Rage	1994	Platform	Bits Studios	1
Wonder Project J - Kikai no Shounen Pino (Japan)	Wonder Project J : Kikai no Shounen Pino	1994	Adventure	Almanic	1
Wondrous Magic (Japan)	Wondrous Magic	1993	Role Playing Game	System Sacom	1
Wordtris (USA)	Wordtris	1992	Puzzle	Spectrum Holobyte	1
World Class Rugby (Europe)	World Class Rugby	1993	Sports / Rugby/Sports	Denton Designs	1-2
World Class Rugby 2 - Kokunai Gekitou Hen '93 (Japan)	World Class Rugby 2 : Kokunai Gekitou Hen '93	1994	Sports / Rugby/Sports	Denton Designs	1
World Cup USA 94 (USA) (En,Fr,De,Es,It,Nl,Pt,Sv)	World Cup USA 94	1994	Sports / Football (Soccer)/Sports	Tiertex	1
World Heroes (USA)	World Heroes	1993	Fighting / Versus/Fighting	Sunsoft	1-2
World Heroes 2 (USA)	World Heroes 2	1994	Fighting / Versus/Fighting	Saurus	1-2
World League Soccer (USA)	World League Soccer	1992	Sports / Football (Soccer)/Sports	C-Lab	1-2
World Masters Golf (Europe)	World Masters Golf	1995	Sports / Golf/Sports	Arc Developments Limited	1-8
World Soccer 94 - Road to Glory (USA)	World Soccer 94 : Road to Glory	1993	Sports / Football (Soccer)/Sports	Rage Software	1-2
Worms (Europe)	Worms	1996	Strategy	East Point Software	1-8
Wrecking Crew '98 (Japan)	Wrecking Crew '98	1998	Puzzle	Pax Softnica	1-2
WWF Raw (USA)	WWF Raw	1994	Sports / Fighting/Sports	Sculptured Software	1-4
WWF Royal Rumble (USA)	WWF Royal Rumble	1993	Sports / Fighting/Sports	LJN	1-2
WWF Super WrestleMania (USA)	WWF Super Wrestlemania	1992	Sports / Fighting/Sports	LJN	1-2
WWF WrestleMania - The Arcade Game (USA)	WWF WrestleMania : The Arcade Game	1995	Sports / Fighting/Sports	Sculptured Software	1-2
X (Japan) (En) (Demo)	ZZZ(notgame):#NONGAME				
X Zone (Japan, USA) (En)	X Zone	1992	Lightgun Shooter	Kemco	1
X-Kaliber 2097 (USA)	X-Kaliber 2097	1994	Platform	Athena	1-2
X-Men - Mutant Apocalypse (USA)	X-Men : Mutant Apocalypse	1994	Platform	Capcom	1
Xak - The Art of Visual Stage (Japan)	Xak : The Art of Visual Stage	1993	Japanese RPG/Role Playing Game	Microcabin	1
Xardion (USA)	Xardion	1992	Platform	Jorudan	1
XBAND (Japan)	ZZZ(notgame):#NONGAME				
Yadamon - Wonderland Dream (Japan)	Yadamon : Wonderland Dreams	1993	Adventure/Adventure / Point and Click	Sting Entertainment	1
Yakouchuu (Japan)	Yakouchuu	1995	Adventure	Athena	1
Yam Yam (Japan)	Yam Yam	1995		Pandora Box	1
Yokoyama Mitsuteru Sangokushi (Japan)	Yokoyama Mitsuteru Sangokushi	1992	Strategy	TOSE	1-2
Yokoyama Mitsuteru Sangokushi 2 (Japan)	Yokoyama Mitsuteru Sangokushi 2	1993	Strategy	TOSE	1-2
Yokoyama Mitsuteru Sangokushi Bangi - Sugoroku Eiyuu-ki (Japan)	Yokoyama Mitsuteru Sangokushi Bangi : Sugoroku Eiyuu-ki	1994	Board game	TOSE	1
Yokozuna Monogatari (Japan)	Yokozuna Monogatari	1994	Sports / Sumo/Sports	KSS	1
Yoshi no Cookie - Kuruppon Oven de Cookie (Japan)	Yoshi No Cookie : Kuruppon Oven De Cookie	1994	Puzzle	National Human Electronics	1-2
Yoshi's Cookie (USA)	Yoshi's Cookie	1993	Puzzle	Bullet Proof Software	1-2
Yoshi's Safari (USA)	Yoshi's Safari	1993	Lightgun Shooter/Adventure	Nintendo	1-2
Youchien Senki Madara (Japan)	Youchien Senki Madara	1996	Role Playing Game	Nexus Interact	1
Young Merlin (USA)	Young Merlin	1994	Adventure	Virgin	1
Ys III - Wanderers from Ys (USA)	Ys III : Wanderers from Ys	1992	Action RPG/Role Playing Game	Nihon Falcom	1
Ys IV - Mask of the Sun (Japan)	Ys IV : Mask of the Sun	1993	Role Playing Game	Nihon Falcom	1
Ys V - Expert (Japan)	Ys V : Expert	1996	Role Playing Game	Nihon Falcom	1
Ys V - Ushinawareta Suna no Miyako Kefin (Japan)	Ys V: Kefin, The Lost City of Sand	2013	Role Playing Game	Nihon Falcom	1
Yu Yu Hakusho (Japan)	Yu Yu Hakusho	1993	Fighting	Namco	1-2
Yu Yu Hakusho - Tokubetsu Hen (Japan)	Yu Yu Hakusho : Tokubetsu Hen	1994	Fighting	Namco	1-2
Yu Yu Hakusho 2 - Kakutou no Shou (Japan)	Yu Yu Hakusho 2 : Kakutou no Shou	1994	Fighting	TOSE	1-2
Yu Yu Hakusho Final - Makai Saikyou Retsuden (Japan)	Yu Yu Hakusho Final : Makai Saikyou Retsuden	1995	Fighting	Namco	1-2
Yumemaboroshi no Gotoku (Japan)	Yumemaboroshi no Gotoku	1993	Role Playing Game	TOSE	1
Yuujin Janjuu Gakuen (Japan)	Yuujin Janjuu Gakuen	1993	Mahjong/Asiatic board game	Varie	1
Yuujin Janjuu Gakuen 2 (Japan)	Yuujin Janjuu Gakuen 2	1994	Mahjong/Asiatic board game	Varie	1
Yuujin no Furi Furi Girls (Japan)	Yuujin no Furi Furi Girls	1994	Board game	Pow	1-4
Yuuyu no Quiz de Go! Go! (Japan)	Yuuyu no Quiz de Go! Go!	1992	Quiz	Taito	1-2
Zaitaku Touhyou System - SPAT4-Wide (Japan) (TOBJ)	ZZZ(notgame):#NONGAME				
Zakuro no Aji (Japan)	Zakuro no Aji	1995	Adventure	Imagineer	1
Zan II Spirits (Japan)	Zan II Spirits	1992	Strategy	Wolf Team	1
Zan III Spirits (Japan)	Zan III Spirits	1994	Strategy	Wolf Team	1
Zen-Nihon GT Senshuken - Hyper Battle Game (Japan)	Zen-Nihon GT Senshuken	1995	Racing, Driving	C.P. Brain	1
Zen-Nihon Pro Wres (Japan)	Zen-Nihon Pro Wres	1993	Fighting/Sports	Natsume	1-2
Zen-Nihon Pro Wres - Fight da Pon! (Japan)	Zen-nihon Pro Wres - Fight Da Pon!	1994	Sports / Wrestling/Sports	Natsume	1-2
Zen-Nihon Pro Wres 2 - 3-4 Budoukan (Japan)	Zen-Nihon Pro Wres 2 : 3-4 Budoukan	1995	Fighting/Sports	Natsume	1-4
Zenkoku Juudan Ultra Shinri Game (Japan)	Zenkoku Juudan Ultra Shinri Game	1995	Quiz	Ukiyotei	1
Zenkoku Koukou Soccer (Japan)	Zenkoku Koukou Soccer	1994	Sports / Football (Soccer)/Sports	Affect	1-2
Zenkoku Koukou Soccer 2 (Japan)	Zenkoku Koukou Soccer 2	1995	Sports	Syscom	1-2
Zero the Kamikaze Squirrel (World) (Evercade)	Zero the Kamikaze Squirrel	1994	Platform	Iguana Entertainment	1
Zero4 Champ RR (Japan)	Zero 4 Champ RR	1994	Racing, Driving	Media Rings	1-4
Zero4 Champ RR-Z (Japan)	Zero 4 Champ RR-Z	1995	Racing, Driving	Media Rings	1-4
Zico Soccer (Japan)	Zico Soccer	1994	Sports / Football (Soccer)/Sports	Electronic Arts	1
Zig Zag Cat - Dachou Club mo Oosawagi da (Japan)	Zig Zag Cat : Dachou Club mo Oosawagi da	1994		Den'Z	1
Zombies Ate My Neighbors (USA)	Zombies Ate My Neighbors	1993	Shooter	LucasArts	1-2
Zool - Ninja of the 'Nth' Dimension (USA)	Zool : Ninja of the “Nth” Dimension	1994	Platform	Gremlin Graphics Software	1
Zoop (USA)	Zoop	1995	Puzzle	PanelComp	1
Zootto Mahjong! (Japan) (NP)	Zootto Mahjong!	1998	Mahjong/Asiatic board game	Nintendo	
