#key	synopsis
Adian no Tsue (Japan)	Adian no Tsue est un jeu d'action-aventure qui ressemble fortement à The Legend of Zelda, ou du moins ses donjons. Toutefois, une différence majeure est que, afin de recueillir la devise principale du jeu (des cloches), le joueur doit résoudre des énigmes arithmétiques. Chaque salle contient des monstres la première fois que le joueur y entre. Après les avoir vaincu, le joueur peut choisir une des portes voisines: certaines conduisent à d'autres pièces, mais d'autres, tout simplement contiennent une cloche. Avant que le joueur puisse prendre cette cloche, il faut résoudre un problème arithmétique : si la réponse est correcte, le joueur prends la cloche et continue. Si la réponse est incorrecte, la porte se referme et des monstres envahissent la pièce.
Ai Senshi Nicol (Japan)	Ai Senshi Nikoru est un jeu de tir. Vous jouez Nicol,qui se bat contre une horde d'aliens pour sauver sa petite amie enlevée. Armé de seulement un blaster, il doit se frayer un chemin à travers 7 niveaux.
Air Fortress (Japan) (Proto) (1986-10-20)	Les habitants de la planète Farmel, qui ont récemment acquis la technologie nécessaire pour voyager dans l'espace, ont exploré la galaxie pour trouver un ensembles de «forteresses aériennes» monstrueuses se déplaçant dans leur direction. Ils ont rapidement découvert que les forteresses se comportaient comme des parasites interstellaires, consommant toutes les ressources et les êtres vivants sur leur passage. La fédération spatiale a envoyé sa flotte la plus puissante, qui a rapidement été éliminée par les puissantes forteresses. Dans une ultime manoeuvre, ils envoient un seul guerrier nommé Hal Bailman, équipé d'un scaphandre spatial blindé, d'armes puissantes et d'un chasseur spatial pour infiltrer les forteresses et les détruire de l'intérieur.
Akumajou Dracula (Japan)	La Transylvanie a connu un siècle de paix grâce au légendaire héro Christopher Belmont, un chasseur de vampires qui a vaincu le comte Dracula cent ans plus tôt avec un fouet sacré nommé Vampire Killer. Alors que la célébration de Pâques se poursuit avec un grand carnaval, des hommes se rassemblent dans un monastère au bord du village et menent une messe noire pour ressusciter le comte Dracula.Simon Belmont, le descendant de Christopher Belmont, sait qu'en tant que membre du Clan Belmont et porteur actuel du fouet Vampire Killer, il a pour mission de ramener la paix et la stabilité en Transylvanie en détruisant Dracula.
Akuu Senki Raijin (Japan) (Disk Writer)	Jeu de tir où le joueur contrôle un mécha qui se transforme en starfighter. Comme dans Thexder autre jeu de Square, le joueur peut changer entre les deux modes de métier à certains points de chaque niveau. En touchant le sol en forme de mécha, le joueur peu parfois trouver des zones à explorer en forme de starfighter.
Aliens - Alien 2 (Japan) (Proto) (1986-12-15)	Jeu annulé avant sa sortie.Portage de la version MSX.
All Night Nippon Super Mario Bros. (Japan) (En) (Promo)	Le jeu a été distribué lors d'un concours organisé par l'émission de radio japonaise All Night Nippon.Ce jeu est une version de Super Mario Bros. se passant de nuit, avec de nouveaux personnages liés à l'émission de radio et reprenant des niveaux issus de Super Mario Bros., Super Mario Bros. 2 (version japonaise) ou encore VS. Super Mario Bros..
Apple Town Monogatari - Little Computer People (Japan)	Contrairement aux versions précédentes de Little Computer People, le personnage jouable est une fille portant une robe rose et un arc dans ses cheveux. Les chambres de la maison sont également dans une configuration différente, disposant d'un balcon extérieur à l'étage supérieur. Lorsque le jeu est joué pour la première fois, un nom pour le personnage est choisi au hasard dans une liste préprogrammée.
Armana no Kiseki (Japan)	Un bijou magique rouge, connu sous le nom de l'Arumana, est volé dans un village inconnu. Le voleur s'enfuit avec le bijou et transforme tout le village en pierre. Le héros du jeu doit pister le voleur et retrouver le bijou volé.Le joueur dirige le héros qui doit traverser six niveaux caverneux à la recherche du bijou perdu. Il commence le jeu avec pour seule arme un couteau. Au cours de sa progression il peut trouver un nombre varié d'armes telles que des bombes, un pistolet, un boomerang, une boule qui détruit tout à l'écran, ou encore une masse. Il doit détruire de nombreuses créatures vivant dans les cavernes ainsi que leurs acolytes, qui parfois déposent des armes.
Aspic - Majaou no Noroi (Japan)	Aspic est la suite d'un des premiers jeux de Xtalsoft, Lizard. Aspic commence juste là où Lizard se termine. Le joueur obtient le Livre de Vérité, qui est nécessaire pour briser la malédiction sur la princesse. Malheureusement la princesse a disparu.Trois jours auparavant, un sorcier est apparu et a informé le roi qu'il y avait une autre façon de sauver la princesse, ainsi le roi a confié la vie de la princesse au magicien. Maintenant que tu es revenu, le Roi te supplie de retrouver la princesse.
Backgammon (Japan)	Backgammon est un jeu qui permet à deux joueurs de participer à des matchs de backgammon. Le jeu comporte un didacticiel expliquant comment jouer et offre un mode Match unique et Tournoi. Il y a aussi le mode deux joueurs dans lequel deux joueurs humains se relayent.
Bakutoushi Patton-kun (Japan)	Il s'agit d'un jeu de combat de tank similaire au jeu de combat d'Atari. C'est le premier titre de FDS à permettre à quatre joueurs de jouer simultanément. Dans le jeu, les joueurs tentent de détruire les tanks des adversaires. Si un tank est détruit, le conducteur quittera le véhicule et devra essayer de rester en vie assez longtemps pour qu'un tank de remplacement soit parachuté. Le jeu continue jusqu'à ce qu'un seul tank reste . Ensuite, les joueurs passent à un autre niveau avec un terrain différent. Il y a 56 niveaux au total.
Baseball (Japan)	Une re-sortie pour Famicom Disk System en 1986 du Famicom Baseball de Nintendo. Comme dans le vrai baseball, l'objet du jeu est de marquer le plus de runs possible.Chaque joueur peut choisir parmi six équipes. Bien qu'il n'y ait aucune différence entre elles autres que la couleur de leur tenue elles sont censées représenter les six membres de la Ligue japonaise.
Big Challenge! Dogfight Spirit (Japan)	Dogfight Spirit est un shoot them up dans lequel le joueur contrôle un hélicoptère bleu luttant contre les vagues de véhicules ennemis et des tourelles au sol. Chaque mission envoie l'hélicoptèrdans une partie du monde, chacun avec un style visuel distinctif.
Big Challenge! Go! Go! Bowling (Japan)	Big Challenge! Go! Go! Bowling est le quatrième et dernier jeu de la série Big Challenge de Jaleco sur le Famicom Disk System, et le dernier jeu FDS de Jaleco. C' est une simulation simple de bowling à dix quilles.
Big Challenge! Gun Fighter (Japan)	Un shérif doit abattre les hors-la-loi de l'ouest sauvage, et découvrir le plus grand mystére qui a terrorisé la ville pendant des décennies.
Big Challenge! Juudou Senshuken (Japan)	Ce jeu est le premier titre de Jaleco's Big Challenge! séries. L'objet du jeu est de vaincre l'adversaire en utilisant des mouvements de Judo.La victoire permet au joueur de continuer le tournoi et de faire face à des ennemis plus forts.
Bio Miracle Bokutte Upa (Japan)	Upa est le prince d'un royaume magique et dernier né d'une ligne de combattants courageux. Un jour, cependant, il a cassé une urne contenant l'esprit de Zai, un démon incroyablement maléfique qui prend la force de vie des adultes du royaume et enlève tous les bébés - à l'exception d'Upa, qui reçoit un hochet magique par une fée qui était Piégé dans l'urne avec Zai. Et ainsi, afin de sauver son royaume, Upa va devoir se battre.
Bomberman (Japan) (Disk Writer)	Notre héros, Bomberman, travaille dans une fabrique de bombes située dans un labyrinthe souterrain. Il s'ennui à faire des bombes jour après jour. Un jour, il apprend une rumeur qui dit que si un robot arrive a s'échapper du labyrinthe et à atteindre la surface, son souhait serait accordé et il deviendrait un humain. Bomberman est déterminé à savoir si cette rumeur est vraie.
Breeder (Japan)	Dans le futur, il existe une arène avec des robots de combat. Elle à pour but de faire des recherches et développer des machines de combat. Les joueurs peuvent créer jusqu'à huit de ces soldats de métal pour se battre les uns contre les autres dans l'arène. Pour chaque machine de combat, les joueurs reçoivent jusqu'à 999 points et peuvent les repartir entre quinze catégories différentes telles que la vitesse , la dextérité, l'armure et les capacités de saut. Chaque catégorie coûte une quantité différente de points.
Bubble Bobble (Japan)	Le jeu met en scène Bub et Bob, deux enfants transformés en dragons et dont les fiancées ont été enlevées par le Baron von Blubba. Bub, aidé de Bob en mode deux joueurs, doit parcourir les quelque 100 niveaux du jeu pour les délivrer. Chaque niveau se compose d'un écran fixe avec pour environnement un ensemble de plates-formes plus ou moins alambiquées. Des monstres évoluent dans ce décor et le but est de tous les éliminer sans se faire toucher. Les dragons ont le pouvoir de cracher des bulles qui emprisonnent les ennemis pendant quelques secondes ; ils n'ont ensuite plus qu'à faire éclater la bulle pour tuer le monstre et faire apparaître un objet qui vient gonfler le score. Il y a différents paramètres qui entrent progressivement en jeu, venant complexifier le challenge : au-delà d'une certaine limite de temps, les monstres accélèrent brutalement ; la durée de « capture » des bulles est variable et des courants d'air peuvent altérer leur trajectoire.
BurgerTime (Japan) (Disk Writer)	BurgerTime est un jeu de plates-formes à l'aspect d'un labyrinthe, où le joueur incarne un chef de cuisine et doit confectionner des hamburgers tout en évitant les autres personnages représentés par de la nourriture qui le poursuivent, à savoir des oeufs, des saucisses et des poivrons qu'il peut temporairement immobiliser en leur jetant du poivre (trois tirs possibles au maximum).
Chitei Tairiku Ordola (Japan)	Jeu de Plate-forme et d'action de SunSoft . Troisième volet de la série de jeu de Chinou, empruntant le design du jeu Nes Atlantis no Nazo et ajoutant des problèmes arithmétiques.
Cleopatra no Mahou (Japan)	Le joueur se déplace autour du Caire et d'autres endroits égyptiens comme un tombeau ou une tour. Le joueur peut parler aux gens, recueillir des indices, se reposer dans les auberges et acheter de nouvelles armes et armures. Contrairement à la plupart des RPG, le personnage du joueur ne se renforce pas en gagnant des niveaux; Il gagne simplement plus de points de vie. Les statistiques comme l'attaque et la défense (qui sont inexplicablement cachés au joueur) sont déterminées entièrement par le jeu.
Clu Clu Land (Japan) (En) (Disk Writer)	L'histoire de Clu Clu Land commence avec un l'Unira, qui a volé tous les trésors du royaume sous-marin de Clu Clu Land. Bubbles, l'héroïne, se met à récupérer les trésors. L'objet du jeu est de découvrir tous les lingots d'or dans chaque niveau tout en évitant l'Unira et les trous noirs. les Lingots forment des formes telle qu'un coeur ou un champignon.Les bulles peuvent étourdir l'Unira en utilisant une onde sonore. Lorsque l'unira est étourdi, Bubbles peut le pousser dans un mur pour s'en débarrasser. Si Bubbles est blessé par l'Unira, elle perdra une vie. Une vie est également perdue quand Bubbles tombe dans un trou noir, ou quand le temps s'épuise. Le jeu se termine si Bubbles a perdu toute ses vie.
Cocona World (Japan)	Vous contrôlez une jeune sorcière qui erre dans diverses parties du royaume. Il y a beaucoup d'habitants d'animaux avec lequels interagir, certains sont bons et d'autres sont mauvais. Il y a aussi un certain nombre de mini-jeux. Au fil du temps, la sorcière demandera que certaines actions soient exécutées. Si elles ne sont pas effectuées dans un certain délai, le joueur reçoit une pénalité. Au fil du temps, l'humeur et la force du personnage diminuent. Si les deux arrivent à zéro, le jeu est terminé.
Dandy - Zeuon no Fukkatsu (Japan)	Portage de la version Atari 8 bits du jeu Dandy. Ne ressemble pas beaucoup au jeu original. En vue du dessus comme Zelda vous marchez et explorez tout en utilisant votre épée pour vaincre divers ennemis. Il y a différents donjons et villages que vous pouvez visiter et le jeu a même un cycle jour / nuit.
Dead Zone (Japan)	Dans le calendrier spatial 0385, la Terre souffre d'une surpopulation et les humains commencent à construire des colonies spatiales. Kirk, le héro de Dead Zone, travaille pour le bureau de développement spatial de la Fédération de la Terre. Il est un brillant ingénieur en physique spatiale et il travaille pour la planète Sirius. Il s'est également fiancé avec sa petite amie Marry, mais ils ont dû reporter leur mariage. Cinq mois plus tard, Kirk, accompagné de son robot Carry, décide de préparer la cérémonie. Mais quand il arrive à la station spatiale, tout est calme. Alors un faisceau de lumière le frappe et Il se réveille dans une sorte de cimetière souterrain, des morceaux de robots l'entourent.
Dig Dug (Japan) (Disk Writer)	L'objectif de Dig Dug est d'éliminer les monstres souterrains en les gonflant avec une pompe à air jusqu'à ce qu'ils explosent, ou en y déposant des pierres. Il y a deux types d'ennemis dans le jeu: 'Pookas' (de mignons monstres rouges qui portent des lunettes jaunes) et 'Fygars' (des dragons verts).
Dig Dug II (Japan) (Disk Writer)	Contrairement au premier jeu, Dig Dug II se déroule sur une île avec une vue aérienne. Le but est simple: tuer tous les ennemis. Il existe deux types d'ennemis; Les Pookas (les monstres ronds avec des lunettes) qui ont seulement le pouvoir de tuer un joueur en le touchant, mais les Fygars (les dragons) ont le pouvoir de tuer un joueur soit en le touchant soit en crachant du feu.
Dirty Pair - Project Eden (Japan)	Kei et Yuri, deux jolies enquêtrices spatiales, sont les héroïnes de ce jeu d'action à défilement latéral basé sur la populaire série d'animation Dirty Pair. Le jeu est sorti en même temps que le film Eden cependant il ne suit pas l'intrigue du film.Le jeu est connu pour sa difficulté incroyable.
Donkey Kong (Japan) (Disk Writer)	Vous êtes Mario, et ce vieux gorille, Donkey Kong, s'est enfui avec votre petite amie. C'est à vous de lutter entre échelles et équilibre sur ces poutres pour sauver votre dame. Elle est détenue en captivité au sommet. Mais Donkey Kong n'est pas prêtse laisser faire. Il lance des barils et des boules de feu. C'est à vous de déjouer ce singe astucieux. Bonne chance, votre dame vous attend!
Donkey Kong Jr. (Japan) (Disk Writer)	Mario est devenu fou! Il a enfermé Donkey Kong dans une cage. C'est à vous, Donkey Kong Jr., de sauver votre père en volant les clés de Mario. Mais ce ne sera pas facile. Vous aurez à lutter contre des mangeurs de singes, sauter sur les îles en mouvement et de traverser une jungle pour accéder à Donkey Kong.
Doremikko (Japan)	Doremikko est livré avec un clavier numérique qui se connecte à la Famicom dans le but de composer et de jouer de la musique. Le package clavier/ jeu fait de Doremikko le titre Famicom Disk System le plus cher au moment de sa sortie.
Dr. Chaos - Jigoku no Tobira (Japan)	Le génie scientifique Dr Ginn Chaos a disparu. Avant sa disparition, il travaillait activement dans son grand manoir sur un dispositif permettant l'accès à d'autres dimensions. Armé seulement avec un couteau, son frère décide de le chercher et dévoile finalement le mystère derrière l'incident. Quelque choses'est mal passé avec l'expérience de Dr. Chaos, et le but du jeu est de localiser toutes les onze dimensions cachées dans le manoir, ainsi que l'assemblage d'une puissante arme laser, la seule arme capable de battre le dernier boss.
Dracula II - Noroi no Fuuin (Japan)	Le jeu se passe sept ans après le Castlevania original. Le prologue commence quand Simon visite le tombeau de sa famille. Son dos est gravement blessé après sa dernière rencontre avec Dracula. Il se sent soudainement une présence et se tourne pour voir une jeune femme debout dans la brume. Elle lui dit qu'une malédiction a été placée sur lui par Dracula pendant leur dernière bataille, et qu'il ne lui reste pas longtemps à vivre. La femme lui dit que la malédiction peut être annulée s'il ressuscite Dracula lui même. Elle explique en outre que le corps de Dracula a été divisé en cinq parties différentes après sa défaite il y a sept ans, et Simon doit les récupérer et les amener aux ruines du château de Dracula. Là, il doit invoquer Dracula et le vaincre. Avant de disparaître, la femme inconnue lui dit qu'elle ne peut pas garantir que cela détruira définitivement Dracula.
Druid - Kyoufu no Tobira (Japan)	Druid est un jeu d'action inspiré de Gauntlet. Comme le héros éponyme, votre travail est de détruire quatre crânes magiques cachés sur huit niveaux. Le jeu est présenté dans une vue de haut en bas. Le druide se promène à la recherche de l'escalier qui mène au niveau suivant. Sur le chemin, il est harcelé par des hordes de monstres qui viennent de toutes les directions et l'attaquent. Pour se défendre, le druide peut utiliser les sorts d eau, de feu ou d'électricité pour lancer des projectiles. Cependant, ces armes magiques ont des munitions limitées.
Egger Land (Japan)	La série Eggerland est mieux connue en dehors du Japon comme l'aventure de la série Lolo.Dans cet Eggerland, Lolo doit parcourir une série non linéaire de salles le long de l'étage principal d'un château. Beaucoup de salles ont plus d'une sortie possible, et une carte peut être trouvée pour fournir au joueur des informations, et quelles salles ont déjà été visitées. Les entrées secrètes des salles cachées peuvent être trouvées , permettant au joueur d'explorer plus profondément le château.
Egger Land - Souzou e no Tabidachi (Japan) (Disk Writer)	Souzou he no Tabidach pourrait se traduire en &quot;Départ vers la Création&quot;.Comme avec« Revival of the Labyrinth »auparavant, c'est une description appropriée du jeu lui-même. Elle fait référence au fait qu'il reprend le mode Création du jeu original, après qu'il a été abandonné dans les deux versements précédentes.C'est également le jeu le plus court de la série avec juste cinquante énigmes en tout. Étant donné que les prédécesseurs avaient tous une centaine ou plus, cela pourrait sembler un problème, mais le niveau de difficulté des puzzles est plus élevé que jamais.
Electrician (Japan)	Le joueur est un jeune électricien nommé Richard Light. Il doit installer le câblage électrique dans des immeubles de diverses villes américaines. Dans chaque bâtiment, Richard navigue dans les couloirs de service pour relier les fils électriques entre chaque pièce,pendant ce temps les animaux menacent de couper les fils. Lorsqu'une connexion électrique est terminée, les fils éclairent les salles connectées et électrocutent les animaux . Si Richard touche un des rats,chauves-souris, insectes géants dans le couloir, il perd une vie. Le joueur gagne des points en éclairant les salles et en électrocutant les rats, les chauves-souris et les insectes. Parfois, un cambrioleur apparaît l'Intercepter récompense le joueur avec des points bonus et une vie supplémentaire.
Esper Dream (Japan)	C'est une histoire qui s'est produite dans le village éloigné où vous vivez.Les villageois ont souffert d'une tragédie inattendue. Le clan du diable appelé tribu Narcisse, a commencé à chercher la magie cachée dans notre village.Encore pire, ils ont kidnappé la fille du maire, Alice. S'il vous plaît, allez sauver Alice, et apportez la paix à notre terre!
Exciting Baseball (Japan)	Un simulateur de base-ball, Exciting Baseball viens apres Exciting Billiards et Exciting Basket (plus connu sous le nom Double Dribble in the West) dans la série de jeux de sport de konami pour le FDS.
Exciting Basket (Japan)	Exciting Basket (Connu aux États-Unis comme Double Dribble) était un jeu d'arcade de basket-ball développé et sorti en 1987 par Konami. Une partie de la popularité du jeu est venue de ses séquences d'animation montrant les joueurs de basket-ball exécutant des dunks. Les joueurs peuvent choisir parmi une des quatre équipes: Boston, Chicago, Los Angeles et New York. Il n'y a aucune différence dans le niveau de compétence ou dans les capacités entre les équipes. Comme il n'y a pas de licence NBA, aucun nom d'équipe ou de joueur n'est utilisé, cependant, les équipes portent la même couleur que leurs homologues de la NBA (Boston porte vert, Chicago rouge, etc.).
Exciting Billiard (Japan)	Exciting Billiard offre aux joueurs quatre modes de jeu. Break Shot est un mode solo, où le joueur est en concurrence avec d'autres joueurs pour gagner de l'argent, en essayant de gagner assez d'argent pour passer aux niveaux supérieurs. Les trois modes restants peuvent être joués avec un à quatre joueurs à la fois (humains ou contrôlés par ordinateur), avec le progrès de chaque joueur capable pouvant être sauvegardé sur la disquette.
Exciting Soccer - Konami Cup (Japan)	Les joueurs choisissent une des différentes équipes de football dans le but de devenir la meilleure équipe de la ligue. Chaque équipe possède différentes statistiques. Elles sont définies au début du jeu, mais peuvent être améliorées grâce à la formation. Pendant le jeu, la vue du champ est une vue d'en haut. Bien que ce jeu soit considéré comme une version relativement mineure, le générique de fin «Seaside Memory» est très célèbre.
Fairytale (Japan)	Un jeu de stratégie avec un groupe d'enfants se battant contre une armée de cochons qui est soudainement apparue près de leur village. Les enfants et les cochons se relayent pour sur une carte avant de se lancer dans des combats en temps semi-réel. Un jeu mignon, mais étonnamment difficile, et le dernier de Soft Pro International pour le Famicom Disk System.
Falsion (Japan)	L'humanité a colonisé la plupart des planètes dans notre galaxie, la Voie lactée, et ils cherchent maintenant à s'étendre en utilisant une technologie de voyage expérimentale appelée «Hyperzone Drive». Cependant, une race d'aliens qui maîtrise déjà cette technologie envahi toutes les planètes à un rythme rapide, se refermant sur notre système solaire. Les envahisseurs attaquent l'humanité sur Pluton et la conquière avec peu de résistance, puisque la civilisation humaine n'a pas la technologie pour se défendre. L'organisation humaine responsable du programme spatial, la «United Space Force», décide d'utiliser le «Hyperzone Drive» encore non testé pour envoyer des navires qui attaqueront directement les armées aliens. Cependant, la nouvelle technologie s'avère difficile à contrôler, et seul un des navires parvient à survivre au voyage: Falsion.
Famicom Grand Prix - F1 Race (Japan) (DV 1) (Disk Writer)	Famicom Grand Prix: F-1 Race est un jeu de course exclusivement publié au Japon sur Famicom Disk System en 1987. Il s'agit d'un jeu mettant en vedette Mario. Le Japon a d'ailleurs organisé un tournoi : Famicom Grand Prix: F-12 Contest dans lequel les joueurs ayant établi les meilleurs scores obtiennent une Super Mario Bros. Game & Watch. Dans le jeu, les joueurs peuvent choisir entre contre-la-montre ou grand prix, ensuite, ils sélectionnent une des douze voitures mais, une particularité du jeu : les voitures ont un certain prix. Allant de 10 à 300 pièces, pour se permettre de prendre une bonne voiture, il faut des sous et il faut remporter des grands prix afin d'empocher de l'argent. Chaque voiture a ses caractéristiques comme la vitesse de pointe ou encore la résistance. Plus le joueur percute de murs et de bolides, plus sa voiture sera endommagée mais il faut également faire attention à ne pas conduire en hors-piste. Heureusement, le stand est présent pour permettre de rétablir la santé du véhicule mais peut vous retarder sur vos adversaires. Quatre circuits sont prêts à entendre ces bêtes ronronner pendant des heures.
Famicom Grand Prix II - 3D Hot Rally (Japan) (DV 8) (Disk Writer) (Famicom 3D System)	Famicom Grand Prix II: 3D Hot Rally fait suite à Famicom Grand Prix: F-1 Race et était compatible avec le Famicom 3D System, sorte de lunettes spéciales permettant de voir ce jeu en 3D. Ce jeu se distingue de beaucoup d'autres jeux vidéo de sa génération, étant donné qu'il était possible d'y jouer à plusieurs dans des centres commerciaux, cas rare et exceptionnel pour l'époque et pour une simple disquette.Ce jeu fait référence à Highway Star (rien à voir avec Deep Purple, il s'agit juste du nom japonais. Connu en Europe et Amérique du Nord sous Rad Racer), un autre jeu sur la même console. Son gameplay est le même mis à part qu'il n'y ait pas les mêmes voitures et qu'il n'y ait que Mario et Luigi de jouables.Donc il y a trois voitures de jouables : - Kattobi- Yonque- Monster.Bien sûr, chaque voiture possède ses propres caractéristiques.Le jeu dispose aussi trois circuits dont un à la campagne, un dans le désert puis un dans un paysage plutôt urbain.Le jeu enregistre les temps et permet de faire des records.
Famicom Mukashibanashi - Shin Onigashima - Kouhen (Japan)	Seconde partie de la saga Shin Onigashima.
Famicom Mukashibanashi - Shin Onigashima - Zenpen (Japan) (DV 2, 3) (Disk Writer)	Première partie de la saga Shin Onigashima.Il était une fois un couple de personnes âgées vivant dans le village de Nagakushi, un petit village situé dans les montagnes. Le couple n'avait pas d'enfant, jusqu'à ce qu'un jour, on lui confie un garçon et une fille. Les années passent, et quand les deux enfants ont 8 ans, il y a un événement terrible dans la capitale occidentale. Un dragon maléfique apparaît soudainement dans la ville, transformant les humains en oni, ogres qui aspirent les âmes des autres humains. Les oni avancèrent jusqu'au village de Nagakushi, volant les âmes du couple . Heureusement, les deux enfants ont été laissés indemnes, et ils se sont mis en quête de sauver leurs parents adoptifs, ne réalisant pas que cette aventure révélerait le secret de leur véritable origine.
Famicom Mukashibanashi - Yuuyuuki - Kouhen (Japan)	Second volet de Famicom Mukashibanashi - Yuuyuuki - Zenpen
Famicom Mukashibanashi - Yuuyuuki - Zenpen (Japan)	Famicom Mukashibanashi: Yuuyuuki est le deuxième des deux jeux d'aventure de la série Famicom Mukashibanashi . Il partage de nombreuses similitudes avec son prédécesseur Shin Onigashima: les deux jeux nécessitaient deux disques qui sont sortis séparément, les deux disposent d'une fonctionnalité qui permet au joueur de switcher entre deux personnages jouables et les deux sont basés sur la littérature ancienne de l'Extrême-Orient. Dans le cas de Yuuyuuki, la littérature en question est l'ancien roman chinois Journey to the West. Le joueur contrôle Goku (Sun Wukong) et Chao (un personnage original) qui suivent des routes séparées pour finalement se rencontrer. Fidèle au roman, Goku accompagne également le moine Sanzo (Tripitaka) et ses autres disciples Hakkai (Pigsy) et Gojo (Sandy)
Famicom Tantei Club - Kieta Koukeisha - Kouhen (Japan)	Seconde partie de Famicom Tantei Club - Kieta Koukeisha - Zenpen.
Famicom Tantei Club - Kieta Koukeisha - Zenpen (Japan) (DV 1, 3)	Le jeu est une aventure de style standard. Le joueur choisit parmi un ensemble de commandes de texte pour interroger, examiner ou se déplacer d'un endroit à l'autre. Le cadre de l'hôtel isolé a donné au jeu une atmosphère tendue d'un film d'horreur qui a été bien accueilli par les fans.
Famicom Tantei Club Part II - Ushiro ni Tatsu Shoujo - Kouhen (Japan) (DV 3, 4)	Second volet de Famicom Tantei Club Part II - Ushiro ni Tatsu Shoujo - Zenpen.
Famicom Tantei Club Part II - Ushiro ni Tatsu Shoujo - Zenpen (Japan)	L'histoire débute alors que le héros de 15 ans est à la recherche de ses parents. Durant ses recherches, deux hommes se mettent à le pourchasser. Le héros ne réussit à s'en échapper que grâce à l'arrivée d'un détective. Il prend alors le héros sous son aile. Quelques mois plus tard, une jeune étudiante du lycée Ushimitsu est retrouvée morte sur les berges de la rivière. Elle est identifiée, elle se nommait Yoko Kojima, et est morte par strangulation. Deux personnes arrivent sur les lieux du crime, Ayumi Tachibana et un professeur, Tatsuya Hibino. Les deux sont choqués et sans voix face au crime. Ainsi débute l'intrigue.
Family Composer (Japan) (Disk Writer)	Family Composer a été développé par la même équipe qui a créé Ikinari Musician pour la Famicom plus tôt. Comme Ikinari Musician, ce n'est pas vraiment un jeu, mais plutôt un simulateur de musique. Contrairement à Ikinari Musician, Family Composer donne aux joueurs plus de contrôle sur la musique jouée, et leur permet même de composer de nouvelles chansons, et d'enregistrer les compositions sur le disque. À bien des égards, il peut être vu comme un précurseur de la composition musicale.
Famimaga Disk Vol. 1 - Hong Kong (Japan)	Hong Kong, est une variante de Shanghai dans laquelle les joueurs doivent retirer des tuiles d'un motif spécifiées . Le joueur peut choisir quel motif (des pyramides et des sabliers aux dessins plus complexes) pour dessiner les tuiles ainsi que d'entrer un code à trois lettres qui offre plusieurs milliers de combinaisons possibles de tuiles.
Famimaga Disk Vol. 2 - Panic Space (Japan) (Disk Writer)	Panic Space est un jeu de puzzle dans lequel l'objectif est de refléter un laser sur un panneau de sortie afin d'ouvrir d'accéder à l'étape suivante. Le laser ne peut frapper aucun des murs péripherique: si il le fait, cela fait exploser le niveau et le joueur perd une vie.
Famimaga Disk Vol. 3 - All 1 (Japan) (Disk Writer)	All One est un jeu de puzzle dans lequel le joueur contrôle une coccinelle poussant des dés. Le but de chaque étape est de pousser tous les dés sur leur côté de sorte que le «un» soit tourné vers le haut.
Famimaga Disk Vol. 4 - Clocks (Japan) (Disk Writer)	Clox est un jeu de puzzle de blocs similaire à Tetris ou Columns. Les cadrans d'horloge qui représentent l'un des quatre angles tombent du haut et le joueur doit les manipuler et les placer afin qu'ils puissent former des objets plus larges, des formations simples comme des carrés, des diamants et des formes de sablier à des formes plus compliquées comme des octogones et des hexagones.
Famimaga Disk Vol. 5 - Puyo Puyo (Japan) (Disk Writer)	Puyo Puyo contient trois modes: Endless, Mission, et Versus. Dans le mode sans fin, les joueurs joue Puyo jusqu'à ce que leur puits est rempli.Le mode mission donne au joueur plusieurs défis à accomplir. Le mode Versus permet aux joueurs de se battre
Famimaga Disk Vol. 6 - Janken Disk Jou (Japan) (Disk Writer)	Janken Disk Jou est un jeu de puzzle dans lequel le protagoniste (qui ressemble étrangement à Disk-kun, la mascotte du Famicom Disk System) doit braver un labyrinthe de puzzles. Dans chaque pièce, il y a trois variantes de blocs en forme de mains entre le héros et la sortie: chacun fait soit le geste des ciseaux, soit le geste de la roche ou le geste du papier. Le fait de pousser un bloc adjacent à un autre de type différent entraîne la disparition de ce qui est inférieur (c'est-à-dire le papier et la roche, la roche est l'inférieur). En outre, chaque bloc a une «force» qui est signifiée par sa couleur: le vert est le niveau 1, le jaune le niveau 2 et le rouge le niveau 3.
Final Command - Akai Yousai (Japan)	Vos frères d'armes sont otages derrière les lignes ennemies, et vous êtes leur seul espoir. Mais la puissance de feu que vous rencontrerez pour les sauver est ENORME. Les canons, les chars, les sous-marins et les tireurs d'élite vont vous faire exploser. Pour vous défendre, vous contrôlez une jeep d'attaque de l'armée, avec son arsenal de missiles guidés et de grenades incendiaires.
Fire Bam (Japan)	Bam est un garçon courageux de quinze ans. Comme tous les garçons de son âge, Bam doit passer le test et ramener une carapace d'insecte de la forêt. Mais à son retour, et à sa grande surprise, la plupart du village a été détruit et ses parents se sont transformés en démons. Armé de son épée, Bam part découvrir ce qui est arrivé au village et à ses parents.
Fire Rock (Japan)	Dans le jeu, le joueur contrôle ce qui semble être un homme de caverne, dont le but est de progresser dans une série de cavernes remplies d'objets pour localiser le boss du niveau, le vaincre, puis trouver la porte qui mène au prochain niveau.
Fuuun Shourin Ken (Japan)	Dans Fuuun Shourin Ken, vous contrôlez un combattant d'art martial qui s'efforce de vaincre d'autres grands combattants. Pour ce faire, vous devez utiliser un large éventail d'attaques pour vaincre votre adversaire avant qu'ils ne vous terrasse en premier. Vous disputerez six niveaux différentes contre 13 adversaires différents.
Fuuun Shourin Ken - Ankoku no Maou (Japan) (Famicom 3D System)	La suite de Fuuun Shourin Ken. Comme son prédécesseur, il comporte des concepts tels qu'une distinction entre les attaques de coup de pied et coups de poing ,et une barre de santé pour chaque combattant.
Galaga (Japan) (Disk Writer)	L'objectif de Galaga est de marquer autant de points que possible en détruisant des ennemis semblables à des insectes. Le joueur contrôle un starfighter qui peut se déplacer à gauche et à droite en bas de l'écran.
Galaxian (Japan) (Disk Writer)	Le gameplay est relativement simple. Un groupe d'ennemis attaque le vaisseau du joueur qui se déplace à gauche et à droite au bas de l'écran. Le vaiseau ne peut faire qu'un tir à la fois. Quand le joueur bat un groupe d'ennemis , un autre plus agressif et difficile prends sa place.
Gall Force - Eternal Story (Japan)	Gall Force est un jeu vidéo basé sur l'anime du même nom. C'est le seul jeu développé autour de la série Gall Force.Une guerre galactique fait rage entre les Solnoids et les Paranoids depuis trop longtemps.Le jeu est de tir et suit une autre histoire que celle de l'OAV. Le personnage principal est Rabby survolant Terra et six régions différentes de l'espace pour sauver chacun de ses membres d'équipage. A chaque membre d'équipage qui vous sauvez, vous accédez à une nouvelle fonctionnalité pour votre bateau.
German Tanteidan MarinGumi - Maruhi Jigomar Sousa File (Japan)	Jaaman Tanteidan : Matonarikumi (également connu sous le nom Jaaman Tanteidan Marine Kumi : Mercier Jigoma Sousa File) est un jeu d'aventure qui utilise la licence d'une émission de télévision qui était également la base du jeu d'action Omoikkiri Tanteidan Haado Gumi : Matenrou aucun Chousenjou.Dans ce jeu une équipe d écoliers détectives traquent un voleur insaisissable.
Ginga Denshou - Galaxy Odyssey (Japan)	En tant que pilote d'un vaisseau, vous pouvez accoster à différentes entrées de donjon, et prendre une navette au sol pour explorer. L'exploration n'est pas facile au début, puisque vous manquez d'oxygène assez rapidement (vous commencez avec trois barres). Pour gagner le jeu, vous devez trouver les médicaments nécessaires aux personnes qui souffrent dans votre région d'origine. Pour ce faire, vous devez collecter des codes de teleportation et traduire des codes aliens. Le texte du jeu est en japonais et n'a jamais été traduit dans une autre langue.
Gokuraku Yuugi - Game Tengoku (Japan)	Cette compilation de jeux comprend 8 jeux. Dans le menu principal, parcourez les jeux avec Gauche et Droite. Appuyez sur START pour commencer un jeu. Parfois, on vous demande d'abord de choisir le nombre de joueurs que vous pouvez confirmer avec le bouton A.
Golf (Japan) (Rev 2) (Possible Proto)	Le golfeur est un homme moustache qui ressemble à Mario.L'utilisateur doit d'abord décider s'il joue un jeu simple ou à deux ou un un contre un. L'utilisateur est ensuite placé au niveau du tee du premier des dix-huit trous.
Golf (Japan)	Le golfeur est un homme moustache qui ressemble à Mario.L'utilisateur doit d'abord décider s'il joue un jeu simple ou à deux ou un un contre un. L'utilisateur est ensuite placé au niveau du tee du premier des dix-huit trous.
Golf - Japan Course (Japan) (DV 2)	Le joueur peut prendre le contrôle des mascottes de Nintendo Mario et Luigi et jouer sur des parcours inspirés de vrais parcours au Japon. Le joueur peut choisir le match play ou stroke play. Match play implique deux golfeurs essayant de gagner le plus de trous. Ils gagnent des trous en obtenant un meilleur score que leur concurrent. Stroke play est diffèrent car le joueur doit juste obtenir le meilleur score possible en complétant chaque trou .
Golf - US Course (Japan) (DV 2) (Disk Writer)	Cette version du jeu offrait aux joueurs la possibilité d'envoyer via un service de FAX son score. Un concours se déroula donc et les 100 premiers vainqueurs reçurent chez eux une plaque avec leur nom inscrit, ainsi qu'une version spéciale du jeu dans une disquette dorée nommée Golf: Special Course. 9900 autres disquettes dorées furent offertes sans la plaque mais les circonstances de leur don sont méconnues.Le jeu est à peu près le même que Golf: US Course, mais en plus difficile.
Goonies (Japan) (Disk Writer)	Les Goonies repose un peu sur le film du même nom, où un garçon nommé Mikey et ses amis découvrent le Trésor d'un pirate juste à temps pour empêcher leur ville natale d'être racheté par des promoteurs avides. Alors que le jeu reprend certains des aspects du film, il s'ensuit une intrigue décidément différente, avec le gang de Mikey capturé par la famille Frateli. Mikey doit les secourir en explorant des donjons. Il y a six niveaux en tout. Power-ups et diamants sont cachés.Après que le joueur ais terminé les étapes du premier niveau de difficulté, il accède au deuxième niveau. Beaucoup de secrets sont disséminés dans le jeu.
Green Beret (Japan)	Basé sur le jeu d'arcade du même nom.L' objectif du joueur dans cette version a été changé. Il doit détruire une arme secrète en cours d'élaboration au siège de l'ennemi. En outre, un mode coopératif 2-joueurs a été introduit, permettant aux deux joueurs de jouer simultanément (avec le joueur 1 en bleu et le joueur 2 en rouge). La mécanique de jeu est identique à la version arcade, cependant le lance-flammes est supprimé (seulement le lance-roquettes et des Grenades) et deux améliorations : une étoile qui accorde l'invincibilité et un pistolet avec des munitions illimitées, qui ne sont utilisables que pour une période limitée. La version FDS comporte également deux niveaux supplémentaires qui n'étaient pas dans le jeu d'arcade : un aéroport situé entre la Base de missiles et le port, où le joueur fait face à un groupe de soldats et une nouvelle phase finale à l'intérieur de la base ennemie dans lequel le joueur doit désarmer un missile nucléaire qui est sur le point d'être lancés.
Gun.Smoke (Japan)	Dans ce jeu, le personnage principal est un chasseur de primes nommé Billy Bob.L'objectif est de libérer la ville de Hicksville de la bande de criminels connus sous le nom de Wingates.
Gyruss (Japan)	Gyruss est un shoot 'em up, mais avec une innovation majeure. Après le shoot 'em up à défilement vertical (Space Invaders, Galaxian, Galaga) et à défilement horizontal (Defender), Gyruss introduit le défilement circulaire. Le vaisseau du joueur effectue un parcours circulaire autour des vaisseaux ennemis. Les vaisseaux ennemis apparaissent au centre de l'écran et se positionnent en cercles concentriques.
Halley Wars (Japan)	Halley Wars est un jeu de tir à défilement vertical. Le jeu a 6 niveaux qui se passent dans des endroits tels que: au-dessus des planètes ou dans les champs d'astéroïdes. Il y a un boss à chaque fin de niveaux chacun avec leurs propres faiblesses. Il y a des power-ups, qui peuvent être ramassés lorsque vous détruisez des astéroïdes ou des satellites. Ceux-ci améliorent votre arme, votre vitesse, ou vous donne un bouclier.
Hao-kun no Fushigi na Tabi (Japan)	En tant qu'apprenti, vous avez étudié longtemps pour maîtriser les secrets de la magie. Le moment est venu faire vos preuves. Vous devez voyager vers les quatre châteaux mystérieux à la recherche de quatre talismans magiques. Vous serez confrontés à de nombreux périls: les châteaux sont criblés de passages souterrains et de labyrinthes complexes, où vous pouvez vous perdre pour toujours! Les étranges créatures qui rôdent dans les châteaux sont prêtes à bondir sur vous quand vous vous y attendez le moins!.
Hikari Shinwa - Palthena no Kagami (Japan)	À une époque où les hommes et les dieux vivaient en harmonie, deux déesses régnaient sur le Royaume des Anges : Palutena, celle de la Lumière et Médusa, celle des Ténèbres. Palutena fournit la lumière et aide les mortels pour leurs récoltes ; Médusa, elle, les méprise, utilise l'obscurité pour détruire leurs récoltes et les transforme en pierre. Furieuse, Palutena a transformé Médusa en un monstre hideux et l'a bannie dans le monde des Ténèbres. Mais Médusa ne veut pas se laisser faire. Elle réunit alors une armée de monstres et de démons afin de conquérir le territoire de Palutena, le Palais des Cieux. La guerre éclate et les troupes de Médusa l'emportent sur celles de Palutena ; cette dernière est emprisonnée. Médusa saisit les trois Trésors Sacrés : le bouclier Miroir, la flèche de Lumière et l'aile de Pégase, et les confie à ses trois meilleurs vassaux. Défaite et emprisonnée, Palutena n'a plus qu'un seul espoir : obtenir l'aide de Pit, un jeune ange retenu aux Enfers. Utilisant ses dernières ressources, Palutena envoie à Pit un arc magique. C'est ainsi que ce dernier entame sa quête visant à s'échapper des Enfers, récupérer les Trésors Sacrés qui l'aideront à battre Médusa, sauver Palutena et restaurer la paix au Royaume des Anges.
Hikaru Genji - Roller Panic (Japan)	Un jeu d'aventure en texte dans lequel votre objectif est d'équiper les 7 membres d'un groupe avec des patins à roulettes.
I Am a Teacher - Super Mario no Sweater (Japan)	I Am a Teacher: Super Mario est un simulateur de couture. Le joueur peu concevoir des chandails, en ajoutant des images de personnages célèbres tels que Mario, Luigi, Peach et Bowser . Il a été conçu par Royal Industries Co. Ltd., une société japonaise d'appareils ménagers et de machines à coudre.
I Am a Teacher - Teami no Kiso (Japan)	I Am A Teacher: Teami no Kiso (grossièrement «Je suis un enseignant: les bases du tricot à la main») est un outil pédagogique pour aider les futurs tricoteurs à créer leurs propres vêtements. L'utilisateur peut entrer la quantité, la longueur et le type de laine et la taille et le type de l'article qu'ils souhaitent créer et le programme mettra en place un guide pour les aider à atteindre cet objectif.
Ice Climber (Japan) (En) (Disk Writer)	Partez à la conquête de pics escarpés, franchissez des ravins glacés et assommez des créatures des neiges, en solo ou en duo dans Ice Climber. Utilisez votre marteau pour briser les blocs de glace et vous défendre, et sautez de palier en palier jusqu'au sommet. Franchissez le huitième palier pour atteindre le stage bonus, puis ramassez le plus de légumes possible et partez dans les airs avec l'un de vos amis condors.
Ice Hockey (Japan)	Le gameplay de Ice Hockey est semblable à celui du hockey sur glace dans la vraie vie. Les équipes sont constituées de cinq joueurs dont le gardien de but, contre six dans la vraie vie. Chaque jeu se compose de trois périodes.Il existe trois types de joueurs - le premier est rapide et bon dans les duels ; le second est moyen dans tous les domaines, et le troisième est lent et mauvaise dans les duels, mais très puissant.
Idol Hotline - Nakayama Miho no Tokimeki High School (Japan) (DV 11) (Disk Writer)	le joueur entre à la Tokimeki High School et se heurte à une jeune fille. Si le jeu est un jeu d'aventure en texte standard semblable à la série Famicom Tantei Club.Dans les scènes importantes, le joueur doit choisir une expression faciale en plus d'une réponse verbale. Les quatre expressions (visage impassible, rire, tristesse, colère) doivent correspondre au contenu de la réponse donnée, et toutes les réponses incorrectes conduisent immédiatement à l'écran « game over ». Cela augmente la difficulté du jeu par rapport à d'autres jeux d'aventure texte où il y avait moins de choix incorrects. Le jeu a deux fins différentes, selon les choix effectués au cours de la partie.
Idol Hotline - Nakayama Miho no Tokimeki High School (Japan) (DV 13) (Disk Writer)	le joueur entre à la Tokimeki High School et se heurte à une jeune fille. Si le jeu est un jeu d'aventure en texte standard semblable à la série Famicom Tantei Club.Dans les scènes importantes, le joueur doit choisir une expression faciale en plus d'une réponse verbale. Les quatre expressions (visage impassible, rire, tristesse, colère) doivent correspondre au contenu de la réponse donnée, et toutes les réponses incorrectes conduisent immédiatement à l'écran « game over ». Cela augmente la difficulté du jeu par rapport à d'autres jeux d'aventure texte où il y avait moins de choix incorrects. Le jeu a deux fins différentes, selon les choix effectués au cours de la partie.
Igo - Kyuu Roban Taikyoku (Japan)	Igo: Kyuu Roban Taikyoku est la première véritable tentative de portage d'un jeu de société japonais sur une console de salon. Le jeu de Go est traditionnellement joué sur une grille de 19 × 19, mais les permutations de possibilités prendraient trop de temps pour le processeur de la console , donc la taille du plateau a été considérablement réduite à une grille 9 × 9. Le jeu comporte également un mode de leçon, dans lequel les ninjas enseignent au joueur les règles du jeu.
Ishidou (Japan) (Disk Writer)	Dans Ishido, l'ancien et complexe Jeu vous devez placer des pierres sur un plateau. Cela requiert beaucoup d'habileté et de concentration mais si vous pouvez déverrouiller le secret de l'Oracle, sa sagesse vous aidera!
Jikai Shounen Met Mag (Japan)	Le joueur doit collecter toutes les sphères afin de progresser. Chaque sphère peut changer la polarité du caractère du rouge au bleu et inversement. Chaque niveau est jonchée de flèches bleues et rouges: la même couleur que ces flèches va magnétiser le personnage du joueur, qui a des effets différents selon le sens de la flèche: Par exemple, une flèche vers le bas poussera le joueur au sol Si elles sont la couleur bleue,un personnage de même couleur peut voler. Inversement, une flèche pointant vers le haut permettra aux joueurs de la couleur opposée de sauter beaucoup plus haut.
Kaettekita Mario Bros. (Japan) (Disk Writer)	Kaettekita Mario Bros. est un remake mis à jour de la version NES originale de Mario Bros. Alors que la conversion NES originale, développée en 1983, était Assez fidele à la version d'arcade sur laquelle il était basé, beaucoup de compromis ont été faits pour adapter le jeu dans une quantité limitée de mémoire.
Kalin no Tsurugi (Japan)	Des monstres sont apparus dans la terre autrefois paisible d'Alitania, et le peuple est terrifié. Les ordres du roi s'adressent à vous, le chevalier le plus brave de l'Alitania. Il est possible de sauver le pays avec la magie de Gladrif, mais il a disparu. Par conséquent, je veux que vous le cherchiez! Trouvez Gladrif, terrassez les monstres, et restaurez la paix sur cette terre encore une fois!
Kamen Rider Black - Taiketsu Shadow Moon (Japan)	Le jeu est basé sur la série Kamen Rider Black. Dans le jeu, le joueur prend le contrôle de Kamen Rider Black, qui doit vaincre de nombreux mutants Gorgom. Il y a cinq niveaux de quatre étapes chacun. Dans les quatre premiers niveaux, le joueur doit effectuer trois étapes avec un boss à la fin. Dans la quatrième étape, le joueur doit lutter contre un boss de niveau final. Le joueur monte la moto Battle Hopper pendant les deuxième et quatrième niveaux. Le cinquième niveau est entièrement composé de combats de boss, d'abord contre trois Evil Lords, puis contre Shadow Moon.
Karate Champ (Japan)	Le joueur est un compétiteur de karaté et se bat contre un autre joueur ou l'ordinateur. En utilisant deux joysticks, les joueurs peuvent exécuter un certain nombre de mouvements.
Kattobi! Douji (Japan)	Un jeu de de bataille de carte de baseball de basé sur un manga populaire.
Kick and Run (Japan)	Un jeu de football basé sur le jeu d'arcade du même nom.
Kick Challenger - Air Foot - Yasai no Kuni no Ashi Senshi (Japan)	Un jeu solo où le joueur prend le contrôle d'une tomate alors qu'il marche vers le haut à travers quatre niveaux dans le but de sauver son pays des insectes autres envahisseurs.
Kieta Princess (Japan)	Le joueur prend le rôle d'un détective déterminé à démêler le mystère de la princesse disparue Kilala, dans ce jeu d'aventure de style RPG. Yasuko Tomita a servi de modèle à l'un des personnages. Des numéros de téléphone apparaissent pendant le jeu si le joueur les appelait ils avaient un indice donné par Yasuko Tomita.
Kiki Kaikai - Dotou Hen (Japan)	Le jeu suit les aventures de 'Sayo-chan', une jeune fille de temple Shinto vivant dans le Japon féodal. Une nuit, alors que Sayo-chan souffle sur un feu de cérémonie, elle est visité par les Sept Dieux de la chance, qui l'avertissent d'un grand danger imminent. Soudain, une bande de lutins malicieux apparaissent et kidnappent les dieux, se retirant rapidement vers une montagne lointaine. Sayo-chan, déterminée à aider les dieux, se lance dans un voyage à travers la campagne, où elle combat un certain nombre d'étranges créatures de la mythologie japonaise, yokai, obake et yurei. Après avoir battu plusieurs leaders gobelins , Sayo doit affronter leur chef, l'ancien serpent Orochi.
Kinnikuman - Kinnikusei Oui Soudatsusen (Japan)	Kinnikuman - Kinnikusei Oui Soudatsusen est un jeu de lutte basé sur la ligne de jouets populaire et manga sur un super héros klutzy qui combat la plupart de ses adversaires avec des mouvements de lutte professionnelle. Le premier jeu de Kinnikuman (sorti en tant que M. U. S. C. L. E. aux États-Unis) était un jeu de lutte direct, mais cette suite change l'action en un jeu de combat latéral avec des éléments supplémentaires de RPG et d'histoire. Le personnage principal peut encore utiliser la lutte contre les ennemis, mais la plupart des attaques sont simples coups de poing et de coups de pied. Curieusement, la musique de boss est une version accélérée de 'In-A-Gadda-Da-Vida' de Iron Butterfly.
Knight Lore - Majou no Ookami Otoko (Japan)	Le joueur prend le rôle de Sabreman et doit trouver Melkhior le vieux sorcier et divers objets spéciaux pour son chaudron magique, qui sont dispersés à travers les différentes salles du château éphémère dans lequel le jeu se passe. Si le joueur réussit à récupérer tous les objets demandés dans une période de quarante jours, Sabreman sera libéré de la malédiction de la lycanthropie.
Knight Move (Japan)	Un jeu de puzzle. Doté d'une série de tuiles avec un chevalier d'échecs unique, déplacé par le joueur. Effacez toutes les tuiles dans la limite de temps en utilisant le chevalier.Quand vous nettoyez les tuiles vous laissez des trous derrière qui doivent être évités. Sur les niveaux suivant vous devrez passer sur des tuiles plusieurs fois avant qu'elles ne disparaissent.
Konamic Ice Hockey (Japan)	Konamic Ice Hockey est un jeu vidéo de hockey sur glace. Toutes les équipes sont fictives, mais viennent de véritables villes canadiennes et américaines. Le jeu est connu pour son actionrapide et surtout pour les combats. C'est un jeu d'un ou deux joueurs. Lors departies contre l'ordinateur, il y a trois niveaux de difficulté à choisir: Junior, Collège et Pro (avec Pro étant le plus difficile et Junior étant le plus facile). Chaque équipe se compose de trois attaquants, deux défenseurs et un gardien de but.
Konamic Tennis (Japan)	Konamic Tennis introduit une nouveauté dans le genre: celle de la vue de service, montrée comme un encart chaque fois qu'un joueur sert. Le but est de frapper la balle au bon moment: Trop tôt ou trop tard fera le joueur soit toucher le filet ou envoyer la balle trop loin, ou tout simplement louper la balle. Dans ce cas, cela compte comme une faute et le joueur a une autre chance de servir correctement, sinon le point est attribué à l'adversaire.
Koneko Monogatari - The Adventures of Chatran (Japan)	Koneko Monogatari : Les aventures de Chatran est basé sur le film de Koneko Monogatari .Le joueur contrôle le chaton Chatran, alors qu'il tente de progresser dans un monde d' arbres, d' animaux hostiles autres obstacles.
Link no Bouken - The Legend of Zelda 2 (Japan)	Link no Bouken - The Legend of Zelda 2 nous fait retrouver les bottes du héros d'Hyrule, le grand Link. Partez à la recherche de la Triforce pour réveiller la princesse Zelda, plongée dans un sommeil profond, tandis que les sbires de Ganon tentent de ressusciter leur maître. Le titre propose une carte du monde, une vue de côté permettant un défilement horizontal et introduit des éléments qui deviendront cultes dans la suite de la série.
Lutter (Japan) (Disk Writer)	Un jeu d'aventure où vous devez sauver une jeune fille d un donjon d'une force maléfique. Vous allez naviguer dans le donjon et combattre des monstres. Vous trouverez également des clés à utiliser.
Madou Senki - Deep Dungeon (Japan)	La ville de Dorl subit une infestation de démons qui sont actuellement dans le donjon du châteaux après qu'un portail vers le monde souterrain a été ouvert. L'empereur des enfers, l'empereur Ruu, a ordonné à ses démons d'envahir la ville et voler son trésor et pendant ce temps les démons ont également réussi à emporter l'âme de la princesse Etna, la laissant dans un état comateux. Beaucoup d'aventuriers courageux sont entrés dans le donjon souterrain pour tenter de récupérer son âme , mais aucun n'a encore réussi. Alors maintenant, c'est au joueur de réussir où d'autres ont échoué.
Maerchen Veil (Japan)	Il y a longtemps, les gens de Ferikusu pouvaient communiquer avec les dieux et les esprits divins. Le roi est maintenant à la recherche d'un jeune homme pour épouser sa fille. Plusieurs candidats sont sélectionnés et un tournoi est organisé pour décider du nouveau prince. Cependant, avant la fin de la cérémonie, un magicien envoie le dernier héros, celui dont la princesse est tombé amoureuse, dans un monde inconnu et désolé. Il se rend rapidement compte qu'il est tombé sous une terrible malédiction, et qu'il a été transformé en une créature bizarre. Le seul élément qu'il mui reste est un bracelet magique, que la princesse lui a donné. Le joueur prend le contrôle du prince perdu pour affronter le méchant magicien et épouser la princesse qu'il aime.
Magma Project - Hacker (Japan)	Le joueur est témoin d'un meurtre et on lui demande de chercher des informations sur une sombre organisation appelée Projet Magma. Afin de trouver efficacement les indices, le personnage utilise un dispositif pour activer un robot de l'autre côté de la planète et emploie les diverses fonctions de combat et d'exploration du robot pour poursuivre le projet Magma.
Mahjong (Japan)	Le Mahjong est un jeu chinois disponible dans de nombreuses versions différentes.A l'origine, un jeu pour 4 joueurs, Nintendo l'a transformé en un jeu à deux joueurs quand ils l'ont publié. Cela a évidemment son effet sur les règles.
Mahjong Kazoku (Japan)	Mahjong Kazoku ('Mahjong Family') est un jeu de Mahjong. Il s'agit d'une version à part du jeu qui intègre plusieurs règles de notation différentes.
Matou no Houkai - The Hero of Babel (Japan)	Pendant le règne de la civilisation babylonienne, les gens ont construit la Tour de Babel pour tenter d'atteindre Dieu. Dieu voit cela, et se met en colère contre l'orgueil de l'humanité. Afin de garder les gens loin de la tour, Dieu la remplit avec des créatures géantes et des esprits mauvais. Plusieurs milliers d'années plus tard, le démon le plus fort Asmodeous prends le contrôle sur toutes les créatures et les esprits que Dieu a placé dans la tour. Il attaque les villes voisines. Votre mission est de sauver la jeune fille, et de détruire la tour maudite afin de faire revenir la paix.
Meikyuu Jiin Dababa (Japan)	La petite amie d'un jeune homme est kidnappée par un sorcier maléfique. Il doit s'attaquer aux quatre zones du temple de Dababa pour la sauver. Pour accomplir cette tâche, le joueur ne peut pas se déplacer simplement à travers les salles. Au lieu de cela, le joueur et tous les ennemis sautent d'une plateforme à une autre, tout au long du jeu.
Metroid (Japan) (Rev 3)	Vous vous battez contre contre la maléfique Mother Brain. Vous êtes à l'intérieur de la planète forteresse Zebes. La planète est remplie de passages secrets où les Metroids se multiplient. Laissé seul, le Metroid est inoffensif. Mais dans de mauvaises mains ils pourraient détruire la galaxie. C'est à vous d'empecher Mother Brain qui contrôle Zebes d'utiliser les Metroids à des fins maléfiques. Mais ce ne sera pas facile. Vous devrez utiliser votre combinaison spatiale pour absorber l'énergie précieuse pour l'utilisation de vos armes comme le faisceau de glace, le faisceau de vague, les bottes de saut.
Michael English Daibouken (Japan)	Michael English Daibouken est un jeu éducatif où le personnage de Michael, un chat orange, enseigne aux chatons les différentes lettres en anglais ainsi qu'un vocabulaire anglais. Michael doit attraper des lettres flottantes pour épeler des mots anglais, tout en évitant les lettres incorrectes.
Moero TwinBee - Cinnamon Hakase wo Sukue! (Japan)	Moero TwinBee peut être joué simultanément par un maximum de trois joueurs: les deux premiers joueurs contrôlent TwinBee et WinBee en utilisant les contrôleurs Famicom standard, tandis que le troisième joueur contrôle GwinBee (un navire vert) en connectant un contrôleur supplémentaire Dans le port d'extension de la console. Contrairement à l'original TwinBee, qui ne comporte que des niveaux à défilement vertical,ce jeu ajoute des niveaux à défilement latéral. Il y a sept niveaux dans le jeu. Les niveaux 1, 3 et 7 sont des niveaux à défilement latéral, tandis que les autres sont des niveaux à défilement vertical.
Monitor Puzzle Kineko, The - Kinetic Connection (Japan)	Un jeu de puzzle, où le joueur doit assembler dix images. Cependant, chaque morceau est exactement de la même taille, et les images sur les pièces se déplacent. Plutôt que d'utiliser la forme des bords pour déterminer quelles pièces s'ajustent l'une à côté de l'autre, vous devez utiliser l'animation sur les pièces pour déterminer leur arrangement. Quand chaque puzzle commence, les morceaux sont également orientés aléatoirement, ainsi vous devez les orienter de la bonne façon pour compléter le puzzle. Il y a 10 animations différentes, et vous pouvez choisir entre diviser les images en 16, 24 ou 48 pièces distinctes avant de tenter de résoudre le puzzle. Évidemment, moins il y a de morceaux, plus il est facile de le résoudre.
Monitor Puzzle Kineko, The - Kinetic Connection II (Japan) (Disk Writer)	Une édition Disk Writer seulement, The Monitor Puzzle Kinetic Connection - Kineco II est la suite dans laquelle de nouveaux puzzles sont introduits. Le jeu défie le joueur de rassembler dix images dans un casse-tête. Cependant, chaque morceau est exactement de la même taille, et les images sur les pièces se déplacent. Plutôt que d'utiliser la forme des bords pour déterminer quelles pièces s'ajustent l'une à côté de l'autre, vous devez utiliser l'animation sur les pièces pour déterminer leur arrangement. Quand chaque puzzle commence, les morceaux sont également orientés aléatoirement, ainsi vous devez le réorienter pour compléter le casse-tête. Il y a 10 animations différentes, et vous pouvez choisir entre diviser les images en 16, 24 ou 48 pièces distinctes avant de tenter de résoudre le puzzle. Évidemment, moins il y a de morceaux, plus il est facile de le résoudre.
Monty on the Run - Monty no Doki Doki Dai Dassou (Japan)	Dans Monty aucun Doki Doki Dai Dassou, Monty est un être humain qui s'est échappé d'un pénitencier. Toujours habillé en bagnard, Monty veux prouver son innocence. Il y a quatre niveaux, chacun contenant plusieurs carreaux cachés. Ces carreaux contiennent des parties de l'image d'un visage. À la fin de chaque niveau, Monty doit sauter sur une plateforme juste avant la sortie. Cette plateforme est un indice direct à l'interprétation exacte des tuiles collectées. À la fin du jeu, le joueur doit reconstituer le visage du vrai criminel et le présenter devant un juge. Si le joueur réussit, il gagne sa liberté et gagner la partie.
Moonball Magic (Japan) (Disk Writer)	Le jeu commence par une table de flipper. Cependant, une fois que la balle est tirée dans l'un des trous sur le jeu, le jeu entre dans une séquence d'intro élaborée que le joueur peut contrôler. Le jeu contient 11 niveaux, dont chacun contient une cible que le joueur doit frapper afin de passer à l'étape suivante. Les niveaux deviennent plus élaborées, et des obstacles plus mobiles . En plus de contrôler les flippers, le pad de contrôle peut également être utilisé pour «pousser» la balle dans l'une ou l'autre direction.
Namida no Soukoban Special (Japan)	En 1986, beaucoup de joueurs japonais connaissaient Soukoban sous une forme ou une autre depuis son apparition en 1982. Au lieu de publier une autre version du même , ASCII a tenté d'améliorer l'expérience Soukoban avec un ensemble unique d'outils qui permettent aux joueurs de tricher d'une certaine manière par rapport aux règles d'origine.Des objets comme des aimants et des poulies fournissent aux joueurs la capacité (limitée) de tirer des boîtes, quelque chose que les versions originales du jeu ne permettait pas.
Nankin no Adventure (Japan) (Disk Writer)	Le joueur sélectionne les commandes dans un menu pour parler aux PNJ et résoudre des puzzles afin de progresser. Comme avec beaucoup de ces aventures en mode texte il y a une trame linéaire que le joueur doit suivre afin de se déplacer vers de nouvelles zones et d'accéder à la suite de l'histoire. Nankin se réfère à un personnage de manga du même nom. Bien que le jeu ne comporte aucune licence, son style distinctif est présent partout.
Nazo no Kabe - Block Kuzushi (Japan)	En l'an 30XX, l'humanité a épuisé toutes les ressources métalliques sur la Terre, ils ont dû partir dans l'espace pour en trouver plus. Ils trouvent une planète riche en minéraux,qu'ils nomment Selim. Mais bientôt ils découvrent qu'il y a quelqu'un qui les espionne.Ce sont des aliens. Ces aliens trouvent une faille dans l'ordinateur principal des humains. L'ordinateur, programmé pour s'autodétruire en cas d'intrusion démarre son compte à rebours. Il n'y a qu'une seule façon d'éviter l'autodestruction:entrer un code à 14 chiffres dans la machine. Mais ces chiffres sont cachés partout dans le complexe. Votre mission est de trouver ces chiffres et éviter l'auto-destruction.
Nazo no Murasamejou (Japan)	Dans le Japon féodal, un extraterrestre pénétre dans le Château Murasame et prend une statue géante, et il continue à étendre son influence sur quatre châteaux voisins. L'apprenti samouraï Takamaru est donc convoqué pour reconquérir les châteaux et ensuite se débarrasser de l'étranger. Un jeu d'action qui a quelques ressemblances avec The Legend of Zelda, mais n'a pas d'éléments RPG-aventure. Il est aussi beaucoup plus linéaire : vous combattez à travers les châteaux un après l'autre. Vous avez deux armes : les shurikens (illimité) pour les attaques à distance et une épée pour le combat de mêlée. L'épée est utilisée automatiquement quand vous êtes assez proche d'un ennemi, et elle peut être également utilisée pour dévier les shurikens ennemis. Mais vous êtes constamment attaqué par des ninjas dans toutes les directions et avez également un temps limité pour terminer chaque étape, le jeu est très difficile.
Nazoler Land - Dainigou (Japan)	Nazoler Land Dai 2 Gou est le deuxième des trois &quot;disquette magazines&quot; publiés par Sunsoft pour Famicom Disk System au milieu de 1987. Plutôt que de présenter un jeu, il contient une collection de 6 jeux considérés comme« mini-jeux.Le lecteur sélectionne le jeu à jouer à partir de l'écran de menu.
Nazoler Land - Daisangou (Japan)	Nazoler Land Dai 3 Gou est le troisième et dernier 'Magazine Disquette' publié par Sunsoft pour Famicom Disk System.Plutôt que de présenter un jeu, il contient une collection de 6 jeux considérés comme «mini-jeux». Le joueur choisit quel jeu jouer à partir du menu.
Nazoler Land - Soukangou (Japan)	Nazoler Land Soukan Gou est le premier d'une série de collections de mini-jeux de SunSoft développés spécialement pour le périphérique Famicom Disk System de Nintendo. Il a été suivi de deux suites directes et d'un spin-off basé sur le quiz. Nazoler Land Soukan Gou (ou Nazoler Land Vol. 1) a huit mini-jeux que le joueur peut sélectionner dans le menu principal.
Nazoler Land Special!! - Quiz Ou wo Sagase (Japan)	Nazoler Land Spécial !! Quiz Ou wo Sagase est une édition spéciale de la série Nazoler Land publiée par Sunsoft. Contrairement aux autres disques de Nazoler Land, il ne contient pas une série de mini-jeux mais plutôt un jeu unique se concentrant sur un quiz. Le joueur doit visiter divers endroits autour du Japon pour battre divers maîtres du quizz. Le jeu est sorti seulement au Japon, et n'a jamais été traduit . En conséquence, un niveau élevé de connaissances en japonais est nécessaire pour jouer à ce jeu.
Neunzehn - 19 (Japan)	Le trône est partagé entre quatre personnes: Darius, Simon, Thales et Sonia. Les 19 dieux de l'Olympe ont laissé derrière eux une pierre omnipotente au grand empereur Achille. Vous prenez le rôle de l'un de ces quatre pour trouver la pierre sur l'île avant les autres, faisant la guerre avec les armées adverses pour les empêcher trouver la pierre.
Omoikkiri Tanteidan HaadoGumi - Matenrou no Chousenjou (Japan)	Basé sur une série télévisée japonaise qui a été diffusé en 1987. Il met en scène un groupe de cinq jeunes détectives sur une mission pour récupérer divers objets volés par un mystérieux voleur qui porte un masque d'or. Le groupe compte le leader Hiroshi, la mignonne Aikido Yasuko la seule fille du groupe, Susumu, Satoru et Takeo. Le mystérieux voleur utilise beaucoup de trucs ingénieux pour échapper à ses poursuivants, comme un énorme ballon à air.
Othello (Japan) (DV 3, 5) (Disk Writer)	Othello est une conversion du jeu de plateau. Chaque joueur essaie de remplir le plateau de jeu avec autant de jeton de sa couleur que possible. A chaque tour, le joueur place un jeton en sélectionnant un emplacement où les jetons de l'adversaire seront piégés entre deux de ses jetons. Les jetons piégés sont retournés à la couleur des joueurs. Le jeu se termine lorsque la planche est remplie ou que le temps est ecoulé, et le joueur avec le plus grand nombre de jetons de sa couleur. Deux joueurs peuvent jouer l'un contre l'autre, ou un joueur contre l'ordinateur.
Otocky (Japan)	Otocky peut être décrit comme un shoot 'em up musical . Le vaisseau spatial du joueur a une balle, qui peut être tirée dans huit directions. Chaque direction correspond à une note musicale différente. La note est lue lorsque le joueur appuie sur le bouton de tir. En utilisant l'arme d'une certaine façon, le joueur peut improviser de la musique pendant le jeu.
Pac-Man (Japan) (Disk Writer)	Le joueur contrôle Pac-Man à travers un labyrinthe, mangeant des pac-dots. Lorsque tous les pac-dots sont mangés, Pac-Man est porté à l'étape suivante. . Quatre ennemis (Blinky, Pinky, Inky et Clyde) errent dans le labyrinthe, essayant de capturer Pac-Man. Si un ennemi touche Pac-Man, il perd une vie.Quand toutes les vies ont été perdues, le jeu se termine.
Pachicom (Japan) (Disk Writer)	Le jeu est basé sur les règles du pachinko standard, reproduisant l'expérience du pachinko dans un salon.Certains compartiments sont ajoutés à la planche. Si une boule de métal passe dans l'un de ces compartiments, le joueur recevra des points similaires aux crédits sur une machine à sous. Les joueurs peuvent s'attendre à perdre cette balle (et un point) si la boule tombe sous la planche . Le joueur commence avec cent balles.
Pachinko Grand Prix (Japan)	Le but est de jouer au Pachinko sur différentes machines dans les salles de Pachinko au le Japon, en essayant d'atteindre un score cible (le score cible augmente chaque fois que le joueur réussit à lancer une balle dans une zone de points) avant que le délai expire avant de passer sur la machine suivante.
Patlabor - The Mobile Police - Daini Shoutai Shutsudou seyo! (Japan) (Disk Writer)	Un jeu d'action plateforme adaptation de l'anime du même nom. Le jeu est divisé entre des niveaux de jeu de plateforme/run-et-gun et des niveaux en mode tir à la première personne dans lequel le joueur, dans leur Patlabor, doit vaincre les criminels et les autres méchants, dont certains ont leurs propres Patlabor.
Pinball (Japan) (Disk Writer)	Pinball est un jeu où le joueur contrôle un flipper virtuel. Le jeu a deux écrans pour représenter la table de flipper traditionnelle et un pour un mode bonus. Le jeu commence lorsque le joueur lance une boule sur le premier écran (le bas de la table de flipper) vers par le haut de l'écran . Le jeu se déplace vers le premier écran si la balle tombe vers le bas de l'écran et retournera à l'écran supérieur si la balle est envoyée vers le haut.
Pro Golfer Saru - Kage no Tournament (Japan)	Un jeu de golf avec des éléments de fantasy. Le jeu est basé sur un manga appelé Pro Golfer Saru publié par Fujiko Fujio sur un jeune homme des cavernes, qui souhaite devenir le plus grand golfeur de l'histoire. Pour atteindre cet objectif, il s'entraîne dans des lieux désolés comme au-dessus des gouffres géants dans le but d'en voyer la balle sur le green à plusieurs centaines de mètres. Le jeu est composé d'un mode formation ainsi que d'un mode tournoi.
Pro Wres (Japan) (En)	Le joueur choisit un lutteur avec des compétences uniques et utilise différentes combinaisons de boutons pour faire mouvements de lutte. Il est possible de quitter le ring cependant, un joueur qui le fait doit retourner sur le ring avant la fin du compte à rebours de 20 de l'arbitre. Le non-respect de cette règle entraîne une défaite (par décompte) ou un tirage au sort (double décompte) si les deux lutteurs ne rentrent pas à temps. (Remarque: Le décompte de l'arbitre est interrompu seulement après que les deux lutteurs ont réintégré le ring, c'est-à-dire, tant qu'au moins un lutteur est à l'extérieur du ring, le compte de l'arbitre continue.
Professional Mahjong Gokuu (Japan)	Mahjong professionnel Gokuu est le troisième jeu pour la Famicom à être basé sur Mahjong. Il s'agit d'une version à quatre joueurs du jeu, avec les même règles que dans la vie réelle, bien que rares dans les simulations à cette époque en raison de la puissance de calcul nécessaire pour trois adversaires contrôles par l'ordinateur.
Pulsar no Hikari - Space Wars Simulation (Japan)	Dans Pulsar no Hikari - Space Wars le joueur contrôle un vaisseau spatial explorant la galaxie et se battant contre des navires ennemis. Le joueur doit garder un oeil sur les divers éléments , tels que l'énergie et la destination et s'assurer dans une zone avec des pulsars ou des trous noirs afin de ne pas être rayé de la galaxie.
Putt Putt Golf (Japan)	Putt Putt Golf par Pack-In-Video est l'un des nombreux jeux de golf pour le Famicom Disk System, mais l'un des rares envoyer les joueurs à travers un monde abstrait plutôt qu'un vrai terrain de golf. Le but de chaque niveau est d'atteindre le trou sur le green en moins de coups possible, mais chacun des parcours est couverts de divers obstacles - certains mobiles, certains fixes. Le joueur doit les éviter (ou les utiliser à leur avantage, dans certains cas) afin d'obtenir le meilleur score.
Puzzle Boys (Japan) (Disk Writer)	Un jeu de puzzle dans lequel vous devez contrôler une pomme de terre et de naviguer dans les labyrinthes en poussant des blocs et en résolvant des puzzles pour sauver ses amis les légumes.
Radical Bomber!! Jirai-kun (Japan) (Disk Writer)	Un jeu de stratégie développé et publié par Jaleco pour le Famicom Disk System en 1988. L'environnement du jeu ressemble à un jeu de société géant où chaque joueur se déplace d'un espace à un autre. Le but de Radical Bomber est d'élaborer un plan d'action et de trouver un moyen de piéger les adversaires en supprimant les connexions entre chaque «carré» sur la carte. Le fait d'isoler un adversaire du reste de la carte entraîne la défaite. Si vous parvenez à isoler chaque adversaire, Jirai-kun avancera au niveau suivant.
Reflect World (Japan)	Reflect World est un RPG hybride développé par East Cube.Vous voler autour d'une planète en recueillant divers éléments afin d'avancer dans les différents niveaux.
Relics - Ankoku Yousai (Japan)	Dans l'histoire de la terre, les forces des ténèbres (enfer) ont combattu les forces de la lumière (le ciel) et ont gagné ce combat pour notre planète. Les forces de l'enfer ont rapidement réduits en esclavage les êtres humains et la terre fut jetée dans les ténèbres et le désespoir. Quelque part sur la planète, une forteresse fut construite pour exploiter la puissance du soleil afin de vaincre les forces de l'enfer, mais elle tomba en ruine après des siècles d'oubli. La princesse brille des cieux a été capturée et emprisonnée au dernier étage de cette forteresse. Aussi à l'intérieur sont enfermés les esprits des guerriers saints qui ont le pouvoir de vaincre les forces de l'enfer. Cependant, ils sont endormis et incapable de se réveiller.Le seul espoir de la terre c'est vous !!!!
Replicart (Japan)	Le jeu se déroule à la fin du XXIe siècle. Un serpent extraterrestre gigantesque appelé Sonada envahit la terre et construit une base en sous-sol. Sonada attaque à divers endroits, vole des ressources précieuses et semble invulnérable à toutes les formes d'attaques. Les ingénieurs se regroupent et construisent une base où une nouvelle arme est développée. Ils créent le Replicart à l'image de Sonada et lui donnent le pouvoir de transformer les ressources en nouveau matériau qui peut agrandir le Replicart et augmenter sa force jusqu'à ce qu'il atteigne la puissance suffisante pour détruire l'envahisseur.
Risa no Yousei Densetsu (Japan)	Risa no Yousei Densetsu (Risa's Fairy Legend) est un jeu d'aventure texte . Dans le jeu, vous contrôlez votre personnage que vous nommez comme vous le voulez, mais le jeu met aussi en vedette Risa Tachibana, un populaire Chanteur japonais. Avec Risa, votre objectif est de vaincre une sorcière en obtenant plusieurs éléments clés. Six des chansons de Risa sont integrées dans l'aventure, et les paroles peuvent fournir des indices pour trouver la solution du jeu, qui est divisé en quatre chapitres.Parfois, l'utilisation du microphone sur le deuxième contrôleur Famicom est nécessaire pour progresser dans le jeu.
Roger Rabbit (Japan)	Notre héros Roger Rabbit a besoin de votre aide dans une quête audacieuse pour sauver son amie, Jessica Rabbit prisonnière des griffes des méprisables Toon Patrol!. Pour rejoindre Jessica, rappelez-vous les mots de passe secrets, puis rassemblez toutes les carottes que vous trouvez. Mais dépêchez-vous! Pour une protection supplémentaire, vous pouvez utiliser des objets comme des gants de boxe, des caisses et des seaux d'eau. Et ce n'est pas tout - après un verre de potion magique rien ne vous arrêtera!.
Samurai Sword (Japan)	'Lorsque le prêtre Soron a menacé d'engloutir le monde dans l'ombre, les héros et les sorciers se sont levés contre lui. Tous ont été vaincus. Mais un guerrier reste debout ... Vous jouez le rôle d'un samouraï Qui doit détruire les forces de Soron. Vous ne pouvez pas le vaincre seul, alors vous devez trouver un mage qui vous aidera dans votre quête, et surtout, l'arme sacrée connue sous le nom de Samurai Sword.
Santa Claus no Takarabako (Japan)	Un mois par an, nous célébrons noël, merci pour les merveilleux souvenirs. Et en reconnaissance pour cette année, alors que les gens envoient les cadeaux, Noël est pour nous un temps pour rassembler les souvenirs de l'année. Joyeux Noël.
SD Gundam World - Gachapon Senshi - Scramble Wars (Japan) (Disk Writer)	SD Gundam World Gachapon Senshi - Scramble Wars est un jeu d'action/strategie basé sur la série de jouets Gundam du Japon. Deux versions différentes ont été publiées. La version initiale a été vendue en magasin pour ¥ 3,300 à la fin de 1987 sur son propre disque. La deuxième version a été vendue pour ¥ 500 moins cher au début de 1988 dans le cadre du système 'Disk Writer', où les joueurs pouvaient apporter leurs propres disques vierges à un kiosque . Bien que les deux versions contiennent 10 cartes à jouer, l'édition Disk Writer remplace cinq des cartes de l'édition originale par de nouveaux designs.
SD Gundam World - Gachapon Senshi - Scramble Wars - Map Collection (Japan) (Disk Writer)	SD Gundam World Gachapon Senshi - Scramble Wars est un jeu d'action/strategie basé sur la série de jouets Gundam du Japon. Deux versions différentes ont été publiées. La version initiale a été vendue en magasin pour ¥ 3,300 à la fin de 1987 sur son propre disque. La deuxième version a été vendue pour ¥ 500 moins cher au début de 1988 dans le cadre du système 'Disk Writer', où les joueurs pouvaient apporter leurs propres disques vierges à un kiosque . Bien que les deux versions contiennent 10 cartes à jouer, l'édition Disk Writer remplace cinq des cartes de l'édition originale par de nouveaux designs.
Section-Z (Japan)	Une forteresse de l'espace ennemie de l'Empire Balangool est proche de la terre. Captain Commando doit l'infiltrer il et trouver la Section-Z pour détruire le L-Brain, l'ordinateur qui commande la forteresse. Secton-Z est un jeu de tir à défilement latéral dans lequel le joueur est un soldat de l'espace qui peut atterrir sur le sol et d'autres structures. Il est l'un des premiers jeux qui donne aux joueurs la possibilité non seulement de tirer vers l'avant mais aussi en arrière. Il est également l'un des premiers jeux qui donne aux joueurs un choix de chemins à la fin de chaque niveau. Selon le chemin pris, ils pouvaient obtenir des armes spéciales ou des bombes.Ils peuvent activer ces armes spéciales en appuyant sur Select. Parfois, un des chemins clignote en rouge au lieu de l'habituel jaune. Cela indique qu'il est infranchissable sauf si le joueur localise et détruit le boss qui bloque l'entrée.
Seiken Psychocalibur - Majuu no Mori Densetsu (Japan)	Il y a de nombreuses années il y avait un pays appelé Earth Maral. Un jour, il a été envahi par les forces d'un monde sombre et déchiré. Les gens vivaient dans la peur, il espérant que la légende se réalise... 'un héros tenant une épée apparaîtra et rétablira la paix dans notre pays une fois de plus. ' nnpersonne ne savait quand ce héros arriverait... Seiken Psycho Calibur est un jeu d'aventure. Il fait partie de la série Wave Jack. Seiken Psycho Calibur est, à bien des égards, une tentative de copie du succès de The Legend of Zelda. Toutefois, il ne parvient pas l'égaler.
Shanghai (Japan) (Proto) (1986-10-16)	Jeu de majhong non officiel.
Shanghai II (Japan) (Proto) (Dragon Layout)	Second volet d'un jeu de Majhong non officiel.
Silviana - Ai Ippai no Little Angel (Japan)	Sylviana vivait avec sa mère après que son père soit mort. Un jour, sa mère est tombée malade. Malgré tout les efforts de Sylviana, l'état de sa mère n'a fait qu'empirer. Puis un jour, elle a entendu une rumeur sur un Dr. Doppler, qui peut créer un médicament qui va guérir toute les maladies. Elle décide de trouver ce Dr. Doppler et de le convaincre de lui donner le médicament. Toutefois, le médecin est incapable de l'aider, car ses huit trésors on étés volés par des démons. Sylviana promet de lui ramener les trésors en échange du médicament.
Smash Ping Pong (Japan)	Testez vos réflexes dans cette simulation difficile de Ping-Pong !!
Soccer (Japan) (En)	Soccer est un jeu d'action pour deux joueurs ou un joueur contre l'ordinateur. Vous pouvez jouer un des cinq niveaux de compétence, choisir parmi plusieurs équipes différentes, et sélectionner durée du match.
Solomon no Kagi (Japan) (Disk Writer)	Le personnage principal, nommé Dana, est envoyé pour récupérer 'la clé de Salomon' pour enfermer les démons qui ont été accidentellement libérés. Le but du jeu est d'avancer dans les 50 salles de 'Constellation Space' en acquérant la clé de la porte qui mène à la pièce voisine avant que le temps ne s'écoule. Le jeu intègre des éléments du genre shooter/plate-forme. Dana peut courir, sauter, créer ou détruire des blocs ainsi que créer des boules de feu pour détruire les démons. Les blocs peuvent également être détruits en les frappant avec la tête du personnage deux fois. Sur le chemin Dana peut acquérir des articles pour améliorer sa puissance de feu et des vies supplémentaires.
Suishou no Dragon (Japan)	la Dernière transmission a mentionné un soi-disant dragon de cristal. Ce dragon a intercepté une navette portant mes amis Cynthia et Nial. Où les aurait-il conduit ? Il doit y avoir un indice quelque part. Etes-vous sûr que ce n'était pas une hallucination?
Super Boy Allan (Japan)	Dans le jeu, Allan Colada voyage dans les contreforts dans les montagnes pour récupérer un remède pour la fièvre de sa soeur Leela. Super Boy Allan est le deuxième jeu de la série de jeux éducatifs 'Intelligence Game' de Sunsoft pour Famicom Disk System, avec deux modes de jeu différents. Le premier mode de jeu, qui est également le jeu principal, ou le joueur doit éviter le contact avec les ennemis afin de résoudre des problèmes mathématiques . RnnLe deuxième mode de jeu, beaucoup plus simple, permet au joueur de terminer un marathon de 39 étapes en répondant correctement à de simples questions de mathématiques afin d'accumuler autant de points que possible.
Super Lode Runner (Japan)	Le gameplay reprend le concept introduit par Space Panic (1980). Le joueur incarne un personnage évoluant dans un décor en deux dimensions constitué d'échelles, de barres de franchissement, de murs et de passerelles de briques et de pierre. Le but du joueur est de ramasser les lingots disséminés dans le décor (sur les passerelles, en haut des échelles ou suspendus dans le vide) tout en évitant des gardes qui essayent de l'attraper. Une fois que tous les lingots sont récupérés, il doit s'échapper en rejoignant le sommet du décor (éventuellement une échelle apparait pour l'y aider lorsque tous les lingots sont récupérés) pour passer au tableau suivant.
Super Lode Runner II (Japan) (Disk Writer)	Suite de super Lode Runner. Le joueur incarne un personnage évoluant dans un décor en deux dimensions constitué d'échelles, de barres de franchissement, de murs et de passerelles de briques et de pierre. Le but du joueur est de ramasser les lingots disséminés dans le décor (sur les passerelles, en haut des échelles ou suspendus dans le vide) tout en évitant des gardes qui essayent de l'attraper. Une fois que tous les lingots sont récupérés, il doit s'échapper en rejoignant le sommet du décor (éventuellement une échelle apparaît pour l'y aider lorsque tous les lingots sont récupérés) pour passer au tableau suivant.
Super Mario Bros. (Japan) (En)	Avez-vous ce qu'il faut pour sauver la princesse Mushroom? Vous devrez penser vite et aller encore plus vite pour terminer cette quête! La princesse Mushroom est détenue par les maléfiques tortues Koopa. C'est à vous de la sauver des griffes du roi Koopa avant que le temps s'écoule. Mais ce ne sera pas facile. Pour arriver à la princesse, vous devrez monter des montagnes, traverser des mers, éviter des fosses sans fond, combattre des soldats tortue et une foule de pièges magiques que seul un Roi Koopa peut imaginer. C'est une autre aventure des SUPER MARIO BROTHERS!
Super Mario Bros. 2 (Japan) (En) (DV 2)	Super Mario Bros. 2 (autrement appelé Super Mario Bros. : The Lost Levels en dehors du Japon) est un jeu de plates-formes sur Famicom Disk System. On y retrouve notre ami plombier en salopette rouge dans une version plus ardue de ses premières aventures. Les niveaux et ennemis ont été retravaillés pour proposer un challenge un peu plus dur, des sauts au millimètre près, des champignons rétrécissants et autres joyeusetés permettent de se replonger dans l'univers de Super Mario.
Tama & Friends - Sanchoume Daibouken (Japan)	Le jeu est basé sur un manga et anime pour les enfants du même nom qui concerne les chats et les chiens d'un quartier. Choumé fait référence au quartier dans lequel Tama et ses amis vivent, tandis que «Daibouken» signifie simplement «grande aventure». En tant que jeu, Tama and Friends est très basique, et très clairement pour les très jeunes enfants. L'objectif est simplement de marcher dans un environnement de banlieue tout en évitant les ennemis comme les oiseaux et les trucs volant aléatoire.
Tanigawa Kouji no Shougi Shinan II - Meijin e no Michi (Japan)	jeu de Shogi un jeu de société japonais similaire aux échecs, aussi populaire que Mahjong au Japon. Tanigawa Kouji no Shougi Shinan II - Meijin e no Michi est le deuxième d'une série de jeux d'enseignement sous la direction du champion Shogi Tanigawa Kouji pour aider le joueur à s'ameliorer.
Tanigawa Kouji no Shougi Shinan II - Meijin e no Michi - Shinban Tsumeshougi - Tsugi no Itte (Japan) (Disk Writer)	jeu de Shogi un jeu de société japonais similaire aux échecs, aussi populaire que Mahjong au Japon. Tanigawa Kouji no Shougi Shinan II - Meijin e no Michi est le deuxième d'une série de jeux d'enseignement sous la direction du champion Shogi Tanigawa Kouji pour aider le joueur à s'ameliorer.
Tantei Jinguuji Saburou - Kiken na Futari - Kouhen (Japan)	Le deuxième chapitre de la série. Le détective Hunter et son assistant Yulia ont été invités à regarder l'ami de Yulia Sabin participer à une course de moto. Quand il chute pendant la course, l'équipe de secours découvre Thomas, l'apprenti de Sabin, sous le casque. Le mystère se creuse alors qu'un autre ami de Yulia est trouvé assassiné dans une chambre d'hôtel.
Tantei Jinguuji Saburou - Kiken na Futari - Zenpen (Japan)	Un jeu d'aventure . C'est le troisième jeu de la longue série Tantei Jinguuji Saburou.Le détective Hunter et son assistant Yulia ont été invités à regarder l'ami de Yulia Sabin participer à une course de moto. Quand il chute pendant la course, l'équipe de secours découvre Thomas, l'apprenti de Sabin, sous le casque. Le mystère se creuse alors qu'un autre ami de Yulia est trouvé assassiné dans une chambre d'hôtel. En raison de contraintes de mémoire sur les disquettes, ce jeu a été divisé en deux parties. C'est la première partie, tandis que la deuxième partie, Tantei Jinguuji Saburo: Kiken na Futari Kouhen, est sortie quelques mois plus tard.
Tantei Jinguuji Saburou - Shinjuku Chuuou Kouen Satsujin Jiken (Japan)	Tantei Jinguuji Saburou - Shinjuku Chuuou Kouen Satsujin Jiken est le premier d'une longue série de jeux d'aventure sur le thème de la criminalité qui met en scène le détective Saburo D ou Jake Hunter (en Occident). Comme avec tous les jeux qui suivent, le but est de découvrir l'auteur d'un meurtre ,de parler à des témoins et des suspects, en recueillant des indices et en déduire le coupable.
Tarot Uranai (Japan)	Tarot Uranai est une simulation de tarot.Le jeu prédit l'avenir du joueur dans plusieurs domaines, y compris l'amour, les finances et l'éducation.
Tennis (Japan)	Le jeu propose un mode solo et deux joueurs pour les matchs en simple et en double, avec un gameplay compétitif ou coopératif. L'intelligence artificielle peut être fixée à l'un des cinq niveaux de difficulté. Mario arbitre les matches.
Time Twist - Rekishi no Katasumi de... - Kouhen (Japan)	Le joueur est un fantôme désincarné, essayant de retrouver son corps, qui a été pris par un démon. Le démon sème démolition et ravages à travers différents moments de l'histoire . Le joueur a à sa disposition la capacité unique de posséder divers animaux. Time Twist serait le tout dernier jeu développé par Nintendo pour le Famicom Disk System.
Time Twist - Rekishi no Katasumi de... - Zenpen (Japan)	Première partie de Time Twist: Rekishi no Katasumi de... (sorti en deux partie pour cause de manque de place)Le joueur est un fantôme désincarné, essayant de retrouver son corps, qui a été pris par un démon. Le démon sème démolition et ravages à travers différents moments de l'histoire . Le joueur a à sa disposition la capacité unique de posséder divers animaux. Time Twist serait le tout dernier jeu développé par Nintendo pour le Famicom Disk System.
Titanic Mystery - Ao no Senritsu (Japan)	Titanic Mystery est un jeu d'exploration sous-marine.Un personnage féminin que le joueur contrôle tout en cherchant des navires coulés.Le jeu est célèbre pour son livret d'instructions qui contient une histoire courte style manga.
Tobidase Daisakusen (Japan) (Famicom 3D System)	Le gameplay peut être décrit comme une tentative de fusionner la mécanique du jeu Super Mario Bros avec la perspective à la troisième personne de Space Harrier . Dans le jeu, le joueur assume le rôle de Jack, un «cowboy de l'espace» sur une mission pour sauver les planètes diverses envahies par des serpents. Le jeu se déroule dans le système solaire 517, qui est envahie par une race d'aliens connue sous le nom Serpentbeasts, qui sont dirigés par Grax.
Tooyama no Kinsan Space Chou - Mr. Gold (Japan)	Tooyama no Kinsan Space Chou - M. Gold est un jeu d'aventure texte. Le jeu est basé sur un anime'Tooyama Sakura Uchuu Chou - Yatsu no Na wa Gold '(ou simplement Samurai Gold), qui à son tour est vaguement basé sur la vie réelle des samouraï Toojama Kagemoto. M. Gold est une aventure de science-fiction sur un héros avec un tatouage qui combat les crimes à travers le cosmos.
Topple Zip (Japan)	Topple Zip est un je de tir à défilement vertical qui est également un jeu de course. Le joueur pilote un avion et des mouches en compétition contre plusieurs embarcations contrôlées par ordinateur. En plus de tirer sur vos adversaires, vous pouvez trouver des power-up . Il y a huit niveaux. La façon dont les niveaux se suivent est aléatoire. Le but est de localiser la clé qui est nécessaire pour accéder au niveau qui mène au niveau 8.
Transformers - The Headmasters (Japan)	Basé sur la série animée populaire du même nom et sorti uniquement au Japon. Le jeu met en vedette les Autobot .Le jeu est célèbre pour son haut niveau de difficulté et sa musique. Vous incarnez l'un du Autobot à travers quatre planètes, luttez contre les Decepticons. Contrairement à son prédécesseur Transformers: Convoy no Nazo, le joueur ne peut pas passer du mode robot au mode véhicule. Au lieu de cela, chaque niveau contient une étape mode véhicule , suivi d'une étape en mode robot.
TwinBee (Japan) (En) (Disk Writer)	TwinBee est un shoot-em-up vertical fortement influencé par Xevious de Namco. Le vaisseau peut tirer vers l'avant et larguer des bombes sur le terrain.Les Principales caractéristiques distinctives de TwinBee sont le décor, où la plupart des ennemis sont des fruits et le mode deux joueurs. Cette caractéristique commune aujourd'hui a été un des éléments responsable de son grand succès. TWINBEE et Winbee peuvent aussi interagir de plusieurs façons : ils peuvent s'unir pour tirer une boule de feu puissante. Au lieu de se faire tuer purement et simplement par les balles ennemies, votre TwinBees va perdre des membres. Quand ils sont entièrement démembrés, une petite ambulance arrive et s&quot;occupe d'eux.
Ultraman - Kaijuu Teikoku no Gyakushuu (Japan)	Ultraman : Kaiju Teikoku pas Gyakushuest est un jeu de plateforme . Ce jeu est un RPG utilisant le « chibi » ou style super déformé pour les personnages. Le joueur contrôle Hayate, membre du Science Special Search Party, qui protège la terre des invasions d'aliens hostiles. Il doit courir à travers chaque niveau, vaincre les ennemis avec son pistolet à rayons. Il doit aussi recueillir l'énergie des orbes pour remplir un compteur à l'écran. Lorsque le compteur est plein, il peut se transformer en Ultraman .Les Boules d'énergie peuvent apparaître dans plusieurs circonstances. Vous pouvez seulement être Ultraman pendant 3 minutes.
Ultraman 2 - Shutsugeki Katokutai (Japan)	Comme le titre l'indique, ce jeu fait partie de la série Ultraman qui a été populaire au Japon. Toutefois, plutôt que de faire d'Ultraman le personnage principal, c'est l'équipe de soutien de la défense qui entre en action chaque fois que le Japon est attaqué par un monstre géant qui tiens le role principal. Le jeu se déroule dans le Japon moderne. Les joueurs doivent envoyer une équipe pour rechercher et obtenir un cube qui permet à l'équipe de défense d'attaquer les monstres lorsqu'ils apparaissent. Une fois le cube trouvé, les monstres commencent à apparaître et attaquent les bâtiments. L'équipe doit déployer des véhicules pour aider à la destruction de ces monstres jusqu'à ce qu'ils aient tous été vaincu. Si un monstre détruit un bâtiment essentiel, le jeu est instantanément terminé.
Ultraman Club - Chikyuu Dakkan Sakusen (Japan)	Ultraman club :. Chikyuu Dakkan Sakusen est le troisième sur la base du Ultraman tokusatsu . Contrairement au deux jeux précédents, qui étaient plus orientés vers l'action, ce jeu est un RPG en mode tour par tour.
Volleyball (Japan)	Le jeu permet de choisir le nombre de joueurs par équipe et leur pays parmi les États-Unis, la Chine, le Japon, la Corée du Sud, le Brésil, Cuba, la Russie et la Tunisie. Dans le jeu, le joueur contrôle l?équipe en utilisant le d-pad, et utilise le bouton b pour effectuer différentes actions de jeu. Le bouton a n'est pas utilisé. Sur le terrain, il y a deux rangs, 1 et 2. Lorsque le ballon s'approche d'un des rangs, les membres de l'équipe dans ce rang pourront être contrôlés par le joueur. Si vous ne parvenez pas à frapper le ballon au dessus du filet, l'équipe adverse reçoit un point.
Vs. Excitebike (Japan) (En)	Un jeu de simulation de course de motocross . Il intègre certaines fonctionnalités améliorées comme un mode simultané à deux joueurs que le jeu original n'avait, et un système amélioré de sauvegarde . La musique est complètement différente. Aucune des chansons du jeu original n'est présente dans cette version.
Wakusei Aton Gaiden (Japan) (National Tax Agency Demo)	L'histoire concerne la planète Aton et deux jeunes pilotes qui tentent de la sauver d'une crise axée économique qui se manifeste comme une invasion extraterrestre. Le jeu peut être joué par un ou deux joueurs, avec un joueur assumant le rôle Kanta tandis que le second joueur assume le rôle de Yuki.
Wardner no Mori (Japan)	Les serviteurs de M. Wardner ont transformé la petite amie du prince en boule de cristal et le pauvre jeune homme entreprend un périlleux voyage pour la sauver.
Winter Games (Japan)	Winter Games est un jeu de sport basé sur les sports présentés aux Jeux olympiques d'hiver avec jusqu'à 2 joueurs Chacun choisissant un pays à représenter, puis se relayant en compétition dans divers événements pour tenter de gagner une médaille.
Wrecking Crew (Japan) (Disk Writer)	Le joueur contrôle Mario (ou Luigi en mode deux joueurs) et tente de détruire des objets avec un gros marteau sur chacun des 100 niveaux. Mario ne peut pas sauter à cause du poids du marteau. Le joueur peut choisir n'importe quel niveau depuis l'écran titre. Chaque niveau se déroule sur une grille invisible, chaque espace peut contenir un objet.Les Objets incluent des échelles et des murs destructibles, des piliers, des barils indestructibles et divers ennemis que Mario doit éviter.
Xevious (Japan) (Disk Writer)	Xevious raconte l'histoire de la lutte entre l'humanité et le biocomputeur GAMP, qui contrôle les forces de la planète Xevious. Il s'avère que les habitants de Xevious viennent de la Terre, et GAMP (General Artificial Matrix Producer) est le produit d'une ancienne civilisation qui a prospéré sur la terre il y a cent mille ans. Au cours de cet âge d'or, les Gamps étaient des clones humains utilisés dans de lourds travaux, jusqu'à ce qu'ils se rebellent. Afin de survivre à l'ère glaciaire à venir, ils ont prévu de quitter la terre et de migrer à la recherche d'une nouvelle patrie. Ils ont finalement choisi sept planètes adaptées à la vie humaine.Juste avant le départ, un groupe d'humains s'est révolté et a décidé de rester sur la terre . C'est à partir de là que mille ans après le départ des Gamps, le brave pilote Mu et son compagnon andré Eve décident de se rendre sur Xevious (littéralement, la quatrième planète) pour éviter la glaciation. Ils ne reçoivent pas un accueil chaleureux de leurs ancêtres: capturés et emprisonnés, ils découvrent que les Xeviens planifient un retour massif sur la Terre.
Youkai Yashiki (Japan)	Dans Youkai Yashiki, vous contrôlez un garçon armé d'une lampe de poche qui doit explorer cinq niveaux et localiser cinq talisman avant de localiser et d'avoir accès à un boss de fin. La lampe de poche sert d'arme contre les monstres qui habitent chaque niveau. Votre compteur de vie prend la forme d'un ensemble de piles. Quand votre vie diminue, les piles de votre lampe de poche diminuent.
Yume Koujou - Doki Doki Panic (Japan) (DV 2)	Yume Kôjô : Doki Doki Panic est un jeu de plates-formes sorti sur Famicom Disk System, un accessoire permettant de lire des disquettes sur NES. Ce titre s'inspire d'une émission japonaise et permet de diriger l'un des quatre personnages dans différents mondes jusqu'à battre l'horrible Wart. Pour l'anecdote, Yume Kôjô : Doki Doki Panic sera modifié par Nintendo pour sortir aux USA sous le nom Super Mario Bros. 2 avec les personnages Mario, Luigi, Toad et la princesse Peach. Dans cette première version, Imajin remplace Mario en tant que personage équilibré, sa mêre Mama remplace Luigi en tant que personnage sautant le plus haut (Luigi sautait déjà plus haut que Mario dans Super Mario Bros.: The Lost Levels.), cette dernière saute toutefois légèrement moins haut que Luigi. Lina la copine d'Imajin qui peut léviter remplace Princess Toadstool (les mouvements de Lina inspireront 2 mouvements possibles de Peach dans Super Smash Bros et elle gardera ce pouvoir de lévitation dans certains autre jeux comme dans Super Mario 3D World). Enfin Papa, le père d'Imajin qui est le personnage le plus costaud du jeu et le plus rapide mais tres faible en saut remplace Toad. Reste Poki et Piki, 2 personnages non jouables, jumeaux et petits freres d'Imajin qui sont enlevés par Mamu (renommé Wart dans Super Mario Bros 2) au début du jeu. Ils sont remplacées par des fées dans Super Mario Bros 2. Et certains ennemis de Mario tels que Shy Guys, Birdos, Pokeys et Bob-ombs apparaissent dans cet opus. L'histoire prend place dans un livre qui raconte le conte du pays de Mu où la qualité des rêves de ses habitants déterminera la qualité du jour suivant. Afin de n'avoir que de belles journées ensoleillées, les habitants de Mu inventèrent une machine à rêves mais un jour la grenouille maléfique Mamu (le future dénommé Wart) envahit le pays et transforma la machine en machine à cauchemars. Les habitants de Mu parvinrent a le vaincre en utilisant son point faible: les légumes. Ce livre finit par tomber dans les mains du singe Rusa qui le ramena à sa famille d adoption, la famille arabe d'Imajin. Les jumeaux Poki et Piki se le disputèrent et finir par déchirer la dernière page du livre, libérant Mamu et annulant la fin de l'histoire. Mamu kidnappa les jumeaux et partit changer l histoire directement dans le livre. Rusa alerta leur frère Imajin, ses parents et Lina qui partirent tous a la pousuite de Mamu et des jumeaux dans le livre.
Yuu Maze (Japan)	Yuu Maze (« jeu de labyrinthe ») est un jeu de labyrinthe mono-écran proche du classique Pac-Man de Namco. Le but du jeu est de conduire un véhicule futuriste dans un labyrinthe, collecter de points tout en évitant (ou éliminant temporairement) les ennemis.
Yuushi no Monshou - Deep Dungeon (Japan)	Le deuxième jeu de la série Deep Dungeon est un RPG à la première personne en 3D. Le but du jeu est d'atteindre la fin du donjon avec le héros en combattant toutes sortes de monstres et en découvrant des trésors tout au long du chemin.
Zanac (AI) (Japan)	Dans Zanac, le joueur contrôle le vaisseau spatial AFX-6502 Zanac et vole à travers différentes planètes, stations spatiales et combat une armada d'ennemis formant les défenses de l'ennemi principal du jeu (le « système »). Le joueur doit combattre à travers 12 niveaux et détruire le système et ses défenses. L'objectif est d'abattre les ennemis et les projectiles et accumuler des points. Le joueur commence avec trois vies et il perd une vie si il se faire toucher par un ennemi ou un projectile.
Zelda no Densetsu - The Hyrule Fantasy (Japan)	Dans un univers de fantasy appelé Hyrule, Link doit récupérer les huit fragments de la Triforce de la sagesse afin de vaincre Ganon, délivrer la princesse Zelda et ramener la paix dans le royaume. Durant le jeu, Link se déplace librement et sans indication dans une carte du monde affichée en vue de dessus, mais explore également plusieurs donjons labyrinthiques souterrains. Le royaume d'Hyrule est habité par de nombreux monstres que Link doit combattre, et recèle de nombreux secrets et énigmes à résoudre, ce qui permet à Link de découvrir des objets utiles à son avancement dans la quête ou des armes améliorant ses capacités. L'exploration et la découverte de secrets sont le c?ur de l'expérience de jeu. Lorsque le joueur a fini la partie, il peut recommencer le jeu dans une aventure remaniée appelée « seconde quête » comportant des donjons et une carte du monde modifiés ainsi que des ennemis plus coriaces.
