#key	synopsis
Adian no Tsue (Japan)	Adian no Tsue (&quot;Bastone di Adian&quot;) è un gioco educativo di azione e avventura in cui controlli un ragazzo di nome Lucian che si propone di salvare la principessa Patricia da un re demone. Devi navigare tra i livelli sconfiggendo i nemici con il tuo staff e risolvendo problemi di aritmetica per guadagnare campane ed esperienza. Le campane sono la valuta che utilizzerai per acquistare oggetti dal negoziante e sono necessari 600 punti esperienza per aprire la porta al livello successivo o attivare la battaglia del boss in stanze specifiche che dovrai scoprire.
Ai Senshi Nicol (Japan)	Aiuta il coraggioso inventore Nicol a salvare la sua fidanzata Stella rapita da un Demon Bull King del pianeta Dairass in questo gioco d'azione dall'alto. Controlla Nicol attraverso 7 continenti mentre recupera 3 pezzi in ogni livello per la sua invenzione del trasportatore dimensionale che il Re Demone ha rubato e racchiuso in diamanti. Farai esplodere vari servitori ed eviterai terreni insidiosi mentre esplori più piani di ogni continente alla ricerca dei diamanti per riunirti a Stella e sconfiggere il malvagio Re Demone!
Air Fortress (Japan) (Proto) (1986-10-20)	La gente del pianeta Farmel, avendo recentemente acquisito la tecnologia per i viaggi spaziali, ha esplorato avidamente la galassia solo per trovare una mandria di mostruose &quot;Fortezze Aeree&quot; che si muovevano nella loro direzione. Scoprirono rapidamente che le Fortezze si comportavano come locuste interstellari, consumando tutte le risorse e gli esseri viventi sul loro cammino. La Federazione Spaziale ha inviato la sua flotta più potente, che è stata rapidamente eliminata dalle potenti Fortezze. In una mossa finale inviano un singolo guerriero di nome Hal Bailman, dotato di una tuta spaziale schermata, armi potenti e una piccola &quot;nave faro&quot; per infiltrarsi nelle fortezze e distruggerle dall'interno.
Akumajou Dracula (Japan)	La Transilvania ha goduto di un secolo di pace grazie al leggendario eroe, Christopher Belmont, un cacciatore di vampiri che cento anni prima aveva sconfitto il Conte Dracula con una frusta sacra chiamata Vampire Killer. Mentre la celebrazione della Pasqua si svolgeva con un grande carnevale, uomini malvagi si radunarono in un monastero ai margini del villaggio e celebrarono una messa nera per resuscitare il conte Dracula. Gli uomini riuscirono a riportare indietro il loro padrone. Un fulmine ha avvolto il monastero dove si svolgeva il rito, segnalando la resurrezione del conte Dracula. Quando il Conte tornò, il suo castello, caduto cento anni prima, riapparve in Transilvania e le sue legioni di fedeli servitori si riformarono.
Akuu Senki Raijin (Japan) (Disk Writer)	Nell'anno 2734, la forma di vita meccanica Garemu attaccò improvvisamente cinque punti di trasmissione di navigazione iperspaziale, &quot;FIELD&quot;. Per prevenire l'invasione di Garem, l'alleanza della Via Lattea ha deciso di inviare l'arma mobile Raijin, che devi pilotare. Come il precedente Thexder semi-classico di Square, il giocatore può scegliere di cambiare tra le due modalità della propria imbarcazione in determinati punti durante ogni livello. Dopo aver toccato terra come mecha, il giocatore è occasionalmente in grado di trovare altre direzioni per continuare a esplorare come un'astronave, presentando sia sezioni di sparatutto a scorrimento verticale che a scorrimento laterale. Ci sono tre elementi che devi trovare prima di completare un livello; una stella, un globo, un computer e una bomba. Dopo aver raccolto tutti questi, attiverà la battaglia del boss la prossima volta che proverai ad andare nell'area del boss.
Aliens - Alien 2 (Japan) (Proto) (1986-12-15)	Basato sul film Aliens, questo prototipo incompiuto di Square sarebbe stato un porting del gioco MSX che è stato rilasciato. Controllerai Ripley mentre attraversa livelli labirintici a scorrimento laterale combattendo contro le orde aliene. Lungo la strada puoi raccogliere varie armi per semplificarti la vita e un potenziamento che consente a Ripley di fare una capriola aiutandoti con i goffi controlli di salto del gioco.
All Night Nippon Super Mario Bros. (Japan) (En) (Promo)	All Night Nippon - Super Mario Bros. è stato un oggetto promozionale distribuito come premio del concorso dal programma radiofonico giapponese &quot;All Night Nippon&quot; per celebrare il suo ventesimo anno in onda. Combina i livelli di Super Mario Bros 1 e 2 e cambia anche la grafica degli oggetti e il loro posizionamento, nonché la grafica dei nemici e dei fermi dei funghi per i membri dello spettacolo.
Apple Town Monogatari - Little Computer People (Japan)	Una versione di Little Computer People per la versione Family Computer Disk System di Nintendo, pubblicata in Giappone da DOG (una sussidiaria di Square). Basato sul gioco originale di Activision. A differenza delle versioni precedenti di Little Computer People, il personaggio giocabile è una ragazza che indossa un vestito rosa e un fiocco tra i capelli. Anche le stanze della casa sono in una diversa configurazione, con un balcone esterno all'ultimo piano. Quando si gioca per la prima volta, il nome del personaggio viene scelto a caso da un elenco preprogrammato. Non ci sono condizioni vincenti in questo gioco che fondamentalmente guardi e interagisci con la ragazza in vari modi. Tuttavia, ad Apple Town Story mancano molte delle funzionalità presenti in altre versioni di Little Computer People.
Armana no Kiseki (Japan)	Un magico gioiello rosso noto come Almana viene rubato da un villaggio senza nome. Un ladro scappa con il gioiello e trasforma in pietra l'intero villaggio. Il giocatore assume il ruolo di Kaito, un eroe che assomiglia a Indiana Jones e deve viaggiare attraverso sei livelli cavernosi alla ricerca del gioiello perduto. La principale fonte di trasporto di Kaito è unica. Oltre a camminare e saltare, come la maggior parte dei giochi platform, deve anche usare uno speciale rampino per raggiungere piattaforme troppo alte. Per rendere le cose un po' più difficili, il rampino può essere lanciato solo da una direzione diagonale e non appena sopra.
Aspic - Majaou no Noroi (Japan)	Aspic è il sequel di uno dei primi giochi di Xtalsoft, Lizard. Aspic inizia proprio dove finisce Lizard. Il giocatore ottiene il Libro della Verità, necessario per spezzare la maledizione sulla principessa. Torna dal re solo per scoprire che la principessa è scomparsa. Tre giorni prima, un mago è apparso e ha informato il re che c'era un altro modo per salvare la principessa, così il re ha affidato la vita della principessa al mago. Ora che sei tornato, il re ti supplica di scoprire che fine hanno fatto il mago e la principessa.
Backgammon (Japan)	Backgammon è un semplice simulatore di backgammon che consente a un massimo di due giocatori di competere in partite di backgammon. Il gioco ha un tutorial che spiega come si gioca a backgammon e offre modalità Match Play per giocatore singolo (una tantum) e Tournament (partite multiple). C'è anche la modalità a due giocatori necessaria in cui due giocatori umani si alternano.
Bakutoushi Patton-kun (Japan)	Bakutoushi Patton-Kun è un gioco di combattimento di carri armati dall'alto simile nello stile al gioco di combattimento di Atari. È stato il primo titolo FDS a consentire a quattro giocatori di giocare contemporaneamente. Nel gioco, i giocatori tentano di distruggersi a vicenda i carri armati. Se un carro armato viene distrutto, il conducente del carro armato uscirà dal veicolo e dovrà cercare di rimanere in vita abbastanza a lungo da consentire a un carro armato di sostituzione di paracadutarsi dal cielo. Il gioco continua fino a quando un solo carro armato è l'unico sopravvissuto.
Baseball (Japan)	Una riedizione per Famicom Disk System nel 1986 di Famicom Baseball di Nintendo. Come nel baseball reale, lo scopo del gioco è segnare il maggior numero di punti. Sono supportati fino a due giocatori. Ogni giocatore può scegliere tra una delle sei squadre. Sebbene non vi sia alcuna differenza tra loro oltre al colore uniforme, hanno lo scopo di rappresentare i sei membri della Lega centrale giapponese.
Big Challenge! Dogfight Spirit (Japan)	Big Challenge! Dogfight Spirit è uno sparatutto a scorrimento verticale in cui il giocatore controlla un elicottero blu che combatte contro ondate di veicoli nemici e torrette di terra. Ogni missione porta l'elicottero in una parte diversa del mondo, ognuna con uno stile visivo distintivo anche se cromaticamente semplice. I potenziamenti del gioco, disponibili distruggendo i camion di rifornimento più piccoli che attraversano lo schermo, cambiano le armi dell'elicottero ma non le rendono più forti. È anche possibile recuperare l'arma originale più debole se il giocatore è troppo distratto. Questi vanno da un cannone (o laser) più potente che spara in avanti alle pistole che diffondono il fuoco in avanti e ai lati dell'elicottero.
Big Challenge! Go! Go! Bowling (Japan)	Big Challenge! Partire! Partire! Il bowling è il quarto e ultimo gioco della variegata serie Big Challenge di giochi Jaleco Famicom Disk System e l'ultimo gioco FDS della stessa Jaleco. Partire! Partire! Il bowling è una semplice simulazione del bowling a dieci birilli, il cui obiettivo è abbattere il maggior numero di birilli nel minor numero di lanci possibile. Ci sono cammei di parodie di personaggi famosi, tra cui Michael Jackson, che affronterai nella modalità di gioco principale.
Big Challenge! Gun Fighter (Japan)	Uno sceriffo deve sconfiggere i fuorilegge del selvaggio west e scoprire il più grande mistero che ha terrorizzato la città per decenni. Scorri i livelli e devi sconfiggere un certo numero di fuorilegge per estrarre il loro capo e finirlo in una sparatoria in terza persona. Le munizioni sono molto preziose e limitate in questo gioco e devono essere usate con saggezza.
Big Challenge! Juudou Senshuken (Japan)	Big Challenge! Judo Senshuken (lett. Big Challenge! Judo Championship) è un gioco sportivo competitivo a tema Judo sviluppato per Famicom Disk System e pubblicato da Jaleco Entertainment nel 1988. È il primo titolo di &quot;Big Challenge!&quot; di Jaleco. serie. Lo scopo del gioco è sconfiggere l'avversario usando mosse legali di Judo. Ciò comporta molte prese, spilli e lanci. Sconfiggere un avversario consente al giocatore di farsi strada nei ranghi del torneo fino a nemici progressivamente più difficili.
Bio Miracle Bokutte Upa (Japan)	Upa è il principe di un regno magico e il più recente di una stirpe di coraggiosi combattenti. Un giorno, però, ruppe un'urna contenente lo spirito di Zai, un demone capriccio incredibilmente malvagio che prende la forza vitale degli adulti del regno e rapisce tutti i bambini - tranne Upa, a cui viene dato un sonaglio magico da una fata che era intrappolato nell'urna insieme a Zai. E così, per salvare il suo regno, Upa entra in azione... Attraverserà livelli a scorrimento laterale con piattaforme e può gonfiare i nemici colpendoli con il suo sonaglio per utilizzarli come piattaforme temporanee o per lanciare gli avversari.
Bomberman (Japan) (Disk Writer)	Il nostro eroe, Bomberman, ha lavorato in una fabbrica di bombe situata in un labirinto sotterraneo. Si annoiava molto a fare bombe giorno dopo giorno. Un giorno, ha appreso di una voce che affermava che se un robot fosse mai riuscito a fuggire dal labirinto e raggiungere la superficie del mondo, il suo desiderio sarebbe stato esaudito e sarebbe diventato umano. Bomberman è determinato a scoprire se questa voce è vera.
Breeder (Japan)	In futuro c'è un colosseo con robot da combattimento automatizzati. È stato creato in modo che una civiltà spaziale possa ricercare e sviluppare le sue macchine da combattimento. I giocatori possono creare fino a otto di questi soldati di metallo per combattere l'uno contro l'altro nell'arena di combattimento. Per ogni macchina da combattimento, i giocatori ricevono fino a 999 punti per disperderla tra quindici diverse categorie come velocità, destrezza, armatura e abilità di salto della macchina. Ogni categoria costa una quantità diversa di punti per aumentare.
Bubble Bobble (Japan)	Il gioco ha come protagonisti i gemelli Bubble Dragons Bub e Bob in un gioco platform d'azione in cui i giocatori viaggiano attraverso cento livelli diversi, facendo scoppiare e spingendo bolle, evitando i nemici e raccogliendo una varietà di oggetti. L'obiettivo principale del gioco è salvare Bub e le ragazze di Bob dai mostri. Nel gioco, ogni giocatore controlla uno dei due Bubble Dragon, Bub e Bob. Il giocatore può spostarsi lungo le piattaforme, oltre a saltare su quelle sopra e di lato, in modo simile alla maggior parte dei giochi di piattaforma. I draghi possono soffiare bolle. Questi possono intrappolare i nemici, che vengono sconfitti se la bolla viene poi esplosa dalla schiena spinosa del giocatore. Le bolle galleggiano anche per un po' prima di scoppiare e possono essere saltate sopra, consentendo l'accesso ad aree altrimenti inaccessibili. I giocatori passano al livello successivo una volta sconfitti tutti i nemici del livello attuale.
BurgerTime (Japan) (Disk Writer)	Giochi come Chef Pepper e il tuo obiettivo è quello di preparare hamburger giganti mentre uova, salsicce e sottaceti malvagi ti inseguono nell'area di gioco. Per fare correttamente un hamburger devi assemblare tutti gli ingredienti insieme, facendoli cadere dall'alto nell'area dell'hamburger sottostante. Per farlo in realtà devi lasciare che Chef Pepper passi su tutti gli ingredienti dell'hamburger. Non appena un ingrediente (un pezzo di lattuga per esempio) è stato calpestato, passerà al livello successivo. Il cibo che cade schiaccerà qualsiasi nemico che ti segue e &quot;sbatterà&quot; anche qualsiasi altro ingrediente più in basso. Inoltre, come difesa di emergenza contro il cibo nemico, puoi raccogliere gli agitatori di pepe che ti permetteranno di sbuffare una piccola nuvola di pepe che stordirà momentaneamente i nemici, permettendoti di superarli.
Chitei Tairiku Ordola (Japan)	Chitei Tairiku Ordola (&quot;Underground Continent Ordola&quot;) è un platform d'azione Famicom Disk System di SunSoft e la terza parte della loro serie di giochi Chinou, ognuno dei quali prende in prestito un modello di gioco NES esistente (nel caso di Ordola, Atlantis no Nazo) e aggiunge problemi aritmetici a esso. In Ordola, i veri e propri enigmi matematici sono relegati a un minigioco ausiliario che si trova sul disco. L'obiettivo del gioco è aiutare un giovane esploratore a passare attraverso il mondo sotterraneo di Ordola, eliminando i nemici lungo il percorso con le sue bombe. Le bombe volano in un arco specifico, quindi il giocatore deve essere alla giusta distanza dal nemico per colpirlo. Il personaggio del giocatore può anche accovacciarsi, saltare, salire le scale e usare altre abilità comuni ai platform.
Cleopatra no Mahou (Japan)	I giocatori esplorano una città egiziana e le rovine da una prospettiva in prima persona. Il gioco combina elementi di gioco di ruolo con un'interfaccia simile a un gioco di avventura. I giocatori possono acquistare oggetti dai negozi, anche se alcuni negozianti devono essere sconfitti in battaglia prima di essere scambiati. Le battaglie sono a turni, con opzioni per combattere, usare oggetti o fuggire. I giocatori accumulano punti esperienza vincendo la battaglia e &quot;aumentano di livello&quot; dopo aver guadagnato abbastanza esperienza, il che aumenta la loro resistenza. Le battaglie incontrate casualmente con i nemici possono verificarsi in qualsiasi momento, anche quando sono in pausa per esaminare l'inventario.
Clu Clu Land (Japan) (En) (Disk Writer)	In Clu Clu Land, il giocatore è una femmina di pesce palloncino di nome Bubbles che nuota in un labirinto cercando di scoprire tutti i lingotti d'oro. La storia di Clu Clu Land inizia con un tipo di riccio di mare, l'Unira, che ruba tutti i tesori nel regno sottomarino di Clu Clu Land. Bubbles, l'eroina, si propone di recuperare il tesoro. Lo scopo del gioco è scoprire tutti i lingotti d'oro in ogni fase evitando l'Unira e i Buchi Neri. I lingotti di solito formano una forma come un cuore o un fungo. L'unico modo in cui Bubbles può girarsi per cambiare direzione è tramite i Turning Posts situati durante le fasi. Le bolle possono stordire l'Unira usando un'onda sonora. Quando sono storditi, Bubbles può spingerli contro un muro per liberarsene e ricevere punti. Se Bubbles viene ferito dall'Unira, perderà una vita. Una vita viene persa anche quando Bubbles cade in un buco nero o quando il tempo scade. Il gioco termina se Bubbles ha perso tutte le sue vite.
Cocona World (Japan)	Tu controlli una giovane strega che vaga per varie parti del regno. Ci sono molti abitanti animali con cui interagire, alcuni dei quali sono buoni e altri sono cattivi. Ci sono anche una serie di attività da svolgere e mini-giochi da giocare. Nel tempo, la strega chiederà che vengano eseguite determinate attività. Se non vengono eseguiti entro un certo periodo di tempo, il giocatore riceve una penalità. Nel tempo, l'umore e la forza del personaggio diminuiranno. Se entrambi non vengono mai ripristinati e scendono a zero, il gioco è finito. Questo gioco è stato rilasciato solo in Giappone e non è mai stato tradotto in inglese.
Dandy - Zeuon no Fukkatsu (Japan)	Una conversione del gioco per computer Atari 8-Bit Dandy. Anche se è stato cambiato parecchio per il suo pubblico giapponese e non assomiglia molto al gioco originale La vista è dall'alto e molto simile a Zelda, cammini ed esplori mentre usi la spada per sconfiggere vari nemici. Ci sono vari dungeon e villaggi che puoi visitare e il gioco ha anche un ciclo giorno/notte.
Dead Zone (Japan)	Nel calendario spaziale 0385, la Terra soffre di sovrappopolazione e gli umani hanno iniziato a costruire colonie spaziali. Kirk, il protagonista di Dead Zone, lavora per l'ufficio di sviluppo spaziale della Federazione terrestre. È un brillante ingegnere in fisica spaziale e lavora per la colonia del terzo pianeta Sirius. Si è anche fidanzato con la sua amata fidanzata Marry, ma hanno dovuto rimandare il loro matrimonio. Cinque mesi dopo, Kirk, accompagnato dal suo robot Carry, decide di incontrare finalmente Marry e di preparare la cerimonia. Ma quando arriva alla stazione spaziale, tutto tace. Poi un raggio di luce lo colpisce. Si sveglia a volte più tardi, all'interno di una sorta di cimitero sotterraneo, circondato da pezzi di robot smantellati.
Dig Dug (Japan) (Disk Writer)	L'obiettivo di Dig Dug è eliminare i mostri sotterranei gonfiandoli con una pompa ad aria fino a farli esplodere o facendo cadere rocce su di essi. Ci sono due tipi di nemici nel gioco: &quot;Pookas&quot; (una razza di simpatici mostri rossi rotondi, che si dice siano modellati sui pomodori, che indossano occhiali gialli) e &quot;Fygars&quot; (una razza di draghi verdi che possono sputare fuoco mentre i loro lampeggiano le ali).
Dig Dug II (Japan) (Disk Writer)	A differenza del primo gioco, Dig Dug II si svolge su un'isola con vista dall'alto. L'obiettivo è semplice: uccidere tutti i nemici nel round. Ci sono due tipi di nemici; I Pooka (i mostri rotondi rossi con gli occhiali) hanno solo il potere di uccidere un giocatore toccandolo, ma i Fygar (i draghi) hanno il potere di uccidere un giocatore toccandolo o sputando fuoco orizzontalmente per bruciarlo.
Dirty Pair - Project Eden (Japan)	Kei e Yuri, due simpatici investigatori spaziali, sono le eroine di questo gioco d'azione a scorrimento laterale di Bandai e basato sulla popolare serie di animazione Dirty Pair. Questo è stato rilasciato insieme al film Project Eden anche se non segue molto bene la trama del film reale. Anche il gioco è noto per la sua incredibile difficoltà.
Donkey Kong (Japan) (Disk Writer)	Tu sei Mario e quel grosso vecchio gorilla, Donkey Kong, è scappato con la tua ragazza. Sta a te lottare su quelle scale e bilanciarti su quelle travi per salvare la tua bella signora. È tenuta prigioniera in cima. Ma Donkey Kong non è pronto a rinunciare a lei così facilmente. Ti lancia barili e palle di fuoco ad ogni turno. Sta a te superare in astuzia quella scimmia scaltra. Buona fortuna, la tua signora aspetta!
Donkey Kong Jr. (Japan) (Disk Writer)	Mario è impazzito! Ha ribaltato la situazione su Donkey Kong e l'ha rinchiuso in una gabbia. Tocca a te, nei panni di Donkey Kong Jr., salvare tuo padre rubando il mazzo di chiavi di Mario. Ma non sarà facile. Dovrai combattere contro Snapjaw mangiatori di scimmie, saltare su isole mobili e sfondare una giungla di liane per ottenere le chiavi che libereranno Donkey Kong. Riesci a gestire l'azione? Perché questa strana faccenda delle scimmie ti farà impazzire!
Doremikko (Japan)	Doremikko è un gioco musicale sviluppato da Konami per Famicom Disk System e pubblicato alla fine del 1987. Come pochi altri giochi musicali del suo genere, viene fornito completo di una tastiera digitale che si collega al Famicom per comporre e riprodurre musica. L'inclusione di una grande tastiera con il gioco rende Doremikko il titolo Famicom Disk System più costoso al momento della sua vendita originale. Il titolo del gioco è spesso erroneamente tradotto come &quot;Dreamiko&quot;, ma è pensato per essere un gioco sui nomi per le prime tre note di una scala; Fai, Re, Mi. Essendo stato sviluppato da Konami, il gioco presenta in realtà un mix di musica Gradius e contiene un cameo di Vic Viper nella schermata del menu. È uscito solo in Giappone e non è mai stato tradotto in nessun'altra lingua.
Dr. Chaos - Jigoku no Tobira (Japan)	Dr. Chaos è un'avventura d'azione a scorrimento laterale sviluppata da Marionette e pubblicata da Pony Canyon. Il geniale scienziato Dr Ginn Chaos è scomparso. Prima della sua scomparsa, stava lavorando attivamente nella sua grande villa su un dispositivo che permetteva l'accesso a dimensioni alternative. Armato solo di un coltello, suo fratello decide di cercarlo e alla fine svela il mistero dietro l'incidente. Qualcosa ovviamente è andato terribilmente storto con l'esperimento del Dr. Chaos, e l'obiettivo del gioco è individuare tutte le undici zone di curvatura dimensionali nascoste all'interno della villa, oltre ad assemblare una potente pistola laser, l'unica arma in grado di abbattere l'ultimo capo.
Dracula II - Noroi no Fuuin (Japan)	L'ambientazione del gioco si svolge sette anni dopo l'originale Castlevania. Il prologo inizia quando Simon visita il luogo di riposo della sua famiglia. La sua schiena è gravemente ferita dal suo ultimo incontro con Dracula nel gioco precedente. Sente improvvisamente la presenza di qualcuno e si gira per vedere una giovane donna in piedi nella nebbia. Lei gli dice che una maledizione è stata lanciata su di lui da Dracula durante la loro ultima battaglia e che non gli resta molto da vivere. La donna continua a dire che la maledizione può essere annullata se resuscita lo stesso Dracula. Spiega inoltre che il corpo di Dracula è stato diviso in cinque parti diverse dopo la sua sconfitta sette anni fa, e Simon deve recuperarle e portarle alle rovine del castello di Dracula. Lì, deve sigillare Dracula e sconfiggerlo. Prima di scomparire, la donna sconosciuta dice che non può garantire che questo distruggerà Dracula in modo permanente.
Druid - Kyoufu no Tobira (Japan)	Druid è un gioco d'azione ispirato al successo arcade Gauntlet. Nei panni dell'eroe omonimo, il tuo compito è distruggere quattro teschi magici nascosti in otto livelli. Il gioco è presentato in una vista dall'alto verso il basso. Il druido cammina per il terreno cercando la scala che porta al livello successivo. Lungo la strada, viene molestato da orde di mostri che escono da ogni direzione e lo attaccano, diminuendo la sua salute. Per difendersi, il druido può usare gli incantesimi dell'acqua, del fuoco o dell'elettricità per lanciare proiettili. Tuttavia, queste armi magiche hanno munizioni limitate.
Egger Land (Japan)	La serie Eggerland è meglio conosciuta al di fuori del Giappone come serie The Adventure of Lolo. Il gioco è spesso chiamato &quot;Syodai&quot; o &quot;il primo&quot;. Il gioco è un remake di &quot;Meikyuu Shinwa&quot; (Eggerland 2; letteralmente &quot;Labyrinth Myth&quot;) per MSX2 Home Computer System con grafica aggiornata e musica diversa. Inoltre, in questo remake è stata scambiata la posizione di alcune stanze speciali, ed è stata introdotta una battaglia finale contro il boss. In questo Eggerland, Lolo deve farsi strada attraverso una serie non lineare di stanze, la maggior parte delle quali occupa una disposizione 10x10 lungo il piano nobile di un castello. Molte stanze hanno più di un'uscita tra cui Lolo può scegliere e una mappa può essere raccolta lungo il percorso per fornire al giocatore informazioni su dove si trova e quali stanze sono già state visitate. È necessario trovare ingressi segreti alle camere nascoste in modo che le chiavi possano essere raccolte, consentendo al giocatore di esplorare più in profondità il castello.
Egger Land - Souzou e no Tabidachi (Japan) (Disk Writer)	Souzou he no Tabidachi si traduce in &quot;Partenza per la Creazione&quot;. Come con &quot;Revival of the Labyrinth&quot;, questa è una descrizione appropriata del gioco stesso. Fa riferimento al fatto che riporta la modalità di creazione dall'originale alla serie, dopo che è stata abbandonata nelle due puntate precedenti. Assomiglia ulteriormente al primo titolo in quanto è anche una delle voci più basilari del franchise e tra le versioni giapponesi più facili. È anche considerato il gioco più breve dell'intera serie, con solo cinquanta puzzle in tutto. Dato che i predecessori ne avevano tutti un centinaio o più, questo potrebbe sembrare un problema, ma il calibro dei puzzle è più alto che mai. Quindi, se hai trovato i prequel un po' travolgenti, allora questo potrebbe essere il migliore dei primi titoli con cui iniziare. È interessante notare che questo sembra essere stato uno dei titoli FDS disponibili esclusivamente dalle macchine Disk Writer, in quanto non sembra essere mai stato rilasciato al dettaglio.
Electrician (Japan)	Il personaggio del giocatore è un giovane elettricista chiamato Richard Light. Deve installare cavi elettrici in condomini in varie città americane. In ogni edificio, Richard naviga nei corridoi di servizio per collegare i fili elettrici tra ogni stanza, mentre lo fa, gli animali minacciano di masticare i fili. Quando un collegamento elettrico è completo, i fili sotto tensione illuminano le stanze collegate e fulminano gli animali &quot;nemici&quot; al contatto. Se Richard tocca uno qualsiasi dei topi, pipistrelli o insetti giganti nel corridoio, perde una vita. Negli edifici, il giocatore guadagna punti illuminando le stanze e fulminando ratti, pipistrelli e insetti. Di tanto in tanto, appare un ladro; intercettarlo premia il giocatore con punti bonus e una campana, che vale un 1-up.
Esper Dream (Japan)	Questa è una storia che è successa nel lontano villaggio da dove vivi. Questo villaggio era pieno di un profumo bello, tranquillo e misterioso. Tuttavia, gli abitanti del villaggio hanno sofferto di una tragedia inaspettata. Il clan del Male chiamato tribù Narcisse, iniziò a cercare la magia nascosta nel nostro villaggio. Ancora peggio, hanno rapito la figlia del nostro sindaco, Alice. Per favore, vai avanti e salva Alice e porta la pace nella nostra terra!
Exciting Baseball (Japan)	Simulatore di baseball, Exciting Baseball segue Exciting Billiards e Exciting Basket (meglio noto come Double Dribble in Occidente) nella serie di giochi sportivi di Konami per il Famicom Disk System. Come gli altri della serie Exciting, è un semplice esemplare del suo particolare sport. Non ha lo stile dei due giochi originali di Exciting, in quanto non ha mai avuto un antecedente Arcade.
Exciting Basket (Japan)	Exciting Basket (noto negli Stati Uniti come Double Dribble) è stato un gioco arcade di basket sviluppato e pubblicato nel 1987 da Konami. Gran parte della popolarità del gioco deriva dalle sue sequenze di animazione che mostrano i giocatori di basket che eseguono schiacciate. I giocatori possono scegliere tra una delle quattro squadre: Boston, Chicago, Los Angeles e New York. Non c'è differenza di livello di abilità o abilità tra le squadre. Poiché non esiste una licenza NBA, non vengono utilizzati nomi di squadre o nomi di giocatori, tuttavia, le squadre indossano lo stesso colore delle loro controparti NBA (Boston indossa verde, Chicago rosso, ecc.).
Exciting Billiard (Japan)	Exciting Billiard è un gioco di simulazione di biliardo sviluppato e pubblicato da Konami per Family Computer Disk System nel 1987. È stato il primo della serie &quot;Exciting Sports&quot; di Konami prodotta per Nintendo Famicom, simile all'etichetta &quot;Family Sports&quot; di Namco. Exciting Billiard offre ai giocatori quattro modalità di gioco. Break Shot è una modalità solo per giocatore singolo, in cui il giocatore compete contro altri giocatori di biliardo per soldi, cercando di guadagnare abbastanza soldi per passare a luoghi più alti e più impressionanti con importi crescenti su ogni scommessa. Le restanti tre modalità possono essere giocate da uno a quattro giocatori alla volta (controllati da umani o computer), con i progressi di ciascun giocatore che possono essere salvati su disco.
Exciting Soccer - Konami Cup (Japan)	I giocatori selezionano una delle varie squadre di calcio e mirano a diventare la migliore squadra del campionato. Ogni squadra possiede diversi livelli di forza del calcio, resistenza, tecnica di dribbling, abilità difensive e fortuna. Sono impostati all'inizio del gioco, ma possono essere migliorati attraverso l'allenamento. Durante il gioco, la vista del campo è una vista a volo d'uccello, con entrambi gli obiettivi situati nelle sezioni superiore e inferiore del campo. Sebbene questo gioco sia considerato una versione relativamente minore, il suo finale BGM intitolato &quot;Seaside Memory&quot; è molto apprezzato.
Fairytale (Japan)	Un gioco di strategia su un gruppo di bambini che vanno a combattere contro un esercito di maiali che è apparso improvvisamente vicino al loro villaggio. I bambini e i maiali, a turno, si muovono su una mappa prima di entrare in battaglie a turni semi-reali. Un gioco carino ma sorprendentemente difficile e l'ultima delle uscite di Soft Pro International per Famicom Disk System.
Falsion (Japan)	L'umanità ha colonizzato la maggior parte dei pianeti nella nostra galassia, la Via Lattea, e ora cerca di espandere la propria portata utilizzando una tecnologia di viaggio sperimentale chiamata &quot;Hyperzone Drive&quot;. Tuttavia, una razza di alieni che ha già padroneggiato quella tecnologia sta attualmente invadendo i pianeti a un ritmo rapido, avvicinandosi al nostro sistema solare. Gli invasori attaccano la colonia umana su Plutone e la conquistano con poca resistenza, poiché la civiltà umana non ha la tecnologia per difendersi.
Famicom Grand Prix - F1 Race (Japan) (DV 1) (Disk Writer)	Competi in campionati o cerca di battere il tuo miglior tempo in questo gioco di corse di Formula 1 dall'alto. Famicom Grand Prix: F1 Race ti offre 10 piste su cui correre con condizioni asciutte o piovose. Oltre a mantenere tutte e quattro le ruote sulla strada, è necessario gestire l'usura delle gomme, i danni e il carburante per assicurarsi la vittoria. Fermarsi nella fossa per la manutenzione al momento giusto può fare la differenza tra vittoria e sconfitta. Ci sono anche 24 diverse auto da acquistare con le tue vincite con attributi variabili tra cui velocità, efficienza del carburante, forza del corpo e resistenza dei pneumatici.
Famicom Grand Prix II - 3D Hot Rally (Japan) (DV 8) (Disk Writer) (Famicom 3D System)	È il sequel di Famicom Grand Prix: F-1 Race, sebbene i due giochi siano molto diversi. Il gioco è simile a Rad Racer, che è stato rilasciato in precedenza. Famicom Grand Prix II: 3D Hot Rally segna la prima volta che Luigi è apparso più alto e più snello di Mario in una scatola d'arte. Il gioco non è mai stato rilasciato in America o in Europa. HAL Laboratory non ha sviluppato il gioco, sebbene Nintendo gli abbia assegnato il compito di ridisegnare i floppy disk e programmarlo una volta che i dischi non funzionavano correttamente.
Famicom Mukashibanashi - Shin Onigashima - Kouhen (Japan)	C'era una volta una coppia di anziani che viveva nel villaggio di Nagakushi, un piccolo villaggio situato in cima alle montagne. La coppia non ebbe figli, finché un giorno fu loro affidata la cura di un bambino e una bambina, come profetizzato in sogno. Gli anni passarono e quando i due bambini avevano 8 anni, nella capitale occidentale si verificò un fatto terribile. Un drago malvagio è apparso improvvisamente in città, trasformando gli umani in oni, orchi che succhiano via le anime di altri umani. L'oni avanzò fino al villaggio di Nagakushi, rubando le anime dell'anziana coppia. Fortunatamente i due bambini sono rimasti illesi e si sono messi alla ricerca per salvare i loro genitori adottivi, senza rendersi conto che questa avventura avrebbe rivelato il segreto delle loro vere origini...
Famicom Mukashibanashi - Shin Onigashima - Zenpen (Japan) (DV 2, 3) (Disk Writer)	Il gioco è reso come altri giochi di avventura per il sistema, come gli omicidi seriali di Portopia o Hokkaido, sebbene con una presentazione di fiabe molto più fluida piuttosto che un thriller poliziesco. La storia del gioco si basa sul folklore popolare giapponese secolare come la storia di Momotaro e sui racconti che descrivono gli Oni demoniaci e le loro buffonate. I personaggi originali creati per questo gioco sarebbero poi stati referenziati dai futuri prodotti Nintendo con elementi retrospettivi, come Captain Rainbow o la serie Super Smash Bros (SSB Brawl aveva anche una versione remixata della musica di Shin Onigashima per il palco Ice Climbers). 1]
Famicom Mukashibanashi - Yuuyuuki - Kouhen (Japan)	Yuuyuki è un gioco di avventura che si gioca scegliendo tra vari comandi di testo visualizzati sullo schermo. Assomiglia al suo predecessore, Shin Onigashima, nell'implementazione del comando &quot;Cambia personaggio&quot;, nell'uso delle fiabe tradizionali giapponesi e nel design generale e nell'aspetto dello schermo. La trama è una parodia del romanzo cinese Viaggio in Occidente, in cui due personaggi principali, Goku e Chao, intraprendono viaggi separati per incontrarsi. [Disco 2]
Famicom Mukashibanashi - Yuuyuuki - Zenpen (Japan)	Yuuyuki è un gioco di avventura che si gioca scegliendo tra vari comandi di testo visualizzati sullo schermo. Assomiglia al suo predecessore, Shin Onigashima, nell'implementazione del comando &quot;Cambia personaggio&quot;, nell'uso delle fiabe tradizionali giapponesi e nel design generale e nell'aspetto dello schermo. La trama è una parodia del romanzo cinese Viaggio in Occidente, in cui due personaggi principali, Goku e Chao, intraprendono viaggi separati per incontrarsi. [Disco 1]
Famicom Tantei Club - Kieta Koukeisha - Kouhen (Japan)	La storia inizia con un uomo di nome &quot;Amachi&quot; che scopre il protagonista caduto a terra vicino a una scogliera. Il protagonista scopre di aver perso la memoria e, dopo essersi ripreso, rivisita la scogliera e incontra una giovane donna di nome Ayumi Tachibana. Ha appreso da Ayumi di essere un assistente detective che indaga sulla morte di Kiku Ayashiro e si dirige nella vicina tenuta di Ayashiro, situata nel villaggio di Myoujin. La famiglia Ayashiro possiede un grande appezzamento di terra che viene tramandato di generazione in generazione, ma c'è uno strano detto nel villaggio che i morti torneranno in vita per uccidere chiunque tenti di rubare il tesoro della famiglia Ayashiro. Mentre il protagonista indaga sulla misteriosa morte di Kiku Ayashiro, scopre la terrificante connessione tra questo detto e gli omicidi seriali che avvengono. [Disco 2]
Famicom Tantei Club - Kieta Koukeisha - Zenpen (Japan) (DV 1, 3)	Lo scenario è stato scritto da Toru Osawa e Nagihiro Asama, basato sul concetto di Yoshio Sakamoto. La storia inizia con un uomo di nome &quot;Amachi&quot; che scopre il protagonista caduto a terra vicino a una scogliera. Il protagonista scopre di aver perso la memoria e, dopo essersi ripreso, rivisita la scogliera e incontra una giovane ragazza di nome Ayumi Tachibana. Apprende da Ayumi di essere un assistente investigativo che indaga sulla morte di Kiku Ayashiro e si dirige verso la vicina tenuta di Ayashiro situata nel villaggio di Myoujin. La famiglia Ayashiro possiede un enorme appezzamento di terra tramandato di generazione in generazione, ma c'è uno strano detto nel villaggio che i morti torneranno in vita per uccidere chiunque tenti di rubare il tesoro della famiglia Ayashiro. Mentre il protagonista indaga sulla misteriosa morte di Kiku Ayashiro, scopre la terrificante connessione tra questo detto e gli omicidi seriali che avvengono.
Famicom Tantei Club Part II - Ushiro ni Tatsu Shoujo - Kouhen (Japan) (DV 3, 4)	Ushiro ni Tatsu Shojo è il successore e un prequel di Famicom Tantei Club: Kieta Kokeisha, ed è il secondo gioco della serie Famicom Tantei Club. Il suo scenario è stato scritto da Nagihiro Asama, basato sul concetto di Yoshio Sakamoto. Kenji Yamamoto ha composto la musica del gioco. La popolarità di Part I: Kieta Kokeisha ha portato all'uscita di questo sequel, che utilizzava un gameplay simile all'avventura grafica. Il gioco è stato ripubblicato sul servizio di riscrittura delle cartucce Nintendo Power per Super Famicom nel 1998 con grafica e audio migliorati.
Famicom Tantei Club Part II - Ushiro ni Tatsu Shoujo - Zenpen (Japan)	Ushiro ni Tatsu Shojo è il successore e un prequel di Famicom Tantei Club: Kieta Kokeisha, ed è il secondo gioco della serie Famicom Tantei Club. Il suo scenario è stato scritto da Nagihiro Asama, basato sul concetto di Yoshio Sakamoto. Kenji Yamamoto ha composto la musica del gioco. La popolarità di Part I: Kieta Kokeisha ha portato all'uscita di questo sequel, che utilizzava un gameplay simile all'avventura grafica. Il gioco è stato ripubblicato sul servizio di riscrittura delle cartucce Nintendo Power per Super Famicom nel 1998 con grafica e audio migliorati.
Family Composer (Japan) (Disk Writer)	Family Composer è stato sviluppato dallo stesso team che ha creato Ikinari Musician per Famicom all'inizio dello stesso anno. Come Ikinari Musician, non è proprio un gioco, ma piuttosto un simulatore musicale. A differenza di Ikinari Musician, Family Composer offre ai giocatori un maggiore controllo sulla musica riprodotta e consente loro persino di comporre nuove canzoni e registrare le composizioni su disco. In molti modi, può essere visto come un precursore della funzione di composizione musicale di Mario Paint.
Famimaga Disk Vol. 1 - Hong Kong (Japan)	Hong Kong, o Famimaga Disk Vol. 1 Hong Kong, è una variante di Shanghai in cui i giocatori devono rimuovere le tessere specificate da uno schema. Il giocatore può selezionare quale modello (dalle piramidi e clessidre ai disegni più complessi) da cui disegnare le tessere e inserire un codice di tre lettere che offre diverse migliaia di possibili combinazioni delle tessere all'interno di quel modello.
Famimaga Disk Vol. 2 - Panic Space (Japan) (Disk Writer)	Panic Space, o Famimaga Disk Vol. 2 Panic Space, è un gioco di puzzle in cui l'obiettivo è quello di riflettere un laser su un pannello di uscita per aprire la strada alla fase successiva. Il laser non può colpire nessuna delle pareti circostanti del livello: se lo facesse, il livello esploderebbe e il giocatore perderebbe una vita (da un'assegnazione iniziale di cinque, anche se questa può essere aumentata durante il gioco). La maggior parte delle volte i vari riflettori (che inviano il raggio con un angolo di 90 gradi) e i blocchi (che semplicemente fermano il laser nelle sue tracce) devono essere manovrati in posizione prima di testare il laser su di essi.
Famimaga Disk Vol. 3 - All 1 (Japan) (Disk Writer)	All One, o Famimaga Disk Vol. 3 All One, è un gioco di puzzle in cui il giocatore controlla una coccinella che spinge sui dadi. L'obiettivo di ogni fase è spingere tutti i dadi dalla loro parte in modo che il loro lato &quot;uno&quot; sia rivolto verso l'alto. Al giocatore viene data una finestra di visualizzazione in prima persona più piccola dalla prospettiva della coccinella per consentire loro di vedere i lati di ciascun dado e pianificare la propria strategia.
Famimaga Disk Vol. 4 - Clocks (Japan) (Disk Writer)	Clox, o Famimaga Disk Vol. 4 Clox, è un puzzle game a blocchi che cadono superficialmente simile a Tetris o Columns. Singoli quadranti che raffigurano uno dei quattro angoli cadono dall'alto e il giocatore deve manipolarli e posizionarli in modo che possano formare oggetti più grandi, come formazioni semplici come quadrati, diamanti e forme a clessidra fino a forme più complesse come ottagoni ed esagoni.
Famimaga Disk Vol. 5 - Puyo Puyo (Japan) (Disk Writer)	Puyo Puyo è la prima voce della serie Puyo Puyo di Compile. È stato rilasciato su MSX e Famicom Disk System il 25 ottobre 1991; la versione FDS è stata pubblicata da Tokuma Shoten come parte della linea di giochi &quot;Famimaga Disk&quot;. La versione FDS sarebbe stata successivamente rilasciata su un carrello Famicom nel 1993. A Puyo Puyo sarebbe seguito un gioco arcade molto più popolare con lo stesso nome.
Famimaga Disk Vol. 6 - Janken Disk Jou (Japan) (Disk Writer)	Janken Disk Jou, o Famimaga Disk Vol. 6 Janken Disk Jou, è un gioco di puzzle in cui il protagonista (che assomiglia stranamente a Disk-kun, la mascotte del Famicom Disk System) deve affrontare un labirinto di enigmi. In ogni stanza ci sono tre varianti di blocchi a forma di mano tra l'eroe e l'uscita: ognuno fa il gesto delle &quot;forbici&quot;, il gesto della &quot;sasso&quot; o il gesto della &quot;carta&quot;. Spingere un blocco adiacente ad un altro di tipo diverso fa sparire quello che era l'inferiore (ad esempio con carta e sasso, sasso è l'inferiore).
Final Command - Akai Yousai (Japan)	I tuoi compagni d'armi sono ostaggi dietro le linee nemiche e tu sei la loro unica speranza di libertà. Ma la potenza di fuoco che dovrai affrontare per salvarli è fantastica. Cannoni, carri armati, sottomarini e cecchini ti faranno esplodere con orribili fuoco incrociato, mentre i caccia a reazione puntano dall'alto. Per difenderti, controlli l'avanzata jeep d'attacco fuoristrada dell'esercito, con il suo arsenale di missili guidati e granate incendiarie. Ovviamente questi sono solo strumenti e per salvare i tuoi connazionali avrai bisogno di più di una manciata di polvere da sparo. Avrai bisogno di una manciata di miracoli e della ferocia di uno sciacallo selvaggio!
Fire Bam (Japan)	Bam è un ragazzo coraggioso di quindici anni. Come ogni ragazzo della sua età, Bam deve superare la prova del villaggio e riportare il guscio di un insetto dalla foresta. Ma quando torna, e con sua grande sorpresa, la maggior parte del villaggio è stata distrutta ei suoi genitori si sono trasformati in demoni. Armato della sua spada, Bam parte alla ricerca di ciò che è accaduto al villaggio e ai suoi genitori.
Fire Rock (Japan)	Fire Rock è un gioco d'azione sviluppato per Famicom Disk System da System Sacom e pubblicato in Giappone da Use nel 1988. Il design del gioco è attribuito a Mark Flint. Nel gioco, il giocatore controlla quello che sembra essere un uomo delle caverne, il cui obiettivo è navigare in una serie di caverne piene di oggetti nel tentativo di individuare il boss del livello, sconfiggerlo e quindi individuare la porta che conduce al prossimo livello. Il gioco è comunemente considerato avere controlli molto scarsi, che spesso richiedono al giocatore di aggrapparsi a un muro e di arrampicarsi molto lentamente tenendo in alto e toccando ripetutamente Salto.
Fuuun Shourin Ken (Japan)	In Fuuun Shourin Ken, controlli un artista marziale emergente che si sforza di sconfiggere altri grandi combattenti. Per farlo, devi utilizzare una vasta gamma di attacchi per sconfiggere il tuo avversario prima che ti metta fuori combattimento per primo. Gareggerai in sei diverse scene contro 13 diversi avversari. Il gioco segue la scia di Yie Ar Kung-Fu e precede l'originale Street Fighter di solo un paio di mesi. Presenta concetti simili come una distinzione tra attacchi di pugno e calcio, direzioni relative e una barra della salute per ogni combattente, raffigurato come una serie di ventagli di carta.
Fuuun Shourin Ken - Ankoku no Maou (Japan) (Famicom 3D System)	Fuuun Shourin Ken: Ankoku no Maou è il sequel di Fuuun Shourin Ken, pubblicato quasi esattamente un anno prima. Come il suo predecessore, presenta concetti come una distinzione tra attacchi di pugno e calcio, direzioni relative e una barra della salute per ogni combattente. Ankoku no Maou ha combinato l'aspetto di combattimento uno contro uno del gioco con una presentazione di una visual novel che ti ha permesso di selezionare il tuo prossimo avversario. Ha anche alterato lo schema di controllo in qualcosa di leggermente più convenzionale.
Galaga (Japan) (Disk Writer)	L'obiettivo di Galaga è ottenere più punti possibili distruggendo nemici simili a insetti. Il giocatore controlla un caccia stellare che può muoversi a sinistra ea destra lungo il fondo del campo di gioco. I nemici sciamano in gruppi in una formazione vicino alla parte superiore dello schermo, quindi iniziano a volare verso il giocatore, sparando proiettili e tentando di schiantarsi contro di loro. Nelle fasi successive, alcuni nemici escono persino da un gruppo in entrata nel frenetico tentativo di schiantarsi contro il giocatore. Il gioco termina quando l'ultimo combattente del giocatore viene perso a causa di una collisione con un nemico, colpito da un proiettile nemico o catturato.
Galaxian (Japan) (Disk Writer)	Il gameplay è relativamente semplice. Sciame dopo sciame di eserciti alieni attaccano la nave del giocatore che si muove a sinistra ea destra nella parte inferiore dello schermo avvolgente. La nave può avere solo uno scatto alla volta sullo schermo. Il giocatore sconfigge uno sciame, solo per averlo sostituito da un altro sciame più aggressivo e impegnativo nella fase successiva. Un semplice e ripetitivo starfield scorre sullo sfondo.
Gall Force - Eternal Story (Japan)	Basato sull'anime con lo stesso nome, Gall Force è un gruppo di serie di anime di fantascienza OAV dello studio Artmic, con la produzione di Youmex e AIC. I disegni dei personaggi originali erano di Kenichi Sonoda. Nella trama originale, una guerra galattica preistorica infuria per troppo tempo tra i Solnoidi femminili e gli amorfi Paranoidi. Nel bel mezzo della battaglia, un piano che è stato segretamente ordito dai leader di entrambe le parti si concretizza e un ignaro equipaggio di sette soldati Solnoid a bordo dell'Incrociatore di classe Kulanis chiamato Star Leaf viene coinvolto nel mezzo.
German Tanteidan MarinGumi - Maruhi Jigomar Sousa File (Japan)	Jaaman Tanteidan: Matonarikumi (noto anche come Jaaman Tanteidan Marine Kumi: Mercier Jigoma Sousa File) è un gioco di avventura che utilizza la licenza di uno show televisivo che è stato anche la base del gioco d'azione Omoikkiri Tanteidan Haado Gumi: Matenrou no Chousenjou. gioco una squadra di detective scolari rintraccia un ladro sfuggente.
Ginga Denshou - Galaxy Odyssey (Japan)	Ginga Denshou - Galaxy Odyssey è un gioco sviluppato per Family Computer Disk System da Wave Jack e pubblicato da Imagineer nel 1986. A differenza della maggior parte dei giochi per FDS, Galaxy Odyssey non è fornito solo con un disco e un libretto di istruzioni. Tra i contenuti trovati nella grande scatola c'erano una cassetta audio e un libro che raccontava la storia del gioco. Anche il gioco in sé è piuttosto insolito.
Gokuraku Yuugi - Game Tengoku (Japan)	Questa raccolta di giochi di carte e da tavolo sul Famicom Disk System include 8 giochi non così comuni e deviazioni del solito gioco che potresti aspettarti dal nome. Dal menu principale, scorri i giochi con le direzioni Sinistra e Destra. Premi START per iniziare una partita. A volte ti viene chiesto prima di scegliere il numero di giocatori che puoi confermare con il pulsante A.
Golf (Japan) (Rev 2) (Possible Proto)	Una conversione del gioco per Nintendo Famicom sul Famicom Disk System. Golf è un videogioco di simulazione sportiva uscito nel 1984. Il giocatore di golf è un uomo baffuto che assomiglia a Mario. Il personaggio del giocatore uno indossa una camicia bianca e scarpe con pantaloni blu e usa una palla bianca, mentre il personaggio del giocatore due indossa una maglietta rossa e scarpe con pantaloni neri e usa una palla rossa.
Golf (Japan)	Una conversione del gioco per Nintendo Famicom sul Famicom Disk System. Golf è un videogioco di simulazione sportiva uscito nel 1984. Il giocatore di golf è un uomo baffuto che assomiglia a Mario. Il personaggio del giocatore uno indossa una camicia bianca e scarpe con pantaloni blu e usa una palla bianca, mentre il personaggio del giocatore due indossa una maglietta rossa e scarpe con pantaloni neri e usa una palla rossa.
Golf - Japan Course (Japan) (DV 2)	Il giocatore può prendere il controllo delle mascotte Nintendo, Mario e Luigi, e giocare su percorsi ispirati a veri campi in Giappone. Il giocatore può scegliere match play o stroke play. Il match play coinvolge due giocatori di golf che cercano di vincere il maggior numero di buche. Vincono buche ottenendo un punteggio migliore rispetto al loro concorrente. Il gioco a colpi è diverso perché il giocatore deve solo ottenere il punteggio più alto possibile completando ogni buca.
Golf - US Course (Japan) (DV 2) (Disk Writer)	Questa versione del gioco offriva ai giocatori la possibilità di inviare il proprio punteggio tramite un servizio FAX. Si è quindi svolto un concorso e i primi 100 vincitori hanno ricevuto a casa una targa con inciso il loro nome, nonché una versione speciale del gioco in un dischetto dorato chiamato Golf: Special Course. Altri 9.900 dischetti d'oro sono stati donati senza la targa, ma le circostanze della loro donazione sono sconosciute.Il gioco è più o meno lo stesso di Golf: US Course, ma più difficile.
Goonies (Japan) (Disk Writer)	I Goonies si basa leggermente sul film con lo stesso nome, in cui un ragazzo di nome Mikey e i suoi amici scoprono il tesoro di un pirata appena in tempo per impedire che la loro città natale venga conquistata da avidi promotori. Mentre il gioco riprende alcuni degli aspetti del film, ne consegue una trama decisamente diversa, con la banda di Mikey che viene catturata dalla famiglia Frateli. Mikey deve salvarli esplorando i sotterranei. Ci sono sei livelli in tutto. I potenziamenti e i diamanti sono nascosti, dopo che il giocatore ha completato le fasi del primo livello di difficoltà, passa al secondo livello. Un sacco di segreti sono sparsi per tutto il gioco.
Green Beret (Japan)	Basato sull'omonimo gioco arcade, l'obiettivo del giocatore nella versione FDS è stato cambiato dal salvataggio dei prigionieri alla distruzione di un'arma segreta sviluppata nel quartier generale del nemico. Inoltre, è stata introdotta anche una modalità cooperativa a 2 giocatori, che consente a due giocatori di giocare contemporaneamente (con il giocatore 1 in blu e il giocatore 2 in rosso). Le meccaniche di gioco sono sostanzialmente identiche alla versione arcade, tuttavia il Lanciafiamme viene rimosso (rimangono solo il Lanciarazzi e le Granate) e vengono introdotti due nuovi potenziamenti: un Marchio a stella che garantisce l'invincibilità e una pistola con munizioni illimitate, entrambi sono utilizzabili solo per un periodo limitato.
Gun.Smoke (Japan)	Gun.Smoke di Capcom ci riporta ai giorni della corsa all'oro, in una vivace cittadina mineraria nel Vecchio West. I banditi spietati che rubano l'oro terrorizzano la gente della città e devi fermarli! I ladri sono famigerati assassini e quando ti sfidano a un giveaway, giocano per sempre! Sebbene la tua abilità di tiro sia leggendaria, questo potrebbe essere il Mezzogiorno di fuoco più difficile che puoi affrontare. Ma devi difenderti, questa città non è abbastanza grande per te e per loro!
Gyruss (Japan)	È l'anno 2500 d.C. C. e l'umanità è penetrata ai margini della galassia, stabilendo colonie di pace da Mercurio a Plutone. Improvvisamente, la tranquillità della Via Lattea si trasforma in furia spumeggiante mentre eserciti di morti aliene invadono il nostro sistema solare come api assassine che predano un innocente passante. Nessuno si salva. Anche la cara Madre Terra è punto. Questi viscidi Visigoti cosmici stanno morendo di fame. E, guidati dall'immortale Gengis Khan, sono determinati a distruggere la civiltà. Con la nostra flotta galattica appiattita, tu sei il cowboy spaziale solitario che è fuggito dal ponte del destino di Gyruss. Ora devi attraversare la galassia, scatenando pianeti attaccando innumerevoli attacchi nemici con cannoni Neo-Bomb-Blastic e Phaser Ultra-Lazonic.
Halley Wars (Japan)	È la metà del 21° secolo. Gli eserciti di Lord Halley stanno lanciando attacchi sul pianeta Terra. Sei l'ultima possibilità per la Terra, pilotando un'imbarcazione sviluppata appositamente per ingaggiare queste orde. Devi farti strada attraverso le loro difese fino all'obiettivo finale, la base aliena. La battaglia finale sta per iniziare!
Hao-kun no Fushigi na Tabi (Japan)	Come mio apprendista, hai studiato a lungo per padroneggiare i segreti della magia. Ora è giunto il momento di metterti alla prova. Devi viaggiare verso i quattro castelli misteriosi alla ricerca di quattro talismani magici. Lungo il percorso affronterai molti pericoli: i castelli sono pieni di passaggi sotterranei e intricati labirinti, dove potresti perderti per sempre! E strane creature si aggirano per i castelli, pronte a balzare su di te quando meno te lo aspetti! Ma troverai poteri magici nascosti lungo la strada, per aiutarti in questo viaggio misterioso. I talismani magici che cerchi sono i più grandi doni conosciuti dall'uomo: ricchezza, saggezza, felicità e pace. Vai ora, completa la tua ricerca e dimostra di essere un mago eccezionale quanto me!
Hikari Shinwa - Palthena no Kagami (Japan)	In un'epoca in cui uomini e dei vivevano in armonia, due dee regnavano sul Regno degli Angeli: Palutena, quella della Luce e Medusa, quella delle Tenebre. Palutena fornisce luce e aiuta i mortali con i loro raccolti; Medusa, li disprezza, usa l'oscurità per distruggere i loro raccolti e li trasforma in pietra. Furiosa, Palutena trasformò Medusa in un mostro orribile e la bandì nel Mondo Oscuro.
Hikaru Genji - Roller Panic (Japan)	Il tuo obiettivo nel gioco è quello di equipaggiare i 7 membri della band con i pattini per fare il grande concerto nell'arena. Penso che tu possa affrontare la parte di ogni membro della band in qualsiasi ordine, ma se hai problemi segui lo stesso flusso del tutorial qui sotto. Puoi cambiare i personaggi mentre sei nel gioco.
I Am a Teacher - Super Mario no Sweater (Japan)	I Am a Teacher: Super Mario Sweater è stato progettato per essere un simulatore di cucito. I giocatori sono stati in grado di progettare maglioni, aggiungendo immagini di personaggi famosi come Mario, Luigi, Peach e Bowser nel processo. È stato ideato da Royal Industries Co. Ltd., un'azienda giapponese di elettrodomestici e macchine da cucire. Royal Industries Co. Ltd. si rese conto di poter trarre profitto da un programma di progettazione di maglioni, che portò allo sviluppo di questo gioco. 2/3 di Dieu
I Am a Teacher - Teami no Kiso (Japan)	I Am A Teacher: Teami no Kiso (approssimativamente &quot;I am a teacher: the basics of hand knitting&quot;) è uno strumento educativo per aiutare i futuri knitters a creare i propri vestiti. L'utente può inserire la quantità, la lunghezza e il tipo di lana e la taglia e il tipo dell'articolo che desidera creare e il programma creerà una guida per aiutarlo a raggiungere questo obiettivo.
Ice Climber (Japan) (En) (Disk Writer)	In Ice Climber uno o due giocatori devono tentare di scalare fino in cima 32 differenti montagne. Ogni montagna è divisa in 8 livelli di piattaforme insieme ad un livello bonus in cima. Per tentare di fermare il giocatore nel fare progressi verso la vima ci sono differenti creature che vanno dagli orsi polari ai condor, ma anche dei paesaggi che nascondono varie insidie, con ghiaccioli che cadono, piattaforme in movimento e pavimenti ghiacciati. L'unico aiuto è l'unica arma fornita al giocatore, un martello, che può essere utilizzato per schiacciare via i nemici e per distruggere i mattoncini sulle piattaforme in modo da avere più spazio per saltare al livello successivo. Una volta raggiunta la cima è il momento di passare al più complicato livello successivo.
Ice Hockey (Japan)	Il gameplay di Ice Hockey è simile a quello dell'hockey su ghiaccio nella vita reale. Le squadre sono composte da cinque giocatori compreso il portiere, rispetto ai sei nella vita reale. Ogni partita è composta da tre periodi: ci sono tre tipi di giocatori: il primo è veloce e bravo nei duelli; il secondo è nella media in tutte le aree, e il terzo è lento e cattivo nei duelli, ma molto potente.
Idol Hotline - Nakayama Miho no Tokimeki High School (Japan) (DV 11) (Disk Writer)	Il giocatore entra nella Tokimeki High School e si imbatte in una giovane ragazza. Se il gioco è un gioco di avventura testuale standard simile alla serie Famicom Tantei Club, nelle scene importanti il ​​giocatore deve scegliere un'espressione facciale oltre a una risposta verbale. Tutte e quattro le espressioni (faccia seria, risata, tristezza, rabbia) devono corrispondere al contenuto della risposta data e tutte le risposte errate portano immediatamente alla schermata &quot;game over&quot;. Ciò aumenta la difficoltà del gioco rispetto ad altri giochi di avventura testuali in cui c'erano meno scelte errate. Il gioco ha due finali diversi, a seconda delle scelte fatte durante il gioco.
Idol Hotline - Nakayama Miho no Tokimeki High School (Japan) (DV 13) (Disk Writer)	Il giocatore entra nella Tokimeki High School e si imbatte in una giovane ragazza. Se il gioco è un gioco di avventura testuale standard simile alla serie Famicom Tantei Club, nelle scene importanti il ​​giocatore deve scegliere un'espressione facciale oltre a una risposta verbale. Tutte e quattro le espressioni (faccia seria, risata, tristezza, rabbia) devono corrispondere al contenuto della risposta data e tutte le risposte errate portano immediatamente alla schermata &quot;game over&quot;. Ciò aumenta la difficoltà del gioco rispetto ad altri giochi di avventura testuali in cui c'erano meno scelte errate. Il gioco ha due finali diversi, a seconda delle scelte fatte durante il gioco.
Igo - Kyuu Roban Taikyoku (Japan)	Igo: Kyuu Roban Taikyoku è il primo vero tentativo di portare un gioco da tavolo giapponese su una console domestica. Il gioco di Go è stato tradizionalmente giocato su una griglia 19 × 19, ma le permutazioni di possibilità richiederebbero troppo tempo per il processore della console, quindi la dimensione della scheda è stata significativamente ridotta a una griglia 9 × 9. anche una modalità lezione, in quale i ninja insegnano al giocatore le regole del gioco.
Ishidou (Japan) (Disk Writer)	Ti presentiamo Ishido, l'antico e intricato Gioco delle Pietre. Devi posizionare le pietre sul tabellone, abbinando i colori e i modelli secondo le regole secolari. Richiede grande abilità e concentrazione, ma se riesci a scoprire il segreto dell'Oracolo, la sua saggezza ti aiuterà!
Jikai Shounen Met Mag (Japan)	Il giocatore deve andare in giro per ogni livello e raccogliere tutte le sfere per progredire. Ogni sfera può cambiare la polarità del personaggio da rosso a blu e viceversa. Ogni livello è disseminato di frecce blu e rosse: essere dello stesso colore di queste frecce magnetizzerà il personaggio del giocatore, il che ha effetti diversi a seconda della direzione in cui punta la freccia: ad esempio, una freccia rivolta verso il basso spingerà il giocatore a terra se sono del colore inverso ma un personaggio dello stesso colore può librarsi mentre i blocchi li sosterranno. Al contrario, una freccia rivolta verso l'alto consentirà ai giocatori del colore opposto di saltare molto più in alto rispetto alla freccia, ma eliminerà quasi del tutto la potenza di salto di un personaggio dello stesso colore mentre li tira giù.
Kaettekita Mario Bros. (Japan) (Disk Writer)	Kaettekita Mario Bros. (&quot;Il ritorno di Mario Bros.&quot;) è una riedizione aggiornata del gioco arcade originale di Mario Bros., che è stato uno dei primi giochi ad essere portato sulla console NES. Aggiunge alcune nuove funzionalità al formato, inclusi controlli migliorati per Mario, filmati e la possibilità di salvare i punteggi più alti con la funzione di salvataggio del Famicom Disk Reader, ma per il resto è identico.
Kalin no Tsurugi (Japan)	I mostri sono apparsi nella terra un tempo pacifica di Alitania e la gente è caduta nel terrore. Gli ordini del re sono caduti su di te, il più valoroso cavaliere dell'Alitania. nn&quot;Il destino del paese è appeso a un filo. Potrebbe essere possibile salvare il paese con la magia di Gladrif, ma non si trova da nessuna parte. Pertanto, voglio che tu lo cerchi! Trova Gladrif, sconfiggi i mostri e ripristina pace a questa terra ancora una volta!&quot;
Kamen Rider Black - Taiketsu Shadow Moon (Japan)	Il gioco è basato sulla serie televisiva Kamen Rider Black, che era l'ottavo capitolo della serie di supereroi Kamen Rider. Nel gioco, i giocatori prendono il controllo di Kamen Rider Black, che deve sconfiggere numerosi mutanti Gorgom. Ci sono cinque livelli di quattro fasi ciascuno. Nei primi quattro livelli, i giocatori devono completare tre fasi a scorrimento laterale con un boss alla fine. Nella quarta fase, il giocatore deve combattere contro un boss di livello finale usando una prospettiva ingrandita con sprite più grandi. Il giocatore può guidare la moto di Battle Hopper durante il secondo e il quarto livello. Il quinto livello è composto interamente da combattimenti contro i boss, prima contro tre Evil Lord e poi contro Shadow Moon. Se il giocatore perde contro Shadow Moon, la brutta fine viene mostrata prima che il gioco finisca.
Karate Champ (Japan)	È in gioco il tuo campionato di karate. Riuscirai a padroneggiare tutti gli affondi, i calci, le rotazioni, le ruote di carro, le spazzate, i colpi invertiti e le parate difensive necessarie per mantenere il tuo titolo? Muoviti velocemente e gioca in modo intelligente o sarai schiacciato prima di poter grugnire! Gareggia contro un amico o sfida il computer. Nove diverse ambientazioni sceniche (più tre impegnative schermate bonus) forniscono gli sfondi per le tue partite. Hiiiiieeeeeoooo!
Kattobi! Douji (Japan)	Un gioco di baseball con battaglie di carte basato su un popolare manga dell'epoca.
Kick and Run (Japan)	Un gioco high-tech con caratteristiche di gioco realistiche, che sfida i tornei internazionali sfruttando al meglio le caratteristiche di ogni squadra e sfruttando le abilità del gioco di squadra e del gioco individuale. Questo gioco di calcio pubblicato da Taito, è uscito nelle sale giochi nel 1986 e per il sistema disco Famicom nel 1988. Non è stato rilasciato al di fuori del Giappone.
Kick Challenger - Air Foot - Yasai no Kuni no Ashi Senshi (Japan)	Kick Challenger - Air Foot - Yasai no Kuni no Ashi Senshi (lett. Kick Challenger: Air Foot: Vegetable Country Foot Soldier) è un gioco d'azione sviluppato da Vap per Famicom Disk System e pubblicato nel 1987. È un gioco per giocatore singolo in cui il giocatore prende il controllo di un pomodoro mentre marcia verso l'alto attraverso quattro fasi nel tentativo di salvare il suo paese da insetti e altri invasori.
Kieta Princess (Japan)	Il giocatore assume il ruolo di un detective determinato a svelare il mistero della principessa scomparsa Kilala, in questo gioco di avventura in stile RPG. Yasuko Tomita è servito da modello per uno dei personaggi. I numeri di telefono appaiono durante il gioco se il giocatore li ha chiamati hanno avuto un indizio dato da Yasuko Tomita.
Kiki Kaikai - Dotou Hen (Japan)	Il gioco segue le avventure di &quot;Sayo-chan&quot;, una giovane fanciulla del santuario shintoista che vive nel Giappone feudale. Una notte, mentre Sayo-chan sta alimentando un fuoco cerimoniale, riceve la visita dei Sette Dei Fortunati, che la avvertono di un grande pericolo imminente. All'improvviso, una banda di goblin dispettosi appare e rapisce gli dei, ritirandosi rapidamente in una lontana catena montuosa. Sayo-chan, determinata ad aiutare gli dei, parte per un viaggio attraverso la campagna, dove affronta una serie di strane creature della mitologia giapponese, tra cui yokai, obake e mostri simili a yurei. Dopo aver sconfitto diversi potenti leader goblin, Sayo deve combattere contro il loro capo, l'antico serpente Orochi.
Kinnikuman - Kinnikusei Oui Soudatsusen (Japan)	Kinnikuman - Kinnikusei Oui Soudatsusen è un gioco di wrestling basato sulla popolare linea di giocattoli, manga e anime su un supereroe goffo che combatte la maggior parte dei suoi avversari con mosse di wrestling professionale. Il primo gioco Kinnikuman (rilasciato come M.U.S.C.L.E. negli Stati Uniti) era un semplice gioco di wrestling, ma questo sequel cambia l'azione in un gioco di rissa d'azione a scorrimento laterale con RPG e elementi narrativi aggiuntivi.
Knight Lore - Majou no Ookami Otoko (Japan)	Il giocatore assume il ruolo di Sabreman e deve trovare Melkhior il vecchio mago e vari oggetti speciali per il suo calderone magico, sparsi nelle varie stanze del castello effimero in cui si svolge il gioco. Se il giocatore riesce a raccogliere tutti gli oggetti richiesti entro un periodo di quaranta giorni, Sabreman sarà liberato dalla maledizione della licantropia.
Knight Move (Japan)	Knight Move è un gioco di puzzle. Caratterizzato da una serie di pezzi con un cavaliere degli scacchi unico e guidato dal giocatore. Cancella tutti i pezzi entro il tempo limite usando il cavallo Quando pulisci i pezzi hai lasciato dei buchi che dovrebbero essere evitati. Nei livelli successivi dovrai passare i pezzi più volte prima che scompaiano.
Konamic Ice Hockey (Japan)	Blades of Steel, successivamente rilasciato in Giappone come Konamic Ice Hockey, è un videogioco di hockey su ghiaccio pubblicato da Konami per le sale giochi nordamericane nel 1987 e portato su Family Computer Disk System e Nintendo Entertainment System nel 1988. Tutte le squadre sono immaginarie ma basate su di vere città canadesi e americane. Il gioco è noto per la sua azione di hockey veloce e soprattutto per i combattimenti. È un gioco per uno o due giocatori. Quando si gioca contro il computer, ci sono tre livelli di difficoltà tra cui scegliere: Junior, College e Pro (con Pro è il più difficile e Junior è il più facile). Ogni squadra è composta da tre attaccanti, due difensori e un portiere.
Konamic Tennis (Japan)	Konamic Tennis introduce una novità nel genere: quella della vista di servizio, mostrata come inserto ogni volta che un giocatore serve. L'obiettivo è quello di colpire la palla al momento giusto: troppo presto o troppo tardi causerà al giocatore di colpire la rete o mandare la palla troppo lontano, o semplicemente mancare la palla. In questo caso conta come fallo e il giocatore ha un'altra possibilità di servire correttamente, altrimenti il ​​punto viene assegnato all'avversario.
Koneko Monogatari - The Adventures of Chatran (Japan)	La storia di due animali e delle loro avventure. Chatran il gatto e Pocky il cane sono due animali cresciuti insieme nella stessa fattoria. Un giorno, i due si separano e intraprendono un viaggio per incontrarsi. L'avventura avventurosa e spesso pericolosa vede i due animali che viaggiano attraverso montagne, pianure e terre innevate, cercandosi l'un l'altro.
Link no Bouken - The Legend of Zelda 2 (Japan)	Link no Bouken - The Legend of Zelda 2 è il secondo capitolo della serie The Legend of Zelda, pubblicata da Nintendo per il Nintendo Entertainment System. È stato originariamente pubblicato in Giappone su Famicom Disk System meno di un anno dopo l'uscita di The Legend of Zelda.
Lutter (Japan) (Disk Writer)	Un gioco di avventura a scorrimento laterale in cui devi salvare una fanciulla dalla prigione di una forza del male. Navigherai nel dungeon e potrai combattere e subire danni dai mostri urtandoli. Troverai anche chiavi da usare per le porte.
Madou Senki - Deep Dungeon (Japan)	La città di Dorl ha un'infestazione di demoni che attualmente risiedono nelle segrete del castello dopo l'apertura di un portale per gli inferi. L'imperatore degli inferi, l'imperatore Ruu, ordinò ai suoi demoni di razziare la città per rubarne il tesoro e durante questo saccheggio i demoni riuscirono anche a portare via anche l'anima della principessa Etna, lasciandola in uno stato comatoso. Molti coraggiosi avventurieri sono entrati nei sotterranei per cercare di recuperare la sua anima da questo re demone, ma nessuno è ancora tornato con successo. Quindi ora tocca al giocatore riuscire dove altri hanno fallito e porre fine all'Imperatore Ruu e anche recuperare l'anima della Principessa Etna.
Maerchen Veil (Japan)	Molto tempo fa, le persone di Ferikusu potevano comunicare con gli dei e gli spiriti divini. Il re del regno è ora alla ricerca di un giovane che sposi sua figlia, la principessa reale. Vengono selezionati molti concorrenti e viene organizzato un torneo per decidere del nuovo principe. Tuttavia, prima della fine o della cerimonia, un mago malvagio invia l'ultimo eroe, quello di cui si è innamorata la principessa, in un mondo sconosciuto e desolato. Si rende anche presto conto di essere caduto sotto una terribile maledizione, ed è stato trasformato in una strana creatura. L'unico oggetto che gli è rimasto è un braccialetto magico che la principessa gli ha dato. Il giocatore prende il controllo del principe perduto e il suo viaggio lo riporterà da dove è venuto, affronterà il mago malvagio e sposerà la principessa che ama. Ogni fase inizia con una breve animazione (chiamata &quot;fase visiva&quot;) che spiega la storia man mano che il gioco procede.
Magma Project - Hacker (Japan)	Magma Project Hacker è un gioco di ruolo a tema fantascientifico e un adattamento del gioco di strategia Hacker del 1985 per PC/Amiga/Atari ST. Come con l'adattamento del Famicom Disk System di Monty on the Run, un numero considerevole di libertà è stato preso con i temi del gioco trasformandolo praticamente in un gioco completamente diverso. Ironia della sorte, la storia ricorda più da vicino un altro gioco per PC occidentale, Captive, con la sua trama. Il personaggio del giocatore assiste a un omicidio e gli viene detto di cercare informazioni su un'organizzazione oscura nota come Progetto Magma dalla vittima morente. Per cercare efficacemente gli indizi, il personaggio del giocatore utilizza un dispositivo per attivare un robot dall'altra parte del pianeta e impiega le varie funzioni di combattimento ed esplorazione del robot per rintracciare il Progetto Magma.
Mahjong (Japan)	Mahjong è un classico gioco cinese disponibile in molte varianti diverse. Essendo un gioco giapponese, Mahjong per Nintendo Famicom non sorprende che ruota intorno alla versione giapponese del gioco, nota anche come &quot;Reach Mahjong&quot;. Mentre originariamente era un gioco per 4 giocatori, Nintendo per alcuni la ragione lo ha trasformato in un gioco per due giocatori quando l'hanno rilasciato per la loro console. Questo ha ovviamente il suo effetto sulle regole.
Mahjong Kazoku (Japan)	Mahjong Kazoku (&quot;Mahjong Family&quot;) è un gioco di simulazione Mahjong standard per il Famicom Disk System di Nintendo. È una versione uno contro uno del gioco, piuttosto che la disposizione standard del gioco da tavolo per quattro giocatori, e incorpora molte delle varie e bizantine regole di punteggio del gioco. Irem ha sviluppato e pubblicato il gioco, ma ha lasciato un misterioso credito di licenza a Ox Inc. nella schermata del titolo. È possibile che il gioco sia un porting di un oscuro gioco per computer giapponese Mahjong, o almeno prenda in prestito parte della sua codifica per l'avversario AI o per i sistemi di punteggio.
Matou no Houkai - The Hero of Babel (Japan)	Durante l'apice della civiltà babilonese, le persone costruirono la Torre di Babele nel tentativo di raggiungere Dio. Dio lo vede e si arrabbia con l'arroganza dell'umanità. Fa piovere tuoni sulla torre per scacciare le persone. Per tenere le persone lontane dalla torre, dio la riempie di creature giganti e spiriti maligninnDiverse migliaia di anni dopo, il diavolo più forte Asmodeous ottiene il controllo su tutte le creature e gli spiriti che dio ha posto nella torre. Attacca le città vicine e ruba tutti i loro tesori d'oro e d'argento, così come la più bella fanciulla del paese. La tua missione di salvezza è salvare la fanciulla e distruggere la torre maledetta per riportare la pace nel mondo.
Meikyuu Jiin Dababa (Japan)	Il gioco si svolge in India, dove l'altro significativo di un giovane viene rapito da un mago malvagio. Deve quindi affrontare le quattro aree del tempio labirinto di Dababa per salvarla. Per portare a termine questo compito, il giocatore non può semplicemente spostarsi sul pavimento. Piuttosto, il giocatore e tutti i nemici saltano da una tessera quadrata all'altra, durante il gioco. Nella maggior parte dei livelli, il giocatore deve scoprire i sigilli che sbloccheranno la porta al livello successivo saltando sulle tessere particolari che tengono nascosti i sigilli. Tuttavia, non tutte le porte porteranno avanti il giocatore, poiché alcune porte sono porte ingannevoli che potrebbero portare il giocatore a una fase precedente. In alcune fasi, il giocatore deve semplicemente sopravvivere all'assalto dei nemici, mentre in altre, il giocatore sta correndo contro il tempo.
Metroid (Japan) (Rev 3)	Sei tu contro il malvagio Mother Brain nell'emozionante battaglia di Metroid! Sei all'interno del pianeta fortezza Zebes. Il pianeta degli infiniti passaggi segreti dove i Metroid si stanno moltiplicando. Lasciati soli, i Metroid sono innocui. Ma nelle mani sbagliate potrebbero distruggere la galassia. Sta a te impedire al Mother Brain che controlla Zebes di usare il Metroid per scopi malvagi. Ma non sarà facile. Dovrai usare la tua tuta spaziale per assorbire energia preziosa per la tua ricerca per ottenere l'uso di oggetti di potere come Ice Beam, Wave Beam, High Jump Boots e Varia. Se sopravvivi, sarai tu e i tuoi poteri acquisiti contro Mother Brain.
Michael English Daibouken (Japan)	Michael English Daibouken (lett: &quot;Michael's English Grand Adventure&quot;) è un gioco educativo in cui il personaggio di Michael, un gatto arancione, insegna ai gattini le varie lettere della lingua inglese e alcuni vocaboli inglesi. Michael deve catturare le lettere fluttuanti per sillabare le parole inglesi, evitando le lettere sbagliate. Il gioco ha diversi sfondi, compreso lo spazio. Il personaggio di Michael deriva dal manga seriale giapponese &quot;What's Michael&quot;, creato da Makoto Kobayashi che potrebbe essere considerato analogo a Garfield, poiché entrambi sono gatti arancioni.
Moero TwinBee - Cinnamon Hakase wo Sukue! (Japan)	Moero TwinBee può essere giocato da un massimo di tre giocatori contemporaneamente: i primi due giocatori controllano TwinBee e WinBee (le navi del gioco precedente) utilizzando i controller standard Famicom, mentre il terzo giocatore controlla GwinBee (una nave verde) collegando un controller aggiuntivo nella porta di espansione della console. A differenza dell'originale TwinBee, che presentava solo fasi a scorrimento verticale, Stinger aggiunge anche fasi a scorrimento laterale al mix. Ci sono sette fasi del gioco. Le fasi 1, 3 e 7 sono fasi a scorrimento laterale, mentre le altre sono fasi a scorrimento verticale. I controlli rimangono gli stessi tra i due stili di gioco, con l'unica differenza che nei segmenti a scorrimento laterale, il pulsante A spara cuori sulla nave invece di sganciare bombe nel terreno come i segmenti a scorrimento verticale, il che aiuta il giocatore mantenere a galla le campane di potenziamento nelle fasi a scorrimento laterale.
Monitor Puzzle Kineko, The - Kinetic Connection (Japan)	Una versione solo di Disk Writer, The Monitor Puzzle Kinetic Connection - Kineco II è il sequel in cui vengono introdotti nuovi puzzle. Come se fosse un prequel, il gioco sfida il giocatore a mettere insieme dieci immagini in un puzzle come la moda. Tuttavia, ogni pezzo ha esattamente la stessa dimensione e le immagini sui pezzi si muovono. Anziché utilizzare la forma dei bordi per determinare quali pezzi si adattano uno accanto all'altro, è necessario utilizzare l'animazione sui pezzi per determinarne la disposizione.
Monitor Puzzle Kineko, The - Kinetic Connection II (Japan) (Disk Writer)	Una versione solo di Disk Writer, The Monitor Puzzle Kinetic Connection - Kineco II è il sequel in cui vengono introdotti nuovi puzzle. Come se fosse un prequel, il gioco sfida il giocatore a mettere insieme dieci immagini in un puzzle come la moda. Tuttavia, ogni pezzo ha esattamente la stessa dimensione e le immagini sui pezzi si muovono. Anziché utilizzare la forma dei bordi per determinare quali pezzi si adattano uno accanto all'altro, è necessario utilizzare l'animazione sui pezzi per determinarne la disposizione.
Monty on the Run - Monty no Doki Doki Dai Dassou (Japan)	In Monty no Doki Doki Dai Dassou, Monty è un umano fuggito da un penitenziario. Ancora vestito da detenuto, Monty vuole dimostrare la sua innocenza. Ci sono quattro livelli, ognuno contenente diverse tessere nascoste. Queste tessere contengono parti dell'immagine di un volto. Alla fine di ogni livello, Monty deve saltare su una piattaforma appena prima dell'uscita. Questa piattaforma è un indizio diretto per l'esatta interpretazione delle tessere raccolte. Alla fine del gioco, il giocatore deve ricostruire il volto del vero criminale e presentarlo davanti a un giudice. Se il giocatore ha successo, guadagna la sua libertà e vince la partita.
Moonball Magic (Japan) (Disk Writer)	Il gioco inizia depositando il flipper nel mezzo di un flipper simulato. Tuttavia, una volta che la palla viene sparata in una delle buche sul campo di gioco, il gioco entra in un'elaborata sequenza di introduzione che il giocatore può controllare. Il gioco contiene 11 fasi, ognuna delle quali contiene una buca bersaglio in cui il giocatore deve colpire la palla per avanzare alla fase successiva. Le fasi diventano più elaborate e più ostacoli in movimento sembrano interferire con il comportamento della palla. Oltre a controllare le alette, il pad di controllo può essere utilizzato anche per &quot;spingere&quot; la palla in entrambe le direzioni, sebbene l'efficacia di questa operazione vari.
Namida no Soukoban Special (Japan)	Nel 1986, molti giocatori giapponesi conoscevano Soukoban in una forma o nell'altra sin dalla sua comparsa nel 1982. Invece di pubblicarne un'altra versione, ASCII ha cercato di migliorare l'esperienza di Soukoban con un set unico di strumenti che consentono ai giocatori di barare in un certo modo .contro le norme di origine. oggetti come magneti e pulegge danno ai giocatori la capacità (limitata) di tirare scatole, cosa che le versioni originali del gioco non consentivano.
Nankin no Adventure (Japan) (Disk Writer)	Nankin no Adventure è un gioco di avventura Famicom Disk System di SunSoft che funziona in modo molto simile a tutti gli altri giochi di avventura Famicom dell'epoca. Il giocatore seleziona i comandi da un menu per parlare con gli NPC e risolvere enigmi che alla fine consentiranno loro di progredire. Come in molte di queste avventure testuali di Famicom, esiste un percorso critico lineare che il giocatore deve seguire per spostarsi in nuove aree e raggiungere il punto successivo della storia. Nankin si riferisce a un artista manga semi-oscuro con lo stesso nome che era dietro gran parte del design artistico del gioco. Sebbene il gioco non includa nessuna delle sue licenze preesistenti, il suo stile artistico distintivo è presente ovunque. Questo approccio potrebbe essere equiparato al coinvolgimento artistico di Akira Toriyama con i giochi Dragon Quest e Chrono
Nazo no Kabe - Block Kuzushi (Japan)	Un gioco per rompere blocchi in stile Breakout pubblicato in Giappone come Nazo no Kabe: Block Kuzushi nel 1986 per il sistema disco Famicom e come Crackout in Australia e in Europa nel 1991 per NES. Era prevista una versione americana, ma è stata cancellata.
Nazo no Murasamejou (Japan)	Nel Giappone feudale, un alieno malvagio discende sul castello di Murasame e si impadronisce di una statua gigante, che poi continua a diffondere la sua influenza su quattro castelli vicini. L'apprendista samurai Takamaru viene così convocato per riconquistare i castelli e poi affrontare l'alieno stesso. nnNazo no Murasamejou è un gioco d'azione frenetico che ha alcune somiglianze con The Legend of Zelda, sebbene sia più veloce e non abbia elementi RPG/Avventura. È anche molto più lineare: combatti attraverso i castelli uno dopo l'altro, con ogni fase costituita dal percorso per il castello e dal castello stesso, dove il boss sta aspettando.
Nazoler Land - Dainigou (Japan)	Nazoler Land Dai 2 Gou è stato il secondo di tre &quot;Magazine Disks&quot; pubblicati da Sunsoft per il Famicom Disk System a metà del 1987. Il titolo completo del disco è Nazo no Magazine Disk Nazoler Land Dai 2 Gou che si traduce come &quot;Puzzle Magazine Disco Nazoler Land 2a edizione.&quot; Piuttosto che presentare un gioco, contiene una raccolta di 6 giochi che sarebbero considerati &quot;mini-giochi&quot;. Il giocatore seleziona il gioco da giocare dalla schermata del menu.
Nazoler Land - Daisangou (Japan)	Nazoler Land Dai 3 Gou è stato il terzo e ultimo &quot;Magazine Disk&quot; pubblicato da Sunsoft per il Famicom Disk System. Quest'ultimo disco è stato rilasciato nel 1988. Il titolo completo del disco è Nazo no Magazine Disk Nazoler Land Dai 3 Gou che si traduce come &quot;Puzzle Magazine Disk Nazoler Land 3rd Issue&quot;. Piuttosto che presentare un gioco, contiene una raccolta di 6 giochi che sarebbero considerati &quot;mini-giochi&quot;. Il giocatore seleziona il gioco da giocare dalla schermata del menu.
Nazoler Land - Soukangou (Japan)	Nazoler Land Soukan Gou è il primo di una serie di raccolte di minigiochi SunSoft sviluppate appositamente per il dispositivo Famicom Disk System di Nintendo. È stato seguito da due sequel diretti e da uno spin-off basato su quiz. Nazoler Land Soukan Gou (o Nazoler Land Vol. 1) ha otto minigiochi che il giocatore può selezionare dal menu principale.
Nazoler Land Special!! - Quiz Ou wo Sagase (Japan)	Speciale Terra di Nazoler!! Quiz Ou wo Sagase (Lit. Puzzle Land Special!! Search for the Quiz King) è stata un'edizione speciale della serie Nazoler Land pubblicata da Sunsoft per Family Computer Disk System alla fine del 1987. A differenza degli altri dischi Nazoler Land, questo uno non contiene una serie di minigiochi diversi, ma piuttosto un singolo gioco incentrato su un quiz a quiz. Il giocatore deve visitare varie località del Giappone nel tentativo di &quot;combattere&quot; vari maestri delle curiosità e batterli tutti e otto per rivendicare il titolo di Re dei Quiz. Il gioco è stato rilasciato solo in Giappone e non è mai stato tradotto dal giapponese. Di conseguenza, per giocare a questo gioco è richiesto un alto livello di conoscenza del giapponese.
Neunzehn - 19 (Japan)	L'eredità al trono è condivisa da quattro persone coraggiose: Dario, Simone, Talete e Sonia. I 19 dei dell'Olimpo hanno lasciato una pietra onnipotente al grande imperatore Achille, che ha ordinato di condurre una ricerca per la pietra. Assumi il ruolo di uno di questi quattro nel tentativo di trovare la pietra sull'isola prima degli altri, dichiarando guerra agli eserciti avversari per impedire loro di trovarla per primi. 19 è in qualche modo unico tra i giochi di strategia a turni, in quanto i turni vengono effettuati in tempo reale, seguendo regole che ricordano il gioco simile agli scacchi giapponese noto come Shogi. Il gioco si svolge su una mappa del mondo, su cui i giocatori a turno muovono le truppe. Quando le truppe avversarie vi si trovano nella stessa posizione, il gioco passa a una schermata di combattimento ingrandita, che mostra ogni singolo membro delle forze avversarie. Mentre la storia del gioco ruota attorno alla ricerca di una pietra, non c'è una vera pietra da scoprire. Il tuo unico obiettivo è spazzare via gli eserciti degli altri tre avversari.
Omoikkiri Tanteidan HaadoGumi - Matenrou no Chousenjou (Japan)	Basato su una serie televisiva giapponese trasmessa nel 1987. Presenta un gruppo di cinque giovani detective in missione per recuperare vari oggetti rubati da un misterioso ladro che indossa una maschera d'oro. Il gruppo include il leader Hiroshi, la graziosa Aikido Yasuko l'unica ragazza del gruppo, Susumu, Satoru e Takeo. Il misterioso ladro usa molti trucchi intelligenti per sfuggire ai suoi inseguitori, come un'enorme mongolfiera.
Othello (Japan) (DV 3, 5) (Disk Writer)	Otello è una conversione del gioco da tavolo. Ogni giocatore cerca di riempire il tabellone con quanti più dischi possibile del suo colore. Ad ogni turno il giocatore piazza un disco sul tabellone selezionando una posizione in cui i dischi degli avversari rimarranno intrappolati tra due dei suoi dischi. I dischi intrappolati vengono girati nel colore del giocatore. Il gioco termina quando il tabellone è pieno o il tempo scade e il giocatore con il maggior numero di dischi vince. Due giocatori possono giocare l'uno contro l'altro o un giocatore contro il computer.
Otocky (Japan)	Otocky può essere meglio descritto come uno sparatutto musicale. L'astronave del giocatore ha un proiettile, che può essere sparato in otto direzioni. Ad ogni direzione corrisponde una nota musicale diversa. La nota viene letta quando il giocatore preme il pulsante di fuoco. Usando l'arma in un certo modo, il giocatore può improvvisare musica durante il gioco.
Pac-Man (Japan) (Disk Writer)	Il giocatore controlla Pac-Man attraverso un labirinto, mangiando pac-dots. Quando tutti i pac-dot sono stati mangiati, Pac-Man viene portato alla fase successiva. . Quattro nemici (Blinky, Pinky, Inky e Clyde) vagano per il labirinto, cercando di catturare Pac-Man. Se un nemico tocca Pac-Man, perde una vita; quando tutte le vite sono state perse, il gioco termina.
Pachicom (Japan) (Disk Writer)	Il gioco si basa sulle regole standard del pachinko, replicando l'esperienza di giocare a pachinko in un salotto. Il tabellone di gioco ha un layout con chiodi sporgenti. Le sfere di metallo sarebbero o cadrebbero tra i fori creati dai pioli per attraversare la tavola. Alcuni scomparti vengono aggiunti al tabellone. Se una pallina di metallo riesce a raggiungere uno di questi scomparti, il giocatore riceverà punti simili ai crediti di una slot machine.[3] I giocatori possono aspettarsi di perdere quella palla (e un punto) se cade al di sotto del fondo del tabellone (come cadere in un pozzo senza fondo in un gioco d'azione). Inizialmente, il giocatore inizia con cento palline.
Pachinko Grand Prix (Japan)	Pachinko GP (o Pachinko Grand Prix) è un simulatore Pachinko di Data East per Famicom Disk System. L'obiettivo è giocare a Pachinko in varie macchine che si trovano nei saloni Pachinko in tutto il Giappone, tentando di raggiungere un obiettivo di palla Pachinko (il totale cresce ogni volta che il giocatore lancia con successo una palla in una zona di punteggio) prima che scada un limite di tempo prima che si muovano sulla macchina successiva.
Patlabor - The Mobile Police - Daini Shoutai Shutsudou seyo! (Japan) (Disk Writer)	Patlabor - The Mobile Police - Dai 2 Shoutai Shutsudou Seyo è un gioco sparatutto platform d'azione di Bandai e un altro gioco con licenza del gigante editoriale. In questo caso, si tratta di un adattamento dell'anime e del manga con lo stesso nome.
Pinball (Japan) (Disk Writer)	Pinball è un gioco in cui il giocatore controlla le palette di un flipper virtuale. Il gioco ha due schermi per rappresentare il tradizionale flipper e uno per la modalità bonus. Il gioco inizia quando il giocatore lancia una pallina con lo stantuffo dalla prima schermata - la parte inferiore del flipper - attraverso la parte superiore dello schermo fino alla seconda schermata. Il gioco passerà alla prima schermata se la palla cade attraverso la parte inferiore dello schermo superiore e tornerà alla schermata superiore se la palla viene ribattuta attraverso lo spazio nella parte superiore della prima schermata. Il giocatore controlla le alette su entrambi gli schermi per deviare la palla per evitare che cada dalla parte inferiore dello schermo inferiore.
Pro Golfer Saru - Kage no Tournament (Japan)	Pro Golfer Saru: Kage no Tournament è un gioco di golf con elementi fantasy, sviluppato da Bandai e pubblicato su Family Computer Disk System nel 1987. Il gioco è basato su un manga (fumetto giapponese) noto come Pro Golfer Saru pubblicato da Fujiko Fujio (responsabile anche di Doraemon) parla di un giovane uomo delle caverne o ragazzo simile a un neanderthal che desidera diventare il più grande giocatore di golf della storia. Per raggiungere questo obiettivo, si allena nei luoghi più desolati, guidando palline da golf su gigantesche voragini nel tentativo di colpire i green a diverse centinaia di metri di distanza.
Pro Wres (Japan) (En)	Il giocatore sceglie un wrestler con abilità uniche e preme varie combinazioni di pulsanti per utilizzare diverse mosse di wrestling. È possibile lasciare l'anello; tuttavia, un giocatore che lo fa deve rientrare sul ring prima del conteggio di 20 dell'arbitro. In caso contrario, si ottiene una sconfitta (tramite count-out) o un pareggio (doppio count-out), se entrambi i lottatori non riescono a rientrare in tempo. (Nota: il conteggio dell'arbitro viene interrotto solo dopo che entrambi i lottatori sono rientrati sul ring. Cioè, finché almeno un lottatore è fuori dal ring, il conteggio dell'arbitro continua. Inoltre, è possibile che un lottatore venga conteggiato fuori durante l'esecuzione di una &quot;plancha&quot; se ha attraversato le corde dell'anello contando fino a 20.
Professional Mahjong Gokuu (Japan)	Professional Mahjong Gokuu è il terzo gioco per Famicom basato su Mahjong, il gioco di tessere competitivo popolare in Cina e Giappone. È una versione del gioco per quattro persone, che è generalmente il modo in cui il gioco viene giocato nella vita reale, sebbene non comune nelle simulazioni durante questa era a causa della potenza di calcolo aggiuntiva necessaria per tre avversari IA.
Pulsar no Hikari - Space Wars Simulation (Japan)	In Pulsar no Hikari - Space Wars il giocatore controlla un'astronave che esplora la galassia e combatte contro navi nemiche. Il giocatore deve tenere d'occhio i vari elementi, come energia e destinazione e assicurarsi in un'area con pulsar o buchi neri per non essere spazzati via dalla galassia.
Putt Putt Golf (Japan)	Putt Putt Golf di Pack-In-Video è uno dei tanti giochi di golf per Famicom e Famicom Disk System, ma uno dei pochi che porta i giocatori attraverso un mondo astratto piuttosto che un'approssimazione di un vero campo da golf. L'obiettivo di ogni livello è raggiungere la buca sul green e lanciare la palla con il minor numero di colpi possibile, ma ciascuno dei percorsi è coperto da vari ostacoli, alcuni animati, altri fissi. Il giocatore deve aggirarli (o usarli a proprio vantaggio, in alcuni casi) per ottenere il punteggio migliore.
Puzzle Boys (Japan) (Disk Writer)	Un gioco di puzzle in cui devi controllare un personaggio di patate e navigare nei labirinti spingendo blocchi e risolvendo enigmi per salvare i suoi amici vegetali in un profondo labirinto.
Radical Bomber!! Jirai-kun (Japan) (Disk Writer)	Radical Bomber!! Jirai-kun FDS è un gioco di strategia sviluppato e pubblicato da Jaleco per Famicom Disk System nel 1988. L'ambiente del gioco ricorda un gigantesco gioco da tavolo in cui ogni giocatore si sposta da uno spazio all'altro. L'obiettivo di Radical Bomber è pensare attentamente a un piano d'azione e trovare un modo per intrappolare gli avversari rimuovendo le connessioni tra ogni &quot;quadrato&quot; sulla mappa. Isolare con successo un avversario dal resto del tabellone fa perdere la partita. Se riesci a isolare tutti gli avversari, Jirai-kun avanzerà al livello successivo. Questo gioco è stato rilasciato solo in Giappone e non è mai stato tradotto dalla sua lingua originale giapponese.
Reflect World (Japan)	Reflect World è un gioco di ruolo/sparatutto ibrido sviluppato da East Cube per il Family Computer Disk System. È l'unico gioco sviluppato da East Cube per qualsiasi console. nnVolerai intorno a un pianeta raccogliendo vari oggetti per avanzare in diverse aree.
Relics - Ankoku Yousai (Japan)	Nella storia della terra, le forze delle tenebre (inferno) hanno combattuto le forze della luce (cielo) e hanno vinto questa battaglia per il nostro pianeta. Le forze dell'inferno resero presto schiavi gli esseri umani e la terra fu gettata nell'oscurità e nella disperazione. Da qualche parte sul pianeta, fu costruita una fortezza per sfruttare il potere del sole per sconfiggere le forze dell'inferno, ma cadde in rovina dopo secoli di oblio. La principessa splende dal cielo è stata catturata e imprigionata all'ultimo piano di questa fortezza. Inoltre all'interno sono rinchiusi gli spiriti dei santi guerrieri che hanno il potere di vincere le forze dell'inferno. Tuttavia, stanno dormendo e non riescono a svegliarsi. L'unica speranza sulla terra sei tu !!!!
Replicart (Japan)	Il gioco è ambientato alla fine del 21° secolo. Un gigantesco serpente alieno chiamato Sonada invade la terra e costruisce una base sotterranea. Sonada attacca in vari luoghi, ruba risorse preziose e sembra invulnerabile a tutte le forme di attacco. Gli ingegneri si uniscono e costruiscono una base in cui viene sviluppata una nuova arma. Creano il Replicart a immagine di Sonada e le danno il potere di trasformare le risorse in nuovo materiale che può ingrandire il Replicart e aumentare la sua forza fino a raggiungere una potenza sufficiente per distruggere l'invasore.
Risa no Yousei Densetsu (Japan)	Risa no Yousei Densetsu (Risa's Fairy Legend) è un gioco di avventura testuale sviluppato da Konami e pubblicato per Famicom Disk System nel 1988. Nel gioco, controlli un protagonista che chiami, ma il gioco vede anche Risa Tachibana, una popolare Cantante giapponese all'epoca dell'uscita del gioco. Insieme a Risa, il tuo obiettivo è sconfiggere una strega delle tenebre ottenendo diversi oggetti chiave. Sei delle canzoni di Risa sono intrecciate all'avventura e i testi possono fornire indizi per la corretta soluzione del gioco, che è diviso in quattro capitoli. A volte, sullo schermo veniva visualizzato un numero di telefono e veniva stabilito un servizio telefonico per un tempo limitato in modo che i giocatori potessero chiamare i numeri per ottenere più indizi. A volte è necessario utilizzare il microfono sul secondo controller Famicom per fare progressi nel gioco.
Roger Rabbit (Japan)	Il nostro eroe Roger Rabbit ha bisogno del tuo aiuto in un'audace missione per salvare la sua amica, Jessica Rabbit, dalle grinfie della spregevole Pattuglia dei cartoni!. Per unirti a Jessica, ricorda le password segrete, quindi raccogli tutte le carote che trovi. Ma sbrigati! Per una protezione extra, puoi usare oggetti come guantoni da boxe, casse e secchi d'acqua. E non è tutto: dopo un bicchiere di pozione magica niente ti fermerà!.
Samurai Sword (Japan)	«Quando il sacerdote Soron ha minacciato di avvolgere il mondo nell'ombra, eroi e maghi si sono sollevati contro di lui. Tutti sono stati sconfitti. Ma un guerriero resta in piedi... Interpreti il ​​ruolo di un samurai che deve distruggere le forze di Soron. Non puoi sconfiggerlo da solo, quindi devi trovare un mago che ti aiuterà nella tua ricerca e, soprattutto, l'arma sacra conosciuta come Samurai Sword.
Santa Claus no Takarabako (Japan)	Un mese all'anno festeggiamo il Natale, grazie per i meravigliosi ricordi. E in segno di gratitudine per quest'anno, mentre le persone inviano i regali, il Natale è un momento per noi per raccogliere i ricordi dell'anno. Buon Natale.
SD Gundam World - Gachapon Senshi - Scramble Wars (Japan) (Disk Writer)	SD Gundam World Gachapon Senshi - Scramble Wars è un gioco d'azione/strategia basato sulla serie di giocattoli Gundam dal Giappone. Sono state rilasciate due versioni differenti. La versione iniziale è stata venduta nei negozi per ¥ 3.300 entro la fine del 1987 per conto proprio. La seconda versione è stata venduta per ¥ 500 in meno all'inizio del 1988 come parte del sistema &quot;Disk Writer&quot;, in cui i giocatori potevano portare i propri dischi vuoti in un chiosco. Sebbene entrambe le versioni contengano 10 carte da gioco, la Disk Writer Edition sostituisce cinque delle carte dell'edizione originale con nuovi design.
SD Gundam World - Gachapon Senshi - Scramble Wars - Map Collection (Japan) (Disk Writer)	SD Gundam World Gachapon Senshi - Scramble Wars è un gioco d'azione/strategia basato sulla serie di giocattoli Gundam dal Giappone. Sono state rilasciate due versioni differenti. La versione iniziale è stata venduta nei negozi per ¥ 3.300 entro la fine del 1987 per conto proprio. La seconda versione è stata venduta per ¥ 500 in meno all'inizio del 1988 come parte del sistema &quot;Disk Writer&quot;, in cui i giocatori potevano portare i propri dischi vuoti in un chiosco. Sebbene entrambe le versioni contengano 10 carte da gioco, la Disk Writer Edition sostituisce cinque delle carte dell'edizione originale con nuovi design.
Section-Z (Japan)	Il pianeta Terra nell'anno 2XXX. Si rilassa alla console del suo sistema di comunicazione satellitare interplanetario generato da un superconduttore. Improvvisamente, trasmissioni radiofoniche e televisive ad alta frequenza stanno avvertendo tutti gli abitanti di prepararsi per le brutali forze d'invasione dell'Impero Balangool. Combatti e sconfiggi i soldati spaziali di Balangool. Penetra la loro base divisa dalla sezione A alla SEZIONE Z, quindi distruggi il controllo principale di Balangool &quot;L-Brain&quot;.
Seiken Psychocalibur - Majuu no Mori Densetsu (Japan)	Molti anni fa c'era un paese chiamato Earth Maral. Un giorno fu invaso dalle forze di un mondo oscuro e lacerato. La gente viveva nella paura, sperava che la leggenda si avverasse... 'apparirà un eroe che impugna una spada e riporterà la pace nel nostro paese ancora una volta. Nessuno sapeva quando sarebbe arrivato questo eroe... Seiken Psycho Calibur è un gioco di avventura. Fa parte della serie Wave Jack. Seiken Psycho Calibur è, per molti versi, un tentativo di copiare il successo di The Legend of Zelda. Tuttavia, non riesce ad eguagliarlo.
Shanghai (Japan) (Proto) (1986-10-16)	Gioco di mahjong non ufficiale.
Shanghai II (Japan) (Proto) (Dragon Layout)	Seconda parte di un gioco Mahjong non ufficiale.
Silviana - Ai Ippai no Little Angel (Japan)	Sylviana ha vissuto con sua madre dopo la morte di suo padre. Un giorno sua madre si ammalò. Nonostante i migliori sforzi di Sylviana, le condizioni di sua madre sono solo peggiorate. Poi un giorno ha sentito una voce su un dottor Doppler, che può creare una medicina che curerà tutte le malattie. Decide di trovare questo dottor Doppler e convincerlo a darle la medicina. Tuttavia, il dottore non è in grado di aiutarlo, poiché i suoi otto tesori sono stati rubati dai demoni. Sylviana promette di portargli i tesori in cambio della medicina.
Smash Ping Pong (Japan)	Smash Ping Pong simula il gioco del ping-pong o del ping pong in un modo notevolmente diverso rispetto alle precedenti simulazioni di qualsiasi tipo di tennis. Piuttosto che porre l'accento sul controllo preciso e sul posizionamento della racchetta per restituire la palla, l'accento è posto sul tempismo e sul controllo strategico della velocità e della traiettoria della palla. Il giocatore non vede altra rappresentazione sullo schermo di se stesso oltre a una mano che tiene una pagaia. La mano e la racchetta si spostano automaticamente a sinistra e a destra per adattarsi alla posizione orizzontale della palla. I giocatori devono solo preoccuparsi dei tempi del loro swing con la pagaia e dello stile di swing da usare. I giocatori possono scegliere tra tre diversi swing, oltre alla scelta del diritto o del rovescio.
Soccer (Japan) (En)	Il calcio è un gioco d'azione per due giocatori o un giocatore contro il computer. Puoi giocare in uno dei cinque livelli di abilità, scegliere tra diverse squadre e selezionare la quantità di tempo che richiederà la partita. Il calcio presenta rimesse laterali, calci di rinvio, calci d'angolo, calci di rigore e una vista dall'alto del campo che scorre per seguire l'azione.
Solomon no Kagi (Japan) (Disk Writer)	Il personaggio principale, di nome Dana, viene inviato a recuperare la &quot;Chiave di Salomone&quot; per riportare il mondo alla luce dai demoni che sono stati rilasciati accidentalmente. Lo scopo del gioco è avanzare attraverso le 50 stanze di &quot;Constellation Space&quot; acquisendo una chiave per la porta che conduce alla stanza successiva prima che scada il tempo. Il gioco incorpora elementi del genere sparatutto platform. Dana può correre, saltare, creare o distruggere blocchi arancioni adiacenti a lui e creare palle di fuoco per distruggere i demoni. I blocchi arancioni possono anche essere distrutti colpendoli due volte con la testa del personaggio. Lungo la strada Dana può acquisire oggetti per potenziare la sua potenza di fuoco e vite extra, nonché oggetti che assegnano punti bonus e sbloccano stanze nascoste. Con alcuni oggetti, Dana deve creare, quindi rompere i blocchi (a volte in un certo modo) per farli apparire.
Suishou no Dragon (Japan)	&quot;l'ultima trasmissione ha menzionato un cosiddetto drago di cristallo&quot;nnQuel drago ha intercettato una navetta che trasportava i miei amici Cynthia e Nial. Dove potrebbe averli portati? Dev'esserci un indizio da qualche parte. &quot;Sei sicuro che non fosse un'allucinazione?&quot;
Super Boy Allan (Japan)	Nel gioco, Allan Colada si reca dalla sua casa ai piedi delle montagne alle montagne per recuperare un rimedio per la febbre di sua sorella Leela. nnSuper Boy Allan è il secondo gioco della serie di edutainment &quot;Intelligence Game&quot; di Sunsoft per il Famicom Disk System, con due diverse modalità di gioco.
Super Lode Runner (Japan)	Lode Runner di Douglas E. Smith è stato introdotto in Giappone nel 1983 su varie popolari piattaforme di home computer giapponesi, tra cui MSX, Sharp X1 e computer della famiglia NEC PC. Hudson Soft ha concesso in licenza i diritti per portare il gioco su Famicom di Nintendo, ed è stato rilasciato nel 1984 come uno dei primi giochi di terze parti mai realizzati per il sistema ed è stato un successo incredibile. Più o meno nello stesso periodo, Irem ha concesso in licenza i diritti per produrre una versione arcade di Lode Runner che hanno anche pubblicato nel 1984, insieme ad altri tre sequel fino al 1986. Queste versioni arcade hanno apportato alcune modifiche al gioco originale e al gioco arcade finale ha introdotto una modalità cooperativa per due giocatori.
Super Lode Runner II (Japan) (Disk Writer)	La seconda raccolta di livelli della serie Lode Runner Arcade di Irem. Sviluppato per il Famicom Disk System, non è mai stato rilasciato al di fuori del Giappone. Irem ha creato quattro versioni Arcade dell'originale Lode Runner, ognuna con un set unico di livelli e funzionalità aggiuntive come una modalità cooperativa per due giocatori. Per le versioni home di FDS, Irem ha compilato diversi livelli da ciascuna di queste versioni Arcade su un disco. Super Lode Runner II ha meno livelli per giocatore singolo rispetto al suo predecessore, ma contiene più livelli cooperativi per compensare.
Super Mario Bros. (Japan) (En)	Hai quello che serve per salvare la principessa dei funghi? Dovrai pensare velocemente e muoverti ancora più velocemente per completare questa missione! La principessa dei funghi è tenuta prigioniera dalla malvagia tribù di tartarughe Koopa. Sta a te salvarla dalle grinfie del Re Koopa prima che scada il tempo. Ma non sarà facile. Per raggiungere la principessa, dovrai scalare montagne, attraversare mari, evitare pozzi senza fondo, combattere soldati tartaruga e una serie di trappole magiche nere che solo un re Koopa può escogitare. È un'altra avventura non-stop dei SUPER MARIO BROTHERS!
Super Mario Bros. 2 (Japan) (En) (DV 2)	Rilasciato originariamente in Giappone come Super Mario Bros.® 2, questo gioco ha precedentemente fatto solo brevi apparizioni nell'emisfero occidentale. I fan di Mario apprezzeranno l'aspetto familiare del gioco, mentre scopriranno che il suo gameplay aggiornato crea una sfida completamente nuova. Non più soddisfatti solo di indossare tute di colore diverso, Mario e Luigi possiedono anche diversi set di abilità (Mario può fermarsi più velocemente, mentre Luigi può saltare più in alto). Oltre ai classici nemici già noti ai fan di tutto il mondo, ci sono anche Funghi Avvelenati, Zone Warp all'indietro e occasionali raffiche di vento (che possono aiutare o ostacolare i tuoi progressi) da tenere in considerazione. E se ciò non bastasse, i giocatori esperti possono andare alla ricerca dei mondi segreti del gioco. Quindi preparati a mettere alla prova le tue abilità di Mario e salva di nuovo la Principessa. Non sorprenderti se si trova in un altro castello!
Tama & Friends - Sanchoume Daibouken (Japan)	Il gioco è basato su un manga e un anime per bambini con lo stesso nome che riguarda i cani e i gatti di un quartiere affiatato. Il gioco ha un sottotitolo: 3 Choume Daibouken. La parte &quot;3 Choume&quot; si riferisce al distretto in cui vivono Tama e i suoi amici, mentre &quot;Daibouken&quot; significa semplicemente &quot;grande avventura&quot;. Come gioco, Tama and Friends è molto semplice e chiaramente pensato per bambini molto piccoli. L'obiettivo è semplicemente attraversare un ambiente suburbano evitando nemici come uccelli e spazzatura volante casuale. Tama può anche arrampicarsi sui pali del telegrafo per aiutarlo a salire più in alto, che di tanto in tanto portano ad aree bonus, e ci sono anche boss da combattere alla fine di alcune fasi.
Tanigawa Kouji no Shougi Shinan II - Meijin e no Michi (Japan)	Lo Shogi, un gioco da tavolo giapponese simile agli scacchi, è un gioco da tavolo popolare quanto il Mahjong in Giappone. Tanigawa Kouji no Shougi Shinan II - Meijin e no Michi è il secondo di una serie di giochi di Shogi istruttivi ospitati dall'allora campione di alto livello ed esperto giocatore di Shogi Tanigawa Kouji per aiutare a migliorare il gioco del giocatore.
Tanigawa Kouji no Shougi Shinan II - Meijin e no Michi - Shinban Tsumeshougi - Tsugi no Itte (Japan) (Disk Writer)	Lo Shogi, un gioco da tavolo giapponese simile agli scacchi, è un gioco da tavolo popolare quanto il Mahjong in Giappone. Tanigawa Kouji no Shougi Shinan II - Meijin e no Michi è il secondo di una serie di giochi di Shogi istruttivi ospitati dall'allora campione di alto livello ed esperto giocatore di Shogi Tanigawa Kouji per aiutare a migliorare il gioco del giocatore.
Tantei Jinguuji Saburou - Kiken na Futari - Kouhen (Japan)	The second chapter of the series. Detective Hunter and his assistant Yulia have been invited to watch Yulia's friend Sabin participate in a motorcycle race. It doesn't all go too well when he crashes in the race, but when the racing team checks up on him it turns out to be Thomas, Sabin's apprentice, under the helmet. The mystery deepens as another friend of Yulia is found murdered in a hotel room.
Tantei Jinguuji Saburou - Kiken na Futari - Zenpen (Japan)	Tantei Jinguuji Saburou - Kiken na Futari - Zenpen (Detective Saburou Jinguuji: Danger For Two, Part 1) è un gioco di avventura e mistero sviluppato da Data East per Famicom Disk System nel 1988. È il terzo gioco della lunga serie Tantei Jinguuji Saburou, dopo Tantei Jinguuji Saburou: Yokohama-kou Renzoku Satsujin Jiken. Nel terzo mistero, il detective visita un circuito di gara su invito di uno degli amici di Yulia. Un motociclista, Sabin Olsen, si schianta sul circuito, ma il corpo di un altro pilota viene recuperato dal luogo dell'incidente. Allo stesso tempo, Sabin Olsen, in un hotel, viene trovato dove un uomo che avrebbe dovuto incontrare è stato ucciso causando l'incastrare Olsen mentre fuggiva dall'hotel. A causa dei limiti di memoria sulla dimensione dei dischi, questo gioco è stato suddiviso in due parti. Questa è la prima parte, mentre la seconda parte, Tantei Jinguuji Saburo: Kiken na Futari Kouhen, è stata rilasciata pochi mesi dopo.
Tantei Jinguuji Saburou - Shinjuku Chuuou Kouen Satsujin Jiken (Japan)	Tantei Jinguuji Saburou - Shinjuku Chuuou Kouen Satsujin Jiken (&quot;Detective Saburo Jinguuji: Shinjuku Central Park Murder Mystery&quot;) è il primo di una lunga serie di giochi di avventura a tema criminale di Data East riguardanti il detective Saburo Jinguuji, o Jake Hunter come è conosciuto in Occidente. nnCome in tutti i giochi che seguono, l'obiettivo del gioco è scoprire l'autore di un omicidio parlando con testimoni e sospetti, raccogliendo indizi e deducendo i fatti sul caso. Il giocatore può utilizzare un menu di opzioni con cui controllare l'indagine del detective Jinguuji, come i comandi &quot;Parla&quot; e &quot;Guarda&quot; per avere un'idea migliore del mondo del gioco.
Tarot Uranai (Japan)	Tarot Uranai (Lit. Tarot cartomanzia) è una simulazione di predizione della fortuna sviluppata e pubblicata da Scorpion Soft per Famicom Disk System nel 1988. Durante il gioco, il gioco prevede il futuro del giocatore in diverse aree, tra cui l'amore, la finanza e l'istruzione. Seguì una serie di altri programmi di &quot;utilità&quot; astrologici per la piattaforma, tra cui Chuugoku Senseijutsu e Dennou Kyuusei Uranai dell'89. nnIl gioco si concentra sul mazzo dei Tarocchi e sulle loro presunte proprietà chiaroveggenti. Il gioco mescolerà casualmente un mazzo e li disporrà in una formazione scelta dal giocatore - ogni formazione ha lo scopo di predire un aspetto diverso della vita del giocatore. Il gioco rivelerà quindi le carte che il giocatore sceglie e decifrerà il significato dietro di esse.
Tennis (Japan)	Il gioco offre modalità per giocatore singolo e due giocatori per partite singole e doppie, con un gameplay competitivo o cooperativo. L'intelligenza artificiale di un avversario computerizzato può essere impostata su uno dei cinque livelli di difficoltà. Mario arbitra le partite.
Time Twist - Rekishi no Katasumi de... - Kouhen (Japan)	Il giocatore è un fantasma disincarnato, che cerca di recuperare il suo corpo, che è stato preso da un demone. Il demone semina scompiglio e distruzione per tutta la storia. Il giocatore ha a sua disposizione l'abilità unica di possedere vari animali. Time Twist sarebbe l'ultimo gioco sviluppato da Nintendo per il Famicom Disk System.
Time Twist - Rekishi no Katasumi de... - Zenpen (Japan)	L'anno è il 1995 e l'imminente svolta del XX secolo sta instillando paura e incertezza nell'umanità e gli spettacoli di divinazione sono diventati popolari. nnIl 25 settembre 1995, un ragazzo che vive a Tokyo sente in uno spettacolo di chiromanzia che incontrerà la ragazza dei suoi sogni in un museo situato fuori dai confini della città. Visita il &quot;Museo del Diavolo&quot; e incontra una ragazza all'interno, ma un improvviso terremoto interrompe l'incontro. Il ragazzo recita l'incantesimo dello spettacolo di divinazione che dice &quot;cattura il cuore della ragazza dei tuoi sogni&quot;, ma l'incantesimo distrugge il sigillo di un vaso contenente il diavolo. [Disco 1]
Titanic Mystery - Ao no Senritsu (Japan)	Titanic Mystery (lett. Titanic Mystery: Shiver of Blue) è un gioco di esplorazione subacquea sviluppato da Activision e pubblicato da Gakken nel 1987 per Family Computer Disk System. Ha una protagonista femminile che il giocatore controlla durante la ricerca di navi affondate. nnIl gioco è leggermente famoso per il suo libretto di istruzioni che contiene una breve storia in stile manga. Nonostante il fatto che la maggior parte degli utenti Famicom in quel momento fossero bambini, questa storia manga presenta il protagonista in una scena della doccia. Il gioco non è mai stato rilasciato al di fuori del Giappone, né è mai stato tradotto dal giapponese.
Tobidase Daisakusen (Japan) (Famicom 3D System)	La battaglia della tua vita prende vita in 3-D! Il più selvaggio dei cowboy spaziali è in cerca di avventura. Ora ce l'ha e ha bisogno del tuo aiuto. Uno strano mondo terrorizzato da Grax, Alien Serpentbeast, ha chiesto aiuto a te, Worldrunner. Sapendo che puoi scappare, superare e guidare chiunque o qualsiasi cosa, gareggi in battaglia. Ma questo non è un combattimento normale. Queste battaglie ti porteranno in otto strani pianeti pieni di pozzi senza fondo, stelle cadenti e alieni velenosi, tutti giurati di difendere il loro Re Serpente. E ogni nuovo mondo è governato da un Alien Serpentbeast più terrificante e più potente di qualsiasi cosa tu abbia mai visto prima. Sei pronto, Worldrunner? Ti stanno aspettando!
Tooyama no Kinsan Space Chou - Mr. Gold (Japan)	Tooyama no Kinsan Space Chou - Mr. Gold è un gioco di avventura testuale. Il gioco è basato su un anime &quot;Tooyama Sakura Uchuu Chou - Yatsu no Na wa Gold&quot; (o semplicemente Samurai Gold), che a sua volta è vagamente basato sul samurai della vita reale Toojama Kagemoto. Mr. Gold è un'avventura fantascientifica su un eroe con un tatuaggio che combatte i crimini in tutto il cosmo.
Topple Zip (Japan)	Topple Zip è uno sparatutto a scorrimento verticale etichettato anche come gioco di corse. Il giocatore pilota un velivolo e vola in competizione contro diversi velivoli controllati dal computer. Oltre a sparare ai tuoi avversari, puoi sbattere contro di loro (e loro possono sbattere contro di te) e rimuovere un potenziamento da loro che puoi quindi sparare e raccogliere. Ci sono otto scene distinte, ognuna delle quali contiene un numero di orditi che si collegano ad altre scene. Il modo in cui le scene si connettono è casuale in ogni riproduzione. L'obiettivo è individuare la chiave necessaria per accedere al warp che porta all'ottava e ultima scena, raccoglierla da qualunque scena sia nascosta all'interno e accedere all'ottava scena prima di qualsiasi altro concorrente.
Transformers - The Headmasters (Japan)	Basato sulla popolare serie animata con lo stesso nome e pubblicato solo in Giappone. Il gioco presenta gli Autobot ed è famoso per il suo alto livello di difficoltà e per la musica. Giochi come uno degli Autobot su quattro pianeti, combatti contro i Decepticon. A differenza del suo predecessore Transformers: Convoy no Nazo, il giocatore non può passare dalla modalità robot alla modalità veicolo. Invece, ogni livello contiene una fase in modalità veicolo, seguita da una fase in modalità robot.
TwinBee (Japan) (En) (Disk Writer)	I cattivi hanno rubato Paradise Island. Il potere di cui hai bisogno è nelle campane magiche nascoste da qualche parte dietro quegli strati di nuvole. Unisciti al tuo alter ego qui nell'ultimo successo di Konami!
Ultraman - Kaijuu Teikoku no Gyakushuu (Japan)	Hayate, un membro del Science Special Search Party, che protegge la terra dalle invasioni di grandi alieni ostili. Devi correre attraverso ogni fase, sconfiggendo i nemici con la tua pistola a raggi. Devi anche raccogliere sfere di energia per riempire un contatore sullo schermo.
Ultraman 2 - Shutsugeki Katokutai (Japan)	Ultraman 2: Shutsugeki Katoku Tai!! (Tradotto liberamente come Ultraman 2: Sortie Department Group) è un gioco d'azione sviluppato da Bandai per Famicom Disk System e pubblicato alla fine del 1987. Come suggerisce il titolo, ruota attorno alla serie Ultraman che era popolare in Giappone. Tuttavia, piuttosto che rendere Ultraman il fulcro di questo gioco, è la squadra di supporto della difesa che entra in azione ogni volta che il Giappone viene attaccato da un mostro gigante che ottiene la maggior parte del tempo di gioco.
Ultraman Club - Chikyuu Dakkan Sakusen (Japan)	Club Ultraman:. Chikyuu Dakkan Sakusen è il terzo basato sul tokusatsu di Ultraman. A differenza dei due giochi precedenti, che erano più orientati all'azione, questo gioco è un gioco di ruolo a turni.
Volleyball (Japan)	Il gioco consente al giocatore di scegliere il numero di persone nella propria squadra, il proprio paese e il proprio sesso. I paesi includono Stati Uniti, Cina, Giappone, Corea del Sud, Brasile, Cuba, Russia (USR) e Tunisia. Nel gioco il giocatore controllerà i propri giocatori utilizzando il D-pad e utilizzerà il pulsante b per eseguire le varie azioni del gioco. Il pulsante a non viene utilizzato nella pallavolo. Sul campo ci sono due file, 1 e 2. Quando la palla si avvicina a una delle file, i membri della squadra in quella riga potranno essere controllati dal giocatore. Se non sei in grado di colpire la palla oltre la rete, la squadra avversaria riceve un punto. Dopo aver colpito la palla dall'altra parte, l'altra squadra può o non può colpirla. Se non lo fanno, la tua squadra riceve un punto. Per servire, il giocatore deve premere il pulsante b, attendere che la palla ritorni verso di lui e quindi premere di nuovo il pulsante b. Quando la squadra avversaria serve, dovrai ricacciarla rapidamente. Di tanto in tanto, quando colpisci semplicemente la palla, questa andrà dritta in aria. Se ciò accade, dovrai premere ancora una volta il pulsante b per premerlo.
Vs. Excitebike (Japan) (En)	Vs. Excitebike è un gioco di simulazione di corse di motocross sviluppato da Nintendo come sequel di Excitebike per Famicom Disk System. È stato rilasciato anche nelle sale giochi, ma il Famicom Disk System è probabilmente migliore con funzionalità aggiuntive. Viene fornito con alcune funzionalità migliorate, tra cui una modalità per due giocatori simultanei che mancava nel gioco originale e un sistema di salvataggio delle tracce migliorato (le tracce sono state salvate nella parte scrivibile del disco). La musica è completamente diversa; nessuna delle canzoni del gioco originale è presente in questa versione e durante il gioco viene riprodotto un tema di sottofondo. C'è anche un nuovo round bonus che ti fa saltare sui camion.
Wakusei Aton Gaiden (Japan) (National Tax Agency Demo)	La storia riguarda il pianeta Aton e due giovani piloti che cercano di salvarlo da una crisi economica che si manifesta come un'invasione aliena. Il gioco può essere giocato da uno o due giocatori, con un giocatore che assume il ruolo di Kanta mentre il secondo giocatore assume il ruolo di Yuki.
Wardner no Mori (Japan)	Wardner no Mori (Lit. Forest of Warnder) è un gioco arcade in stile platform sviluppato da Toaplan e pubblicato da Taito nel 1987. In America, il gioco arcade è stato rilasciato con il titolo Pyros. Il giocatore controlla un personaggio di nome Dover attraverso varie fasi della foresta nel tentativo di salvare la sua ragazza rapita dal malvagio Wardner. I semplici comandi di corsa e salto sono integrati con la possibilità di lanciare palle di fuoco. Le monete d'oro possono essere raccolte durante il gioco e scambiate con abilità extra in un negozio alla fine di ogni livello.
Winter Games (Japan)	Winter Games è un gioco di sport sviluppato da Epyx basato sugli sport presenti nei Giochi olimpici invernali. Un seguito a tema neve e ghiaccio dei Giochi estivi di grande successo. nnIl gioco è stato presentato come un carnevale virtuale multi-sport chiamato &quot;Epyx Winter Games&quot; (non c'era una licenza ufficiale del CIO in atto) con un massimo di 2 giocatori ciascuno che sceglieva un paese da rappresentare, e poi si alternavano a competere in vari eventi per provare per una medaglia.
Wrecking Crew (Japan) (Disk Writer)	Il giocatore controlla Mario (o Luigi in modalità a due giocatori) e tenta di distruggere gli oggetti con un grosso martello in ciascuno dei 100 livelli. Mario non può saltare a causa del peso del martello. Il giocatore può scegliere qualsiasi livello dalla schermata del titolo. Ogni livello si svolge su una griglia invisibile, ogni spazio può contenere un oggetto.Gli oggetti includono scale e muri distruttibili, pilastri, barili indistruttibili e vari nemici che Mario deve evitare.
Xevious (Japan) (Disk Writer)	Xevious racconta la storia della lotta tra l'umanità e il biocomputer GAMP, che controlla le forze aliene del pianeta Xevious. Si scopre che gli abitanti di Xevious sono originari della Terra e GAMP (General Artificial Matrix Producer) è il prodotto di un'antica civiltà che prosperò sulla terra centomila anni fa. Durante questa età dell'oro, i Gamp erano cloni umani utilizzati in lavori pesanti, fino a quando non si ribellarono ai loro stessi creatori. Per sopravvivere all'imminente era glaciale, pianificarono di lasciare la terra e migrare alla ricerca di una nuova patria. Alla fine hanno selezionato sette pianeti che erano probabilmente adatti alla vita umana.
Youkai Yashiki (Japan)	In Youkai Yashiki, controlli un ragazzo armato di torcia che deve esplorare cinque livelli e individuare cinque talismani prima di individuare e ottenere l'accesso a un boss di scena. La torcia funge da arma contro i mostri che popolano ogni livello. Il tuo misuratore di vita assume la forma di un set di batterie. Man mano che la tua vita diminuisce, le batterie si scaricano e la potenza della tua torcia, cioè la distanza che i raggi possono percorrere, diminuisce.
Yume Koujou - Doki Doki Panic (Japan) (DV 2)	Mentre due bambini, Poke e Piki, stanno leggendo una storia, una mano mostruosa appare improvvisamente all'interno delle pagine e li rapisce. Quando il resto della famiglia Dream Factory sente le loro grida di aiuto, scavano nella storia e aiutano a salvarli dal malvagio Wart. nnIl gioco è stato modificato e rilasciato come Super Mario Bros 2. A causa della sensazione di Nintendo of Japan che la sua versione di Super Mario Bros 2 sarebbe stata troppo difficile e obsoleta quando sarebbe arrivata negli Stati Uniti.
Yuu Maze (Japan)	Yuu Maze (&quot;gioco del labirinto&quot;) è un gioco di labirinti a schermo singolo vicino al classico Pac-Man di Namco. Lo scopo del gioco è guidare un veicolo futuristico attraverso un labirinto, raccogliendo punti evitando (o eliminando temporaneamente) i nemici.
Yuushi no Monshou - Deep Dungeon (Japan)	Nell'ultima partita sono successe cose strane nella città di Dorl. È stato proclamato che Ruu è risorto. La gente si riunì nel tempio per pregare, finché lo spadaccino Ral fu convocato dai cieli per entrare nel castello e combattere Ruu. Come se fosse un prequel, il gioco si svolge in un ambiente di scansione di dungeon 3D, solo che questa volta c'è una torre da conquistare e un dungeon. Le battaglie avvengono anche in tempo reale, quindi se rimani inattivo troppo a lungo verrai attaccato rapidamente. Tuttavia, una volta raggiunti determinati livelli, i nemici non ti attaccheranno più casualmente.
Zanac (AI) (Japan)	In Zanac, il giocatore controlla l'astronave AFX-6502 Zanac e vola attraverso diversi pianeti, stazioni spaziali e combatte un'armata di nemici che formano le difese del nemico principale del gioco (il &quot;sistema&quot;). Il giocatore deve combattere attraverso 12 livelli e distruggere il sistema e le sue difese. L'obiettivo è abbattere nemici e proiettili e raccogliere punti. Il giocatore inizia con tre vite e perde una vita se colpito da un nemico o da un proiettile.
Zelda no Densetsu - The Hyrule Fantasy (Japan)	In un universo fantasy chiamato Hyrule, Link deve recuperare gli otto frammenti della Triforza della Saggezza per sconfiggere Ganon, liberare la Principessa Zelda e portare la pace nel regno. Durante il gioco, Link si muove liberamente e senza indicazioni in una mappa del mondo visualizzata in vista dall'alto, ma esplora anche diversi labirintici sotterranei. Il regno di Hyrule è abitato da molti mostri che Link deve combattere, e nasconde molti segreti ed enigmi da risolvere, il che permette a Link di scoprire oggetti utili per il suo avanzamento nella quest o armi che migliorano le sue abilità. Esplorare e scoprire segreti è il cuore dell'esperienza di gioco.Quando il giocatore ha finito il gioco, può ricominciare il gioco in un'avventura rinnovata chiamata &quot;seconda ricerca&quot; con dungeon e una mappa del mondo modificata, oltre a nemici più difficili.
