#key	synopsis
Adian no Tsue (Japan)	Adian no Tsue (&quot;Staff of Adian&quot;) es un juego educativo de acción y aventura que se asemeja mucho a The Legend of Zelda, o al menos a sus áreas de mazmorras. Sin embargo, una gran diferencia es que para recolectar la moneda principal del juego, las campanas, el jugador debe resolver acertijos aritméticos básicos.
Ai Senshi Nicol (Japan)	Nicol es un joven genio que desarrolló la tecnología para transportar equipos a través de las dimensiones del espacio. Las noticias sobre este descubrimiento se extendieron por toda la galaxia, y ahora una amenaza amenazante de un sistema estelar distante está determinado a poner sus manos en esa tecnología para sus propios fines. Para hacer eso, un demonio ha secuestrado a la novia de Nicol, Stella, y la mantiene cautiva hasta que obtenga la tecnología. Ella espera impotente detrás de la cámara del demonio, sin perder la esperanza de que su verdadero amor Nicol vendrá a salvarla.
Air Fortress (Japan) (Proto) (1986-10-20)	La gente del planeta Farmel, después de haber adquirido recientemente la tecnología para el espacio aéreo, exploró con entusiasmo la galaxia para encontrar una monstruosa &quot;Fortaleza aérea&quot; que se movía en su dirección. Rápidamente descubrieron que las Fortalezas se comportaron como langostas interestelares, consumiendo todos los recursos y seres vivos a su paso. La Federación Espacial siente su flota más poderosa, que fue rápidamente eliminada por las poderosas Fortalezas. En una última jugada, envían a un solo guerrero llamado Hal Bailman, con un traje espacial blindado, armas poderosas y una pequeña &quot;nave de luz&quot; para infiltrarse en las Fortalezas y destruirlas de adentro hacia afuera.
Akumajou Dracula (Japan)	Transilvania disfrutó de un siglo de paz gracias al legendario héroe, Christopher Belmont, un cazador de vampiros que venció al Conde Drácula cien años antes con un látigo sagrado llamado Vampire Killer. Mientras la celebración de Pascua continuaba con un gran carnaval, los hombres malvados se reunieron en un monasterio en el borde de la aldea y condujeron una misa negra para resucitar al Conde Drácula. Los hombres tuvieron éxito en traer de vuelta a su maestro. Un rayo de luz envolvió el monasterio donde celebraron el rito, señalando la resurrección del Conde Drácula. Cuando el Conde regresó, su Castillo, que había caído cien años antes, reapareció en Transilvania, y sus legiones de leales mineros se reformaron. Simon Belmont, el descendiente de Christopher Belmont, sabía que como miembro del Clan Belmont y actual poseedor del látigo Asesino de Vampiros, era su deber devolver la paz y la estabilidad a Transilvania al destruir a Drácula.
Akuu Senki Raijin (Japan) (Disk Writer)	Al igual que el anterior Thexder semiclásico de Square, el jugador puede optar por cambiar entre los dos modos de su oficio en ciertos puntos de cada nivel. Al tocar el suelo como el mecha, el jugador ocasionalmente puede encontrar otras direcciones para continuar explorando como una nave espacial, presentando secciones de disparos verticales y de desplazamiento lateral.
Aliens - Alien 2 (Japan) (Proto) (1986-12-15)	Aliens: Alien 2 es un juego de plataformas arcade (o run'n'gun si quieres) con Ripley en un planeta infestado de alienígenas. Armado con solo un arma básica al principio, se enfrenta a los carabineros que salen de los huevos alienígenas. Después de haber despachado un abrazo facial, el huevo puede dispararse para revelar un objeto. Los artículos pueden ser granadas de mano, armas más fuertes o artículos de ala que la hacen saltar más tiempo. El juego estaba programado para lanzarse en 1987, pero fue cancelado. El prototipo se filtró a internet en 2009.
All Night Nippon Super Mario Bros. (Japan) (En) (Promo)	All Night Nippon Super Mario Bros. es una edición especial solo para Japón de Super Mario Bros. en la que muchos de los enemigos del juego son reemplazados por celebridades. El juego se presentó originalmente como un premio de la rifa en el programa de radio All Night Nippon antes de salir a la venta al por menor.
Apple Town Monogatari - Little Computer People (Japan)	A diferencia de las versiones anteriores de Little Computer People, el personaje jugable es una chica con un vestido rosa y lazo en el pelo. Las habitaciones de la casa también tienen una configuración diferente, con un balcón al aire libre en el último piso. Cuando se juega por primera vez, se elige un nombre para el personaje al azar de una lista preprogramada. No hay condiciones ganadoras en este juego. Básicamente, ves e interactúas con la chica de varias maneras. Sin embargo, Apple Town Story carece de muchas de las funciones que se encuentran en otras versiones de Little Computer People.
Armana no Kiseki (Japan)	Una joya roja mágica, conocida como el Arumana, es robada de un pueblo sin nombre. Un ladrón se escapa con la joya y convierte a toda la aldea en piedra. Kaito debe viajar a través de seis niveles cavernosos en busca de la joya robada, Arumana. El jugador comienza con treinta cuchillos arrojadizos como su arma de ataque. A medida que se aventuran a través de los niveles, pueden encontrar otras armas. Estos incluyen bombas, una pistola, bolas, una bola de cristal que destruye todo en la pantalla y minas. Debe destruir varias criaturas que habitan en cuevas así como soldados, que a veces arrojan armas.
Aspic - Majaou no Noroi (Japan)	Obtuviste el Libro de la Verdad, que es necesario para romper la maldición sobre la princesa. Cuando vuelves al rey, te das cuenta de que la princesa ha desaparecido. Tres días antes, apareció un mago e informó al rey que había otra forma de salvar a la princesa, por lo que el rey le confió la vida de la princesa al mago. Ahora que has regresado, el rey te suplica que descubras qué ha pasado con el mago y la princesa.
Backgammon (Japan)	Backgammon es un simulador de backgammon sencillo que permite que hasta dos jugadores compitan en partidas de backgammon. El juego tiene un tutorial que explica cómo se juega el backgammon y ofrece modos de Match Play (único) y Torneo (múltiples partidos) para un solo jugador. También existe el requisito de modo de dos jugadores en el que dos jugadores humanos se turnan.
Bakutoushi Patton-kun (Japan)	Un juego de combate de arena basado en un tanque que no parece involucrar al general Patton. Fue desarrollado para el sistema de disco Famicom por Soft Pro International. Bakutoushi Patton-Kun (más o menos &quot;Explosive Fighter Patton&quot;) es un juego de acción multijugador donde el objetivo es volar los tanques de los otros jugadores en una serie de escenarios, similar al Combate de Atari. Además de destruir el tanque de cada oponente, el jugador también debe vencer al conductor del tanque mientras corren indefensos. Después de derrotar a todos los otros tanques y sus conductores, el jugador pasa a la siguiente etapa. El juego, en un punto durante el proceso de carga (ya que los juegos del sistema de discos de Famicom se ejecutan en discos), pide al jugador que &quot;gire hacia el lado B y lo inserte en la casilla de mierda&quot;. Es el único tipo de bomba que se encuentra en el juego.
Baseball (Japan)	Es el final de la novena. Estás en el plato. Aquí viene el campo. Te balanceas ... ¡es un golpe profundo en el jardín central! ¡Un jonrón! Es Nintendo BÉISBOL. Un juego tan real que pensarás que estás en las mayores. Usted controla el swing del bate. La velocidad del campo. ¡Los éxitos, los robos, las dobles jugadas! Juega contra un oponente de computadora o desafía a un amigo. Los gráficos de última generación de Nintendo y el juego realista te harán creer que estás jugando al béisbol. Solo agrega cacahuates, palomitas de maíz y crackerjacks ... ¡por el momento de tu vida!
Big Challenge! Dogfight Spirit (Japan)	Los poderes del juego, disponibles al destruir camiones de suministro más pequeños que cruzan la pantalla, cambian las armas del helicóptero pero no las hacen más fuertes. Incluso es posible recoger el arma original más débil de nuevo si el jugador es demasiado descuidado. Estos van desde un cañón (o láser) de disparo hacia adelante más fuerte hasta pistolas que dispersan fuego hacia adelante y hacia los lados del helicóptero.
Big Challenge! Go! Go! Bowling (Japan)	¡Gran desafío! ¡Go! ¡Go! Bowling es el cuarto y último juego de la diversa serie Big Challenge de los juegos de Jaleco Famicom Disk System, y el último juego FDS de los propios Jaleco. ¡Go! ¡Go! El boliche es una simulación sencilla de bolos de diez clavijas, cuyo objetivo es derribar tantas clavijas en tan pocos tiros como sea posible.
Big Challenge! Gun Fighter (Japan)	Big Challenge!¡Gun Fighter es el tercero en el gran desafío de Jaleco! serie de juegos de Famicom Disk System. El jugador es un vaquero que debe atravesar una ciudad del Lejano Oeste mientras dispara o evita a los diversos enemigos, que incluyen pistoleros en la azotea, boxeadores y otros no-do-wells. El jugador puede encontrar munición adicional y rellenos de salud después de derrotar a los enemigos, así como dinero que se puede gastar al inicio de cada nivel en varios artículos.
Big Challenge! Juudou Senshuken (Japan)	Big Challenge! Judo Senshuken (Campeonato) es un juego deportivo de temática de judo en el que el objetivo es derrotar al adversario con movimientos legales de Judo. Esto implica muchas garras, alfileres y tiros. Derrotar a un oponente le permite al jugador subir de rango hasta llegar a ser un enemigo progresivamente más duro.
Bio Miracle Bokutte Upa (Japan)	En Bio Miracle Bokutte Upa, el jugador asume el papel de Baby Upa, el príncipe del Reino de Akuyo. El Príncipe Upa emprende la aventura en siete mundos diferentes para salvar a Akuyo Kingdom de un peligroso demonio llamado Zai.
Bomberman (Japan) (Disk Writer)	¡El juego de acción más emocionante y mundialmente famoso Bomberman! ¡Explora 8 emocionantes mundos y recupera la estatua dorada de Bomberman!
Breeder (Japan)	En un futuro lejano, para mejorar la calidad de sus robots de guerra, una civilización de estrellas decide organizar torneos especiales. Esos &quot;combates de metales&quot; se llevan a cabo en arenas donde dos robots luchan entre sí en un combate a muerte. Una vasta lista de componentes se puede editar y personalizar desde el principio y el juego cuenta con siete tipos diferentes de robots.
Bubble Bobble (Japan)	Bubble Bobble es la historia de dos humanos, Bub y Bob, que deambulan por la misteriosa cueva de los monstruos y mágicamente se convierten en dinosaurios. La única forma de transformarse es llegar al final de la cueva ... Bubble Bobble es un juego de plataformas, con cada nivel en una sola pantalla. Los enemigos deben ser eliminados de un nivel para pasar al siguiente. Con un jugador controlando a Bub y el otro controlando a Bob, el jugador puede saltar y recoger elementos para obtener puntos. Sin embargo, el verdadero poder que tienen Bub y Bob es la capacidad de hacer burbujas. Estas burbujas pueden ser plataformas para saltar o atrapar enemigos. Los enemigos atrapados en una burbuja deben explotar saltando sobre ellos, en donde se convertirán en fruta. Además, los power-ups a veces flotan en burbujas. Incluyen relámpagos, que vuelan horizontalmente hacia los enemigos, y agua, que arrastra al jugador y a los enemigos hacia abajo, fluyendo sobre las plataformas.
BurgerTime (Japan) (Disk Writer)	Usted juega como Chef Pepper y su objetivo es hacer hamburguesas gigantes mientras que los huevos malvados, las salchichas y los pepinillos lo persiguen por el área de juego. Para hacer una hamburguesa de manera adecuada, debe ensamblar todos los ingredientes, dejándolos caer desde la parte superior hacia el área de la hamburguesa a continuación. Para hacer esto, debes dejar que Chef Pepper se ocupe de cada ingrediente de la hamburguesa. Tan pronto como un ingrediente (una pieza de lechuga, por ejemplo) haya sido pisado, caerá al siguiente nivel. La comida que cae aplastará a cualquier enemigo que lo siga y también &quot;chocará&quot; con cualquier otro ingrediente que esté más abajo. Además, como una defensa de emergencia contra la comida enemiga, puedes recolectar pimenteros que te permitirán inflar una pequeña nube de pimienta que aturdirá momentáneamente a los enemigos, permitiéndote caminar más allá de ellos.
Chitei Tairiku Ordola (Japan)	El objetivo del juego es ayudar a un joven explorador a atravesar el mundo subterráneo de Orudora, eliminando enemigos en el camino con sus bombas. Las bombas vuelan en un arco específico, por lo que el jugador necesita estar a la distancia correcta del enemigo para poder golpearlo. El personaje jugador también puede agacharse, saltar, subir escaleras y usar otras habilidades comunes para las plataformas. Los otros dos juegos de la Serie de juegos de Chinou son Adian no Tsue y Super Boy Allan, el último de los cuales fue lanzado el mismo día que Chisoko Tairiku Orudora.
Cleopatra no Mahou (Japan)	Daisuke Kusano es el hijo de un arqueólogo que desapareció mientras buscaba las Lágrimas de Isis, artefactos que una vez pertenecieron a Cleopatra. Durante la excavación del hombre para las Lágrimas, los demonios aparecieron y lo secuestraron. El niño pronto descubre que debe encontrar las Lágrimas para salvar a su padre.
Clu Clu Land (Japan) (En) (Disk Writer)	¿Eres lo suficientemente inteligente como para desentrañar el misterio de Clu Clu Land? El malvado Sea Urchin ha escondido todo el oro en Clu Clu Land en un misterioso laberinto subterráneo. ¡Depende de usted encontrar el oro antes de que se acabe el tiempo! Pero cuidado. The Sea Urchin hará todo lo que esté a su alcance para detenerte. ¡Instalará trampas para engañarte, como invitarte a su casa donde serás tragado vivo! ¡O rebota contra la trampa de goma y aterriza sobre tu espalda! Pero si usted, o usted y un amigo, pueden controlar al Erizo de Mar aturdiéndolo con descargas eléctricas, ¡quizás descubran dónde escondió el oro y pasen a una emocionante ronda de bonos!
Cocona World (Japan)	Controlas a una joven bruja que deambula por varias partes del reino. Hay muchos habitantes de animales con quienes interactuar, algunos de los cuales son buenos y otros malvados. También hay una serie de actividades para realizar y minijuegos para jugar. Con el tiempo, la bruja solicitará que se realicen ciertas actividades. Si no se realizan dentro de un cierto período de tiempo, el jugador recibe una penalización. Con el tiempo, el estado de ánimo y la fuerza del personaje disminuirán. Si los dos nunca se restauran y caen a cero, el juego termina. Este juego solo se lanzó en Japón y nunca se ha traducido al inglés.
Dandy - Zeuon no Fukkatsu (Japan)	La legendaria bestia Zeuon ha sido olvidada por la humanidad durante siglos y nadie está al tanto de la lucha que se avecina. El tiempo pasa y el mal está a punto de regresar y la Tierra debe ser salvada una vez más.
Dead Zone (Japan)	nnEn el calendario espacial 0385, la Tierra sufre de superpoblación y los humanos comenzaron a construir colonias espaciales. Kirk, el protagonista de Dead Zone, trabaja para la oficina de desarrollo espacial de la federación de la Tierra. Es un brillante ingeniero en física espacial y está trabajando para la colonia Sirius del tercer planeta. Él también se comprometió con su amada novia, Marry, pero tuvieron que posponer su boda. Cinco meses después, Kirk, acompañado de su robot Carry, decide reunirse con Marry y preparar la ceremonia. Pero cuando llega a la estación espacial, todo está tranquilo. Entonces un rayo de luz lo golpea. A veces se despierta, dentro de una especie de cementerio subterráneo, con trozos de robots desmantelados a su alrededor.
Dig Dug (Japan) (Disk Writer)	Crea tu propio laberinto mientras avanzas sin miedo por la tierra. Tu objetivo: cosechar vegetales sabrosos que valen puntos saludables. Tus enemigos: ¡fantasmas que quieren enterrarte vivo, feroces dragones que escupen fuego y malos matones con forma de globo! ¿Puedes cavar? ¡Aquí está la emocionante versión para el hogar del célebre original de monedas!
Dig Dug II (Japan) (Disk Writer)	DIG DUG ha decidido relajarse de las presiones del mundo real tomando unas vacaciones en una hermosa isla caribeña. &quot;Por fin&quot;, piensa para sí mismo, &quot;¡sol, arena, olas, y no más molestias de esas plagas miserables, Pooka y Fygar!&quot; Acostado en una hamaca entre las elegantes palmeras, se sumerge en un maravilloso sueño de hermosas chicas nativas vestidas de bikini que satisfacen todos sus deseos. Pero justo cuando cree que lo hizo a la sombra, sus enemigos problemáticos vienen a convertir su paraíso pacífico en una pesadilla tropical. ¡Ayuda a DIG DUG a librar a la isla de estos irritantes intrusos y devolver la tranquilidad a sus vacaciones junto al mar!
Dirty Pair - Project Eden (Japan)	Agerna es un planeta rico en Vizorium, el único mineral necesario para viajar en el espacio. Entonces, cuando una serie de ataques misteriosos a las operaciones mineras hace que los gobiernos del mundo se señalen con el dedo y se culpen unos a otros, la Asociación Mundial de Bienestar y Obras envía naturalmente a sus principales agentes a investigar. ¿Pero acaso los amables ángeles están a la altura de la tarea de detener a un científico loco empeñado en llevar una larga raza alienígena dormida a su forma evolutiva final? Eche un ladrón que está cazando una botella de vino de la Segunda Guerra Mundial y es una apuesta segura que nadie en el planeta está a salvo. ¡Es más caótico, más caos e incluso más destrucción que nunca antes cuando los Dirty Pair se enfrentan a su caso más salvaje hasta ahora!
Donkey Kong (Japan) (Disk Writer)	Tú eres Mario, y ese gran viejo gorila, Donkey Kong, se ha escapado con tu novia. Depende de usted subir por esas escaleras y mantener el equilibrio en esos rayos para rescatar a su dama. Ella está cautiva en la parte superior. Pero Donkey Kong no está listo para renunciar a ella tan fácilmente. Está lanzando barriles y bolas de fuego en cada vuelta. Depende de usted superar a ese simio astuto. Buena suerte, ¡tu señora te espera!
Donkey Kong Jr. (Japan) (Disk Writer)	¡Mario se ha vuelto loco! Le ha dado la vuelta a Donkey Kong y lo ha encerrado en una jaula. Depende de usted, como Donkey Kong Jr., rescatar a su padre robando el juego de llaves de Mario. Pero no será fácil. Tendrás que luchar contra Snapjaws comedores de simios, saltar a islas en movimiento y atravesar una jungla de enredaderas para llegar a las llaves que liberarán a Donkey Kong. ¿Puedes manejar la acción? ¡Porque este negocio de monos fuera de lo común te hará ir plátanos!
Doremikko (Japan)	Un juego de música desarrollado por Konami para Famicom Disk System y publicado a fines de 1987. Al igual que otros juegos de música de este tipo, incluye un teclado digital que se conecta al Famicom con el fin de componer y reproducir música. La inclusión de un teclado grande con el juego hace que Doremikko sea el título más caro de Famicom Disk System en el momento de su venta original.
Dr. Chaos - Jigoku no Tobira (Japan)	El genio científico Dr Ginn Chaos ha desaparecido. Antes de su desaparición, estaba trabajando activamente en su gran mansión en un dispositivo que permite el acceso a dimensiones alternativas. Armado solo con un cuchillo, su hermano decide buscarlo y finalmente descubrir el misterio detrás del incidente. Algo obviamente salió terriblemente mal con el experimento del Dr. Chaos, y el objetivo del juego es localizar todas las zonas de distorsión de once dimensiones escondidas dentro de la mansión, así como ensamblar una poderosa pistola láser, la única arma capaz de derribar la última jefe.
Dracula II - Noroi no Fuuin (Japan)	Akumajou Drácula fue una torta en comparación con esta sangrienta maldición. Creíste que tenías el Príncipe de la Oscuridad desterrado, ¿eh, Simon Belmont? Bueno, piensen otra vez, porque de acuerdo con una damisela en apuros, el malvado Conde Drácula ha dejado una horrible maldición a su paso. ¡Y la única esperanza que tienes de acabar con el terror es destruir las partes de su cuerpo que faltan! Habla sobre tu misión aterradora, buscando en un laberinto de mansiones, cementerios y bosques oscuros y espeluznantes, cada uno custodiado por hombres lobos devoradores de hombres, zombis que arrojan fuego y otros demonios diabólicos. Sus sombrías oportunidades se mantienen vivas en Transilvania, donde los aldeanos cobardes ofrecen pistas sobre el paradero de los restos de Drácula.
Druid - Kyoufu no Tobira (Japan)	Hasta ahora, el equilibrio de poder se ha mantenido y se ha mantenido la paz en todo Belorn. Pero ahora, cuatro príncipes demoníacos han aparecido a través de una entrada interdimensional en las mazmorras del malvado lich Acamantor. La Tarea de destruir a los príncipes y cerrar la puerta ha caído sobre ti, el último de los Grandes Druidas. Los príncipes Demon se encuentran al acecho en las profundidades más oscuras de la mazmorra, y solo pueden destruirse mediante el uso de tu hechizo más poderoso, que, en este caso, debe transmitirse mediante el tacto. A lo largo de la mazmorra, encontrarás cofres que contienen hechizos de formidable poder para ayudarte en tu misión y en los Pentogramas de la vida, que revitalizarán por completo la esencia de tu vida. Usa estos recursos sabiamente para sobrevivir a la embestida constante de los monstruos dimensionales engendrados por el infierno y enfréntate a la princesa demoníaca.
Egger Land (Japan)	La paz duró muchos años en el hermoso reino de Eden Land. La gente estaba en paz y todo estaba bien. Sin embargo, un día la encarnación de la destrucción, el Rey Egger, vino del reino subterráneo de Eggerland buscando destruir el reino pacífico y reclamarlo por sí mismo. El rey Eden envió a Lala a God Inphony para buscar su ayuda, e Inphony le dio a Inphonit Power y cinco llaves para abrir la puerta del mal. Cuatro dioses obedecieron a Inphonit y se unieron a ella, pero Egger la atrapó mientras ella trataba de detenerlo y la ocultó en su laberinto subterráneo de Eggerland. Afortunadamente, logró ocultar el poder de Inphonit, y las Cinco Llaves y los Cuatro Dioses en la tierra de Eggerland. Lolo, príncipe de Gentle Land, escuchó la noticia de que Lala había sido capturada e inmediatamente corrió a Eggerland para rescatarla.
Egger Land - Souzou e no Tabidachi (Japan) (Disk Writer)	La historia no es realmente conocida ya que no hay historia en el juego. Todo lo que ves es a Lolo, el personaje principal entra al castillo y las puertas se cierran detrás de él. Hay 50 rondas en el juego, que es menor que los otros juegos Eggerland Famicom. El juego es único de todos los otros títulos de Eggerland para Famicom al permitir que el jugador cree sus propios niveles. Al igual que los otros juegos de Eggerland, el objetivo de cada etapa es simple; Recoge todos los marcos del corazón y luego recoge el orbe dentro de la caja del tesoro para pasar al siguiente nivel. No será fácil sin embargo; El rey Egger ha enviado a sus enemigos para que te cuiden. Lolo debe usar ciertas tácticas para sobrevivir, como atrapar a los enemigos o expulsarlos de la pantalla temporalmente.
Electrician (Japan)	Un electricista llamado Richard Light debe instalar el cableado eléctrico en edificios de departamentos.
Esper Dream (Japan)	Esta es una historia que ocurrió en el pueblo distante de donde vives. Este pueblo estaba lleno de un aroma hermoso, silencioso y misterioso. Sin embargo, los aldeanos sufrieron una tragedia inesperada. El clan Evil llamado tribu Narcisse, comenzó a buscar la magia escondida en nuestro pueblo. Peor aún, secuestraron a la hija de nuestro alcalde, Alice. ¡Por favor, ve y rescata a Alicia, y trae paz a nuestra tierra!
Exciting Baseball (Japan)	Un simulador de béisbol, Exciting Baseball, sigue a Exciting Billiards y Exciting Basket (mejor conocido como Double Dribble in the West) en la serie de juegos deportivos de Konami para el Sistema de Disco Famicom. Al igual que los demás en la serie Emocionante, es un claro ejemplo de su particular deporte. No tiene el estilo de los dos juegos emocionantes originales, ya que nunca tuvo un antecedente de Arcade.
Exciting Basket (Japan)	El juego no incluye los nombres oficiales de los equipos o jugadores de baloncesto. En su lugar, selecciona Boston, Nueva York, Chicago o Los Ángeles. Puede elegir entre un límite de tiempo de 5, 10, 20 y 30 minutos para los períodos y un nivel de habilidad entre 1 y 3.
Exciting Billiard (Japan)	Mientras que el jugador puede ver la mesa en una vista descendente habitual, también tiene acceso a ventanas más pequeñas que muestran la vista desde detrás de la bola blanca para ayudar a visualizar dónde irá, así como una vista lateral de la señal en sí, que el jugador puede usar para juzgar el poder del tiro.
Exciting Soccer - Konami Cup (Japan)	La verdadera sensación del fútbol de calidad Arcade solo se puede lograr desde Konami. ¡Juegue un partido con varios equipos seleccionables y vaya contra un amigo! Un juego de fútbol de Konami y parte de su emocionante serie deportiva para el sistema de disco Famicom. Exciting Soccer es el quinto y último juego de la serie de deportes Exciting desarrollada por Konami. Permite a los jugadores seleccionar (y renombrar, si lo desean) un equipo de fútbol, ??cada uno con su propio conjunto de fortalezas de debilidades, e ingresar a un torneo conocido como la Copa Konami. Exciting Soccer utiliza una perspectiva descendente con ambos objetivos en el eje vertical. Esta sería una perspectiva popularizada por juegos de fútbol posteriores como Kick Off y Sensible Soccer. Pentarou el pingüino hace un cameo durante los espectáculos de medio tiempo.
Fairytale (Japan)	Un juego de estrategia sobre un grupo de niños que van a luchar contra un ejército de cerdos que ha aparecido repentinamente cerca de su aldea. Los niños y los cerdos se turnan moviéndose alrededor de un mapa antes de entrar en batallas basadas en turnos semi-reales. Un juego lindo pero sorprendentemente difícil y el último de los lanzamientos de Soft Pro International para el sistema de disco Famicom.
Falsion (Japan)	La humanidad ha colonizado la mayoría de los planetas en nuestra galaxia, la Vía Láctea, y ahora miran hacia la expansión de su alcance mediante el uso de una tecnología de viaje experimental llamada &quot;Hyperzone Drive&quot;. Sin embargo, una raza de alienígenas que ya dominaron esa tecnología actualmente están invadiendo planetas a un ritmo rápido, acercándose a nuestro sistema solar. Los invasores atacan la colonia de la humanidad en Plutón y la conquistan con poca resistencia, ya que la civilización humana no tiene la tecnología para defenderse. La organización humana responsable del programa espacial, la &quot;Fuerza Espacial Unida&quot;, decide utilizar la &quot;Unidad Hyperzone&quot; aún no probada para enviar naves que atacarán directamente a los ejércitos de los invasores alienígenas. Sin embargo, la nueva tecnología resulta difícil de controlar y solo una de las naves logra sobrevivir al viaje: Falsion.
Famicom Grand Prix - F1 Race (Japan) (DV 1) (Disk Writer)	Los jugadores pueden elegir jugar solo o con otros autos. Los automóviles tienen una cierta cantidad de energía y combustible, que disminuye cada vez que el jugador choca contra una pared u otro automóvil, así como cada vez que sale de la carretera. El jugador puede ir a una parada en boxes para regenerar la salud y el combustible; sin embargo, hacer esto quita el tiempo de carrera. Ganar el Gran Premio recompensa a los jugadores con monedas (Dinero), que se pueden usar para desbloquear autos ocultos.
Famicom Grand Prix II - 3D Hot Rally (Japan) (DV 8) (Disk Writer) (Famicom 3D System)	Es la secuela de Famicom Grand Prix: F-1 Race, aunque los dos juegos son muy diferentes. El juego es similar al de Rad Racer, que se lanzó antes. Famicom Grand Prix II: 3D Hot Rally marca la primera vez que Luigi aparece más alto y delgado que Mario en una caja de arte. El juego nunca fue lanzado en América o Europa. HAL Laboratory no desarrolló el juego, aunque Nintendo lo asignó para rediseñar los disquetes y programarlo una vez que los discos no funcionaban correctamente. En Super Smash Bros. Brawl, una canción que estuvo presente en 3D Hot Rally fue recreada para la etapa de Mario Circuit, mientras que el coche hizo una aparición como un kart que el jugador podía elegir en Mario Kart Wii. En 2001, el monster car estuvo presente como trofeo en el clásico de GameCube Super Smash Bros. Melee.
Famicom Mukashibanashi - Shin Onigashima - Kouhen (Japan)	El juego se representa como otros juegos de aventuras para el sistema, como los asesinatos en serie de Portopia o Hokkaido, aunque con una presentación de cuento de hadas mucho más suave en lugar de una película de suspenso y crímenes. La historia del juego se basa en el popular folclore japonés de siglos de antigüedad, como la historia de Momotaro y los cuentos que representan a los Oni demoníacos y sus travesuras. Los personajes originales creados para este juego serían referidos posteriormente por futuros productos de Nintendo con elementos retrospectivos, como Captain Rainbow o la serie Super Smash Bros (SSB Brawl incluso tenía una versión remezclada de la música de Shin Onigashima para la etapa Ice Climbers).[Disk 2]
Famicom Mukashibanashi - Shin Onigashima - Zenpen (Japan) (DV 2, 3) (Disk Writer)	El juego se representa como otros juegos de aventuras para el sistema, como los asesinatos en serie de Portopia o Hokkaido, aunque con una presentación de cuento de hadas mucho más suave en lugar de una película de suspenso y crímenes. La historia del juego se basa en el popular folclore japonés de siglos de antigüedad, como la historia de Momotaro y los cuentos que representan a los Oni demoníacos y sus travesuras. Los personajes originales creados para este juego serían referidos posteriormente por futuros productos de Nintendo con elementos retrospectivos, como Captain Rainbow o la serie Super Smash Bros (SSB Brawl incluso tenía una versión remezclada de la música de Shin Onigashima para la etapa Ice Climbers).[Disk 1]
Famicom Mukashibanashi - Yuuyuuki - Kouhen (Japan)	Yuuyuki es un juego de aventuras que se juega eligiendo entre varios comandos de texto que se muestran en la pantalla. Se asemeja a su predecesor, Shin Onigashima, en la implementación del comando &quot;Cambiar carácter&quot;, el uso de cuentos de hadas japoneses tradicionales y el diseño y la apariencia general de la pantalla. La trama es una parodia de la novela china Journey to the West, donde dos personajes principales, Goku y Chao, se embarcan en viajes separados para encontrarse. [Disk 2]
Famicom Mukashibanashi - Yuuyuuki - Zenpen (Japan)	Yuuyuki es un juego de aventuras que se juega eligiendo entre varios comandos de texto que se muestran en la pantalla. Se asemeja a su predecesor, Shin Onigashima, en la implementación del comando &quot;Cambiar carácter&quot;, el uso de cuentos de hadas japoneses tradicionales y el diseño y la apariencia general de la pantalla. La trama es una parodia de la novela china Journey to the West, donde dos personajes principales, Goku y Chao, se embarcan en viajes separados para encontrarse. [Disk 1]
Famicom Tantei Club - Kieta Koukeisha - Kouhen (Japan)	La historia comienza con un hombre llamado &quot;Amachi&quot; que descubre al protagonista caído en el suelo cerca de un acantilado. El protagonista descubre que ha perdido la memoria y, después de recuperarse, vuelve a visitar el acantilado y conoce a una joven llamada Ayumi Tachibana. Aprendió de Ayumi que él es un detective asistente que investiga la muerte de Kiku Ayashiro, y se dirige a la finca cercana de Ayashiro, ubicada en la aldea de Myoujin. La familia Ayashiro posee una gran parcela de tierra que se transmite de generación en generación, pero hay un extraño dicho en el pueblo de que los muertos volverán a la vida para matar a cualquiera que intente robar el tesoro de la familia Ayashiro. Mientras el protagonista investiga la misteriosa muerte de Kiku Ayashiro, descubre la aterradora conexión entre este dicho y los asesinatos en serie que tienen lugar. [Disk 2]
Famicom Tantei Club - Kieta Koukeisha - Zenpen (Japan) (DV 1, 3)	La historia comienza con un hombre llamado &quot;Amachi&quot; que descubre al protagonista caído en el suelo cerca de un acantilado. El protagonista descubre que ha perdido la memoria y, después de recuperarse, vuelve a visitar el acantilado y conoce a una joven llamada Ayumi Tachibana. Aprendió de Ayumi que él es un detective asistente que investiga la muerte de Kiku Ayashiro, y se dirige a la finca cercana de Ayashiro, ubicada en la aldea de Myoujin. La familia Ayashiro posee una gran parcela de tierra que se transmite de generación en generación, pero hay un extraño dicho en el pueblo de que los muertos volverán a la vida para matar a cualquiera que intente robar el tesoro de la familia Ayashiro. Mientras el protagonista investiga la misteriosa muerte de Kiku Ayashiro, descubre la aterradora conexión entre este dicho y los asesinatos en serie que tienen lugar. [Disk 1]
Famicom Tantei Club Part II - Ushiro ni Tatsu Shoujo - Kouhen (Japan) (DV 3, 4)	Una noche de otoño &quot;hace 3 años&quot; un niño de 15 años (el protagonista del juego) huye de dos policías. Un hombre, respetado por la policía, decide cuidar de la situación por sí mismo. El hombre lleva al niño a una cafetería; el niño escapó de su orfanato para encontrar el paradero de sus padres. El hombre, un detective privado llamado Shunsuke Utsugi, lo convence de convertirse en su asistente. [Disk 2]
Famicom Tantei Club Part II - Ushiro ni Tatsu Shoujo - Zenpen (Japan)	Una noche de otoño &quot;hace 3 años&quot; un niño de 15 años (el protagonista del juego) huye de dos policías. Un hombre, respetado por la policía, decide cuidar de la situación por sí mismo. El hombre lleva al niño a una cafetería; el niño escapó de su orfanato para encontrar el paradero de sus padres. El hombre, un detective privado llamado Shunsuke Utsugi, lo convence de convertirse en su asistente. [Disk 1]
Family Composer (Japan) (Disk Writer)	El juego contiene varias docenas de pistas de ritmo sobre las cuales el usuario puede ingresar una aproximación electrónica de teclados, piano u órgano, como un sintetizador regular. El usuario también puede usar una herramienta de lápiz para escribir una partitura que reproduce las notas a medida que se agregan, lo que es útil si el usuario está trabajando a partir de partituras.
Famimaga Disk Vol. 1 - Hong Kong (Japan)	Hong Kong: una variante basada en puntos de Mahjong Solitaire (alias, Shanghai).
Famimaga Disk Vol. 2 - Panic Space (Japan) (Disk Writer)	Panic Space: un juego basado enteramente en rompecabezas de reflexión láser que se encuentran comúnmente en otros juegos.
Famimaga Disk Vol. 3 - All 1 (Japan) (Disk Writer)	All One: una variante de Sokoban en la que una mariquita rueda los dados para que todos tengan el lado &quot;uno&quot; hacia arriba.
Famimaga Disk Vol. 4 - Clocks (Japan) (Disk Writer)	Clocks: una variante compleja de Tetris en la que las caras de los relojes que representan diferentes tiempos deben colocarse para formar formas más grandes.
Famimaga Disk Vol. 5 - Puyo Puyo (Japan) (Disk Writer)	Puyo Puyo: el primer juego de la ahora legendaria serie Bean / Slime-Stacking. Desarrollado por Compile y basado en personajes de su serie de rolos Madou Monogatari.
Famimaga Disk Vol. 6 - Janken Disk Jou (Japan) (Disk Writer)	Janken Disk Shiro: una variante de Sokoban basada en el popular juego para niños Janken (o Rock, Paper, Scissors).
Final Command - Akai Yousai (Japan)	Tus hermanos de armas son rehenes detrás de las líneas enemigas, y tú eres su única esperanza de libertad. Pero la potencia de fuego que enfrentarás para rescatarlos es increíble. Cañones, tanques, submarinos y francotiradores te bombardearán con horrendos tiroteos, mientras que los aviones de combate se concentrarán desde arriba. Para defenderte, controlas el jeep de ataque todoterreno avanzado del ejército, con su arsenal de misiles guiados y granadas incendiarias. Por supuesto, estas son meras herramientas, y para salvar a sus compatriotas necesitará más que un puñado de pólvora.
Fire Bam (Japan)	Bam es un niño valiente de quince años. Al igual que todos los niños de su edad, Bam debe pasar la prueba del pueblo y traer de vuelta el caparazón de un insecto del bosque. Pero cuando regresa, y para su sorpresa, la mayor parte del pueblo ha sido destruida y sus padres convertidos en demonios. Armado con su espada, Bam se lanza en busca de lo que le sucedió a la aldea y a sus padres.
Fire Rock (Japan)	Sobrevive a Fire Rock! Los tesoros dentro son difíciles de obtener, pero eres el valiente guerrero enviado para derrotar a los monstruos.
Fuuun Shourin Ken (Japan)	En Fuuun Shourin Ken, controlas a un artista marcial en ascenso que lucha por vencer a otros grandes luchadores. Para hacerlo, debes utilizar una amplia variedad de ataques para vencer a tu oponente antes de que te noqueen primero. Competirás en seis escenas diferentes contra 13 oponentes diferentes.
Fuuun Shourin Ken - Ankoku no Maou (Japan) (Famicom 3D System)	Un estudiante debe vengar el asesinato de su maestro y luchar contra todos los adversarios que vienen a desafiar a los Shaolin de todo el mundo.
Galaga (Japan) (Disk Writer)	Toma el control de una nave espacial de combate y derriba a los alienígenas invasores. Ten cuidado con las naves nodrizas, que intentarán robarte a tu luchador. Rescata guerreros capturados para duplicar tu potencia de fuego. Obtén bonos perfectos mientras te abres camino a través de ola tras ola en diferentes etapas desafiantes.
Galaxian (Japan) (Disk Writer)	La Flota Galaxiana ha invadido y depende de usted detenerlos. Hay una acción bidireccional en este juego; cuando disparas contra ellos, ¡te están disparando! Todo lo que se requiere de usted son reflejos rápidos y un objetivo preciso. ¿Puedes destruir la Flota Galaxiana antes de que te destruyan?
Gall Force - Eternal Story (Japan)	En Gall Force - Eternal Story, Rabby debe pilotar la Hoja Estrella y ser catapultado a seis regiones diferentes del espacio para rescatar a sus compañeros de tripulación. Para hacer esto, ella comienza volando sobre la superficie de Terra. Después de un tiempo, se encontrará con una colección de catapultas con varios puntos en ellas.
German Tanteidan MarinGumi - Maruhi Jigomar Sousa File (Japan)	¡Conviértase en el detective como se ve en la televisión! Jigoma está suelto y debes ayudar a atraparlo. ¡Usa todas las pistas, presta atención a las pistas y haz justicia al villano del día!
Ginga Denshou - Galaxy Odyssey (Japan)	Los humanos se están enfermando y están muriendo de una enfermedad devastadora. La curación de la enfermedad se dice que se encuentra en una de las galaxias varias mazmorras. Depende de usted, que controla a un cadete espacial, recuperar esta poción de curación y deshacerse de esta enfermedad para destruir a la humanidad.
Gokuraku Yuugi - Game Tengoku (Japan)	Una variedad de ocho juegos de fiesta desarrollados y publicados por Sofel para Famicom Disk System. La mayoría se basan en juegos de azar.
Golf (Japan) (Rev 2) (Possible Proto)	Nintendo GOLF te permite elegir tus palos, cambiar tu postura, controlar tus cambios e incluso seleccionar el ángulo de impacto. Verás el agujero desde cerca y desde lejos, juzgarás las condiciones cambiantes del green y medirás la velocidad del viento. ¡Pero ten cuidado! Cuando el viento cambia, también lo hace el vuelo de tu pelota. Con los gráficos de vanguardia de Nintendo y el juego realista, realmente creerás que estás en los fairways. ¡Así que juega a Nintendo GOLF, porque no hay un videojuego de golf a la par en ninguna parte!
Golf (Japan)	Nintendo GOLF te permite elegir tus palos, cambiar tu postura, controlar tus cambios e incluso seleccionar el ángulo de impacto. Verás el agujero desde cerca y desde lejos, juzgarás las condiciones cambiantes del green y medirás la velocidad del viento. ¡Pero ten cuidado! Cuando el viento cambia, también lo hace el vuelo de tu pelota. Con los gráficos de vanguardia de Nintendo y el juego realista, realmente creerás que estás en los fairways. ¡Así que juega a Nintendo GOLF, porque no hay un videojuego de golf a la par en ninguna parte!
Golf - Japan Course (Japan) (DV 2)	¡Mario y Luigi parten y se van al hoyo-en-uno! Los circuitos en el juego se basan en circuitos de la vida real en Japón.
Golf - US Course (Japan) (DV 2) (Disk Writer)	¡Mario y Luigi parten y se van al hoyo-en-uno! Los circuitos en el juego se basan en circuitos de la vida real en los Estados Unidos.
Goonies (Japan) (Disk Writer)	Un grupo de jóvenes de un vecindario llamado &quot;Goon Docks&quot; están tratando de encontrar el tesoro perdido de Willie Tuerto para evitar la ejecución hipotecaria de sus casas. Desafortunadamente, el tesoro está enterrado bajo el escondite de la infame pandilla Fratelli, una familia de criminales despiadados que están huyendo de la ley. Juegas como el asmático Mikey, que debe encontrar el tesoro y salvar a los otros Goonies antes de que se acabe el tiempo. El juego consta de seis niveles. En cada nivel, debe reunir tres claves para avanzar a la siguiente área. Estos se pueden encontrar volando puertas abiertas con bombas que son lanzadas por los enemigos. También ocultos detrás de las puertas están los power-ups y otros Goonies para rescatar. Tratar de detenerte son enemigos como ratas, esqueletos e incluso miembros de la pandilla Fratelli.
Green Beret (Japan)	Basado en el juego de arcade del mismo nombre, el objetivo del jugador en esta versión ha sido modificado. El objetivo del jugador en esta versión ha cambiado y es destruir un arma secreta que se está desarrollando en el cuartel general del enemigo. Además, se ha introducido un modo cooperativo para 2 jugadores, que permite a ambos jugar simultáneamente. La mecánica del juego es idéntica a la de la versión arcade, aunque se ha eliminado el lanzallamas y dos mejoras: una estrella que otorga invencibilidad y una pistola con munición ilimitada, que sólo puede utilizarse durante un tiempo limitado. La versión FDS también cuenta con dos niveles adicionales que no estaban en el juego de arcade: un aeropuerto situado entre la Base de Misiles y el puerto, donde el jugador se enfrenta a un grupo de soldados, y una nueva fase final dentro de la base enemiga en la que el jugador debe desarmar un misil nuclear que está a punto de ser lanzado.
Gun.Smoke (Japan)	Gun.Smoke de Capcom nos lleva de vuelta a los días de la fiebre del oro, a una pequeña y bulliciosa ciudad minera del Viejo Oeste. ¡Los despiadados bandidos que roban oro aterrorizan a la gente de la ciudad y tú debes detenerlos! Los ladrones son asesinos famosos, y cuando te desafían a un sorteo, ¡están jugando para siempre! Aunque tu destreza para disparar es legendaria, este puede ser el High Noon más difícil que puedas enfrentar. ¡Pero tienes que defenderte, esta ciudad no es lo suficientemente grande para ti y para ellos!
Gyruss (Japan)	Es el año 2500 d. C. y la humanidad ha penetrado las franjas de la galaxia, estableciendo colonias de paz desde Mercurio hasta Plutón. De repente, la tranquilidad de la Vía Láctea se convierte en una furia espumeante mientras las armadas de muertes alienígenas invaden nuestro sistema solar como abejas asesinas que se aprovechan de un espectador inocente. Nadie se salva. Incluso la querida Madre Tierra es picada. Estos viscosos visigodos cósmicos son gyrusianos muertos de hambre. Y, dirigidos por el inmortal Genghis Khan , están dispuestos a destruir la civilización. Con nuestra flota galáctica aplanada, eres el vaquero espacial solitario que escapó de la cubierta de Gyruss de la perdición. Ahora debes atravesar la galaxia, liberando planetas atacando innumerables ataques enemigos con Neo-Bomb-Blastic Cannons y Ultra-Lazonic Phasers. Así que prepárate para la pelea de tu vida. ¡Y no te estremeces, o el universo entero se pulverizará!
Halley Wars (Japan)	The Halley's Comet regresa del espacio exterior y los científicos de todo el mundo están entusiasmados con este evento. Pero esta vez, las cosas realmente no van de acuerdo con los planes y una flota inesperada de naves espaciales alienígenas aparece detrás del cometa. Su destino es la mejor nave espacial de la Tierra y la Humanidad y el piloto es enviado para contrarrestar el ataque.
Hao-kun no Fushigi na Tabi (Japan)	Como mi aprendiz, has estado estudiando durante mucho tiempo para dominar los secretos de la magia. Ahora ha llegado el momento de demostrarte a ti mismo. Debes viajar a los cuatro Castillos Misteriosos en busca de cuatro talismanes mágicos. Te enfrentarás a muchos peligros en el camino: los castillos están llenos de pasajes subterráneos y intrincados laberintos, ¡donde puedes perderte para siempre! ¡Y extrañas criaturas merodean por los castillos, listas para abalanzarse sobre ti cuando menos lo esperes! Pero encontrarás poderes mágicos escondidos en el camino, para ayudarte en este misterioso viaje. Los talismanes mágicos que buscas son los mejores regalos conocidos por el hombre: riqueza, sabiduría, felicidad y paz. Ve ahora, completa tu búsqueda y demuestra que eres un gran mago como yo.
Hikari Shinwa - Palthena no Kagami (Japan)	Muy lejos, en un reino llamado &quot;Tierra del Ángel&quot;, la diosa malvada Medusa robó los Tres Tesoros Sagrados y encarceló a la diosa de la luz, Palutena. Como Kid Icarus, tu misión es encontrar los tesoros, destruir Medusa y rescatar a Palutena de las profundidades del Palacio en el Cielo. Para encontrar los tesoros, viajarás por las ruinas recolectando armas y almacenando poder para usar en el combate contra las criaturas del ejército de Medusa. Usa tu arco y tu flecha para alejar a los guardianes del inframundo, el supremo mundo y el mundo del cielo mientras te esfuerzas por luchar contra Medusa. ¿Sobrevivirás para restaurar la luz de Palutena y devolverla a &quot;Tierra del Ángel&quot;? ¡Solo tu sabes!
Hikaru Genji - Roller Panic (Japan)	Tu objetivo en el juego es equipar a los 7 miembros de la banda con patines para hacer el gran concierto en la arena. Creo que puedes abordar la parte de cada miembro de la banda en cualquier orden, pero si tienes problemas simplemente sigue el mismo flujo que en el tutorial a continuación. Puedes cambiar los personajes mientras estás en el juego.
I Am a Teacher - Super Mario no Sweater (Japan)	Super Mario Sweater fue diseñado para ser un simulador de costura. Los jugadores pudieron diseñar suéteres y agregar imágenes de personajes famosos como Mario, Luigi, Peach y Bowser en el proceso. Fue diseñado por Royal Industries Co. Ltd., una empresa japonesa de electrodomésticos y máquinas de coser. Royal Industries Co. Ltd. se dio cuenta de que podían sacar provecho de un programa de diseño de suéter, que condujo al desarrollo de este juego. La compañía finalmente hizo una versión del juego en la vida real.
I Am a Teacher - Teami no Kiso (Japan)	Es una herramienta de instrucción para ayudar a los posibles tejedores a crear sus propias prendas. El usuario puede ingresar la cantidad, longitud y tipo de lana que tiene y el tamaño y tipo de la prenda de vestir que desea crear, y el programa elaborará una guía para ayudarlos a lograr este objetivo. El usuario puede guardar su progreso en cualquier momento y continuar desde donde lo dejó.
Ice Climber (Japan) (En) (Disk Writer)	Si puedes atravesar 8 niveles de traicionero hielo ártico, ¡llegarás a la cima de la montaña! Pero ten cuidado. Los Nitpickers, Cóndores y Ploar Bears no te quieren allí arriba. Y tienen una bolsa de trucos que pondrán a prueba cada onza de tu fuerza y ??coraje. ¿Vas a dejar que te detengan? ¡De ninguna manera! ¡Hay 32 montañas para elegir e infinitas emociones mientras luchas contra estas criaturas árticas solo o con un amigo, y ascender a la cima de la montaña en ICE CLIMBER!
Ice Hockey (Japan)	Es un rápido skatin ', control de cadera, acción de alto puntaje. Dirige a tu equipo hacia el centro del hielo, sobre la línea azul del oponente. Pasa al punto y configura para la punta en - ¡Puntuación! Elige un país para ti y tu oponente, selecciona un nivel de juego y enfréntate en el hielo central para convertirte en el máximo goleador en el Hockey sobre hielo de Nintendo. Recibe una multa y prueba tu defensa. O ataca un juego de poder y usa tus habilidades de manejo del disco para atrapar a tus oponentes con la guardia baja. De cualquier forma, ¡puedes convertirte en una superestrella en la liga de Nintendo Ice Hockey!
Idol Hotline - Nakayama Miho no Tokimeki High School (Japan) (DV 11) (Disk Writer)	nnEl juego comienza con tu personaje, cuya familia acaba de mudarse al área, ingresando a su nueva escuela por primera vez. Después de la clase, accidentalmente te encuentras con una chica de aspecto conservador con gafas. Ella se presenta como Mizuho, ??pero no puedes dejar de notar su sorprendente parecido con el ídolo pop de tus sueños, Miho Nakayama. Recoges un amuleto de la buena suerte que Mizuho dejó caer para devolverle, y luego hizo una revelación sorprendente: ¡tu hermano fotógrafo sacó una foto de Miho con el mismo encanto! Vas a la sala de música para confrontarla con esta evidencia, y aquí es donde comienza el verdadero desafío del juego.
Idol Hotline - Nakayama Miho no Tokimeki High School (Japan) (DV 13) (Disk Writer)	nnEl juego comienza con tu personaje, cuya familia acaba de mudarse al área, ingresando a su nueva escuela por primera vez. Después de la clase, accidentalmente te encuentras con una chica de aspecto conservador con gafas. Ella se presenta como Mizuho, ??pero no puedes dejar de notar su sorprendente parecido con el ídolo pop de tus sueños, Miho Nakayama. Recoges un amuleto de la buena suerte que Mizuho dejó caer para devolverle, y luego hizo una revelación sorprendente: ¡tu hermano fotógrafo sacó una foto de Miho con el mismo encanto! Vas a la sala de música para confrontarla con esta evidencia, y aquí es donde comienza el verdadero desafío del juego.
Igo - Kyuu Roban Taikyoku (Japan)	Igo: Kyuu Roban Taikyoku tiene un crédito para Edge Computing en su pantalla de título; se supone que parte de la codificación del juego fue tomada del juego Edge C64, Micro Go.
Ishidou (Japan) (Disk Writer)	Presentamos a Ishido, el antiguo e intrincado Juego de las Piedras. Debes colocar piedras en el tablero de juego, haciendo coincidir los colores y los patrones de acuerdo con las reglas centenarias. Requiere gran habilidad y concentración, pero si puedes descubrir el secreto del Oráculo, ¡su sabiduría te ayudará!
Jikai Shounen Met Mag (Japan)	El jugador debe resolver 100 rompecabezas en forma de habitaciones que contienen cuadrados magnetizados. El jugador asume una polaridad de imán Norte o Sur a medida que recoge todos los orbes de polaridad en cada habitación antes de intentar alcanzar la salida. La polaridad del jugador afecta la forma en que él o ella interactúa con los cuadrados magnetizados lo que puede permitir u obstaculizar al jugador en su progreso a través del nivel.
Kaettekita Mario Bros. (Japan) (Disk Writer)	Kaettekita Mario Bros. (Return of Mario Bros.) es una versión revisada de la versión original de arcade de 1983. Una exclusiva japonesa para el sistema de disco Famicom, fue lanzada en 1988 y solo estaba disponible a través del servicio de quiosco Disk Writer, donde los jugadores podían borrar un juego que tenían y usar ese disco para comprar, entre otros, este título por 400 yenes.
Kalin no Tsurugi (Japan)	Han aparecido monstruos en la otrora pacífica tierra de Alitania, y la gente ha caído en el terror. Las órdenes del rey han recaído sobre ti, el caballero más valiente de Alitania. &quot;El destino del país pende de un hilo. Es posible salvar el país con la magia de Gladrif, pero él no está en ninguna parte. Por lo tanto, quiero que lo busques! Encuentra a Gladrif, derrota a los monstruos y restaura paz a esta tierra una vez más! &quot;
Kamen Rider Black - Taiketsu Shadow Moon (Japan)	Kamen Rider Black debe derrotar a los mutantes del culto de Gorgom y a Shadow Moon, el gemelo con el cerebro lavado de Kamen Rider Black en emocionantes batallas contra jefes uno a uno. Kamen Rider Black se enfrenta a sus enemigos no solo a pie, sino también con su Hopper de batalla sobre obstáculos antes de llegar a la siguiente batalla con el jefe.
Karate Champ (Japan)	Tu campeonato de karate está en juego. ¿Puedes dominar todas las estocadas, patadas, giros, volteretas, barridos de pies, golpes inversos y bloques defensivos necesarios para conservar tu título? ¡Muévete rápido y juega inteligentemente o te aplastarán antes de que puedas gruñir! Compite contra un amigo o desafía a la computadora. Nueve escenarios pintorescos diferentes (más tres desafiantes pantallas de bonificación) proporcionan los fondos para tus partidos. Hiiiiieeeeeooooo!
Kattobi! Douji (Japan)	Basado en el manga popular Kenji Takaya. Participe en un juego de béisbol con el exclusivo sistema de juego de cartas. 3 golpes y estás fuera!
Kick and Run (Japan)	¡FELICITA TU DINERO Y ALCANZA TU META CON UN JUEGO QUE ES UN ENCABEZADO POR ENCIMA DEL RESTO! Un juego de alta tecnología con características de juego realistas, desafiando tu camino a través de los torneos internacionales haciendo el mejor uso de las características de cada equipo y utilizando las habilidades de juego en equipo, así como el juego individual. Este juego de fútbol publicado por Taito, lanzado en arcades en 1986 y para el sistema de disco Famicom en 1988. No fue lanzado fuera de Japón.
Kick Challenger - Air Foot - Yasai no Kuni no Ashi Senshi (Japan)	Controla el tomate dirigiendo independientemente sus dos pies, un pie a la vez. Él patea en ocho direcciones con cualquier pie que no esté plantado en el suelo en el momento dado. Los power-ups se revelan al patear árboles, flores, hongos y otros obstáculos que se encuentran dispersos en cada etapa. Pueden tomar la forma de zapatos que le otorgan la habilidad de moverse en ciertas superficies, o dulces que le otorgan habilidades especiales. Cada etapa tiene una &quot;parte posterior&quot; a la que se accede al pisar los agujeros en el suelo para revelar los obstáculos pateados y proporcionar más potenciadores para encontrar.
Kieta Princess (Japan)	El jugador es un detective que busca pistas sobre la desaparición de la princesa del mismo nombre. El juego fue lanzado originalmente con un libro de cuentos y cintas de cassette de audio, &quot;feelies&quot; que mejoraron la comprensión y apreciación del jugador de la trama del juego, además de ayudar con algunos de los acertijos. Existe una cantidad considerable de diálogo japonés dentro del juego propiamente dicho, por lo que solo alguien que domine el idioma podrá progresar.
Kiki Kaikai - Dotou Hen (Japan)	En la noche, mientras Sayo-chan aviva un fuego ceremonial, recibe la visita de los Siete Dioses Suertudos, que le advierten sobre un gran peligro inminente. De repente, una banda de traviesos duendes aparecen y secuestran a los dioses, retirándose rápidamente a una cadena montañosa lejana. Sayo-chan, decidida a ayudar a los dioses, emprende un viaje por el campo, donde se enfrenta a una serie de extrañas criaturas de la mitología japonesa, incluidos yokai, obake y monstruos de yurei. Después de derrotar a varios poderosos líderes duendes, Sayo debe luchar contra su líder, la antigua serpiente Orochi.
Kinnikuman - Kinnikusei Oui Soudatsusen (Japan)	Siendo el único dos veces campeón en la historia de los Juegos Olímpicos de Chojin y habiendo derrotado a los Akuma Chojins, los Devil Knights, y habiendo ganado el Dream Choujin Tag Tournament contra los Perfect Choujins, Kinniku Suguru había demostrado ser digno de hacerse cargo de su el trono del padre Sin embargo, los 5 dioses malvados temían que Kinnikuman tomando el trono sería una amenaza para sus malvados planes. ¡LUCHA! Y ayuda a Suguru a tomar el lugar que le corresponde en el trono.
Knight Lore - Majou no Ookami Otoko (Japan)	Sabreman ha sido mordido por Sabre Wulf y ahora se transforma en un hombre lobo al caer la noche. Tiene cuarenta días para recoger objetos en un extraño castillo y preparar una cura para su maldición.
Knight Move (Japan)	¡Un rompecabezas del creador de Tetris, Alexey Pajitnov! Con una serie de fichas con un solo Caballero de ajedrez, movido por el jugador. Elimina todas las fichas dentro del límite de tiempo con el Knight, solo se puede mover en forma de L. Cuando elimine los azulejos, dejará agujeros que deben evitarse. En etapas posteriores, tendrás que aterrizar en las fichas varias veces antes de que desaparezcan.
Konamic Ice Hockey (Japan)	Hay ocho equipos jugables que se basan en ciudades reales de América del Norte, pero no tienen ninguna relación con sus homólogos de la NHL. Los ocho equipos son Vancouver, Edmonton, Toronto, Montreal, Los Ángeles, Minnesota, Chicago y Nueva York. Cada equipo tiene una línea anónima de 3 delanteros, 2 defensores y 1 portero.
Konamic Tennis (Japan)	¡Real rally de tenis, con feroces ratos, poderosos golpes y voleas rápidas! ¡Esto es lo real! Tres desafiantes estilos de juego; ¡Juega un juego de individuales contra la computadora, dos jugadores pueden jugar solos contra otros, o pueden jugar dobles contra la computadora!
Koneko Monogatari - The Adventures of Chatran (Japan)	La historia de dos animales y sus aventuras. Chatran, el gato, y Pocky, el perro, son dos animales que crecieron juntos en la misma granja. Un día, los dos se separan y comienzan un viaje para encontrarse. La aventura aventurera ya menudo peligrosa encuentra a los dos animales que viajan a través de montañas, llanuras y tierras cubiertas de nieve, buscándose unos a otros.
Link no Bouken - The Legend of Zelda 2 (Japan)	Hay seis palacios escondidos en Hyrule. Link debe ganar experiencia luchando contra los subordinados de Ganon, y obtener información mientras visita ciudades aquí y allá. Y, después de derrotar a los guardianes en los palacios del Valle de la Muerte, debe obtener la Trifuerza del coraje: esa es la misión de Link.
Lutter (Japan) (Disk Writer)	Nuestro gran héroe Lutter debe navegar para encontrar a seis damiselas desaparecidas y atravesar la tierra implacable para derrotar a los enormes monstruos que los mantienen como rehenes.
Madou Senki - Deep Dungeon (Japan)	El jugador explora una mazmorra de barebones en una perspectiva en primera persona, ocasionalmente teniendo que defenderse de los monstruos encontrados al azar en el combate por turnos. El jugador puede encontrar tesoros y subir de nivel, y ocasionalmente debe regresar para comprar y vender artículos a los vendedores y dormir en las posadas que se encuentran en el primer piso sobre la mazmorra propiamente dicha. El objetivo es llegar al final de la mazmorra donde el jefe final espera.
Maerchen Veil (Japan)	El rey del País de los Bosques en Félix envió una proclamación por todo Félix anunciando que estaba buscando a un joven adecuado para llevar a su amada hija como esposa. Muchos pretendientes respondieron y posteriormente el rey los sometió a una gran variedad de juicios. Al final, la decisión se redujo a dos pretendientes. Uno era el príncipe del País de los Lagos en Félix, y el otro era un mago que había usado sus poderes para transformarse en un apuesto joven. El corazón de la princesa se posó sobre el príncipe del País de los Lagos, y los dos proclamaron su amor mutuo con un juramento. Sin embargo, después de enterarse de esto, el mago se transformó en la forma del príncipe para llevarse a la princesa. Lanzó una maldición sobre el príncipe y lo transportó lejos de Félix, al otro extremo del mundo.
Magma Project - Hacker (Japan)	Eres testigo de un asesinato y se le dice que busque información sobre una oscura organización conocida como Proyecto Magma por la víctima moribunda. Para buscar pistas con eficacia, debes usar un dispositivo para activar un robot en el otro lado del planeta y emplear las diversas funciones de combate y exploración del robot para rastrear el Proyecto Magma.
Mahjong (Japan)	Puede disfrutar de la emoción y la emoción de jugar Mahjong contra la computadora. Hay 3 niveles: Principiante, Intermedio y Experto, que se seleccionan según la habilidad del jugador. ¡Es genial para practicar! Especailly, en el nivel de habilidad superior, hay límites de tiempo (aproximadamente 12 segundos) que te permiten disfrutar de jugadas rápidas. Además, automáticamente calcula y muestra la puntuación en la pantalla.
Mahjong Kazoku (Japan)	Mahjong Kazoku (&quot;Mahjong Family&quot;) es un juego de simulación Mahjong estándar para el sistema de disco Famicom de Nintendo. Es una versión individual del juego, en lugar del arreglo de juego de mesa estándar para cuatro jugadores, e incorpora muchas de las diversas reglas de puntuación bizantinas del juego. Irem desarrolló y publicó el juego, pero dejó un misterioso crédito de licencia para Ox Inc. en la pantalla de título. Es posible que el juego sea un puerto de un oscuro juego de computadora Mahjong japonés, o al menos tome prestada parte de su codificación para el oponente de IA o los sistemas de puntuación.
Matou no Houkai - The Hero of Babel (Japan)	Durante el apogeo de la civilización babilónica, la gente construyó la Torre de Babel en un intento de alcanzar a Dios. Dios ve esto y se enoja con la arrogancia de la humanidad. Él llueve trueno sobre la torre para alejar a la gente. Para mantener a las personas alejadas de la torre, Dios lo llena de criaturas gigantes y espíritus malignos. Varios miles de años después, el diablo más fuerte Asmodeous gana el control de todas las criaturas y espíritus que Dios colocó en la torre. Ataca las ciudades vecinas y roba todos sus tesoros de oro y plata, así como a la doncella más bella de la tierra. Tu misión de salvación es rescatar a la doncella y destruir la torre maldita para devolverle la paz al mundo.
Meikyuu Jiin Dababa (Japan)	El otro yo de un joven es secuestrado por un mago malvado. Luego debe abordar las cuatro áreas del templo laberinto de Dababa para rescatarla. Para lograr esta tarea, el jugador no puede moverse por el piso. Por el contrario, el jugador y todos los enemigos saltan de una casilla a otra a lo largo del juego.
Metroid (Japan) (Rev 3)	¡Eres tú contra el malvado Mother Brain en la emocionante batalla de Metroid! Estás dentro del planeta fortaleza Zebes. El planeta de interminables pasadizos secretos donde se multiplican los Metroid. Si se deja solo, el Metroid es inofensivo. Pero en las manos equivocadas podrían destruir la galaxia. Depende de usted evitar que el Cerebro Materno que controla Zebes use el Metroid para propósitos malvados. Pero eso no será fácil. Tendrás que usar tu traje espacial para absorber energía valiosa en tu búsqueda y así obtener el uso de objetos de poder como el Ice Beam, Wave Beam, High Jump Boots y Varia. Si sobrevives, serás tú y tus poderes adquiridos contra el Cerebro Materno.
Michael English Daibouken (Japan)	Michael English Daibouken es un juego educativo en el que el personaje de Michael, un gato naranja, enseña a los gatitos las diversas letras en inglés y algunos vocabularios en inglés. Michael tiene que atrapar letras flotantes para deletrear palabras en inglés, mientras evita las letras incorrectas. El juego tiene varios fondos diferentes, incluido el espacio. El personaje de Michael proviene de la serie de manga japonesa &quot;What's Michael&quot;, creada por Makoto Kobayashi, que podría considerarse análoga a Garfield, debido a que ambos son gatos anaranjados. Varía entre observar el comportamiento ridículo de las mascotas y los cuentos más abstractos de fantasía con versiones antropomorfizadas de los personajes de los animales.
Moero TwinBee - Cinnamon Hakase wo Sukue! (Japan)	¡Salva a la Tierra de un ataque de tentempié alienígena! ¡Man a tus estaciones de batalla! Los temidos bandidos alienígenas del planeta Attackon han secuestrado al Profesor Einstein J. Cinnamon - Super Genius. Los Attakons están planeando destruir el cerebro del profesor, recuperando su fórmula secreta de edulcorante bio-nuclear. Una fórmula que estos malvados usarán para transformar a la Tierra en una bola intergaláctica de algodón de azúcar, un dulce favorito para los golosos de Attackon. Para salvar al mundo de este pegajoso destino, te elevarás a la acción en tu muy avanzado caza jet Stinger, con su increíble variedad de extrañas armas.
Monitor Puzzle Kineko, The - Kinetic Connection (Japan)	Un juego de rompecabezas de imágenes similar a un rompecabezas, excepto que la imagen que crea está animada. Fue publicado por Irem en Japón solo para el Sistema de Disco Famicom.
Monitor Puzzle Kineko, The - Kinetic Connection II (Japan) (Disk Writer)	Kinetic Connection Vol. 2 (o Monitor Puzzle Kineco: Kinetic Connection Vol. 2 para darle su título completo) es un seguimiento de la conexión cinética de Tamtex, que presenta más imágenes animadas para crear piezas compuestas de forma similar a un rompecabezas. Al igual que con su antecesor, el truco de Kinetic Connection Vol 2 es observar de cerca las partes móviles en cada una de las piezas a medida que la animación pasa por su ciclo con el fin de recoger pistas sobre el lugar al que pertenece cada pieza.
Monty on the Run - Monty no Doki Doki Dai Dassou (Japan)	Huyendo de las autoridades después de su intervención en la huelga de los mineros, Monty debe escapar de la prisión y dirigirse al Canal de la Mancha y la libertad en Europa.
Moonball Magic (Japan) (Disk Writer)	Moon Ball Magic comienza con una falsificación, ya que al dejar caer la bola en uno de los agujeros cercanos comenzará una secuencia de introducción elaborada que el jugador puede controlar. Cualquier puntaje que ganen también se transferirá al juego propiamente dicho una vez que comience. El juego tiene once mesas y el jugador puede pasar al siguiente colocando el pinball en un agujero difícil de alcanzar. Los niveles posteriores proporcionan más puntos, aunque también son más difíciles.
Namida no Soukoban Special (Japan)	El objetivo es empujar una serie de cajas en ciertos puntos para terminar un nivel. Encontrar la forma correcta de mover todas las cajas en los lugares correctos se vuelve cada vez más difícil y debe planificar numerosos pasos por adelantado para no bloquear su propio camino.
Nankin no Adventure (Japan) (Disk Writer)	Entra en la mente del famoso artista de manga Nankin. Resuelve acertijos y descubre la aventura de lo extraño y lo oscuro.
Nazo no Kabe - Block Kuzushi (Japan)	Un juego rompe-bloques estilo Breakout lanzado en Japón como Nazo no Kabe: Block Kuzushi en 1986 para el sistema de disco Famicom y como Crackout en Australia y Europa en 1991 para el NES. Una versión estadounidense fue planeada pero fue cancelada.
Nazo no Murasamejou (Japan)	¡Restaura la paz en una tierra que ha sido anulada por el mal! Una noche tormentosa en el Japón feudal, una fuerza misteriosa comienza a tomar el control del Castillo de Murasame y sus tierras. Cada señor de cuatro castillos vecinos ha tomado posesión de una oscura esfera de poder, lo que les permite convocar a ejércitos ninja y monstruos que causan estragos en las aldeas. Takamaru, un valiente y joven aprendiz de samurai, ha sido enviado a investigar. Debe infiltrarse en los cuatro castillos y derrotar a los señores antes de dirigirse al castillo de Murasame. Usa ataques de espada y shuriken contra los enjambres de enemigos y descubre el secreto detrás de la fuente del mal.
Nazoler Land - Dainigou (Japan)	El segundo juego de la serie Nazoler Land de compilaciones de minijuegos publicados por SunSoft para el sistema de discos Famicom. Nazoler Land Dai 2 Gou es la secuela de Nazoler Land Soukan Gou y es similarmente una conexión de minijuego con un tema de revista. Contiene seis minijuegos, en lugar de los ocho de su predecesor. Una característica notable de esta compilación es que todos los minijuegos se representan como discos de Famicom en la pantalla de selección, y una vez que se elige un juego, una animación muestra el disco que se está cargando en el Sistema de discos de Famicom.
Nazoler Land - Daisangou (Japan)	La tercera y última entrada principal de la serie Nazoler Land de compilaciones de minijuegos con un tema de revista. Fue desarrollado y publicado por SunSoft para el sistema de disco Famicom. Nazoler Land Dai 3 Gou es el tercer juego de la serie Nazoler Land. Al igual que sus predecesores, fue desarrollado y publicado por Sunsoft para el sistema de disco Famicom de Nintendo en Japón solamente, y contiene varios minijuegos con una jugabilidad diversa.
Nazoler Land - Soukangou (Japan)	Una compilación de minijuegos de SunSoft para el sistema de disco Famicom. Es el primero de una serie de cuatro juegos Nazoler. Nazoler Land Soukan Gou es el primero de una serie de colecciones de minijuegos de SunSoft desarrolladas especialmente para el periférico Famicom Disk System de Nintendo. Fue seguido por dos secuelas directas y un spin-off basado en un cuestionario. Nazoler Land Soukan Gou (o Nazoler Land Vol. 1) tiene ocho minijuegos que el jugador puede seleccionar de un menú después de cargar el juego y cambiar el disco.
Nazoler Land Special!! - Quiz Ou wo Sagase (Japan)	Un spin-off de las colecciones de mini juegos Nazoler Land de Sunsoft para el sistema de disco Famicom, esta versión especial es un juego de preguntas y respuestas. Al igual que los otros juegos de Nazoler Land, nunca fue lanzado fuera de Japón. Nazoler Land Special: Quiz ou wo Ikuse (o &quot;Búsqueda de los Quiz Masters&quot;) es un juego de preguntas y respuestas en el que el jugador debe responder preguntas de trivia de ocho oponentes diferentes de todo Japón para ganar el juego. Debido a que el juego nunca se lanzó fuera de Japón, se necesita una cantidad considerable de conocimiento japonés para jugar, tanto para comprender las preguntas como para poder responderlas. No forma parte de la serie principal de juegos Nazoler Land, que son todas las compilaciones de minijuegos.
Neunzehn - 19 (Japan)	El jugador controla uno de los cuatro herederos con igual derecho al trono del héroe griego Aquiles. Este último envía a los cuatro para obtener una piedra mágica que confiere omnipotencia al usuario, originalmente dejado por los dioses griegos. A través de la guerra, el héroe elegido por el jugador debe derrotar a los ejércitos de sus tres rivales y reclamarlo por sí mismos.
Omoikkiri Tanteidan HaadoGumi - Matenrou no Chousenjou (Japan)	Un grupo de cinco niños detectives tiene la misión de recuperar varios objetos robados por un misterioso ladrón que usa una máscara dorada. El grupo cuenta con el líder Hiroshi, el lindo y experto en Aikido Yasuko, quien también es la única chica del grupo, Susumu, Satoru y Takeo. El misterioso ladrón utiliza muchos trucos ingeniosos para escapar de sus perseguidores, como un enorme y colorido globo de aire.
Othello (Japan) (DV 3, 5) (Disk Writer)	Othello es una variante clásica de Damas y también se conoce como Reversi. Cada jugador intenta llenar el tablero de juego con tantos discos de su color como sea posible. En cada turno, el jugador coloca un disco en el tablero seleccionando una ubicación donde los discos del oponente quedarán atrapados entre dos de sus discos. Los discos atrapados se vuelven al color del jugador. El juego termina cuando se llena el tablero o se acaba el tiempo, y gana el jugador con el mayor número de discos de color en el tablero. Dos jugadores pueden jugar uno contra el otro, o un jugador contra la computadora.
Otocky (Japan)	Otocky se puede describir como un shoot 'em up musical de desplazamiento lateral. La nave espacial del jugador tiene una bola para un arma, que se puede disparar en ocho direcciones; cada dirección corresponde a una nota musical diferente. La nota se reproduce cuando el jugador presiona el botón de disparo, y también se cuantifica en el tiempo para que coincida con el ritmo que se reproduce en el fondo. Al usar el arma selectivamente, el jugador puede improvisar música mientras juega.
Pac-Man (Japan) (Disk Writer)	Engullir, engullir, tragar! ¿Quién está comiendo Power Pellets? ¿Quién está recorriendo el laberinto a toda velocidad, masticando fantasmas y anotando puntos importantes? ¡Es Pac-Man, el personaje más hambriento del mundo! Devora un regalo de fruta y obtén una gran puntuación de bonificación. ¡Pero si te atrapan los pequeños perseguidores, eres un fantasma! Usa el túnel warp para un escape rápido. ¡Horas de acción fantasma!
Pachicom (Japan) (Disk Writer)	Pachicom es una simulación de un juego de pachinko. El Pachinko es un juego a caballo entre el pinball y las máquinas tragaperras. Este juego ofrece dos modos de juego diferentes. El modo A permite al jugador jugar hasta alcanzar una puntuación de al menos 3000. El objetivo es alcanzar esta puntuación lo antes posible. Sin embargo, el juego puede terminar antes de tiempo si no hay más bolas que disparar. El juego B permite al jugador intentar conseguir la máxima puntuación posible, pero con un límite de tiempo adicional. El juego contiene más de 200 diseños de tablero diferentes. En el menú principal, basta con elegir Juego A o Juego B y al jugador se le asignará un tablero al azar. La jugabilidad es esencialmente pasiva. Los jugadores sólo pueden ajustar el botón de presión de tiro, que afecta a la velocidad y la ubicación de las bolas.
Pachinko Grand Prix (Japan)	Pachinko GP (o Pachinko Grand Prix) es un simulador Pachinko de Data East para el Sistema de Disco Famicom. El objetivo es jugar Pachinko en varias máquinas encontradas en salas Pachinko en Japón, intentando alcanzar un objetivo de bola Pachinko (el total crece cada vez que el jugador dispara con éxito una bola en una zona puntuable) antes de que expire un límite de tiempo antes de moverse en la siguiente máquina.
Patlabor - The Mobile Police - Daini Shoutai Shutsudou seyo! (Japan) (Disk Writer)	En el futuro, la tecnología que avanza rápidamente da origen a robots gigantes conocidos como &quot;Laboratorios&quot;, llamados así por su utilidad en la industria pesada. Sin embargo, esto también da lugar a &quot;crímenes laborales&quot;, lo que resulta en la necesidad de una nueva rama de la aplicación de la ley equipada y dedicada a la vigilancia de los trabajos. Cuando Izumi Noa, una oficial de policía, se convierte en la nueva recluta de Vecicals Especiales Devision 2, ella y su líder, &quot;Patrulleros Laboristas&quot;, Alphonse son arrastrados a una serie de aventuras protagonizadas por trabajadores de la construcción enloquecidos, eco-terroristas y monstruos marinos.
Pinball (Japan) (Disk Writer)	¡Sé un mago del pinball, en tu propia casa! Agrupe parachoques, voltee las aletas dobles, ¡incluso gane una ronda de bonificación, en el rápido PINBALL de Nintendo! Tendrás el mejor momento de tu vida al pasar de las pantallas superiores a inferiores, acumular puntos para vencer a tu oponente y, si tienes suerte, pasar a la ronda de bonificación en la que salvarás a la doncella que cae en este juego. versión de video de lo real!
Pro Golfer Saru - Kage no Tournament (Japan)	Sarumaru Sarutani es un golfista profesional, decidido a vencer al misterioso señor X y su sindicato de golfistas malvados, incluido Dragon el maestro de golf kung-fu.
Pro Wres (Japan) (En)	El jugador elige un luchador con habilidades únicas y presiona varias combinaciones de botones para usar diferentes movimientos de lucha. Es posible dejar el anillo; sin embargo, un jugador que lo haga debe volver a ingresar al ring antes de los 20 conteos del árbitro. De lo contrario, se produce una pérdida (a través del conteo) o un empate (doble conteo), si ambos luchadores no pueden volver a ingresar a tiempo. (Nota: el conteo del árbitro se interrumpe solo después de que ambos luchadores hayan reingresado al ring. Es decir, mientras que al menos un luchador esté fuera del ring, el conteo del árbitro continúa. Además, es posible que un luchador sea contado mientras ejecutas una &quot;plancha&quot; si ha cruzado las cuerdas del anillo a la cuenta de 20.
Professional Mahjong Gokuu (Japan)	Professional Mahjong Goku es el tercer juego de la Famicom basado en Mahjong, el competitivo juego de fichas popular en China y Japón. Es una versión para cuatro personas del juego, que generalmente es la forma en que se juega en la vida real, aunque poco común en las simulaciones durante esta era debido a la potencia de cómputo adicional necesaria para tres oponentes de AI. Como un juego de Mahjong &quot;profesional&quot;, hay una oportunidad de jugar un modo en el que el jugador puede apostar de antemano a los resultados. La cantidad de dinero ganado o perdido generalmente se basa en la calidad de la mano ganadora, pero ocasionalmente el jugador también puede hacer apuestas para aumentar su apuesta si gana (aunque, por supuesto, cualquier dinero apostado de esta manera se pierde si alguien más gana la mano)
Pulsar no Hikari - Space Wars Simulation (Japan)	Es un simulador espacial estratégico bastante denso que hace que el jugador controle una nave espacial mientras explora una galaxia y lucha contra las naves enemigas. El jugador necesita vigilar varias piezas de información, como su energía y su destino, y asegurarse de que no vaguen accidentalmente en un área con púlsares o agujeros negros, o del mapa de galaxias juntas. La exploración en Pulsar no Hikari parece seguir un curso fijo de exploración del espacio cercano, moviéndose a la siguiente región una vez que se ha comprobado con los escáneres de largo alcance que no hay obstáculos insuperables que se encuentren allí, destruya cualquier asteroide o nave enemiga que pueda estar merodeando comprobando los escáneres de corto alcance y luego el barrido / alabeo de largo alcance a la siguiente área.
Putt Putt Golf (Japan)	Putt Putt Golf de Pack-In-Video es uno de los muchos juegos de golf para Famicom y Famicom Disk System, pero uno de los pocos que lleva a los jugadores a través de un mundo abstracto en lugar de una aproximación de un campo de golf real. El objetivo de cada etapa es alcanzar el hoyo en el green y jugar con la pelota en el menor número posible de golpes, pero cada uno de los recorridos está cubierto con varios obstáculos, algunos animados, otros estacionarios. El jugador debe navegar a su alrededor (o usarlos en su beneficio, en algunos casos) para lograr el mejor puntaje.
Puzzle Boys (Japan) (Disk Writer)	Puzzle Boys es el segundo juego de la serie Puzzle Boy de 5 juegos. El primer juego es el más conocido, lanzado como Kwirk en Game Boy en América del Norte. Este es el único juego FDS de Atlus, y uno tardío, ya que el FDS estaba prácticamente muerto para cuando salió Game Boy. Este juego mejora Kwirk añadiendo color, un jugador realmente divertido en el mismo modo de pantalla con la capacidad de perjudicar al mejor jugador, y muchos más rompecabezas en el modo Puzzle Challenge, 80 contra Kwirk's 30.
Radical Bomber!! Jirai-kun (Japan) (Disk Writer)	Un juego de estrategia y rompecabezas desarrollado por Jaleco que involucra inflar conexiones entre cuadrados en una grilla para atrapar oponentes. Radical Bomber !! Jirai-kun (&quot;Jirai&quot; significa mina terrestre) es un juego de acertijos estratégicos de Jaleco que tiene más que un parecido pasajero con la franquicia Bomberman de Hudson. Sin embargo, en lugar de tratar de derrotar a los oponentes en un entorno frenético en tiempo real, el objetivo de Radical Bomber es pensar cuidadosamente en un plan de acción y encontrar la manera de atrapar a los oponentes eliminando las conexiones entre cada &quot;cuadrado&quot; en el mapa. . Aislar con éxito a un oponente del resto del tablero hace que pierda el juego, y hacer esto con cada oponente permite a Jirai-kun pasar al siguiente nivel.
Reflect World (Japan)	Reflect World es un shoot 'em up top-down basado en vehículos con muchos RPG y elementos de simulación. El jugador controla un tanque grande y formidable mientras hace su camino a través de un páramo, destruyendo enemigos y jugueteando con sus muchos modos y funciones. El juego es extremadamente difícil de entender a menos que el jugador tenga conocimientos de japonés (el juego nunca se lanzó fuera de Japón), el manual de instrucciones o, preferiblemente, ambos.
Relics - Ankoku Yousai (Japan)	En algún momento de la historia primitiva de la tierra, las fuerzas de la oscuridad conocidas como INFIERNO estaban en guerra con las fuerzas de la luz conocidas como CIELO, y llevaron esta batalla a nuestro planeta. Las fuerzas del INFIERNO esclavizaron rápidamente a los seres humanos, y la tierra fue arrojada en la oscuridad y la desesperación. En algún lugar del planeta, se construyó una fortaleza para aprovechar el poder del sol con el fin de vencer a las fuerzas del INFIERNO, en caso de que alguna vez vinieran a nuestro planeta, pero cayó en la ruina después de siglos de abandono. La Princesa Brillante del CIELO fue capturada y encarcelada en el último piso de esta fortaleza. También adentro están los espíritus de los Santos Guerreros de la Luz que tienen el poder de vencer a las fuerzas del INFIERNO. Sin embargo, están dormidos y no pueden despertar.
Replicart (Japan)	Replicart toma la fórmula básica de Snake y la transforma, de manera similar a cómo otros juegos simples de Arcade (como Breakout to Arkanoid) recibían versiones contemporáneas para las versiones de la consola doméstica que ampliaban el concepto básico y agregaban muchas características adicionales. En Replicart, como en Snake, el objetivo es mover una serpiente robótica en las cuatro direcciones cardinales alrededor de un solo nivel de pantalla y recoger elementos que aumentarán el tamaño de la serpiente. Una vez que la serpiente es lo suficientemente larga, aparecerá la salida y el jugador podrá avanzar al siguiente nivel. Cada nivel tiene una mezcla diferente de obstáculos que el jugador debe evitar, que también incluye cualquier otra parte de la serpiente.
Risa no Yousei Densetsu (Japan)	Toma el papel de un niño que visita un concierto de la popular ídolo japonesa, la cantante y actriz Risa Tachibana. Durante el concierto, el cielo se oscurece, los rayos caen y él y Risa se transportan misteriosamente a un país de hadas, amenazado por una malvada bruja y sus secuaces. Entonces comienza su aventura para vencer a la malvada bruja y encontrar un camino de regreso a su propio mundo.
Roger Rabbit (Japan)	Nuestro héroe Roger Rabbit necesita tu ayuda en una atrevida misión para rescatar a su principal enemigo, Jessica Rabbit, atrapado en las garras de la despreciable Toon Patrol. Salta de una espeluznante habitación a otra, persigue escaleras crujientes y deslízate por tubos oxidados. Para llegar a Jessica, recuerda las contraseñas secretas, luego recoge todas las zanahorias que encuentres. ¡Pero apurate! Roger puede lanzar un buen conejito en un apuro. Pero para mayor protección, puede usar algunos objetos inusuales como guantes de boxeo, cajas de carga y cubos de agua. Y eso no es todo: después de una bebida de la Botella Mágica, ¡nada te detendrá! ¡Con una muñeca hábil, un ingenio rápido y una patada rápida, ganarás el juego y tendrás a Roger y Jessica saltando felices juntos otra vez!
Samurai Sword (Japan)	&quot;Cuando el sacerdote oscuro Soron se ve amenazado por envolver al mundo en sombras, héroes y magos por igual se levantó contra él. Todos fueron derrotados. Pero el guerrero solitario sigue en pie ... &quot; Tu juegas el papel de un samurai que destruye las fuerzas de Soron. Sin embargo, descubres que no puedes vencerlo solo, así que debes encontrar una luz que te ayude en tu búsqueda, y lo más importante, el arma sagrada conocida como la Espada Samurai.
Santa Claus no Takarabako (Japan)	Un mes al año, celebramos esta temporada, gracias por los maravillosos recuerdos. Y en agradecimiento por este año, mientras las personas envían los obsequios, la Navidad es para nosotros un momento para completar los recuerdos de un año, un momento para dar esas palabras cercanas de gratitud en una tarjeta de Navidad. Gracias por los maravillosos recuerdos de este año. Con sentimiento de gratitud, nuestro regalo para ti. Feliz Navidad.
SD Gundam World - Gachapon Senshi - Scramble Wars (Japan) (Disk Writer)	Dos equipos, el ejército azul y el ejército rojo, compiten en mapas en mosaico en un intento de vencer al otro en la batalla. Cada equipo comienza en una porción particular del mapa, generalmente pero no siempre en lados opuestos. A lo largo del mapa se encuentran las ciudades que comienzan en punto muerto, pero que pueden convertirse al lado rojo o azul mediante la ocupación. Cuantas más ciudades tenga un equipo, más energía producirá cada equipo para dirigir hacia la construcción de Gundams más nuevos y poderosos. Cada equipo puede emitir tres comandos por turno, ya sea para mover un Gundam alrededor del mapa o construir un nuevo Gundam. Cada tipo de robot tiene diferentes rangos de movimiento, y diferentes terrenos afectan lo lejos que puede viajar un robot. Para destruirse mutuamente, los jugadores deben atacar los Gundams del equipo oponente moviendo uno de los suyos a una casilla ocupada por el enemigo. Cuando dos Gundams descansan en el mismo lugar, se inicia una batalla.
SD Gundam World - Gachapon Senshi - Scramble Wars - Map Collection (Japan) (Disk Writer)	Dos equipos, el ejército azul y el ejército rojo, compiten en mapas en mosaico en un intento de vencer al otro en la batalla. Cada equipo comienza en una porción particular del mapa, generalmente pero no siempre en lados opuestos. A lo largo del mapa se encuentran las ciudades que comienzan en punto muerto, pero que pueden convertirse al lado rojo o azul mediante la ocupación. Cuantas más ciudades tenga un equipo, más energía producirá cada equipo para dirigir hacia la construcción de Gundams más nuevos y poderosos. Cada equipo puede emitir tres comandos por turno, ya sea para mover un Gundam alrededor del mapa o construir un nuevo Gundam. Cada tipo de robot tiene diferentes rangos de movimiento, y diferentes terrenos afectan lo lejos que puede viajar un robot. Para destruirse mutuamente, los jugadores deben atacar los Gundams del equipo oponente moviendo uno de los suyos a una casilla ocupada por el enemigo. Cuando dos Gundams descansan en el mismo lugar, se inicia una batalla.
Section-Z (Japan)	El planeta Tierra en el año 2XXX. Se relaja en la consola de su sistema de comunicaciones por satélite interplanetario generado por superconductor. De repente, las transmisiones de radio y televisión de alta frecuencia lanzan advertencias a todos los habitantes para que se preparen para las brutales fuerzas invasoras del Imperio Balangool. Combate y vence a los soldados del espacio de Balangool. Penetren su base dividida en la sección A a la SECCIÓN Z, luego destruyan el control maestro de Balangool &quot;L-Brain&quot;.
Seiken Psychocalibur - Majuu no Mori Densetsu (Japan)	Hace muchos años había un país llamado Earth Maral. Un día fue invadido por las fuerzas del Mundo Oscuro y destrozado. La gente vivía con miedo, solo esperaba una leyenda ... 'Aparecerá un héroe sosteniendo una espada y restaurará la paz en nuestra tierra una vez más'. Nadie sabía cuándo llegaría este héroe ... Dijo la bestia del diablo: &quot;¿Qué es eso? ¿Me desafías? Ya veo. Muy bien, entonces, acepto tu desafío. Sin embargo, nunca ganarás&quot;.
Shanghai (Japan) (Proto) (1986-10-16)	Juego no oficial de mahjong.
Shanghai II (Japan) (Proto) (Dragon Layout)	Segunda parte del juego no oficial de Mahjong.
Silviana - Ai Ippai no Little Angel (Japan)	Silviana (posiblemente Silvania) es un RPG de acción en el que el objetivo es seguir a la heroína del mismo nombre en su búsqueda de medicamentos para su madre enferma, y ??posiblemente localizar a su padre desaparecido en el proceso. El juego tiene un sistema deliberadamente simplista de RPG donde no hay estadísticas visibles, otras la salud del personaje y los enemigos se pelean simplemente entrando en ellos para vencerlos. Cada enemigo derrotado también quita una pequeña cantidad de la salud de Silviana. Para mantenerse con vida, Silviana debe visitar ocasionalmente ciudades y reponer su salud bebiendo té, así como mejorar su equipo para garantizar la supervivencia contra enemigos más fuertes.
Smash Ping Pong (Japan)	Velocidad y tiempo! Disparos espectaculares! Emocionantes mítines! Pon a prueba tus reflejos en una desafiante simulación de ping-pong !!
Soccer (Japan) (En)	¡Disfruta de la acción de la Copa del Mundo mientras mueves a tu equipo hacia arriba y hacia abajo hasta la victoria! Realiza Kickoffs, Throw-ins, Goal kicks y Corner kicks, como en un partido de fútbol real. Puedes elegir un equipo de computadora o un amigo como tu oponente. Luego seleccione un nivel de habilidad 1-5. Te encantará los gráficos de última generación de Nintendo y el juego realista, y por supuesto, la competencia directa que controlarás con la punta de los dedos.
Solomon no Kagi (Japan) (Disk Writer)	Tú y Dana, el mago de Lyrac, debes desbloquear el rollo de secretos de Salomón para restaurar la paz en las constelaciones. Con la magia, el fuego y los poderes místicos de Dana, ayudarás a liberar a la Princesa de las Hadas aprisionada y aprovecharás las fuerzas del mal dentro de las constelaciones. Pero primero, ¡necesitas la clave! La llave de Solomon: ¡el éxito de la sala de juegos!
Suishou no Dragon (Japan)	Suishou no Ryuu (&quot;Crystal Dragon&quot;) es un juego de aventuras de texto de ciencia ficción desarrollado por SquareSoft. Fue el primer juego publicado por la filial especializada en publicación de Famicom Disk System de Square, D.O.G. (Disk Original Group), que se configuró para permitir que varios estudios de desarrollo más pequeños publiquen juegos para el periférico del sistema de disco Famicom de Nintendo.
Sunsoft Dev Disk Lot - 'D167B23' no. 1 (Japan)	Explora las entrañas del desarrollo clásico con este valioso lote de discos de desarrollo originales de Sunsoft, recuperados y preservados por la comunidad para el Family Computer Disk System. Este pack digitalizado recopila los archivos extraídos de 19 disquetes magnéticos de desarrollo que permanecieron ocultos en las oficinas del estudio japonés, desvelando versiones preliminares, herramientas internas y material descartado de finales de los años 80. El lote te permite ejecutar prototipos jugables e históricos de la consola, destacando una versión temprana inédita de Adian no Tsue (el mítico juego educativo de aritmética) y datos maestros del código original de Dead Zone. Muévete por los menús técnicos, analiza el comportamiento del programa de control de disco interno de Sunsoft y descubre cómo gestionaban los flujos de lectura en el hardware de Nintendo. Una pieza interactiva de arqueología digital imprescindible para comprender la programación retro.
Sunsoft Dev Disk Lot - 'D167B23' no. 2 (Japan)	Explora las entrañas del desarrollo clásico con este valioso lote de discos de desarrollo originales de Sunsoft, recuperados y preservados por la comunidad para el Family Computer Disk System. Este pack digitalizado recopila los archivos extraídos de 19 disquetes magnéticos de desarrollo que permanecieron ocultos en las oficinas del estudio japonés, desvelando versiones preliminares, herramientas internas y material descartado de finales de los años 80. El lote te permite ejecutar prototipos jugables e históricos de la consola, destacando una versión temprana inédita de Adian no Tsue (el mítico juego educativo de aritmética) y datos maestros del código original de Dead Zone. Muévete por los menús técnicos, analiza el comportamiento del programa de control de disco interno de Sunsoft y descubre cómo gestionaban los flujos de lectura en el hardware de Nintendo. Una pieza interactiva de arqueología digital imprescindible para comprender la programación retro.
Sunsoft Dev Disk Lot - 'D167B23' no. 3 (Japan)	Explora las entrañas del desarrollo clásico con este valioso lote de discos de desarrollo originales de Sunsoft, recuperados y preservados por la comunidad para el Family Computer Disk System. Este pack digitalizado recopila los archivos extraídos de 19 disquetes magnéticos de desarrollo que permanecieron ocultos en las oficinas del estudio japonés, desvelando versiones preliminares, herramientas internas y material descartado de finales de los años 80. El lote te permite ejecutar prototipos jugables e históricos de la consola, destacando una versión temprana inédita de Adian no Tsue (el mítico juego educativo de aritmética) y datos maestros del código original de Dead Zone. Muévete por los menús técnicos, analiza el comportamiento del programa de control de disco interno de Sunsoft y descubre cómo gestionaban los flujos de lectura en el hardware de Nintendo. Una pieza interactiva de arqueología digital imprescindible para comprender la programación retro.
Sunsoft Dev Disk Lot - 'D167B23' no. 4 (Japan)	Explora las entrañas del desarrollo clásico con este valioso lote de discos de desarrollo originales de Sunsoft, recuperados y preservados por la comunidad para el Family Computer Disk System. Este pack digitalizado recopila los archivos extraídos de 19 disquetes magnéticos de desarrollo que permanecieron ocultos en las oficinas del estudio japonés, desvelando versiones preliminares, herramientas internas y material descartado de finales de los años 80. El lote te permite ejecutar prototipos jugables e históricos de la consola, destacando una versión temprana inédita de Adian no Tsue (el mítico juego educativo de aritmética) y datos maestros del código original de Dead Zone. Muévete por los menús técnicos, analiza el comportamiento del programa de control de disco interno de Sunsoft y descubre cómo gestionaban los flujos de lectura en el hardware de Nintendo. Una pieza interactiva de arqueología digital imprescindible para comprender la programación retro.
Sunsoft Dev Disk Lot - 'D167B23' no. 5 (Japan)	Explora las entrañas del desarrollo clásico con este valioso lote de discos de desarrollo originales de Sunsoft, recuperados y preservados por la comunidad para el Family Computer Disk System. Este pack digitalizado recopila los archivos extraídos de 19 disquetes magnéticos de desarrollo que permanecieron ocultos en las oficinas del estudio japonés, desvelando versiones preliminares, herramientas internas y material descartado de finales de los años 80. El lote te permite ejecutar prototipos jugables e históricos de la consola, destacando una versión temprana inédita de Adian no Tsue (el mítico juego educativo de aritmética) y datos maestros del código original de Dead Zone. Muévete por los menús técnicos, analiza el comportamiento del programa de control de disco interno de Sunsoft y descubre cómo gestionaban los flujos de lectura en el hardware de Nintendo. Una pieza interactiva de arqueología digital imprescindible para comprender la programación retro.
Sunsoft Dev Disk Lot - 'D167B23' no. 6 (Japan)	Explora las entrañas del desarrollo clásico con este valioso lote de discos de desarrollo originales de Sunsoft, recuperados y preservados por la comunidad para el Family Computer Disk System. Este pack digitalizado recopila los archivos extraídos de 19 disquetes magnéticos de desarrollo que permanecieron ocultos en las oficinas del estudio japonés, desvelando versiones preliminares, herramientas internas y material descartado de finales de los años 80. El lote te permite ejecutar prototipos jugables e históricos de la consola, destacando una versión temprana inédita de Adian no Tsue (el mítico juego educativo de aritmética) y datos maestros del código original de Dead Zone. Muévete por los menús técnicos, analiza el comportamiento del programa de control de disco interno de Sunsoft y descubre cómo gestionaban los flujos de lectura en el hardware de Nintendo. Una pieza interactiva de arqueología digital imprescindible para comprender la programación retro.
Sunsoft Dev Disk Lot - 'E180L05' no. 1 (Japan)	Explora las entrañas del desarrollo clásico con este valioso lote de discos de desarrollo originales de Sunsoft, recuperados y preservados por la comunidad para el Family Computer Disk System. Este pack digitalizado recopila los archivos extraídos de 19 disquetes magnéticos de desarrollo que permanecieron ocultos en las oficinas del estudio japonés, desvelando versiones preliminares, herramientas internas y material descartado de finales de los años 80. El lote te permite ejecutar prototipos jugables e históricos de la consola, destacando una versión temprana inédita de Adian no Tsue (el mítico juego educativo de aritmética) y datos maestros del código original de Dead Zone. Muévete por los menús técnicos, analiza el comportamiento del programa de control de disco interno de Sunsoft y descubre cómo gestionaban los flujos de lectura en el hardware de Nintendo. Una pieza interactiva de arqueología digital imprescindible para comprender la programación retro.
Sunsoft Dev Disk Lot - 'E180L05' no. 2 and no. 3 (Japan)	Explora las entrañas del desarrollo clásico con este valioso lote de discos de desarrollo originales de Sunsoft, recuperados y preservados por la comunidad para el Family Computer Disk System. Este pack digitalizado recopila los archivos extraídos de 19 disquetes magnéticos de desarrollo que permanecieron ocultos en las oficinas del estudio japonés, desvelando versiones preliminares, herramientas internas y material descartado de finales de los años 80. El lote te permite ejecutar prototipos jugables e históricos de la consola, destacando una versión temprana inédita de Adian no Tsue (el mítico juego educativo de aritmética) y datos maestros del código original de Dead Zone. Muévete por los menús técnicos, analiza el comportamiento del programa de control de disco interno de Sunsoft y descubre cómo gestionaban los flujos de lectura en el hardware de Nintendo. Una pieza interactiva de arqueología digital imprescindible para comprender la programación retro.
Sunsoft Dev Disk Lot - 'E180L05' no. 4 (Japan)	Explora las entrañas del desarrollo clásico con este valioso lote de discos de desarrollo originales de Sunsoft, recuperados y preservados por la comunidad para el Family Computer Disk System. Este pack digitalizado recopila los archivos extraídos de 19 disquetes magnéticos de desarrollo que permanecieron ocultos en las oficinas del estudio japonés, desvelando versiones preliminares, herramientas internas y material descartado de finales de los años 80. El lote te permite ejecutar prototipos jugables e históricos de la consola, destacando una versión temprana inédita de Adian no Tsue (el mítico juego educativo de aritmética) y datos maestros del código original de Dead Zone. Muévete por los menús técnicos, analiza el comportamiento del programa de control de disco interno de Sunsoft y descubre cómo gestionaban los flujos de lectura en el hardware de Nintendo. Una pieza interactiva de arqueología digital imprescindible para comprender la programación retro.
Sunsoft Dev Disk Lot - 'F087D22' (Japan)	Explora las entrañas del desarrollo clásico con este valioso lote de discos de desarrollo originales de Sunsoft, recuperados y preservados por la comunidad para el Family Computer Disk System. Este pack digitalizado recopila los archivos extraídos de 19 disquetes magnéticos de desarrollo que permanecieron ocultos en las oficinas del estudio japonés, desvelando versiones preliminares, herramientas internas y material descartado de finales de los años 80. El lote te permite ejecutar prototipos jugables e históricos de la consola, destacando una versión temprana inédita de Adian no Tsue (el mítico juego educativo de aritmética) y datos maestros del código original de Dead Zone. Muévete por los menús técnicos, analiza el comportamiento del programa de control de disco interno de Sunsoft y descubre cómo gestionaban los flujos de lectura en el hardware de Nintendo. Una pieza interactiva de arqueología digital imprescindible para comprender la programación retro.
Sunsoft Dev Disk Lot - 'F266F13' (Japan)	Explora las entrañas del desarrollo clásico con este valioso lote de discos de desarrollo originales de Sunsoft, recuperados y preservados por la comunidad para el Family Computer Disk System. Este pack digitalizado recopila los archivos extraídos de 19 disquetes magnéticos de desarrollo que permanecieron ocultos en las oficinas del estudio japonés, desvelando versiones preliminares, herramientas internas y material descartado de finales de los años 80. El lote te permite ejecutar prototipos jugables e históricos de la consola, destacando una versión temprana inédita de Adian no Tsue (el mítico juego educativo de aritmética) y datos maestros del código original de Dead Zone. Muévete por los menús técnicos, analiza el comportamiento del programa de control de disco interno de Sunsoft y descubre cómo gestionaban los flujos de lectura en el hardware de Nintendo. Una pieza interactiva de arqueología digital imprescindible para comprender la programación retro.
Sunsoft Dev Disk Lot - 'G188D21N' no. 1 (Japan)	Explora las entrañas del desarrollo clásico con este valioso lote de discos de desarrollo originales de Sunsoft, recuperados y preservados por la comunidad para el Family Computer Disk System. Este pack digitalizado recopila los archivos extraídos de 19 disquetes magnéticos de desarrollo que permanecieron ocultos en las oficinas del estudio japonés, desvelando versiones preliminares, herramientas internas y material descartado de finales de los años 80. El lote te permite ejecutar prototipos jugables e históricos de la consola, destacando una versión temprana inédita de Adian no Tsue (el mítico juego educativo de aritmética) y datos maestros del código original de Dead Zone. Muévete por los menús técnicos, analiza el comportamiento del programa de control de disco interno de Sunsoft y descubre cómo gestionaban los flujos de lectura en el hardware de Nintendo. Una pieza interactiva de arqueología digital imprescindible para comprender la programación retro.
Sunsoft Dev Disk Lot - 'G188D21N' no. 2 (Japan)	Explora las entrañas del desarrollo clásico con este valioso lote de discos de desarrollo originales de Sunsoft, recuperados y preservados por la comunidad para el Family Computer Disk System. Este pack digitalizado recopila los archivos extraídos de 19 disquetes magnéticos de desarrollo que permanecieron ocultos en las oficinas del estudio japonés, desvelando versiones preliminares, herramientas internas y material descartado de finales de los años 80. El lote te permite ejecutar prototipos jugables e históricos de la consola, destacando una versión temprana inédita de Adian no Tsue (el mítico juego educativo de aritmética) y datos maestros del código original de Dead Zone. Muévete por los menús técnicos, analiza el comportamiento del programa de control de disco interno de Sunsoft y descubre cómo gestionaban los flujos de lectura en el hardware de Nintendo. Una pieza interactiva de arqueología digital imprescindible para comprender la programación retro.
Sunsoft Dev Disk Lot - 'G188D21N' no. 3 (Japan)	Explora las entrañas del desarrollo clásico con este valioso lote de discos de desarrollo originales de Sunsoft, recuperados y preservados por la comunidad para el Family Computer Disk System. Este pack digitalizado recopila los archivos extraídos de 19 disquetes magnéticos de desarrollo que permanecieron ocultos en las oficinas del estudio japonés, desvelando versiones preliminares, herramientas internas y material descartado de finales de los años 80. El lote te permite ejecutar prototipos jugables e históricos de la consola, destacando una versión temprana inédita de Adian no Tsue (el mítico juego educativo de aritmética) y datos maestros del código original de Dead Zone. Muévete por los menús técnicos, analiza el comportamiento del programa de control de disco interno de Sunsoft y descubre cómo gestionaban los flujos de lectura en el hardware de Nintendo. Una pieza interactiva de arqueología digital imprescindible para comprender la programación retro.
Sunsoft Dev Disk Lot - 'J226I22' no. 1 (Japan)	Explora las entrañas del desarrollo clásico con este valioso lote de discos de desarrollo originales de Sunsoft, recuperados y preservados por la comunidad para el Family Computer Disk System. Este pack digitalizado recopila los archivos extraídos de 19 disquetes magnéticos de desarrollo que permanecieron ocultos en las oficinas del estudio japonés, desvelando versiones preliminares, herramientas internas y material descartado de finales de los años 80. El lote te permite ejecutar prototipos jugables e históricos de la consola, destacando una versión temprana inédita de Adian no Tsue (el mítico juego educativo de aritmética) y datos maestros del código original de Dead Zone. Muévete por los menús técnicos, analiza el comportamiento del programa de control de disco interno de Sunsoft y descubre cómo gestionaban los flujos de lectura en el hardware de Nintendo. Una pieza interactiva de arqueología digital imprescindible para comprender la programación retro.
Sunsoft Dev Disk Lot - 'J226I22' no. 3 (Japan)	Explora las entrañas del desarrollo clásico con este valioso lote de discos de desarrollo originales de Sunsoft, recuperados y preservados por la comunidad para el Family Computer Disk System. Este pack digitalizado recopila los archivos extraídos de 19 disquetes magnéticos de desarrollo que permanecieron ocultos en las oficinas del estudio japonés, desvelando versiones preliminares, herramientas internas y material descartado de finales de los años 80. El lote te permite ejecutar prototipos jugables e históricos de la consola, destacando una versión temprana inédita de Adian no Tsue (el mítico juego educativo de aritmética) y datos maestros del código original de Dead Zone. Muévete por los menús técnicos, analiza el comportamiento del programa de control de disco interno de Sunsoft y descubre cómo gestionaban los flujos de lectura en el hardware de Nintendo. Una pieza interactiva de arqueología digital imprescindible para comprender la programación retro.
Sunsoft Dev Disk Lot - 'K057G06' (Japan)	Explora las entrañas del desarrollo clásico con este valioso lote de discos de desarrollo originales de Sunsoft, recuperados y preservados por la comunidad para el Family Computer Disk System. Este pack digitalizado recopila los archivos extraídos de 19 disquetes magnéticos de desarrollo que permanecieron ocultos en las oficinas del estudio japonés, desvelando versiones preliminares, herramientas internas y material descartado de finales de los años 80. El lote te permite ejecutar prototipos jugables e históricos de la consola, destacando una versión temprana inédita de Adian no Tsue (el mítico juego educativo de aritmética) y datos maestros del código original de Dead Zone. Muévete por los menús técnicos, analiza el comportamiento del programa de control de disco interno de Sunsoft y descubre cómo gestionaban los flujos de lectura en el hardware de Nintendo. Una pieza interactiva de arqueología digital imprescindible para comprender la programación retro.
Super Boy Allan (Japan)	Super Boy Allan Colada viaja desde su casa en las estribaciones a las montañas para recuperar un remedio para la fiebre de su hermana Leela.
Super Lode Runner (Japan)	El juego mantiene la jugabilidad típica de la serie Lode Runner. Los jugadores deben recoger todo el oro en el escenario, evitando o atrapando a los guardias robóticos que constantemente les están persiguiendo. El juego también cuenta con un editor de niveles para que los jugadores puedan crear sus propias etapas para jugar.
Super Lode Runner II (Japan) (Disk Writer)	El juego es en gran medida idéntico al del Lode Runner original: los jugadores deben recoger todo el oro en un escenario y salir por una escalera. También deben evitar a los enemigos alrededor del escenario, que tienden a dirigirse hacia el jugador. Para defenderse, el personaje del jugador puede cavar agujeros a sus pies que pueden atrapar enemigos y también le permitirán al protagonista alcanzar el oro enterrado. Cada nivel tiende a tener una estrategia específica que el jugador debe descifrar si pretenden progresar.
Super Mario Bros. (Japan) (En)	¿Tienes lo que se necesita para salvar a la Princesa Hongo? ¡Tendrás que pensar rápido y moverte aún más rápido para completar esta misión! La Mushroom Princess está siendo cautiva por la malvada tribu de tortugas Koopa. Depende de ti rescatarla de las garras del Rey Koopa antes de que se acabe el tiempo. Pero no será fácil. Para llegar a la princesa, tendrás que escalar montañas, cruzar el mar, evitar pozos sin fondo, luchar contra los soldados de las tortugas y una serie de trampas de magia negra que solo un Rey Koopa puede idear. ¡Es otra aventura sin parar de SUPER MARIO BROS!
Super Mario Bros. 2 (Japan) (En) (DV 2)	Originalmente lanzado en Japón como Super Mario Bros.® 2, este juego ha hecho solo apariciones breves en el hemisferio occidental. Los fanáticos de Mario apreciarán la apariencia familiar del juego, mientras descubren que su juego actualizado crea un desafío completamente nuevo. Ya no se conforman con usar mono de diferentes colores, Mario y Luigi también poseen diferentes conjuntos de habilidades (Mario puede parar más rápido, mientras que Luigi puede saltar más alto). Además de los enemigos clásicos ya conocidos por los fanáticos de todo el mundo, también hay Setas venenosas, Zonas de deformación hacia atrás y ocasionalmente ráfagas de viento (que pueden ayudar o dificultar su progreso) para tener en cuenta. Y si eso no es suficiente, los jugadores expertos pueden buscar los mundos secretos del juego. Así que prepárese para poner a prueba sus habilidades de Mario y salvar a la Princesa nuevamente. ¡No te sorprendas si ella está en otro castillo!
Tama & Friends - Sanchoume Daibouken (Japan)	¡Participa en las aventuras de un gato y sus amigos en su vecindario! Cada día es una nueva aventura, ¡cada objeto es un nuevo descubrimiento!
Tanigawa Kouji no Shougi Shinan II - Meijin e no Michi (Japan)	El primer Tanigawa Kouji no Shogi Shinan solo se lanzó en computadoras caseras MSX, aunque este juego apareció por primera vez en Famicom Disk System en 1987. Más tarde recibiría versiones adicionales para el MSX y el Famicom basado en cartuchos en 1988. También existe una segunda versión de Famicom Disk System, lanzada después de los puertos MSX y Famicom, que contiene arreglos de rompecabezas adicionales. El tercer juego de la serie solo se lanzará en Famicom. Ni este juego ni ninguno de los juegos de la serie se lanzaron fuera de Japón.
Tanigawa Kouji no Shougi Shinan II - Meijin e no Michi - Shinban Tsumeshougi - Tsugi no Itte (Japan) (Disk Writer)	El primer Tanigawa Kouji no Shogi Shinan solo se lanzó en computadoras caseras MSX, aunque este juego apareció por primera vez en Famicom Disk System en 1987. Más tarde recibiría versiones adicionales para el MSX y el Famicom basado en cartuchos en 1988. También existe una segunda versión de Famicom Disk System, lanzada después de los puertos MSX y Famicom, que contiene arreglos de rompecabezas adicionales. El tercer juego de la serie solo se lanzará en Famicom. Ni este juego ni ninguno de los juegos de la serie se lanzaron fuera de Japón.
Tantei Jinguuji Saburou - Kiken na Futari - Kouhen (Japan)	El misterio del disco &quot;A Dangerous Duo&quot; y la tercera entrada de la serie Tantei Jinguuji Saburo. Jinguji está invitado a visitar un circuito de carreras donde el piloto de motos, Okazaki, se estrella repentinamente, pero se recupera el cuerpo de un corredor diferente en el lugar del accidente. Al mismo tiempo, la esposa de Okazaki es encontrada muerta. Tantei Jinguuji Saburo: Kiken na Futari es el tercer juego de la saga Jinguuji Saburo, conocido en occidente como Jake Hunter. Originalmente fue lanzado a través de dos discos de Famicom Disk System, el segundo de los cuales salió a la venta varios meses después del primero. El juego finalmente fue localizado, como parte de la compilación de Jake Hunter: Detective Chronicles DS de sus primeros casos, como Jake Hunter: Crash and Burn. [Disk 2]
Tantei Jinguuji Saburou - Kiken na Futari - Zenpen (Japan)	Tantei Jinguuji Saburo: Kiken na Futari es el tercer juego de la saga Jinguuji Saburo, conocido en occidente como Jake Hunter. Originalmente fue lanzado a través de dos discos de Famicom Disk System, el segundo de los cuales salió a la venta varios meses después del primero. El juego finalmente fue localizado, como parte de la compilación de Jake Hunter: Detective Chronicles DS de sus primeros casos, como Jake Hunter: Crash and Burn. En este juego, el detective Jinguuji Saburo / Jake Hunter debe resolver el misterio detrás de una muerte súbita durante una carrera de motocicletas. La intriga se profundiza cuando el cuerpo recuperado es en realidad de un corredor diferente. [Disk 1]
Tantei Jinguuji Saburou - Shinjuku Chuuou Kouen Satsujin Jiken (Japan)	La primera entrega de la larga serie Tantei Jinguuji Saburo (Jake Hunter) sobre el misterio detrás de la muerte de una mujer joven cuyo cadáver fue descubierto en Shinjuku Central Park. Tantei Jinguuji Saburo: Shinjuku Chuo Koen Satsujin Jiken (&quot;Detective Saburo Jinguuji: Shinjuku Central Park Murder Mystery&quot;) es el primero de una larga serie de juegos de aventuras con temática delictiva de Data East sobre el detective Saburo Jinguuji, o Jake Hunter como él es conocido en Occidente Al igual que con todos los juegos que siguen, el objetivo del juego es descubrir al perpetrador detrás de un asesinato hablando con testigos y sospechosos, recabando pistas y deduciendo hechos sobre el caso. El jugador puede usar un menú de opciones para controlar la investigación del Detective Jinguuji, como los comandos &quot;Hablar&quot; y &quot;Mirar&quot; para tener una mejor idea del mundo del juego.
Tarot Uranai (Japan)	El juego se centra, como es lógico, en la baraja de Tarot y sus supuestas propiedades clarividentes. El juego baraja aleatoriamente un mazo y los coloca en una formación de la elección del jugador: cada formación está destinada a predecir un aspecto diferente de la vida del jugador. El juego revelará las cartas que el jugador elija y descifrará el significado detrás de ellas.
Tennis (Japan)	¡Ya sea para singles o dobles, te encantará la acción sin parar de este juego de tenis increíblemente real! Lanza un saque, dispara un revés ardiente, lanza una volea de derecha: ¡tú tomas las decisiones en Nintendo TENNIS! Nintendo te permite elegir un oponente de cinco niveles de habilidad diferentes. ¡Así que a medida que tu juego mejora, también lo hace tu compañero de juego! Además, ¡puedes medir la velocidad de tu saque! Cuanto mejor sea el tiempo, más rápido se moverá a través de la red. Tendrás horas de diversión corriendo por la red, jugando en la línea de fondo o deambulando por la cancha. ¡Con los gráficos de última generación de Nintendo y el juego realista, realmente creerás que estás en la cancha central!
Time Twist - Rekishi no Katasumi de... - Kouhen (Japan)	El año es 1995, y el inminente cambio del siglo 20 está infundiendo miedo e incertidumbre en la humanidad, y los espectáculos de adivinación se han vuelto populares. El 25 de septiembre de 1995, un niño que vive en Tokio escucha en un espectáculo de adivinación que se encontrará con la chica de sus sueños en un museo ubicado fuera de los límites de la ciudad. Visita el &quot;Museo del Diablo&quot; y se encuentra con una chica adentro, pero un terremoto repentino corta la reunión. El niño recita el conjuro del espectáculo de adivinación que dice &quot;captura el corazón de la niña de sus sueños&quot;, pero el conjuro destruye el sello de un jarrón que contiene al diablo. [Disk 2]
Time Twist - Rekishi no Katasumi de... - Zenpen (Japan)	El año es 1995, y el inminente cambio del siglo 20 está infundiendo miedo e incertidumbre en la humanidad, y los espectáculos de adivinación se han vuelto populares. El 25 de septiembre de 1995, un niño que vive en Tokio escucha en un espectáculo de adivinación que se encontrará con la chica de sus sueños en un museo ubicado fuera de los límites de la ciudad. Visita el &quot;Museo del Diablo&quot; y se encuentra con una chica adentro, pero un terremoto repentino corta la reunión. El niño recita el conjuro del espectáculo de adivinación que dice &quot;captura el corazón de la niña de sus sueños&quot;, pero el conjuro destruye el sello de un jarrón que contiene al diablo. [Disk 1]
Titanic Mystery - Ao no Senritsu (Japan)	2:20 a.m. 15 de abril de 1912 El mayor transatlántico de la historia acaba de hundirse en el Atlántico. El R.M.S. Titánico. TIENES una reputación de tener éxito donde otros han fallado. Es por eso que USTED ha sido seleccionado para dirigir el Titanic: Misión de recuperación. Todos los esfuerzos previos para elevar la leyenda perdida han quedado vacíos, pero sus habilidades, conexiones financieras y habilidades de liderazgo lo convierten en la opción lógica.
Tobidase Daisakusen (Japan) (Famicom 3D System)	¡La batalla de tu vida cobra vida en 3-D! El más salvaje de los vaqueros espaciales está buscando aventura. Ahora lo tiene y necesita tu ayuda. Un extraño mundo aterrorizado por Grax, Alien Serpentbeast, te ha pedido, Worldrunner, ayuda. Sabiendo que puedes escapar, superar y expulsar a cualquiera o cualquier cosa, compites en la batalla. Pero esta no es una pelea ordinaria. Estas batallas te llevarán a ocho extraños planetas llenos de pozos sin fondo, estrellas fugaces y alienígenas venenosos, todos jurados para defender a su Rey Serpiente. Y cada nuevo mundo está gobernado por una Alien Serpentbeast más aterradora y más poderosa que cualquier otra cosa que hayas visto antes. ¿Estás listo, Worldrunner? ¡Te están esperando!
Tooyama no Kinsan Space Chou - Mr. Gold (Japan)	&quot;Samurai Gold es una atrevida aventura espacial que reelabora al famoso espadachín y héroe genuino del viejo Japón, Toyama No Kinsan, en un futuro de intriga interplanetaria y acción rápida de cohetes. En el próximo siglo, las principales ciudades y colonias espaciales están controladas por un enorme sistema informático llamado &quot;EDO&quot;. Utilizando los sofisticados sistemas de información de Edo, cinco Administradores superiores gobiernan el universo en paz. Pero el mal todavía acecha en rincones oscuros. Y así como Kinsan antes que él. ón intensa y acción deslumbrante cuando los delincuentes atacan a uno de los cinco administradores sénior, un hombre que también es el padre de Samurai Gold ...&quot;
Topple Zip (Japan)	Topple Zip es un shooter de desplazamiento vertical que se comercializa como un juego de carreras. La premisa básica es que controlas una aeronave y vuelas en competición contra varias otras embarcaciones controladas por computadora. Además de dispararle a tus oponentes, puedes embestir contra ellos, y ellos dentro de ti. Si lo hace, puede desprenderse de un power-up en forma de píldora que luego puede disparar y recoger.
Transformers - The Headmasters (Japan)	Con la ayuda de los Headmasters, los poderosos Cybertrons continúan librando una guerra contra sus homólogos malvados, los Destrons. Pero con Convoy ahora fuera, ¿pueden ganar los Cybertrons?
TwinBee (Japan) (En) (Disk Writer)	Los malos han robado Paradise Island. El poder que necesitas está en las campanas mágicas escondidas en algún lugar detrás de esas capas de nubes. ¡Únete a tu alter ego aquí en el último golpe de Konami!
Ultraman - Kaijuu Teikoku no Gyakushuu (Japan)	Hayate, un miembro de Science Special Search Party, que protege la tierra de las invasiones de grandes alienígenas hostiles. Debe correr por cada escenario, derrotando a los enemigos con su pistola de rayos. También debe recolectar orbes de energía para llenar un medidor en la pantalla.
Ultraman 2 - Shutsugeki Katokutai (Japan)	Estás a cargo de un equipo de expertos militares de la defensa de Tokio que encuentra formas de repeler el kaiju. Encuentre una forma de dañar a los monstruos y desplegar vehículos como tanques y jets que puedan derribarlos antes de que destruyan cualquier edificio crítico. Cuando el peligro está cerca y todo parece perdido, ¡llama a Ultraman!
Ultraman Club - Chikyuu Dakkan Sakusen (Japan)	A diferencia de los dos juegos anteriores, que estaban más orientados a la acción, este juego es un juego de rol basado en turnos similar a Final Fantasy. Los jugadores también podían seleccionar cada escenario desde la pantalla de título, eligiendo jugarlos en el orden que quisieran, este tipo de modelo de rol libre no lineal aparecería más tarde en Dragon Quest IV, aunque por supuesto había sido una práctica común en MegaMan de Capcom. serie mucho antes del lanzamiento de Ultraman Club.
Volleyball (Japan)	Golpea el saque perfecto. Spike el punto ganador del juego. ¡Haz el salvado que salva el juego! Todo depende de usted. Porque tú tomas las decisiones en Nintendo VOLLEY-BALL. Comenzarás seleccionando un equipo del país que elijas. Como Capitán, guiarás a tu equipo a través de una ronda de calentamiento acelerado, y luego te moverás rápidamente al calor de la competencia real de voleibol. Decidirás cuándo disparar, cuándo lanzar, cuándo hacer una salvada de buceo, ¡todo como el capitán de un equipo de voleibol real! Juega contra un amigo o desafía a la computadora. De cualquier forma, los gráficos realistas de Nintendo y el juego realista traerán toda la diversión y la emoción del voleibol directamente a su hogar.
Vs. Excitebike (Japan) (En)	Vs. Excitebike es simplemente una versión de Excitebike de Nintendo que se ha mejorado con un modo de dos jugadores para el sistema de disco Famicom. El jugador puede elegir jugar &quot;Excite original&quot; en su encarnación de un solo jugador o &quot;Vs. Excitebike&quot; que incluye un segundo jugador humano como el competidor azul. Los dos jugadores también pueden optar por competir directamente entre ellos o jugar cooperativamente contra la CPU. El juego no debe confundirse con el Arcade vs. Excitebike, que en cambio deriva su nombre de los vs. Formato de serie Nintendo solía convertir juegos populares de NES en gabinetes Arcade para dos jugadores. La versión de FDS toma prestada muchas de sus características, incluso la de un jugador de Arcade también, pero tiene varias distinciones propias incluyendo una banda sonora completamente nueva y la capacidad de crear y guardar pistas generadas por los jugadores.
Wakusei Aton Gaiden (Japan) (National Tax Agency Demo)	Wakusei Aton Gaiden (&quot;Planet Aton Side-Story&quot;) es un shoot 'em up de desplazamiento vertical creado por la Agencia Nacional de Impuestos de Japón (Kokuzeichou) para enseñar a los niños y jugadores mayores los problemas que rodean a la economía de la burbuja de Japón. de una parábola temática de ciencia ficción. La historia trata sobre el planeta epónimo Aton y dos jóvenes pilotos que intentan salvarlo de una especie de crisis económica, una que se manifiesta como una invasión extraterrestre. El juego puede ser jugado por uno o dos jugadores, con el jugador uno asumiendo el papel del piloto masculino Kanta mientras que el segundo jugador asume el papel de la piloto femenina Yuki.
Wardner no Mori (Japan)	Los malvados secuaces del Sr. Wardner han convertido a la novia del príncipe en una bola de cristal y el pobre joven se embarca en un viaje peligroso para salvarla.
Winter Games (Japan)	Todo está aquí: la estrategia, el desafío, la competencia y la pompa de los Juegos de Invierno. Compite contra un amigo o toma la computadora en cuatro eventos completamente realistas y llenos de acción. Elija el país que desea representar. Luego practique, entrene y desarrolle la estrategia ganadora para cada competencia ... Patinaje de velocidad en una carrera agotadora sobre hielo. Hot Dog Aerials para temerarios en esquís. Patinaje artístico para probar el equilibrio, la resistencia y la precisión. Bobsled, donde cada griterío podría significar la diferencia entre eliminar y ganar oro. Tu adrenalina y tu corazón están compitiendo. ¡Que empiecen los juegos!
Wrecking Crew (Japan) (Disk Writer)	¡Este increíble juego programable de Nintendo te permite diseñar tu propio edificio, colocar obstáculos donde quieras y luego volar todo en pedazos! Puedes jugar el juego como lo diseñó Nintendo, o puedes ser el diseñador del juego y construir un laberinto de barreras diferentes para derribar cada vez. Tendrás horas de diversión destruyendo monstruos como Gotchawrench y Eggplant Man, y explotando un edificio que construiste tú mismo en este juego de demolición fuera de lo común.
Xevious (Japan) (Disk Writer)	Misión: Buscar y destruir los aviones y bases XEVIOUS enemigos. Equipo: Avión de combate con misiles antiaéreos de pulso láser y bombas. Controla hábilmente a tu luchador a través del traicionero espacio aéreo para obtener la ventaja de la contienda.
Youkai Yashiki (Japan)	En Youkai Yashiki, controlas a un niño armado con una linterna que debe explorar cinco etapas y localizar cinco talismán antes de localizar y obtener acceso a un jefe de escenario. La linterna sirve como arma contra los monstruos que habitan en cada etapa. Su medidor de vida toma la forma de un conjunto de baterías. A medida que tu vida disminuye, las pilas se agotan y la potencia de tu linterna, es decir, la distancia que pueden recorrer los haces, disminuye.
Yume Koujou - Doki Doki Panic (Japan) (DV 2)	Mientras dos niños, Poke y Piki, están leyendo una historia, una mano monstruosa aparece de repente dentro de las páginas y los secuestra. Cuando el resto de la familia Dream Factory escucha sus gritos de ayuda, se adentran en la historia y ayudan a salvarlos de la malvada Wart. El juego fue editado y lanzado como Super Mario Bros 2. Debido a la sensación de Nintendo of Japan de que su versión de Super Mario Bros 2 sería demasiado difícil y obsoleta para cuando llegó a los Estados Unidos.
Yuu Maze (Japan)	Yuu Maze es la conversión del juego arcade de Taito, Raimais, que también se lanzó en 1988. Se puede describir rápidamente como una especie de Pac Man sobre ruedas.
Yuushi no Monshou - Deep Dungeon (Japan)	Han pasado cientos de años, el espíritu del malvado y olvidado Emperador Ruu ha regresado. Un héroe que dice ser el descendiente del héroe anterior Raru aparece en la ciudad de Dorl, y comienza a explorar una torre para derrotar a Ruu.
Zanac (AI) (Japan)	El &quot;sistema&quot; fue creado por un cuerpo de inteligencia orgánica hace muchos milenios y comenzó a atacar a la raza humana. La tierra fue arrojada a la agitación con una sola esperanza de salvación. El modelo de combate AFX-6502 ZANAC fue perfeccionado por la 256ª Flota antidisturbios para protegerse del sistema enemigo. Es su trabajo, como ZANAC, salvar a la raza humana. Usando ocho armas especiales y fuerzas de poder secretas enterradas en el camino, guía a ZANAC a través de 12 pantallas de criaturas enemigas a la victoria.
Zelda no Densetsu - The Hyrule Fantasy (Japan)	Hace mucho, mucho tiempo, el mundo estaba en una era de caos. En medio de este caos, en un pequeño reino en la tierra de Hyrule, se transmitía una leyenda de generación en generación, la leyenda de la 'Trifuerza'; triángulos dorados que poseen poderes místicos. Un día, un ejército malvado atacó este pequeño y pacífico reino y robó la Trifuerza del Poder. Este ejército fue dirigido por Ganon, el poderoso Príncipe de las Tinieblas que intentó sumir al mundo en el miedo y la oscuridad bajo su dominio. Temiendo su malvado gobierno, Zelda, la princesa de este reino, dividió la Trifuerza de la Sabiduría en ocho fragmentos y los ocultó en todo el reino para salvar a la Trifuerza restante de las garras del malvado Ganon. Al mismo tiempo, ordenó a su niñera más confiable, Impa, escapar secretamente a la tierra e ir a buscar a un hombre con suficiente coraje para destruir al malvado Ganon.
