#key	synopsis
Adian no Tsue (Japan)	Adian no Tsue („Stab von Adian“) ist ein lehrreiches Action-Adventure-Spiel, in dem Sie einen Jungen namens Lucian steuern, der sich auf den Weg macht, Prinzessin Patricia vor einem Dämonenkönig zu retten. Sie müssen durch Level navigieren, indem Sie Feinde mit Ihrem Stab besiegen und Rechenaufgaben lösen, um Glocken und Erfahrung zu verdienen. Glocken sind die Währung, mit der Sie Gegenstände beim Ladenbesitzer kaufen. 600 Erfahrungspunkte sind erforderlich, um die Tür zum nächsten Level zu öffnen oder den Bosskampf in bestimmten Räumen auszulösen, die Sie entdecken müssen.
Ai Senshi Nicol (Japan)	Helfen Sie dem mutigen Erfinder Nicol, in diesem Overhead-Actionspiel seine entführte Freundin Stella vor einem Dämonenbullenkönig vom Planeten Dairass zu retten. Steuern Sie Nicol durch 7 Kontinente, während er in jedem Level 3 Teile seiner Dimensionstransporter-Erfindung zurückgewinnt, die der Dämonenkönig gestohlen und in Diamanten gehüllt hat. Sie schießen auf verschiedene Schergen los und meiden tückisches Gelände, während Sie mehrere Etagen jedes Kontinents erkunden und nach Diamanten suchen, um sich wieder mit Stella zu vereinen und den bösen Dämonenkönig zu besiegen!
Air Fortress (Japan) (Proto) (1986-10-20)	Die Menschen auf dem Planeten Farmel, die kürzlich die Technologie für die Raumfahrt erworben hatten, erkundeten eifrig die Galaxie, nur um eine Herde monströser „Luftfestungen“ zu finden, die sich in ihre Richtung bewegten. Sie stellten schnell fest, dass sich die Festungen wie interstellare Heuschrecken verhielten und alle Ressourcen und Lebewesen auf ihrem Weg verschlangen. Die Weltraumföderation schickte ihre mächtigste Flotte, die jedoch schnell von den mächtigen Festungen vernichtet wurde. In einem letzten Schachzug schicken sie einen einzelnen Krieger namens Hal Bailman, ausgerüstet mit einem abgeschirmten Raumanzug, mächtigen Waffen und einem kleinen „Feuerschiff“, um die Festungen zu infiltrieren und sie von innen heraus zu zerstören.
Akumajou Dracula (Japan)	Dank des legendären Helden Christopher Belmont, einem Vampirjäger, der Graf Dracula einhundert Jahre zuvor mit einer heiligen Peitsche namens Vampire Killer besiegte, genoss Siebenbürgen ein Jahrhundert des Friedens. Während die Osterfeierlichkeiten mit einem großen Karneval weitergingen, versammelten sich böse Männer in einem Kloster am Rande des Dorfes und hielten eine schwarze Messe ab, um Graf Dracula wiederzubeleben. Den Männern gelang es, ihren Herrn zurückzuholen. Ein Blitz hüllte das Kloster ein, in dem der Ritus abgehalten wurde, und kündigte die Auferstehung des Grafen Dracula an. Als der Graf zurückkehrte, tauchte seine Burg, die vor 100 Jahren gefallen war, in Siebenbürgen wieder auf und seine Legionen treuer Diener formierten sich neu. Simon Belmont, der Nachkomme von Christopher Belmont, wusste, dass es als Mitglied des Belmont-Clans und derzeitiger Träger der Vampir-Killer-Peitsche seine Pflicht war, durch die Zerstörung von Dracula Frieden und Stabilität zurückzubringen.
Akuu Senki Raijin (Japan) (Disk Writer)	Im Jahr 2734 griff die mechanische Lebensform Garemu plötzlich fünf Hyperraum-Navigationssendepunkte, „FIELD“, an. Um Garems Invasion zu verhindern, hat die Milchstraßen-Allianz beschlossen, die mobile Waffe Raijin einzusetzen, die Sie steuern müssen. Wie bei Squares früherem Halbklassiker Thexder kann der Spieler an bestimmten Stellen jedes Levels zwischen den beiden Modi seines Handwerks wechseln. Sobald der Spieler als Mecha den Boden berührt, kann er gelegentlich andere Richtungen finden, um als Raumschiff seine Erkundung fortzusetzen, indem er sowohl vertikal scrollende als auch seitwärts scrollende Shoot'em-up-Abschnitte präsentiert. Es gibt drei Gegenstände, die Sie finden müssen, bevor Sie ein Level abschließen. ein Stern, eine Kugel, ein Computer und eine Bombe. Nachdem Sie all dies gesammelt haben, wird der Bosskampf ausgelöst, wenn Sie das nächste Mal versuchen, den Bossbereich zu betreten.
Aliens - Alien 2 (Japan) (Proto) (1986-12-15)	Basierend auf dem Film Aliens sollte dieser unfertige Prototyp von Square eine Portierung des veröffentlichten MSX-Spiels sein. Du steuerst Ripley, während sie durch seitlich scrollende Labyrinth-Levels navigiert, während sie die außerirdischen Horden bekämpft. Unterwegs können Sie verschiedene Waffen sammeln, die Ihnen das Leben erleichtern, sowie ein Power-Up, mit dem Ripley mit der klobigen Sprungsteuerung des Spiels beim Purzelbaum helfen kann.
All Night Nippon Super Mario Bros. (Japan) (En) (Promo)	All Night Nippon Super Mario Bros. ist eine Neuauflage von Super Mario Bros und Super Mario Bros.: The Lost Levels. Das Spiel wurde dann in einem Einschreibewettbewerb des Radiosenders zum 20-jährigen Jubiläum der Sendung All Night Nippon verlost. Der Großteil des Spiels sind Welten aus Super Mario Bros. Diese wurden meist durch andere Grafiken und Sprites ergänzt und verändert. Zudem wurden einige Levels aus Super Mario Bros.: The Lost Levels und Vs. Super Mario Bros. übernommen.
Apple Town Monogatari - Little Computer People (Japan)	Eine Version von Little Computer People für Nintendos Family Computer Disk System-Version, veröffentlicht in Japan von DOG (einer Tochtergesellschaft von Square). Basierend auf dem Originalspiel von Activision. Im Gegensatz zu früheren Versionen von Little Computer People ist die spielbare Figur ein Mädchen, das ein rosa Kleid und eine Schleife im Haar trägt. Auch die Zimmer des Hauses haben eine andere Konfiguration und verfügen über einen Außenbalkon im obersten Stockwerk. Wenn das Spiel zum ersten Mal gespielt wird, wird aus einer vorprogrammierten Liste zufällig ein Name für den Charakter ausgewählt. Bei diesem Spiel gibt es keine Gewinnbedingungen. Sie beobachten das Mädchen grundsätzlich und interagieren auf verschiedene Weise mit ihm. Allerdings fehlen Apple Town Story viele der Funktionen, die in anderen Versionen von Little Computer People zu finden sind.
Armana no Kiseki (Japan)	Ein magisches rotes Juwel, bekannt als Almana, wird aus einem namenlosen Dorf gestohlen. Ein Dieb flieht mit dem Juwel und verwandelt das gesamte Dorf in Stein. Der Spieler schlüpft in die Rolle von Kaito, einem Helden, der Indiana Jones ähnelt, und muss auf der Suche nach dem verlorenen Juwel durch sechs höhlenartige Level reisen. Kaitos Hauptfortbewegungsmittel ist einzigartig: Er kann nicht nur laufen und springen, wie in den meisten Jump'n'Run-Spielen, sondern muss auch einen speziellen Enterhaken benutzen, um zu hohe Plattformen zu erreichen. Erschwerend kommt hinzu, dass der Enterhaken nur in diagonale Richtung und nicht gerade nach oben geworfen werden kann.
Aspic - Majaou no Noroi (Japan)	Aspic ist der Nachfolger zu Lizard, einem von Xtalsoft's früheren Spielen. Aspic beginnt genau dort, wo Lizard aufhörte. Der Spieler erhält das Buch der Wahrheit, welches benötigt wird, um den Fluch der Prinzessin zu brechen. Der Spieler kehrt zum König zurück, um festzustellen, dass die Prinzessin vermisst wird. Drei Tage zuvor erschien ein Zauberer und informierte den König darüber, dass es einen weiteren Weg gibt die Prinzessin zu retten. So legte der König das Leben der Prinzessin in die Hände des Zauberers. Nun da du zurückgekehrt bist, bittet der König dich herauszufinden, was mit dem Zauberer und der Prinzessin passiert ist.
Backgammon (Japan)	Mit Backgammon kann man unkompliziert allein oder zu zweit das bekannte Brettspiel am NFS spielen. Das Spiel verfügt über ein Tutorial, ein Einzelspieler-Modus, ein Turniermodus und einen Zwei-Spieler-Modus, in dem sich zwei menschliche Spieler abwechseln.
Bakutoushi Patton-kun (Japan)	Bakutoushi Patton-Kun ist ein Overhead-Panzerkampfspiel, das im Stil dem Combat-Spiel von Atari ähnelt. Es war der erste FDS-Titel, bei dem vier Spieler gleichzeitig spielen konnten. Im Spiel versuchen die Spieler, die Panzer der anderen zu zerstören. Wenn ein Panzer zerstört wird, verlässt der Fahrer des Panzers das Fahrzeug und muss versuchen, lange genug am Leben zu bleiben, damit ein Ersatzpanzer mit dem Fallschirm vom Himmel herabspringen kann. Das Spiel wird fortgesetzt, bis nur noch ein Panzer der einzige Überlebende ist. Dann gelangen die Spieler zu einer neuen Stufe mit anderem Gelände. Insgesamt gibt es 56 Etappen. Panzerstatistiken können auch im Editormodus geändert werden. Obwohl im Titel auf den Namen des amerikanischen Generals George S. Patton Bezug genommen wird, wird er im gesamten Spiel an keiner anderen Stelle erwähnt. Obwohl das Spiel nur in Japan veröffentlicht wurde, enthalten die Anweisungen auf dem Ladebildschirm englische Obszönitäten.
Baseball (Japan)	Eine Neuveröffentlichung von Nintendos Famicom Baseball für das Famicom Disk System im Jahr 1986. Wie beim echten Baseball besteht das Ziel des Spiels darin, die meisten Runs zu erzielen. Es werden bis zu zwei Spieler unterstützt. Jeder Spieler kann aus einem von sechs Teams wählen. Obwohl es bis auf die einheitliche Farbe keinen Unterschied zwischen ihnen gibt, sollen sie die sechs Mitglieder der japanischen Zentralliga repräsentieren.
Big Challenge! Dogfight Spirit (Japan)	Große Herausforderung! Dogfight Spirit ist ein vertikal scrollendes Shoot'em Up, bei dem der Spieler einen blauen Hubschrauber steuert, der gegen Wellen feindlicher Fahrzeuge und Bodentürme kämpft. Jede Mission führt den Hubschrauber in einen anderen Teil der Welt, jeder mit einem unverwechselbaren, wenn auch chromatisch schlichten visuellen Stil. Die Power-Ups des Spiels, die durch die Zerstörung kleinerer über den Bildschirm fahrender Versorgungslastwagen verfügbar sind, verändern die Waffen des Hubschraubers, machen sie jedoch nicht stärker. Es ist sogar möglich, die schwächere Originalwaffe wieder einzusammeln, wenn der Spieler zu unvorsichtig ist. Diese reichen von einer stärkeren, nach vorne feuernden Kanone (oder einem Laser) bis zu Kanonen, die das Feuer nach vorne und zu den Seiten des Hubschraubers verteilen. Sie können es mehr als einmal schlagen, wobei die Gegner bei nachfolgenden Durchspielen mehr Treffer einstecken.
Big Challenge! Go! Go! Bowling (Japan)	&quot;Big Challenge! Go! Go! Bowling&quot; ist das vierte und letzte Spiel in der vielfältigen Big Challenge-Reihe der Jaleco Famicom Disk System-Spiele und das allerletzte FDS-Spiel von Jaleco selbst. Das Spiel ist eine unkomplizierte Bowlingsimulation mit zehn Kegeln, bei der das Ziel darin besteht, mit möglichst wenigen Würfen so viele Kegel umzuwerfen. Es gibt Kameen mit Parodien berühmter Persönlichkeiten, darunter Michael Jackson, gegen die Sie im Hauptspielmodus bowlen.
Big Challenge! Gun Fighter (Japan)	Ein Sheriff muss die Gesetzlosen des Wilden Westens zur Strecke bringen und das größere Geheimnis aufdecken, das die Stadt seit Jahrzehnten terrorisiert. Sie scrollen durch die Level und müssen eine bestimmte Anzahl von Gesetzlosen besiegen, um ihren Anführer auszuschalten und ihn in einem Third-Person-Shootout zu erledigen. Munition ist in diesem Spiel sehr wertvoll und begrenzt und muss mit Bedacht eingesetzt werden.
Big Challenge! Juudou Senshuken (Japan)	Big Challenge! Judo Senshuken („Big Challenge! Judo Championship“) ist ein Wettkampfsportspiel mit Judo-Thema, das für das Famicom Disk System entwickelt und 1988 von Jaleco Entertainment veröffentlicht wurde. Es ist der erste Titel in Jalecos „Big Challenge!“ Serie. Ziel des Spiels ist es, den Gegner im Judo zu besiegen. Dazu gehören viele Ringkämpfe, Pins und Würfe. Das Besiegen eines Gegners ermöglicht es dem Spieler, sich in der Turnierränge zu immer härteren Gegnern hochzuarbeiten.
Bio Miracle Bokutte Upa (Japan)	Upa ist der Prinz eines magischen Königreichs und der jüngste in einer Reihe von mutigen Kämpfern. Eines Tages jedoch zerbrach er eine Urne, die den Geist von Zai enthielt, einem unglaublich bösen ziegenartigen Dämon, der die Lebenskraft der Erwachsenen des Königreichs an sich reißt und alle Babys entführt - außer Upa, der von einer Fee, die zusammen mit Zai in der Urne gefangen war, eine magische Rassel erhält. Und so tritt Upa in Aktion, um sein Königreich zu retten... Er navigiert durch seitlich scrollende Levels mit Plattformen und kann Feinde aufblasen, indem er sie mit seiner Rassel trifft, um sie als temporäre Plattformen zu nutzen oder auf Gegner zu werfen.
Bomberman (Japan) (Disk Writer)	Unser Held Bomberman arbeitete in einer Bombenfabrik in einem unterirdischen Labyrinth. Es wurde ihm sehr langweilig, Tag für Tag Bomben zu bauen. Eines Tages erfuhr er von einem Gerücht, das besagte, dass, wenn ein Roboter jemals dem Labyrinth entkommen und die Oberfläche der Welt erreichen könnte, sein Wunsch erfüllt würde und er ein Mensch werden würde. Bomberman ist entschlossen herauszufinden, ob dieses Gerücht wahr ist.
Breeder (Japan)	Zukünftig soll es ein Kolosseum mit automatisierten Kampfrobotern geben. Es wurde geschaffen, damit eine Weltraumzivilisation ihre Kampfmaschinen erforschen und entwickeln kann. Spieler können bis zu acht dieser Metallsoldaten erstellen, um in der Kampfarena gegeneinander zu kämpfen. Für jede Kampfmaschine erhalten die Spieler bis zu 999 Punkte, die sie auf fünfzehn verschiedene Kategorien wie Geschwindigkeit, Geschicklichkeit, Panzerung und Sprungfähigkeiten der Maschine verteilen können. Die Erhöhung jeder Kategorie kostet eine unterschiedliche Anzahl an Punkten.
Bubble Bobble (Japan)	Bubble Bobble ist die Geschichte zweier Menschen, Bub und Bob, die in die mysteriöse Monsterhöhle schlendern und sich auf magische Weise in Drachen verwandeln. Die einzige Möglichkeit, sich zurück zu verwandeln, besteht darin, das Ende der Höhle zu erreichen... Bubble Bobble ist ein Plattformspiel, bei dem jedes Level ein Bildschirm ist. Alle Feinde müssen in einem Level besiegt werden, um zum nächsten zu gelangen. Mit einem Spieler, der Bub kontrolliert und dem anderen, der Bob kontrolliert, kann der Spieler springen und Gegenstände für Punkte (wie Obst) sammeln. Die wahre Kraft, die Bub und Bob haben, ist jedoch die Fähigkeit, Blasen zu blasen. Diese Blasen können als Plattformen dienen, auf die man springen kann, oder man kann Feinde in ihnen fangen. Auf Feinde, die in einer Blase gefangen sind, muss man springen, damit diese zu Früchten werden. Außerdem schweben manchmal Power-Ups in Blasen. Dazu gehören Blitze, die Feinde horizontal treffen, und Wasser, das Spieler und Feinde direkt über Plattformen nach unten spült. Wenn Sie zu lange brauchen, um ein Level zu beenden, wird Baron Von Blubba gerufen, der auf dem Bildschirm herumschwebt und versucht, den Spieler zu zerstören.
BurgerTime (Japan) (Disk Writer)	Sie spielen als Chefkoch Pepper und Ihr Ziel ist es, riesige Hamburger zuzubereiten, während Sie von bösen Eiern, Würstchen und Gurken durch das Spielfeld gejagt werden. Um einen Hamburger richtig zuzubereiten, müssen Sie alle Zutaten zusammenstellen und sie von oben auf den darunter liegenden Burgerbereich fallen lassen. Um dies tatsächlich zu erreichen, müssen Sie Chef Pepper über die Burgerzutaten laufen lassen. Sobald eine Zutat (z. B. ein Stück Salat) betreten wird, fällt diese auf die nächst tiefere Ebene. Herabfallendes Essen zerquetscht jeden Feind, der Ihnen folgt, und lässt auch alle anderen Zutaten darunter weiter nach unten stoßen. Als Notfallverteidigung gegen das feindliche Essen können Sie außerdem Pfefferstreuer sammeln, mit denen Sie eine kleine Pfefferwolke ausstoßen können, die Feinde vorübergehend betäubt und es Ihnen ermöglicht, an ihnen vorbeizugehen.
Chitei Tairiku Ordola (Japan)	Chitei Tairiku Ordola („Underground Continent Ordola“) ist ein Famicom Disk System-Action-Plattformspiel von SunSoft und der dritte Teil ihrer Chinou-Spieleserie, die jeweils das Modell eines bestehenden NES-Spiels (in Ordolas Fall Atlantis no Nazo) übernehmen und Rechenaufgaben hinzufügen Es. In Ordola sind die eigentlichen Mathe-Rätsel auf ein zusätzliches Minispiel auf der Diskette beschränkt. Ziel des Spiels ist es, einem jungen Entdecker dabei zu helfen, durch die unterirdische Welt von Ordola zu reisen und unterwegs Feinde mit seinen Bomben auszuschalten. Die Bomben fliegen in einem bestimmten Bogen, daher muss der Spieler den richtigen Abstand zum Feind haben, um ihn zu treffen. Der Spielercharakter kann sich auch ducken, springen, Leitern erklimmen und andere Fähigkeiten nutzen, die bei Plattformspielen üblich sind.
Cleopatra no Mahou (Japan)	Der Spielercharakter Daisuke Kusano ist der Sohn eines Archäologen, der auf der Suche nach den Tränen der Isis, Artefakten, die einst Kleopatra gehörten, verschwand. Während der Ausgrabungen des Mannes nach den Tränen erschienen Dämonen und entführten ihn. Der Junge erfährt bald, dass er die Tränen finden muss, um seinen Vater zu retten. Im Laufe des Abenteuers besucht Daisuke die Große Sphinx von Gizeh, den Tempel von Kom Ombo, einen Sandturm und ein unterirdisches Labyrinth. Am Ende des Spiels entdeckt er, dass die Dämonen als freundlicher Ladenbesitzer getarnt waren. Daisuke erhält die letzte Träne von Isis, nachdem er die Dämonen besiegt hat, was den Geist von Kleopatra beschwört, die Daisukes Vater aus der Gefangenschaft befreit.
Clu Clu Land (Japan) (En) (Disk Writer)	Clu Clu Land ist ein einzigartiges Puzzlespiel, in dem du eine fischähnliche Kreatur spielst, die die vielen Spielfelder erkunden muss, um Goldbarren zu sammeln, die ein Bild ergeben. Das Spielfeld ist mit Gegnern übersät, die du mit einer Energiewelle wegpusten kannst, um sie für kurze Zeit aus dem Spiel zu nehmen. Du musst dich auch an den Pfosten und Wänden festhalten, um in die Lücken auf dem Spielfeld zu gelangen, was dem Spiel ein Timing-Element verleiht.
Cocona World (Japan)	Du steuerst eine junge Hexe, die durch verschiedene Teile des Königreichs wandert. Es gibt viele tierische Bewohner, mit denen man interagieren kann, von denen einige gut und andere böse sind. Es gibt auch eine Reihe von Aktivitäten und Minispielen. Mit der Zeit wird die Hexe verlangen, dass bestimmte Aktivitäten ausgeführt werden. Werden sie nicht innerhalb einer bestimmten Frist ausgeführt, erhält der Spieler eine Strafe. Mit der Zeit nehmen die Stimmung und die Stärke des Charakters ab. Wenn beide Werte nie wiederhergestellt werden und auf Null fallen, ist das Spiel vorbei. Dieses Spiel wurde nur in Japan veröffentlicht und nie ins Englische übersetzt.
Dandy - Zeuon no Fukkatsu (Japan)	Eine Umsetzung des Atari 8-Bit-Computerspiels Dandy. Obwohl es für das japanische Publikum ziemlich verändert wurde und dem Originalspiel überhaupt nicht ähnelt. Die Ansicht ist von oben und ähnlich wie bei Zelda läuft man herum und erkundet die Gegend, während man mit dem Schwert verschiedene Feinde besiegt. Es gibt verschiedene Dungeons und Dörfer, die Sie besuchen können, und das Spiel verfügt sogar über einen Tag-/Nachtzyklus.
Dead Zone (Japan)	Im Weltraumkalender 0385 leidet die Erde unter Überbevölkerung und die Menschen beginnen, Weltraumkolonien zu errichten. Kirk, der Protagonist von Dead Zone, arbeitet für das Weltraumentwicklungsbüro der Erdföderation. Er ist ein brillanter Ingenieur in der Weltraumphysik und arbeitet für die Kolonie Sirius auf dem dritten Planeten. Er verlobte sich auch mit seiner geliebten Freundin Marry, doch die Hochzeit musste verschoben werden. Fünf Monate später beschließt Kirk, begleitet von seinem Roboter Carry, Marry endlich zu treffen und die Zeremonie vorzubereiten. Doch als er auf der Raumstation ankommt, ist alles ruhig. Dann trifft ihn ein Lichtstrahl. Manchmal wacht er später auf, in einer Art unterirdischem Friedhof, umgeben von Teilen zerlegter Roboter.
Dig Dug (Japan) (Disk Writer)	Dig Dug wurde als Arcade Spiel 1982 von Namco veröffentlicht. Das beliebte Spiel mit einfachen Konzept wurde auf viele Konsolen und Heimcomputer (z. B. FAMICOM) portiert. Dig Dugs Spielziel ist es, höhlenbewohnende Monster zu vernichten. Es gibt zwei Gegner: Pooka und Fygar Der Spieler steuert einen tunnelgrabenden Bergmann, der sein Leben lässt, wenn er von einem Monster erwischt, von Fygars Feuer verbrannt oder von einem herabfallenden Stein erschlagen wird. Man muss viermal mit dem Feuerknopf pumpen, um ein Monster platzen zu lassen. Halb aufgeblasene Monster erholen sich nach einigen Sekunden wieder, sind bis dahin aber gelähmt. Das Spiel läuft in einer Schleife. Der jeweils letzte Feind versucht an der Erdoberfläche links aus dem Bild zu laufen. Der Level wird durch Blumen in der rechten oberen Ecke repräsentiert. In jedem Folgelevel steigen Anzahl und Geschwindigkeit der Gegner.
Dig Dug II (Japan) (Disk Writer)	Dig Dug II ist ein Arcade-Spiel, das 1985 von Namco hergestellt wurde. Die Fortsetzung war nicht so erfolgreich wie der Vorgänger Dig Dug. Der Spieler besitzt dieses Mal eine Pumpe und einen Bohrer. Der Spieler bewegt sich horizontal auf einer Insel, und versucht, Pookas und Fygars auszuweichen. Um die Feinde zu töten kann man entweder Teile der Insel versenken auf dem die Feinde stehen, indem man auf den sog. „fault lines“ mit dem Bohrer bohrt oder indem man die Feinde wie in Dig Dug aufpumpt. Man verliert ein Leben, wenn man von Pookas berührt oder von Fygars Feuer verbrannt wird oder über den Inselrand hinausläuft. Um ein Monster aufzupumpen muss man – wie auch bei Dig Dug – 4 Mal den Feuerknopf drücken. Aufgeblasene Monster werden – wenn man sie nicht lange genug aufgeblasen hat – wieder zu normalen Monstern. Wenn ein Monster jedoch mit einem Inselteil ins Wasser fällt, so ist dieses endgültig tot und kann nicht mehr angreifen. Dasselbe gilt natürlich auch für den Spieler
Dirty Pair - Project Eden (Japan)	Agerna ist ein Planet, der reich an Vizorium ist, dem einzigen für die Raumfahrt notwendigen Mineral. Wenn eine Reihe mysteriöser Angriffe auf Bergbaubetriebe die Regierungen der Welt dazu veranlassen, mit dem Finger auf andere zu zeigen und sich gegenseitig die Schuld zu geben, schickt die World Welfare and Works Association natürlich ihre Top-Agenten zur Untersuchung. Aber sind die freundlichen Engel der Aufgabe gewachsen, einen verrückten Wissenschaftler aufzuhalten, der eine lange ruhende außerirdische Rasse in ihre endgültige evolutionäre Form bringen will? Wenn man einen Dieb hinzufügt, der nach einer Weinflasche aus dem Zweiten Weltkrieg sucht, kann man davon ausgehen, dass niemand auf dem Planeten sicher ist. Es ist chaotischer, noch chaotischer und noch zerstörerischer als je zuvor, während sich das Dirty Pair seinem bisher wildesten Fall stellt!
Donkey Kong (Japan) (Disk Writer)	Du bist Mario und dieser große alte Gorilla, Donkey Kong, ist mit deiner Freundin durchgebrannt. Es liegt an Ihnen, sich die Leitern hinaufzukämpfen und auf den Balken zu balancieren, um Ihre schöne Dame zu retten. Sie wird ganz oben gefangen gehalten. Aber Donkey Kong ist nicht bereit, sie so einfach aufzugeben. Er bewirft dich auf Schritt und Tritt mit Fässern und Feuerbällen. Es liegt an Ihnen, diesen schlauen Affen auszumanövrieren. Viel Glück, deine Dame erwartet dich!
Donkey Kong Jr. (Japan) (Disk Writer)	Mario ist verrückt geworden! Er hat Donkey Kong den Spieß umgedreht und ihn in einen Käfig gesperrt. Als Donkey Kong Jr. liegt es an Ihnen, Ihren Vater zu retten, indem Sie Marios Schlüsselbund stehlen. Aber es wird nicht einfach sein. Sie müssen gegen affenfressende Snapjaws kämpfen, auf bewegliche Inseln springen und einen Dschungel aus Ranken durchbrechen, um an die Schlüssel zu gelangen, die Donkey Kong befreien. Können Sie mit der Aktion umgehen? Denn dieses verrückte Affengeschäft wird Sie in den Wahnsinn treiben!
Doremikko (Japan)	Doremikko ist ein Musikspiel, das von Konami für das Famicom Disk System entwickelt und Ende 1987 veröffentlicht wurde. Wie einige andere Musikspiele dieser Art verfügt es über eine digitale Tastatur, die zum Komponieren und Abspielen von Musik an das Famicom angeschlossen wird. Die im Spiel enthaltene große Tastatur macht Doremikko zum Zeitpunkt seines ursprünglichen Verkaufs zum teuersten Famicom Disk System-Titel. Der Titel des Spiels wird oft fälschlicherweise als „Dreamiko“ übersetzt, soll aber eine Anspielung auf die Namen sein für die ersten drei Noten einer Tonleiter; Do, Re, Mi. Das von Konami entwickelte Spiel enthält tatsächlich eine Mischung aus Gradius-Musik und enthält einen Cameo-Auftritt der Vic Viper auf dem Menübildschirm. Es wurde nur in Japan veröffentlicht und nie in eine andere Sprache übersetzt.
Dr. Chaos - Jigoku no Tobira (Japan)	Dr. Chaos ist ein Side-Scrolling-Action-Adventure, das von Marionette entwickelt und von Pony Canyon veröffentlicht wurde. Der geniale Wissenschaftler Dr. Ginn Chaos ist verschwunden. Vor seinem Verschwinden arbeitete er in seiner großen Villa aktiv an einem Gerät, das den Zugang zu anderen Dimensionen ermöglichte. Nur mit einem Messer bewaffnet, beschließt sein Bruder, nach ihm zu suchen und schließlich das Geheimnis hinter dem Vorfall zu lüften. Offensichtlich ist bei Dr. Chaos' Experiment etwas furchtbar schief gelaufen, und das Ziel des Spiels besteht darin, alle elfdimensionalen Warpzonen zu lokalisieren, die in der Villa verborgen sind, sowie eine mächtige Laserpistole zusammenzubauen, die einzige Waffe, die in der Lage ist, die letzten zu zerstören Chef.
Dracula II - Noroi no Fuuin (Japan)	Die Handlung des Spiels findet sieben Jahre nach dem ursprünglichen Castlevania statt. Der Prolog beginnt, als Simon die Ruhestätte seiner Familie besucht. Sein Rücken ist bei seiner letzten Begegnung mit Dracula im vorherigen Spiel lebensgefährlich verletzt. Plötzlich spürt er die Anwesenheit von jemandem und dreht sich um, um eine junge Frau im Nebel stehen zu sehen. Sie erzählt ihm, dass Dracula während ihres letzten Kampfes einen Fluch auf ihn gelegt hat und dass er nicht mehr lange zu leben hat. Die Frau sagt weiterhin, dass der Fluch rückgängig gemacht werden kann, wenn er Dracula selbst wiederbeleben würde. Sie erklärt weiter, dass Draculas Körper nach seiner Niederlage vor sieben Jahren in 5 verschiedene Teile gespalten wurde und Simon diese zurückholen und zu den Ruinen von Draculas Schloss bringen muss. Dort muss er Dracula versiegeln und besiegen. Bevor sie verschwindet, sagt die unbekannte Frau, dass sie nicht garantieren kann, dass Dracula dadurch dauerhaft zerstört wird.
Druid - Kyoufu no Tobira (Japan)	Druid ist ein Actionspiel, das vom Arcade-Hit Gauntlet inspiriert wurde. Als gleichnamiger Held besteht Ihre Aufgabe darin, vier magische Schädel zu zerstören, die in acht Levels versteckt sind. Das Spiel wird in einer Draufsicht präsentiert. Der Druide läuft durch das Gelände und sucht nach der Treppe, die zur nächsten Ebene führt. Unterwegs wird er von Horden von Monstern belästigt, die aus allen Richtungen auf ihn zukommen, ihn angreifen und seine Gesundheit beeinträchtigen. Um sich zu verteidigen, kann der Druide die Zauber Wasser, Feuer oder Elektrizität nutzen, um Projektile zu werfen. Die Munition dieser magischen Waffen ist jedoch begrenzt.
Egger Land (Japan)	Die Eggerland-Serie ist außerhalb Japans besser als die Abenteuerserie Lolo bekannt. In diesem Eggerland muss Lolo durch eine nichtlineare Reihe von Räumen im Erdgeschoss eines Schlosses navigieren. Viele Räume verfügen über mehr als einen möglichen Ausgang, und eine Karte gibt dem Spieler Auskunft darüber, welche Räume bereits besucht wurden. Es können geheime Eingänge zu versteckten Räumen gefunden werden, die es dem Spieler ermöglichen, das Schloss tiefer zu erkunden.
Egger Land - Souzou e no Tabidachi (Japan) (Disk Writer)	„Souzou he no Tabidach“ könnte als „Aufbruch zur Schöpfung“ übersetzt werden. Wie bereits bei „Revival of the Labyrinth“ ist dies eine treffende Beschreibung des Spiels selbst. Sie verweist auf die Tatsache, dass es den Erstellungsmodus des Originalspiels übernimmt, nachdem er in den beiden vorherigen Teilen aufgegeben wurde. Außerdem ist es mit insgesamt nur fünfzig Rätseln das kürzeste Spiel der Serie. Wenn man bedenkt, dass es bei den Vorgängern alle hundert oder mehr waren, mag das wie ein Problem erscheinen, aber der Schwierigkeitsgrad der Rätsel ist höher als je zuvor.
Electrician (Japan)	Der Spielercharakter ist ein junger Elektriker namens Richard Light. Er muss elektrische Leitungen in Wohnhäusern in verschiedenen amerikanischen Städten installieren. In jedem Gebäude navigiert Richard durch die Versorgungskorridore, um die elektrischen Leitungen zwischen den einzelnen Räumen zu verbinden. Dabei besteht die Gefahr, dass Tiere die Leitungen durchkauen. Wenn eine elektrische Verbindung hergestellt ist, beleuchten die stromführenden Leitungen die angeschlossenen Räume und töten die „feindlichen“ Tiere bei Kontakt durch einen Stromschlag. Wenn Richard eine der Ratten, Fledermäuse oder riesigen Insekten im Korridor berührt, verliert er ein Leben. In den Gebäuden verdient der Spieler Punkte, indem er Räume beleuchtet und Ratten, Fledermäuse und Insekten durch Stromschläge tötet. Gelegentlich taucht ein Einbrecher auf; Wenn man ihn abfängt, erhält der Spieler Bonuspunkte und eine Glocke, die ein 1-Up wert ist.
Esper Dream (Japan)	Dies ist eine Geschichte, die sich in einem Dorf zugetragen hat, das weit von Ihrem Wohnort entfernt ist. Das Dorf war erfüllt von einem schönen, ruhigen und geheimnisvollen Duft, doch die Dorfbewohner wurden von einer unerwarteten Tragödie heimgesucht. Der böse Clan, der Narcisse-Stamm, suchte nach der in unserem Dorf verborgenen Magie. Schlimmer noch, sie haben die Tochter unseres Bürgermeisters, Alice, entführt! Bitte, geh und rette Alice und bringe Frieden in unser Land.
Exciting Baseball (Japan)	Exciting Baseball, ein Baseballsimulator, folgt auf Exciting Billiards und Exciting Basket (im Westen besser bekannt als Double Dribble) in Konamis Sportspielserie für den FDS.
Exciting Basket (Japan)	Exciting Basket (in den USA als Double Dribble bekannt) war ein Basketball-Arcade-Spiel, das 1987 von Konami entwickelt und veröffentlicht wurde. Die Popularität des Spiels verdankt sich vor allem seinen Animationssequenzen, in denen Basketballspieler Slam Dunks ausführen. Spieler können aus einem von vier Teams wählen: Boston, Chicago, Los Angeles und New York. Es gibt keinen Unterschied im Können oder in den Fähigkeiten zwischen den Teams. Da es keine NBA-Lizenz gibt, werden keine Teamnamen oder Spielernamen verwendet, die Teams tragen jedoch die gleiche Farbe wie ihre NBA-Pendants (Boston trägt Grün, Chicago Rot usw.).
Exciting Billiard (Japan)	Es war die erste von Konamis „Exciting Sports“-Reihe, die für das Nintendo Famicom produziert wurde, ähnlich wie Namcos eigenes „Family Sports“-Label. Exciting Billiard bietet Spielern vier Spielmodi. Break Shot ist ein reiner Einzelspielermodus, in dem der Spieler gegen andere Poolspieler um Geld antritt und versucht, genug Geld zu verdienen, um mit steigenden Geldbeträgen bei jeder Wette zu höheren und beeindruckenderen Veranstaltungsorten aufzusteigen. Die verbleibenden drei Modi können mit einem bis vier Spielern gleichzeitig gespielt werden (menschlich oder computergesteuert), wobei der Fortschritt jedes Spielers auf der Festplatte gespeichert werden kann.
Exciting Soccer - Konami Cup (Japan)	Wähle eine Fußballmannschaft aus und schaffe es bis ganz an die Spitze der Liga. Jedes Team verfügt über verschiedene Fähigkeiten welche durch Training verbessert werden können. Gespielt wird in der Vogelperspektive, wobei sich die beiden Tore oben und unten im Spielfeld befinden.
Fairytale (Japan)	Ein Strategiespiel über eine Gruppe von Kindern, die gegen eine Schweinearmee kämpfen, die plötzlich in der Nähe ihres Dorfes aufgetaucht ist. Kinder und Schweine bewegen sich abwechselnd auf einer Karte, bevor sie sich an halbrealen, rundenbasierten Schlachten beteiligen. Ein niedliches, aber überraschend schwieriges Spiel und die neueste Veröffentlichung von Soft Pro International für das Famicom-Festplattensystem.
Falsion (Japan)	Die Menschheit hat die meisten Planeten in unserer Galaxie, der Milchstraße, kolonisiert und versucht nun, ihre Reichweite mit Hilfe einer experimentellen Reisetechnologie namens &quot;Hyperzonenantrieb&quot; zu vergrößern. Doch eine Rasse von Außerirdischen, die diese Technologie bereits beherrscht, überfällt derzeit in rasantem Tempo Planeten und nähert sich unserem Sonnensystem. Die Invasoren greifen die menschliche Kolonie auf Pluto an und erobern sie ohne großen Widerstand, da die menschliche Zivilisation nicht über die Technologie verfügt, sich zu verteidigen. Die für das Raumfahrtprogramm zuständige menschliche Organisation, die &quot;United Space Force&quot;, beschließt, den noch nicht erprobten &quot;Hyperzonen-Antrieb&quot; einzusetzen, um Schiffe zu entsenden, die die Armeen der eindringenden Außerirdischen direkt angreifen sollen. Die neue Technologie erweist sich jedoch als schwer zu kontrollieren, und nur eines der Schiffe überlebt die Reise: Falsion.
Famicom Grand Prix - F1 Race (Japan) (DV 1) (Disk Writer)	Spieler können wählen, ob sie alleine oder mit anderen Autos spielen möchten. Autos verfügen über eine bestimmte Energie- und Treibstoffmenge, die sich jedes Mal verringert, wenn der Spieler gegen eine Wand oder ein anderes Auto prallt, sowie jedes Mal, wenn er von der Straße abkommt. Der Spieler kann einen Boxenstopp einlegen, um Gesundheit und Treibstoff zu regenerieren; Dadurch wird jedoch die Rennzeit verkürzt. Der Gewinn des Hauptpreises belohnt die Spieler mit Münzen (Geld), mit denen versteckte Autos freigeschaltet werden können.
Famicom Grand Prix II - 3D Hot Rally (Japan) (DV 8) (Disk Writer) (Famicom 3D System)	Das zweite Spiel der Famicom Grand Prix-Reihe. Im Gegensatz zu seinem Vorgänger bietet Famicom Grand Prix II eine Blick hinter das Auto, ähnlich wie Outrun und Rad Racer. Anstatt aus einer Handvoll kurzer Strecken zu bestehen, bietet 3D Hot Rally drei lange Strecken, die aus verschiedenen Geländetypen bestehen und das Gefühl eines echten Rallye-Rennens vermitteln. Auf jeder Strecke gibt es mehrere Routen zur Ziellinie, sodass Sie den besten Weg zum Sieg finden müssen. Im Spiel stehen drei Autos zur Auswahl: das schnelle Kattobi-Coupé, der ausgewogene Yonque-Truck oder der robuste Monster-Buggy.
Famicom Mukashibanashi - Shin Onigashima - Kouhen (Japan)	Es war einmal ein älteres Ehepaar, das im Dorf Nagakushi lebte, einem kleinen Dorf weit oben in den Bergen. Das Paar hatte keine Kinder, bis ihnen eines Tages die Betreuung eines kleinen Jungen und Mädchens anvertraut wurde, wie es in einem Traum prophezeit wurde. Die Jahre vergingen, und als die beiden Kinder acht Jahre alt waren, ereignete sich in der westlichen Hauptstadt ein schrecklicher Vorfall. Plötzlich erschien ein böser Drache in der Stadt und verwandelte Menschen in Oni, Oger, die anderen Menschen die Seelen aussaugen. Die Oni rückten bis zum Dorf Nagakushi vor und stahlen dem älteren Paar die Seelen. Glücklicherweise blieben die beiden Kinder unverletzt und machten sich auf die Suche nach der Rettung ihrer Adoptiveltern, ohne zu ahnen, dass dieses Abenteuer das Geheimnis ihrer wahren Herkunft enthüllen würde ...
Famicom Mukashibanashi - Shin Onigashima - Zenpen (Japan) (DV 2, 3) (Disk Writer)	Erster Teil der Shin-Onigashima-Saga. Es war einmal ein älteres Ehepaar, das im Dorf Nagakushi lebte, einem kleinen Dorf in den Bergen. Das Paar hatte keine Kinder, bis ihnen eines Tages ein Junge und ein Mädchen geschenkt wurden. Die Jahre vergehen, und als die beiden Kinder 8 Jahre alt sind, kommt es in der westlichen Hauptstadt zu einem schrecklichen Ereignis. Plötzlich taucht ein böser Drache in der Stadt auf und verwandelt Menschen in Oni, Oger, die die Seelen anderer Menschen aussaugen. Die Oni rückten zum Dorf Nagakushi vor und stahlen die Seelen des Paares. Glücklicherweise blieben beide Kinder unverletzt und machten sich auf die Suche nach der Rettung ihrer Adoptiveltern, ohne zu ahnen, dass dieses Abenteuer das Geheimnis ihrer wahren Herkunft enthüllen würde.
Famicom Mukashibanashi - Yuuyuuki - Kouhen (Japan)	Famicom Mukashibanashi: Yuuyuuki („Famicom Fairy Tales: Yuuyuuki“) ist das zweite von zwei Textabenteuerspielen der Famicom Mukashibanashi-Reihe, die von Pax Softnica und Nintendo selbst für das Famicom Disk System-Peripheriegerät entwickelt wurden. Es weist viele Gemeinsamkeiten mit seinem Vorgänger Shin Onigashima auf: Beide Spiele erforderten zwei Disketten, die separat veröffentlicht wurden, beide verfügen über eine innovative „Hauptcharakterwechsel“-Funktion, die es dem Spieler ermöglicht, zwischen zwei spielbaren Charakteren zu wechseln, und beide basieren auf alter fernöstlicher Literatur. Im Fall von Yuuyuuki handelt es sich bei der Literatur um den alten chinesischen Roman „Reise in den Westen“.
Famicom Mukashibanashi - Yuuyuuki - Zenpen (Japan)	Famicom Mukashibanashi: Yuuyuuki („Famicom Fairy Tales: Yuuyuuki“) ist das zweite von zwei Textabenteuerspielen der Famicom Mukashibanashi-Reihe, die von Pax Softnica und Nintendo selbst für das Famicom Disk System-Peripheriegerät entwickelt wurden. Es weist viele Gemeinsamkeiten mit seinem Vorgänger Shin Onigashima auf: Beide Spiele erforderten zwei Disketten, die separat veröffentlicht wurden, beide verfügen über eine innovative „Hauptcharakterwechsel“-Funktion, die es dem Spieler ermöglicht, zwischen zwei spielbaren Charakteren zu wechseln, und beide basieren auf alter fernöstlicher Literatur. Im Fall von Yuuyuuki handelt es sich bei der Literatur um den alten chinesischen Roman „Reise in den Westen“.
Famicom Tantei Club - Kieta Koukeisha - Kouhen (Japan)	Die Geschichte beginnt damit, dass ein Mann namens „Amachi“ den gefallenen Protagonisten auf dem Boden in der Nähe einer Klippe entdeckt. Er stellt fest, dass er sein Gedächtnis verloren hat, und nachdem er sich erholt hat, besucht er die Klippe erneut und trifft ein junges Mädchen namens Ayumi Tachibana. Von Ayumi erfährt er, dass er als Hilfsdetektiv den Tod von Kiku Ayashiro untersucht, und macht sich auf den Weg zum nahegelegenen Ayashiro-Anwesen im Dorf Myoujin. Die Familie Ayashiro besitzt ein riesiges Grundstück, das von Generation zu Generation weitergegeben wird, aber im Dorf gibt es ein seltsames Sprichwort, dass die Toten wieder zum Leben erweckt werden, um jeden zu töten, der versucht, den Schatz der Familie Ayashiro zu stehlen. Während Amachi den mysteriösen Tod von Kiku Ayashiro untersucht, entdeckt er den erschreckenden Zusammenhang zwischen diesem Sprichwort und den stattfindenden Serienmorden.
Famicom Tantei Club - Kieta Koukeisha - Zenpen (Japan) (DV 1, 3)	Die Geschichte beginnt damit, dass ein Mann namens „Amachi“ den gefallenen Protagonisten auf dem Boden in der Nähe einer Klippe entdeckt. Der Protagonist stellt fest, dass er sein Gedächtnis verloren hat, und nachdem er sich erholt hat, besucht er die Klippe erneut und trifft ein junges Mädchen namens Ayumi Tachibana. Von Ayumi erfährt er, dass er als Hilfsdetektiv den Tod von Kiku Ayashiro untersucht, und macht sich auf den Weg zum nahegelegenen Ayashiro-Anwesen im Dorf Myoujin. Die Familie Ayashiro besitzt ein riesiges Grundstück, das von Generation zu Generation weitergegeben wird, aber im Dorf gibt es ein seltsames Sprichwort, dass die Toten wieder zum Leben erweckt werden, um jeden zu töten, der versucht, den Schatz der Familie Ayashiro zu stehlen. Während der Protagonist den mysteriösen Tod von Kiku Ayashiro untersucht, entdeckt er den erschreckenden Zusammenhang zwischen diesem Sprichwort und den stattfindenden Serienmorden.
Famicom Tantei Club Part II - Ushiro ni Tatsu Shoujo - Kouhen (Japan) (DV 3, 4)	Ushiro ni Tatsu Shojo ist der Nachfolger und ein Prequel von Famicom Tantei Club: Kieta Kokeisha und das zweite Spiel der Famicom Tantei Club-Reihe. Die Popularität von Teil I: Kieta Kokeisha veranlasste die Veröffentlichung dieser Fortsetzung, die ein ähnliches Grafik-Adventure-Gameplay nutzte. Das Spiel wurde 1998 beim Nintendo Power-Cartridge-Rewriting-Service für das Super Famicom mit verbesserter Grafik und verbessertem Sound erneut veröffentlicht. Das Ziel besteht darin, zwei Fälle zu lösen; der Mord an einer Schülerin, die die Geistergeschichte ihrer Schule untersucht, und ein älterer Mord, der kurz vor dem Ablauf der gesetzlichen Frist steht. Wie beim vorherigen Spiel der Serie schreitet das Spiel voran, indem der Spieler aus einer Reihe von Befehlen auswählt, die in einem Menü angezeigt werden. Diese Befehle werden verwendet, um mit anderen Charakteren und der Spielumgebung zu interagieren, Hinweise zu untersuchen oder Fakten zu überprüfen.
Famicom Tantei Club Part II - Ushiro ni Tatsu Shoujo - Zenpen (Japan)	Ushiro ni Tatsu Shojo ist das zweite Spiel der Famicom Tantei Club-Serie. Das Prequel zu Famicoms Tantei Club: Kieta Kokeisha. Es wurde von Nagihiro Asama nach dem Konzept von Yoshio Sakamoto geschrieben. Kenji Yamamoto komponierte die Spielemusik. Die Popularität von Teil I: Kieta Kokeisha veranlasste die Veröffentlichung dieses Spiels, bei dem das ähnliche Grafik-Adventure-Gameplay zum Einsatz kam. Das Spiel wurde 1998 im Rahmen des Nintendo Power Cartridge Rewriting-Dienstes für das Super Famicom mit verbesserter Grafik und verbessertem Sound neu veröffentlicht.
Family Composer (Japan) (Disk Writer)	Family Composer wurde von demselben Team entwickelt, das Anfang desselben Jahres Ikinari Musician für das Famicom entwickelt hatte. Wie Ikinari Musician handelt es sich nicht wirklich um ein Spiel, sondern eher um einen Musiksimulator. Im Gegensatz zu Ikinari Musician gibt Family Composer den Spielern mehr Kontrolle über die gespielte Musik und ermöglicht ihnen sogar das Komponieren neuer Songs und das Aufzeichnen der Kompositionen auf Festplatte. In vielerlei Hinsicht kann es als Vorläufer der Musikkompositionsfunktion von Mario Paint angesehen werden.
Famimaga Disk Vol. 1 - Hong Kong (Japan)	Hongkong ist eine Variante von Shanghai, bei der die Spieler Spielsteine ​​eines bestimmten Musters entfernen müssen. Der Spieler kann wählen, welches Muster (von Pyramiden und Sanduhren bis hin zu komplexeren Designs) er die Kacheln zeichnen möchte, und einen dreibuchstabigen Code eingeben, der mehrere tausend mögliche Kombinationen von Kacheln bietet.
Famimaga Disk Vol. 2 - Panic Space (Japan) (Disk Writer)	Panic Space oder Famimaga Disk Vol. 2 Panic Space ist ein Puzzlespiel, bei dem das Ziel darin besteht, einen Laser auf eine Ausgangsplatte zu reflektieren, um den Weg zur nächsten Stufe zu ebnen. Der Laser kann keine der umgebenden Wände der Bühne treffen. Andernfalls würde das Level explodieren und der Spieler ein Leben verlieren (zu Beginn sind es fünf; diese Zahl kann jedoch im Laufe des Spiels erhöht werden). In den meisten Fällen müssen die verschiedenen Reflektoren (die den Strahl in einem 90-Grad-Winkel aussenden) und Blöcke (die den Laser einfach anhalten) an ihren Platz gebracht werden, bevor der Laser an ihnen getestet werden soll.
Famimaga Disk Vol. 3 - All 1 (Japan) (Disk Writer)	All One oder Famimaga Disk Vol. 3 All One ist ein Puzzlespiel, bei dem der Spieler einen Marienkäfer steuert, der über Würfel schiebt. Das Ziel jeder Stufe besteht darin, alle Würfel auf die Seite zu schieben, sodass ihre „eine“ Seite nach oben zeigt. Der Spieler erhält ein kleineres Sichtfenster aus der Sicht des Marienkäfers aus der ersten Person, damit er die Seiten jedes Würfels sehen und seine Strategie planen kann.
Famimaga Disk Vol. 4 - Clocks (Japan) (Disk Writer)	Clox oder Famimaga Disk Vol. 4 Clox ist ein Puzzlespiel mit fallenden Blöcken, das oberflächlich betrachtet Tetris oder Columns ähnelt. Einzelne Zifferblätter, die einen von vier Winkeln darstellen, fallen von oben herab und der Spieler muss sie manipulieren und platzieren, damit sie größere Objekte bilden können, etwa einfache Formationen wie Quadrate, Rauten und Sanduhrformen bis hin zu objektintensiveren Formen wie Achtecken und Sechsecken.
Famimaga Disk Vol. 5 - Puyo Puyo (Japan) (Disk Writer)	Puyo Puyo ist der erste Teil der Puyo Puyo-Reihe von Compile. Es wurde am 25. Oktober 1991 auf dem MSX- und Famicom-Disk-System veröffentlicht; Die FDS-Version wurde von Tokuma Shoten als Teil ihrer „Famimaga Disk“-Spielereihe veröffentlicht. Die FDS-Version wurde später im Jahr 1993 auf einem Famicom-Wagen veröffentlicht. Puyo Puyo sollte von einem viel populäreren Arcade-Spiel mit demselben Namen abgelöst werden.
Famimaga Disk Vol. 6 - Janken Disk Jou (Japan) (Disk Writer)	Janken Disk Jou ist ein Puzzlespiel, in dem der Protagonist (der eine verblüffende Ähnlichkeit mit Disk-kun, dem Maskottchen des Famicom Disk Systems) hat, sich einem Labyrinth aus Rätseln stellen muss. In jedem Raum gibt es drei Variationen handförmiger Blöcke zwischen dem Helden und dem Ausgang: Jeder macht entweder die Scherengeste, die Steingeste oder die Papiergeste. Das Schieben eines Blocks neben einen anderen Block anderer Art führt dazu, dass alles Untergeordnete verschwindet (z. B. Papier und Stein, Stein ist das Untergeordnete). Darüber hinaus hat jeder Block eine „Stärke“, die durch seine Farbe angezeigt wird: Grün ist Level 1, Gelb ist Level 2 und Rot ist Level 3.
Final Command - Akai Yousai (Japan)	Ihre Waffenbrüder sind Geiseln hinter den feindlichen Linien und Sie sind ihre einzige Hoffnung auf Freiheit. Aber die Feuerkraft, mit der Sie konfrontiert werden, um sie zu retten, ist großartig. Kanonen, Panzer, U-Boote und Scharfschützen werden Sie mit schrecklichem Kreuzfeuer beschießen, während Düsenjäger von oben auf Sie zielen. Um sich zu verteidigen, steuern Sie den fortschrittlichen Gelände-Angriffsjeep der Armee mit seinem Arsenal an Lenkraketen und Brandgranaten. Natürlich handelt es sich lediglich um Werkzeuge, und um Ihre Landsleute zu retten, benötigen Sie mehr als eine Handvoll Schießpulver. Du brauchst eine Tasche voller Wunder und die Wildheit eines wilden Schakals!
Fire Bam (Japan)	Bam ist ein fünfzehnjähriger mutiger Junge. Wie jeder Junge in seinem Alter muss Bam die Prüfung des Dorfes bestehen und einen Insektenpanzer aus dem Wald zurückbringen. Doch als er zurückkommt, ist zu seiner Überraschung der größte Teil des Dorfes zerstört und seine Eltern haben sich in Dämonen verwandelt. Mit seinem Schwert bewaffnet macht sich Bam auf die Suche nach dem Schicksal des Dorfes und seiner Eltern.
Fire Rock (Japan)	Fire Rock ist ein Actionspiel, das von System Sacom für das Famicom Disk System entwickelt und 1988 von Use in Japan veröffentlicht wurde. Das Design des Spiels geht auf Mark Flint zurück. Im Spiel steuert der Spieler einen scheinbaren Höhlenmenschen, dessen Ziel es ist, durch eine Reihe von mit Gegenständen gefüllten Höhlen zu navigieren, um den Boss des Levels zu finden, ihn zu besiegen und dann die Tür zu finden, die zum nächsten Level führt Ebene. Das Spiel weist häufig eine sehr schlechte Steuerung auf, sodass der Spieler sich häufig an einer Wand festhalten und diese sehr langsam erklimmen muss, indem er sie gedrückt hält und wiederholt auf „Sprung“ tippt. Zu den weiteren Problemen gehören ein sehr niedriger Sprung, der mehr Plattformen und Gegenstände außer Reichweite bringt, und die Schwierigkeit, den Charakter wieder unter Kontrolle zu bringen, wenn er auszurutschen beginnt. Dieses Spiel wurde nicht außerhalb Japans veröffentlicht.
Fuuun Shourin Ken (Japan)	In Fuuun Shourin Ken steuern Sie einen aufstrebenden Kampfkünstler, der danach strebt, andere große Kämpfer zu besiegen. Um dies zu erreichen, müssen Sie ein breites Spektrum an Angriffen einsetzen, um Ihren Gegner zu besiegen, bevor er Sie als Erster bewusstlos macht. Sie treten in sechs verschiedenen Szenen gegen 13 verschiedene Gegner an. Das Spiel orientiert sich an Yie Ar Kung-Fu und ist nur ein paar Monate älter als das ursprüngliche Street Fighter. Es verfügt über ähnliche Konzepte wie die Unterscheidung zwischen Schlag- und Trittangriffen, relative Richtungen und eine Gesundheitsleiste für jeden Kämpfer, dargestellt als eine Reihe von Papierfächern.
Fuuun Shourin Ken - Ankoku no Maou (Japan) (Famicom 3D System)	Fuuun Shourin Ken: Ankoku no Maou ist die Fortsetzung von Fuuun Shourin Ken, das fast genau ein Jahr zuvor veröffentlicht wurde. Wie sein Vorgänger verfügt es über Konzepte wie die Unterscheidung zwischen Schlag- und Trittangriffen, relative Richtungen und eine Gesundheitsanzeige für jeden Kämpfer. Ankoku no Maou kombinierte den Einzelkampfaspekt des Spiels mit einer Visual Novel-Präsentation, die es Ihnen ermöglichte, Ihren nächsten Gegner auszuwählen. Außerdem wurde das Steuerungsschema etwas konventioneller gestaltet.
Galaga (Japan) (Disk Writer)	Galaga ist ein vertikaler Arcade-Shooter von Namco. Sie steuern einen Raumjäger am unteren Bildschirmrand und scrollen nach links und rechts, um entgegenkommende Bomben und Kamikaze-Angriffe von außerirdischen Invasoren zu vermeiden - und um Ihre eigenen Raketen abzufeuern, um sich zu wehren! Es gibt unendlich viele Stufen, die durchlaufen werden müssen. Jedes dritte Level ist eine &quot;Herausforderungsphase&quot;, in der Sie die Chance haben, so viele Aliens wie möglich zu erschießen und Bonuspunkte zu sammeln. Bestimmte Aliens haben Traktorstrahlen, mit denen sie eines Ihrer Schiffe erobern können. Wenn das nicht dein letztes &quot;Leben&quot; war, kannst du versuchen, dieses Alien abzuschießen und dein Schiff zurückzuerobern, sodaß du zwei Schiffe gleichzeitig hast und deine Feuerkraft verdoppelst. Nach Spielende wird ein Zusammenfassungsbildschirm angezeigt, in dem Sie sowohl Ihre endgültige Punktzahl als auch Ihre endgültige &quot;Trefferquote&quot; angeben - die Anzahl der abgefeuerten Raketen, die zerstörten Feinde und den Prozentsatz der getroffenen Ziele.
Galaxian (Japan) (Disk Writer)	Das Gameplay ist relativ einfach. Ein Schwarm außerirdischer Armeen greift das Schiff des Spielers an, das sich am unteren Rand des umlaufenden Bildschirms nach links und rechts bewegt. Das Schiff kann immer nur eine Aufnahme auf dem Bildschirm haben. Der Spieler besiegt einen Schwarm, nur um ihn in der nächsten Phase durch einen anderen, aggressiveren und herausfordernderen Schwarm zu ersetzen. Im Hintergrund rollt ein schlichtes und sich wiederholendes Sternenfeld.
Gall Force - Eternal Story (Japan)	Gall Force ist ein Videospiel, das auf dem gleichnamigen Anime basiert. Dies ist das einzige Spiel, das rund um die Gall Force-Reihe entwickelt wurde. Ein galaktischer Krieg tobte schon zu lange zwischen den Solnoiden und den Paranoiden. Das Spiel dreht sich um Dreharbeiten und folgt einer anderen Geschichte als die der OAV. Die Hauptfigur ist Rabby, die durch Terra und sechs verschiedene Regionen des Weltraums fliegt, um jedes ihrer Besatzungsmitglieder zu retten. Mit jedem gespeicherten Besatzungsmitglied erhalten Sie Zugriff auf eine neue Funktion für Ihr Boot.
German Tanteidan MarinGumi - Maruhi Jigomar Sousa File (Japan)	Jaaman Tanteidan: Matonarikumi (auch bekannt als Jaaman Tanteidan Marine Kumi: Maruhi Jigoma Sousa File) ist ein Abenteuerspiel von Bandai, das die Lizenz einer TV-Show nutzt, die auch die Grundlage für Bandais früheres Actionspiel Omoikkiri Tanteidan Haado Gumi: Matenrou no Chousenjou war . In beiden Spielen sind Detektivteams von Schulkindern dabei, einen schwer fassbaren Dieb mit Maske und Umhang zu jagen. Das Spiel folgt einem Subgenre japanischer Abenteuerspiele, die eine Weltkarte im Top-Down-RPG-Stil beinhalten, auf der man herumlaufen kann, statt sie nur auszuwählen Ziele aus einem Menü auswählen. Ansonsten ähnelt das Spiel anderen von NES Portopia/Tantei Club abgeleiteten Detektiv-Abenteuerspielen. Um fortzufahren, muss der Spieler nach Hinweisen suchen, mit Zeugen und Verdächtigen sprechen und inventarbasierte Rätsel lösen.
Ginga Denshou - Galaxy Odyssey (Japan)	Als Pilot eines Schiffes können Sie an verschiedenen Dungeoneingängen andocken und mit einem Bodenshuttle die Gegend erkunden. Das Erkunden ist zunächst nicht einfach, da einem schnell der Sauerstoff ausgeht (man beginnt mit drei Balken). Um das Spiel zu gewinnen, müssen Sie die notwendigen Medikamente für die leidenden Menschen in Ihrer Heimatregion finden. Dazu müssen Sie Teleportationscodes sammeln und Alien-Codes übersetzen. Der Spieltext ist auf Japanisch und wurde nie in eine andere Sprache übersetzt.
Gokuraku Yuugi - Game Tengoku (Japan)	Diese Zusammenstellung von Karten- und Brettspielen auf dem Famicom Disk System umfasst 8 nicht so häufige Spiele und Abweichungen vom üblichen Spiel, wie der Name vermuten lässt. Blättern Sie im Hauptmenü mit der Links- und Rechts-Taste durch die Spiele. Drücken Sie START, um ein Spiel zu beginnen. Manchmal werden Sie zunächst aufgefordert, die Anzahl der Spieler auszuwählen, die Sie mit der A-Taste bestätigen können.
Golf (Japan) (Rev 2) (Possible Proto)	Der Golfer ist ein Mann mit Schnurrbart, der Mario ähnelt. Der Benutzer muss zunächst entscheiden, ob er ein Einzel- oder Zweispielerspiel oder ein Eins-gegen-Eins-Spiel spielt. Der Benutzer wird dann am Abschlag des ersten von achtzehn Löchern platziert.
Golf (Japan)	Der Golfer ist ein Mann mit Schnurrbart, der Mario ähnelt. Der Benutzer muss zunächst entscheiden, ob er ein Einzel- oder Zweispielerspiel oder ein Eins-gegen-Eins-Spiel spielt. Der Benutzer wird dann am Abschlag des ersten von achtzehn Löchern platziert.
Golf - Japan Course (Japan) (DV 2)	Der Spieler kann die Kontrolle über die Nintendo-Maskottchen Mario und Luigi übernehmen und auf Kursen spielen, die von echten Kursen in Japan inspiriert sind. Der Spieler kann zwischen Lochspiel und Zählspiel wählen. Beim Matchplay versuchen zwei Golfer, die meisten Löcher zu gewinnen. Sie gewinnen Löcher, indem sie eine bessere Punktzahl als ihr Konkurrent erzielen. Das Zählspiel ist anders, da der Spieler lediglich durch das Abschließen jedes Lochs das bestmögliche Ergebnis erzielen muss.
Golf - US Course (Japan) (DV 2) (Disk Writer)	Mario und Luigi gehen und gehen zum Hole-in-One! Die Strecken im Spiel basieren auf realen Strecken in den Vereinigten Staaten. Diese Version des Spiels bot den Spielern die Möglichkeit, ihre Punktzahl über einen FAX-Dienst zu senden. Es fand ein Wettbewerb statt und die ersten 100 Gewinner erhielten zu Hause eine Plakette mit ihrem Namen sowie eine spezielle Version des Spiels auf einer goldenen Diskette mit dem Titel „Golf: Special Course“. Weitere 9.900 goldene Disketten wurden ohne Plakette verschenkt, die Umstände ihrer Spende sind jedoch unbekannt. Das Spiel ähnelt in etwa dem Spiel „Golf: US Course“, ist jedoch schwieriger.
Goonies (Japan) (Disk Writer)	„The Goonies“ basiert in gewisser Weise auf dem gleichnamigen Film, in dem ein Junge namens Mikey und seine Freunde gerade noch rechtzeitig den Schatz eines Piraten entdecken, um ihre Heimatstadt vor dem Aufkauf durch gierige Entwickler zu retten. Während das Spiel einige Aspekte des Films übernimmt, kommt es zu einer deutlich anderen Handlung: Mikeys Bande wird von der Familie Frateli gefangen genommen. Mikey muss sie retten, indem er Dungeons erkundet. Insgesamt gibt es sechs Level. Power-Ups und Diamanten sind versteckt. Nachdem der Spieler die Stufen des ersten Schwierigkeitsgrades abgeschlossen hat, betritt er den zweiten Level. Über das Spiel verteilt sind viele Geheimnisse verstreut.
Green Beret (Japan)	Basierend auf dem gleichnamigen Arcade-Spiel wurde das Ziel des Spielers in der FDS-Version von der Rettung von Gefangenen zur Zerstörung einer Geheimwaffe geändert, die im Hauptquartier des Feindes entwickelt wurde. Außerdem wurde ein 2-Spieler-Kooperationsmodus eingeführt, der es zwei Spielern erlaubt, gleichzeitig zu spielen. Die Spielmechanik ist im Wesentlichen identisch mit der Arcade-Version, allerdings wurde der Flammenwerfer entfernt und es wurden zwei neue Power-Up-Gegenstände eingeführt: ein Sternzeichen, das Unbesiegbarkeit gewährt, und eine Pistole mit unbegrenzter Munition, die beide nur für eine begrenzte Zeit nutzbar sind. Die FDS-Version enthält außerdem zwei zusätzliche Abschnitte, die im Arcade-Spiel nicht enthalten waren: einen Flughafen zwischen der Raketenbasis und dem Hafen, wo der Spieler am Ende gegen eine Gruppe von Raketensoldaten antritt, und einen neuen Endabschnitt innerhalb der gegnerischen Basis, in dem der Spieler am Ende eine Atomrakete entschärfen muss, die kurz vor dem Abschuss steht, indem er von feindlichen Soldaten abgeworfene Raketenwerfer benutzt.
Gun.Smoke (Japan)	Gun.Smoke von Capcom führt uns zurück in die Tage des Goldrausches, in eine geschäftige kleine Bergbaustadt im Wilden Westen. Skrupellose goldstehlende Banditen terrorisieren die Menschen in der Stadt und es liegt an dir, sie aufzuhalten! Die Ganoven sind berühmte Killer und du musst sie zu einem Duell herausfordern. Obwohl deine Schießkünste legendär sind, könnte dies der schwierigste High Noon sein, dem du begegnen kannst. Aber du musst dich wehren, diese Stadt ist nicht groß genug für dich und sie!
Gyruss (Japan)	Gyruss ist ein von Yoshiki Okamoto entwickeltes und 1983 von Konami veröffentlichtes Shoot 'em up Arcade-Spiel. Die meisten Gegner sind Raumschiffe, die zerstört werden müssen, um ein Level zu beenden. Sie erscheinen entweder aus der Mitte des Bildschirms oder von einem der Ränder aus und bewegen sich in wirbelnden Mustern. Sie können auf das Schiff des Spielers schießen oder es durch Berührung zerstören. Sie schweben in der Nähe der Mitte des Bildschirms, nachdem sie ihr Entfaltungsmuster beendet haben, und fliegen gelegentlich nach außen und schießen auf den Spieler. Wenn sie nicht vom Spieler zerstört werden, fliegen die feindlichen Schiffe eines nach dem anderen davon.
Halley Wars (Japan)	Halley Wars ist ein vertikal scrollender Shooter. Das Spiel verfügt über 6 Level, die an Orten wie über Planeten oder in Asteroidenfeldern stattfinden. Am Ende jedes Levels gibt es einen Boss, jeder mit seinen eigenen Schwächen. Es gibt Power-Ups, die Sie erhalten, wenn Sie Asteroiden oder Satelliten zerstören. Diese verbessern deine Waffe, deine Geschwindigkeit oder verleihen dir einen Schild.
Hao-kun no Fushigi na Tabi (Japan)	Als mein Lehrling hast du lange gelernt, um die Geheimnisse der Magie zu meistern. Jetzt ist es an der Zeit, sich zu beweisen. Auf der Suche nach vier magischen Talismane müssen Sie zu den vier geheimnisvollen Schlössern reisen. Unterwegs werden Sie vielen Gefahren begegnen: Die Burgen sind voller unterirdischer Gänge und komplizierter Labyrinthe, in denen Sie sich möglicherweise für immer verlaufen! Und seltsame Kreaturen streifen durch die Burgen und sind bereit, sich auf Sie zu stürzen, wenn Sie es am wenigsten erwarten! Aber unterwegs werden Sie auf verborgene magische Kräfte stoßen, die Ihnen auf dieser geheimnisvollen Reise helfen. Die magischen Talismane, die Sie suchen, sind die größten Gaben, die der Mensch kennt: Reichtum, Weisheit, Glück und Frieden. Gehen Sie jetzt, schließen Sie Ihre Quest ab und beweisen Sie, dass Sie ein ebenso großer Zauberer sind wie ich!
Hikari Shinwa - Palthena no Kagami (Japan)	Weit entfernt, in einem Königreich namens „Engelland“, stahl die böse Göttin Medusa die drei heiligen Schätze und sperrte die Göttin des Lichts, Palutena, ein. Als Kid Icarus besteht Ihre Mission darin, die Schätze zu finden, Medusa zu zerstören und Palutena aus den Tiefen des Palastes im Himmel zu retten. Um die Schätze zu finden, reisen Sie durch die Ruinen und sammeln Waffen und Energie, um sie im Kampf gegen die Kreaturen von Medusas Armee einzusetzen. Benutze Pfeil und Bogen, um die Wächter der Unterwelt, der Oberwelt und der Himmelswelt abzuwehren, während du gegen Medusa kämpfst. Wirst du überleben, um Palutenas Licht wiederherzustellen und es ins „Land der Engel“ zurückzubringen?
Hikaru Genji - Roller Panic (Japan)	Ein Text-Abenteuerspiel, bei dem Ihr Ziel darin besteht, alle sieben Bandmitglieder mit Rollschuhen auszustatten, um den großen Auftritt in der Arena zu bestreiten.
I Am a Teacher - Super Mario no Sweater (Japan)	„I Am a Teacher: Super Mario Sweater“ wurde als Nähsimulator konzipiert. Die Spieler konnten Pullover entwerfen und dabei Bilder berühmter Charaktere wie Mario, Luigi, Peach und Bowser hinzufügen. Es wurde von Royal Industries Co. Ltd., einem japanischen Geräte- und Nähmaschinenhersteller, entwickelt. Royal Industries Co. Ltd. erkannte, dass sie von einem Pullover-Designprogramm profitieren konnten, was zur Entwicklung dieses Spiels führte.
I Am a Teacher - Teami no Kiso (Japan)	„I Am A Teacher: Teami no Kiso“ (ungefähr „Ich bin ein Lehrer: Grundlagen des Handstrickens“) ist ein Lehrmittel, das zukünftigen Strickern dabei hilft, ihre eigene Kleidung zu kreieren. Der Benutzer kann die Menge, Länge und Art der Wolle sowie die Größe und Art des Artikels eingeben, den er erstellen möchte, und das Programm stellt einen Leitfaden zusammen, der ihm dabei hilft, dieses Ziel zu erreichen.
Ice Climber (Japan) (En) (Disk Writer)	Erobern Sie schroffe Gipfel, überqueren Sie eisige Schluchten und schlagen Sie Schneekreaturen nieder, allein oder zu zweit in „Ice Climber“. Brechen Sie mit Ihrem Hammer die Eisblöcke auf, verteidigen Sie sich und springen Sie von Level zu Level, bis Sie die Spitze erreichen. Durchqueren Sie das achte Level, um die Bonusstufe zu erreichen, sammeln Sie dann so viel Gemüse wie möglich und fliegen Sie mit einem Ihrer Kondorfreunde in die Luft.
Ice Hockey (Japan)	Das Gameplay von Eishockey ähnelt dem Eishockey im echten Leben. Teams bestehen aus fünf Spielern inklusive Torwart, im echten Leben sind es sechs. Jedes Spiel besteht aus drei Spielabschnitten. Es gibt drei Spielertypen: Der erste ist schnell und gut im Zweikampf; Der Zweite ist in allen Bereichen durchschnittlich und der Dritte ist langsam und schlecht im Zweikampf, aber sehr kraftvoll.
Idol Hotline - Nakayama Miho no Tokimeki High School (Japan) (DV 11) (Disk Writer)	Der Spieler betritt die Tokimeki High School und trifft dort auf ein junges Mädchen. Wenn es sich bei dem Spiel um ein Standard-Textabenteuerspiel ähnlich der Famicom Tantei Club-Serie handelt, muss der Spieler in wichtigen Szenen zusätzlich zu einer verbalen Reaktion einen Gesichtsausdruck wählen. Die vier Ausdrücke ( ernstes Gesicht, Lachen, Traurigkeit, Wut) müssen mit dem Inhalt der gegebenen Antwort übereinstimmen und alle falschen Antworten führen sofort zum „Game Over“-Bildschirm. Dies erhöht den Schwierigkeitsgrad des Spiels im Vergleich zu anderen Textabenteuerspielen, bei denen es weniger falsche Entscheidungen gab. Das Spiel hat zwei verschiedene Enden, abhängig von den Entscheidungen, die während des Spiels getroffen werden.
Idol Hotline - Nakayama Miho no Tokimeki High School (Japan) (DV 13) (Disk Writer)	Der Spieler betritt die Tokimeki High School und trifft dort auf ein junges Mädchen. Wenn es sich bei dem Spiel um ein Standard-Textabenteuerspiel ähnlich der Famicom Tantei Club-Serie handelt, muss der Spieler in wichtigen Szenen zusätzlich zu einer verbalen Reaktion einen Gesichtsausdruck wählen. Die vier Ausdrücke ( ernstes Gesicht, Lachen, Traurigkeit, Wut) müssen mit dem Inhalt der gegebenen Antwort übereinstimmen und alle falschen Antworten führen sofort zum „Game Over“-Bildschirm. Dies erhöht den Schwierigkeitsgrad des Spiels im Vergleich zu anderen Textabenteuerspielen, bei denen es weniger falsche Entscheidungen gab. Das Spiel hat zwei verschiedene Enden, abhängig von den Entscheidungen, die während des Spiels getroffen werden.
Igo - Kyuu Roban Taikyoku (Japan)	Igo: Kyuu Roban Taikyoku ist der erste echte Versuch, ein japanisches Brettspiel auf eine Heimkonsole zu portieren. Das Spiel Go wird traditionell auf einem 19 × 19-Raster gespielt, aber die Permutationen der Möglichkeiten würden für den Prozessor der Konsole zu viel Zeit in Anspruch nehmen, weshalb die Spielfeldgröße deutlich auf ein 9 × 9-Raster reduziert wurde. Das Spiel verfügt auch über einen Unterrichtsmodus , in dem Ninjas dem Spieler die Spielregeln beibringen.
Ishidou (Japan) (Disk Writer)	Bei Ishido, dem alten und komplexen Spiel, müssen Sie Steine ​​auf einem Brett platzieren. Es erfordert viel Geschick und Konzentration, aber wenn Sie das Geheimnis des Orakels lüften können, wird Ihnen seine Weisheit helfen!
Jikai Shounen Met Mag (Japan)	Der Spieler muss jede Stufe absolvieren und jede Kugel einsammeln, um voranzukommen. Jede Kugel kann die Polarität des Zeichens von Rot nach Blau und umgekehrt ändern. Jede Stufe ist mit blauen und roten Pfeilen übersät: Da sie die gleiche Farbe wie diese Pfeile haben, wird der Spielercharakter magnetisiert, was je nach Richtung, in die der Pfeil zeigt, unterschiedliche Auswirkungen hat: Beispielsweise drückt ein nach unten gerichteter Pfeil den Spieler zu Boden Wenn sie die umgekehrte Farbe haben, kann ein gleichfarbiger Charakter darüber schweben, da die Blöcke sie hochhalten. Umgekehrt ermöglicht ein nach oben zeigender Pfeil Spielern der entgegengesetzten Farbe, viel höher vom Pfeil zu springen, eliminiert jedoch die Sprungkraft eines gleichfarbigen Charakters fast vollständig, da er sie nach unten zieht.
Kaettekita Mario Bros. (Japan) (Disk Writer)	Kaettekita Mario Bros. (&quot;Die Rückkehr der Mario Bros.) ist ein überarbeitetes Rerelease der NES-Version von Mario Bros. Es fügt dem Spiel eine verbesserte Steuerung, Zwischenszenen und die Möglichkeit den Highscore zu speichern hinzu.
Kalin no Tsurugi (Japan)	Im einst friedlichen Land Alitania sind Monster aufgetaucht und die Menschen haben Angst. Die Befehle des Königs sind an dich gerichtet, den tapfersten Ritter Alitanias. Es ist möglich, das Land mit Gladrifs Magie zu retten, aber er ist verschwunden. Deshalb möchte ich, dass Sie danach suchen! Finde Gladrif, besiege die Monster und stelle wieder Frieden in diesem Land her!
Kamen Rider Black - Taiketsu Shadow Moon (Japan)	Das Spiel basiert auf der Fernsehserie Kamen Rider Black, dem achten Teil der Superheldenserie Kamen Rider. Im Spiel übernehmen die Spieler die Kontrolle über Kamen Rider Black, der zahlreiche Gorgom-Mutanten besiegen muss. Es gibt fünf Level mit jeweils vier Stufen. In den ersten vier Levels müssen die Spieler drei Side-Scrolling-Stufen mit einem Boss am Ende absolvieren. In der vierten Stufe muss der Spieler gegen einen Endgegner des letzten Levels kämpfen, indem er eine vergrößerte Perspektive mit größeren Sprites verwendet. Der Spieler darf im zweiten und vierten Level ein Battle Hopper-Motorrad fahren. Das fünfte Level besteht ausschließlich aus Bosskämpfen, zunächst gegen drei böse Lords und dann gegen Shadow Moon. Wenn der Spieler gegen Shadow Moon verliert, wird das schlechte Ende vor Spielende angezeigt.
Karate Champ (Japan)	Ihre Karate-Meisterschaft steht auf dem Spiel. Können Sie alle Ausfallschritte, Tritte, Drehungen, Überschläge, Fußbewegungen, Rückwärtsschläge und Verteidigungsblöcke meistern, die Sie benötigen, um Ihren Titel zu behalten? Bewegen Sie sich schnell und spielen Sie klug, sonst werden Sie zerquetscht, bevor Sie grunzen können! Treten Sie gegen einen Freund an oder fordern Sie den Computer heraus. Neun verschiedene malerische Schauplätze (plus drei herausfordernde Bonusbildschirme) bilden die Kulisse für Ihre Spiele.
Kattobi! Douji (Japan)	Ein Kartenkampf-Baseballspiel, das auf einem damals beliebten Manga basiert.
Kick and Run (Japan)	Ein Fußballspiel, das auf dem gleichnamigen Arcade-Spiel basiert.
Kick Challenger - Air Foot - Yasai no Kuni no Ashi Senshi (Japan)	Kick Challenger - Air Foot - Yasai no Kuni no Ashi Senshi (wörtlich: Kick Challenger: Air Foot: Vegetable Country Foot Soldier) ist ein Actionspiel, das von Vap für das Famicom Disk System entwickelt und 1987 veröffentlicht wurde. Es ist ein Einzelspielerspiel, in dem der Spieler die Kontrolle über eine Tomate übernimmt, die durch vier Etappen aufwärts marschiert, um ihr Land vor Insekten und anderen Eindringlingen zu retten. Der Spieler steuert die Tomate, indem er seine beiden Füße unabhängig voneinander steuert, einen Fuß nach dem anderen. Er kann mit dem Fuß, der gerade nicht auf dem Boden steht, in acht Richtungen treten. Durch das Treten von Bäumen, Blumen, Pilzen und anderen Hindernissen, die in jeder Phase verstreut sind, werden Power-Ups freigeschaltet. Sie können die Form von Schuhen annehmen, die ihm die Fähigkeit verleihen, sich auf bestimmten Oberflächen zu bewegen, oder von Süßigkeiten, die ihm besondere Fähigkeiten verleihen. Jede Stufe hat eine &quot;Rückseite&quot;, die man erreicht, indem man auf Löcher im Boden tritt, die sich unter getretenen Hindernissen befinden, und die weitere Power-Ups bereithalten.
Kieta Princess (Japan)	Der Spieler übernimmt in diesem Abenteuerspiel im RPG-Stil die Rolle eines Detektivs, der entschlossen ist, das Geheimnis der vermissten Prinzessin Kilala zu lüften. Als Vorbild für eine der Figuren diente Yasuko Tomita. Telefonnummern werden während des Spiels angezeigt. Wenn der Spieler sie angerufen hat, hatte er einen Hinweis von Yasuko Tomita.
Kiki Kaikai - Dotou Hen (Japan)	Das Spiel folgt den Abenteuern von „Sayo-chan“, einem Shinto-Tempelmädchen, das im feudalen Japan lebt. Eines Nachts, während Sayo-chan ein zeremonielles Feuer entzündet, wird sie von den sieben Glücksgöttern besucht, die sie vor großer drohender Gefahr warnen. Plötzlich erscheint eine Gruppe schelmischer Kobolde, entführt die Götter und zieht sich schnell auf einen fernen Berg zurück. Sayo-chan, entschlossen, den Göttern zu helfen, begibt sich auf eine Reise durch die Landschaft, wo sie gegen eine Reihe seltsamer Kreaturen aus der japanischen Mythologie kämpft: Yokai, Obake und Yurei. Nachdem Sayo mehrere Goblin-Anführer besiegt hat, muss er sich ihrem Anführer, der alten Schlange Orochi, stellen.
Kinnikuman - Kinnikusei Oui Soudatsusen (Japan)	Kinnikuman – Kinnikusei Yes Soudatsusen ist ein Wrestling-Spiel, das auf der beliebten Spielzeugreihe und dem Manga basiert und über einen tollpatschigen Superhelden handelt, der die meisten seiner Gegner mit professionellen Wrestling-Moves bekämpft. Kinnikumans erstes Spiel (in den USA als M. U. S. C. L. E. veröffentlicht) war ein reines Wrestling-Spiel, aber diese Fortsetzung verwandelt die Action in ein Side-on-Kampfspiel mit zusätzlichen RPG- und Story-Elementen. Der Hauptcharakter kann immer noch gegen Feinde kämpfen, aber die meisten Angriffe bestehen aus einfachen Schlägen und Tritten. Seltsamerweise ist die Bossmusik eine beschleunigte Version von „In-A-Gadda-Da-Vida“ von Iron Butterfly.
Knight Lore - Majou no Ookami Otoko (Japan)	Der Spieler übernimmt die Rolle von Sabreman und muss Melkhior, den alten Zauberer, und verschiedene Spezialgegenstände für seinen magischen Kessel finden, die in den verschiedenen Räumen des vergänglichen Schlosses, in dem das Spiel stattfindet, verstreut sind. Wenn der Spieler innerhalb von vierzig Tagen erfolgreich alle angeforderten Gegenstände einsammelt, wird Sabreman vom Fluch der Lykanthropie befreit.
Knight Move (Japan)	Das Spiel basiert auf dem Konzept, wie eine Springerfigur im Schachspiel bewegt wird. Der Spieler steuert eine Schachfigur, die ständig springt, und muss sich ständig entscheiden, welche der möglichen legalen Züge er machen will, bevor der Springer wieder auf dem Brett landet. Wenn der Springer auf einem beliebigen Feld auf dem Brett landet, färbt er sich von weiß zu hellgrün. Landet er erneut dort, wird er dunkelgrün. Landet er noch einmal dort, wird das Feld komplett zerstört und es entsteht ein Loch, das der Spieler vermeiden muss. Fällt man in ein Loch, ist das Spiel vorbei. Wenn mehrere Löcher hintereinander entstehen, entsteht eine Kette, die den Punktestand des Spielers in unterschiedlichen Schritten erhöht.
Konamic Ice Hockey (Japan)	Konamic Ice Hockey ist ein Eishockey-Videospiel. Alle Teams sind fiktiv, kommen aber aus echten kanadischen und amerikanischen Städten. Das Spiel ist für seine rasante Action und vor allem für die Kämpfe bekannt. Es ist ein Spiel mit einem oder zwei Spielern. Beim Spielen gegen den Computer stehen drei Schwierigkeitsstufen zur Auswahl: Junior, College und Pro (wobei Pro am schwierigsten und Junior am einfachsten ist). Jedes Team besteht aus drei Angreifern, zwei Verteidigern und einem Torwart.
Konamic Tennis (Japan)	Konamic Tennis führt eine Neuheit in diesem Genre ein: die Aufschlagansicht, die bei jedem Aufschlag eines Spielers als Einschub angezeigt wird. Das Ziel besteht darin, den Ball zum richtigen Zeitpunkt zu schlagen: Zu früh oder zu spät führt dazu, dass der Spieler entweder das Netz trifft, den Ball zu weit wirft oder den Ball einfach verfehlt. In diesem Fall zählt es als Foul und der Spieler hat eine weitere Chance, korrekt aufzuschlagen, andernfalls wird der Punkt dem Gegner gutgeschrieben.
Koneko Monogatari - The Adventures of Chatran (Japan)	Die Geschichte zweier Tiere und ihrer Abenteuer. Chatran, die Katze, und Pocky, der Hund, sind zwei Tiere, die zusammen auf derselben Farm aufgewachsen sind. Eines Tages trennen sich die beiden und begeben sich auf die Suche nach einander. Das abenteuerliche und oft gefährliche Abenteuer führt dazu, dass die beiden Tiere auf der Suche nach einander über Berge, Ebenen und schneebedeckte Länder reisen.
Link no Bouken - The Legend of Zelda 2 (Japan)	Link no Bouken – The Legend of Zelda 2 führt uns zurück in die Fußstapfen des Helden von Hyrule, des großen Link. Begeben Sie sich auf die Suche nach dem Triforce, um Prinzessin Zelda zu wecken, die in einen tiefen Schlaf versunken ist, während Ganons Schergen versuchen, ihren Meister wiederzubeleben. Der Titel bietet eine Weltkarte, eine Seitenansicht, die horizontales Scrollen ermöglicht, und führt Elemente ein, die im Rest der Serie zum Kult werden.
Lutter (Japan) (Disk Writer)	Ein Side-Scrolling-Abenteuerspiel, in dem Sie eine Jungfrau aus dem Kerker einer bösen Macht retten müssen. Du navigierst durch den Dungeon und kannst gegen Monster kämpfen und Schaden von ihnen erleiden, indem du auf sie stößt. Sie werden auch auf Schlüssel stoßen, die Sie für Türen verwenden können.
Madou Senki - Deep Dungeon (Japan)	In der Stadt Dorl wimmelt es von Dämonen, die sich derzeit im Verlies des Schlosses aufhalten, nachdem ein Portal zur Unterwelt geöffnet wurde. Der Kaiser der Unterwelt, Kaiser Ruu, befahl seinen Dämonen, die Stadt zu überfallen, um ihre Schätze zu stehlen, und während dieser Plünderung gelang es den Dämonen auch, Prinzessin Etna die Seele zu nehmen und sie in einem komatösen Zustand zurückzulassen. Viele mutige Abenteurer haben den unterirdischen Kerker betreten, um zu versuchen, ihre Seele von diesem Dämonenkönig zurückzugewinnen, aber noch ist keiner erfolgreich zurückgekehrt. Nun liegt es an dem Spieler, dort erfolgreich zu sein, wo andere gescheitert sind, Kaiser Ruu ein Ende zu bereiten und auch die Seele der Prinzessin Ätna zurückzugewinnen.
Maerchen Veil (Japan)	Vor langer Zeit konnten Menschen aus Ferikusu mit den Göttern und göttlichen Geistern kommunizieren. Der König des Königreichs sucht nun einen jungen Mann, um seine Tochter, die königliche Prinzessin, zu heiraten. Viele Teilnehmer werden ausgewählt und ein Turnier wird organisiert, um über den neuen Prinzen zu entscheiden. Vor dem Ende oder der Zeremonie schickt ein böser Magier den letzten Helden, in den sich die Prinzessin verliebt hat, in eine unbekannte und verlassene Welt. Er merkt auch schnell, dass er unter einen schrecklichen Fluch geraten ist und in eine seltsame Kreatur verwandelt wurde. Der einzige Gegenstand, den er übrig hat, ist ein magisches Armband, das ihm die Prinzessin gegeben hat. Der Spieler übernimmt die Kontrolle über den verlorenen Prinzen und seine Reise führt ihn zurück zu seinem Herkunftsort, konfrontiert den bösen Magier und heiratet die Prinzessin, die er liebt. Jede Phase beginnt mit einer kurzen Animation (&quot;visuelle Phase&quot; genannt), die die Geschichte im Verlauf des Spiels entfaltet. Der Rest des Spiels folgt einer klassischen Action-Formel von oben, bei der der Held mit Hilfe seiner magischen Kräfte alle Arten von Feinden besiegt. Manchmal finden sich besondere Gegenstände unter Baumstämmen oder Felsen.
Magma Project - Hacker (Japan)	Magma Project Hacker ist ein Science-Fiction-Rollenspiel und eine Adaption des PC/Amiga/Atari ST-Strategiespiels Hacker aus dem Jahr 1985. Wie bei der Famicom-Disk-System-Adaption von „Monty on the Run“ wurden bei der Thematik des Spiels viele Freiheiten genommen, wodurch es praktisch zu einem völlig anderen Spiel wurde. Ironischerweise ähnelt die Geschichte mit ihrer Handlung eher einem anderen westlichen PC-Spiel, Captive. Der Spielercharakter wird Zeuge eines Mordes und wird vom sterbenden Opfer aufgefordert, Informationen über eine zwielichtige Organisation namens Magma Project einzuholen. Um effektiv nach Hinweisen zu suchen, aktiviert der Spielercharakter mithilfe eines Geräts einen Roboter auf der anderen Seite des Planeten und nutzt die verschiedenen Kampf- und Erkundungsfunktionen des Roboters, um das Magma-Projekt aufzuspüren.
Mahjong (Japan)	Mahjong ist ein klassisches chinesisches Spiel, das in vielen verschiedenen Variationen erhältlich ist. Da es sich um ein japanisches Spiel handelt, dreht sich Mahjong für das Nintendo Famicom wenig überraschend um die japanische Version des Spiels, die auch als „Reach Mahjong“ bekannt ist. Ursprünglich war es ein Spiel für 4 Spieler, für einige jedoch Nintendo Reason hat daraus ein Zwei-Spieler-Spiel gemacht, als sie es für ihre Konsole veröffentlichten. Dies hat offensichtlich Auswirkungen auf die Regeln.
Mahjong Kazoku (Japan)	Mahjong Kazoku („Mahjong Family“) ist ein Mahjong-Spiel. Dies ist eine separate Version des Spiels, die mehrere verschiedene Punkteregeln beinhaltet.
Matou no Houkai - The Hero of Babel (Japan)	Auf dem Höhepunkt der babylonischen Zivilisation bauten die Menschen den Turmbau zu Babel, um Gott zu erreichen. Gott sieht das und wird wütend über die Hybris der Menschheit. Er lässt Donner auf den Turm herabregnen, um die Menschen zu vertreiben. Um die Menschen vom Turm fernzuhalten, füllt Gott ihn mit riesigen Kreaturen und bösen Geistern. Mehrere tausend Jahre später erlangt der stärkste Teufel Asmodeous die Kontrolle über alle Kreaturen und Geister, die Gott im Turm platziert hat. Er greift die Nachbarstädte an und stiehlt alle ihre goldenen und silbernen Schätze sowie die schönste Jungfrau des Landes. Ihre Erlösungsmission besteht darin, die Jungfrau zu retten und den verfluchten Turm zu zerstören, um der Welt wieder Frieden zu bringen.
Meikyuu Jiin Dababa (Japan)	Das Spiel findet in Indien statt, wo die Lebensgefährtin eines jungen Mannes von einem bösen Zauberer entführt wird. Er muss nun die vier Bereiche des Labyrinth-Tempels von Dababa durchqueren, um sie zu retten. Um diese Aufgabe zu bewältigen, kann sich der Spieler nicht einfach über den Boden bewegen. Vielmehr hüpfen der Spieler und alle Feinde während des gesamten Spiels von einer quadratischen Kachel zur nächsten. In den meisten Abschnitten muss der Spieler die Siegel freilegen, die die Tür zum nächsten Abschnitt öffnen, indem er auf die entsprechenden Kacheln springt, auf denen die Siegel verborgen sind. Nicht jede Tür bringt den Spieler jedoch weiter, da einige Türen Trick-Türen sind, die den Spieler in eine frühere Phase bringen können. In einigen Abschnitten muss der Spieler einfach nur den Ansturm der Feinde überleben, während er in anderen gegen die Zeit ankämpfen muss.
Metroid (Japan) (Rev 3)	Du kämpfst gegen die böse „Mother Brain“. Sie befinden sich im Inneren des Festungsplaneten Zebes. Der Planet ist voller Geheimgänge, in denen sich Metroids vermehren. Allein gelassen ist der Metroid harmlos. Aber in den falschen Händen könnten sie die Galaxie zerstören. Es liegt an Ihnen, Mother Brain, die Zebes kontrolliert, davon abzuhalten, die Metroids für böse Zwecke zu nutzen. Aber es wird nicht einfach sein. Sie müssen Ihren Raumanzug verwenden, um wertvolle Energie für den Einsatz Ihrer Waffen wie Eisstrahl, Wellenstrahl und Sprungstiefel zu absorbieren.
Michael English Daibouken (Japan)	Michael English Daibouken (wörtlich: „Michaels großes englisches Abenteuer“) ist ein Lernspiel, bei dem die Figur Michael, eine orangefarbene Katze, Kätzchen die verschiedenen Buchstaben der englischen Sprache sowie einige englische Vokabeln beibringt. Michael muss fließende Buchstaben erkennen, um englische Wörter zu buchstabieren, und dabei falsche Buchstaben vermeiden. Das Spiel hat verschiedene Hintergründe, darunter auch den Weltraum. Die Figur Michael stammt aus der japanischen Manga-Serie „What's Michael“ von Makoto Kobayashi, die als Analogie zu Garfield angesehen werden könnte, da es sich bei beiden um orangefarbene Katzen handelt. Es reicht von der Beobachtung albernen Verhaltens von Haustieren bis hin zu abstrakteren Fantasiegeschichten mit anthropomorphisierten Versionen der Tierfiguren.
Moero TwinBee - Cinnamon Hakase wo Sukue! (Japan)	Moero TwinBee kann von bis zu drei Spielern gleichzeitig gespielt werden: Die ersten beiden Spieler steuern TwinBee und WinBee mit den Standard-Famicom-Controllern, während der dritte Spieler GwinBee (ein grünes Schiff) steuert, indem er einen zusätzlichen Controller an den Port anschließt. Konsolenerweiterung. Im Gegensatz zum ursprünglichen TwinBee, das nur Levels mit vertikalem Scrollen bietet, fügt dieses Spiel Levels mit seitlichem Scrollen hinzu. Es gibt sieben Level im Spiel. Die Level 1, 3 und 7 sind seitlich scrollende Level, während der Rest vertikal scrollende Level sind.
Monitor Puzzle Kineko, The - Kinetic Connection (Japan)	Ein Puzzlespiel, bei dem der Spieler zehn Bilder zusammensetzen muss. Allerdings ist jedes Stück genau gleich groß und die Bilder auf den Stücken bewegen sich. Anstatt die Form der Kanten zu verwenden, um zu bestimmen, welche Teile nebeneinander passen, sollten Sie eine Animation der Teile verwenden, um deren Anordnung zu bestimmen. Zu Beginn jedes Puzzles sind die Teile ebenfalls zufällig ausgerichtet. Sie müssen sie also richtig ausrichten, um das Puzzle zu vervollständigen. Es gibt 10 verschiedene Animationen und Sie können wählen, ob Sie die Bilder in 16, 24 oder 48 separate Teile aufteilen möchten, bevor Sie versuchen, das Rätsel zu lösen. Je weniger Teile es gibt, desto einfacher ist es natürlich, es zu lösen.
Monitor Puzzle Kineko, The - Kinetic Connection II (Japan) (Disk Writer)	Kinetic Connection Vol. 2 (oder Monitor Puzzle Kineco: Kinetic Connection Vol. 2, um den vollständigen Titel zu geben) ist eine Fortsetzung von Kinetic Connection von Tamtex und enthält mehr animierte Bilder, um zusammengesetzte Puzzle-ähnliche Teile zu erstellen. Wie beim Vorgänger besteht der Trick von Kinetic Connection Vol 2 darin, die beweglichen Teile in jedem der Teile genau zu beobachten, während die Animation ihren Zyklus durchläuft, um Hinweise darauf zu erhalten, wo jedes Teil hingehört.
Monty on the Run - Monty no Doki Doki Dai Dassou (Japan)	In &quot;Monty on the Run : Monty no Doki Doki Dai Dassou&quot; ist Monty ein Mensch, der aus einem Gefängnis geflohen ist. Monty ist immer noch als Sträfling verkleidet und will seine Unschuld beweisen. Es gibt vier Ebenen, die jeweils mehrere versteckte Kacheln enthalten. Diese Kacheln enthalten Teile des Bildes eines Gesichts. Am Ende jedes Levels muss Monty kurz vor dem Ausgang auf eine Plattform springen. Diese Plattform ist ein direkter Hinweis auf die genaue Interpretation der gesammelten Kacheln. Am Ende des Spiels muss der Spieler das Gesicht des echten Verbrechers rekonstruieren und ihn einem Richter vorführen. Wenn der Spieler Erfolg hat, gewinnt er seine Freiheit und gewinnt das Spiel.
Moonball Magic (Japan) (Disk Writer)	Das Spiel beginnt damit, dass der Flipper in der Mitte eines simulierten Flippertisches abgelegt wird. Sobald der Ball jedoch in eines der Löcher auf dem Spielfeld geschossen wird, beginnt das Spiel mit einer aufwändigen Einführungssequenz, die der Spieler steuern kann. Das Spiel besteht aus 11 Stufen, von denen jede ein Zielloch enthält, in das der Spieler den Ball schlagen muss, um zur nächsten Stufe zu gelangen. Die Etappen werden immer aufwändiger und es scheinen immer mehr bewegliche Hindernisse das Verhalten des Balls zu beeinträchtigen. Zusätzlich zur Steuerung der Flossen kann das Steuerkreuz auch dazu verwendet werden, den Ball in beide Richtungen zu „schubsen“, obwohl die Wirksamkeit unterschiedlich ist.
Namida no Soukoban Special (Japan)	Im Jahr 1986 waren viele japanische Spieler mit Soukoban in der einen oder anderen Form seit seinem Erscheinen im Jahr 1982 vertraut. Anstatt eine weitere Version desselben zu veröffentlichen, versuchte ASCII, das Soukoban-Erlebnis mit einer einzigartigen Reihe von Tools zu verbessern, die es den Spielern ermöglichten, in einigen Fällen zu schummeln weit von den Originalregeln entfernt. Objekte wie Magnete und Flaschenzüge geben den Spielern die (begrenzte) Möglichkeit, Kisten zu ziehen, was in den Originalversionen des Spiels nicht möglich war.
Nankin no Adventure (Japan) (Disk Writer)	Nankin no Adventure ist ein Famicom Disk System-Abenteuerspiel von SunSoft, das sich wie jedes andere Famicom-Abenteuerspiel dieser Zeit spielt. Der Spieler wählt Befehle aus einem Menü aus, um mit NPCs zu sprechen und Rätsel zu lösen, die ihm schließlich den Fortschritt ermöglichen. Wie bei vielen dieser Famicom-Textabenteuer gibt es einen linearen kritischen Pfad, dem der Spieler folgen muss, um in neue Gebiete vorzudringen und den nächsten Punkt der Geschichte zu erreichen. Nankin bezieht sich auf einen halb obskuren Manga-Künstler mit demselben Namen, der für einen Großteil des Kunstdesigns des Spiels verantwortlich war. Obwohl das Spiel keine seiner bereits vorhandenen Lizenzen enthält, ist sein unverwechselbarer Kunststil durchgehend präsent. Dieser Ansatz könnte mit Akira Toriyamas künstlerischer Auseinandersetzung mit den Spielen Dragon Quest und Chrono gleichgesetzt werden
Nazo no Kabe - Block Kuzushi (Japan)	Im Jahr 30XX hatte die Menschheit alle Metallressourcen auf der Erde erschöpft und musste in den Weltraum fliegen, um mehr zu finden. Sie finden einen mineralreichen Planeten, den sie Selim nennen. Doch bald entdecken sie, dass jemand sie ausspioniert. Es sind Außerirdische. Diese Außerirdischen finden einen Fehler im Hauptcomputer der Menschen. Der Computer, der so programmiert ist, dass er sich im Falle eines Einbruchs selbst zerstört, beginnt seinen Countdown. Es gibt nur einen Weg, die Selbstzerstörung zu verhindern: Geben Sie einen 14-stelligen Code in die Maschine ein. Aber diese Zahlen sind überall im Komplex versteckt. Ihre Mission ist es, diese Zahlen zu finden und die Selbstzerstörung zu vermeiden.
Nazo no Murasamejou (Japan)	Im feudalen Japan dringt ein böser Außerirdischer in das Schloss Murasame ein und übernimmt eine riesige Statue, die dann ihren Einfluss auf vier benachbarte Schlösser ausübt.Der Samurai-Lehrling Takamaru wird daher gerufen, um die Schlösser zurückzuerobern und es dann mit dem Außerirdischen selbst aufzunehmen. Nazo no Murasamejou ist ein rasantes Actionspiel, das einige Ähnlichkeiten mit The Legend of Zelda aufweist, obwohl es schneller ist und keine RPG/Adventure-Elemente enthält.Es ist auch viel linearer:Du kämpfst dich nacheinander durch die Schlösser, wobei jedes Stadium aus dem Weg zum Schloss und dem Schloss selbst besteht, wo der Endgegner wartet. Sie haben zwei Waffen: (unbegrenzt viele) Shuriken für Fernkampfangriffe und ein Schwert für den Nahkampf. Das Schwert wird automatisch eingesetzt, wenn Sie nahe genug an einen Gegner herankommen, und es kann auch verwendet werden, um gegnerische Shuriken abzuwehren. Da man aber ständig von Ninjas aus allen Richtungen angegriffen wird und außerdem nur eine begrenzte Zeit zur Verfügung hat, um jeden Abschnitt zu beenden, ist das Spiel immer noch ziemlich schwer.
Nazoler Land - Dainigou (Japan)	Nazoler Land Dai 2 Gou war die zweite von drei „Magazine Disks“, die Sunsoft Mitte 1987 für das Famicom Disk System veröffentlichte. Der vollständige Titel der Diskette lautet Nazo no Magazine Disk Nazoler Land Dai 2 Gou, was übersetzt „Puzzle Magazine“ bedeutet Disk Nazoler Land 2. Ausgabe.“ Anstatt nur ein Spiel zu präsentieren, enthält es eine Sammlung von 6 Spielen, die man als „Minispiele“ bezeichnen würde. Der Spieler wählt auf dem Menübildschirm aus, welches Spiel er spielen möchte.
Nazoler Land - Daisangou (Japan)	Nazoler Land Dai 3 Gou war die dritte und letzte „Magazine Disk“, die von Sunsoft für das Famicom Disk System veröffentlicht wurde. Diese letzte Diskette wurde 1988 veröffentlicht. Der vollständige Titel der Diskette lautet Nazo no Magazine Disk Nazoler Land Dai 3 Gou, was übersetzt „Puzzle Magazine Disk Nazoler Land 3rd Issue“ bedeutet. Anstatt nur ein Spiel zu präsentieren, enthält es eine Sammlung von 6 Spielen, die man als „Minispiele“ bezeichnen würde. Der Spieler wählt auf dem Menübildschirm aus, welches Spiel er spielen möchte.
Nazoler Land - Soukangou (Japan)	Eine Zusammenstellung von SunSoft-Minispielen für das Famicom-Festplattensystem. Es ist das erste einer Serie von vier Nazoler-Spielen. Nazoler Land Soukan Gou ist die erste einer Reihe von SunSoft-Minispielsammlungen, die speziell für Nintendos Famicom Disk System-Peripheriegerät entwickelt wurden. Es folgten zwei direkte Fortsetzungen und ein Quiz-basiertes Spin-off. Nazoler Land Soukan Gou (oder Nazoler Land Vol. 1) verfügt über acht Minispiele, die der Spieler aus einem Menü auswählen kann, nachdem er das Spiel geladen und die Disc gewechselt hat.
Nazoler Land Special!! - Quiz Ou wo Sagase (Japan)	Nazoler Land Special!! Quiz Ou wo Sagase (Puzzle Land Special! Suche nach dem Quizkönig) war eine Sonderausgabe der Nazoler Land-Reihe, die Ende 1987 von Sunsoft für das Family Computer Disk System veröffentlicht wurde. Im Gegensatz zu den anderen Nazoler Land-Disketten ist dies bei dieser nicht der Fall enthalten eine Reihe verschiedener Minispiele, sondern ein einzelnes Spiel, das sich auf ein Quiz konzentriert. Der Spieler muss verschiedene Orte in ganz Japan besuchen, um gegen verschiedene Quizmeister zu „kämpfen“ und alle acht zu besiegen, um den Titel des Quizkönigs zu erringen. Das Spiel wurde nur in Japan veröffentlicht und nie aus dem Japanischen übersetzt. Daher ist zum Spielen dieses Spiels ein hohes Maß an Japanischkenntnissen erforderlich.
Neunzehn - 19 (Japan)	Das Spiel besteht im Wesentlichen aus einem Strategiebildschirm, in dem Sie Ihre untergeordneten Truppen über die Insel bewegen, die die Bühne darstellt, und einem Kampfmodus, in dem Sie Schlachten austragen, wenn Truppen auf dem Strategiebildschirm miteinander in Kontakt kommen. Das Element der Suche nach dem „allmächtigen Stein“ in der Geschichte existiert im Spiel eigentlich nicht. Es ist ein Spiel, das nur aus rein taktischen und strategischen Elementen besteht, mit dem Ziel, letztendlich alle drei Fraktionen außer der eigenen zu besiegen. Dieses Werk verfügt über ein einzigartiges Betriebssystem und die Bewegungsmethode ist funkgesteuert, ähnlich wie „Bangering Bay“ (1984).
Omoikkiri Tanteidan HaadoGumi - Matenrou no Chousenjou (Japan)	Basierend auf einer japanischen Fernsehserie, die 1987 ausgestrahlt wurde. Darin geht es um eine Gruppe von fünf jungen Detektiven auf der Mission, verschiedene Gegenstände wiederzubeschaffen, die von einem mysteriösen Dieb mit einer goldenen Maske gestohlen wurden. Zur Gruppe gehören der Anführer Hiroshi, die süße Aikido Yasuko, das einzige Mädchen in der Gruppe, Susumu, Satoru und Takeo. Der mysteriöse Dieb nutzt viele raffinierte Tricks, um seinen Verfolgern zu entkommen, etwa einen riesigen Luftballon.
Othello (Japan) (DV 3, 5) (Disk Writer)	Othello ist eine Umsetzung des Brettspiels. Jeder Spieler versucht, das Spielbrett mit möglichst vielen Spielsteinen seiner Farbe zu füllen. In jeder Runde legt der Spieler eine Scheibe auf das Spielfeld, indem er eine Stelle auswählt, an der die Scheiben des Gegners zwischen zwei seiner Scheiben eingeklemmt werden. Die gefangenen Scheiben werden in die Farbe des Spielers umgedreht. Das Spiel endet, wenn das Spielbrett gefüllt ist oder die Zeit abgelaufen ist, und der Spieler mit der größten Anzahl seiner Farbscheiben auf dem Spielbrett gewinnt. Es können zwei Spieler gegeneinander oder ein Spieler gegen den Computer spielen.
Otocky (Japan)	Otocky kann als musikalisches Side-Scrolling-Shoot 'em Up beschrieben werden. Das Raumschiff des Spielers hat eine Kugel als Waffe, die in acht Richtungen abgefeuert werden kann; jede Richtung entspricht einer anderen Musiknote. Die Note erklingt, wenn der Spieler die Feuertaste drückt, und wird auch im Takt quantisiert, so dass sie mit dem im Hintergrund spielenden Beat übereinstimmt. Durch den gezielten Einsatz der Waffe kann der Spieler während des Spiels Musik improvisieren. Otocky ist eines der ersten Spiele mit kreativer/prozeduraler generativer Musik.
Pac-Man (Japan) (Disk Writer)	Der Spieler kontrolliert Pac-Man durch ein Labyrinth und isst Pac-Dots. Wenn alle Pac-Dots gegessen sind, wird Pac-Man zur nächsten Stufe gebracht. . Vier Feinde (Blinky, Pinky, Inky und Clyde) durchstreifen das Labyrinth und versuchen, Pac-Man zu fangen. Wenn ein Feind Pac-Man berührt, verliert er ein Leben. Wenn alle Leben verloren sind, endet das Spiel.
Pachicom (Japan) (Disk Writer)	Pachicom ist eine Pachinko-Spielsimulation. Pachinko kann als ein Spiel beschrieben werden, das eine Mischung aus Flipper und Spielautomat ist. Dieses Spiel wird in zwei verschiedenen Spielmodi gespielt. Spiel A lässt den Spieler spielen, bis er eine Punktzahl von mindestens 3000 erreicht hat. Das Ziel ist es, diese Punktzahl so schnell wie möglich zu erreichen. Allerdings kann das Spiel auch vorzeitig enden, wenn keine Kugeln mehr zu schießen sind. Bei Spiel B versucht der Spieler, eine möglichst hohe Punktzahl zu erreichen, allerdings mit einem zusätzlichen Zeitlimit. Das Spiel enthält über 200 verschiedene Spielfeldlayouts, aus denen man wählen kann. Wenn man im Hauptmenü Spiel A oder B auswählt, wird dem Spieler zufällig ein Spielbrett zugewiesen, und wenn man A oder B auswählt, kann der Spieler das Spielbrett seiner Wahl auswählen.
Pachinko Grand Prix (Japan)	Pachinko GP (oder Pachinko Grand Prix) ist ein Pachinko-Simulator von Data East für das Famicom Disk System. Das Ziel besteht darin, Pachinko in verschiedenen Maschinen zu spielen, die in Pachinko-Salons in ganz Japan zu finden sind, und zu versuchen, ein Pachinko-Ballziel zu erreichen (die Gesamtzahl steigt jedes Mal, wenn der Spieler einen Ball erfolgreich in eine Punktezone schießt), bevor ein Zeitlimit abläuft, bevor er sich bewegen kann auf die nächste Maschine.
Patlabor - The Mobile Police - Daini Shoutai Shutsudou seyo! (Japan) (Disk Writer)	In der Zukunft werden durch die rasant fortschreitende Technologie riesige Roboter entstehen, die als „Labs“ bekannt sind und nach ihrer Nützlichkeit in der Schwerindustrie benannt sind. Allerdings führt dies auch zu „Verbrechen am Arbeitsplatz“, was die Notwendigkeit einer neuen Abteilung der Strafverfolgung mit sich bringt, die speziell für die Polizeiarbeit ausgestattet ist. Als Izumi Noa, eine Polizistin, die neue Rekrutin der Special Vecicals Devision 2 wird, werden sie und ihr Anführer, die „Labor Patrolmen“, Alphonse, in eine Reihe von Abenteuern hineingezogen, in denen verrückte Bauarbeiter, Ökoterroristen und Seeungeheuer die Hauptrolle spielen.
Pinball (Japan) (Disk Writer)	Pinball ist ein Spiel, bei dem der Spieler die Paddel eines virtuellen Flipperautomaten steuert. Das Spiel verfügt über zwei Bildschirme zur Darstellung des traditionellen Flippertisches und einen für einen Bonusmodus. Das Spiel beginnt, wenn der Spieler eine Kugel mit dem Kolben vom ersten Bildschirm – dem unteren Rand des Flippertisches – durch den oberen Bildschirmrand zum zweiten Bildschirm wirft. Das Spiel wechselt zum ersten Bildschirm, wenn der Ball durch den unteren Rand des oberen Bildschirms fällt, und kehrt zum oberen Bildschirm zurück, wenn der Ball durch das Feld am oberen Rand des ersten Bildschirms zurückgeschlagen wird. Der Spieler steuert die Flipper auf beiden Bildschirmen, um den Ball abzulenken und zu verhindern, dass er vom unteren Rand des unteren Bildschirms fällt.
Pro Golfer Saru - Kage no Tournament (Japan)	Ein Golfspiel mit Fantasy-Elementen. Das Spiel basiert auf einem Manga namens Pro Golfer Saru von Fujiko Fujio über einen jungen Höhlenmenschen, der der größte Golfer der Geschichte werden möchte. Um dieses Ziel zu erreichen, trainiert er an einsamen Orten, beispielsweise über riesigen Abgründen, mit dem Ziel, den Ball mehrere hundert Meter entfernt auf dem Grün zu sehen. Das Spiel besteht aus einem Trainingsmodus sowie einem Turniermodus.
Pro Wres (Japan) (En)	Der Spieler wählt einen Wrestler mit einzigartigen Fähigkeiten und drückt verschiedene Tastenkombinationen, um verschiedene Wrestling-Moves auszuführen. Es ist möglich, den Ring zu verlassen; Allerdings muss ein Spieler, der dies tut, den Ring erneut betreten, bevor der Schiedsrichter 20 zählt. Geschieht dies nicht, führt dies zu einer Niederlage (durch Auszählen) oder einem Unentschieden, wenn beide Ringer es nicht schaffen, rechtzeitig wieder einzusteigen. (Hinweis: Die Zählung des Schiedsrichters wird erst unterbrochen, wenn beide Ringer den Ring wieder betreten haben. Das heißt, solange sich mindestens ein Ringer außerhalb des Rings befindet, wird die Zählung des Schiedsrichters fortgesetzt. Darüber hinaus ist es möglich, dass ein Ringer gezählt wird aus, während er eine „Plancha“ ausführt, wenn er bis 20 die Ringseile überquert hat.
Professional Mahjong Gokuu (Japan)	Professional Mahjong Gokuu ist das dritte Spiel für Famicom, das auf Mahjong basiert, dem in China und Japan beliebten kompetitiven Legespiel. Es handelt sich um eine Vier-Personen-Version des Spiels, die im Allgemeinen der Art entspricht, wie das Spiel im wirklichen Leben gespielt wird, obwohl sie in Simulationen dieser Zeit aufgrund der zusätzlichen Rechenleistung, die für drei KI-Gegner benötigt wird, ungewöhnlich ist. Da es sich um ein „professionelles“ Mahjong-Spiel handelt, besteht die Möglichkeit, einen Modus zu spielen, bei dem der Spieler vorher auf Ergebnisse wetten kann. Die Höhe des gewonnenen oder verlorenen Geldes hängt in der Regel von der Qualität der gewinnenden Hand ab, gelegentlich kann der Spieler jedoch auch Wetten abschließen, um seinen Gewinn zu erhöhen, falls er gewinnt
Pulsar no Hikari - Space Wars Simulation (Japan)	In Pulsar no Hikari - Space Wars steuert der Spieler ein Raumschiff, das die Galaxie erkundet und gegen feindliche Schiffe kämpft. Der Spieler muss die verschiedenen Elemente , wie Energie und Ziel, im Auge behalten und in einem Gebiet mit Pulsaren oder schwarzen Löchern sicherstellen, dass er nicht aus der Galaxie gestrichen wird.
Putt Putt Golf (Japan)	Putt Putt Golf von Pack-In-Video ist eines der wenigen Golfspielen, das den Spieler durch eine abstrakte Welt führt. Das Ziel jeder Etappe besteht darin, das Loch auf dem Grün zu erreichen und den Ball mit so wenigen Schlägen wie möglich einzuschlagen. Allerdings ist jeder Platz mit verschiedenen Hindernissen übersät – einige animiert, andere stationär. Der Spieler muss um sie herum navigieren (oder sie in manchen Fällen zu seinem Vorteil nutzen), um die beste Punktzahl zu erzielen.
Puzzle Boys (Japan) (Disk Writer)	Ein Puzzlespiel, in dem Sie einen Kartoffelcharakter steuern und durch Labyrinthe navigieren müssen, indem Sie Blöcke schieben und Rätsel lösen, um seine Gemüsefreunde in einem tiefen Labyrinth zu retten.
Radical Bomber!! Jirai-kun (Japan) (Disk Writer)	Radikaler Bomber!! Jirai-kun FDS ist ein Strategiespiel, das 1988 von Jaleco für das Famicom Disk System entwickelt und veröffentlicht wurde. Die Umgebung des Spiels ähnelt einem riesigen Brettspiel, bei dem sich jeder Spieler von einem Feld zum anderen bewegt. Das Ziel von Radical Bomber besteht darin, einen Aktionsplan sorgfältig auszudenken und einen Weg zu finden, die Gegner in eine Falle zu locken, indem Verbindungen zwischen den einzelnen „Quadraten“ auf der Karte entfernt werden. Wenn ein Gegner erfolgreich vom Rest des Spielbretts isoliert wird, verliert er das Spiel. Wenn es dir gelingt, jeden Gegner zu isolieren, wird Jirai-kun das nächste Level erreichen. Dieses Spiel wurde nur in Japan veröffentlicht und nie aus der japanischen Originalsprache übersetzt.
Reflect World (Japan)	Reflect World ist ein fahrzeugbasiertes Top-Down-Shooter-Spiel mit vielen RPG- und Simulationselementen. Der Spieler steuert einen großen, beeindruckenden Panzer, der sich seinen Weg durch ein Ödland bahnt, Feinde vernichtet und an seinen vielen Modi und Funktionen herumbastelt. Das Spiel ist äußerst schwer zu verstehen, es sei denn, der Spieler verfügt über Kenntnisse der japanischen Sprache (das Spiel wurde nie außerhalb Japans veröffentlicht), der Bedienungsanleitung oder vorzugsweise über beides.
Relics - Ankoku Yousai (Japan)	In der Geschichte der Erde haben die Kräfte der Finsternis (Hölle) gegen die Kräfte des Lichts (Himmel) gekämpft und diesen Kampf um unseren Planeten gewonnen. Die Kräfte der Hölle versklavten die Menschen schnell und die Erde wurde in Dunkelheit und Verzweiflung gestürzt. Irgendwo auf dem Planeten wurde eine Festung errichtet, um die Kraft der Sonne zu nutzen und die Kräfte der Hölle zu besiegen, doch sie verfiel, nachdem sie jahrhundertelang in Vergessenheit geraten war. Prinzessin Himmelsglanz wurde gefangen genommen und im obersten Stockwerk dieser Festung eingesperrt. Auch im Inneren sind die Geister der heiligen Krieger eingeschlossen, die die Macht haben, die Mächte der Hölle zu besiegen. Die einzige Hoffnung der Erde sind Sie !
Replicart (Japan)	Es ist das 22. Jahrhundert. Die Erde wird von Außerirdischen überfallen, die von einer gigantischen Roboterschlange angeführt werden. Um den Angriff abzuwehren, konstruieren die Wissenschaftler der Erde die Replicart-Maschine, eine tödliche Roboterschlange. Der Spieler schlüpft in die Rolle des Piloten der Replicart. Replicart ist eine reine Einzelspielervariante des Snake-Spiels. In jeder der 300 Etappen müssen Sie eine bestimmte Menge einer Substanz namens &quot;Biteslime&quot; sammeln. Sobald Sie Ihre Quote erfüllt haben, können Sie die nächste Stufe durch einen Ausgang betreten, der sich auf der linken Seite des Bildschirms öffnet. Durch das Sammeln von Bisskalk wird Ihre Schlange immer länger. Wenn der Kopf Ihrer Schlange gegen eine Wand, einen Gegner oder einen Teil ihres Körpers stößt, verlieren Sie ein Leben. Replicart erweitert die Grundformel des Snake-Spiels um Power-Ups wie den Zeitstopp, der Feinde einfriert, die Geschwindigkeit erhöht/verringert oder den Level Warp.
Risa no Yousei Densetsu (Japan)	Risa no Yousei Densetsu (Risas Feenlegende) ist ein Text-Abenteuerspiel, das von Konami entwickelt und 1988 für das Famicom Disk System veröffentlicht wurde. Im Spiel steuerst du einen Protagonisten, den du benennst, aber das Spiel spielt auch Risa Tachibana mit, eine beliebte Figur Japanischer Sänger zur Zeit der Veröffentlichung des Spiels. Ihr Ziel ist es, zusammen mit Risa eine Hexe der Dunkelheit zu besiegen, indem Sie mehrere Schlüsselgegenstände beschaffen. Sechs von Risas Liedern sind in das Abenteuer eingeflochten, und die Texte können Hinweise auf die richtige Lösung des in vier Kapitel unterteilten Spiels geben. Manchmal erschien eine Telefonnummer auf dem Bildschirm, und für eine begrenzte Zeit wurde ein Telefondienst eingerichtet, damit Spieler die Nummern anrufen konnten, um weitere Hinweise zu erhalten. Manchmal ist die Verwendung des Mikrofons am zweiten Famicom-Controller erforderlich, um im Spiel voranzukommen.
Roger Rabbit (Japan)	Hilf Roger Rabbit, in verschiedenen Levels Herzen zu sammeln und Jessica Rabbit zu retten, während du den heimtückischen Wieseln aus dem Weg gehst! Dies wurde schließlich in den USA als Bugs Bunny's Crazy Castle veröffentlicht und verwandelte die Herzen in Karotten und die Wiesel in verschiedene Charaktere aus Looney Tunes. Dies war darauf zurückzuführen, dass Kemco die Rechte an Roger Rabbit in den USA verlor. Obwohl Roger Rabbit im Side-Scroller-Format präsentiert wurde, unterschied es sich von Standard-Side-Scrollern wie Super Mario Bros. dadurch, dass Roger Rabbit keine Sprungfunktion hatte; Daher konnte Roger seinen Feinden nur dadurch ausweichen, dass er unterschiedliche Routen einschlug. In einigen Levels gab es Boxhandschuhe, Unbesiegbarkeitstränke, Tresore, Kisten, Blumentöpfe oder 10-Pfund-Gewichte, die gegen die Feinde im Spiel eingesetzt werden konnten. Dadurch hatte das Spiel eine „Rätsellösungs“-Atmosphäre.
Samurai Sword (Japan)	Amurai Sword ist ein Abenteuerspiel, das Ende 1988 von Capcom für das Famicom Disk System in Japan entwickelt und veröffentlicht wurde. Der Spieler ist ein namenloser Held, der prompt vom Antagonisten des Spiels, Soron, besiegt und vor seinem Tod in Ordnung gebracht wird einen Weg zu finden, Sorons beträchtlicher magischer Macht entgegenzuwirken. Während das Spiel auf den ersten Blick einem Rollenspiel ähneln mag, handelt es sich tatsächlich um ein traditionelles Famicom-Abenteuerspiel, ähnlich wie Portopia Renzoku Satsujin Jiken oder Princess Tomato in the Salad Kingdom. Der Spieler kann aus einer Reihe von Befehlen auswählen, denen der Held folgen soll, z. B. sich umschauen, mit NPCs sprechen, Gegenstände aufheben und so weiter. Es gibt zwar Schlachten, diese können jedoch nur gelöst werden, indem der richtige Befehl (häufig der richtige Zauberspruch) gefunden wird und nicht die Standard-RPG-Methode des Schlagabtauschs, die durch verschiedene Statistiken bestimmt wird.
Santa Claus no Takarabako (Japan)	Santa Claus no Takarabako (Schatztruhe des Weihnachtsmanns) ist ein Partyspiel zum Thema Weihnachten. Es gibt zwei Spielmodi: das Erstellen einer Weihnachtskarte oder das Spielen einiger Partyspiele mit Freunden. Sie können zwar alleine damit spielen, es wurde jedoch nicht speziell dafür entwickelt. Die vier Spiele sind Poker Dice, Roulette, Slot Machine und Bingo.
SD Gundam World - Gachapon Senshi - Scramble Wars (Japan) (Disk Writer)	Zwei Teams, die Blaue Armee und die Rote Armee, treten auf gekachelten Karten gegeneinander an und versuchen, die anderen im Kampf zu besiegen. Jedes Team beginnt auf einem bestimmten Teil der Karte, normalerweise, aber nicht immer, auf gegenüberliegenden Seiten. Überall auf der Karte befinden sich Städte, die anfangs neutral sind, aber durch Besetzung auf die rote oder blaue Seite umgewandelt werden können. Je mehr Städte ein Team hat, desto mehr Energie wird jedes Team produzieren, um es in den Bau neuerer, mächtigerer Gundams zu stecken. Jedes Team kann pro Runde drei Befehle erteilen, um entweder einen Gundam auf der Karte zu bewegen oder einen neuen Gundam zu bauen. Jeder Robotertyp verfügt über unterschiedliche Bewegungsbereiche und unterschiedliches Gelände beeinflusst, wie weit ein Roboter zurücklegen kann. Um sich gegenseitig zu zerstören, müssen die Spieler die Gundams des gegnerischen Teams angreifen, indem sie einen ihrer eigenen auf ein vom Feind besetztes Feld bewegen. Wenn zwei Gundams am selben Ort ruhen, beginnt ein Kampf.
SD Gundam World - Gachapon Senshi - Scramble Wars - Map Collection (Japan) (Disk Writer)	Zwei Teams, die Blaue Armee und die Rote Armee, treten auf gekachelten Karten gegeneinander an und versuchen, die anderen im Kampf zu besiegen. Jedes Team beginnt auf einem bestimmten Teil der Karte, normalerweise, aber nicht immer, auf gegenüberliegenden Seiten. Überall auf der Karte befinden sich Städte, die anfangs neutral sind, aber durch Besetzung auf die rote oder blaue Seite umgewandelt werden können. Je mehr Städte ein Team hat, desto mehr Energie wird jedes Team produzieren, um es in den Bau neuerer, mächtigerer Gundams zu stecken. Jedes Team kann pro Runde drei Befehle erteilen, um entweder einen Gundam auf der Karte zu bewegen oder einen neuen Gundam zu bauen. Jeder Robotertyp verfügt über unterschiedliche Bewegungsbereiche und unterschiedliches Gelände beeinflusst, wie weit ein Roboter zurücklegen kann. Um sich gegenseitig zu zerstören, müssen die Spieler die Gundams des gegnerischen Teams angreifen, indem sie einen ihrer eigenen auf ein vom Feind besetztes Feld bewegen. Wenn zwei Gundams am selben Ort ruhen, beginnt ein Kampf.
Section-Z (Japan)	Eine feindliche Weltraumfestung des Balangool-Imperiums befindet sich in der Nähe der Erde. Captain Commando muss es infiltrieren und Sektion-Z finden, um das L-Brain zu zerstören, den Computer, der die Festung kontrolliert. Secton-Z ist ein Side-Scrolling-Shooter, bei dem der Spieler ein Weltraumsoldat ist, der auf dem Boden und anderen Strukturen landen kann. Es ist eines der ersten Spiele, das den Spielern die Möglichkeit gibt, nicht nur vorwärts, sondern auch rückwärts zu schießen. Es ist außerdem eines der ersten Spiele, das den Spielern am Ende jedes Levels eine Auswahl an Pfaden bietet. Abhängig vom eingeschlagenen Weg könnten sie spezielle Waffen oder Bomben erhalten. Sie können diese speziellen Waffen aktivieren, indem Sie auf „Auswählen“ drücken. Manchmal blinkt einer der Wege rot statt wie üblich gelb. Dies zeigt an, dass es unpassierbar ist, es sei denn, der Spieler findet und zerstört den Boss, der den Eingang blockiert.
Seiken Psychocalibur - Majuu no Mori Densetsu (Japan)	Vor vielen Jahren gab es ein Land namens Earth Maral. Eines Tages wurde er von den Mächten einer dunklen und zerrissenen Welt überfallen. Die Menschen lebten in Angst und hofften, dass die Legende wahr werden würde ... „Ein Held wird mit einem Schwert in der Hand erscheinen und unserem Land wieder Frieden bringen.“ Niemand wusste, wann dieser Held eintreffen würde ... Seiken Psycho Calibur ist ein Abenteuerspiel. Es ist Teil der Wave Jack-Serie. Seiken Psycho Calibur ist in vielerlei Hinsicht ein Versuch, den Erfolg von The Legend of Zelda zu kopieren. Allerdings schafft er es nicht, dem gerecht zu werden.
Shanghai (Japan) (Proto) (1986-10-16)	Ein inoffiziellen Mahjong-Spiels.
Shanghai II (Japan) (Proto) (Dragon Layout)	Zweiter Teil eines inoffiziellen Mahjong-Spiels.
Silviana - Ai Ippai no Little Angel (Japan)	Sylviana lebte nach dem Tod ihres Vaters relativ friedlich mit ihrer Mutter zusammen. Eines Tages erkrankte ihre Mutter an einer mysteriösen Krankheit. Trotz allem, was Sylviana versuchte, verschlechterte sich der Zustand ihrer Mutter nur noch. Dann hörte sie eines Tages ein Gerücht über einen Dr. Doppler, der ein Medikament entwickeln kann, das jede Krankheit heilt. Sie beschließt, sich auf den Weg zu machen und diesen Dr. Doppler aufzusuchen und ihn davon zu überzeugen, ihr die Medizin zu geben. Sie stellt jedoch bald fest, dass der Arzt ihr nicht helfen kann, da ihm Dämonen seine acht Schätze gestohlen haben. Sylviana schwört, ihm die Schätze im Austausch für die Medizin zurückzugeben.
Smash Ping Pong (Japan)	Smash Ping Pong simuliert das Tischtennis- oder Ping-Pong-Spiel auf deutlich andere Weise als frühere Simulationen dieser Art. Anstatt den Schwerpunkt auf die präzise Kontrolle und Positionierung des Schlägers zu legen, um den Ball zurückzuschlagen, liegt der Schwerpunkt auf dem Timing und der strategischen Kontrolle der Geschwindigkeit und Flugbahn des Balls. Der Spieler sieht auf dem Bildschirm keine andere Darstellung seiner selbst als eine Hand, die ein Paddel hält. Hand und Schläger bewegen sich automatisch nach links und rechts, um sich an die horizontale Position des Balls anzupassen. Die Spieler müssen sich nur um den Zeitpunkt ihres Paddelschwungs und den zu verwendenden Schwungstil kümmern. Spieler können zwischen drei verschiedenen Schwüngen sowie der Wahl zwischen Vorhand und Rückhand wählen.
Soccer (Japan) (En)	Soccer ist ein Actionspiel für zwei Spieler oder einen Spieler gegen den Computer. Sie können das Spiel in einem von fünf Schwierigkeitsgraden spielen, aus mehreren verschiedenen Teams wählen und die Zeitspanne festlegen, die das Spiel dauern soll. Beim Fußball gibt es Einwürfe, Torschüsse, Eckbälle, Strafstöße und eine Draufsicht auf das Spielfeld, die scrollt, um das Geschehen zu verfolgen.
Solomon no Kagi (Japan) (Disk Writer)	Die Hauptfigur namens Dana wird geschickt, um den „Schlüssel Salomos“ zu holen, und die Welt von Dämonen, die versehentlich freigelassen wurden, wieder ans Licht zu bringen. Das Ziel des Spiels besteht darin, durch die 50 Räume von „Constellation Space“ voranzukommen, indem man einen Schlüssel für die Tür erhält, die zum nächsten Raum führt, bevor ein Timer abläuft. Das Spiel enthält Elemente des Plattform-Shooter-Genres. Dana kann rennen, springen, orangefarbene Blöcke neben sich erschaffen oder zerstören sowie Feuerbälle erschaffen, um Dämonen zu vernichten. Die orangefarbenen Blöcke können auch zerstört werden, indem man sie zweimal mit dem Kopf der Figur trifft. Unterwegs kann Dana Gegenstände erwerben, um seine Feuerkraft und Extraleben zu verbessern, sowie Gegenstände, die Bonuspunkte verleihen und versteckte Räume freischalten. Bei bestimmten Gegenständen muss Dana Blöcke herstellen und dann auflösen (manchmal auf eine bestimmte Art und Weise), damit diese erscheinen.
Suishou no Dragon (Japan)	Suishou no Ryuu („Crystal Dragon“) ist ein von SquareSoft entwickeltes Science-Fiction-Text-Abenteuerspiel. Es war das erste Spiel, das von Squares Famicom Disk System-Verlagstochter D.O.G. (Disk Original Group) veröffentlicht wurde.
Super Boy Allan (Japan)	Im Spiel reist Allan Colada in die Ausläufer der Berge, um ein Heilmittel für das Fieber seiner Schwester Leela zu finden. Super Boy Allan ist das zweite Spiel in Sunsofts „Intelligence Game“-Reihe von Lernspielen für das Famicom Disk System und bietet zwei verschiedene Spielmodi. Der erste Spielmodus, der auch das Hauptspiel ist, in dem der Spieler den Kontakt mit Feinden vermeiden muss, um mathematische Probleme zu lösen. RnnDer zweite, viel einfachere Spielmodus ermöglicht es dem Spieler, einen 39-Etappen-Marathon zu absolvieren, indem er einfache Mathematikfragen richtig beantwortet, um so viele Punkte wie möglich zu sammeln.
Super Lode Runner (Japan)	Das Gameplay folgt dem von Space Panic (1980) eingeführten Konzept. Der Spieler verkörpert einen Charakter, der sich in einer zweidimensionalen Umgebung aus Leitern, Querstangen, Mauern und Gehwegen aus Ziegeln und Stein entwickelt. Das Ziel des Spielers besteht darin, die überall verstreuten Barren einzusammeln (auf den Laufstegen, oben auf den Leitern oder in der Luft schwebend) und dabei den Wachen auszuweichen, die versuchen, sie zu fangen. Sobald alle Barren eingesammelt sind, muss er entkommen, indem er den oberen Rand der Szene erreicht (möglicherweise erscheint ihm eine Leiter, die ihm hilft, wenn alle Barren eingesammelt sind), um zum nächsten Tisch zu gelangen.
Super Lode Runner II (Japan) (Disk Writer)	Die zweite Zusammenstellung von Levels aus Irems Lode Runner Arcade-Reihe. Es wurde für das Famicom Disk System entwickelt und nie außerhalb Japans veröffentlicht. Irem hat vier Arcade-Versionen des ursprünglichen Lode Runner erstellt, jede mit einer einzigartigen Reihe von Levels sowie zusätzlichen Funktionen wie einem kooperativen Modus für zwei Spieler. Für die FDS-Home-Versionen hat Irem mehrere Level aus jeder dieser Arcade-Versionen auf einer Diskette zusammengestellt. Super Lode Runner II hat weniger Einzelspieler-Levels als sein Vorgänger, enthält dafür aber mehr Koop-Levels.
Super Mario Bros. (Japan) (En)	Super Mario Bros. ist ein Jump-'n'-Run-Videospiel des japanischen Unternehmens Nintendo. Der Spieler übernimmt die Rolle des Klempners Mario, der Hindernisse überwinden und Gegner bezwingen muss, um Prinzessin Toadstool aus den Fängen von König Koopa zu befreien. Dazu rennt und springt Mario durch die zweidimensional in Seitenansicht dargestellte Spielwelt. Die schwarzmagischen Koopas haben das Pilz-Königreich eingenommen und dessen Bewohner, die Mushroom Retainer, in Blöcke, Steine und Pflanzen verwandelt. Prinzessin Toadstool ist als Monarchin des Reiches als einzige in der Lage, den Zauber umzukehren. Allerdings hat König Koopa sie entführt. Der italienische Klempner Mario erfährt von diesen Geschehnissen. Er bricht zu einem Abenteuer auf, um die Prinzessin aus den Fängen König Koopas zu befreien, damit sie den Zauber umkehren und das Pilzkönigreich retten kann.
Super Mario Bros. 2 (Japan) (En) (DV 2)	Super Mario Bros. 2 ist ein Jump-'n'-Run-Videospiel. Die japanische Firma Nintendo produzierte es unter der Leitung von Kensuke Tanabe für das Nintendo Entertainment System (NES). Das Ziel des Spiels ist, die fiktive Welt Subcon zu retten. Dafür müssen die vier Protagonisten Mario, dessen Bruder Luigi, die Prinzessin und Toad den König Wart besiegen.
Tama & Friends - Sanchoume Daibouken (Japan)	Das Spiel basiert auf einem gleichnamigen Kinder-Manga und Anime, in dem es um die Katzen und Hunde einer Nachbarschaft geht. Choumé bezieht sich auf die Nachbarschaft, in der Tama und ihre Freunde leben, während „Daibouken“ einfach „großes Abenteuer“ bedeutet. Als Spiel ist Tama and Friends sehr einfach und sehr klar für sehr kleine Kinder gedacht. Das Ziel besteht einfach darin, durch eine Vorstadtumgebung zu laufen und dabei Feinden wie Vögeln und zufällig fliegenden Dingen auszuweichen.
Tanigawa Kouji no Shougi Shinan II - Meijin e no Michi (Japan)	Shogi, ein japanisches Brettspiel, das dem Schach ähnelt, ist in Japan ein ebenso beliebtes Brettspiel wie Mahjong. Tanigawa Kouji no Shougi Shinan II – Meijin e no Michi ist das zweite einer Reihe von Shogi-Lehrspielen, die vom damaligen Top-Champion und erfahrenen Shogi-Spieler Tanigawa Kouji veranstaltet werden, um das Spiel des Spielers zu verbessern.
Tanigawa Kouji no Shougi Shinan II - Meijin e no Michi - Shinban Tsumeshougi - Tsugi no Itte (Japan) (Disk Writer)	Shogi, ein japanisches Brettspiel, das dem Schach ähnelt, ist in Japan ein ebenso beliebtes Brettspiel wie Mahjong. Tanigawa Kouji no Shougi Shinan II – Meijin e no Michi ist das zweite einer Reihe von Shogi-Lehrspielen, die vom damaligen Top-Champion und erfahrenen Shogi-Spieler Tanigawa Kouji veranstaltet werden, um das Spiel des Spielers zu verbessern.
Tantei Jinguuji Saburou - Kiken na Futari - Kouhen (Japan)	Das zweite Kapitel der Serie. Detective Hunter und seine Assistentin Yulia wurden eingeladen, Yulias Freundin Sabin bei der Teilnahme an einem Motorradrennen zuzusehen. Es läuft nicht alles so gut, als er im Rennen stürzt, aber als das Rennteam nach ihm sucht, stellt sich heraus, dass sich unter dem Helm Thomas, Sabins Lehrling, befindet. Das Geheimnis verschärft sich, als eine weitere Freundin von Yulia ermordet in einem Hotelzimmer aufgefunden wird.
Tantei Jinguuji Saburou - Kiken na Futari - Zenpen (Japan)	Tantei Jinguuji Saburou – Kiken na Futari – Zenpen (Detektiv Saburou Jinguuji: Gefahr für zwei, Teil 1) ist ein Mystery-Adventure-Spiel, das 1988 von Data East für das Famicom Disk System entwickelt wurde. Es ist das dritte Spiel des langjährigen Tantei Jinguuji Saburou-Serie nach Tantei Jinguuji Saburou: Yokohama-kou Renzoku Satsujin Jiken. Im dritten Krimi besucht der Detektiv auf Einladung einer Freundin von Yulia eine Rennstrecke. Ein Motorradrennfahrer, Sabin Olsen, verunglückt auf der Rennstrecke, doch die Leiche eines anderen Rennfahrers wird an der Unfallstelle geborgen. Zur gleichen Zeit wird Sabin Olsen in einem Hotel gefunden, in dem ein Mann, den er treffen sollte, getötet wurde, was dazu führte, dass Olsen etwas angetan wurde, als er aus dem Hotel floh. Aufgrund von Speicherbeschränkungen hinsichtlich der Größe der Festplatten wurde dieses Spiel in zwei Teile aufgeteilt. Dies ist der erste Teil, während der zweite Teil, Tantei Jinguuji Saburo: Kiken na Futari Kouhen, einige Monate später veröffentlicht wurde.
Tantei Jinguuji Saburou - Shinjuku Chuuou Kouen Satsujin Jiken (Japan)	Tantei Jinguuji Saburou - Shinjuku Chuuou Kouen Satsujin Jiken (&quot;Detektiv Saburo Jinguuji: Mordgeheimnis im Shinjuku Central Park&quot;) ist das erste einer langjährigen Reihe von Krimi-Abenteuerspielen von Data East über den Detektiv Saburo Jinguuji oder Jake Hunter, wie er im Westen genannt wird. Wie bei allen folgenden Spielen besteht das Ziel des Spiels darin, den Täter hinter einem Mord herauszufinden, indem man mit Zeugen und Verdächtigen spricht, Hinweise sammelt und Fakten über den Fall ableitet. Der Spieler kann ein Menü mit Optionen verwenden, mit denen er die Ermittlungen von Detektiv Jinguuji steuern kann, z. B. die Befehle „Sprechen“ und „Schauen“, um ein besseres Gefühl für die Welt des Spiels zu bekommen.
Tarot Uranai (Japan)	Wenig überraschend konzentriert sich das Spiel auf das Tarot-Deck und seine angeblichen hellseherischen Eigenschaften. Das Spiel mischt ein Deck nach dem Zufallsprinzip und platziert es in einer Formation nach Wahl des Spielers: Jede Formation soll einen anderen Aspekt des Lebens des Spielers vorhersagen. Das Spiel enthüllt die vom Spieler gewählten Karten und entschlüsselt die Bedeutung dahinter.
Tennis (Japan)	Das Spiel bietet Einzelspieler- und Zweispielermodi für Einzel- und Doppelspiele mit entweder kompetitivem oder kooperativem Gameplay. Die künstliche Intelligenz eines computerisierten Gegners kann auf einen von fünf Schwierigkeitsgraden eingestellt werden. Mario leitet die Spiele.
Time Twist - Rekishi no Katasumi de... - Kouhen (Japan)	Der Spieler ist ein körperloser Geist, der versucht, seinen Körper zurückzugewinnen, der von einem Dämon gestohlen wurde. Der Dämon richtet im Laufe der Geschichte Chaos und Zerstörung an. Dem Spieler steht die einzigartige Fähigkeit zur Verfügung, verschiedene Tiere zu besitzen. Time Twist wäre das neueste Spiel, das Nintendo für das Famicom Disk System entwickelt hat.
Time Twist - Rekishi no Katasumi de... - Zenpen (Japan)	Time Twist: Rekishi no Katasumi de... ist ein Abenteuerspiel, in dem der Protagonist ein körperloser Geist ist, der versucht, seinen Körper aufzuspüren, der von einem zeitreisenden Dämon übernommen wurde. Der Dämon richtet an verschiedenen Punkten der Geschichte verheerende Schäden an und der Spieler muss als Geist des Jungen versuchen, ihn aufzuhalten. Dem Spieler steht die einzigartige Fähigkeit zur Verfügung, Besitz von verschiedenen Tieren und Menschen zu ergreifen, sowie über die üblichen menügesteuerten Befehle, die in Famicom-Abenteuerspielen üblich sind. Time Twist wurde von Pax Softnica und Nintendo selbst entwickelt. Time Twist wäre auch das allerletzte Spiel, das Nintendo für das Famicom Disk System-Peripheriegerät entwickelt hat, und war auch das letzte verpackte Spiel, das für das Gerät verkauft wurde. Spätere Spiele für Peripheriegeräte wurden vollständig über den Disk Writer-Dienst verkauft.
Titanic Mystery - Ao no Senritsu (Japan)	Titanic Mystery : Ao no Senritsu (Titanic-Mysterium: Blauer Schauer) ist ein Unterwasser-Erkundungsspiel, das von Activision entwickelt und 1987 von Gakken für das Family Computer Disk System veröffentlicht wurde. Es gibt eine weibliche Protagonistin, die der Spieler bei der Suche nach versunkenen Schiffen steuert. Das Spiel ist ein wenig berühmt für seine Anleitung, die eine kurze Geschichte im Manga-Stil enthält. Obwohl die meisten Famicom-Benutzer zu dieser Zeit Kinder waren, zeigt diese Manga-Geschichte die Protagonistin in einer Duschszene. Das Spiel wurde nie außerhalb Japans veröffentlicht und auch nie aus dem Japanischen übersetzt.
Tobidase Daisakusen (Japan) (Famicom 3D System)	Der Kampf Ihres Lebens wird in 3D zum Leben erweckt! Der wildeste Weltraum-Cowboy ist auf der Suche nach Abenteuern. Jetzt hat er es und braucht deine Hilfe. Eine seltsame Welt, die von Grax, dem Alien Serpentbeast, terrorisiert wird, hat dich, Worldrunner, um Hilfe gebeten. Da Sie wissen, dass Sie jedem oder allem davonlaufen, davonlaufen und ihn vertreiben können, treten Sie im Kampf an. Aber das ist kein gewöhnlicher Kampf. Diese Schlachten führen Sie zu acht seltsamen Planeten voller Abgründe, Sternschnuppen und giftiger Außerirdischer, die alle geschworen haben, ihren Schlangenkönig zu verteidigen. Und jede neue Welt wird von einem außerirdischen Schlangenbestie regiert, das gruseliger und mächtiger ist als alles, was Sie bisher gesehen haben. Bist du bereit? Sie warten auf dich!
Tooyama no Kinsan Space Chou - Mr. Gold (Japan)	Tooyama no Kinsan Space Chou – Mr. Gold ist ein grafisches Text-Abenteuerspiel, das von Toei Animation für das Famicom Disk System entwickelt und 1988 in Japan veröffentlicht wurde. Das Spiel basiert auf einer Anime-OVA „Tooyama Sakura Uchuu Chou – Yatsu no Na wa“. Gold“, das wiederum lose auf dem echten Samurai Tooyama Kagemoto basiert. Mr. Gold ist ein Science-Fiction-Abenteuer über einen Helden mit einem Kirschblüten-Tattoo, der Verbrechen im ganzen Kosmos bekämpft. Dieser Charakter-Archetyp wird normalerweise in fiktiven Adaptionen der Tooyama-Kagemoto-Legende beigesteuert, wenn auch selten mit einem Ziggy-Stardust-Science-Fiction-Thema.
Topple Zip (Japan)	Topple Zip ist ein vertikal scrollender Shooter, der auch als Rennspiel bezeichnet wird. Der Spieler steuert ein Flugzeug und fliegt im Wettbewerb gegen mehrere computergesteuerte Flugzeuge. Sie können nicht nur auf Ihre Gegner schießen, sondern auch auf sie rammen (und sie können auf Sie rammen) und ihnen ein Power-Up entziehen, das Sie dann abschießen und einsammeln können. Es gibt acht verschiedene Szenen, von denen jede eine Reihe von Warps enthält, die mit anderen Szenen verknüpft sind. Wie sich die Szenen verbinden, ist bei jedem Durchspielen zufällig. Das Ziel besteht darin, den Schlüssel zu finden, der für den Zugriff auf den Warp erforderlich ist, der zur achten und letzten Szene führt, ihn aus der Szene einzusammeln, in der er versteckt ist, und vor allen anderen Konkurrenten auf die achte Szene zuzugreifen.
Transformers - The Headmasters (Japan)	Sie spielen als einer der Autobot-Schulleiter auf vier Planeten und kämpfen gegen die Decepticons. Im Gegensatz zum Vorgänger Transformers: Convoy no Nazo können Spieler nicht zwischen Roboter- und Fahrzeugmodus wechseln. Stattdessen enthält jedes Level eine anfängliche Fahrzeugmodusstufe, gefolgt von einer Robotermodusstufe. Spieler beginnen nur mit Chromedome. Sie können jederzeit zwischen Autobots wechseln, jedoch nur, wenn dieser Autobot eingesammelt wurde. Die Spieler müssen sie während des Spiels retten, da sie in der Fahrzeugmodus-Phase mit einem Hubschrauber eingeflogen werden oder in einem der Räume der Robotermodus-Phase gefunden werden. Da Headmasters für den FDS entwickelt wurde, enthält es eine Spielspeicherfunktion, die denen in frühen The Legend of Zelda- und Metroid-Spielen ähnelt.
TwinBee (Japan) (En) (Disk Writer)	TwinBee ist ein vertikales Shoot-Em-Up, das stark von Namcos Xevious beeinflusst ist. Das Schiff kann vorwärts schießen und Bomben auf das Gelände abwerfen. Die Hauptmerkmale von TwinBee sind das Setting, in dem die meisten Feinde Früchte sind, und der Zwei-Spieler-Modus. Dieses gemeinsame Merkmal war heute einer der Gründe für seinen großen Erfolg. TWINBEE und Winbee können auch auf verschiedene Arten interagieren: Sie können sich zusammenschließen, um einen mächtigen Feuerball abzufeuern. Anstatt direkt durch feindliche Kugeln getötet zu werden, verlieren Ihre TwinBees Gliedmaßen. Als sie vollständig zerstückelt sind, kommt ein kleiner Krankenwagen und kümmert sich um sie.
Ultraman - Kaijuu Teikoku no Gyakushuu (Japan)	Ultraman: Kaiju Teikoku no Gyakushuest ist ein Plattformspiel. Bei diesem Spiel handelt es sich um ein Rollenspiel, das den „Chibi“- oder superdeformierten Stil für die Charaktere verwendet. Der Spieler steuert Hayate, ein Mitglied der Science Special Search Party, die die Erde vor feindlichen außerirdischen Invasionen schützt. Er muss durch jedes Level laufen und Feinde mit seiner Strahlenkanone besiegen. Außerdem muss er Energie aus den Kugeln sammeln, um eine Anzeige auf dem Bildschirm zu füllen. Wenn die Anzeige voll ist, kann er sich in Ultraman verwandeln. Energiebälle können unter verschiedenen Umständen erscheinen. Du kannst nur 3 Minuten lang Ultraman sein.
Ultraman 2 - Shutsugeki Katokutai (Japan)	Ultraman 2: Shutsugeki Katoku Tai!! (in etwa: Ultraman 2: Einsatztruppe) ist ein Actionspiel. Wie der Titel schon sagt, dreht es sich um die in Japan beliebte Ultraman-Serie. Anstatt Ultraman jedoch in den Mittelpunkt dieses Spiels zu stellen, ist es das Verteidigungsunterstützungsteam, das immer dann in Aktion tritt, wenn Japan von einem riesigen Monster angegriffen wird, das den Großteil der Spielzeit erhält. Das Spiel findet im modernen Japan statt und zeigt einen Großteil der japanischen Metropole aus der Vogelperspektive. Die Spieler müssen ein Team losschicken, um nach einem Würfel zu suchen und ihn zu beschaffen, der es dem Verteidigungsteam ermöglicht, Monstern Schaden zuzufügen, wenn sie auftauchen. Sobald der Würfel gefunden ist, tauchen Monster auf und greifen die Gebäude Japans an. Das Team muss Fahrzeuge einsetzen, um bei der Vernichtung dieser Monster zu helfen, bis sie alle besiegt sind. Wenn ein Monster ein kritisches Gebäude zerstört, ist das Spiel sofort beendet.
Ultraman Club - Chikyuu Dakkan Sakusen (Japan)	Ultraman Club: Chikyuu Dakkan Sakusen (in etwa Erdschutzstrategie) ist ein von Bandai lizenziertes Spiel und das dritte Famicom Disk System-Spiel, das auf der TV-Show Ultraman Tokusatsu/Kaiju basiert. Das Konzept hinter dem „Ultraman Club“ bestand darin, alle verschiedenen Varianten von Ultraman aus seinen vielen Auftritten in den verschiedenen Shows zu vereinen und den Spieler eine Gruppe davon kontrollieren zu lassen. Im Gegensatz zu den beiden Vorgängerspielen, die eher aktionorientiert waren, handelt es sich bei diesem Spiel um ein rundenbasiertes Rollenspiel.
Volleyball (Japan)	Das Spiel ermöglicht es Ihnen, die Anzahl der Spieler pro Team und ihr Land aus den USA, China, Japan, Südkorea, Brasilien, Kuba, Russland und Tunesien auszuwählen. Im Spiel steuert der Spieler das Team mit dem Steuerkreuz und führt mit der b-Taste verschiedene Spielaktionen aus. Die a-Taste wird nicht verwendet. Auf dem Spielfeld gibt es zwei Reihen, 1 und 2. Wenn sich der Ball einer der Reihen nähert, können die Teammitglieder in dieser Reihe vom Spieler kontrolliert werden. Gelingt es Ihnen nicht, den Ball über das Netz zu schlagen, erhält die gegnerische Mannschaft einen Punkt.
Vs. Excitebike (Japan) (En)	Vs. Excitebike ist ein Motorcross-Rennsimulationsspiel, das von Nintendo als Nachfolger von Excitebike für das Famicom Disk System entwickelt wurde. Es wurde auch in den Spielhallen veröffentlicht, aber das Famicom Disk System ist wohl besser mit zusätzlichen Funktionen. Das Spiel verfügt über einige verbesserte Funktionen, einschließlich eines simultanen Zweispielermodus, der dem Originalspiel fehlte, und ein verbessertes Track-Save-System (die Tracks wurden im beschreibbaren Teil der Diskette gespeichert). Die Musik ist völlig anders; keines der Stücke aus dem Originalspiel ist in dieser Version enthalten, und während des Spiels wird eine Hintergrundmusik gespielt. Außerdem gibt es eine neue Bonusrunde, in der man über Lastwagen springen muss.
Wakusei Aton Gaiden (Japan) (National Tax Agency Demo)	Wakusei Aton Gaiden („Planet Aton Side-Story“) ist ein vertikal scrollendes Shoot'em-Up, das von der National Revenue Agency of Japan (Kokuzeichou) entwickelt wurde, um Kindern und älteren Spielern die Themen rund um die Wirtschaft der Japan-Blase beizubringen. einer Science-Fiction-Parabel. Die Geschichte dreht sich um den gleichnamigen Planeten Aton und zwei junge Piloten, die versuchen, ihn vor einer Wirtschaftskrise zu retten, die sich in einer außerirdischen Invasion manifestiert. Das Spiel kann von einem oder zwei Spielern gespielt werden, wobei Spieler eins die Rolle des männlichen Piloten Kanta übernimmt, während der zweite Spieler die Rolle der weiblichen Pilotin Yuki übernimmt.
Wardner no Mori (Japan)	Wardner no Mori (Forest of Warnder) ist ein Plattform-Arcade-Spiel, das von Toaplan entwickelt und 1987 von Taito veröffentlicht wurde. In Amerika wurde das Arcade-Spiel unter dem Titel Pyros veröffentlicht. Der Spieler steuert einen Charakter namens Dover durch verschiedene Waldabschnitte, um seine entführte Freundin vor dem bösen Wardner zu retten. Die einfache Lauf- und Sprungsteuerung wird durch die Möglichkeit, Feuerbälle zu werfen, ergänzt. Während des Spiels können Goldmünzen gesammelt und am Ende jedes Levels in einem Shop gegen zusätzliche Fähigkeiten eingetauscht werden.
Winter Games (Japan)	Winter Games ist ein von Epyx entwickeltes Sportspiel, das auf Sportarten der Olympischen Winterspiele basiert. Eine Fortsetzung der äußerst erfolgreichen Sommerspiele zum Thema Schnee und Eis. Das Spiel wurde als virtueller Multisport-Karneval namens „Epyx Winter Games“ präsentiert (es gab keine offizielle IOC-Lizenzierung), bei dem bis zu zwei Spieler jeweils ein Land auswählten, das sie repräsentieren wollten, und dann abwechselnd an verschiedenen Veranstaltungen teilnahmen, um es auszuprobieren für eine Medaille.
Wrecking Crew (Japan) (Disk Writer)	Der Spieler steuert Mario (oder Luigi im Zwei-Spieler-Modus) und versucht in jedem der 100 Level Objekte mit einem großen Hammer zu zerstören. Mario kann wegen des Gewichts des Hammers nicht springen. Der Spieler kann im Titelbildschirm ein beliebiges Level auswählen. Jedes Level findet auf einem unsichtbaren Gitter statt, jedes Feld kann ein Objekt enthalten. Zu den Objekten gehören Leitern und zerstörbare Wände, Säulen, unzerstörbare Fässer und verschiedene Feinde, denen Mario ausweichen muss.
Xevious (Japan) (Disk Writer)	Xevious erzählt die Geschichte des Kampfes zwischen der Menschheit und dem Biocomputer GAMP, der die außerirdischen Kräfte des Planeten Xevious kontrolliert. Es stellt sich heraus, dass die Xevious-Bewohner ursprünglich von der Erde stammen und GAMP (General Artificial Matrix Producer) das Produkt einer alten Zivilisation ist, die vor hunderttausend Jahren auf der Erde florierte. In diesem goldenen Zeitalter waren die Gamps menschliche Klone, die schwere Arbeit leisteten, bis sie gegen ihre eigenen Schöpfer rebellierten. Um die bevorstehende Eiszeit zu überleben, planten sie, die Erde zu verlassen und auf der Suche nach einer neuen Heimat auszuwandern. Schließlich wählten sie sieben Planeten aus, die wahrscheinlich für menschliches Leben geeignet waren.
Youkai Yashiki (Japan)	In Youkai Yashiki steuerst du einen mit einer Taschenlampe bewaffneten Jungen, der fünf Level erkunden und fünf Talisman finden muss, bevor er einen Levelboss ausfindig macht und Zugang zu ihm erhält. Die Taschenlampe dient als Waffe gegen die Monster, die jede Stufe bewohnen. Ihr Lebenszähler besteht aus einem Satz Batterien. Wenn Ihre Lebensdauer abnimmt, werden die Batterien leer und die Leistung Ihrer Taschenlampe, d. h. die Entfernung, die die Strahlen zurücklegen können, nimmt ab.
Yume Koujou - Doki Doki Panic (Japan) (DV 2)	Yume Koujou Doki Doki Panic (übersetzt: &quot;Dream Factory: Heart-Pounding Panic&quot;) ist ein nur in Japan erhältliches Videospiel, das von Nintendo in Zusammenarbeit mit Fuji Television für das Family Computer Disk System entwickelt wurde, um die Veranstaltung Yume Koujou '87 (übersetzt: Dream Factory '87) zu bewerben. Es wurde später außerhalb Japans in einem veränderten Format unter dem Namen Super Mario Bros. 2 veröffentlicht, da die ursprüngliche japanische Super Mario Bros: The Lost Levels, als zu ähnlich zum Original und zu schwierig für Spieler in Übersee angesehen wurde. Schließlich wurde die abgeänderte Mario-Version von Doki Doki Panic auch in Japan unter dem Titel Super Mario USA veröffentlicht.
Yuu Maze (Japan)	Yuu Maze („Labyrinthspiel“) ist ein Labyrinthspiel, das Namcos Klassiker Pac-Man ähnelt. Das Ziel des Spiels ist es, ein futuristisches Fahrzeug durch ein Labyrinth zu steuern, Punkte zu sammeln und dabei Feinden auszuweichen (oder sie vorübergehend zu eliminieren).
Yuushi no Monshou - Deep Dungeon (Japan)	Im letzten Spiel sind in der Stadt Dorl seltsame Dinge passiert. Es wurde verkündet, dass Ruu auferstanden sei. Die Menschen versammelten sich im Tempel, um zu beten, bis der Schwertkämpfer Ral vom Himmel gerufen wurde, die Burg zu betreten und gegen Ruu zu kämpfen. Wie sein Vorgänger spielt das Spiel in einer 3D-Dungeon-Crawler-Umgebung, nur dass es dieses Mal neben einem Dungeon auch einen Turm zu erobern gibt. Kämpfe finden auch in Echtzeit statt. Wenn Sie also zu lange untätig bleiben, werden Sie schnell angegriffen. Sobald Sie jedoch bestimmte Level erreicht haben, werden Sie nicht mehr zufällig von Feinden angegriffen.
Zanac (AI) (Japan)	In Zanac steuert der Spieler das Raumschiff AFX-6502 Zanac, während es durch verschiedene Planeten, Raumstationen und den Weltraum fliegt und durch eine Armada von Feinden, die die Verteidigung des Hauptgegners des Spiels, des „Systems“, bilden. Der Spieler muss sich durch 12 Level kämpfen und das System und seine Verteidigungsanlagen zerstören. Ziel ist es, Feinde und Projektile abzuschießen und Punkte zu sammeln. Das Spiel endet, wenn alle 3 Leben des Spielers verloren gegangen sind oder nachdem der zwölfte und letzte Bereich abgeschlossen wurde. Allerdings kann der Spieler im Laufe des Spiels durch das Sammeln hoher Punktestände 1-Ups (Extraleben) verdienen. Zanac verfügt über eine Fortsetzungsoption, die es den Spielern ermöglicht, das Spiel in dem Level neu zu starten, in dem sie alle ihre Leben verloren haben.
Zelda no Densetsu - The Hyrule Fantasy (Japan)	In einem Fantasy-Universum namens Hyrule muss Link die acht Fragmente des Triforce der Weisheit zurückgewinnen, um Ganon zu besiegen, Prinzessin Zelda zu befreien und dem Königreich Frieden zu bringen. Während des Spiels bewegt sich Link frei und ohne Hinweis auf einer in der Draufsicht angezeigten Weltkarte, erkundet aber auch mehrere unterirdische Labyrinth-Dungeons. Das Königreich Hyrule wird von vielen Monstern bewohnt, gegen die Link kämpfen muss, und birgt viele Geheimnisse und Rätsel, die es zu lösen gilt. Dadurch kann Link Objekte entdecken, die für seinen Fortschritt in der Quest nützlich sind, oder Waffen, die seine Fähigkeiten verbessern. Das Erkunden und Entdecken von Geheimnissen stellt das Herzstück des Spielerlebnisses dar. Wenn der Spieler das Spiel beendet hat, kann er das Spiel in einem überarbeiteten Abenteuer namens „Second Quest“ mit Dungeons und einer modifizierten Weltkarte sowie härteren Gegnern erneut beginnen .
